cluster,cluster_index,horizon,interval_start_at_inference_time,interval_start_when_prediction_relevant,true_count,prediction,lower,upper
A,0,1,2023-02-17,2023-02-24,3.0,4.969611167907715,0.0,11.934785842895508
A,0,1,2023-02-24,2023-03-03,6.0,4.432326316833496,0.0,11.397500991821289
A,0,1,2023-03-03,2023-03-10,5.0,4.034217357635498,0.0,10.99939250946045
A,0,1,2023-03-10,2023-03-17,3.0,3.243988513946533,0.0,10.209163665771484
A,0,1,2023-03-17,2023-03-24,2.0,2.984042167663574,0.0,9.949216842651367
A,0,1,2023-03-24,2023-03-31,1.0,3.0260024070739746,0.0,9.991177558898926
A,0,1,2023-03-31,2023-04-07,2.0,2.958378791809082,0.0,9.923553466796875
A,0,1,2023-04-07,2023-04-14,3.0,2.864330291748047,0.0,9.829505920410156
A,0,1,2023-04-14,2023-04-21,1.0,2.5794453620910645,0.0,9.544620513916016
A,0,1,2023-04-21,2023-04-28,1.0,2.68533992767334,0.0,9.650514602661133
A,0,1,2023-04-28,2023-05-05,0.0,2.4922752380371094,0.0,9.457450866699219
A,0,1,2023-05-05,2023-05-12,1.0,2.620811939239502,0.0,9.585987091064453
A,0,1,2023-05-12,2023-05-19,2.0,3.237544059753418,0.0,10.202718734741211
A,0,1,2023-05-19,2023-05-26,2.0,4.273217678070068,0.8486485481262207,11.23839282989502
A,0,1,2023-05-26,2023-06-02,2.0,4.6896891593933105,1.265120029449463,11.654864311218262
A,0,1,2023-06-02,2023-06-09,7.0,5.137314796447754,1.7127456665039062,12.102489471435547
A,0,1,2023-06-09,2023-06-16,3.0,6.631412029266357,3.2068428993225098,13.596587181091309
A,0,1,2023-06-16,2023-06-23,12.0,7.211611270904541,3.7870421409606934,14.176786422729492
A,0,1,2023-06-23,2023-06-30,5.0,8.122118949890137,4.697549819946289,15.08729362487793
A,0,1,2023-06-30,2023-07-07,9.0,9.035134315490723,5.403722286224365,16.000308990478516
A,0,1,2023-07-07,2023-07-14,13.0,10.388480186462402,6.757068157196045,17.353654861450195
A,0,1,2023-07-14,2023-07-21,13.0,12.979132652282715,9.347721099853516,19.944307327270508
A,0,1,2023-07-21,2023-07-28,21.0,15.903379440307617,12.271966934204102,22.868555068969727
A,0,1,2023-07-28,2023-08-04,13.0,21.300935745239258,17.669523239135742,28.266111373901367
A,0,1,2023-08-04,2023-08-11,17.0,23.887571334838867,20.25615882873535,30.852746963500977
A,0,1,2023-08-11,2023-08-18,22.0,25.028156280517578,21.396743774414062,31.993331909179688
A,0,1,2023-08-18,2023-08-25,27.0,25.800262451171875,17.499326705932617,32.765438079833984
A,0,1,2023-08-25,2023-09-01,17.0,25.29718017578125,16.996244430541992,32.26235580444336
A,0,1,2023-09-01,2023-09-08,22.0,26.170080184936523,17.869144439697266,33.13525390625
A,0,1,2023-09-08,2023-09-15,16.0,22.263608932495117,13.96267318725586,29.228784561157227
A,0,1,2023-09-15,2023-09-22,16.0,19.22188377380371,10.920948028564453,26.18705940246582
A,0,1,2023-09-22,2023-09-29,12.0,20.443729400634766,12.142793655395508,27.408905029296875
A,0,1,2023-09-29,2023-10-06,26.0,18.752309799194336,10.451374053955078,25.717485427856445
A,0,1,2023-10-06,2023-10-13,14.0,15.39594554901123,7.095009803771973,22.361120223999023
A,0,1,2023-10-13,2023-10-20,17.0,12.386691093444824,3.9429616928100586,19.351865768432617
A,0,1,2023-10-20,2023-10-27,8.0,11.00763988494873,2.563910484313965,18.255329132080078
A,0,1,2023-10-27,2023-11-03,18.0,10.288654327392578,1.8449249267578125,17.536344528198242
A,0,1,2023-11-03,2023-11-10,18.0,8.82629108428955,0.38256168365478516,16.07398223876953
A,0,1,2023-11-10,2023-11-17,15.0,8.398463249206543,0.0,15.646153450012207
A,0,1,2023-11-17,2023-11-24,9.0,7.938283920288086,0.0,15.649629592895508
A,0,1,2023-11-24,2023-12-01,7.0,7.714418411254883,0.0,16.888126373291016
A,0,1,2023-12-01,2023-12-08,6.0,6.695249557495117,0.0,15.868958473205566
A,0,1,2023-12-08,2023-12-15,7.0,6.035885810852051,0.0,15.2095947265625
A,0,1,2023-12-15,2023-12-22,6.0,5.693187713623047,0.0,14.866896629333496
A,0,1,2023-12-22,2023-12-29,8.0,5.3661017417907715,0.0,14.539810180664062
A,0,1,2023-12-29,2024-01-05,12.0,5.698702812194824,0.0,14.872411727905273
A,0,1,2024-01-05,2024-01-12,9.0,5.314168930053711,0.0,14.48787784576416
A,0,1,2024-01-12,2024-01-19,8.0,4.735226631164551,0.0,13.908935546875
A,0,1,2024-01-19,2024-01-26,3.0,4.629257678985596,0.0,13.802967071533203
A,0,1,2024-01-26,2024-02-02,3.0,4.344420433044434,0.0,13.518129348754883
A,0,1,2024-02-02,2024-02-09,3.0,4.116062164306641,0.0,13.28977108001709
A,0,1,2024-02-09,2024-02-16,8.0,3.2551913261413574,0.0,12.428899765014648
A,0,1,2024-02-16,2024-02-23,7.0,2.5679500102996826,0.0,11.741659164428711
A,0,1,2024-02-23,2024-03-01,5.0,2.290546417236328,0.0,11.464255332946777
A,0,1,2024-03-01,2024-03-08,6.0,2.1368188858032227,0.0,11.310527801513672
A,0,1,2024-03-08,2024-03-15,6.0,1.9367843866348267,0.0,11.110493659973145
A,0,1,2024-03-15,2024-03-22,4.0,1.7493230104446411,0.0,10.9230318069458
A,0,1,2024-03-22,2024-03-29,2.0,1.5821740627288818,0.0,10.75588321685791
A,0,1,2024-03-29,2024-04-05,3.0,1.3847384452819824,0.0,10.558446884155273
A,0,1,2024-04-05,2024-04-12,10.0,1.0806063413619995,0.0,10.254315376281738
A,0,1,2024-04-12,2024-04-19,5.0,1.2851678133010864,0.0,10.458876609802246
A,0,1,2024-04-19,2024-04-26,1.0,0.7187677025794983,0.0,9.892477035522461
A,0,1,2024-04-26,2024-05-03,6.0,0.5728210806846619,0.0,9.746529579162598
A,0,1,2024-05-03,2024-05-10,3.0,0.5521810054779053,0.0,9.725890159606934
A,0,1,2024-05-10,2024-05-17,8.0,0.7758586406707764,0.0,9.949567794799805
A,0,1,2024-05-17,2024-05-24,2.0,1.2694892883300781,0.0,10.443198204040527
A,0,1,2024-05-24,2024-05-31,4.0,1.6634669303894043,0.0,10.837175369262695
A,0,1,2024-05-31,2024-06-07,2.0,2.492569923400879,0.0,11.666278839111328
A,0,1,2024-06-07,2024-06-14,2.0,3.3957056999206543,0.0,12.569414138793945
A,0,1,2024-06-14,2024-06-21,4.0,4.858136177062988,0.0,14.031845092773438
A,0,1,2024-06-21,2024-06-28,6.0,6.232102394104004,0.0,15.405811309814453
A,0,1,2024-06-28,2024-07-05,6.0,7.288965225219727,0.0,16.46267318725586
A,0,1,2024-07-05,2024-07-12,5.0,8.860630989074707,0.4169015884399414,18.034339904785156
A,0,1,2024-07-12,2024-07-19,11.0,9.885222434997559,1.441493034362793,19.058931350708008
A,0,1,2024-07-19,2024-07-26,6.0,11.115374565124512,2.671645164489746,20.28908348083496
A,0,1,2024-07-26,2024-08-02,16.0,11.912444114685059,3.468714714050293,21.086153030395508
A,0,1,2024-08-02,2024-08-09,8.0,13.45938777923584,5.015658378601074,22.63309669494629
A,0,1,2024-08-09,2024-08-16,13.0,14.433314323425293,5.989584922790527,23.607023239135742
A,0,1,2024-08-16,2024-08-23,7.0,15.368697166442871,6.9249677658081055,24.54240608215332
A,0,1,2024-08-23,2024-08-30,11.0,16.868040084838867,8.424310684204102,26.041748046875
A,0,1,2024-08-30,2024-09-06,10.0,19.158430099487305,10.714700698852539,28.332138061523438
A,0,1,2024-09-06,2024-09-13,11.0,19.36822509765625,10.924495697021484,28.541934967041016
A,0,1,2024-09-13,2024-09-20,13.0,17.98592185974121,9.542192459106445,27.159629821777344
A,0,1,2024-09-20,2024-09-27,10.0,19.729690551757812,10.571260452270508,28.903400421142578
A,0,1,2024-09-27,2024-10-04,11.0,15.900760650634766,6.742330551147461,25.07447052001953
A,0,1,2024-10-04,2024-10-11,15.0,12.379494667053223,3.221064567565918,21.553203582763672
A,0,1,2024-10-11,2024-10-18,11.0,10.436990737915039,0.7073001861572266,19.610698699951172
A,0,1,2024-10-18,2024-10-25,22.0,11.534029960632324,1.8043394088745117,20.707738876342773
A,0,1,2024-10-25,2024-11-01,32.0,11.71812629699707,1.9884357452392578,20.891834259033203
A,0,1,2024-11-01,2024-11-08,28.0,14.189072608947754,4.459382057189941,23.362781524658203
A,0,1,2024-11-08,2024-11-15,20.0,18.35832405090332,8.628633499145508,28.824295043945312
A,0,1,2024-11-15,2024-11-22,26.0,22.44792366027832,12.718233108520508,42.72979736328125
A,0,1,2024-11-22,2024-11-29,26.0,19.81673812866211,10.087047576904297,40.098609924316406
A,0,1,2024-11-29,2024-12-06,24.0,23.613187789916992,13.88349723815918,43.89506149291992
A,0,1,2024-12-06,2024-12-13,21.0,23.780858993530273,14.051168441772461,44.0627326965332
A,0,1,2024-12-13,2024-12-20,8.0,21.698440551757812,11.96875,41.980316162109375
A,0,1,2024-12-20,2024-12-27,7.0,18.892616271972656,9.162925720214844,39.17449188232422
A,0,1,2024-12-27,2025-01-03,13.0,16.27458381652832,6.544893264770508,36.55645751953125
A,0,1,2025-01-03,2025-01-10,22.0,13.799985885620117,0.10154533386230469,34.08185958862305
A,0,1,2025-01-10,2025-01-17,16.0,11.578224182128906,0.0,31.860097885131836
A,0,1,2025-01-17,2025-01-24,16.0,9.208983421325684,0.0,29.490856170654297
A,0,1,2025-01-24,2025-01-31,16.0,10.012978553771973,0.0,30.29485321044922
A,0,1,2025-01-31,2025-02-07,15.0,10.941643714904785,0.0,31.22351837158203
A,0,1,2025-02-07,2025-02-14,14.0,11.457101821899414,0.0,31.738975524902344
A,0,1,2025-02-14,2025-02-21,19.0,12.025288581848145,0.0,32.30716323852539
A,0,1,2025-02-21,2025-02-28,16.0,12.795063018798828,0.0,33.076934814453125
A,0,1,2025-02-28,2025-03-07,12.0,12.150689125061035,0.0,32.43256378173828
A,0,1,2025-03-07,2025-03-14,17.0,11.101265907287598,0.0,31.383140563964844
A,0,1,2025-03-14,2025-03-21,8.0,10.092233657836914,0.0,30.374107360839844
A,0,1,2025-03-21,2025-03-28,5.0,8.599161148071289,0.0,28.88103485107422
A,0,1,2025-03-28,2025-04-04,12.0,6.878878116607666,0.0,27.160751342773438
A,0,1,2025-04-04,2025-04-11,8.0,6.068657398223877,0.0,26.35053062438965
A,0,1,2025-04-11,2025-04-18,2.0,6.082256317138672,0.0,26.3641300201416
A,0,1,2025-04-18,2025-04-25,9.0,5.57273530960083,0.0,25.8546085357666
A,0,1,2025-04-25,2025-05-02,5.0,4.680730819702148,0.0,24.962604522705078
A,0,1,2025-05-02,2025-05-09,5.0,4.562925338745117,0.0,24.844799041748047
A,0,1,2025-05-09,2025-05-16,6.0,4.524657249450684,0.0,24.806529998779297
A,0,1,2025-05-16,2025-05-23,3.0,4.165774822235107,0.0,24.447649002075195
A,0,1,2025-05-23,2025-05-30,3.0,3.1939425468444824,0.0,23.47581672668457
A,0,1,2025-05-30,2025-06-06,3.0,2.7158710956573486,0.0,22.997745513916016
A,0,1,2025-06-06,2025-06-13,4.0,3.1870157718658447,0.0,23.468889236450195
A,0,1,2025-06-13,2025-06-20,8.0,4.469609260559082,0.0,24.751483917236328
A,0,1,2025-06-20,2025-06-27,6.0,5.292913436889648,0.0,25.574787139892578
A,0,1,2025-06-27,2025-07-04,9.0,7.2840447425842285,0.0,27.56591796875
A,0,1,2025-07-04,2025-07-11,11.0,10.422158241271973,0.0,30.70403289794922
A,0,1,2025-07-11,2025-07-18,9.0,13.717564582824707,0.01912403106689453,33.99943923950195
A,0,1,2025-07-18,2025-07-25,10.0,14.568132400512695,0.8696918487548828,34.850006103515625
A,0,1,2025-07-25,2025-08-01,24.0,12.734356880187988,0.0,33.016231536865234
A,0,1,2025-08-01,2025-08-08,14.0,12.55473804473877,0.0,32.836612701416016
A,0,1,2025-08-08,2025-08-15,20.0,13.083456039428711,0.0,33.36532974243164
A,0,1,2025-08-15,2025-08-22,18.0,14.693541526794434,0.9951009750366211,34.97541427612305
A,0,1,2025-08-22,2025-08-29,10.0,13.587733268737793,0.0,33.869606018066406
A,0,2,2023-02-17,2023-03-03,6.0,4.761565208435059,0.0,12.64868450164795
A,0,2,2023-02-24,2023-03-10,5.0,4.078348636627197,0.0,11.96546745300293
A,0,2,2023-03-03,2023-03-17,3.0,3.620664119720459,0.0,11.507783889770508
A,0,2,2023-03-10,2023-03-24,2.0,2.8501739501953125,0.0,10.737293243408203
A,0,2,2023-03-17,2023-03-31,1.0,2.6212196350097656,0.0,10.508338928222656
A,0,2,2023-03-24,2023-04-07,2.0,2.818791389465332,0.0,10.705910682678223
A,0,2,2023-03-31,2023-04-14,3.0,2.858497142791748,0.0,10.745616912841797
A,0,2,2023-04-07,2023-04-21,1.0,2.789435386657715,0.0,10.676554679870605
A,0,2,2023-04-14,2023-04-28,1.0,2.716846227645874,0.0,10.603965759277344
A,0,2,2023-04-21,2023-05-05,0.0,2.8676276206970215,0.0,10.75474739074707
A,0,2,2023-04-28,2023-05-12,1.0,2.6752521991729736,0.0,10.562371253967285
A,0,2,2023-05-05,2023-05-19,2.0,2.875743865966797,0.0,10.762863159179688
A,0,2,2023-05-12,2023-05-26,2.0,3.633328437805176,0.3934612274169922,11.520447731018066
A,0,2,2023-05-19,2023-06-02,2.0,4.811465263366699,1.5715980529785156,12.69858455657959
A,0,2,2023-05-26,2023-06-09,7.0,5.002969741821289,1.7631025314331055,12.89008903503418
A,0,2,2023-06-02,2023-06-16,3.0,5.425579071044922,2.1857118606567383,13.312698364257812
A,0,2,2023-06-09,2023-06-23,12.0,6.548393249511719,3.308526039123535,14.43551254272461
A,0,2,2023-06-16,2023-06-30,5.0,7.252673149108887,4.012805938720703,15.139792442321777
A,0,2,2023-06-23,2023-07-07,9.0,8.63479232788086,5.394925117492676,16.52191162109375
A,0,2,2023-06-30,2023-07-14,13.0,9.820944786071777,6.581077575683594,17.708065032958984
A,0,2,2023-07-07,2023-07-21,13.0,11.334875106811523,8.09500789642334,19.221994400024414
A,0,2,2023-07-14,2023-07-28,21.0,13.7114839553833,10.471616744995117,21.598602294921875
A,0,2,2023-07-21,2023-08-04,13.0,16.614049911499023,13.37418270111084,24.501169204711914
A,0,2,2023-07-28,2023-08-11,17.0,23.43496322631836,20.19509506225586,31.32208251953125
A,0,2,2023-08-04,2023-08-18,22.0,25.492055892944336,22.25218963623047,33.379173278808594
A,0,2,2023-08-11,2023-08-25,27.0,25.017404556274414,21.777538299560547,32.90452575683594
A,0,2,2023-08-18,2023-09-01,17.0,25.301610946655273,21.68756103515625,32.590126037597656
A,0,2,2023-08-25,2023-09-08,22.0,23.900453567504883,17.465490341186523,31.188968658447266
A,0,2,2023-09-01,2023-09-15,16.0,24.973180770874023,18.538217544555664,32.261695861816406
A,0,2,2023-09-08,2023-09-22,16.0,19.581707000732422,13.146743774414062,26.870223999023438
A,0,2,2023-09-15,2023-09-29,12.0,16.124523162841797,7.822912216186523,23.413040161132812
A,0,2,2023-09-22,2023-10-06,26.0,16.634662628173828,8.333051681518555,23.923179626464844
A,0,2,2023-09-29,2023-10-13,14.0,15.02419376373291,6.051012992858887,22.31270980834961
A,0,2,2023-10-06,2023-10-20,17.0,12.820590019226074,3.847409248352051,20.109106063842773
A,0,2,2023-10-13,2023-10-27,8.0,10.650739669799805,1.6775588989257812,17.939254760742188
A,0,2,2023-10-20,2023-11-03,18.0,9.483786582946777,0.5106058120727539,18.849124908447266
A,0,2,2023-10-27,2023-11-10,18.0,8.927523612976074,0.0,18.292861938476562
A,0,2,2023-11-03,2023-11-17,15.0,8.126687049865723,0.0,17.492023468017578
A,0,2,2023-11-10,2023-11-24,9.0,8.018285751342773,0.0,17.383623123168945
A,0,2,2023-11-17,2023-12-01,7.0,7.527553558349609,0.0,16.89289093017578
A,0,2,2023-11-24,2023-12-08,6.0,7.301118850708008,0.0,16.66645622253418
A,0,2,2023-12-01,2023-12-15,7.0,6.497989654541016,0.0,15.863327026367188
A,0,2,2023-12-08,2023-12-22,6.0,6.003352642059326,0.0,15.368690490722656
A,0,2,2023-12-15,2023-12-29,8.0,5.722071170806885,0.0,15.087408065795898
A,0,2,2023-12-22,2024-01-05,12.0,5.345757484436035,0.0,14.711094856262207
A,0,2,2023-12-29,2024-01-12,9.0,5.896440505981445,0.0,15.261777877807617
A,0,2,2024-01-05,2024-01-19,8.0,5.401313781738281,0.0,14.766651153564453
A,0,2,2024-01-12,2024-01-26,3.0,4.6427106857299805,0.0,14.008048057556152
A,0,2,2024-01-19,2024-02-02,3.0,4.516718864440918,0.0,13.88205623626709
A,0,2,2024-01-26,2024-02-09,3.0,4.058944225311279,0.0,13.42428207397461
A,0,2,2024-02-02,2024-02-16,8.0,3.803396701812744,0.0,13.168733596801758
A,0,2,2024-02-09,2024-02-23,7.0,2.846879482269287,0.0,12.212217330932617
A,0,2,2024-02-16,2024-03-01,5.0,2.2236897945404053,0.0,11.589027404785156
A,0,2,2024-02-23,2024-03-08,6.0,1.9620537757873535,0.0,11.327390670776367
A,0,2,2024-03-01,2024-03-15,6.0,1.9289941787719727,0.0,11.294331550598145
A,0,2,2024-03-08,2024-03-22,4.0,1.7699182033538818,0.0,11.135255813598633
A,0,2,2024-03-15,2024-03-29,2.0,1.6387827396392822,0.0,11.004119873046875
A,0,2,2024-03-22,2024-04-05,3.0,1.530587077140808,0.0,10.89592456817627
A,0,2,2024-03-29,2024-04-12,10.0,1.3718838691711426,0.0,10.737220764160156
A,0,2,2024-04-05,2024-04-19,5.0,1.0862095355987549,0.0,10.451546669006348
A,0,2,2024-04-12,2024-04-26,1.0,1.4334990978240967,0.0,10.798836708068848
A,0,2,2024-04-19,2024-05-03,6.0,0.7732001543045044,0.0,10.138537406921387
A,0,2,2024-04-26,2024-05-10,3.0,0.6931661367416382,0.0,10.058503150939941
A,0,2,2024-05-03,2024-05-17,8.0,0.7335461378097534,0.0,10.098883628845215
A,0,2,2024-05-10,2024-05-24,2.0,1.0180754661560059,0.0,10.383413314819336
A,0,2,2024-05-17,2024-05-31,4.0,1.6101653575897217,0.0,10.975502967834473
A,0,2,2024-05-24,2024-06-07,2.0,1.9247373342514038,0.0,11.290074348449707
A,0,2,2024-05-31,2024-06-14,2.0,2.9513375759124756,0.0,12.316675186157227
A,0,2,2024-06-07,2024-06-21,4.0,3.9336235523223877,0.0,13.29896068572998
A,0,2,2024-06-14,2024-06-28,6.0,5.114747047424316,0.0,14.480084419250488
A,0,2,2024-06-21,2024-07-05,6.0,6.347332954406738,0.0,15.71267032623291
A,0,2,2024-06-28,2024-07-12,5.0,7.399200916290283,0.0,16.764537811279297
A,0,2,2024-07-05,2024-07-19,11.0,9.041129112243652,0.0679483413696289,18.40646743774414
A,0,2,2024-07-12,2024-07-26,6.0,9.979541778564453,1.0063610076904297,19.344879150390625
A,0,2,2024-07-19,2024-08-02,16.0,10.837861061096191,1.864680290222168,20.203197479248047
A,0,2,2024-07-26,2024-08-09,8.0,11.733124732971191,2.759943962097168,21.098461151123047
A,0,2,2024-08-02,2024-08-16,13.0,13.465316772460938,4.492136001586914,22.83065414428711
A,0,2,2024-08-09,2024-08-23,7.0,14.506633758544922,5.533452987670898,23.871971130371094
A,0,2,2024-08-16,2024-08-30,11.0,15.604737281799316,6.631556510925293,24.970073699951172
A,0,2,2024-08-23,2024-09-06,10.0,16.786882400512695,7.813701629638672,26.152219772338867
A,0,2,2024-08-30,2024-09-13,11.0,18.816720962524414,9.84354019165039,28.182058334350586
A,0,2,2024-09-06,2024-09-20,13.0,17.89095687866211,8.917776107788086,27.25629425048828
A,0,2,2024-09-13,2024-09-27,10.0,15.81751537322998,6.844334602355957,25.18285369873047
A,0,2,2024-09-20,2024-10-04,11.0,17.391149520874023,8.41796875,26.756486892700195
A,0,2,2024-09-27,2024-10-11,15.0,14.042427062988281,6.225706100463867,23.407764434814453
A,0,2,2024-10-04,2024-10-18,11.0,11.103300094604492,3.286579132080078,20.468637466430664
A,0,2,2024-10-11,2024-10-25,22.0,9.616009712219238,1.7992887496948242,18.981346130371094
A,0,2,2024-10-18,2024-11-01,32.0,10.436177253723145,2.6194562911987305,19.50865364074707
A,0,2,2024-10-25,2024-11-08,28.0,10.667614936828613,2.850893974304199,19.74009132385254
A,0,2,2024-11-01,2024-11-15,20.0,13.358749389648438,5.542028427124023,22.431224822998047
A,0,2,2024-11-08,2024-11-22,26.0,17.7016658782959,9.884944915771484,30.085655212402344
A,0,2,2024-11-15,2024-11-29,26.0,21.903972625732422,14.087251663208008,43.467796325683594
A,0,2,2024-11-22,2024-12-06,24.0,18.35822105407715,10.541500091552734,39.92204284667969
A,0,2,2024-11-29,2024-12-13,21.0,21.783227920532227,13.966506958007812,43.34705352783203
A,0,2,2024-12-06,2024-12-20,8.0,21.2725887298584,13.455867767333984,42.83641052246094
A,0,2,2024-12-13,2024-12-27,7.0,18.672164916992188,10.855443954467773,40.23598861694336
A,0,2,2024-12-20,2025-01-03,13.0,16.266416549682617,8.449695587158203,37.830238342285156
A,0,2,2024-12-27,2025-01-10,22.0,14.361042976379395,6.5443220138549805,35.92486572265625
A,0,2,2025-01-03,2025-01-17,16.0,12.596708297729492,0.0,34.16053009033203
A,0,2,2025-01-10,2025-01-24,16.0,11.211152076721191,0.0,32.77497482299805
A,0,2,2025-01-17,2025-01-31,16.0,9.41034984588623,0.0,30.97417449951172
A,0,2,2025-01-24,2025-02-07,15.0,10.59289264678955,0.0,32.156715393066406
A,0,2,2025-01-31,2025-02-14,14.0,11.789006233215332,0.0,33.35282897949219
A,0,2,2025-02-07,2025-02-21,19.0,12.410244941711426,0.0,33.97406768798828
A,0,2,2025-02-14,2025-02-28,16.0,12.887690544128418,0.0,34.451515197753906
A,0,2,2025-02-21,2025-03-07,12.0,13.185587882995605,0.0,34.749412536621094
A,0,2,2025-02-28,2025-03-14,17.0,12.756417274475098,0.0,34.32024002075195
A,0,2,2025-03-07,2025-03-21,8.0,11.823020935058594,0.0,33.386844635009766
A,0,2,2025-03-14,2025-03-28,5.0,10.783665657043457,0.0,32.34748840332031
A,0,2,2025-03-21,2025-04-04,12.0,9.2163724899292,0.0,30.780197143554688
A,0,2,2025-03-28,2025-04-11,8.0,7.552256107330322,0.0,29.116079330444336
A,0,2,2025-04-04,2025-04-18,2.0,7.040647506713867,0.0,28.60447120666504
A,0,2,2025-04-11,2025-04-25,9.0,7.468095779418945,0.0,29.031919479370117
A,0,2,2025-04-18,2025-05-02,5.0,6.466874599456787,0.0,28.030698776245117
A,0,2,2025-04-25,2025-05-09,5.0,5.238215446472168,0.0,26.802040100097656
A,0,2,2025-05-02,2025-05-16,6.0,5.133938312530518,0.0,26.69776153564453
A,0,2,2025-05-09,2025-05-23,3.0,5.1512651443481445,0.0,26.715087890625
A,0,2,2025-05-16,2025-05-30,3.0,4.726348876953125,0.0,26.290172576904297
A,0,2,2025-05-23,2025-06-06,3.0,3.3468732833862305,0.0,24.91069793701172
A,0,2,2025-05-30,2025-06-13,4.0,2.8631749153137207,0.0,24.426998138427734
A,0,2,2025-06-06,2025-06-20,8.0,3.4870572090148926,0.0,25.050880432128906
A,0,2,2025-06-13,2025-06-27,6.0,5.118589401245117,0.0,26.68241310119629
A,0,2,2025-06-20,2025-07-04,9.0,6.131798267364502,0.0,27.695621490478516
A,0,2,2025-06-27,2025-07-11,11.0,8.2017183303833,0.0,29.765541076660156
A,0,2,2025-07-04,2025-07-18,9.0,11.529304504394531,0.0,33.0931282043457
A,0,2,2025-07-11,2025-07-25,10.0,15.78803539276123,2.515446662902832,37.35186004638672
A,0,2,2025-07-18,2025-08-01,24.0,17.0080509185791,3.735462188720703,38.571876525878906
A,0,2,2025-07-25,2025-08-08,14.0,13.773301124572754,0.5007123947143555,35.33712387084961
A,0,2,2025-08-01,2025-08-15,20.0,13.05511474609375,0.0,34.61893844604492
A,0,2,2025-08-08,2025-08-22,18.0,12.341927528381348,0.0,33.9057502746582
A,0,2,2025-08-15,2025-08-29,10.0,13.354071617126465,0.0814828872680664,34.91789627075195
A,0,2,2025-08-22,2025-09-05,,12.562552452087402,0.0,34.12637710571289
A,0,4,2023-02-17,2023-03-17,3.0,3.8862953186035156,0.741826057434082,12.381580352783203
A,0,4,2023-02-24,2023-03-24,2.0,3.1522998809814453,0.007830619812011719,11.647584915161133
A,0,4,2023-03-03,2023-03-31,1.0,2.7096614837646484,0.0,11.204946517944336
A,0,4,2023-03-10,2023-04-07,2.0,2.109623908996582,0.0,10.60490894317627
A,0,4,2023-03-17,2023-04-14,3.0,1.9790890216827393,0.0,10.474373817443848
A,0,4,2023-03-24,2023-04-21,1.0,2.4020538330078125,0.0,10.8973388671875
A,0,4,2023-03-31,2023-04-28,1.0,2.6416258811950684,0.0,11.136911392211914
A,0,4,2023-04-07,2023-05-05,0.0,2.6289963722229004,0.0,11.12428092956543
A,0,4,2023-04-14,2023-05-12,1.0,2.992666482925415,0.0,11.487951278686523
A,0,4,2023-04-21,2023-05-19,2.0,3.3604230880737305,0.21595382690429688,11.855708122253418
A,0,4,2023-04-28,2023-05-26,2.0,3.315140724182129,0.1706714630126953,11.810425758361816
A,0,4,2023-05-05,2023-06-02,2.0,3.7568507194519043,0.6123814582824707,12.25213623046875
A,0,4,2023-05-12,2023-06-09,7.0,4.811877727508545,1.6674084663391113,13.30716323852539
A,0,4,2023-05-19,2023-06-16,3.0,6.190973281860352,3.046504020690918,14.686258316040039
A,0,4,2023-05-26,2023-06-23,12.0,6.11523962020874,2.9707703590393066,14.610525131225586
A,0,4,2023-06-02,2023-06-30,5.0,6.565643787384033,3.4211745262145996,15.060928344726562
A,0,4,2023-06-09,2023-07-07,9.0,7.224628448486328,4.0801591873168945,15.719913482666016
A,0,4,2023-06-16,2023-07-14,13.0,8.45555591583252,5.311086654663086,16.95083999633789
A,0,4,2023-06-23,2023-07-21,13.0,11.30930233001709,8.164833068847656,19.804588317871094
A,0,4,2023-06-30,2023-07-28,21.0,13.62939453125,10.438421249389648,22.124679565429688
A,0,4,2023-07-07,2023-08-04,13.0,15.411998748779297,12.221025466918945,23.907283782958984
A,0,4,2023-07-14,2023-08-11,17.0,17.938520431518555,14.747547149658203,26.433805465698242
A,0,4,2023-07-21,2023-08-18,22.0,21.48241424560547,18.291440963745117,29.977699279785156
A,0,4,2023-07-28,2023-08-25,27.0,28.4976749420166,25.30670166015625,36.992958068847656
A,0,4,2023-08-04,2023-09-01,17.0,24.66419792175293,21.473224639892578,33.15948486328125
A,0,4,2023-08-11,2023-09-08,22.0,21.151399612426758,17.960426330566406,29.646684646606445
A,0,4,2023-08-18,2023-09-15,16.0,21.232559204101562,18.04158592224121,28.603164672851562
A,0,4,2023-08-25,2023-09-22,16.0,20.028532028198242,16.83755874633789,27.399137496948242
A,0,4,2023-09-01,2023-09-29,12.0,20.567838668823242,17.37686538696289,27.938444137573242
A,0,4,2023-09-08,2023-10-06,26.0,16.761301040649414,13.570327758789062,24.131906509399414
A,0,4,2023-09-15,2023-10-13,14.0,13.386354446411133,5.722156524658203,20.756959915161133
A,0,4,2023-09-22,2023-10-20,17.0,13.035082817077637,5.370884895324707,20.405689239501953
A,0,4,2023-09-29,2023-10-27,8.0,11.436511993408203,3.7723140716552734,18.807117462158203
A,0,4,2023-10-06,2023-11-03,18.0,10.191760063171387,2.527562141418457,17.562366485595703
A,0,4,2023-10-13,2023-11-10,18.0,8.573461532592773,0.00562286376953125,15.944067001342773
A,0,4,2023-10-20,2023-11-17,15.0,7.518984794616699,0.0,16.75768280029297
A,0,4,2023-10-27,2023-11-24,9.0,7.2417755126953125,0.0,16.4804744720459
A,0,4,2023-11-03,2023-12-01,7.0,7.457055568695068,0.0,16.695755004882812
A,0,4,2023-11-10,2023-12-08,6.0,7.76054048538208,0.0,16.999238967895508
A,0,4,2023-11-17,2023-12-15,7.0,7.300043106079102,0.0,16.538742065429688
A,0,4,2023-11-24,2023-12-22,6.0,7.125703811645508,0.0,16.552242279052734
A,0,4,2023-12-01,2023-12-29,8.0,6.641844272613525,0.0,16.068382263183594
A,0,4,2023-12-08,2024-01-05,12.0,6.34700870513916,0.0,15.773547172546387
A,0,4,2023-12-15,2024-01-12,9.0,6.131391525268555,0.0,15.557929992675781
A,0,4,2023-12-22,2024-01-19,8.0,5.545032024383545,0.0,14.97157096862793
A,0,4,2023-12-29,2024-01-26,3.0,6.174324035644531,0.0,15.600862503051758
A,0,4,2024-01-05,2024-02-02,3.0,5.443142890930176,0.0,14.869681358337402
A,0,4,2024-01-12,2024-02-09,3.0,4.31704044342041,0.0,13.743578910827637
A,0,4,2024-01-19,2024-02-16,8.0,4.12047815322876,0.0,13.547016143798828
A,0,4,2024-01-26,2024-02-23,7.0,3.382129430770874,0.0,12.80866813659668
A,0,4,2024-02-02,2024-03-01,5.0,3.1534583568573,0.0,12.579997062683105
A,0,4,2024-02-09,2024-03-08,6.0,2.190640449523926,0.0,11.617178916931152
A,0,4,2024-02-16,2024-03-15,6.0,1.7540061473846436,0.0,11.18054485321045
A,0,4,2024-02-23,2024-03-22,4.0,1.5755882263183594,0.0,11.002126693725586
A,0,4,2024-03-01,2024-03-29,2.0,1.7183310985565186,0.0,11.144869804382324
A,0,4,2024-03-08,2024-04-05,3.0,1.6321712732315063,0.0,11.058710098266602
A,0,4,2024-03-15,2024-04-12,10.0,1.6224923133850098,0.0,11.049030303955078
A,0,4,2024-03-22,2024-04-19,5.0,1.6371492147445679,0.0,11.063687324523926
A,0,4,2024-03-29,2024-04-26,1.0,1.556519865989685,0.0,10.983057975769043
A,0,4,2024-04-05,2024-05-03,6.0,1.3184599876403809,0.0,10.744998931884766
A,0,4,2024-04-12,2024-05-10,3.0,1.9271752834320068,0.0,11.353713989257812
A,0,4,2024-04-19,2024-05-17,8.0,1.0908677577972412,0.0,10.517406463623047
A,0,4,2024-04-26,2024-05-24,2.0,1.1182535886764526,0.0,10.544792175292969
A,0,4,2024-05-03,2024-05-31,4.0,1.2696939706802368,0.0,10.696232795715332
A,0,4,2024-05-10,2024-06-07,2.0,1.7079405784606934,0.0,11.134479522705078
A,0,4,2024-05-17,2024-06-14,2.0,2.592390775680542,0.0,12.018929481506348
A,0,4,2024-05-24,2024-06-21,4.0,2.821079730987549,0.0,12.247617721557617
A,0,4,2024-05-31,2024-06-28,6.0,4.336402893066406,0.0,13.762941360473633
A,0,4,2024-06-07,2024-07-05,6.0,5.243215084075928,0.0,14.669754028320312
A,0,4,2024-06-14,2024-07-12,5.0,5.852479934692383,0.0,15.27901840209961
A,0,4,2024-06-21,2024-07-19,11.0,7.035933494567871,0.0,16.46247100830078
A,0,4,2024-06-28,2024-07-26,6.0,8.264452934265137,0.0,17.690990447998047
A,0,4,2024-07-05,2024-08-02,16.0,10.142407417297363,1.574568748474121,19.568946838378906
A,0,4,2024-07-12,2024-08-09,8.0,11.040633201599121,2.472794532775879,20.46717071533203
A,0,4,2024-07-19,2024-08-16,13.0,11.83051872253418,3.2626800537109375,21.257057189941406
A,0,4,2024-07-26,2024-08-23,7.0,13.397658348083496,4.829819679260254,22.824195861816406
A,0,4,2024-08-02,2024-08-30,11.0,16.38862419128418,7.8207855224609375,25.815162658691406
A,0,4,2024-08-09,2024-09-06,10.0,17.62248420715332,9.054645538330078,27.049022674560547
A,0,4,2024-08-16,2024-09-13,11.0,19.52188491821289,10.954046249389648,28.948423385620117
A,0,4,2024-08-23,2024-09-20,13.0,19.811899185180664,11.244060516357422,29.23843765258789
A,0,4,2024-08-30,2024-09-27,10.0,20.716747283935547,12.148908615112305,30.143285751342773
A,0,4,2024-09-06,2024-10-04,11.0,17.414751052856445,8.846912384033203,26.841289520263672
A,0,4,2024-09-13,2024-10-11,15.0,14.277798652648926,5.709959983825684,23.70433807373047
A,0,4,2024-09-20,2024-10-18,11.0,15.77033519744873,7.202496528625488,25.19687271118164
A,0,4,2024-09-27,2024-10-25,22.0,12.700572967529297,4.132734298706055,22.127111434936523
A,0,4,2024-10-04,2024-11-01,32.0,9.621147155761719,1.0533084869384766,19.047685623168945
A,0,4,2024-10-11,2024-11-08,28.0,8.7034330368042,0.0,18.12997055053711
A,0,4,2024-10-18,2024-11-15,20.0,9.266226768493652,0.0,18.692764282226562
A,0,4,2024-10-25,2024-11-22,26.0,9.523537635803223,0.0,18.950077056884766
A,0,4,2024-11-01,2024-11-29,26.0,12.71999740600586,2.0032501220703125,22.146535873413086
A,0,4,2024-11-08,2024-12-06,24.0,17.849145889282227,7.13239860534668,27.275684356689453
A,0,4,2024-11-15,2024-12-13,21.0,23.28660011291504,12.569852828979492,45.66545104980469
A,0,4,2024-11-22,2024-12-20,8.0,17.11343765258789,6.396690368652344,39.49229049682617
A,0,4,2024-11-29,2024-12-27,7.0,20.25016212463379,9.533414840698242,42.62901306152344
A,0,4,2024-12-06,2025-01-03,13.0,18.962005615234375,8.245258331298828,41.340858459472656
A,0,4,2024-12-13,2025-01-10,22.0,16.350088119506836,5.633340835571289,38.72894287109375
A,0,4,2024-12-20,2025-01-17,16.0,14.230103492736816,3.5133562088012695,36.60895538330078
A,0,4,2024-12-27,2025-01-24,16.0,12.6699857711792,1.9532384872436523,35.0488395690918
A,0,4,2025-01-03,2025-01-31,16.0,11.539687156677246,0.8229398727416992,33.918540954589844
A,0,4,2025-01-10,2025-02-07,15.0,11.141200065612793,0.0,33.52005386352539
A,0,4,2025-01-17,2025-02-14,14.0,9.942734718322754,0.0,32.32158660888672
A,0,4,2025-01-24,2025-02-21,19.0,11.234307289123535,0.0,33.6131591796875
A,0,4,2025-01-31,2025-02-28,16.0,12.054499626159668,0.0,34.433353424072266
A,0,4,2025-02-07,2025-03-07,12.0,12.279786109924316,0.0,34.65863800048828
A,0,4,2025-02-14,2025-03-14,17.0,12.574860572814941,0.0,34.953712463378906
A,0,4,2025-02-21,2025-03-21,8.0,12.808175086975098,0.0,35.18702697753906
A,0,4,2025-02-28,2025-03-28,5.0,12.882472038269043,0.0,35.26132583618164
A,0,4,2025-03-07,2025-04-04,12.0,12.235472679138184,0.0,34.61432647705078
A,0,4,2025-03-14,2025-04-11,8.0,11.639695167541504,0.0,34.01854705810547
A,0,4,2025-03-21,2025-04-18,2.0,10.61565113067627,0.0,32.994503021240234
A,0,4,2025-03-28,2025-04-25,9.0,9.469677925109863,0.0,31.848529815673828
A,0,4,2025-04-04,2025-05-02,5.0,9.626567840576172,0.0,32.00542068481445
A,0,4,2025-04-11,2025-05-09,5.0,10.935452461242676,0.0,33.31430435180664
A,0,4,2025-04-18,2025-05-16,6.0,9.189777374267578,0.0,31.56863021850586
A,0,4,2025-04-25,2025-05-23,3.0,7.3923139572143555,0.0,29.771167755126953
A,0,4,2025-05-02,2025-05-30,3.0,7.319198131561279,0.0,29.69805145263672
A,0,4,2025-05-09,2025-06-06,3.0,7.535583972930908,0.0,29.91443634033203
A,0,4,2025-05-16,2025-06-13,4.0,7.201369285583496,0.0,29.580223083496094
A,0,4,2025-05-23,2025-06-20,8.0,4.740345001220703,0.0,27.119197845458984
A,0,4,2025-05-30,2025-06-27,6.0,4.074414253234863,0.0,26.453266143798828
A,0,4,2025-06-06,2025-07-04,9.0,5.007221698760986,0.0,27.38607406616211
A,0,4,2025-06-13,2025-07-11,11.0,7.369985103607178,0.0,29.748838424682617
A,0,4,2025-06-20,2025-07-18,9.0,8.411177635192871,0.0,30.79003143310547
A,0,4,2025-06-27,2025-07-25,10.0,9.728188514709473,0.0,32.10704040527344
A,0,4,2025-07-04,2025-08-01,24.0,13.190754890441895,0.0,35.56960678100586
A,0,4,2025-07-11,2025-08-08,14.0,20.621458053588867,7.371295928955078,43.00031280517578
A,0,4,2025-07-18,2025-08-15,20.0,21.828245162963867,8.578083038330078,44.20709991455078
A,0,4,2025-07-25,2025-08-22,18.0,14.544334411621094,1.2941722869873047,36.923187255859375
A,0,4,2025-08-01,2025-08-29,10.0,12.796381950378418,0.0,35.175235748291016
A,0,4,2025-08-08,2025-09-05,,10.318413734436035,0.0,32.697265625
A,0,4,2025-08-15,2025-09-12,,10.972237586975098,0.0,33.35108947753906
A,0,4,2025-08-22,2025-09-19,,10.351856231689453,0.0,32.730709075927734
A,0,8,2023-02-17,2023-04-14,3.0,2.1789870262145996,0.0,10.346412658691406
A,0,8,2023-02-24,2023-04-21,1.0,1.8161139488220215,0.0,9.983539581298828
A,0,8,2023-03-03,2023-04-28,1.0,1.6045451164245605,0.0,9.771970748901367
A,0,8,2023-03-10,2023-05-05,0.0,1.4745970964431763,0.0,9.642022132873535
A,0,8,2023-03-17,2023-05-12,1.0,1.5462195873260498,0.0,9.713644981384277
A,0,8,2023-03-24,2023-05-19,2.0,2.1553170680999756,0.0,10.322742462158203
A,0,8,2023-03-31,2023-05-26,2.0,2.741694211959839,0.0,10.909119606018066
A,0,8,2023-04-07,2023-06-02,2.0,2.895382881164551,0.0,11.0628080368042
A,0,8,2023-04-14,2023-06-09,7.0,4.357098579406738,0.0,12.524523735046387
A,0,8,2023-04-21,2023-06-16,3.0,5.797873497009277,0.0,13.965298652648926
A,0,8,2023-04-28,2023-06-23,12.0,6.694883346557617,0.2074136734008789,14.862308502197266
A,0,8,2023-05-05,2023-06-30,5.0,8.433859825134277,1.946390151977539,16.60128402709961
A,0,8,2023-05-12,2023-07-07,9.0,10.680418968200684,4.192949295043945,18.847843170166016
A,0,8,2023-05-19,2023-07-14,13.0,12.581711769104004,6.094242095947266,20.74913787841797
A,0,8,2023-05-26,2023-07-21,13.0,12.68471622467041,6.197246551513672,20.852142333984375
A,0,8,2023-06-02,2023-07-28,21.0,14.432965278625488,7.94549560546875,22.600391387939453
A,0,8,2023-06-09,2023-08-04,13.0,20.601472854614258,14.11400318145752,28.768898010253906
A,0,8,2023-06-16,2023-08-11,17.0,28.58918571472168,22.101715087890625,36.75661087036133
A,0,8,2023-06-23,2023-08-18,22.0,32.68388366699219,26.196414947509766,40.85131072998047
A,0,8,2023-06-30,2023-08-25,27.0,33.08412551879883,26.596656799316406,41.251548767089844
A,0,8,2023-07-07,2023-09-01,17.0,33.15441131591797,26.666942596435547,41.32183837890625
A,0,8,2023-07-14,2023-09-08,22.0,33.22591018676758,26.738441467285156,41.393333435058594
A,0,8,2023-07-21,2023-09-15,16.0,33.0819206237793,26.594451904296875,41.24934387207031
A,0,8,2023-07-28,2023-09-22,16.0,22.48478126525879,15.99731159210205,30.652206420898438
A,0,8,2023-08-04,2023-09-29,12.0,17.739154815673828,11.25168514251709,25.598817825317383
A,0,8,2023-08-11,2023-10-06,26.0,16.795408248901367,10.307938575744629,24.655071258544922
A,0,8,2023-08-18,2023-10-13,14.0,17.0165958404541,9.415122985839844,24.876258850097656
A,0,8,2023-08-25,2023-10-20,17.0,16.729978561401367,5.1407928466796875,24.589641571044922
A,0,8,2023-09-01,2023-10-27,8.0,16.9361629486084,5.346977233886719,24.795825958251953
A,0,8,2023-09-08,2023-11-03,18.0,13.844223976135254,2.255038261413574,21.703886032104492
A,0,8,2023-09-15,2023-11-10,18.0,9.028462409973145,0.0,16.888124465942383
A,0,8,2023-09-22,2023-11-17,15.0,8.20885944366455,0.0,16.06852149963379
A,0,8,2023-09-29,2023-11-24,9.0,6.814084529876709,0.0,14.673747062683105
A,0,8,2023-10-06,2023-12-01,7.0,6.560235977172852,0.0,14.419898986816406
A,0,8,2023-10-13,2023-12-08,6.0,6.249457359313965,0.0,14.109119415283203
A,0,8,2023-10-20,2023-12-15,7.0,5.795252799987793,0.0,14.999844551086426
A,0,8,2023-10-27,2023-12-22,6.0,6.327525615692139,0.0,15.53211784362793
A,0,8,2023-11-03,2023-12-29,8.0,8.900827407836914,0.0,18.105419158935547
A,0,8,2023-11-10,2024-01-05,12.0,8.450139999389648,0.0,17.65473175048828
A,0,8,2023-11-17,2024-01-12,9.0,7.710873603820801,0.0,16.91546630859375
A,0,8,2023-11-24,2024-01-19,8.0,7.654865264892578,0.0,16.85945701599121
A,0,8,2023-12-01,2024-01-26,3.0,7.7271528244018555,0.0,16.931743621826172
A,0,8,2023-12-08,2024-02-02,3.0,7.533857345581055,0.0,16.738449096679688
A,0,8,2023-12-15,2024-02-09,3.0,7.296181678771973,0.0,16.500774383544922
A,0,8,2023-12-22,2024-02-16,8.0,5.889229774475098,0.0,15.09382152557373
A,0,8,2023-12-29,2024-02-23,7.0,6.067736625671387,0.0,15.27232837677002
A,0,8,2024-01-05,2024-03-01,5.0,4.946685791015625,0.0,14.151277542114258
A,0,8,2024-01-12,2024-03-08,6.0,3.3537020683288574,0.0,12.558294296264648
A,0,8,2024-01-19,2024-03-15,6.0,3.0645298957824707,0.0,12.269121170043945
A,0,8,2024-01-26,2024-03-22,4.0,2.232889175415039,0.0,11.437480926513672
A,0,8,2024-02-02,2024-03-29,2.0,2.237292528152466,0.0,11.44188404083252
A,0,8,2024-02-09,2024-04-05,3.0,1.678483247756958,0.0,10.883074760437012
A,0,8,2024-02-16,2024-04-12,10.0,1.6459814310073853,0.0,10.850573539733887
A,0,8,2024-02-23,2024-04-19,5.0,1.6463745832443237,0.0,10.850966453552246
A,0,8,2024-03-01,2024-04-26,1.0,2.02811861038208,0.0,11.232709884643555
A,0,8,2024-03-08,2024-05-03,6.0,2.060385227203369,0.0,11.264976501464844
A,0,8,2024-03-15,2024-05-10,3.0,2.2735018730163574,0.0,11.478094100952148
A,0,8,2024-03-22,2024-05-17,8.0,2.5299346446990967,0.0,11.734526634216309
A,0,8,2024-03-29,2024-05-24,2.0,2.6048858165740967,0.0,11.809477806091309
A,0,8,2024-04-05,2024-05-31,4.0,2.419793128967285,0.0,11.624384880065918
A,0,8,2024-04-12,2024-06-07,2.0,3.7928521633148193,0.0,12.997444152832031
A,0,8,2024-04-19,2024-06-14,2.0,2.319944143295288,0.0,11.5245361328125
A,0,8,2024-04-26,2024-06-21,4.0,2.5649375915527344,0.0,11.769529342651367
A,0,8,2024-05-03,2024-06-28,6.0,3.0331907272338867,0.0,12.23778247833252
A,0,8,2024-05-10,2024-07-05,6.0,4.324995994567871,0.0,13.529587745666504
A,0,8,2024-05-17,2024-07-12,5.0,6.94672966003418,0.0,16.151321411132812
A,0,8,2024-05-24,2024-07-19,11.0,6.987977504730225,0.0,16.192569732666016
A,0,8,2024-05-31,2024-07-26,6.0,9.829117774963379,0.0,19.033710479736328
A,0,8,2024-06-07,2024-08-02,16.0,9.405789375305176,0.0,18.610382080078125
A,0,8,2024-06-14,2024-08-09,8.0,8.715012550354004,0.0,17.919605255126953
A,0,8,2024-06-21,2024-08-16,13.0,10.384061813354492,0.0,19.588653564453125
A,0,8,2024-06-28,2024-08-23,7.0,13.963780403137207,0.0,23.168373107910156
A,0,8,2024-07-05,2024-08-30,11.0,22.08852195739746,5.006601333618164,31.293113708496094
A,0,8,2024-07-12,2024-09-06,10.0,26.684080123901367,9.60215950012207,35.888671875
A,0,8,2024-07-19,2024-09-13,11.0,24.599443435668945,7.517522811889648,33.80403518676758
A,0,8,2024-07-26,2024-09-20,13.0,24.142333984375,7.060413360595703,33.346923828125
A,0,8,2024-08-02,2024-09-27,10.0,21.213279724121094,4.131359100341797,30.417871475219727
A,0,8,2024-08-09,2024-10-04,11.0,19.101594924926758,2.019674301147461,28.30618667602539
A,0,8,2024-08-16,2024-10-11,15.0,20.8989315032959,3.8170108795166016,30.10352325439453
A,0,8,2024-08-23,2024-10-18,11.0,21.5918025970459,4.509881973266602,30.79639434814453
A,0,8,2024-08-30,2024-10-25,22.0,19.54879379272461,2.4668731689453125,28.753385543823242
A,0,8,2024-09-06,2024-11-01,32.0,16.07906150817871,0.0,25.283653259277344
A,0,8,2024-09-13,2024-11-08,28.0,11.600253105163574,0.0,20.80484390258789
A,0,8,2024-09-20,2024-11-15,20.0,13.547685623168945,0.0,22.752277374267578
A,0,8,2024-09-27,2024-11-22,26.0,9.68814754486084,0.0,18.892738342285156
A,0,8,2024-10-04,2024-11-29,26.0,7.078906059265137,0.0,16.283496856689453
A,0,8,2024-10-11,2024-12-06,24.0,7.202922821044922,0.0,16.407514572143555
A,0,8,2024-10-18,2024-12-13,21.0,7.591007232666016,0.0,16.562545776367188
A,0,8,2024-10-25,2024-12-20,8.0,7.7557268142700195,0.0,16.727264404296875
A,0,8,2024-11-01,2024-12-27,7.0,11.48290729522705,0.0,20.454444885253906
A,0,8,2024-11-08,2025-01-03,13.0,21.997840881347656,5.313760757446289,30.969379425048828
A,0,8,2024-11-15,2025-01-10,22.0,33.04238510131836,16.358304977416992,48.96332550048828
A,0,8,2024-11-22,2025-01-17,16.0,19.577802658081055,2.8937225341796875,35.97754669189453
A,0,8,2024-11-29,2025-01-24,16.0,28.75624656677246,12.072166442871094,45.15599060058594
A,0,8,2024-12-06,2025-01-31,16.0,22.99537467956543,6.3112945556640625,39.395118713378906
A,0,8,2024-12-13,2025-02-07,15.0,16.454086303710938,0.0,35.375179290771484
A,0,8,2024-12-20,2025-02-14,14.0,12.93935775756836,0.0,31.860450744628906
A,0,8,2024-12-27,2025-02-21,19.0,11.30924129486084,0.0,30.230335235595703
A,0,8,2025-01-03,2025-02-28,16.0,10.471762657165527,0.0,29.39285659790039
A,0,8,2025-01-10,2025-03-07,12.0,10.55709171295166,0.0,29.47818374633789
A,0,8,2025-01-17,2025-03-14,17.0,9.48665714263916,0.0,28.40774917602539
A,0,8,2025-01-24,2025-03-21,8.0,10.380924224853516,0.0,29.302017211914062
A,0,8,2025-01-31,2025-03-28,5.0,10.524765968322754,0.0,29.445858001708984
A,0,8,2025-02-07,2025-04-04,12.0,10.260087013244629,0.0,29.18117904663086
A,0,8,2025-02-14,2025-04-11,8.0,10.538313865661621,0.0,29.459407806396484
A,0,8,2025-02-21,2025-04-18,2.0,11.14231014251709,0.0,30.063404083251953
A,0,8,2025-02-28,2025-04-25,9.0,11.574578285217285,0.0,30.495670318603516
A,0,8,2025-03-07,2025-05-02,5.0,11.095179557800293,0.0,30.016273498535156
A,0,8,2025-03-14,2025-05-09,5.0,11.19189739227295,0.0,30.112991333007812
A,0,8,2025-03-21,2025-05-16,6.0,11.377765655517578,0.0,30.298858642578125
A,0,8,2025-03-28,2025-05-23,3.0,12.050285339355469,0.0,30.971378326416016
A,0,8,2025-04-04,2025-05-30,3.0,14.838825225830078,0.0,33.759918212890625
A,0,8,2025-04-11,2025-06-06,3.0,22.096261978149414,5.412181854248047,41.017356872558594
A,0,8,2025-04-18,2025-06-13,4.0,18.80646324157715,2.1223831176757812,37.72755432128906
A,0,8,2025-04-25,2025-06-20,8.0,14.703210830688477,0.0,33.624305725097656
A,0,8,2025-05-02,2025-06-27,6.0,16.03172492980957,0.0,34.95281982421875
A,0,8,2025-05-09,2025-07-04,9.0,17.81364631652832,1.1295661926269531,36.7347412109375
A,0,8,2025-05-16,2025-07-11,11.0,18.040264129638672,1.3561840057373047,36.96135711669922
A,0,8,2025-05-23,2025-07-18,9.0,12.247323989868164,0.0,31.16841697692871
A,0,8,2025-05-30,2025-07-25,10.0,10.549281120300293,0.0,29.470375061035156
A,0,8,2025-06-06,2025-08-01,24.0,11.69564437866211,0.0,30.616737365722656
A,0,8,2025-06-13,2025-08-08,14.0,16.762163162231445,0.07808303833007812,35.683258056640625
A,0,8,2025-06-20,2025-08-15,20.0,17.936147689819336,0.0,36.85723876953125
A,0,8,2025-06-27,2025-08-22,18.0,19.21282386779785,0.1165618896484375,38.13391876220703
A,0,8,2025-07-04,2025-08-29,10.0,17.283937454223633,0.0,36.20503234863281
A,0,8,2025-07-11,2025-09-05,,17.419408798217773,0.0,36.34049987792969
A,0,8,2025-07-18,2025-09-12,,15.19129467010498,0.0,34.112388610839844
A,0,8,2025-07-25,2025-09-19,,9.875470161437988,0.0,28.79656219482422
A,0,8,2025-08-01,2025-09-26,,8.312920570373535,0.0,27.234012603759766
A,0,8,2025-08-08,2025-10-03,,6.001789093017578,0.0,24.922882080078125
A,0,8,2025-08-15,2025-10-10,,6.349091529846191,0.0,25.270183563232422
A,0,8,2025-08-22,2025-10-17,,5.799358367919922,0.0,24.72045135498047
A,0,12,2023-02-17,2023-05-12,1.0,2.20581316947937,0.0,15.688727378845215
A,0,12,2023-02-24,2023-05-19,2.0,2.0905003547668457,0.0,15.573413848876953
A,0,12,2023-03-03,2023-05-26,2.0,1.9974265098571777,0.0,15.480340957641602
A,0,12,2023-03-10,2023-06-02,2.0,2.1051907539367676,0.0,15.588104248046875
A,0,12,2023-03-17,2023-06-09,7.0,2.3110225200653076,0.0,15.793936729431152
A,0,12,2023-03-24,2023-06-16,3.0,3.1892313957214355,0.0,16.67214584350586
A,0,12,2023-03-31,2023-06-23,12.0,4.349545478820801,0.0,17.83245849609375
A,0,12,2023-04-07,2023-06-30,5.0,4.779264450073242,0.0,18.262178421020508
A,0,12,2023-04-14,2023-07-07,9.0,8.156095504760742,0.0,21.639009475708008
A,0,12,2023-04-21,2023-07-14,13.0,12.044501304626465,0.0,25.527416229248047
A,0,12,2023-04-28,2023-07-21,13.0,14.536284446716309,0.0,28.01919937133789
A,0,12,2023-05-05,2023-07-28,21.0,20.25615882873535,1.6143035888671875,33.73907470703125
A,0,12,2023-05-12,2023-08-04,13.0,28.977140426635742,10.335285186767578,42.460052490234375
A,0,12,2023-05-19,2023-08-11,17.0,32.257118225097656,13.615262985229492,45.74003219604492
A,0,12,2023-05-26,2023-08-18,22.0,31.699230194091797,13.057374954223633,45.18214416503906
A,0,12,2023-06-02,2023-08-25,27.0,28.936279296875,10.294424057006836,42.419193267822266
A,0,12,2023-06-09,2023-09-01,17.0,29.86606788635254,11.224212646484375,43.34898376464844
A,0,12,2023-06-16,2023-09-08,22.0,33.210845947265625,14.568990707397461,46.69375991821289
A,0,12,2023-06-23,2023-09-15,16.0,33.28581237792969,14.643957138061523,46.76872634887695
A,0,12,2023-06-30,2023-09-22,16.0,33.307472229003906,14.665616989135742,46.79038619995117
A,0,12,2023-07-07,2023-09-29,12.0,33.30647277832031,14.664617538452148,46.78938674926758
A,0,12,2023-07-14,2023-10-06,26.0,33.30602264404297,14.664167404174805,46.788936614990234
A,0,12,2023-07-21,2023-10-13,14.0,20.934370040893555,2.2925148010253906,34.41728210449219
A,0,12,2023-07-28,2023-10-20,17.0,16.571081161499023,0.0,30.05399513244629
A,0,12,2023-08-04,2023-10-27,8.0,15.426393508911133,0.0,28.9093074798584
A,0,12,2023-08-11,2023-11-03,18.0,14.229985237121582,0.0,27.71289825439453
A,0,12,2023-08-18,2023-11-10,18.0,14.505770683288574,0.0,23.090667724609375
A,0,12,2023-08-25,2023-11-17,15.0,14.242996215820312,0.0,21.893451690673828
A,0,12,2023-09-01,2023-11-24,9.0,14.564265251159668,0.0,22.214719772338867
A,0,12,2023-09-08,2023-12-01,7.0,10.388176918029785,0.0,18.038631439208984
A,0,12,2023-09-15,2023-12-08,6.0,6.273630619049072,0.0,13.92408561706543
A,0,12,2023-09-22,2023-12-15,7.0,5.422560691833496,0.0,13.073015213012695
A,0,12,2023-09-29,2023-12-22,6.0,5.259161472320557,0.0,12.909616470336914
A,0,12,2023-10-06,2023-12-29,8.0,6.348862171173096,0.0,13.999317169189453
A,0,12,2023-10-13,2024-01-05,12.0,11.01174545288086,0.0,18.662200927734375
A,0,12,2023-10-20,2024-01-12,9.0,11.279234886169434,0.0,18.929689407348633
A,0,12,2023-10-27,2024-01-19,8.0,18.154748916625977,0.0,25.80520248413086
A,0,12,2023-11-03,2024-01-26,3.0,30.621536254882812,9.3150634765625,38.27199172973633
A,0,12,2023-11-10,2024-02-02,3.0,19.401954650878906,0.0,27.052410125732422
A,0,12,2023-11-17,2024-02-09,3.0,12.02199935913086,0.0,19.672454833984375
A,0,12,2023-11-24,2024-02-16,8.0,11.55556583404541,0.0,19.20602035522461
A,0,12,2023-12-01,2024-02-23,7.0,12.697792053222656,0.0,20.348247528076172
A,0,12,2023-12-08,2024-03-01,5.0,12.274611473083496,0.0,19.925065994262695
A,0,12,2023-12-15,2024-03-08,6.0,11.71851634979248,0.0,19.36897087097168
A,0,12,2023-12-22,2024-03-15,6.0,7.766068458557129,0.0,15.416522979736328
A,0,12,2023-12-29,2024-03-22,4.0,8.091711044311523,0.0,15.742165565490723
A,0,12,2024-01-05,2024-03-29,2.0,5.963492393493652,0.0,13.613946914672852
A,0,12,2024-01-12,2024-04-05,3.0,3.628673553466797,0.0,11.279128074645996
A,0,12,2024-01-19,2024-04-12,10.0,3.305284261703491,0.0,10.95573902130127
A,0,12,2024-01-26,2024-04-19,5.0,2.4876365661621094,0.0,10.138091087341309
A,0,12,2024-02-02,2024-04-26,1.0,2.731966972351074,0.0,10.382421493530273
A,0,12,2024-02-09,2024-05-03,6.0,2.379551887512207,0.0,10.030006408691406
A,0,12,2024-02-16,2024-05-10,3.0,2.5920920372009277,0.0,10.242546081542969
A,0,12,2024-02-23,2024-05-17,8.0,2.7060394287109375,0.0,10.356493949890137
A,0,12,2024-03-01,2024-05-24,2.0,3.393496036529541,0.0,11.043951034545898
A,0,12,2024-03-08,2024-05-31,4.0,3.5098419189453125,0.0,11.160296440124512
A,0,12,2024-03-15,2024-06-07,2.0,3.971837282180786,0.0,11.622291564941406
A,0,12,2024-03-22,2024-06-14,2.0,4.495067119598389,0.0,12.14552116394043
A,0,12,2024-03-29,2024-06-21,4.0,4.722715854644775,0.0,12.373170852661133
A,0,12,2024-04-05,2024-06-28,6.0,4.457636833190918,0.0,12.108091354370117
A,0,12,2024-04-12,2024-07-05,6.0,7.028412818908691,0.0,14.67886734008789
A,0,12,2024-04-19,2024-07-12,5.0,4.4625325202941895,0.0,12.112987518310547
A,0,12,2024-04-26,2024-07-19,11.0,5.0220947265625,0.0,12.6725492477417
A,0,12,2024-05-03,2024-07-26,6.0,5.991310119628906,0.0,13.641764640808105
A,0,12,2024-05-10,2024-08-02,16.0,8.727466583251953,0.0,16.37792205810547
A,0,12,2024-05-17,2024-08-09,8.0,13.641485214233398,0.0,21.29193878173828
A,0,12,2024-05-24,2024-08-16,13.0,13.29721736907959,0.0,20.94767189025879
A,0,12,2024-05-31,2024-08-23,7.0,18.59845542907715,0.0,26.24890899658203
A,0,12,2024-06-07,2024-08-30,11.0,18.880537033081055,0.0,26.530990600585938
A,0,12,2024-06-14,2024-09-06,10.0,17.191652297973633,0.0,24.842105865478516
A,0,12,2024-06-21,2024-09-13,11.0,22.97443962097168,0.0,30.624893188476562
A,0,12,2024-06-28,2024-09-20,13.0,31.57154083251953,3.9500045776367188,39.22199630737305
A,0,12,2024-07-05,2024-09-27,10.0,32.8173828125,5.1958465576171875,39.51210021972656
A,0,12,2024-07-12,2024-10-04,11.0,33.196861267089844,5.575325012207031,39.891578674316406
A,0,12,2024-07-19,2024-10-11,15.0,16.513282775878906,0.0,23.207998275756836
A,0,12,2024-07-26,2024-10-18,11.0,15.393389701843262,0.0,22.088104248046875
A,0,12,2024-08-02,2024-10-25,22.0,14.876029014587402,0.0,21.570743560791016
A,0,12,2024-08-09,2024-11-01,32.0,14.61426830291748,0.0,21.308982849121094
A,0,12,2024-08-16,2024-11-08,28.0,15.805876731872559,0.0,23.078411102294922
A,0,12,2024-08-23,2024-11-15,20.0,16.29377555847168,0.0,23.566308975219727
A,0,12,2024-08-30,2024-11-22,26.0,16.24932861328125,0.0,23.521862030029297
A,0,12,2024-09-06,2024-11-29,26.0,13.181904792785645,0.0,20.454437255859375
A,0,12,2024-09-13,2024-12-06,24.0,7.796346187591553,0.0,15.068880081176758
A,0,12,2024-09-20,2024-12-13,21.0,9.960246086120605,0.0,17.23278045654297
A,0,12,2024-09-27,2024-12-20,8.0,7.212299823760986,0.0,14.484832763671875
A,0,12,2024-10-04,2024-12-27,7.0,5.999279022216797,0.0,13.271812438964844
A,0,12,2024-10-11,2025-01-03,13.0,6.709123611450195,0.0,13.981657028198242
A,0,12,2024-10-18,2025-01-10,22.0,7.15848445892334,0.0,14.431017875671387
A,0,12,2024-10-25,2025-01-17,16.0,7.071778774261475,0.0,14.34431266784668
A,0,12,2024-11-01,2025-01-24,16.0,8.963963508605957,0.0,16.236495971679688
A,0,12,2024-11-08,2025-01-31,16.0,19.093286514282227,0.0,26.365819931030273
A,0,12,2024-11-15,2025-02-07,15.0,33.29880905151367,5.677272796630859,50.684539794921875
A,0,12,2024-11-22,2025-02-14,14.0,24.3718204498291,0.0,41.75755310058594
A,0,12,2024-11-29,2025-02-21,19.0,33.27922058105469,5.657684326171875,50.66495132446289
A,0,12,2024-12-06,2025-02-28,16.0,32.58629608154297,4.964759826660156,49.97202682495117
A,0,12,2024-12-13,2025-03-07,12.0,21.112215042114258,0.0,38.497947692871094
A,0,12,2024-12-20,2025-03-14,17.0,14.106693267822266,0.0,31.49242401123047
A,0,12,2024-12-27,2025-03-21,8.0,13.31340503692627,0.0,30.699134826660156
A,0,12,2025-01-03,2025-03-28,5.0,10.58868408203125,0.0,27.974414825439453
A,0,12,2025-01-10,2025-04-04,12.0,9.784651756286621,0.0,27.17038345336914
A,0,12,2025-01-17,2025-04-11,8.0,8.563190460205078,0.0,25.94892120361328
A,0,12,2025-01-24,2025-04-18,2.0,9.245999336242676,0.0,26.631729125976562
A,0,12,2025-01-31,2025-04-25,9.0,9.24881649017334,0.0,26.63454818725586
A,0,12,2025-02-07,2025-05-02,5.0,8.805423736572266,0.0,26.19115447998047
A,0,12,2025-02-14,2025-05-09,5.0,9.201563835144043,0.0,26.587295532226562
A,0,12,2025-02-21,2025-05-16,6.0,9.888628959655762,0.0,27.27436065673828
A,0,12,2025-02-28,2025-05-23,3.0,10.638447761535645,0.0,28.02417755126953
A,0,12,2025-03-07,2025-05-30,3.0,10.326308250427246,0.0,27.712039947509766
A,0,12,2025-03-14,2025-06-06,3.0,11.04265308380127,0.0,28.428382873535156
A,0,12,2025-03-21,2025-06-13,4.0,13.089278221130371,0.0,30.47500991821289
A,0,12,2025-03-28,2025-06-20,8.0,23.523555755615234,0.7061729431152344,40.90928649902344
A,0,12,2025-04-04,2025-06-27,6.0,32.75753402709961,9.94015121459961,50.14326477050781
A,0,12,2025-04-11,2025-07-04,9.0,33.282569885253906,10.465187072753906,50.66830062866211
A,0,12,2025-04-18,2025-07-11,11.0,33.248512268066406,10.431129455566406,50.63424301147461
A,0,12,2025-04-25,2025-07-18,9.0,32.934425354003906,10.117042541503906,50.32015609741211
A,0,12,2025-05-02,2025-07-25,10.0,33.156768798828125,10.339385986328125,50.54249954223633
A,0,12,2025-05-09,2025-08-01,24.0,33.230255126953125,10.412872314453125,50.61598587036133
A,0,12,2025-05-16,2025-08-08,14.0,33.2111930847168,10.393810272216797,50.596923828125
A,0,12,2025-05-23,2025-08-15,20.0,29.573965072631836,6.756582260131836,46.959693908691406
A,0,12,2025-05-30,2025-08-22,18.0,20.14682960510254,0.0,37.532562255859375
A,0,12,2025-06-06,2025-08-29,10.0,19.228384017944336,0.0,36.614112854003906
A,0,12,2025-06-13,2025-09-05,,26.1546573638916,3.3372745513916016,43.54039001464844
A,0,12,2025-06-20,2025-09-12,,21.80927848815918,0.0,39.19500732421875
A,0,12,2025-06-27,2025-09-19,,18.017824172973633,0.0,35.40355682373047
A,0,12,2025-07-04,2025-09-26,,12.725509643554688,0.0,30.11124038696289
A,0,12,2025-07-11,2025-10-03,,13.664830207824707,0.0,31.050559997558594
A,0,12,2025-07-18,2025-10-10,,10.744807243347168,0.0,28.130538940429688
A,0,12,2025-07-25,2025-10-17,,5.372641563415527,0.0,22.758373260498047
A,0,12,2025-08-01,2025-10-24,,4.986171722412109,0.0,22.371902465820312
A,0,12,2025-08-08,2025-10-31,,3.5600810050964355,0.0,20.945812225341797
A,0,12,2025-08-15,2025-11-07,,3.8813161849975586,0.0,21.267047882080078
A,0,12,2025-08-22,2025-11-14,,3.5933613777160645,0.0,20.97909164428711
B,1,1,2023-02-17,2023-02-24,2.0,5.83859920501709,0.0,21.22426986694336
B,1,1,2023-02-24,2023-03-03,2.0,5.017370223999023,0.0,20.403039932250977
B,1,1,2023-03-03,2023-03-10,2.0,4.395432949066162,0.0,19.781103134155273
B,1,1,2023-03-10,2023-03-17,1.0,3.4864115715026855,0.0,18.872081756591797
B,1,1,2023-03-17,2023-03-24,6.0,3.2572758197784424,0.0,18.642946243286133
B,1,1,2023-03-24,2023-03-31,0.0,3.14565372467041,0.0,18.531322479248047
B,1,1,2023-03-31,2023-04-07,5.0,3.0655524730682373,0.0,18.451221466064453
B,1,1,2023-04-07,2023-04-14,1.0,3.022212505340576,0.0,18.407882690429688
B,1,1,2023-04-14,2023-04-21,3.0,2.648705005645752,0.0,18.034374237060547
B,1,1,2023-04-21,2023-04-28,4.0,2.6834139823913574,0.0,18.06908416748047
B,1,1,2023-04-28,2023-05-05,5.0,2.6067404747009277,0.0,17.99241065979004
B,1,1,2023-05-05,2023-05-12,4.0,3.0591881275177,0.0,18.44485855102539
B,1,1,2023-05-12,2023-05-19,4.0,4.607891082763672,0.0,19.993560791015625
B,1,1,2023-05-19,2023-05-26,6.0,6.944393157958984,0.0,22.330062866210938
B,1,1,2023-05-26,2023-06-02,8.0,8.414074897766113,0.0,23.79974365234375
B,1,1,2023-06-02,2023-06-09,6.0,9.533797264099121,0.0,24.91946792602539
B,1,1,2023-06-09,2023-06-16,10.0,10.972929000854492,0.0,26.358598709106445
B,1,1,2023-06-16,2023-06-23,12.0,11.480834007263184,0.0,26.866504669189453
B,1,1,2023-06-23,2023-06-30,9.0,12.958209991455078,0.4473228454589844,28.34387969970703
B,1,1,2023-06-30,2023-07-07,4.0,13.442889213562012,0.932002067565918,24.06454849243164
B,1,1,2023-07-07,2023-07-14,3.0,14.300041198730469,1.789154052734375,24.921701431274414
B,1,1,2023-07-14,2023-07-21,4.0,15.515242576599121,3.0043554306030273,26.13690185546875
B,1,1,2023-07-21,2023-07-28,10.0,15.856139183044434,3.34525203704834,26.477798461914062
B,1,1,2023-07-28,2023-08-04,3.0,18.2940616607666,5.783174514770508,28.915721893310547
B,1,1,2023-08-04,2023-08-11,11.0,16.913694381713867,4.402807235717773,27.535354614257812
B,1,1,2023-08-11,2023-08-18,11.0,14.47170352935791,1.9608163833618164,25.093364715576172
B,1,1,2023-08-18,2023-08-25,10.0,11.807730674743652,0.0,22.42938995361328
B,1,1,2023-08-25,2023-09-01,7.0,10.032919883728027,0.0,20.654579162597656
B,1,1,2023-09-01,2023-09-08,18.0,11.670680046081543,0.0,22.292339324951172
B,1,1,2023-09-08,2023-09-15,7.0,11.762211799621582,0.0,22.383872985839844
B,1,1,2023-09-15,2023-09-22,13.0,11.929404258728027,0.0,22.551063537597656
B,1,1,2023-09-22,2023-09-29,11.0,14.946561813354492,0.0,21.275882720947266
B,1,1,2023-09-29,2023-10-06,14.0,17.729551315307617,2.4354896545410156,24.05887222290039
B,1,1,2023-10-06,2023-10-13,7.0,14.267916679382324,0.0,20.59723663330078
B,1,1,2023-10-13,2023-10-20,13.0,10.209012031555176,0.0,16.538331985473633
B,1,1,2023-10-20,2023-10-27,8.0,8.438519477844238,0.0,14.767839431762695
B,1,1,2023-10-27,2023-11-03,17.0,6.9972052574157715,0.0,13.32652473449707
B,1,1,2023-11-03,2023-11-10,16.0,6.430788993835449,0.0,12.760108947753906
B,1,1,2023-11-10,2023-11-17,16.0,6.7506866455078125,0.0,13.08000659942627
B,1,1,2023-11-17,2023-11-24,11.0,6.824913024902344,0.0,16.827707290649414
B,1,1,2023-11-24,2023-12-01,5.0,6.770623207092285,0.0,16.773418426513672
B,1,1,2023-12-01,2023-12-08,8.0,6.1732001304626465,0.0,16.175994873046875
B,1,1,2023-12-08,2023-12-15,7.0,6.077174186706543,0.0,16.079967498779297
B,1,1,2023-12-15,2023-12-22,6.0,6.230218410491943,0.0,16.233013153076172
B,1,1,2023-12-22,2023-12-29,3.0,6.2484893798828125,0.0,16.251283645629883
B,1,1,2023-12-29,2024-01-05,11.0,6.702775001525879,0.0,16.705570220947266
B,1,1,2024-01-05,2024-01-12,20.0,6.003744125366211,0.0,16.00653839111328
B,1,1,2024-01-12,2024-01-19,11.0,5.689763069152832,0.0,15.692557334899902
B,1,1,2024-01-19,2024-01-26,15.0,5.979726314544678,0.0,15.982521057128906
B,1,1,2024-01-26,2024-02-02,20.0,6.101955890655518,0.0,20.09821128845215
B,1,1,2024-02-02,2024-02-09,8.0,6.5821003913879395,0.0,20.57835578918457
B,1,1,2024-02-09,2024-02-16,13.0,5.523464202880859,0.0,19.51972007751465
B,1,1,2024-02-16,2024-02-23,2.0,4.437708854675293,0.0,18.433963775634766
B,1,1,2024-02-23,2024-03-01,10.0,4.024848461151123,0.0,18.02110481262207
B,1,1,2024-03-01,2024-03-08,10.0,3.3133902549743652,0.0,17.309646606445312
B,1,1,2024-03-08,2024-03-15,5.0,3.0013070106506348,0.0,16.997562408447266
B,1,1,2024-03-15,2024-03-22,6.0,2.558591604232788,0.0,16.554847717285156
B,1,1,2024-03-22,2024-03-29,2.0,2.513289451599121,0.0,16.509544372558594
B,1,1,2024-03-29,2024-04-05,4.0,2.111910104751587,0.0,16.108165740966797
B,1,1,2024-04-05,2024-04-12,2.0,1.7074074745178223,0.0,15.703662872314453
B,1,1,2024-04-12,2024-04-19,4.0,1.7009594440460205,0.0,15.69721508026123
B,1,1,2024-04-19,2024-04-26,2.0,1.2209378480911255,0.0,15.217193603515625
B,1,1,2024-04-26,2024-05-03,0.0,0.8134932518005371,0.0,14.809749603271484
B,1,1,2024-05-03,2024-05-10,3.0,0.6846925020217896,0.0,14.680948257446289
B,1,1,2024-05-10,2024-05-17,5.0,0.8227078914642334,0.0,14.818964004516602
B,1,1,2024-05-17,2024-05-24,3.0,1.104090690612793,0.0,15.100346565246582
B,1,1,2024-05-24,2024-05-31,3.0,1.153680682182312,0.0,15.14993667602539
B,1,1,2024-05-31,2024-06-07,2.0,1.6355841159820557,0.0,15.631839752197266
B,1,1,2024-06-07,2024-06-14,3.0,2.2298426628112793,0.0,16.226099014282227
B,1,1,2024-06-14,2024-06-21,3.0,3.222588539123535,0.0,17.21884536743164
B,1,1,2024-06-21,2024-06-28,7.0,4.438058376312256,0.0,18.434314727783203
B,1,1,2024-06-28,2024-07-05,6.0,5.88388729095459,0.0,19.880142211914062
B,1,1,2024-07-05,2024-07-12,18.0,7.994921684265137,0.0,21.99117660522461
B,1,1,2024-07-12,2024-07-19,11.0,10.034623146057129,0.0,24.030879974365234
B,1,1,2024-07-19,2024-07-26,9.0,12.125361442565918,0.0,26.12161636352539
B,1,1,2024-07-26,2024-08-02,18.0,14.447111129760742,0.0,28.44336700439453
B,1,1,2024-08-02,2024-08-09,16.0,16.652172088623047,1.3581104278564453,30.648427963256836
B,1,1,2024-08-09,2024-08-16,12.0,19.858348846435547,4.564287185668945,33.85460662841797
B,1,1,2024-08-16,2024-08-23,12.0,20.90241050720215,13.634493827819824,34.89866638183594
B,1,1,2024-08-23,2024-08-30,18.0,23.50042152404785,16.232505798339844,37.49667739868164
B,1,1,2024-08-30,2024-09-06,19.0,27.247873306274414,19.389524459838867,41.2441291809082
B,1,1,2024-09-06,2024-09-13,13.0,27.925275802612305,19.022865295410156,41.921531677246094
B,1,1,2024-09-13,2024-09-20,7.0,26.530771255493164,17.628360748291016,40.52702713012695
B,1,1,2024-09-20,2024-09-27,9.0,24.871854782104492,15.969444274902344,38.86811065673828
B,1,1,2024-09-27,2024-10-04,14.0,19.57523536682129,4.649959564208984,33.57149124145508
B,1,1,2024-10-04,2024-10-11,17.0,13.49816608428955,0.0,27.494422912597656
B,1,1,2024-10-11,2024-10-18,19.0,11.782383918762207,0.0,25.778640747070312
B,1,1,2024-10-18,2024-10-25,17.0,12.652281761169434,0.0,26.648536682128906
B,1,1,2024-10-25,2024-11-01,25.0,12.682143211364746,0.0,26.67839813232422
B,1,1,2024-11-01,2024-11-08,19.0,12.751599311828613,0.0,26.74785614013672
B,1,1,2024-11-08,2024-11-15,24.0,15.03414535522461,0.0,29.0304012298584
B,1,1,2024-11-15,2024-11-22,27.0,18.183979034423828,0.0,32.18023681640625
B,1,1,2024-11-22,2024-11-29,25.0,17.524843215942383,0.0,31.521099090576172
B,1,1,2024-11-29,2024-12-06,21.0,21.6600399017334,2.1292686462402344,35.65629577636719
B,1,1,2024-12-06,2024-12-13,17.0,23.359506607055664,3.8287353515625,37.35576248168945
B,1,1,2024-12-13,2024-12-20,20.0,22.9070987701416,3.3763275146484375,36.90335464477539
B,1,1,2024-12-20,2024-12-27,8.0,20.45571517944336,0.9249439239501953,34.45197296142578
B,1,1,2024-12-27,2025-01-03,26.0,17.911142349243164,0.0,31.907398223876953
B,1,1,2025-01-03,2025-01-10,30.0,16.6124324798584,0.0,30.608688354492188
B,1,1,2025-01-10,2025-01-17,29.0,14.832688331604004,0.0,28.82894515991211
B,1,1,2025-01-17,2025-01-24,25.0,12.915472030639648,0.0,26.911727905273438
B,1,1,2025-01-24,2025-01-31,19.0,15.59521770477295,0.0,29.493263244628906
B,1,1,2025-01-31,2025-02-07,17.0,18.144224166870117,0.0,32.3115348815918
B,1,1,2025-02-07,2025-02-14,39.0,18.47180938720703,0.0,32.639122009277344
B,1,1,2025-02-14,2025-02-21,38.0,21.05356216430664,1.5227909088134766,35.22087478637695
B,1,1,2025-02-21,2025-02-28,28.0,23.904268264770508,4.373497009277344,38.07157897949219
B,1,1,2025-02-28,2025-03-07,20.0,25.31795310974121,5.787181854248047,45.84614562988281
B,1,1,2025-03-07,2025-03-14,15.0,24.808015823364258,5.277244567871094,45.336204528808594
B,1,1,2025-03-14,2025-03-21,19.0,22.30254364013672,2.7717723846435547,42.83073425292969
B,1,1,2025-03-21,2025-03-28,8.0,19.420516967773438,0.0,39.948707580566406
B,1,1,2025-03-28,2025-04-04,11.0,14.588723182678223,0.0,35.116912841796875
B,1,1,2025-04-04,2025-04-11,6.0,11.618956565856934,0.0,32.14714813232422
B,1,1,2025-04-11,2025-04-18,12.0,9.810945510864258,0.0,30.339136123657227
B,1,1,2025-04-18,2025-04-25,8.0,8.253100395202637,0.0,28.781291961669922
B,1,1,2025-04-25,2025-05-02,3.0,6.995893478393555,0.0,27.524084091186523
B,1,1,2025-05-02,2025-05-09,4.0,6.2502360343933105,0.0,26.778427124023438
B,1,1,2025-05-09,2025-05-16,4.0,6.017867088317871,0.0,26.546058654785156
B,1,1,2025-05-16,2025-05-23,9.0,5.063086986541748,0.0,25.591278076171875
B,1,1,2025-05-23,2025-05-30,1.0,4.180942535400391,0.0,24.70913314819336
B,1,1,2025-05-30,2025-06-06,4.0,3.7231998443603516,0.0,24.25139045715332
B,1,1,2025-06-06,2025-06-13,4.0,4.272580146789551,0.0,24.800769805908203
B,1,1,2025-06-13,2025-06-20,4.0,5.193752288818359,0.0,25.721942901611328
B,1,1,2025-06-20,2025-06-27,8.0,5.494297504425049,0.0,26.02248764038086
B,1,1,2025-06-27,2025-07-04,6.0,7.008103370666504,0.0,27.536293029785156
B,1,1,2025-07-04,2025-07-11,7.0,9.367769241333008,0.0,29.895959854125977
B,1,1,2025-07-11,2025-07-18,7.0,12.32158088684082,0.0,32.849769592285156
B,1,1,2025-07-18,2025-07-25,6.0,12.385697364807129,0.0,32.91388702392578
B,1,1,2025-07-25,2025-08-01,20.0,10.404545783996582,0.0,30.932735443115234
B,1,1,2025-08-01,2025-08-08,15.0,8.342957496643066,0.0,28.87114715576172
B,1,1,2025-08-08,2025-08-15,17.0,7.456216812133789,0.0,27.984407424926758
B,1,1,2025-08-15,2025-08-22,11.0,8.072072982788086,0.0,28.600263595581055
B,1,1,2025-08-22,2025-08-29,12.0,9.036760330200195,0.0,29.564950942993164
B,1,2,2023-02-17,2023-03-03,2.0,5.732273101806641,0.0,22.68872833251953
B,1,2,2023-02-24,2023-03-10,2.0,4.7436933517456055,0.0,21.700149536132812
B,1,2,2023-03-03,2023-03-17,1.0,3.9958550930023193,0.0,20.95231056213379
B,1,2,2023-03-10,2023-03-24,6.0,3.084392547607422,0.0,20.040847778320312
B,1,2,2023-03-17,2023-03-31,0.0,2.9073057174682617,0.0,19.86376190185547
B,1,2,2023-03-24,2023-04-07,5.0,2.953580379486084,0.0,19.910036087036133
B,1,2,2023-03-31,2023-04-14,1.0,2.9835329055786133,0.0,19.939987182617188
B,1,2,2023-04-07,2023-04-21,3.0,3.015289306640625,0.0,19.971744537353516
B,1,2,2023-04-14,2023-04-28,4.0,2.8295207023620605,0.0,19.78597640991211
B,1,2,2023-04-21,2023-05-05,5.0,2.9693665504455566,0.0,19.92582130432129
B,1,2,2023-04-28,2023-05-12,4.0,2.9292988777160645,0.0,19.885753631591797
B,1,2,2023-05-05,2023-05-19,4.0,3.6132009029388428,0.0,20.569656372070312
B,1,2,2023-05-12,2023-05-26,6.0,5.84365701675415,0.0,22.800111770629883
B,1,2,2023-05-19,2023-06-02,8.0,8.882878303527832,0.0,25.839332580566406
B,1,2,2023-05-26,2023-06-09,6.0,9.783616065979004,0.0,26.740070343017578
B,1,2,2023-06-02,2023-06-16,10.0,10.744576454162598,0.0,27.701030731201172
B,1,2,2023-06-09,2023-06-23,12.0,11.491686820983887,0.0,28.448143005371094
B,1,2,2023-06-16,2023-06-30,9.0,12.207937240600586,0.0,29.164392471313477
B,1,2,2023-06-23,2023-07-07,4.0,13.844292640686035,0.0,30.80074691772461
B,1,2,2023-06-30,2023-07-14,3.0,14.426766395568848,0.0022630691528320312,26.69806480407715
B,1,2,2023-07-07,2023-07-21,4.0,14.880961418151855,0.45645809173583984,27.152259826660156
B,1,2,2023-07-14,2023-07-28,10.0,15.421282768249512,0.9967794418334961,27.692581176757812
B,1,2,2023-07-21,2023-08-04,3.0,15.198254585266113,0.7737512588500977,27.469552993774414
B,1,2,2023-07-28,2023-08-11,11.0,17.9173526763916,3.492849349975586,30.18865203857422
B,1,2,2023-08-04,2023-08-18,11.0,15.737401008605957,1.3128976821899414,28.008699417114258
B,1,2,2023-08-11,2023-08-25,10.0,13.07114028930664,0.0,25.342437744140625
B,1,2,2023-08-18,2023-09-01,7.0,10.659260749816895,0.0,22.930559158325195
B,1,2,2023-08-25,2023-09-08,18.0,9.42676067352295,0.0,21.69805908203125
B,1,2,2023-09-01,2023-09-15,7.0,11.481152534484863,0.0,23.752450942993164
B,1,2,2023-09-08,2023-09-22,13.0,11.706928253173828,0.0,23.978225708007812
B,1,2,2023-09-15,2023-09-29,11.0,11.50731372833252,0.0,23.77861213684082
B,1,2,2023-09-22,2023-10-06,14.0,13.614697456359863,1.41644287109375,22.187936782836914
B,1,2,2023-09-29,2023-10-13,7.0,15.360320091247559,3.1620655059814453,23.93355941772461
B,1,2,2023-10-06,2023-10-20,13.0,12.37442684173584,0.17617225646972656,20.94766616821289
B,1,2,2023-10-13,2023-10-27,8.0,8.82298755645752,0.0,17.39622688293457
B,1,2,2023-10-20,2023-11-03,17.0,7.165928363800049,0.0,15.739168167114258
B,1,2,2023-10-27,2023-11-10,16.0,5.945845603942871,0.0,14.519084930419922
B,1,2,2023-11-03,2023-11-17,16.0,5.863094329833984,0.0,14.436333656311035
B,1,2,2023-11-10,2023-11-24,11.0,6.344783782958984,0.0,14.918023109436035
B,1,2,2023-11-17,2023-12-01,5.0,6.489005088806152,0.0,16.323078155517578
B,1,2,2023-11-24,2023-12-08,8.0,6.56943941116333,0.0,16.623594284057617
B,1,2,2023-12-01,2023-12-15,7.0,6.165500640869141,0.0,16.302406311035156
B,1,2,2023-12-08,2023-12-22,6.0,6.154818058013916,0.0,16.291723251342773
B,1,2,2023-12-15,2023-12-29,3.0,6.467986106872559,0.0,16.60489273071289
B,1,2,2023-12-22,2024-01-05,11.0,6.3736066818237305,0.0,16.510513305664062
B,1,2,2023-12-29,2024-01-12,20.0,6.909771919250488,0.0,17.046676635742188
B,1,2,2024-01-05,2024-01-19,11.0,6.10386848449707,0.0,16.240774154663086
B,1,2,2024-01-12,2024-01-26,15.0,5.8275346755981445,0.0,15.96444034576416
B,1,2,2024-01-19,2024-02-02,20.0,6.215400695800781,0.0,16.352306365966797
B,1,2,2024-01-26,2024-02-09,8.0,6.194819450378418,0.0,19.28504753112793
B,1,2,2024-02-02,2024-02-16,13.0,6.892197608947754,0.0,19.982425689697266
B,1,2,2024-02-09,2024-02-23,2.0,5.446993827819824,0.0,18.537221908569336
B,1,2,2024-02-16,2024-03-01,10.0,4.279362678527832,0.0,18.063961029052734
B,1,2,2024-02-23,2024-03-08,10.0,3.6984646320343018,0.0,17.483064651489258
B,1,2,2024-03-01,2024-03-15,5.0,3.0385289192199707,0.0,16.82312774658203
B,1,2,2024-03-08,2024-03-22,6.0,2.855276346206665,0.0,16.639875411987305
B,1,2,2024-03-15,2024-03-29,2.0,2.4841842651367188,0.0,16.268783569335938
B,1,2,2024-03-22,2024-04-05,4.0,2.590088367462158,0.0,16.37468719482422
B,1,2,2024-03-29,2024-04-12,2.0,2.203427791595459,0.0,15.988027572631836
B,1,2,2024-04-05,2024-04-19,4.0,1.7532752752304077,0.0,15.537874221801758
B,1,2,2024-04-12,2024-04-26,2.0,1.846070647239685,0.0,15.630669593811035
B,1,2,2024-04-19,2024-05-03,0.0,1.2666819095611572,0.0,15.051280975341797
B,1,2,2024-04-26,2024-05-10,3.0,0.8872692584991455,0.0,14.671868324279785
B,1,2,2024-05-03,2024-05-17,5.0,0.8334060907363892,0.0,14.618005752563477
B,1,2,2024-05-10,2024-05-24,3.0,1.0324937105178833,0.0,14.817092895507812
B,1,2,2024-05-17,2024-05-31,3.0,1.3632633686065674,0.0,15.147862434387207
B,1,2,2024-05-24,2024-06-07,2.0,1.3274352550506592,0.0,15.112034797668457
B,1,2,2024-05-31,2024-06-14,3.0,1.9577817916870117,0.0,15.74238109588623
B,1,2,2024-06-07,2024-06-21,3.0,2.5746588706970215,0.0,16.3592586517334
B,1,2,2024-06-14,2024-06-28,7.0,3.4610795974731445,0.0,17.245677947998047
B,1,2,2024-06-21,2024-07-05,6.0,4.5473527908325195,0.0,18.331951141357422
B,1,2,2024-06-28,2024-07-12,18.0,6.125306606292725,0.0,19.9099063873291
B,1,2,2024-07-05,2024-07-19,11.0,8.274615287780762,0.0,22.059215545654297
B,1,2,2024-07-12,2024-07-26,9.0,10.438958168029785,0.0,24.223556518554688
B,1,2,2024-07-19,2024-08-02,18.0,12.06236743927002,0.0,25.846965789794922
B,1,2,2024-07-26,2024-08-09,16.0,14.656075477600098,2.4578208923339844,28.440673828125
B,1,2,2024-08-02,2024-08-16,12.0,17.240741729736328,5.042487144470215,31.025341033935547
B,1,2,2024-08-09,2024-08-23,12.0,21.02829360961914,8.830039024353027,34.81289291381836
B,1,2,2024-08-16,2024-08-30,18.0,21.666141510009766,13.305821418762207,35.450740814208984
B,1,2,2024-08-23,2024-09-06,19.0,23.83297348022461,15.47265338897705,37.61757278442383
B,1,2,2024-08-30,2024-09-13,13.0,27.901092529296875,19.540771484375,41.685691833496094
B,1,2,2024-09-06,2024-09-20,7.0,27.232576370239258,18.204282760620117,41.017173767089844
B,1,2,2024-09-13,2024-09-27,9.0,23.412492752075195,14.384199142456055,37.19709014892578
B,1,2,2024-09-20,2024-10-04,14.0,21.538843154907227,12.510549545288086,35.32344055175781
B,1,2,2024-09-27,2024-10-11,17.0,16.49299430847168,1.5919017791748047,30.2775936126709
B,1,2,2024-10-04,2024-10-18,19.0,11.538702011108398,0.0,25.323301315307617
B,1,2,2024-10-11,2024-10-25,17.0,10.376260757446289,0.0,24.160860061645508
B,1,2,2024-10-18,2024-11-01,25.0,11.314754486083984,0.0,25.099353790283203
B,1,2,2024-10-25,2024-11-08,19.0,11.324978828430176,0.0,25.109577178955078
B,1,2,2024-11-01,2024-11-15,24.0,11.697670936584473,0.0,25.482269287109375
B,1,2,2024-11-08,2024-11-22,27.0,14.197625160217285,0.0,27.982223510742188
B,1,2,2024-11-15,2024-11-29,25.0,17.063230514526367,0.0,30.847829818725586
B,1,2,2024-11-22,2024-12-06,21.0,16.693307876586914,0.0,30.477907180786133
B,1,2,2024-11-29,2024-12-13,17.0,20.361234664916992,0.12865829467773438,34.145835876464844
B,1,2,2024-12-06,2024-12-20,20.0,21.645627975463867,1.4130516052246094,35.43022918701172
B,1,2,2024-12-13,2024-12-27,8.0,20.411828994750977,0.17925262451171875,34.19642639160156
B,1,2,2024-12-20,2025-01-03,26.0,18.028684616088867,0.0,31.813283920288086
B,1,2,2024-12-27,2025-01-10,30.0,15.962172508239746,0.0,29.74677276611328
B,1,2,2025-01-03,2025-01-17,29.0,15.225042343139648,0.0,29.009641647338867
B,1,2,2025-01-10,2025-01-24,25.0,14.495614051818848,0.0,28.28021240234375
B,1,2,2025-01-17,2025-01-31,19.0,13.593750953674316,0.0,27.37834930419922
B,1,2,2025-01-24,2025-02-07,17.0,16.254108428955078,0.0,30.291934967041016
B,1,2,2025-01-31,2025-02-14,39.0,18.40129280090332,0.0,32.43912124633789
B,1,2,2025-02-07,2025-02-21,38.0,18.30345344543457,0.0,32.34128189086914
B,1,2,2025-02-14,2025-02-28,28.0,20.53844451904297,0.30586814880371094,34.576271057128906
B,1,2,2025-02-21,2025-03-07,20.0,22.317750930786133,2.085174560546875,36.3555793762207
B,1,2,2025-02-28,2025-03-14,15.0,24.274057388305664,4.041481018066406,44.872764587402344
B,1,2,2025-03-07,2025-03-21,19.0,23.453092575073242,3.2205162048339844,44.05179977416992
B,1,2,2025-03-14,2025-03-28,8.0,20.484336853027344,0.25176048278808594,41.083045959472656
B,1,2,2025-03-21,2025-04-04,11.0,17.91008758544922,0.0,38.50879669189453
B,1,2,2025-03-28,2025-04-11,6.0,14.318326950073242,0.0,34.91703414916992
B,1,2,2025-04-04,2025-04-18,12.0,11.90423583984375,0.0,32.50294494628906
B,1,2,2025-04-11,2025-04-25,8.0,10.659492492675781,0.0,31.25819969177246
B,1,2,2025-04-18,2025-05-02,3.0,9.208541870117188,0.0,29.807249069213867
B,1,2,2025-04-25,2025-05-09,4.0,7.857705116271973,0.0,28.45641326904297
B,1,2,2025-05-02,2025-05-16,4.0,6.940549850463867,0.0,27.539257049560547
B,1,2,2025-05-09,2025-05-23,9.0,6.814849853515625,0.0,27.413557052612305
B,1,2,2025-05-16,2025-05-30,1.0,5.569485664367676,0.0,26.168193817138672
B,1,2,2025-05-23,2025-06-06,4.0,4.503188133239746,0.0,25.10189437866211
B,1,2,2025-05-30,2025-06-13,4.0,3.977411985397339,0.0,24.57611846923828
B,1,2,2025-06-06,2025-06-20,4.0,4.640631198883057,0.0,25.239337921142578
B,1,2,2025-06-13,2025-06-27,8.0,5.80770206451416,0.0,26.406410217285156
B,1,2,2025-06-20,2025-07-04,6.0,6.082312107086182,0.0,26.681018829345703
B,1,2,2025-06-27,2025-07-11,7.0,7.798162937164307,0.0,28.396869659423828
B,1,2,2025-07-04,2025-07-18,7.0,10.356593132019043,0.0,30.955299377441406
B,1,2,2025-07-11,2025-07-25,6.0,14.477840423583984,0.0,35.07654571533203
B,1,2,2025-07-18,2025-08-01,20.0,14.26194953918457,0.0,34.86065673828125
B,1,2,2025-07-25,2025-08-08,15.0,10.90326976776123,0.0,31.501976013183594
B,1,2,2025-08-01,2025-08-15,17.0,8.13046646118164,0.0,28.72917366027832
B,1,2,2025-08-08,2025-08-22,11.0,6.626925468444824,0.0,27.225631713867188
B,1,2,2025-08-15,2025-08-29,12.0,7.435311317443848,0.0,28.034019470214844
B,1,2,2025-08-22,2025-09-05,,9.051390647888184,0.0,29.650096893310547
B,1,4,2023-02-17,2023-03-17,1.0,4.8730034828186035,0.0,23.83124351501465
B,1,4,2023-02-24,2023-03-24,6.0,3.816431999206543,0.0,22.774673461914062
B,1,4,2023-03-03,2023-03-31,0.0,3.043891191482544,0.0,22.002132415771484
B,1,4,2023-03-10,2023-04-07,5.0,2.2854092121124268,0.0,21.243650436401367
B,1,4,2023-03-17,2023-04-14,1.0,2.210890293121338,0.0,21.169130325317383
B,1,4,2023-03-24,2023-04-21,3.0,2.5168251991271973,0.0,21.475065231323242
B,1,4,2023-03-31,2023-04-28,4.0,2.782573699951172,0.0,21.740814208984375
B,1,4,2023-04-07,2023-05-05,5.0,2.9625959396362305,0.0,21.92083740234375
B,1,4,2023-04-14,2023-05-12,4.0,3.2697911262512207,0.0,22.228031158447266
B,1,4,2023-04-21,2023-05-19,4.0,3.796457529067993,0.0,22.754697799682617
B,1,4,2023-04-28,2023-05-26,6.0,3.946204423904419,0.0,22.90444564819336
B,1,4,2023-05-05,2023-06-02,8.0,5.346397876739502,0.0,24.304637908935547
B,1,4,2023-05-12,2023-06-09,6.0,8.9596586227417,0.0,27.91790008544922
B,1,4,2023-05-19,2023-06-16,10.0,12.388995170593262,0.0,31.34723663330078
B,1,4,2023-05-26,2023-06-23,12.0,12.27846622467041,0.0,31.236705780029297
B,1,4,2023-06-02,2023-06-30,9.0,13.566895484924316,0.0,32.5251350402832
B,1,4,2023-06-09,2023-07-07,4.0,13.633495330810547,0.0,32.59173583984375
B,1,4,2023-06-16,2023-07-14,3.0,15.817418098449707,0.7992448806762695,34.775657653808594
B,1,4,2023-06-23,2023-07-21,4.0,20.014680862426758,4.99650764465332,38.972923278808594
B,1,4,2023-06-30,2023-07-28,10.0,20.957843780517578,5.939670562744141,32.65449523925781
B,1,4,2023-07-07,2023-08-04,3.0,19.11456871032715,4.096395492553711,30.811222076416016
B,1,4,2023-07-14,2023-08-11,11.0,18.012861251831055,2.994688034057617,29.709514617919922
B,1,4,2023-07-21,2023-08-18,11.0,16.728513717651367,1.7103404998779297,28.425167083740234
B,1,4,2023-07-28,2023-08-25,10.0,19.63676643371582,4.618593215942383,31.333419799804688
B,1,4,2023-08-04,2023-09-01,7.0,15.16909122467041,0.0,26.865745544433594
B,1,4,2023-08-11,2023-09-08,18.0,11.753771781921387,0.0,23.450424194335938
B,1,4,2023-08-18,2023-09-15,7.0,9.46771240234375,0.0,21.164365768432617
B,1,4,2023-08-25,2023-09-22,13.0,9.200740814208984,0.0,20.89739418029785
B,1,4,2023-09-01,2023-09-29,11.0,11.202359199523926,0.0,22.89901351928711
B,1,4,2023-09-08,2023-10-06,14.0,11.62902545928955,0.0,23.325679779052734
B,1,4,2023-09-15,2023-10-13,7.0,10.985015869140625,0.0,22.681669235229492
B,1,4,2023-09-22,2023-10-20,13.0,12.165732383728027,0.0,19.460094451904297
B,1,4,2023-09-29,2023-10-27,8.0,13.408888816833496,0.0,20.703250885009766
B,1,4,2023-10-06,2023-11-03,17.0,10.421576499938965,0.0,17.248607635498047
B,1,4,2023-10-13,2023-11-10,16.0,7.045448303222656,0.0,13.872478485107422
B,1,4,2023-10-20,2023-11-17,16.0,5.5499444007873535,0.0,12.376975059509277
B,1,4,2023-10-27,2023-11-24,11.0,4.730300426483154,0.0,11.557331085205078
B,1,4,2023-11-03,2023-12-01,5.0,5.356255531311035,0.0,12.183286666870117
B,1,4,2023-11-10,2023-12-08,8.0,6.07370662689209,0.0,12.900737762451172
B,1,4,2023-11-17,2023-12-15,7.0,6.401421546936035,0.0,13.228452682495117
B,1,4,2023-11-24,2023-12-22,6.0,6.688309669494629,0.0,15.642861366271973
B,1,4,2023-12-01,2023-12-29,3.0,6.563154697418213,0.0,17.01321029663086
B,1,4,2023-12-08,2024-01-05,11.0,6.644417762756348,0.0,17.09447479248047
B,1,4,2023-12-15,2024-01-12,20.0,7.177413463592529,0.0,17.627470016479492
B,1,4,2023-12-22,2024-01-19,11.0,6.774078845977783,0.0,17.22413444519043
B,1,4,2023-12-29,2024-01-26,15.0,7.138796329498291,0.0,17.588851928710938
B,1,4,2024-01-05,2024-02-02,20.0,6.141289710998535,0.0,16.591346740722656
B,1,4,2024-01-12,2024-02-09,8.0,5.837264537811279,0.0,16.287321090698242
B,1,4,2024-01-19,2024-02-16,13.0,6.261626243591309,0.0,16.711681365966797
B,1,4,2024-01-26,2024-02-23,2.0,5.904953479766846,0.0,18.7275390625
B,1,4,2024-02-02,2024-03-01,10.0,6.888134479522705,0.0,19.71072006225586
B,1,4,2024-02-09,2024-03-08,10.0,5.029818058013916,0.0,17.85240364074707
B,1,4,2024-02-16,2024-03-15,5.0,3.897495985031128,0.0,17.756206512451172
B,1,4,2024-02-23,2024-03-22,6.0,3.242126941680908,0.0,17.10083770751953
B,1,4,2024-03-01,2024-03-29,2.0,2.7547712326049805,0.0,16.613481521606445
B,1,4,2024-03-08,2024-04-05,4.0,2.7389817237854004,0.0,16.597692489624023
B,1,4,2024-03-15,2024-04-12,2.0,2.5467982292175293,0.0,16.405508041381836
B,1,4,2024-03-22,2024-04-19,4.0,2.9450578689575195,0.0,16.803768157958984
B,1,4,2024-03-29,2024-04-26,2.0,2.608535051345825,0.0,16.46724510192871
B,1,4,2024-04-05,2024-05-03,0.0,2.0723373889923096,0.0,15.931047439575195
B,1,4,2024-04-12,2024-05-10,3.0,2.363328695297241,0.0,16.22203826904297
B,1,4,2024-04-19,2024-05-17,5.0,1.5890533924102783,0.0,15.447763442993164
B,1,4,2024-04-26,2024-05-24,3.0,1.2625620365142822,0.0,15.121272087097168
B,1,4,2024-05-03,2024-05-31,3.0,1.3326178789138794,0.0,15.191328048706055
B,1,4,2024-05-10,2024-06-07,2.0,1.6704206466674805,0.0,15.529130935668945
B,1,4,2024-05-17,2024-06-14,3.0,2.1701931953430176,0.0,16.02890396118164
B,1,4,2024-05-24,2024-06-21,3.0,1.9915517568588257,0.0,15.850261688232422
B,1,4,2024-05-31,2024-06-28,7.0,2.95643949508667,0.0,16.815149307250977
B,1,4,2024-06-07,2024-07-05,6.0,3.481062173843384,0.0,17.339773178100586
B,1,4,2024-06-14,2024-07-12,18.0,4.125860214233398,0.0,17.984569549560547
B,1,4,2024-06-21,2024-07-19,11.0,5.136641979217529,0.0,18.995351791381836
B,1,4,2024-06-28,2024-07-26,9.0,7.161314964294434,0.0,21.0200252532959
B,1,4,2024-07-05,2024-08-02,18.0,9.36779499053955,0.0,23.226505279541016
B,1,4,2024-07-12,2024-08-09,16.0,12.062962532043457,0.0,25.921672821044922
B,1,4,2024-07-19,2024-08-16,12.0,13.791385650634766,0.0,27.650096893310547
B,1,4,2024-07-26,2024-08-23,12.0,18.35458755493164,2.240018844604492,32.228729248046875
B,1,4,2024-08-02,2024-08-30,18.0,21.574777603149414,5.460208892822266,35.448917388916016
B,1,4,2024-08-09,2024-09-06,19.0,23.69719696044922,7.58262825012207,37.57133483886719
B,1,4,2024-08-16,2024-09-13,13.0,22.44192123413086,12.805154800415039,36.316062927246094
B,1,4,2024-08-23,2024-09-20,7.0,22.370576858520508,12.733810424804688,36.24471664428711
B,1,4,2024-08-30,2024-09-27,9.0,24.093400955200195,14.456634521484375,37.9675407409668
B,1,4,2024-09-06,2024-10-04,14.0,21.210742950439453,13.041651725769043,35.08488464355469
B,1,4,2024-09-13,2024-10-11,17.0,17.514257431030273,11.159669876098633,31.388397216796875
B,1,4,2024-09-20,2024-10-18,19.0,16.91090202331543,10.556314468383789,30.78504180908203
B,1,4,2024-09-27,2024-10-25,17.0,13.942312240600586,4.500391006469727,27.816452026367188
B,1,4,2024-10-04,2024-11-01,25.0,9.22341251373291,0.0,23.097553253173828
B,1,4,2024-10-11,2024-11-08,19.0,8.6437406539917,0.0,22.517879486083984
B,1,4,2024-10-18,2024-11-15,24.0,9.869120597839355,0.0,23.74325942993164
B,1,4,2024-10-25,2024-11-22,27.0,9.832193374633789,0.0,23.70633316040039
B,1,4,2024-11-01,2024-11-29,25.0,10.642634391784668,0.0,24.516773223876953
B,1,4,2024-11-08,2024-12-06,21.0,13.532634735107422,0.0,27.406774520874023
B,1,4,2024-11-15,2024-12-13,17.0,16.845903396606445,1.4753265380859375,32.62248992919922
B,1,4,2024-11-22,2024-12-20,20.0,16.13396453857422,0.7633876800537109,31.910552978515625
B,1,4,2024-11-29,2024-12-27,8.0,19.850906372070312,4.480329513549805,35.62749481201172
B,1,4,2024-12-06,2025-01-03,26.0,20.22666358947754,4.856086730957031,37.39447021484375
B,1,4,2024-12-13,2025-01-10,30.0,18.234909057617188,2.8643321990966797,35.40271759033203
B,1,4,2024-12-20,2025-01-17,29.0,16.02019691467285,0.6496200561523438,33.18800354003906
B,1,4,2024-12-27,2025-01-24,25.0,14.271525382995605,0.0,31.4393310546875
B,1,4,2025-01-03,2025-01-31,19.0,13.872852325439453,0.0,31.040658950805664
B,1,4,2025-01-10,2025-02-07,17.0,13.872812271118164,0.0,31.040618896484375
B,1,4,2025-01-17,2025-02-14,39.0,13.645885467529297,0.0,30.813692092895508
B,1,4,2025-01-24,2025-02-21,38.0,15.458415031433105,0.08783817291259766,32.626220703125
B,1,4,2025-01-31,2025-02-28,28.0,16.645748138427734,1.2751712799072266,33.81355285644531
B,1,4,2025-02-07,2025-03-07,20.0,16.243167877197266,0.8725910186767578,33.410972595214844
B,1,4,2025-02-14,2025-03-14,15.0,17.86588478088379,2.4953079223632812,35.03369140625
B,1,4,2025-02-21,2025-03-21,19.0,19.34245491027832,3.9718780517578125,36.51026153564453
B,1,4,2025-02-28,2025-03-28,8.0,22.335542678833008,6.9649658203125,47.689659118652344
B,1,4,2025-03-07,2025-04-04,11.0,21.368608474731445,5.9980316162109375,46.72272491455078
B,1,4,2025-03-14,2025-04-11,6.0,18.65252685546875,3.281949996948242,44.00664138793945
B,1,4,2025-03-21,2025-04-18,12.0,16.80624008178711,1.4356632232666016,42.16035461425781
B,1,4,2025-03-28,2025-04-25,8.0,14.39815902709961,0.0,39.75227355957031
B,1,4,2025-04-04,2025-05-02,3.0,13.03665542602539,0.0,38.390769958496094
B,1,4,2025-04-11,2025-05-09,4.0,12.801222801208496,0.0,38.155338287353516
B,1,4,2025-04-18,2025-05-16,4.0,11.87010383605957,0.0,37.224220275878906
B,1,4,2025-04-25,2025-05-23,9.0,10.620537757873535,0.0,35.97465133666992
B,1,4,2025-05-02,2025-05-30,1.0,9.543477058410645,0.0,34.89759063720703
B,1,4,2025-05-09,2025-06-06,4.0,9.820049285888672,0.0,35.174163818359375
B,1,4,2025-05-16,2025-06-13,4.0,8.28763484954834,0.0,33.64175033569336
B,1,4,2025-05-23,2025-06-20,4.0,6.744039058685303,0.0,32.09815216064453
B,1,4,2025-05-30,2025-06-27,8.0,5.828891754150391,0.0,31.183006286621094
B,1,4,2025-06-06,2025-07-04,6.0,6.655461311340332,0.0,32.00957489013672
B,1,4,2025-06-13,2025-07-11,7.0,8.23492431640625,0.0,33.58903884887695
B,1,4,2025-06-20,2025-07-18,7.0,8.190591812133789,0.0,33.544708251953125
B,1,4,2025-06-27,2025-07-25,6.0,9.58211612701416,0.0,34.93622970581055
B,1,4,2025-07-04,2025-08-01,20.0,12.245915412902832,0.0,37.60002899169922
B,1,4,2025-07-11,2025-08-08,15.0,18.93423080444336,3.5636539459228516,44.28834533691406
B,1,4,2025-07-18,2025-08-15,17.0,17.115644454956055,1.7450675964355469,42.469757080078125
B,1,4,2025-07-25,2025-08-22,11.0,11.016846656799316,0.0,36.3709602355957
B,1,4,2025-08-01,2025-08-29,12.0,7.838897228240967,0.0,33.19301223754883
B,1,4,2025-08-08,2025-09-05,,5.642906188964844,0.0,30.997020721435547
B,1,4,2025-08-15,2025-09-12,,6.552898406982422,0.0,31.907012939453125
B,1,4,2025-08-22,2025-09-19,,8.306443214416504,0.0,33.66055679321289
B,1,8,2023-02-17,2023-04-14,1.0,2.7235095500946045,0.0,21.55864906311035
B,1,8,2023-02-24,2023-04-21,3.0,2.1261582374572754,0.0,20.9612979888916
B,1,8,2023-03-03,2023-04-28,4.0,1.7190337181091309,0.0,20.554174423217773
B,1,8,2023-03-10,2023-05-05,5.0,1.5042332410812378,0.0,20.339372634887695
B,1,8,2023-03-17,2023-05-12,4.0,1.6214476823806763,0.0,20.456588745117188
B,1,8,2023-03-24,2023-05-19,4.0,2.1997315883636475,0.0,21.03487205505371
B,1,8,2023-03-31,2023-05-26,6.0,2.878030300140381,0.0,21.713171005249023
B,1,8,2023-04-07,2023-06-02,8.0,3.3494133949279785,0.0,22.184553146362305
B,1,8,2023-04-14,2023-06-09,6.0,5.265052795410156,0.0,24.10019302368164
B,1,8,2023-04-21,2023-06-16,10.0,7.594376087188721,0.0,26.429515838623047
B,1,8,2023-04-28,2023-06-23,12.0,8.662114143371582,0.0,27.49725341796875
B,1,8,2023-05-05,2023-06-30,9.0,13.177103042602539,0.0,32.012245178222656
B,1,8,2023-05-12,2023-07-07,4.0,23.157333374023438,5.908843994140625,41.99247360229492
B,1,8,2023-05-19,2023-07-14,3.0,30.366111755371094,13.117622375488281,49.20125198364258
B,1,8,2023-05-26,2023-07-21,4.0,29.55460548400879,12.306116104125977,48.389747619628906
B,1,8,2023-06-02,2023-07-28,10.0,32.19059753417969,14.942108154296875,51.02573776245117
B,1,8,2023-06-09,2023-08-04,3.0,31.660350799560547,14.411861419677734,50.49549102783203
B,1,8,2023-06-16,2023-08-11,11.0,33.0497932434082,15.80130386352539,51.88493347167969
B,1,8,2023-06-23,2023-08-18,11.0,33.26532745361328,16.01683807373047,52.100467681884766
B,1,8,2023-06-30,2023-08-25,10.0,33.2744026184082,16.02591323852539,52.10954284667969
B,1,8,2023-07-07,2023-09-01,7.0,33.23384094238281,15.9853515625,52.0689811706543
B,1,8,2023-07-14,2023-09-08,18.0,33.16224670410156,15.91375732421875,51.99738693237305
B,1,8,2023-07-21,2023-09-15,7.0,31.573408126831055,12.416074752807617,50.408546447753906
B,1,8,2023-07-28,2023-09-22,13.0,20.163511276245117,0.0,36.753265380859375
B,1,8,2023-08-04,2023-09-29,11.0,13.620729446411133,0.0,22.287702560424805
B,1,8,2023-08-11,2023-10-06,14.0,9.307077407836914,0.0,17.974050521850586
B,1,8,2023-08-18,2023-10-13,7.0,7.979410171508789,0.0,16.64638328552246
B,1,8,2023-08-25,2023-10-20,13.0,8.76282787322998,0.0,17.42980194091797
B,1,8,2023-09-01,2023-10-27,8.0,9.700448036193848,0.0,18.367420196533203
B,1,8,2023-09-08,2023-11-03,17.0,9.8539400100708,0.0,18.520912170410156
B,1,8,2023-09-15,2023-11-10,16.0,8.91903018951416,0.0,17.586002349853516
B,1,8,2023-09-22,2023-11-17,16.0,8.858569145202637,0.0,13.634593963623047
B,1,8,2023-09-29,2023-11-24,11.0,10.144417762756348,0.0,14.920442581176758
B,1,8,2023-10-06,2023-12-01,5.0,7.109713554382324,0.0,11.885738372802734
B,1,8,2023-10-13,2023-12-08,8.0,5.410072326660156,0.0,10.186097145080566
B,1,8,2023-10-20,2023-12-15,7.0,4.385215759277344,0.0,9.07813835144043
B,1,8,2023-10-27,2023-12-22,6.0,4.185623645782471,0.0,8.878545761108398
B,1,8,2023-11-03,2023-12-29,3.0,5.789080619812012,0.0,10.482003211975098
B,1,8,2023-11-10,2024-01-05,11.0,6.459049224853516,0.0,11.151971817016602
B,1,8,2023-11-17,2024-01-12,20.0,7.079160690307617,0.0,14.225220680236816
B,1,8,2023-11-24,2024-01-19,11.0,7.627983570098877,0.0,14.774044036865234
B,1,8,2023-12-01,2024-01-26,15.0,7.780069351196289,0.0,14.926129341125488
B,1,8,2023-12-08,2024-02-02,20.0,7.717530250549316,0.0,14.863590240478516
B,1,8,2023-12-15,2024-02-09,8.0,8.117115020751953,0.0,15.263175010681152
B,1,8,2023-12-22,2024-02-16,13.0,6.817224502563477,0.0,13.963284492492676
B,1,8,2023-12-29,2024-02-23,2.0,6.590664863586426,0.0,13.736724853515625
B,1,8,2024-01-05,2024-03-01,10.0,5.415229797363281,0.0,12.56128978729248
B,1,8,2024-01-12,2024-03-08,10.0,4.733610153198242,0.0,11.879670143127441
B,1,8,2024-01-19,2024-03-15,5.0,4.889564514160156,0.0,12.035624504089355
B,1,8,2024-01-26,2024-03-22,6.0,4.128219127655029,0.0,17.04905891418457
B,1,8,2024-02-02,2024-03-29,2.0,5.205476760864258,0.0,18.12631607055664
B,1,8,2024-02-09,2024-04-05,4.0,3.6374034881591797,0.0,16.558242797851562
B,1,8,2024-02-16,2024-04-12,2.0,3.118396282196045,0.0,16.039236068725586
B,1,8,2024-02-23,2024-04-19,4.0,2.8032500743865967,0.0,15.724089622497559
B,1,8,2024-03-01,2024-04-26,2.0,2.810908555984497,0.0,15.7317476272583
B,1,8,2024-03-08,2024-05-03,0.0,2.991800546646118,0.0,15.912639617919922
B,1,8,2024-03-15,2024-05-10,3.0,3.261270761489868,0.0,16.182109832763672
B,1,8,2024-03-22,2024-05-17,5.0,4.312060356140137,0.0,17.232898712158203
B,1,8,2024-03-29,2024-05-24,3.0,4.2495832443237305,0.0,17.170421600341797
B,1,8,2024-04-05,2024-05-31,3.0,3.4705886840820312,0.0,16.391427993774414
B,1,8,2024-04-12,2024-06-07,2.0,4.381890296936035,0.0,17.302730560302734
B,1,8,2024-04-19,2024-06-14,3.0,3.01046085357666,0.0,15.931300163269043
B,1,8,2024-04-26,2024-06-21,3.0,2.6868815422058105,0.0,15.607721328735352
B,1,8,2024-05-03,2024-06-28,7.0,3.0646893978118896,0.0,15.985528945922852
B,1,8,2024-05-10,2024-07-05,6.0,4.054355144500732,0.0,16.975194931030273
B,1,8,2024-05-17,2024-07-12,18.0,5.740021705627441,0.0,18.66086196899414
B,1,8,2024-05-24,2024-07-19,11.0,4.833865642547607,0.0,17.75470542907715
B,1,8,2024-05-31,2024-07-26,9.0,7.2294158935546875,0.0,20.15025520324707
B,1,8,2024-06-07,2024-08-02,18.0,6.90018367767334,0.0,19.821022033691406
B,1,8,2024-06-14,2024-08-09,16.0,6.6697163581848145,0.0,19.59055519104004
B,1,8,2024-06-21,2024-08-16,12.0,7.787795066833496,0.0,20.708633422851562
B,1,8,2024-06-28,2024-08-23,12.0,10.999785423278809,0.0,23.920623779296875
B,1,8,2024-07-05,2024-08-30,18.0,14.909334182739258,0.0,27.83017349243164
B,1,8,2024-07-12,2024-09-06,19.0,24.81424903869629,0.0,37.73508834838867
B,1,8,2024-07-19,2024-09-13,13.0,20.971899032592773,0.0,33.892738342285156
B,1,8,2024-07-26,2024-09-20,7.0,20.158960342407227,0.0,33.07979965209961
B,1,8,2024-08-02,2024-09-27,9.0,17.96458625793457,0.0,30.885425567626953
B,1,8,2024-08-09,2024-10-04,14.0,17.029687881469727,0.0,29.95052719116211
B,1,8,2024-08-16,2024-10-11,17.0,16.938095092773438,0.0,29.85893440246582
B,1,8,2024-08-23,2024-10-18,19.0,17.025442123413086,0.0,29.94628143310547
B,1,8,2024-08-30,2024-10-25,17.0,17.197534561157227,0.0,30.11837387084961
B,1,8,2024-09-06,2024-11-01,25.0,16.049253463745117,0.0,28.9700927734375
B,1,8,2024-09-13,2024-11-08,19.0,13.013703346252441,0.0,25.93454360961914
B,1,8,2024-09-20,2024-11-15,24.0,13.207779884338379,0.0,26.128620147705078
B,1,8,2024-09-27,2024-11-22,27.0,10.379281044006348,2.407382011413574,23.300121307373047
B,1,8,2024-10-04,2024-11-29,25.0,5.93639612197876,0.0,18.857234954833984
B,1,8,2024-10-11,2024-12-06,21.0,6.207023620605469,0.0,19.12786293029785
B,1,8,2024-10-18,2024-12-13,17.0,7.586637496948242,0.0,20.507476806640625
B,1,8,2024-10-25,2024-12-20,20.0,7.4855265617370605,0.0,20.4063663482666
B,1,8,2024-11-01,2024-12-27,8.0,9.059992790222168,0.0,21.980831146240234
B,1,8,2024-11-08,2025-01-03,26.0,14.7197265625,1.5607662200927734,27.640565872192383
B,1,8,2024-11-15,2025-01-10,30.0,28.155981063842773,14.997020721435547,41.076820373535156
B,1,8,2024-11-22,2025-01-17,29.0,22.54014015197754,9.381179809570312,35.46097946166992
B,1,8,2024-11-29,2025-01-24,25.0,31.345947265625,18.186986923217773,44.26678466796875
B,1,8,2024-12-06,2025-01-31,19.0,29.4137020111084,16.254741668701172,46.034423828125
B,1,8,2024-12-13,2025-02-07,17.0,22.8320255279541,9.673065185546875,41.8956298828125
B,1,8,2024-12-20,2025-02-14,39.0,16.53774642944336,3.378786087036133,35.601348876953125
B,1,8,2024-12-27,2025-02-21,38.0,13.568163871765137,0.40920352935791016,32.63176727294922
B,1,8,2025-01-03,2025-02-28,28.0,12.772244453430176,0.0,31.83584976196289
B,1,8,2025-01-10,2025-03-07,20.0,12.73986530303955,0.0,31.803470611572266
B,1,8,2025-01-17,2025-03-14,15.0,12.36347484588623,0.0,31.427078247070312
B,1,8,2025-01-24,2025-03-21,19.0,13.71308422088623,0.5541238784790039,32.77668762207031
B,1,8,2025-01-31,2025-03-28,8.0,14.467432975769043,1.3084726333618164,33.531036376953125
B,1,8,2025-02-07,2025-04-04,11.0,13.770133018493652,0.6111726760864258,32.833736419677734
B,1,8,2025-02-14,2025-04-11,6.0,15.494848251342773,2.335887908935547,34.55845260620117
B,1,8,2025-02-21,2025-04-18,12.0,18.06320571899414,4.904245376586914,37.126808166503906
B,1,8,2025-02-28,2025-04-25,8.0,28.512985229492188,15.354024887084961,50.97523880004883
B,1,8,2025-03-07,2025-05-02,3.0,27.637210845947266,14.478250503540039,52.06904602050781
B,1,8,2025-03-14,2025-05-09,4.0,24.7630615234375,11.604101181030273,49.19489669799805
B,1,8,2025-03-21,2025-05-16,4.0,23.355966567993164,10.197006225585938,47.787803649902344
B,1,8,2025-03-28,2025-05-23,9.0,19.69424057006836,6.535280227661133,44.126075744628906
B,1,8,2025-04-04,2025-05-30,1.0,23.20497703552246,10.046016693115234,47.636810302734375
B,1,8,2025-04-11,2025-06-06,4.0,27.976150512695312,14.817190170288086,52.40798568725586
B,1,8,2025-04-18,2025-06-13,4.0,26.364641189575195,13.205680847167969,50.796478271484375
B,1,8,2025-04-25,2025-06-20,4.0,22.801937103271484,9.642976760864258,47.23377227783203
B,1,8,2025-05-02,2025-06-27,8.0,22.318811416625977,9.15985107421875,46.750648498535156
B,1,8,2025-05-09,2025-07-04,6.0,26.27225112915039,5.759265899658203,50.70408630371094
B,1,8,2025-05-16,2025-07-11,7.0,23.156295776367188,0.0,47.588130950927734
B,1,8,2025-05-23,2025-07-18,7.0,18.645601272583008,0.0,43.07743835449219
B,1,8,2025-05-30,2025-07-25,6.0,15.366347312927246,0.0,39.79818344116211
B,1,8,2025-06-06,2025-08-01,20.0,16.210477828979492,0.0,40.642311096191406
B,1,8,2025-06-13,2025-08-08,15.0,22.379119873046875,0.0,46.81095504760742
B,1,8,2025-06-20,2025-08-15,17.0,21.512662887573242,0.0,45.944496154785156
B,1,8,2025-06-27,2025-08-22,11.0,20.462907791137695,0.0,44.894744873046875
B,1,8,2025-07-04,2025-08-29,12.0,14.851977348327637,0.0,39.2838134765625
B,1,8,2025-07-11,2025-09-05,,15.856881141662598,0.0,40.28871536254883
B,1,8,2025-07-18,2025-09-12,,12.431965827941895,0.0,36.863800048828125
B,1,8,2025-07-25,2025-09-19,,6.9545183181762695,0.0,31.3863525390625
B,1,8,2025-08-01,2025-09-26,,5.576249122619629,0.0,30.00808334350586
B,1,8,2025-08-08,2025-10-03,,3.9386487007141113,0.0,28.3704833984375
B,1,8,2025-08-15,2025-10-10,,4.680670738220215,0.0,29.112506866455078
B,1,8,2025-08-22,2025-10-17,,5.2940874099731445,0.0,29.725921630859375
B,1,12,2023-02-17,2023-05-12,4.0,2.393725872039795,0.0,22.814788818359375
B,1,12,2023-02-24,2023-05-19,4.0,2.1686227321624756,0.0,22.589685440063477
B,1,12,2023-03-03,2023-05-26,6.0,1.9835686683654785,0.0,22.404630661010742
B,1,12,2023-03-10,2023-06-02,8.0,2.0691213607788086,0.0,22.490184783935547
B,1,12,2023-03-17,2023-06-09,6.0,2.332937002182007,0.0,22.753999710083008
B,1,12,2023-03-24,2023-06-16,10.0,3.227869987487793,0.0,23.64893341064453
B,1,12,2023-03-31,2023-06-23,12.0,4.5679931640625,0.0,24.989055633544922
B,1,12,2023-04-07,2023-06-30,9.0,5.576862812042236,0.0,25.9979248046875
B,1,12,2023-04-14,2023-07-07,4.0,10.582276344299316,0.0,31.003337860107422
B,1,12,2023-04-21,2023-07-14,3.0,17.92487144470215,0.0,38.34593200683594
B,1,12,2023-04-28,2023-07-21,4.0,19.689342498779297,0.0,40.11040496826172
B,1,12,2023-05-05,2023-07-28,10.0,29.96961784362793,9.573310852050781,50.39067840576172
B,1,12,2023-05-12,2023-08-04,3.0,33.273681640625,12.877374649047852,53.69474411010742
B,1,12,2023-05-19,2023-08-11,11.0,33.30352783203125,12.907220840454102,53.72459030151367
B,1,12,2023-05-26,2023-08-18,11.0,33.27751922607422,12.88121223449707,53.69858169555664
B,1,12,2023-06-02,2023-08-25,10.0,31.72160530090332,11.325298309326172,52.142669677734375
B,1,12,2023-06-09,2023-09-01,7.0,19.45841407775879,0.0,39.879478454589844
B,1,12,2023-06-16,2023-09-08,18.0,32.987144470214844,12.590837478637695,53.408206939697266
B,1,12,2023-06-23,2023-09-15,7.0,33.30574035644531,12.909433364868164,53.726802825927734
B,1,12,2023-06-30,2023-09-22,13.0,33.308067321777344,12.911760330200195,53.729129791259766
B,1,12,2023-07-07,2023-09-29,11.0,33.30768585205078,12.911378860473633,53.7287483215332
B,1,12,2023-07-14,2023-10-06,14.0,33.306671142578125,12.910364151000977,53.72773361206055
B,1,12,2023-07-21,2023-10-13,7.0,20.507801055908203,0.11149406433105469,40.928863525390625
B,1,12,2023-07-28,2023-10-20,13.0,16.653087615966797,0.0,37.07415008544922
B,1,12,2023-08-04,2023-10-27,8.0,10.9109525680542,0.0,31.332015991210938
B,1,12,2023-08-11,2023-11-03,17.0,7.89292049407959,0.0,22.18035888671875
B,1,12,2023-08-18,2023-11-10,16.0,7.063839435577393,0.0,21.351276397705078
B,1,12,2023-08-25,2023-11-17,16.0,7.630516052246094,0.0,15.062522888183594
B,1,12,2023-09-01,2023-11-24,11.0,8.13099479675293,0.0,15.56300163269043
B,1,12,2023-09-08,2023-12-01,5.0,8.036574363708496,0.0,15.468581199645996
B,1,12,2023-09-15,2023-12-08,8.0,7.0177412033081055,0.0,14.449748039245605
B,1,12,2023-09-22,2023-12-15,7.0,6.142998695373535,0.0,13.575005531311035
B,1,12,2023-09-29,2023-12-22,6.0,6.60331916809082,0.0,14.03532600402832
B,1,12,2023-10-06,2023-12-29,3.0,5.697356224060059,0.0,13.129363059997559
B,1,12,2023-10-13,2024-01-05,11.0,7.013957977294922,0.0,14.445964813232422
B,1,12,2023-10-20,2024-01-12,20.0,5.358478546142578,0.0,12.790485382080078
B,1,12,2023-10-27,2024-01-19,11.0,5.534038543701172,0.0,12.966045379638672
B,1,12,2023-11-03,2024-01-26,15.0,8.731040954589844,0.0,16.163047790527344
B,1,12,2023-11-10,2024-02-02,20.0,8.968759536743164,0.0,16.400766372680664
B,1,12,2023-11-17,2024-02-09,8.0,9.999974250793457,0.0,19.107053756713867
B,1,12,2023-11-24,2024-02-16,13.0,11.041117668151855,0.0,20.148197174072266
B,1,12,2023-12-01,2024-02-23,2.0,11.724535942077637,0.0,20.831615447998047
B,1,12,2023-12-08,2024-03-01,10.0,11.356578826904297,0.0,20.46365737915039
B,1,12,2023-12-15,2024-03-08,10.0,11.433688163757324,0.0,20.540767669677734
B,1,12,2023-12-22,2024-03-15,5.0,7.958685398101807,0.0,17.065765380859375
B,1,12,2023-12-29,2024-03-22,6.0,7.890994071960449,0.0,16.99807357788086
B,1,12,2024-01-05,2024-03-29,2.0,6.164750576019287,0.0,15.271829605102539
B,1,12,2024-01-12,2024-04-05,4.0,4.610527992248535,0.0,13.717607498168945
B,1,12,2024-01-19,2024-04-12,2.0,4.517697811126709,0.0,13.624776840209961
B,1,12,2024-01-26,2024-04-19,4.0,3.5858919620513916,0.0,18.227413177490234
B,1,12,2024-02-02,2024-04-26,2.0,5.012524604797363,0.0,19.65404510498047
B,1,12,2024-02-09,2024-05-03,0.0,3.8074135780334473,0.0,18.44893455505371
B,1,12,2024-02-16,2024-05-10,3.0,3.8666553497314453,0.0,18.508176803588867
B,1,12,2024-02-23,2024-05-17,5.0,3.8347549438476562,0.0,18.476276397705078
B,1,12,2024-03-01,2024-05-24,3.0,4.275397300720215,0.0,18.916919708251953
B,1,12,2024-03-08,2024-05-31,3.0,4.6023335456848145,0.0,19.243854522705078
B,1,12,2024-03-15,2024-06-07,2.0,5.370668411254883,0.0,20.012189865112305
B,1,12,2024-03-22,2024-06-14,3.0,7.286926746368408,0.0,21.928447723388672
B,1,12,2024-03-29,2024-06-21,3.0,7.451672554016113,0.0,22.09319305419922
B,1,12,2024-04-05,2024-06-28,7.0,6.172642707824707,0.0,20.814163208007812
B,1,12,2024-04-12,2024-07-05,6.0,7.894928455352783,0.0,22.536449432373047
B,1,12,2024-04-19,2024-07-12,18.0,5.722253799438477,0.0,20.3637752532959
B,1,12,2024-04-26,2024-07-19,11.0,5.21070671081543,0.0,19.85222816467285
B,1,12,2024-05-03,2024-07-26,9.0,6.019384384155273,0.0,20.660905838012695
B,1,12,2024-05-10,2024-08-02,18.0,8.09492015838623,0.0,22.73644256591797
B,1,12,2024-05-17,2024-08-09,16.0,11.581212043762207,0.0,26.222732543945312
B,1,12,2024-05-24,2024-08-16,12.0,9.313660621643066,0.0,23.955181121826172
B,1,12,2024-05-31,2024-08-23,12.0,12.79439640045166,0.0,27.435916900634766
B,1,12,2024-06-07,2024-08-30,18.0,11.7472505569458,0.0,26.388771057128906
B,1,12,2024-06-14,2024-09-06,19.0,10.778637886047363,0.0,25.42015838623047
B,1,12,2024-06-21,2024-09-13,13.0,12.104660987854004,0.0,26.74618148803711
B,1,12,2024-06-28,2024-09-20,7.0,16.035615921020508,0.0,30.67713737487793
B,1,12,2024-07-05,2024-09-27,9.0,16.447681427001953,0.0,31.089202880859375
B,1,12,2024-07-12,2024-10-04,14.0,17.224084854125977,0.0,31.8656063079834
B,1,12,2024-07-19,2024-10-11,17.0,15.14064884185791,0.0,29.782169342041016
B,1,12,2024-07-26,2024-10-18,19.0,14.882522583007812,0.0,29.524044036865234
B,1,12,2024-08-02,2024-10-25,17.0,14.137264251708984,0.0,28.778785705566406
B,1,12,2024-08-09,2024-11-01,25.0,13.801750183105469,0.0,28.44327163696289
B,1,12,2024-08-16,2024-11-08,19.0,13.952392578125,0.0,28.593914031982422
B,1,12,2024-08-23,2024-11-15,24.0,14.106396675109863,0.0,28.74791717529297
B,1,12,2024-08-30,2024-11-22,27.0,14.379633903503418,0.0,29.021156311035156
B,1,12,2024-09-06,2024-11-29,25.0,12.628612518310547,0.0,27.27013397216797
B,1,12,2024-09-13,2024-12-06,21.0,8.591062545776367,0.0,23.23258399963379
B,1,12,2024-09-20,2024-12-13,17.0,9.054986000061035,0.0,23.69650650024414
B,1,12,2024-09-27,2024-12-20,20.0,7.612020015716553,0.0,22.253541946411133
B,1,12,2024-10-04,2024-12-27,8.0,5.118513584136963,0.0,19.760034561157227
B,1,12,2024-10-11,2025-01-03,26.0,6.140925884246826,0.0,20.782447814941406
B,1,12,2024-10-18,2025-01-10,30.0,7.012510776519775,0.0,21.65403175354004
B,1,12,2024-10-25,2025-01-17,29.0,6.78366231918335,0.0,21.42518424987793
B,1,12,2024-11-01,2025-01-24,25.0,8.260724067687988,0.0,22.902244567871094
B,1,12,2024-11-08,2025-01-31,19.0,17.01506233215332,7.290526390075684,31.656583786010742
B,1,12,2024-11-15,2025-02-07,17.0,33.28583526611328,23.561298370361328,47.9273567199707
B,1,12,2024-11-22,2025-02-14,39.0,33.132015228271484,23.40747833251953,47.773536682128906
B,1,12,2024-11-29,2025-02-21,38.0,33.30397033691406,23.57943344116211,47.945491790771484
B,1,12,2024-12-06,2025-02-28,28.0,33.29475402832031,23.57021713256836,47.936275482177734
B,1,12,2024-12-13,2025-03-07,20.0,32.994895935058594,23.27035903930664,47.636417388916016
B,1,12,2024-12-20,2025-03-14,15.0,27.360937118530273,17.636402130126953,42.00245666503906
B,1,12,2024-12-27,2025-03-21,19.0,17.572385787963867,7.8478498458862305,32.213905334472656
B,1,12,2025-01-03,2025-03-28,8.0,13.340270042419434,3.615734100341797,27.981792449951172
B,1,12,2025-01-10,2025-04-04,11.0,11.805832862854004,2.081296920776367,26.44735336303711
B,1,12,2025-01-17,2025-04-11,6.0,11.170584678649902,1.4460487365722656,31.029659271240234
B,1,12,2025-01-24,2025-04-18,12.0,12.534649848937988,2.8101139068603516,35.52214050292969
B,1,12,2025-01-31,2025-04-25,8.0,13.0637788772583,3.339242935180664,36.05126953125
B,1,12,2025-02-07,2025-05-02,3.0,12.341218948364258,2.616683006286621,35.32870864868164
B,1,12,2025-02-14,2025-05-09,4.0,14.176268577575684,4.451732635498047,37.16375732421875
B,1,12,2025-02-21,2025-05-16,4.0,20.1614933013916,3.8756580352783203,43.148983001708984
B,1,12,2025-02-28,2025-05-23,9.0,33.277862548828125,16.992027282714844,56.265350341796875
B,1,12,2025-03-07,2025-05-30,1.0,33.2664794921875,16.98064422607422,56.25396728515625
B,1,12,2025-03-14,2025-06-06,4.0,33.22553253173828,16.939697265625,56.21302032470703
B,1,12,2025-03-21,2025-06-13,4.0,33.23799133300781,16.95215606689453,56.22547912597656
B,1,12,2025-03-28,2025-06-20,4.0,33.17151641845703,16.88568115234375,56.15900421142578
B,1,12,2025-04-04,2025-06-27,8.0,33.28260040283203,16.99676513671875,56.27008819580078
B,1,12,2025-04-11,2025-07-04,6.0,33.30328369140625,17.01744842529297,56.290771484375
B,1,12,2025-04-18,2025-07-11,7.0,33.29988098144531,17.01404571533203,56.28736877441406
B,1,12,2025-04-25,2025-07-18,7.0,33.28744125366211,17.001605987548828,56.274932861328125
B,1,12,2025-05-02,2025-07-25,6.0,33.286380767822266,17.000545501708984,56.27387237548828
B,1,12,2025-05-09,2025-08-01,20.0,33.300636291503906,17.014801025390625,56.288124084472656
B,1,12,2025-05-16,2025-08-08,15.0,33.29005813598633,17.004222869873047,56.277549743652344
B,1,12,2025-05-23,2025-08-15,17.0,33.23212432861328,16.9462890625,56.21961212158203
B,1,12,2025-05-30,2025-08-22,11.0,30.773466110229492,14.487630844116211,53.760955810546875
B,1,12,2025-06-06,2025-08-29,12.0,22.282880783081055,0.0,45.27037048339844
B,1,12,2025-06-13,2025-09-05,,30.287456512451172,0.0,53.27494812011719
B,1,12,2025-06-20,2025-09-12,,23.10028648376465,0.0,46.08777618408203
B,1,12,2025-06-27,2025-09-19,,16.049840927124023,0.0,39.037330627441406
B,1,12,2025-07-04,2025-09-26,,10.853211402893066,0.0,33.840702056884766
B,1,12,2025-07-11,2025-10-03,,12.281014442443848,0.0,35.26850509643555
B,1,12,2025-07-18,2025-10-10,,7.291303634643555,0.0,30.278793334960938
B,1,12,2025-07-25,2025-10-17,,3.931896209716797,0.0,26.91938591003418
B,1,12,2025-08-01,2025-10-24,,3.3118886947631836,0.0,26.29937744140625
B,1,12,2025-08-08,2025-10-31,,2.6342039108276367,0.0,25.621692657470703
B,1,12,2025-08-15,2025-11-07,,3.267873525619507,0.0,26.25536346435547
B,1,12,2025-08-22,2025-11-14,,3.521028757095337,0.0,26.50851821899414
C,2,1,2023-02-17,2023-02-24,2.0,4.543820858001709,0.0,16.95574188232422
C,2,1,2023-02-24,2023-03-03,1.0,3.8510351181030273,0.0,16.262954711914062
C,2,1,2023-03-03,2023-03-10,0.0,3.4063282012939453,0.0,15.818248748779297
C,2,1,2023-03-10,2023-03-17,3.0,2.756608486175537,0.0,15.168529510498047
C,2,1,2023-03-17,2023-03-24,1.0,2.630418062210083,0.0,15.042338371276855
C,2,1,2023-03-24,2023-03-31,0.0,2.5458383560180664,0.0,14.957758903503418
C,2,1,2023-03-31,2023-04-07,2.0,2.5769097805023193,0.0,14.98883056640625
C,2,1,2023-04-07,2023-04-14,1.0,2.5268478393554688,0.0,14.93876838684082
C,2,1,2023-04-14,2023-04-21,10.0,2.0811638832092285,0.0,14.493083953857422
C,2,1,2023-04-21,2023-04-28,2.0,2.318911075592041,0.0,14.730831146240234
C,2,1,2023-04-28,2023-05-05,3.0,2.202000141143799,0.0,14.613920211791992
C,2,1,2023-05-05,2023-05-12,3.0,2.5551939010620117,0.0,14.967114448547363
C,2,1,2023-05-12,2023-05-19,4.0,3.9198856353759766,0.0,16.331806182861328
C,2,1,2023-05-19,2023-05-26,1.0,6.23391580581665,0.0,18.645835876464844
C,2,1,2023-05-26,2023-06-02,11.0,7.217510223388672,0.0,19.629430770874023
C,2,1,2023-06-02,2023-06-09,10.0,8.705306053161621,0.0,21.117225646972656
C,2,1,2023-06-09,2023-06-16,5.0,11.43137264251709,0.0,23.843292236328125
C,2,1,2023-06-16,2023-06-23,5.0,12.497527122497559,0.3446950912475586,24.909446716308594
C,2,1,2023-06-23,2023-06-30,2.0,13.639554023742676,1.4867219924926758,26.051475524902344
C,2,1,2023-06-30,2023-07-07,6.0,12.342670440673828,0.18983840942382812,23.093156814575195
C,2,1,2023-07-07,2023-07-14,3.0,12.227827072143555,0.07499504089355469,20.67829704284668
C,2,1,2023-07-14,2023-07-21,5.0,13.70633316040039,1.5535011291503906,22.156803131103516
C,2,1,2023-07-21,2023-07-28,2.0,16.997220993041992,4.844388961791992,24.916057586669922
C,2,1,2023-07-28,2023-08-04,2.0,18.625028610229492,6.472196578979492,26.543865203857422
C,2,1,2023-08-04,2023-08-11,11.0,15.507489204406738,3.3546571731567383,23.42632484436035
C,2,1,2023-08-11,2023-08-18,7.0,13.179550170898438,0.0,21.098386764526367
C,2,1,2023-08-18,2023-08-25,7.0,12.281132698059082,0.0,20.199968338012695
C,2,1,2023-08-25,2023-09-01,9.0,10.954363822937012,0.0,18.873199462890625
C,2,1,2023-09-01,2023-09-08,7.0,12.314685821533203,0.0,20.233522415161133
C,2,1,2023-09-08,2023-09-15,12.0,11.36902141571045,0.0,19.287857055664062
C,2,1,2023-09-15,2023-09-22,12.0,11.474714279174805,0.0,19.393550872802734
C,2,1,2023-09-22,2023-09-29,9.0,12.94810962677002,0.0,20.866945266723633
C,2,1,2023-09-29,2023-10-06,6.0,14.762253761291504,0.0,22.681089401245117
C,2,1,2023-10-06,2023-10-13,8.0,12.182633399963379,0.0,20.101469039916992
C,2,1,2023-10-13,2023-10-20,4.0,9.03774356842041,0.0,16.956579208374023
C,2,1,2023-10-20,2023-10-27,13.0,6.555019378662109,0.0,14.473855972290039
C,2,1,2023-10-27,2023-11-03,8.0,5.366271495819092,0.0,13.285107612609863
C,2,1,2023-11-03,2023-11-10,8.0,4.231777191162109,0.0,12.150613784790039
C,2,1,2023-11-10,2023-11-17,9.0,4.057547092437744,0.0,11.976383209228516
C,2,1,2023-11-17,2023-11-24,8.0,3.9817471504211426,0.0,11.900583267211914
C,2,1,2023-11-24,2023-12-01,4.0,3.475576639175415,0.0,11.394412994384766
C,2,1,2023-12-01,2023-12-08,10.0,3.0342636108398438,0.0,10.953100204467773
C,2,1,2023-12-08,2023-12-15,7.0,3.0496959686279297,0.0,10.96853256225586
C,2,1,2023-12-15,2023-12-22,7.0,3.480226516723633,0.0,11.399063110351562
C,2,1,2023-12-22,2023-12-29,5.0,3.9277024269104004,0.0,11.846538543701172
C,2,1,2023-12-29,2024-01-05,5.0,4.892631530761719,0.0,12.811468124389648
C,2,1,2024-01-05,2024-01-12,9.0,4.470734119415283,0.0,12.389570236206055
C,2,1,2024-01-12,2024-01-19,4.0,3.984048843383789,0.0,11.902885437011719
C,2,1,2024-01-19,2024-01-26,11.0,3.816789150238037,0.0,11.735625267028809
C,2,1,2024-01-26,2024-02-02,7.0,3.9362988471984863,0.0,11.855134963989258
C,2,1,2024-02-02,2024-02-09,6.0,4.372251510620117,0.0,12.291088104248047
C,2,1,2024-02-09,2024-02-16,10.0,3.735175132751465,0.0,11.654010772705078
C,2,1,2024-02-16,2024-02-23,4.0,3.2583436965942383,0.0,11.177179336547852
C,2,1,2024-02-23,2024-03-01,8.0,2.960911989212036,0.0,10.879748344421387
C,2,1,2024-03-01,2024-03-08,5.0,2.699718952178955,0.0,10.618555068969727
C,2,1,2024-03-08,2024-03-15,4.0,2.272378921508789,0.0,10.191215515136719
C,2,1,2024-03-15,2024-03-22,7.0,1.989530324935913,0.0,9.908366203308105
C,2,1,2024-03-22,2024-03-29,1.0,1.9024684429168701,0.0,9.821304321289062
C,2,1,2024-03-29,2024-04-05,4.0,1.6226203441619873,0.0,9.54145622253418
C,2,1,2024-04-05,2024-04-12,3.0,1.3475053310394287,0.0,9.266341209411621
C,2,1,2024-04-12,2024-04-19,5.0,1.3814363479614258,0.0,9.300271987915039
C,2,1,2024-04-19,2024-04-26,4.0,0.8925760984420776,0.0,8.81141185760498
C,2,1,2024-04-26,2024-05-03,1.0,0.5931602716445923,0.0,8.511996269226074
C,2,1,2024-05-03,2024-05-10,2.0,0.528193473815918,0.0,7.711404323577881
C,2,1,2024-05-10,2024-05-17,2.0,0.7530540227890015,0.0,7.936264991760254
C,2,1,2024-05-17,2024-05-24,1.0,1.1207939386367798,0.0,8.304004669189453
C,2,1,2024-05-24,2024-05-31,0.0,1.5563976764678955,0.0,8.739608764648438
C,2,1,2024-05-31,2024-06-07,3.0,2.2821881771087646,0.0,9.465398788452148
C,2,1,2024-06-07,2024-06-14,3.0,3.0502519607543945,0.0,10.233463287353516
C,2,1,2024-06-14,2024-06-21,3.0,4.364582061767578,0.0,11.547792434692383
C,2,1,2024-06-21,2024-06-28,7.0,5.7776055335998535,0.0,12.960816383361816
C,2,1,2024-06-28,2024-07-05,5.0,7.564164161682129,0.0,14.74737548828125
C,2,1,2024-07-05,2024-07-12,11.0,9.193758964538574,0.0,16.376970291137695
C,2,1,2024-07-12,2024-07-19,17.0,10.98309326171875,0.0,18.166303634643555
C,2,1,2024-07-19,2024-07-26,14.0,13.406119346618652,0.0,20.589330673217773
C,2,1,2024-07-26,2024-08-02,22.0,17.342485427856445,0.7174568176269531,24.52569580078125
C,2,1,2024-08-02,2024-08-09,24.0,22.64261817932129,6.017589569091797,29.825828552246094
C,2,1,2024-08-09,2024-08-16,23.0,26.551706314086914,9.926677703857422,33.73491668701172
C,2,1,2024-08-16,2024-08-23,37.0,27.946928024291992,19.184673309326172,35.1301383972168
C,2,1,2024-08-23,2024-08-30,29.0,31.298803329467773,22.536548614501953,38.48201370239258
C,2,1,2024-08-30,2024-09-06,24.0,32.660560607910156,23.89830780029297,39.843772888183594
C,2,1,2024-09-06,2024-09-13,37.0,32.74578857421875,23.983535766601562,41.798858642578125
C,2,1,2024-09-13,2024-09-20,24.0,32.091552734375,23.329299926757812,41.144622802734375
C,2,1,2024-09-20,2024-09-27,28.0,31.8636474609375,23.101394653320312,40.916717529296875
C,2,1,2024-09-27,2024-10-04,34.0,29.76039695739746,20.99814224243164,38.81346893310547
C,2,1,2024-10-04,2024-10-11,23.0,23.023778915405273,14.26152515411377,32.07685089111328
C,2,1,2024-10-11,2024-10-18,30.0,18.774293899536133,10.012040138244629,27.82736587524414
C,2,1,2024-10-18,2024-10-25,38.0,19.973323822021484,11.312763214111328,29.026395797729492
C,2,1,2024-10-25,2024-11-01,35.0,19.862751007080078,11.202190399169922,28.915822982788086
C,2,1,2024-11-01,2024-11-08,43.0,18.673351287841797,10.01279067993164,29.899057388305664
C,2,1,2024-11-08,2024-11-15,52.0,17.59979820251465,8.939237594604492,35.62647247314453
C,2,1,2024-11-15,2024-11-22,44.0,18.255399703979492,9.594839096069336,36.282073974609375
C,2,1,2024-11-22,2024-11-29,39.0,19.220487594604492,10.559926986694336,43.54713439941406
C,2,1,2024-11-29,2024-12-06,42.0,20.577505111694336,11.91694450378418,54.97770690917969
C,2,1,2024-12-06,2024-12-13,30.0,19.800643920898438,11.140083312988281,54.200843811035156
C,2,1,2024-12-13,2024-12-20,18.0,17.385272979736328,8.724712371826172,51.78547286987305
C,2,1,2024-12-20,2024-12-27,8.0,13.659183502197266,4.998622894287109,48.059383392333984
C,2,1,2024-12-27,2025-01-03,22.0,10.063478469848633,1.4029178619384766,44.46367645263672
C,2,1,2025-01-03,2025-01-10,34.0,8.137155532836914,0.0,42.537353515625
C,2,1,2025-01-10,2025-01-17,22.0,6.962367057800293,0.0,41.36256790161133
C,2,1,2025-01-17,2025-01-24,25.0,6.0313310623168945,0.0,40.4315299987793
C,2,1,2025-01-24,2025-01-31,32.0,8.46815299987793,0.0,42.86835479736328
C,2,1,2025-01-31,2025-02-07,32.0,11.197098731994629,2.5365381240844727,45.59729766845703
C,2,1,2025-02-07,2025-02-14,51.0,13.345414161682129,4.684853553771973,47.74561309814453
C,2,1,2025-02-14,2025-02-21,67.0,16.927560806274414,8.267000198364258,51.3277587890625
C,2,1,2025-02-21,2025-02-28,43.0,22.541234970092773,13.880674362182617,56.941436767578125
C,2,1,2025-02-28,2025-03-07,33.0,25.288841247558594,16.628280639648438,62.94342803955078
C,2,1,2025-03-07,2025-03-14,25.0,25.80677604675293,17.146215438842773,75.87921905517578
C,2,1,2025-03-14,2025-03-21,23.0,24.358850479125977,15.69828987121582,74.43128967285156
C,2,1,2025-03-21,2025-03-28,11.0,20.205522537231445,11.544961929321289,70.27796173095703
C,2,1,2025-03-28,2025-04-04,15.0,15.387259483337402,6.726698875427246,65.45970153808594
C,2,1,2025-04-04,2025-04-11,12.0,11.575519561767578,2.914958953857422,61.6479606628418
C,2,1,2025-04-11,2025-04-18,5.0,10.557402610778809,1.3518800735473633,60.629844665527344
C,2,1,2025-04-18,2025-04-25,4.0,8.872882843017578,0.0,58.9453239440918
C,2,1,2025-04-25,2025-05-02,7.0,8.312592506408691,0.0,58.385032653808594
C,2,1,2025-05-02,2025-05-09,6.0,7.777102947235107,0.0,57.849544525146484
C,2,1,2025-05-09,2025-05-16,14.0,7.568368434906006,0.0,57.64080810546875
C,2,1,2025-05-16,2025-05-23,3.0,6.765788555145264,0.0,56.83823013305664
C,2,1,2025-05-23,2025-05-30,8.0,5.503735542297363,0.0,55.576175689697266
C,2,1,2025-05-30,2025-06-06,6.0,5.229786396026611,0.0,55.30222702026367
C,2,1,2025-06-06,2025-06-13,5.0,6.3358869552612305,0.0,56.408329010009766
C,2,1,2025-06-13,2025-06-20,7.0,7.323606491088867,0.0,57.39604949951172
C,2,1,2025-06-20,2025-06-27,7.0,8.599066734313965,0.0,58.6715087890625
C,2,1,2025-06-27,2025-07-04,11.0,11.838536262512207,2.6330137252807617,61.91097640991211
C,2,1,2025-07-04,2025-07-11,15.0,16.154552459716797,6.949029922485352,66.22698974609375
C,2,1,2025-07-11,2025-07-18,19.0,21.17049217224121,11.964969635009766,71.24293518066406
C,2,1,2025-07-18,2025-07-25,19.0,22.29938316345215,13.093860626220703,72.371826171875
C,2,1,2025-07-25,2025-08-01,34.0,23.342811584472656,14.137289047241211,73.41525268554688
C,2,1,2025-08-01,2025-08-08,28.0,28.40714454650879,19.201622009277344,78.47958374023438
C,2,1,2025-08-08,2025-08-15,24.0,30.78287696838379,21.577354431152344,80.85531616210938
C,2,1,2025-08-15,2025-08-22,22.0,32.427589416503906,23.22206687927246,82.50003051757812
C,2,1,2025-08-22,2025-08-29,16.0,31.54794692993164,22.342424392700195,81.62039184570312
C,2,2,2023-02-17,2023-03-03,1.0,4.283892631530762,0.0,17.17177963256836
C,2,2,2023-02-24,2023-03-10,0.0,3.536050796508789,0.0,16.423938751220703
C,2,2,2023-03-03,2023-03-17,3.0,3.0379772186279297,0.0,15.925865173339844
C,2,2,2023-03-10,2023-03-24,1.0,2.4050910472869873,0.0,15.29297924041748
C,2,2,2023-03-17,2023-03-31,0.0,2.329113721847534,0.0,15.217001914978027
C,2,2,2023-03-24,2023-04-07,2.0,2.3816139698028564,0.0,15.269501686096191
C,2,2,2023-03-31,2023-04-14,1.0,2.4841504096984863,0.0,15.372037887573242
C,2,2,2023-04-07,2023-04-21,10.0,2.502030849456787,0.0,15.38991928100586
C,2,2,2023-04-14,2023-04-28,2.0,2.1824610233306885,0.0,15.070348739624023
C,2,2,2023-04-21,2023-05-05,3.0,2.6659903526306152,0.0,15.553878784179688
C,2,2,2023-04-28,2023-05-12,3.0,2.5715866088867188,0.0,15.459474563598633
C,2,2,2023-05-05,2023-05-19,4.0,3.1307032108306885,0.0,16.018590927124023
C,2,2,2023-05-12,2023-05-26,1.0,5.1831841468811035,0.0,18.07107162475586
C,2,2,2023-05-19,2023-06-02,11.0,8.464217185974121,0.0,21.35210418701172
C,2,2,2023-05-26,2023-06-09,10.0,8.4672212600708,0.0,21.35511016845703
C,2,2,2023-06-02,2023-06-16,5.0,10.04726505279541,0.0,22.93515396118164
C,2,2,2023-06-09,2023-06-23,5.0,12.31248950958252,0.0,25.20037841796875
C,2,2,2023-06-16,2023-06-30,2.0,13.484105110168457,0.5575151443481445,26.371994018554688
C,2,2,2023-06-23,2023-07-07,6.0,15.078927040100098,2.152337074279785,27.966815948486328
C,2,2,2023-06-30,2023-07-14,3.0,13.467917442321777,0.5413274765014648,25.698938369750977
C,2,2,2023-07-07,2023-07-21,5.0,13.508468627929688,0.581878662109375,23.505037307739258
C,2,2,2023-07-14,2023-07-28,2.0,14.56597900390625,1.6393890380859375,24.56254768371582
C,2,2,2023-07-21,2023-08-04,2.0,17.449979782104492,4.52338981628418,24.947948455810547
C,2,2,2023-07-28,2023-08-11,11.0,18.296865463256836,5.370275497436523,25.79483413696289
C,2,2,2023-08-04,2023-08-18,7.0,14.215404510498047,1.2888145446777344,21.7133731842041
C,2,2,2023-08-11,2023-08-25,7.0,11.780901908874512,0.0,19.278871536254883
C,2,2,2023-08-18,2023-09-01,9.0,10.983059883117676,0.0,18.481029510498047
C,2,2,2023-08-25,2023-09-08,7.0,9.992413520812988,0.0,17.49038314819336
C,2,2,2023-09-01,2023-09-15,12.0,11.610884666442871,0.0,19.108854293823242
C,2,2,2023-09-08,2023-09-22,12.0,10.645659446716309,0.0,18.14362907409668
C,2,2,2023-09-15,2023-09-29,9.0,10.562576293945312,0.0,18.060544967651367
C,2,2,2023-09-22,2023-10-06,6.0,11.893397331237793,0.0,19.391366958618164
C,2,2,2023-09-29,2023-10-13,8.0,13.027408599853516,0.0,20.52537727355957
C,2,2,2023-10-06,2023-10-20,4.0,10.615813255310059,0.0,18.11378288269043
C,2,2,2023-10-13,2023-10-27,13.0,7.696716785430908,0.0,15.194685935974121
C,2,2,2023-10-20,2023-11-03,8.0,5.192682266235352,0.0,12.690650939941406
C,2,2,2023-10-27,2023-11-10,8.0,4.321620941162109,0.0,11.819589614868164
C,2,2,2023-11-03,2023-11-17,9.0,3.671980381011963,0.0,11.169949531555176
C,2,2,2023-11-10,2023-11-24,8.0,3.562225580215454,0.0,11.060194969177246
C,2,2,2023-11-17,2023-12-01,4.0,3.504366874694824,0.0,11.002336502075195
C,2,2,2023-11-24,2023-12-08,10.0,3.0974130630493164,0.0,10.595382690429688
C,2,2,2023-12-01,2023-12-15,7.0,2.7789368629455566,0.0,10.27690601348877
C,2,2,2023-12-08,2023-12-22,7.0,3.0608057975769043,0.0,10.558774948120117
C,2,2,2023-12-15,2023-12-29,5.0,3.6583988666534424,0.0,11.156368255615234
C,2,2,2023-12-22,2024-01-05,5.0,4.056674480438232,0.0,11.554643630981445
C,2,2,2023-12-29,2024-01-12,9.0,5.047501564025879,0.0,12.54547119140625
C,2,2,2024-01-05,2024-01-19,4.0,4.369923114776611,0.0,11.867892265319824
C,2,2,2024-01-12,2024-01-26,11.0,3.8165295124053955,0.0,11.314498901367188
C,2,2,2024-01-19,2024-02-02,7.0,3.6389341354370117,0.0,11.136903762817383
C,2,2,2024-01-26,2024-02-09,6.0,3.733804702758789,0.0,11.231773376464844
C,2,2,2024-02-02,2024-02-16,10.0,4.117112636566162,0.0,11.615081787109375
C,2,2,2024-02-09,2024-02-23,4.0,3.425821542739868,0.0,10.92379093170166
C,2,2,2024-02-16,2024-03-01,8.0,2.9986512660980225,0.0,10.496620178222656
C,2,2,2024-02-23,2024-03-08,5.0,2.6651546955108643,0.0,10.163124084472656
C,2,2,2024-03-01,2024-03-15,4.0,2.557931661605835,0.0,10.055900573730469
C,2,2,2024-03-08,2024-03-22,7.0,2.1144955158233643,0.0,9.612464904785156
C,2,2,2024-03-15,2024-03-29,1.0,1.877936840057373,0.0,9.375905990600586
C,2,2,2024-03-22,2024-04-05,4.0,1.9239630699157715,0.0,9.421932220458984
C,2,2,2024-03-29,2024-04-12,3.0,1.6622374057769775,0.0,9.16020679473877
C,2,2,2024-04-05,2024-04-19,5.0,1.4090088605880737,0.0,8.906977653503418
C,2,2,2024-04-12,2024-04-26,4.0,1.542502999305725,0.0,9.040472030639648
C,2,2,2024-04-19,2024-05-03,1.0,0.9821271896362305,0.0,8.480096817016602
C,2,2,2024-04-26,2024-05-10,2.0,0.7252038717269897,0.0,8.223173141479492
C,2,2,2024-05-03,2024-05-17,2.0,0.7151507139205933,0.0,7.898621559143066
C,2,2,2024-05-10,2024-05-24,1.0,1.0113962888717651,0.0,8.194867134094238
C,2,2,2024-05-17,2024-05-31,0.0,1.455036997795105,0.0,8.638507843017578
C,2,2,2024-05-24,2024-06-07,3.0,1.8879774808883667,0.0,9.07144832611084
C,2,2,2024-05-31,2024-06-14,3.0,2.7555582523345947,0.0,9.9390287399292
C,2,2,2024-06-07,2024-06-21,3.0,3.5890376567840576,0.0,10.77250862121582
C,2,2,2024-06-14,2024-06-28,7.0,4.733970642089844,0.0,11.917441368103027
C,2,2,2024-06-21,2024-07-05,5.0,6.104439735412598,0.0,13.287910461425781
C,2,2,2024-06-28,2024-07-12,11.0,8.221510887145996,0.0,15.40498161315918
C,2,2,2024-07-05,2024-07-19,17.0,9.966507911682129,0.0,17.149978637695312
C,2,2,2024-07-12,2024-07-26,14.0,11.813547134399414,0.0,18.99701690673828
C,2,2,2024-07-19,2024-08-02,22.0,14.088892936706543,0.0,21.272363662719727
C,2,2,2024-07-26,2024-08-09,24.0,18.924903869628906,3.474924087524414,26.108375549316406
C,2,2,2024-08-02,2024-08-16,23.0,24.790563583374023,9.340583801269531,31.97403335571289
C,2,2,2024-08-09,2024-08-23,37.0,28.231651306152344,12.781671524047852,35.415122985839844
C,2,2,2024-08-16,2024-08-30,29.0,29.46965980529785,22.172794342041016,37.380767822265625
C,2,2,2024-08-23,2024-09-06,24.0,32.462158203125,25.246753692626953,40.37326431274414
C,2,2,2024-08-30,2024-09-13,37.0,33.08557891845703,26.469764709472656,40.99668502807617
C,2,2,2024-09-06,2024-09-20,24.0,32.91956329345703,26.303749084472656,41.68791198730469
C,2,2,2024-09-13,2024-09-27,28.0,30.380056381225586,23.764244079589844,39.148406982421875
C,2,2,2024-09-20,2024-10-04,34.0,30.61189842224121,22.14974021911621,39.3802490234375
C,2,2,2024-09-27,2024-10-11,23.0,26.34380531311035,17.88164710998535,35.112152099609375
C,2,2,2024-10-04,2024-10-18,30.0,18.349685668945312,9.430122375488281,27.11803436279297
C,2,2,2024-10-11,2024-10-25,38.0,14.835003852844238,5.915440559387207,23.603351593017578
C,2,2,2024-10-18,2024-11-01,35.0,15.621002197265625,6.701438903808594,24.38935089111328
C,2,2,2024-10-25,2024-11-08,43.0,15.628478050231934,6.708914756774902,24.396827697753906
C,2,2,2024-11-01,2024-11-15,52.0,14.705979347229004,5.786416053771973,26.356292724609375
C,2,2,2024-11-08,2024-11-22,44.0,14.09875774383545,5.179194450378418,37.263755798339844
C,2,2,2024-11-15,2024-11-29,39.0,15.064393043518066,6.144829750061035,38.22938919067383
C,2,2,2024-11-22,2024-12-06,42.0,15.834966659545898,6.915403366088867,43.20648956298828
C,2,2,2024-11-29,2024-12-13,30.0,16.439327239990234,7.519763946533203,53.73334884643555
C,2,2,2024-12-06,2024-12-20,18.0,15.856189727783203,6.936626434326172,53.150211334228516
C,2,2,2024-12-13,2024-12-27,8.0,13.874735832214355,4.955172538757324,51.168758392333984
C,2,2,2024-12-20,2025-01-03,22.0,10.901378631591797,1.9818153381347656,48.19540023803711
C,2,2,2024-12-27,2025-01-10,34.0,7.888040542602539,0.0,45.18206024169922
C,2,2,2025-01-03,2025-01-17,22.0,6.492948055267334,0.0,43.78696823120117
C,2,2,2025-01-10,2025-01-24,25.0,6.165782928466797,0.0,43.45980453491211
C,2,2,2025-01-17,2025-01-31,32.0,5.839758396148682,0.0,43.13378143310547
C,2,2,2025-01-24,2025-02-07,32.0,8.777283668518066,0.0,46.07130432128906
C,2,2,2025-01-31,2025-02-14,51.0,11.92638111114502,3.0068178176879883,49.220401763916016
C,2,2,2025-02-07,2025-02-21,67.0,14.06519603729248,5.145632743835449,51.35921859741211
C,2,2,2025-02-14,2025-02-28,43.0,17.22673225402832,8.307168960571289,54.520751953125
C,2,2,2025-02-21,2025-03-07,33.0,20.885942459106445,11.966379165649414,58.179962158203125
C,2,2,2025-02-28,2025-03-14,25.0,23.654499053955078,14.734935760498047,62.728118896484375
C,2,2,2025-03-07,2025-03-21,23.0,23.415048599243164,14.495485305786133,76.349853515625
C,2,2,2025-03-14,2025-03-28,11.0,21.113046646118164,12.193483352661133,74.0478515625
C,2,2,2025-03-21,2025-04-04,15.0,17.070545196533203,8.150981903076172,70.0053482055664
C,2,2,2025-03-28,2025-04-11,12.0,13.512655258178711,4.59309196472168,66.44745635986328
C,2,2,2025-04-04,2025-04-18,5.0,10.850485801696777,1.930922508239746,63.7852897644043
C,2,2,2025-04-11,2025-04-25,4.0,10.87752628326416,0.7644796371459961,63.81232833862305
C,2,2,2025-04-18,2025-05-02,7.0,9.818381309509277,0.0,62.7531852722168
C,2,2,2025-04-25,2025-05-09,6.0,9.224553108215332,0.0,62.15935516357422
C,2,2,2025-05-02,2025-05-16,14.0,8.3406343460083,0.0,61.27543640136719
C,2,2,2025-05-09,2025-05-23,3.0,8.237590789794922,0.0,61.172393798828125
C,2,2,2025-05-16,2025-05-30,8.0,7.431866645812988,0.0,60.366668701171875
C,2,2,2025-05-23,2025-06-06,6.0,5.873691558837891,0.0,58.808494567871094
C,2,2,2025-05-30,2025-06-13,5.0,5.746606826782227,0.0,58.68141174316406
C,2,2,2025-06-06,2025-06-20,7.0,7.291621208190918,0.0,60.22642517089844
C,2,2,2025-06-13,2025-06-27,7.0,8.448817253112793,0.0,61.38362121582031
C,2,2,2025-06-20,2025-07-04,11.0,9.793367385864258,0.0,62.728172302246094
C,2,2,2025-06-27,2025-07-11,15.0,12.93675708770752,2.8237104415893555,65.8715591430664
C,2,2,2025-07-04,2025-07-18,19.0,17.515291213989258,7.402244567871094,70.4500961303711
C,2,2,2025-07-11,2025-07-25,19.0,24.3724308013916,14.259384155273438,77.30723571777344
C,2,2,2025-07-18,2025-08-01,34.0,25.756155014038086,15.643108367919922,78.69095611572266
C,2,2,2025-07-25,2025-08-08,28.0,24.756635665893555,14.64358901977539,77.69143676757812
C,2,2,2025-08-01,2025-08-15,24.0,29.139263153076172,19.026216506958008,82.07406616210938
C,2,2,2025-08-08,2025-08-22,22.0,31.159048080444336,21.046001434326172,84.0938491821289
C,2,2,2025-08-15,2025-08-29,16.0,32.832035064697266,22.7189884185791,85.76683807373047
C,2,2,2025-08-22,2025-09-05,,31.095523834228516,20.98247718811035,84.03032684326172
C,2,4,2023-02-17,2023-03-17,3.0,3.410712242126465,0.0,23.909198760986328
C,2,4,2023-02-24,2023-03-24,1.0,2.7205986976623535,0.0,23.219083786010742
C,2,4,2023-03-03,2023-03-31,0.0,2.260916233062744,0.0,22.759401321411133
C,2,4,2023-03-10,2023-04-07,2.0,1.7837190628051758,0.0,22.282203674316406
C,2,4,2023-03-17,2023-04-14,1.0,1.804708480834961,0.0,22.303194046020508
C,2,4,2023-03-24,2023-04-21,10.0,2.107673168182373,0.0,22.606159210205078
C,2,4,2023-03-31,2023-04-28,2.0,2.3826494216918945,0.0,22.881134033203125
C,2,4,2023-04-07,2023-05-05,3.0,2.547053337097168,0.0,23.04553985595703
C,2,4,2023-04-14,2023-05-12,3.0,2.557542324066162,0.0,23.056028366088867
C,2,4,2023-04-21,2023-05-19,4.0,3.75679087638855,0.0,24.25527572631836
C,2,4,2023-04-28,2023-05-26,1.0,3.9355335235595703,0.0,24.434019088745117
C,2,4,2023-05-05,2023-06-02,11.0,5.309471130371094,0.0,25.80795669555664
C,2,4,2023-05-12,2023-06-09,10.0,9.323766708374023,0.0,29.82225227355957
C,2,4,2023-05-19,2023-06-16,5.0,14.402095794677734,0.0,34.90058135986328
C,2,4,2023-05-26,2023-06-23,5.0,12.16617488861084,0.0,32.6646614074707
C,2,4,2023-06-02,2023-06-30,2.0,15.007354736328125,0.4238128662109375,35.50584030151367
C,2,4,2023-06-09,2023-07-07,6.0,16.236404418945312,1.652862548828125,36.73488998413086
C,2,4,2023-06-16,2023-07-14,3.0,18.830167770385742,4.246625900268555,39.328651428222656
C,2,4,2023-06-23,2023-07-21,5.0,23.080110549926758,8.49656867980957,43.57859802246094
C,2,4,2023-06-30,2023-07-28,2.0,20.293317794799805,5.709775924682617,40.79180145263672
C,2,4,2023-07-07,2023-08-04,2.0,19.472349166870117,4.88880729675293,39.97083282470703
C,2,4,2023-07-14,2023-08-11,11.0,18.97890281677246,4.395360946655273,39.477386474609375
C,2,4,2023-07-21,2023-08-18,7.0,21.376420974731445,6.792879104614258,38.82471466064453
C,2,4,2023-07-28,2023-08-25,7.0,19.062990188598633,3.2328224182128906,26.9553165435791
C,2,4,2023-08-04,2023-09-01,9.0,13.022269248962402,0.0,20.914596557617188
C,2,4,2023-08-11,2023-09-08,7.0,10.182307243347168,0.0,18.074634552001953
C,2,4,2023-08-18,2023-09-15,12.0,9.57086181640625,0.0,17.46318817138672
C,2,4,2023-08-25,2023-09-22,12.0,9.061707496643066,0.0,16.95403480529785
C,2,4,2023-09-01,2023-09-29,9.0,10.497947692871094,0.0,18.390274047851562
C,2,4,2023-09-08,2023-10-06,6.0,9.71037483215332,0.0,17.60270118713379
C,2,4,2023-09-15,2023-10-13,8.0,9.464807510375977,0.0,17.357133865356445
C,2,4,2023-09-22,2023-10-20,4.0,10.84211540222168,0.0,18.73444175720215
C,2,4,2023-09-29,2023-10-27,13.0,11.59904956817627,0.0,19.491376876831055
C,2,4,2023-10-06,2023-11-03,8.0,8.965462684631348,0.0,16.857789993286133
C,2,4,2023-10-13,2023-11-10,8.0,6.052337169647217,0.0,13.944664001464844
C,2,4,2023-10-20,2023-11-17,9.0,3.6909825801849365,0.0,11.583309173583984
C,2,4,2023-10-27,2023-11-24,8.0,3.375321626663208,0.0,11.267648696899414
C,2,4,2023-11-03,2023-12-01,4.0,3.5350232124328613,0.0,11.427350044250488
C,2,4,2023-11-10,2023-12-08,10.0,3.4232940673828125,0.0,11.315620422363281
C,2,4,2023-11-17,2023-12-15,7.0,3.428986072540283,0.0,11.32131290435791
C,2,4,2023-11-24,2023-12-22,7.0,3.1511449813842773,0.0,11.043472290039062
C,2,4,2023-12-01,2023-12-29,5.0,2.969935655593872,0.0,10.862262725830078
C,2,4,2023-12-08,2024-01-05,5.0,3.7207183837890625,0.0,11.613044738769531
C,2,4,2023-12-15,2024-01-12,9.0,4.552351474761963,0.0,12.44467830657959
C,2,4,2023-12-22,2024-01-19,4.0,4.573515892028809,0.0,12.465843200683594
C,2,4,2023-12-29,2024-01-26,11.0,5.360427379608154,0.0,13.252754211425781
C,2,4,2024-01-05,2024-02-02,7.0,4.224814414978027,0.0,12.117141723632812
C,2,4,2024-01-12,2024-02-09,6.0,3.495964765548706,0.0,11.388291358947754
C,2,4,2024-01-19,2024-02-16,10.0,3.235421657562256,0.0,11.127748489379883
C,2,4,2024-01-26,2024-02-23,4.0,3.19779634475708,0.0,11.090123176574707
C,2,4,2024-02-02,2024-03-01,8.0,3.4467785358428955,0.0,11.339105606079102
C,2,4,2024-02-09,2024-03-08,5.0,2.797785758972168,0.0,10.690113067626953
C,2,4,2024-02-16,2024-03-15,4.0,2.545464038848877,0.0,10.437790870666504
C,2,4,2024-02-23,2024-03-22,7.0,2.2698466777801514,0.0,10.1621732711792
C,2,4,2024-03-01,2024-03-29,1.0,2.440150260925293,0.0,10.332477569580078
C,2,4,2024-03-08,2024-04-05,4.0,1.994457721710205,0.0,9.886784553527832
C,2,4,2024-03-15,2024-04-12,3.0,1.876103162765503,0.0,9.76842975616455
C,2,4,2024-03-22,2024-04-19,5.0,2.1560280323028564,0.0,10.048355102539062
C,2,4,2024-03-29,2024-04-26,4.0,1.966575264930725,0.0,9.858901977539062
C,2,4,2024-04-05,2024-05-03,1.0,1.7595138549804688,0.0,9.651840209960938
C,2,4,2024-04-12,2024-05-10,2.0,2.1216084957122803,0.0,10.013935089111328
C,2,4,2024-04-19,2024-05-17,2.0,1.40104341506958,0.0,9.293370246887207
C,2,4,2024-04-26,2024-05-24,1.0,1.2314432859420776,0.0,9.123769760131836
C,2,4,2024-05-03,2024-05-31,0.0,1.325989842414856,0.0,8.090568542480469
C,2,4,2024-05-10,2024-06-07,3.0,1.8144967555999756,0.0,8.57907485961914
C,2,4,2024-05-17,2024-06-14,3.0,2.530850887298584,0.0,9.295429229736328
C,2,4,2024-05-24,2024-06-21,3.0,3.0369160175323486,0.0,9.801494598388672
C,2,4,2024-05-31,2024-06-28,7.0,4.275385856628418,0.0,11.03996467590332
C,2,4,2024-06-07,2024-07-05,5.0,5.086485862731934,0.0,11.851064682006836
C,2,4,2024-06-14,2024-07-12,11.0,5.914088249206543,0.0,12.678667068481445
C,2,4,2024-06-21,2024-07-19,17.0,7.528850555419922,0.0,14.293428421020508
C,2,4,2024-06-28,2024-07-26,14.0,10.691128730773926,0.0,17.455707550048828
C,2,4,2024-07-05,2024-08-02,22.0,12.92114543914795,0.0,19.68572425842285
C,2,4,2024-07-12,2024-08-09,24.0,15.653399467468262,0.0,22.417978286743164
C,2,4,2024-07-19,2024-08-16,23.0,17.867219924926758,0.0,24.631797790527344
C,2,4,2024-07-26,2024-08-23,37.0,24.073461532592773,5.780143737792969,30.83803939819336
C,2,4,2024-08-02,2024-08-30,29.0,25.607797622680664,7.314479827880859,35.078948974609375
C,2,4,2024-08-09,2024-09-06,24.0,26.682649612426758,9.21030044555664,36.15380096435547
C,2,4,2024-08-16,2024-09-13,37.0,29.144929885864258,14.768508911132812,38.61608123779297
C,2,4,2024-08-23,2024-09-20,24.0,33.012603759765625,18.63618278503418,42.4837532043457
C,2,4,2024-08-30,2024-09-27,28.0,33.14375305175781,21.08076286315918,42.61490249633789
C,2,4,2024-09-06,2024-10-04,34.0,28.193981170654297,21.351865768432617,41.120521545410156
C,2,4,2024-09-13,2024-10-11,23.0,20.750349044799805,13.908233642578125,33.67688751220703
C,2,4,2024-09-20,2024-10-18,30.0,21.491384506225586,14.649269104003906,34.41792297363281
C,2,4,2024-09-27,2024-10-25,38.0,18.671960830688477,11.829845428466797,31.598499298095703
C,2,4,2024-10-04,2024-11-01,35.0,12.774673461914062,3.7620697021484375,25.70121192932129
C,2,4,2024-10-11,2024-11-08,43.0,10.690022468566895,1.6774187088012695,23.616561889648438
C,2,4,2024-10-18,2024-11-15,52.0,11.053324699401855,2.0407209396362305,23.979862213134766
C,2,4,2024-10-25,2024-11-22,44.0,11.322347640991211,2.309743881225586,24.248886108398438
C,2,4,2024-11-01,2024-11-29,39.0,10.719771385192871,1.707167625427246,23.64630889892578
C,2,4,2024-11-08,2024-12-06,42.0,10.588025093078613,1.5754213333129883,29.916065216064453
C,2,4,2024-11-15,2024-12-13,30.0,11.872749328613281,2.8601455688476562,34.09807586669922
C,2,4,2024-11-22,2024-12-20,18.0,12.257523536682129,3.244919776916504,44.567501068115234
C,2,4,2024-11-29,2024-12-27,8.0,12.16700553894043,3.1544017791748047,53.113677978515625
C,2,4,2024-12-06,2025-01-03,22.0,11.772231101989746,2.759627342224121,52.71890640258789
C,2,4,2024-12-13,2025-01-10,34.0,10.28088092803955,1.2682771682739258,51.22755432128906
C,2,4,2024-12-20,2025-01-17,22.0,7.729915618896484,0.0,48.67658996582031
C,2,4,2024-12-27,2025-01-24,25.0,5.387075424194336,0.0,46.33374786376953
C,2,4,2025-01-03,2025-01-31,32.0,4.88585901260376,0.0,45.83253479003906
C,2,4,2025-01-10,2025-02-07,32.0,5.623931884765625,0.0,46.57060623168945
C,2,4,2025-01-17,2025-02-14,51.0,5.69187068939209,0.0,46.638545989990234
C,2,4,2025-01-24,2025-02-21,67.0,9.128073692321777,0.11546993255615234,50.07474899291992
C,2,4,2025-01-31,2025-02-28,43.0,11.789446830749512,2.7768430709838867,52.736122131347656
C,2,4,2025-02-07,2025-03-07,33.0,12.957255363464355,3.9446516036987305,53.9039306640625
C,2,4,2025-02-14,2025-03-14,25.0,14.268304824829102,5.255701065063477,55.21498107910156
C,2,4,2025-02-21,2025-03-21,23.0,16.108057022094727,7.095453262329102,57.05473327636719
C,2,4,2025-02-28,2025-03-28,11.0,17.99018096923828,8.977577209472656,63.298309326171875
C,2,4,2025-03-07,2025-04-04,15.0,17.5360164642334,8.523412704467773,75.40794372558594
C,2,4,2025-03-14,2025-04-11,12.0,16.1199951171875,7.107391357421875,73.9919204711914
C,2,4,2025-03-21,2025-04-18,5.0,13.806174278259277,4.793570518493652,71.6781005859375
C,2,4,2025-03-28,2025-04-25,4.0,11.704241752624512,2.6916379928588867,69.57616424560547
C,2,4,2025-04-04,2025-05-02,7.0,10.65239429473877,1.6397905349731445,68.52432250976562
C,2,4,2025-04-11,2025-05-09,6.0,12.315573692321777,3.3029699325561523,70.1875
C,2,4,2025-04-18,2025-05-16,14.0,12.770962715148926,3.758358955383301,70.64289093017578
C,2,4,2025-04-25,2025-05-23,3.0,11.803046226501465,2.79044246673584,69.67497253417969
C,2,4,2025-05-02,2025-05-30,8.0,10.59450912475586,1.5819053649902344,68.4664306640625
C,2,4,2025-05-09,2025-06-06,6.0,11.1555757522583,2.142971992492676,69.02750396728516
C,2,4,2025-05-16,2025-06-13,5.0,11.043045997619629,2.030442237854004,68.91497039794922
C,2,4,2025-05-23,2025-06-20,7.0,9.240839958190918,0.22823619842529297,67.11276245117188
C,2,4,2025-05-30,2025-06-27,7.0,9.227148056030273,0.21454429626464844,67.09907531738281
C,2,4,2025-06-06,2025-07-04,11.0,10.956185340881348,1.9435815811157227,68.82810974121094
C,2,4,2025-06-13,2025-07-11,15.0,12.193192481994629,3.180588722229004,70.06511688232422
C,2,4,2025-06-20,2025-07-18,19.0,13.00599479675293,3.9933910369873047,70.87792205810547
C,2,4,2025-06-27,2025-07-25,19.0,15.702713966369629,6.690110206604004,73.57463836669922
C,2,4,2025-07-04,2025-08-01,34.0,19.486597061157227,10.473993301391602,77.3585205078125
C,2,4,2025-07-11,2025-08-08,28.0,26.568645477294922,17.556041717529297,84.44056701660156
C,2,4,2025-07-18,2025-08-15,24.0,26.094022750854492,17.081418991088867,83.96595001220703
C,2,4,2025-07-25,2025-08-22,22.0,20.118555068969727,11.105951309204102,77.990478515625
C,2,4,2025-08-01,2025-08-29,16.0,22.253149032592773,13.240545272827148,80.12507629394531
C,2,4,2025-08-08,2025-09-05,,24.674131393432617,15.661527633666992,82.54605865478516
C,2,4,2025-08-15,2025-09-12,,31.327665328979492,22.315061569213867,89.19959259033203
C,2,4,2025-08-22,2025-09-19,,23.105175018310547,14.092571258544922,80.97709655761719
C,2,8,2023-02-17,2023-04-14,1.0,1.962226390838623,0.0,29.874103546142578
C,2,8,2023-02-24,2023-04-21,10.0,1.7070059776306152,0.0,29.61888313293457
C,2,8,2023-03-03,2023-04-28,2.0,1.4936118125915527,0.0,29.405488967895508
C,2,8,2023-03-10,2023-05-05,3.0,1.4049652814865112,0.0,29.31684112548828
C,2,8,2023-03-17,2023-05-12,3.0,1.5837461948394775,0.0,29.495622634887695
C,2,8,2023-03-24,2023-05-19,4.0,2.2294657230377197,0.0,30.141342163085938
C,2,8,2023-03-31,2023-05-26,1.0,2.9144768714904785,0.0,30.826353073120117
C,2,8,2023-04-07,2023-06-02,11.0,3.455681324005127,0.0,31.367557525634766
C,2,8,2023-04-14,2023-06-09,10.0,4.741865158081055,0.0,32.65373992919922
C,2,8,2023-04-21,2023-06-16,5.0,9.565590858459473,0.0,37.47746658325195
C,2,8,2023-04-28,2023-06-23,5.0,12.040785789489746,0.0,39.95266342163086
C,2,8,2023-05-05,2023-06-30,2.0,19.99860191345215,0.0,47.91047668457031
C,2,8,2023-05-12,2023-07-07,6.0,31.431631088256836,10.201627731323242,59.343505859375
C,2,8,2023-05-19,2023-07-14,3.0,33.067020416259766,11.837017059326172,60.97889709472656
C,2,8,2023-05-26,2023-07-21,5.0,32.79623031616211,11.566226959228516,60.708106994628906
C,2,8,2023-06-02,2023-07-28,2.0,33.17113494873047,11.941131591796875,61.083011627197266
C,2,8,2023-06-09,2023-08-04,2.0,33.110652923583984,11.88064956665039,61.02252960205078
C,2,8,2023-06-16,2023-08-11,11.0,33.247901916503906,12.017898559570312,61.1597785949707
C,2,8,2023-06-23,2023-08-18,7.0,33.28881072998047,12.058807373046875,61.200687408447266
C,2,8,2023-06-30,2023-08-25,7.0,33.26734161376953,12.037338256835938,61.17921829223633
C,2,8,2023-07-07,2023-09-01,9.0,33.25261688232422,12.022613525390625,61.164493560791016
C,2,8,2023-07-14,2023-09-08,7.0,33.229209899902344,11.99920654296875,61.14108657836914
C,2,8,2023-07-21,2023-09-15,12.0,33.208831787109375,7.777200698852539,61.12070846557617
C,2,8,2023-07-28,2023-09-22,12.0,20.253877639770508,0.0,40.824134826660156
C,2,8,2023-08-04,2023-09-29,9.0,10.739201545715332,0.0,19.032196044921875
C,2,8,2023-08-11,2023-10-06,6.0,7.894085884094238,0.0,16.18708038330078
C,2,8,2023-08-18,2023-10-13,8.0,7.783766746520996,0.0,16.076759338378906
C,2,8,2023-08-25,2023-10-20,4.0,7.9418134689331055,0.0,16.234806060791016
C,2,8,2023-09-01,2023-10-27,13.0,8.23633861541748,0.0,16.52933120727539
C,2,8,2023-09-08,2023-11-03,8.0,7.802520751953125,0.0,16.09551429748535
C,2,8,2023-09-15,2023-11-10,8.0,7.771874904632568,0.0,16.064868927001953
C,2,8,2023-09-22,2023-11-17,9.0,9.6752290725708,0.0,17.968223571777344
C,2,8,2023-09-29,2023-11-24,8.0,9.697799682617188,0.0,17.990793228149414
C,2,8,2023-10-06,2023-12-01,4.0,8.12106990814209,0.0,16.4140625
C,2,8,2023-10-13,2023-12-08,10.0,6.608489036560059,0.0,14.901482582092285
C,2,8,2023-10-20,2023-12-15,7.0,3.8923182487487793,0.0,12.185312271118164
C,2,8,2023-10-27,2023-12-22,7.0,4.3237762451171875,0.0,12.616769790649414
C,2,8,2023-11-03,2023-12-29,5.0,6.525694847106934,0.0,14.81868839263916
C,2,8,2023-11-10,2024-01-05,5.0,5.89389181137085,0.0,14.186885833740234
C,2,8,2023-11-17,2024-01-12,9.0,6.029465675354004,0.0,14.32245922088623
C,2,8,2023-11-24,2024-01-19,4.0,5.661555290222168,0.0,13.954548835754395
C,2,8,2023-12-01,2024-01-26,11.0,5.407343864440918,0.0,13.700337409973145
C,2,8,2023-12-08,2024-02-02,7.0,7.538379669189453,0.0,15.83137321472168
C,2,8,2023-12-15,2024-02-09,6.0,8.364506721496582,0.0,16.657501220703125
C,2,8,2023-12-22,2024-02-16,10.0,6.470149993896484,0.0,14.763143539428711
C,2,8,2023-12-29,2024-02-23,4.0,6.380563735961914,0.0,14.67355728149414
C,2,8,2024-01-05,2024-03-01,8.0,4.212111949920654,0.0,12.505105972290039
C,2,8,2024-01-12,2024-03-08,5.0,2.9384968280792236,0.0,11.231490135192871
C,2,8,2024-01-19,2024-03-15,4.0,2.5677649974823,0.0,10.860758781433105
C,2,8,2024-01-26,2024-03-22,7.0,2.2535974979400635,0.0,10.546590805053711
C,2,8,2024-02-02,2024-03-29,1.0,2.307739734649658,0.0,10.600732803344727
C,2,8,2024-02-09,2024-04-05,4.0,2.0602176189422607,0.0,10.353211402893066
C,2,8,2024-02-16,2024-04-12,3.0,2.2436916828155518,0.0,10.5366849899292
C,2,8,2024-02-23,2024-04-19,5.0,2.244817018508911,0.0,10.537810325622559
C,2,8,2024-03-01,2024-04-26,4.0,2.867636203765869,0.0,11.160629272460938
C,2,8,2024-03-08,2024-05-03,1.0,2.461768627166748,0.0,10.754762649536133
C,2,8,2024-03-15,2024-05-10,2.0,2.5692882537841797,0.0,10.862281799316406
C,2,8,2024-03-22,2024-05-17,2.0,3.3355093002319336,0.0,11.62850284576416
C,2,8,2024-03-29,2024-05-24,1.0,3.3793997764587402,0.0,11.672393798828125
C,2,8,2024-04-05,2024-05-31,0.0,3.2738122940063477,0.0,11.566805839538574
C,2,8,2024-04-12,2024-06-07,3.0,4.509881019592285,0.0,12.802874565124512
C,2,8,2024-04-19,2024-06-14,3.0,3.083770275115967,0.0,11.376764297485352
C,2,8,2024-04-26,2024-06-21,3.0,3.0588438510894775,0.0,11.351837158203125
C,2,8,2024-05-03,2024-06-28,7.0,3.5125298500061035,0.0,11.056848526000977
C,2,8,2024-05-10,2024-07-05,5.0,5.205752849578857,0.0,12.75007152557373
C,2,8,2024-05-17,2024-07-12,11.0,8.01733684539795,0.0,15.561655044555664
C,2,8,2024-05-24,2024-07-19,17.0,8.849534034729004,0.0,16.39385223388672
C,2,8,2024-05-31,2024-07-26,14.0,11.609986305236816,0.0,19.15430450439453
C,2,8,2024-06-07,2024-08-02,22.0,11.321402549743652,0.0,18.865720748901367
C,2,8,2024-06-14,2024-08-09,24.0,11.334403991699219,0.0,16.927059173583984
C,2,8,2024-06-21,2024-08-16,23.0,16.11170768737793,0.0,21.704364776611328
C,2,8,2024-06-28,2024-08-23,37.0,30.46233558654785,0.0,36.05499267578125
C,2,8,2024-07-05,2024-08-30,29.0,32.57139205932617,1.4002571105957031,38.16404724121094
C,2,8,2024-07-12,2024-09-06,24.0,33.04402160644531,1.8728866577148438,38.63667678833008
C,2,8,2024-07-19,2024-09-13,37.0,25.555402755737305,0.0,31.148059844970703
C,2,8,2024-07-26,2024-09-20,24.0,19.428030014038086,0.0,25.020687103271484
C,2,8,2024-08-02,2024-09-27,28.0,17.206436157226562,0.0,25.356903076171875
C,2,8,2024-08-09,2024-10-04,34.0,17.19877052307129,0.0,25.34923553466797
C,2,8,2024-08-16,2024-10-11,23.0,18.635953903198242,0.0,29.314552307128906
C,2,8,2024-08-23,2024-10-18,30.0,23.033061981201172,0.0,35.69865798950195
C,2,8,2024-08-30,2024-10-25,38.0,21.30698585510254,0.0,33.97257995605469
C,2,8,2024-09-06,2024-11-01,35.0,14.846783638000488,0.0,27.512378692626953
C,2,8,2024-09-13,2024-11-08,43.0,10.084617614746094,0.0,22.750213623046875
C,2,8,2024-09-20,2024-11-15,52.0,11.514567375183105,0.0,24.180164337158203
C,2,8,2024-09-27,2024-11-22,44.0,11.046182632446289,2.0021610260009766,23.71177864074707
C,2,8,2024-10-04,2024-11-29,39.0,6.9007158279418945,0.0,19.56631088256836
C,2,8,2024-10-11,2024-12-06,42.0,5.634395599365234,0.0,18.299991607666016
C,2,8,2024-10-18,2024-12-13,30.0,5.896267414093018,0.0,22.69749641418457
C,2,8,2024-10-25,2024-12-20,18.0,6.296826362609863,0.0,23.09805679321289
C,2,8,2024-11-01,2024-12-27,8.0,6.007264614105225,0.0,22.808494567871094
C,2,8,2024-11-08,2025-01-03,22.0,6.329692840576172,0.0,23.130922317504883
C,2,8,2024-11-15,2025-01-10,34.0,7.9906206130981445,0.0,28.143836975097656
C,2,8,2024-11-22,2025-01-17,22.0,8.047833442687988,0.0,40.96321487426758
C,2,8,2024-11-29,2025-01-24,25.0,7.308902740478516,0.0,47.794334411621094
C,2,8,2024-12-06,2025-01-31,32.0,7.030846118927002,0.0,47.51627731323242
C,2,8,2024-12-13,2025-02-07,32.0,6.172136306762695,0.0,46.657569885253906
C,2,8,2024-12-20,2025-02-14,51.0,5.164948463439941,0.0,45.6503791809082
C,2,8,2024-12-27,2025-02-21,67.0,4.2545061111450195,0.0,44.73993682861328
C,2,8,2025-01-03,2025-02-28,43.0,4.449579238891602,0.0,44.93501281738281
C,2,8,2025-01-10,2025-03-07,33.0,5.689359188079834,0.0,46.17478942871094
C,2,8,2025-01-17,2025-03-14,25.0,5.317117691040039,0.0,45.80255126953125
C,2,8,2025-01-24,2025-03-21,23.0,8.645289421081543,0.0,49.13072204589844
C,2,8,2025-01-31,2025-03-28,11.0,10.326956748962402,1.2829351425170898,50.8123893737793
C,2,8,2025-02-07,2025-04-04,15.0,10.732614517211914,1.6885929107666016,51.218048095703125
C,2,8,2025-02-14,2025-04-11,12.0,10.572744369506836,1.5287227630615234,51.05817413330078
C,2,8,2025-02-21,2025-04-18,5.0,11.870766639709473,2.82674503326416,52.356197357177734
C,2,8,2025-02-28,2025-04-25,4.0,13.732060432434082,4.6880388259887695,59.56711196899414
C,2,8,2025-03-07,2025-05-02,7.0,13.204014778137207,4.1599931716918945,75.94950866699219
C,2,8,2025-03-14,2025-05-09,6.0,12.126320838928223,3.08229923248291,74.87181854248047
C,2,8,2025-03-21,2025-05-16,14.0,10.628021240234375,1.5839996337890625,73.37351989746094
C,2,8,2025-03-28,2025-05-23,3.0,10.52017879486084,1.4761571884155273,73.26567077636719
C,2,8,2025-04-04,2025-05-30,8.0,15.619449615478516,6.575428009033203,78.36494445800781
C,2,8,2025-04-11,2025-06-06,6.0,28.063810348510742,19.01978874206543,90.8093032836914
C,2,8,2025-04-18,2025-06-13,5.0,30.901334762573242,21.85731315612793,93.6468276977539
C,2,8,2025-04-25,2025-06-20,7.0,27.147480010986328,18.103458404541016,89.89297485351562
C,2,8,2025-05-02,2025-06-27,7.0,26.91664695739746,17.87262535095215,89.66213989257812
C,2,8,2025-05-09,2025-07-04,11.0,30.525835037231445,20.793773651123047,93.27133178710938
C,2,8,2025-05-16,2025-07-11,15.0,31.764427185058594,22.032367706298828,94.50991821289062
C,2,8,2025-05-23,2025-07-18,19.0,30.76356315612793,21.03150177001953,93.5090560913086
C,2,8,2025-05-30,2025-07-25,19.0,31.296354293823242,21.564292907714844,94.0418472290039
C,2,8,2025-06-06,2025-08-01,34.0,32.19974899291992,22.467689514160156,94.94524383544922
C,2,8,2025-06-13,2025-08-08,28.0,32.73583984375,23.003780364990234,95.48133850097656
C,2,8,2025-06-20,2025-08-15,24.0,32.75609588623047,10.692285537719727,95.5015869140625
C,2,8,2025-06-27,2025-08-22,22.0,33.04681396484375,7.145479202270508,95.79231262207031
C,2,8,2025-07-04,2025-08-29,16.0,19.325918197631836,0.0,82.0714111328125
C,2,8,2025-07-11,2025-09-05,,18.002962112426758,0.0,80.74845886230469
C,2,8,2025-07-18,2025-09-12,,16.736343383789062,0.0,79.48184204101562
C,2,8,2025-07-25,2025-09-19,,14.676308631896973,0.0,77.42180633544922
C,2,8,2025-08-01,2025-09-26,,15.222296714782715,0.0,77.96778869628906
C,2,8,2025-08-08,2025-10-03,,15.077071189880371,0.0,77.82256317138672
C,2,8,2025-08-15,2025-10-10,,17.655073165893555,0.0,80.40056610107422
C,2,8,2025-08-22,2025-10-17,,13.592917442321777,0.0,76.33840942382812
C,2,12,2023-02-17,2023-05-12,3.0,2.2009129524230957,0.0,25.584636688232422
C,2,12,2023-02-24,2023-05-19,4.0,2.196070909500122,0.0,25.579795837402344
C,2,12,2023-03-03,2023-05-26,1.0,2.062314987182617,0.0,25.4460391998291
C,2,12,2023-03-10,2023-06-02,11.0,2.1604862213134766,0.0,25.54421043395996
C,2,12,2023-03-17,2023-06-09,10.0,2.493943452835083,0.0,25.877668380737305
C,2,12,2023-03-24,2023-06-16,5.0,3.615032196044922,0.0,26.998756408691406
C,2,12,2023-03-31,2023-06-23,5.0,5.112668514251709,0.0,28.49639320373535
C,2,12,2023-04-07,2023-06-30,2.0,6.383217811584473,0.0,29.76694107055664
C,2,12,2023-04-14,2023-07-07,6.0,9.908453941345215,0.0,33.292179107666016
C,2,12,2023-04-21,2023-07-14,3.0,23.967126846313477,0.0,47.350852966308594
C,2,12,2023-04-28,2023-07-21,5.0,27.180164337158203,0.0,50.56388854980469
C,2,12,2023-05-05,2023-07-28,2.0,33.18470001220703,1.9881935119628906,56.568424224853516
C,2,12,2023-05-12,2023-08-04,2.0,33.306236267089844,2.109729766845703,56.68996047973633
C,2,12,2023-05-19,2023-08-11,11.0,33.308597564697266,2.112091064453125,56.69232177734375
C,2,12,2023-05-26,2023-08-18,7.0,33.307655334472656,2.1111488342285156,56.69137954711914
C,2,12,2023-06-02,2023-08-25,7.0,33.307212829589844,2.110706329345703,56.69093704223633
C,2,12,2023-06-09,2023-09-01,9.0,32.084861755371094,0.8883552551269531,55.46858596801758
C,2,12,2023-06-16,2023-09-08,7.0,33.30778121948242,2.1112747192382812,56.691505432128906
C,2,12,2023-06-23,2023-09-15,12.0,33.309444427490234,2.1129379272460938,56.69316864013672
C,2,12,2023-06-30,2023-09-22,12.0,33.309635162353516,2.113128662109375,56.693359375
C,2,12,2023-07-07,2023-09-29,9.0,33.30961608886719,2.113109588623047,56.69334030151367
C,2,12,2023-07-14,2023-10-06,6.0,33.309547424316406,2.1130409240722656,56.69327163696289
C,2,12,2023-07-21,2023-10-13,8.0,33.30137634277344,2.104869842529297,56.68510055541992
C,2,12,2023-07-28,2023-10-20,4.0,17.049880981445312,0.0,36.77443313598633
C,2,12,2023-08-04,2023-10-27,13.0,8.19718074798584,0.0,24.956825256347656
C,2,12,2023-08-11,2023-11-03,8.0,6.795042514801025,0.0,18.516538619995117
C,2,12,2023-08-18,2023-11-10,8.0,7.093559741973877,0.0,18.81505584716797
C,2,12,2023-08-25,2023-11-17,9.0,7.050223350524902,0.0,15.889737129211426
C,2,12,2023-09-01,2023-11-24,8.0,6.635458946228027,0.0,15.47497272491455
C,2,12,2023-09-08,2023-12-01,4.0,6.12080192565918,0.0,14.960315704345703
C,2,12,2023-09-15,2023-12-08,10.0,6.675674915313721,0.0,15.515188217163086
C,2,12,2023-09-22,2023-12-15,7.0,7.390130519866943,0.0,16.229644775390625
C,2,12,2023-09-29,2023-12-22,7.0,6.40358829498291,0.0,15.243102073669434
C,2,12,2023-10-06,2023-12-29,5.0,10.363944053649902,0.0,19.20345687866211
C,2,12,2023-10-13,2024-01-05,5.0,19.1342830657959,0.0,27.973796844482422
C,2,12,2023-10-20,2024-01-12,9.0,7.246509075164795,0.0,16.086023330688477
C,2,12,2023-10-27,2024-01-19,4.0,8.298260688781738,0.0,17.137775421142578
C,2,12,2023-11-03,2024-01-26,11.0,13.867186546325684,0.0,22.70669937133789
C,2,12,2023-11-10,2024-02-02,7.0,12.508719444274902,0.0,21.34823226928711
C,2,12,2023-11-17,2024-02-09,6.0,12.704352378845215,0.0,21.543865203857422
C,2,12,2023-11-24,2024-02-16,10.0,10.83114242553711,0.0,19.670656204223633
C,2,12,2023-12-01,2024-02-23,4.0,10.021927833557129,0.0,18.86144256591797
C,2,12,2023-12-08,2024-03-01,8.0,14.510873794555664,0.0,23.350387573242188
C,2,12,2023-12-15,2024-03-08,5.0,16.36432647705078,0.0,25.203840255737305
C,2,12,2023-12-22,2024-03-15,4.0,11.870366096496582,0.0,20.709880828857422
C,2,12,2023-12-29,2024-03-22,7.0,13.060312271118164,0.0,21.899826049804688
C,2,12,2024-01-05,2024-03-29,1.0,6.1992340087890625,0.0,15.038747787475586
C,2,12,2024-01-12,2024-04-05,4.0,3.546008825302124,0.0,12.385522842407227
C,2,12,2024-01-19,2024-04-12,3.0,3.124455451965332,0.0,11.963969230651855
C,2,12,2024-01-26,2024-04-19,5.0,2.6363167762756348,0.0,11.475830078125
C,2,12,2024-02-02,2024-04-26,4.0,2.7065300941467285,0.0,11.546043395996094
C,2,12,2024-02-09,2024-05-03,1.0,2.724980592727661,0.0,11.564494132995605
C,2,12,2024-02-16,2024-05-10,2.0,3.318662643432617,0.0,12.15817642211914
C,2,12,2024-02-23,2024-05-17,2.0,3.5465526580810547,0.0,12.386066436767578
C,2,12,2024-03-01,2024-05-24,1.0,4.812969207763672,0.0,13.652482986450195
C,2,12,2024-03-08,2024-05-31,0.0,4.159816265106201,0.0,12.999330520629883
C,2,12,2024-03-15,2024-06-07,3.0,4.436265468597412,0.0,13.275779724121094
C,2,12,2024-03-22,2024-06-14,3.0,5.897571563720703,0.0,14.737085342407227
C,2,12,2024-03-29,2024-06-21,3.0,6.199464797973633,0.0,15.038978576660156
C,2,12,2024-04-05,2024-06-28,7.0,6.155844688415527,0.0,14.99535846710205
C,2,12,2024-04-12,2024-07-05,5.0,8.621556282043457,0.0,17.461071014404297
C,2,12,2024-04-19,2024-07-12,11.0,6.198660373687744,0.0,15.03817367553711
C,2,12,2024-04-26,2024-07-19,17.0,6.299346446990967,0.0,15.138860702514648
C,2,12,2024-05-03,2024-07-26,14.0,7.278164863586426,0.0,16.117679595947266
C,2,12,2024-05-10,2024-08-02,22.0,10.729713439941406,0.0,19.56922721862793
C,2,12,2024-05-17,2024-08-09,24.0,16.870065689086914,0.0,25.709579467773438
C,2,12,2024-05-24,2024-08-16,23.0,17.45318031311035,0.0,26.292694091796875
C,2,12,2024-05-31,2024-08-23,37.0,24.946908950805664,0.0,33.78642272949219
C,2,12,2024-06-07,2024-08-30,29.0,24.862937927246094,0.0,33.70245361328125
C,2,12,2024-06-14,2024-09-06,24.0,25.754352569580078,0.0,33.26041030883789
C,2,12,2024-06-21,2024-09-13,37.0,27.99647331237793,0.0,32.799293518066406
C,2,12,2024-06-28,2024-09-20,24.0,33.22039794921875,1.9141616821289062,38.023216247558594
C,2,12,2024-07-05,2024-09-27,28.0,33.29154968261719,1.9853134155273438,38.09436798095703
C,2,12,2024-07-12,2024-10-04,34.0,31.122554779052734,0.0,35.92537307739258
C,2,12,2024-07-19,2024-10-11,23.0,16.176191329956055,0.0,20.97901153564453
C,2,12,2024-07-26,2024-10-18,30.0,15.125863075256348,0.0,19.928682327270508
C,2,12,2024-08-02,2024-10-25,38.0,13.890046119689941,0.0,24.5906982421875
C,2,12,2024-08-09,2024-11-01,35.0,13.732994079589844,0.0,24.43364715576172
C,2,12,2024-08-16,2024-11-08,43.0,14.849329948425293,0.0,26.119617462158203
C,2,12,2024-08-23,2024-11-15,52.0,15.869406700134277,0.0,27.139694213867188
C,2,12,2024-08-30,2024-11-22,44.0,13.932244300842285,0.0,25.202529907226562
C,2,12,2024-09-06,2024-11-29,39.0,7.833807468414307,0.0,19.886898040771484
C,2,12,2024-09-13,2024-12-06,42.0,4.552353858947754,0.0,16.605445861816406
C,2,12,2024-09-20,2024-12-13,30.0,6.320159912109375,0.0,18.37325096130371
C,2,12,2024-09-27,2024-12-20,18.0,6.65486478805542,0.0,18.707956314086914
C,2,12,2024-10-04,2024-12-27,8.0,4.451549053192139,0.0,16.504640579223633
C,2,12,2024-10-11,2025-01-03,22.0,4.511700630187988,0.0,16.56479263305664
C,2,12,2024-10-18,2025-01-10,34.0,4.761569976806641,0.0,16.814661026000977
C,2,12,2024-10-25,2025-01-17,22.0,4.904435634613037,0.0,16.95752716064453
C,2,12,2024-11-01,2025-01-24,25.0,5.207400321960449,0.0,20.0815372467041
C,2,12,2024-11-08,2025-01-31,32.0,5.9637770652771,0.0,30.073732376098633
C,2,12,2024-11-15,2025-02-07,32.0,6.675703048706055,0.0,30.78565788269043
C,2,12,2024-11-22,2025-02-14,51.0,6.446953773498535,0.0,34.59762191772461
C,2,12,2024-11-29,2025-02-21,67.0,5.482245445251465,0.0,41.61283874511719
C,2,12,2024-12-06,2025-02-28,43.0,5.609859466552734,0.0,41.74045181274414
C,2,12,2024-12-13,2025-03-07,33.0,5.849093914031982,0.0,41.97968673706055
C,2,12,2024-12-20,2025-03-14,25.0,5.835953712463379,0.0,43.283599853515625
C,2,12,2024-12-27,2025-03-21,23.0,5.2897725105285645,0.0,42.73741912841797
C,2,12,2025-01-03,2025-03-28,11.0,5.351806640625,0.0,42.79945373535156
C,2,12,2025-01-10,2025-04-04,15.0,6.091372489929199,0.0,43.53902053833008
C,2,12,2025-01-17,2025-04-11,12.0,5.345315933227539,0.0,42.79296112060547
C,2,12,2025-01-24,2025-04-18,5.0,8.005903244018555,0.0,45.45355224609375
C,2,12,2025-01-31,2025-04-25,4.0,9.370217323303223,0.0,46.81786346435547
C,2,12,2025-02-07,2025-05-02,7.0,9.470734596252441,0.0,46.91838073730469
C,2,12,2025-02-14,2025-05-09,6.0,8.913994789123535,0.0,46.36164093017578
C,2,12,2025-02-21,2025-05-16,14.0,9.316319465637207,0.0,46.76396560668945
C,2,12,2025-02-28,2025-05-23,3.0,10.71522045135498,0.0,55.26826858520508
C,2,12,2025-03-07,2025-05-30,8.0,10.1216402053833,0.0,71.63939666748047
C,2,12,2025-03-14,2025-06-06,6.0,9.180502891540527,0.0,70.69825744628906
C,2,12,2025-03-21,2025-06-13,5.0,8.946930885314941,0.0,70.46468353271484
C,2,12,2025-03-28,2025-06-20,7.0,15.661715507507324,6.441317558288574,77.1794662475586
C,2,12,2025-04-04,2025-06-27,7.0,33.01383972167969,23.793441772460938,94.5315933227539
C,2,12,2025-04-11,2025-07-04,11.0,33.302818298339844,24.082420349121094,94.82057189941406
C,2,12,2025-04-18,2025-07-11,15.0,33.30754852294922,24.08715057373047,94.82530212402344
C,2,12,2025-04-25,2025-07-18,19.0,33.301353454589844,24.080955505371094,94.81910705566406
C,2,12,2025-05-02,2025-07-25,19.0,33.30071258544922,24.08031463623047,94.81846618652344
C,2,12,2025-05-09,2025-08-01,34.0,33.30708312988281,24.086685180664062,94.82483673095703
C,2,12,2025-05-16,2025-08-08,28.0,33.30841064453125,24.0880126953125,94.82616424560547
C,2,12,2025-05-23,2025-08-15,24.0,33.3073616027832,24.086963653564453,94.82511901855469
C,2,12,2025-05-30,2025-08-22,22.0,33.307533264160156,24.087135314941406,94.82528686523438
C,2,12,2025-06-06,2025-08-29,16.0,33.308013916015625,24.087615966796875,94.82576751708984
C,2,12,2025-06-13,2025-09-05,,33.308990478515625,24.088592529296875,94.82674407958984
C,2,12,2025-06-20,2025-09-12,,33.30828094482422,24.08788299560547,94.82603454589844
C,2,12,2025-06-27,2025-09-19,,33.30668640136719,24.086288452148438,94.8244400024414
C,2,12,2025-07-04,2025-09-26,,15.835777282714844,6.615379333496094,77.35353088378906
C,2,12,2025-07-11,2025-10-03,,15.030267715454102,0.0,76.54801940917969
C,2,12,2025-07-18,2025-10-10,,13.352177619934082,0.0,74.86993408203125
C,2,12,2025-07-25,2025-10-17,,9.955731391906738,0.0,71.4734878540039
C,2,12,2025-08-01,2025-10-24,,10.7133207321167,0.0,72.23107147216797
C,2,12,2025-08-08,2025-10-31,,10.098440170288086,0.0,71.61619567871094
C,2,12,2025-08-15,2025-11-07,,10.584787368774414,0.0,72.1025390625
C,2,12,2025-08-22,2025-11-14,,7.838272571563721,0.0,69.35602569580078
D,3,1,2023-02-17,2023-02-24,2.0,3.1417603492736816,0.0,9.701136589050293
D,3,1,2023-02-24,2023-03-03,2.0,2.8894944190979004,0.0,9.448870658874512
D,3,1,2023-03-03,2023-03-10,0.0,2.5549421310424805,0.0,9.11431884765625
D,3,1,2023-03-10,2023-03-17,2.0,2.2303576469421387,0.0,8.78973388671875
D,3,1,2023-03-17,2023-03-24,2.0,2.190294027328491,0.0,8.749670028686523
D,3,1,2023-03-24,2023-03-31,2.0,2.1351492404937744,0.0,8.694525718688965
D,3,1,2023-03-31,2023-04-07,1.0,2.1892547607421875,0.0,8.74863052368164
D,3,1,2023-04-07,2023-04-14,2.0,2.191765069961548,0.0,8.751141548156738
D,3,1,2023-04-14,2023-04-21,1.0,1.8674854040145874,0.0,8.426861763000488
D,3,1,2023-04-21,2023-04-28,0.0,1.9205034971237183,0.0,8.479879379272461
D,3,1,2023-04-28,2023-05-05,0.0,1.6902227401733398,0.0,8.24959945678711
D,3,1,2023-05-05,2023-05-12,1.0,1.868096113204956,0.0,8.427472114562988
D,3,1,2023-05-12,2023-05-19,0.0,2.6427509784698486,0.0,9.202127456665039
D,3,1,2023-05-19,2023-05-26,2.0,3.6455740928649902,0.0,10.204950332641602
D,3,1,2023-05-26,2023-06-02,0.0,3.6280014514923096,0.0,7.24240779876709
D,3,1,2023-06-02,2023-06-09,0.0,3.342099189758301,0.0,5.469583988189697
D,3,1,2023-06-09,2023-06-16,3.0,3.508159637451172,0.0,5.635644435882568
D,3,1,2023-06-16,2023-06-23,3.0,2.840656042098999,0.0,4.968140602111816
D,3,1,2023-06-23,2023-06-30,2.0,3.073395252227783,0.0,5.20088005065918
D,3,1,2023-06-30,2023-07-07,3.0,3.3183727264404297,0.0,5.445857524871826
D,3,1,2023-07-07,2023-07-14,1.0,4.289608955383301,0.0,6.417093753814697
D,3,1,2023-07-14,2023-07-21,8.0,5.484805107116699,0.0,7.612289905548096
D,3,1,2023-07-21,2023-07-28,3.0,7.060585021972656,0.0,9.188070297241211
D,3,1,2023-07-28,2023-08-04,5.0,8.906350135803223,0.0,11.033834457397461
D,3,1,2023-08-04,2023-08-11,4.0,8.50338077545166,1.042738914489746,11.018575668334961
D,3,1,2023-08-11,2023-08-18,2.0,7.130595684051514,0.0,9.645790100097656
D,3,1,2023-08-18,2023-08-25,9.0,5.0787129402160645,0.0,7.593907833099365
D,3,1,2023-08-25,2023-09-01,1.0,5.440453052520752,0.0,7.955647945404053
D,3,1,2023-09-01,2023-09-08,2.0,7.634495735168457,0.17385387420654297,10.149690628051758
D,3,1,2023-09-08,2023-09-15,4.0,6.516424179077148,0.0,10.437711715698242
D,3,1,2023-09-15,2023-09-22,4.0,5.783537864685059,0.6529421806335449,9.704824447631836
D,3,1,2023-09-22,2023-09-29,7.0,5.784366130828857,0.1498703956604004,9.705653190612793
D,3,1,2023-09-29,2023-10-06,16.0,5.894671440124512,0.2601757049560547,9.815958023071289
D,3,1,2023-10-06,2023-10-13,8.0,5.527988433837891,0.0,9.449275970458984
D,3,1,2023-10-13,2023-10-20,6.0,5.3839521408081055,0.0,9.305238723754883
D,3,1,2023-10-20,2023-10-27,3.0,4.884721755981445,0.0,14.990050315856934
D,3,1,2023-10-27,2023-11-03,3.0,3.878976821899414,0.0,13.984305381774902
D,3,1,2023-11-03,2023-11-10,5.0,3.7677597999572754,0.0,13.873088836669922
D,3,1,2023-11-10,2023-11-17,2.0,3.9610495567321777,0.0,14.066377639770508
D,3,1,2023-11-17,2023-11-24,5.0,3.5066089630126953,0.0,13.611937522888184
D,3,1,2023-11-24,2023-12-01,7.0,3.0330519676208496,0.0,13.13838005065918
D,3,1,2023-12-01,2023-12-08,3.0,2.650517702102661,0.0,12.75584602355957
D,3,1,2023-12-08,2023-12-15,3.0,2.409061908721924,0.0,12.51439094543457
D,3,1,2023-12-15,2023-12-22,2.0,2.2857608795166016,0.0,12.39108943939209
D,3,1,2023-12-22,2023-12-29,0.0,1.9955263137817383,0.0,12.100854873657227
D,3,1,2023-12-29,2024-01-05,3.0,2.305318832397461,0.0,12.41064739227295
D,3,1,2024-01-05,2024-01-12,2.0,2.3645412921905518,0.0,12.469869613647461
D,3,1,2024-01-12,2024-01-19,1.0,2.071782350540161,0.0,12.17711067199707
D,3,1,2024-01-19,2024-01-26,2.0,2.0746524333953857,0.0,12.179981231689453
D,3,1,2024-01-26,2024-02-02,1.0,2.1924402713775635,0.0,12.297768592834473
D,3,1,2024-02-02,2024-02-09,1.0,2.4636058807373047,0.0,12.568934440612793
D,3,1,2024-02-09,2024-02-16,0.0,2.124471664428711,0.0,12.2298002243042
D,3,1,2024-02-16,2024-02-23,2.0,1.7986602783203125,0.0,11.9039888381958
D,3,1,2024-02-23,2024-03-01,1.0,1.579953908920288,0.0,11.685282707214355
D,3,1,2024-03-01,2024-03-08,2.0,1.5557883977890015,0.0,11.661116600036621
D,3,1,2024-03-08,2024-03-15,2.0,1.2026258707046509,0.0,11.307954788208008
D,3,1,2024-03-15,2024-03-22,1.0,1.056667685508728,0.0,11.161995887756348
D,3,1,2024-03-22,2024-03-29,1.0,0.9480243921279907,0.0,11.053353309631348
D,3,1,2024-03-29,2024-04-05,3.0,0.7574253678321838,0.0,10.862753868103027
D,3,1,2024-04-05,2024-04-12,1.0,0.6188362836837769,0.0,10.724164962768555
D,3,1,2024-04-12,2024-04-19,1.0,0.7386043071746826,0.0,10.84393310546875
D,3,1,2024-04-19,2024-04-26,2.0,0.27960503101348877,0.0,10.384933471679688
D,3,1,2024-04-26,2024-05-03,2.0,0.241056889295578,0.0,10.34638500213623
D,3,1,2024-05-03,2024-05-10,1.0,0.20655839145183563,0.0,10.31188678741455
D,3,1,2024-05-10,2024-05-17,1.0,0.37706458568573,0.0,10.482393264770508
D,3,1,2024-05-17,2024-05-24,2.0,0.5416842699050903,0.0,10.647012710571289
D,3,1,2024-05-24,2024-05-31,3.0,0.5245121717453003,0.0,10.629840850830078
D,3,1,2024-05-31,2024-06-07,2.0,0.7364617586135864,0.0,10.841790199279785
D,3,1,2024-06-07,2024-06-14,0.0,1.226379156112671,0.0,11.331707954406738
D,3,1,2024-06-14,2024-06-21,2.0,2.0908122062683105,0.0,12.19614028930664
D,3,1,2024-06-21,2024-06-28,2.0,2.8447341918945312,0.0,12.95006275177002
D,3,1,2024-06-28,2024-07-05,1.0,4.051647663116455,0.0,14.156976699829102
D,3,1,2024-07-05,2024-07-12,6.0,5.48881721496582,0.0,15.594145774841309
D,3,1,2024-07-12,2024-07-19,5.0,7.619251251220703,1.984755516052246,17.724578857421875
D,3,1,2024-07-19,2024-07-26,5.0,8.57175350189209,2.937257766723633,18.677082061767578
D,3,1,2024-07-26,2024-08-02,13.0,9.521461486816406,3.886965751647949,19.626789093017578
D,3,1,2024-08-02,2024-08-09,5.0,10.22044563293457,4.585949897766113,20.325775146484375
D,3,1,2024-08-09,2024-08-16,7.0,10.812296867370605,5.177801132202148,20.917625427246094
D,3,1,2024-08-16,2024-08-23,4.0,10.607338905334473,4.972843170166016,20.71266746520996
D,3,1,2024-08-23,2024-08-30,6.0,13.360548973083496,7.726053237915039,23.465877532958984
D,3,1,2024-08-30,2024-09-06,5.0,15.713473320007324,10.078977584838867,25.818801879882812
D,3,1,2024-09-06,2024-09-13,8.0,15.277253150939941,8.669914245605469,25.38258171081543
D,3,1,2024-09-13,2024-09-20,10.0,13.191168785095215,5.830619812011719,23.296497344970703
D,3,1,2024-09-20,2024-09-27,8.0,12.300145149230957,1.5866718292236328,22.405473709106445
D,3,1,2024-09-27,2024-10-04,10.0,9.734885215759277,0.0,19.840213775634766
D,3,1,2024-10-04,2024-10-11,5.0,7.753790855407715,0.0,17.859119415283203
D,3,1,2024-10-11,2024-10-18,12.0,7.137691974639893,0.0,17.24302101135254
D,3,1,2024-10-18,2024-10-25,3.0,7.574497222900391,0.0,11.541444778442383
D,3,1,2024-10-25,2024-11-01,12.0,6.283271789550781,0.0,10.250219345092773
D,3,1,2024-11-01,2024-11-08,12.0,6.135781288146973,0.0,10.998088836669922
D,3,1,2024-11-08,2024-11-15,18.0,6.511517524719238,0.0,11.373825073242188
D,3,1,2024-11-15,2024-11-22,10.0,7.102968215942383,0.0,12.819696426391602
D,3,1,2024-11-22,2024-11-29,14.0,5.947531700134277,0.0,11.811750411987305
D,3,1,2024-11-29,2024-12-06,6.0,7.32285213470459,0.0,18.81133460998535
D,3,1,2024-12-06,2024-12-13,6.0,8.247204780578613,0.0,19.735687255859375
D,3,1,2024-12-13,2024-12-20,12.0,7.528740882873535,0.0,19.017223358154297
D,3,1,2024-12-20,2024-12-27,1.0,6.994848251342773,0.0,18.48332977294922
D,3,1,2024-12-27,2025-01-03,8.0,6.079742431640625,0.0,17.568225860595703
D,3,1,2025-01-03,2025-01-10,6.0,6.311083793640137,0.0,17.7995662689209
D,3,1,2025-01-10,2025-01-17,8.0,5.959717273712158,0.0,17.448200225830078
D,3,1,2025-01-17,2025-01-24,11.0,5.6379876136779785,0.0,17.1264705657959
D,3,1,2025-01-24,2025-01-31,10.0,5.542165756225586,0.0,17.03064727783203
D,3,1,2025-01-31,2025-02-07,11.0,6.117131233215332,0.0,17.605613708496094
D,3,1,2025-02-07,2025-02-14,20.0,6.527897357940674,0.0,18.016380310058594
D,3,1,2025-02-14,2025-02-21,14.0,7.185224533081055,0.0,18.6737060546875
D,3,1,2025-02-21,2025-02-28,16.0,7.700386047363281,0.0,19.18886947631836
D,3,1,2025-02-28,2025-03-07,12.0,7.997258186340332,0.0,21.4693603515625
D,3,1,2025-03-07,2025-03-14,10.0,8.174153327941895,0.0,21.646255493164062
D,3,1,2025-03-14,2025-03-21,2.0,7.574889659881592,0.0,21.046993255615234
D,3,1,2025-03-21,2025-03-28,4.0,6.442246913909912,0.0,19.914350509643555
D,3,1,2025-03-28,2025-04-04,4.0,5.085976600646973,0.0,18.55807876586914
D,3,1,2025-04-04,2025-04-11,0.0,4.345217704772949,0.0,17.81732177734375
D,3,1,2025-04-11,2025-04-18,5.0,4.217434883117676,0.0,17.689537048339844
D,3,1,2025-04-18,2025-04-25,4.0,3.699341297149658,0.0,17.171443939208984
D,3,1,2025-04-25,2025-05-02,2.0,3.1280019283294678,0.0,16.60010528564453
D,3,1,2025-05-02,2025-05-09,0.0,2.718966007232666,0.0,16.191068649291992
D,3,1,2025-05-09,2025-05-16,2.0,2.554943084716797,0.0,16.02704620361328
D,3,1,2025-05-16,2025-05-23,2.0,2.0380704402923584,0.0,15.510173797607422
D,3,1,2025-05-23,2025-05-30,1.0,1.4519778490066528,0.0,14.924080848693848
D,3,1,2025-05-30,2025-06-06,2.0,1.1283437013626099,0.0,14.600446701049805
D,3,1,2025-06-06,2025-06-13,6.0,1.5118151903152466,0.0,14.983918190002441
D,3,1,2025-06-13,2025-06-20,3.0,2.8132050037384033,0.0,16.285308837890625
D,3,1,2025-06-20,2025-06-27,8.0,3.7819759845733643,0.0,17.254079818725586
D,3,1,2025-06-27,2025-07-04,5.0,5.741997241973877,0.0,19.214099884033203
D,3,1,2025-07-04,2025-07-11,7.0,8.19678020477295,0.0,21.66888427734375
D,3,1,2025-07-11,2025-07-18,4.0,9.63730239868164,0.0,23.109405517578125
D,3,1,2025-07-18,2025-07-25,4.0,9.075519561767578,0.0,22.547622680664062
D,3,1,2025-07-25,2025-08-01,8.0,6.765495777130127,0.0,20.237598419189453
D,3,1,2025-08-01,2025-08-08,15.0,4.028052806854248,0.0,17.50015640258789
D,3,1,2025-08-08,2025-08-15,8.0,3.7827019691467285,0.0,17.254804611206055
D,3,1,2025-08-15,2025-08-22,2.0,4.596456050872803,0.0,18.068559646606445
D,3,1,2025-08-22,2025-08-29,7.0,5.283479690551758,0.0,18.755582809448242
D,3,2,2023-02-17,2023-03-03,2.0,2.794466495513916,0.0,8.819144248962402
D,3,2,2023-02-24,2023-03-10,0.0,2.561574935913086,0.0,8.586252212524414
D,3,2,2023-03-03,2023-03-17,2.0,2.1778299808502197,0.0,8.202507972717285
D,3,2,2023-03-10,2023-03-24,2.0,1.8941335678100586,0.0,7.918811321258545
D,3,2,2023-03-17,2023-03-31,2.0,1.9128180742263794,0.0,7.937495708465576
D,3,2,2023-03-24,2023-04-07,1.0,1.995837688446045,0.0,8.020515441894531
D,3,2,2023-03-31,2023-04-14,2.0,2.1270105838775635,0.0,8.151688575744629
D,3,2,2023-04-07,2023-04-21,1.0,2.1821577548980713,0.0,8.206835746765137
D,3,2,2023-04-14,2023-04-28,0.0,1.9552488327026367,0.0,7.979926586151123
D,3,2,2023-04-21,2023-05-05,0.0,2.1461141109466553,0.0,8.170791625976562
D,3,2,2023-04-28,2023-05-12,1.0,1.9016486406326294,0.0,7.926326274871826
D,3,2,2023-05-05,2023-05-19,0.0,2.176908493041992,0.0,8.20158576965332
D,3,2,2023-05-12,2023-05-26,2.0,3.218179702758789,0.0,9.242856979370117
D,3,2,2023-05-19,2023-06-02,0.0,4.41420841217041,0.0,10.438886642456055
D,3,2,2023-05-26,2023-06-09,0.0,3.937535285949707,0.0,7.414246082305908
D,3,2,2023-06-02,2023-06-16,3.0,3.4558234214782715,0.0,6.441059112548828
D,3,2,2023-06-09,2023-06-23,3.0,3.2213134765625,0.0,6.206549167633057
D,3,2,2023-06-16,2023-06-30,2.0,2.731503486633301,0.0,5.716739177703857
D,3,2,2023-06-23,2023-07-07,3.0,3.2364954948425293,0.0,6.221731185913086
D,3,2,2023-06-30,2023-07-14,1.0,3.790367603302002,0.0,6.775603294372559
D,3,2,2023-07-07,2023-07-21,8.0,4.976240158081055,0.0,7.961475849151611
D,3,2,2023-07-14,2023-07-28,3.0,5.999424457550049,0.0,7.960149765014648
D,3,2,2023-07-21,2023-08-04,5.0,7.182207107543945,0.0,9.142932891845703
D,3,2,2023-07-28,2023-08-11,4.0,8.9994535446167,0.0,10.96017837524414
D,3,2,2023-08-04,2023-08-18,2.0,8.115875244140625,0.26592016220092773,11.13963508605957
D,3,2,2023-08-11,2023-08-25,9.0,6.322964668273926,0.0,9.346724510192871
D,3,2,2023-08-18,2023-09-01,1.0,4.36338996887207,0.0,7.387149810791016
D,3,2,2023-08-25,2023-09-08,2.0,5.172519683837891,0.0,8.196279525756836
D,3,2,2023-09-01,2023-09-15,4.0,7.5425519943237305,0.0,10.566311836242676
D,3,2,2023-09-08,2023-09-22,4.0,6.042330265045166,0.0,9.066089630126953
D,3,2,2023-09-15,2023-09-29,7.0,5.354915618896484,0.0,8.37867546081543
D,3,2,2023-09-22,2023-10-06,16.0,5.297636985778809,0.0,8.321396827697754
D,3,2,2023-09-29,2023-10-13,8.0,4.807580947875977,0.0,7.831340789794922
D,3,2,2023-10-06,2023-10-20,6.0,4.8170881271362305,0.0,7.840847969055176
D,3,2,2023-10-13,2023-10-27,3.0,4.87167501449585,0.0,7.895434856414795
D,3,2,2023-10-20,2023-11-03,3.0,4.408504009246826,0.0,15.11086654663086
D,3,2,2023-10-27,2023-11-10,5.0,3.2714734077453613,0.0,13.973836898803711
D,3,2,2023-11-03,2023-11-17,2.0,3.308408737182617,0.0,14.010771751403809
D,3,2,2023-11-10,2023-11-24,5.0,3.575255870819092,0.0,14.277618408203125
D,3,2,2023-11-17,2023-12-01,7.0,3.0389299392700195,0.0,13.741292953491211
D,3,2,2023-11-24,2023-12-08,3.0,2.630946636199951,0.0,13.333309173583984
D,3,2,2023-12-01,2023-12-15,3.0,2.4434738159179688,0.0,13.14583683013916
D,3,2,2023-12-08,2023-12-22,2.0,2.3753981590270996,0.0,13.077760696411133
D,3,2,2023-12-15,2023-12-29,0.0,2.3394970893859863,0.0,13.041860580444336
D,3,2,2023-12-22,2024-01-05,3.0,1.945453405380249,0.0,12.64781665802002
D,3,2,2023-12-29,2024-01-12,2.0,2.282552719116211,0.0,12.984915733337402
D,3,2,2024-01-05,2024-01-19,1.0,2.267099142074585,0.0,12.969462394714355
D,3,2,2024-01-12,2024-01-26,2.0,1.8995132446289062,0.0,12.601876258850098
D,3,2,2024-01-19,2024-02-02,1.0,1.8736505508422852,0.0,12.576013565063477
D,3,2,2024-01-26,2024-02-09,1.0,1.9510228633880615,0.0,12.653386116027832
D,3,2,2024-02-02,2024-02-16,0.0,2.214125871658325,0.0,12.916488647460938
D,3,2,2024-02-09,2024-02-23,2.0,1.877967357635498,0.0,12.580329895019531
D,3,2,2024-02-16,2024-03-01,1.0,1.557793378829956,0.0,12.260156631469727
D,3,2,2024-02-23,2024-03-08,2.0,1.33058500289917,0.0,12.032947540283203
D,3,2,2024-03-01,2024-03-15,2.0,1.4158012866973877,0.0,12.1181640625
D,3,2,2024-03-08,2024-03-22,1.0,1.0581257343292236,0.0,11.760488510131836
D,3,2,2024-03-15,2024-03-29,1.0,0.9646408557891846,0.0,11.667003631591797
D,3,2,2024-03-22,2024-04-05,3.0,0.939557671546936,0.0,11.641921043395996
D,3,2,2024-03-29,2024-04-12,1.0,0.7732967138290405,0.0,11.475659370422363
D,3,2,2024-04-05,2024-04-19,1.0,0.6817046403884888,0.0,11.38406753540039
D,3,2,2024-04-12,2024-04-26,2.0,0.8566838502883911,0.0,11.559046745300293
D,3,2,2024-04-19,2024-05-03,2.0,0.34910380840301514,0.0,11.051466941833496
D,3,2,2024-04-26,2024-05-10,1.0,0.3694983124732971,0.0,11.071861267089844
D,3,2,2024-05-03,2024-05-17,1.0,0.36422258615493774,0.0,11.066585540771484
D,3,2,2024-05-10,2024-05-24,2.0,0.5772638320922852,0.0,11.279626846313477
D,3,2,2024-05-17,2024-05-31,3.0,0.736628532409668,0.0,11.43899154663086
D,3,2,2024-05-24,2024-06-07,2.0,0.6638154983520508,0.0,11.366178512573242
D,3,2,2024-05-31,2024-06-14,0.0,0.9158202409744263,0.0,11.618183135986328
D,3,2,2024-06-07,2024-06-21,2.0,1.4032118320465088,0.0,12.105574607849121
D,3,2,2024-06-14,2024-06-28,2.0,2.1571598052978516,0.0,12.859522819519043
D,3,2,2024-06-21,2024-07-05,1.0,2.7972209453582764,0.0,13.499584197998047
D,3,2,2024-06-28,2024-07-12,6.0,4.036440849304199,0.0,14.73880386352539
D,3,2,2024-07-05,2024-07-19,5.0,5.522381782531738,0.0,16.22474479675293
D,3,2,2024-07-12,2024-07-26,5.0,7.807033061981201,1.6911578178405762,18.509395599365234
D,3,2,2024-07-19,2024-08-02,13.0,8.40623950958252,2.2903642654418945,19.10860252380371
D,3,2,2024-07-26,2024-08-09,5.0,9.37248420715332,3.2566089630126953,20.074848175048828
D,3,2,2024-08-02,2024-08-16,7.0,10.542815208435059,4.426939964294434,21.24517822265625
D,3,2,2024-08-09,2024-08-23,4.0,11.306882858276367,5.191007614135742,22.009246826171875
D,3,2,2024-08-16,2024-08-30,6.0,11.390538215637207,5.274662971496582,22.0929012298584
D,3,2,2024-08-23,2024-09-06,5.0,14.188401222229004,8.072525978088379,24.890764236450195
D,3,2,2024-08-30,2024-09-13,8.0,15.361498832702637,10.989014625549316,26.063861846923828
D,3,2,2024-09-06,2024-09-20,10.0,14.073882102966309,6.766999244689941,24.7762451171875
D,3,2,2024-09-13,2024-09-27,8.0,11.587159156799316,4.280276298522949,22.289522171020508
D,3,2,2024-09-20,2024-10-04,10.0,11.08602523803711,1.8976240158081055,21.788387298583984
D,3,2,2024-09-27,2024-10-11,5.0,8.935372352600098,0.0,19.63773536682129
D,3,2,2024-10-04,2024-10-18,12.0,7.155327796936035,0.0,17.857690811157227
D,3,2,2024-10-11,2024-10-25,3.0,6.59062385559082,0.0,17.292987823486328
D,3,2,2024-10-18,2024-11-01,12.0,6.647958755493164,0.0,11.241719245910645
D,3,2,2024-10-25,2024-11-08,12.0,5.132253170013428,0.0,9.72601318359375
D,3,2,2024-11-01,2024-11-15,18.0,5.109177589416504,0.0,9.953849792480469
D,3,2,2024-11-08,2024-11-22,10.0,6.078746795654297,0.0,10.923418998718262
D,3,2,2024-11-15,2024-11-29,14.0,7.227978706359863,0.0,12.5800199508667
D,3,2,2024-11-22,2024-12-06,6.0,5.951369285583496,0.0,12.819116592407227
D,3,2,2024-11-29,2024-12-13,6.0,7.966230869293213,0.0,20.857053756713867
D,3,2,2024-12-06,2024-12-20,12.0,8.558196067810059,0.0,21.449018478393555
D,3,2,2024-12-13,2024-12-27,1.0,7.262826442718506,0.0,20.153648376464844
D,3,2,2024-12-20,2025-01-03,8.0,6.837265491485596,0.0,19.72808837890625
D,3,2,2024-12-27,2025-01-10,6.0,6.0422186851501465,0.0,18.933040618896484
D,3,2,2025-01-03,2025-01-17,8.0,6.360262870788574,0.0,19.25108528137207
D,3,2,2025-01-10,2025-01-24,11.0,6.044443607330322,0.0,18.935266494750977
D,3,2,2025-01-17,2025-01-31,10.0,5.715842247009277,0.0,18.606664657592773
D,3,2,2025-01-24,2025-02-07,11.0,5.677591800689697,0.0,18.56841468811035
D,3,2,2025-01-31,2025-02-14,20.0,6.416446208953857,0.0,19.307268142700195
D,3,2,2025-02-07,2025-02-21,14.0,6.903502464294434,0.0,19.79432487487793
D,3,2,2025-02-14,2025-02-28,16.0,7.998815536499023,0.0,20.889636993408203
D,3,2,2025-02-21,2025-03-07,12.0,8.28581714630127,0.0,21.176639556884766
D,3,2,2025-02-28,2025-03-14,10.0,8.917413711547852,0.0,22.500967025756836
D,3,2,2025-03-07,2025-03-21,2.0,9.214654922485352,0.026253700256347656,22.798208236694336
D,3,2,2025-03-14,2025-03-28,4.0,8.286782264709473,0.0,21.87033462524414
D,3,2,2025-03-21,2025-04-04,4.0,6.856779098510742,0.0,20.440332412719727
D,3,2,2025-03-28,2025-04-11,0.0,5.514636516571045,0.0,19.098190307617188
D,3,2,2025-04-04,2025-04-18,5.0,4.9456257820129395,0.0,18.529178619384766
D,3,2,2025-04-11,2025-04-25,4.0,4.890888214111328,0.0,18.474441528320312
D,3,2,2025-04-18,2025-05-02,2.0,4.109354496002197,0.0,17.692907333374023
D,3,2,2025-04-25,2025-05-09,0.0,3.3737473487854004,0.0,16.957300186157227
D,3,2,2025-05-02,2025-05-16,2.0,2.9574177265167236,0.0,16.540971755981445
D,3,2,2025-05-09,2025-05-23,2.0,2.844275951385498,0.0,16.42782974243164
D,3,2,2025-05-16,2025-05-30,1.0,2.257944345474243,0.0,15.841497421264648
D,3,2,2025-05-23,2025-06-06,2.0,1.5778868198394775,0.0,15.161439895629883
D,3,2,2025-05-30,2025-06-13,6.0,1.2864344120025635,0.0,14.869987487792969
D,3,2,2025-06-06,2025-06-20,3.0,1.7748637199401855,0.0,15.358417510986328
D,3,2,2025-06-13,2025-06-27,8.0,3.4588794708251953,0.0,17.04243278503418
D,3,2,2025-06-20,2025-07-04,5.0,4.589770317077637,0.0,18.173324584960938
D,3,2,2025-06-27,2025-07-11,7.0,6.894893646240234,0.0,20.47844696044922
D,3,2,2025-07-04,2025-07-18,4.0,9.314181327819824,0.1257801055908203,22.897735595703125
D,3,2,2025-07-11,2025-07-25,4.0,11.188419342041016,2.0000181198120117,24.77197265625
D,3,2,2025-07-18,2025-08-01,8.0,9.56290340423584,0.37450218200683594,23.14645767211914
D,3,2,2025-07-25,2025-08-08,15.0,6.492096424102783,0.0,20.07564926147461
D,3,2,2025-08-01,2025-08-15,8.0,3.2215328216552734,0.0,16.805086135864258
D,3,2,2025-08-08,2025-08-22,2.0,3.3131909370422363,0.0,16.896743774414062
D,3,2,2025-08-15,2025-08-29,7.0,4.4265360832214355,0.0,18.010089874267578
D,3,2,2025-08-22,2025-09-05,,5.511848449707031,0.0,19.095401763916016
D,3,4,2023-02-17,2023-03-17,2.0,2.046402931213379,0.0,7.386722564697266
D,3,4,2023-02-24,2023-03-24,2.0,1.8967645168304443,0.0,7.23708438873291
D,3,4,2023-03-03,2023-03-31,2.0,1.5448081493377686,0.0,6.885128021240234
D,3,4,2023-03-10,2023-04-07,1.0,1.3828425407409668,0.0,6.7231621742248535
D,3,4,2023-03-17,2023-04-14,2.0,1.4934591054916382,0.0,6.8337788581848145
D,3,4,2023-03-24,2023-04-21,1.0,1.8014163970947266,0.0,7.141736030578613
D,3,4,2023-03-31,2023-04-28,0.0,2.0716867446899414,0.0,7.412006378173828
D,3,4,2023-04-07,2023-05-05,0.0,2.2300617694854736,0.0,7.570381164550781
D,3,4,2023-04-14,2023-05-12,1.0,2.2600855827331543,0.0,7.600405216217041
D,3,4,2023-04-21,2023-05-19,0.0,2.824367046356201,0.0,8.16468620300293
D,3,4,2023-04-28,2023-05-26,2.0,2.6237683296203613,0.0,7.964087963104248
D,3,4,2023-05-05,2023-06-02,0.0,3.163053512573242,0.0,8.503373146057129
D,3,4,2023-05-12,2023-06-09,0.0,4.929518699645996,0.0,10.269838333129883
D,3,4,2023-05-19,2023-06-16,3.0,6.549284934997559,0.0,11.889604568481445
D,3,4,2023-05-26,2023-06-23,3.0,5.38529109954834,0.0,9.407577514648438
D,3,4,2023-06-02,2023-06-30,2.0,4.735790729522705,0.0,8.758077621459961
D,3,4,2023-06-09,2023-07-07,3.0,3.940579652786255,0.0,7.96286678314209
D,3,4,2023-06-16,2023-07-14,1.0,3.6855275630950928,0.0,7.7078142166137695
D,3,4,2023-06-23,2023-07-21,8.0,5.004158020019531,0.0,9.026445388793945
D,3,4,2023-06-30,2023-07-28,3.0,6.0597615242004395,0.0,10.082048416137695
D,3,4,2023-07-07,2023-08-04,5.0,7.228974342346191,0.0,11.251260757446289
D,3,4,2023-07-14,2023-08-11,4.0,7.445933818817139,0.0,10.967103958129883
D,3,4,2023-07-21,2023-08-18,2.0,8.28006362915039,0.0,11.4481201171875
D,3,4,2023-07-28,2023-08-25,9.0,10.261093139648438,0.5334558486938477,11.853635787963867
D,3,4,2023-08-04,2023-09-01,1.0,8.209338188171387,0.0,11.205180168151855
D,3,4,2023-08-11,2023-09-08,2.0,5.840312957763672,0.0,8.83615493774414
D,3,4,2023-08-18,2023-09-15,4.0,4.265198707580566,0.0,7.261040687561035
D,3,4,2023-08-25,2023-09-22,4.0,5.65571403503418,0.0,8.651556015014648
D,3,4,2023-09-01,2023-09-29,7.0,7.709895133972168,0.0,10.705737113952637
D,3,4,2023-09-08,2023-10-06,16.0,5.790377616882324,0.0,8.786219596862793
D,3,4,2023-09-15,2023-10-13,8.0,5.163660526275635,0.0,8.159502029418945
D,3,4,2023-09-22,2023-10-20,6.0,4.9780426025390625,0.0,7.973884582519531
D,3,4,2023-09-29,2023-10-27,3.0,3.734379291534424,0.0,6.730221271514893
D,3,4,2023-10-06,2023-11-03,3.0,4.390719413757324,0.0,7.386561393737793
D,3,4,2023-10-13,2023-11-10,5.0,4.67058801651001,0.0,7.6664299964904785
D,3,4,2023-10-20,2023-11-17,2.0,4.061378002166748,0.0,14.270999908447266
D,3,4,2023-10-27,2023-11-24,5.0,2.8129773139953613,0.0,13.022600173950195
D,3,4,2023-11-03,2023-12-01,7.0,3.013038158416748,0.0,13.222660064697266
D,3,4,2023-11-10,2023-12-08,3.0,3.293363094329834,0.0,13.502985000610352
D,3,4,2023-11-17,2023-12-15,3.0,2.7164053916931152,0.0,12.926027297973633
D,3,4,2023-11-24,2023-12-22,2.0,2.389035224914551,0.0,12.598657608032227
D,3,4,2023-12-01,2023-12-29,0.0,2.453814744949341,0.0,12.663436889648438
D,3,4,2023-12-08,2024-01-05,3.0,2.625229835510254,0.0,12.83485221862793
D,3,4,2023-12-15,2024-01-12,2.0,2.6815590858459473,0.0,12.891181945800781
D,3,4,2023-12-22,2024-01-19,1.0,2.024454116821289,0.0,12.234076499938965
D,3,4,2023-12-29,2024-01-26,2.0,2.3089776039123535,0.0,12.518600463867188
D,3,4,2024-01-05,2024-02-02,1.0,2.114354133605957,0.0,12.323976516723633
D,3,4,2024-01-12,2024-02-09,1.0,1.6485239267349243,0.0,11.858146667480469
D,3,4,2024-01-19,2024-02-16,0.0,1.5749802589416504,0.0,11.784603118896484
D,3,4,2024-01-26,2024-02-23,2.0,1.5531666278839111,0.0,11.762788772583008
D,3,4,2024-02-02,2024-03-01,1.0,1.7825291156768799,0.0,11.992151260375977
D,3,4,2024-02-09,2024-03-08,2.0,1.5297966003417969,0.0,11.739418983459473
D,3,4,2024-02-16,2024-03-15,2.0,1.2817208766937256,0.0,11.49134349822998
D,3,4,2024-02-23,2024-03-22,1.0,1.1034079790115356,0.0,11.313030242919922
D,3,4,2024-03-01,2024-03-29,1.0,1.331974744796753,0.0,11.541597366333008
D,3,4,2024-03-08,2024-04-05,3.0,1.0349068641662598,0.0,11.244529724121094
D,3,4,2024-03-15,2024-04-12,1.0,1.0350710153579712,0.0,11.244693756103516
D,3,4,2024-03-22,2024-04-19,1.0,1.1455053091049194,0.0,11.355127334594727
D,3,4,2024-03-29,2024-04-26,2.0,1.0174710750579834,0.0,11.227093696594238
D,3,4,2024-04-05,2024-05-03,2.0,0.9978955984115601,0.0,11.207517623901367
D,3,4,2024-04-12,2024-05-10,1.0,1.2649221420288086,0.0,11.474544525146484
D,3,4,2024-04-19,2024-05-17,1.0,0.6710715293884277,0.0,10.880693435668945
D,3,4,2024-04-26,2024-05-24,2.0,0.7725801467895508,0.0,10.982202529907227
D,3,4,2024-05-03,2024-05-31,3.0,0.8288183212280273,0.0,11.038440704345703
D,3,4,2024-05-10,2024-06-07,2.0,1.1167348623275757,0.0,11.326356887817383
D,3,4,2024-05-17,2024-06-14,0.0,1.2764428853988647,0.0,11.486064910888672
D,3,4,2024-05-24,2024-06-21,2.0,1.1318093538284302,0.0,11.341431617736816
D,3,4,2024-05-31,2024-06-28,2.0,1.4365607500076294,0.0,11.646183013916016
D,3,4,2024-06-07,2024-07-05,1.0,1.852104902267456,0.0,12.061727523803711
D,3,4,2024-06-14,2024-07-12,6.0,2.4472768306732178,0.0,12.656899452209473
D,3,4,2024-06-21,2024-07-19,5.0,3.012648105621338,0.0,13.222270965576172
D,3,4,2024-06-28,2024-07-26,5.0,4.449883460998535,0.0,14.659505844116211
D,3,4,2024-07-05,2024-08-02,13.0,6.076263427734375,0.0,16.285884857177734
D,3,4,2024-07-12,2024-08-09,5.0,8.869125366210938,1.6597871780395508,19.078746795654297
D,3,4,2024-07-19,2024-08-16,7.0,9.557623863220215,2.348285675048828,19.76724624633789
D,3,4,2024-07-26,2024-08-23,4.0,10.949868202209473,3.740530014038086,21.15949058532715
D,3,4,2024-08-02,2024-08-30,6.0,13.37781810760498,6.168479919433594,23.587440490722656
D,3,4,2024-08-09,2024-09-06,5.0,13.943671226501465,6.734333038330078,24.15329360961914
D,3,4,2024-08-16,2024-09-13,8.0,14.309420585632324,7.1000823974609375,24.51904296875
D,3,4,2024-08-23,2024-09-20,10.0,15.968193054199219,8.758854866027832,26.177814483642578
D,3,4,2024-08-30,2024-09-27,8.0,15.023138999938965,7.813800811767578,25.23276138305664
D,3,4,2024-09-06,2024-10-04,10.0,12.729214668273926,5.519876480102539,22.9388370513916
D,3,4,2024-09-13,2024-10-11,5.0,9.623215675354004,2.2453975677490234,19.83283805847168
D,3,4,2024-09-20,2024-10-18,12.0,9.62171459197998,0.6780433654785156,19.831336975097656
D,3,4,2024-09-27,2024-10-25,3.0,7.9178595542907715,0.0,18.12748146057129
D,3,4,2024-10-04,2024-11-01,12.0,6.327527046203613,0.0,16.53714942932129
D,3,4,2024-10-11,2024-11-08,12.0,5.861796855926514,0.0,16.07141876220703
D,3,4,2024-10-18,2024-11-15,18.0,5.636440277099609,0.0,12.560176849365234
D,3,4,2024-10-25,2024-11-22,10.0,4.063476085662842,0.0,10.987213134765625
D,3,4,2024-11-01,2024-11-29,14.0,4.244736194610596,0.0,11.168472290039062
D,3,4,2024-11-08,2024-12-06,6.0,5.981940269470215,0.0,12.90567684173584
D,3,4,2024-11-15,2024-12-13,6.0,8.1099214553833,0.0,15.033658027648926
D,3,4,2024-11-22,2024-12-20,12.0,6.443623065948486,0.0,13.367359161376953
D,3,4,2024-11-29,2024-12-27,1.0,9.17863941192627,0.2349681854248047,21.542198181152344
D,3,4,2024-12-06,2025-01-03,8.0,8.992291450500488,0.04862022399902344,21.355850219726562
D,3,4,2024-12-13,2025-01-10,6.0,7.060723304748535,0.0,19.42428207397461
D,3,4,2024-12-20,2025-01-17,8.0,6.889419078826904,0.0,19.252979278564453
D,3,4,2024-12-27,2025-01-24,11.0,6.200155258178711,0.0,18.5637149810791
D,3,4,2025-01-03,2025-01-31,10.0,6.495626926422119,0.0,18.85918617248535
D,3,4,2025-01-10,2025-02-07,11.0,5.899579048156738,0.0,18.263137817382812
D,3,4,2025-01-17,2025-02-14,20.0,5.460273742675781,0.0,17.823833465576172
D,3,4,2025-01-24,2025-02-21,14.0,5.440720558166504,0.0,17.804279327392578
D,3,4,2025-01-31,2025-02-28,16.0,6.228448867797852,0.0,18.592008590698242
D,3,4,2025-02-07,2025-03-07,12.0,6.613436222076416,0.0,18.97699546813965
D,3,4,2025-02-14,2025-03-14,10.0,8.049932479858398,0.0,20.41349220275879
D,3,4,2025-02-21,2025-03-21,2.0,8.076528549194336,0.0,20.440088272094727
D,3,4,2025-02-28,2025-03-28,4.0,9.24697494506836,0.30330371856689453,23.786701202392578
D,3,4,2025-03-07,2025-04-04,4.0,9.929920196533203,0.9862489700317383,24.469646453857422
D,3,4,2025-03-14,2025-04-11,0.0,9.20279598236084,0.259124755859375,23.742523193359375
D,3,4,2025-03-21,2025-04-18,5.0,8.049036026000977,0.0,22.588762283325195
D,3,4,2025-03-28,2025-04-25,4.0,7.011294364929199,0.0,21.551021575927734
D,3,4,2025-04-04,2025-05-02,2.0,6.781679153442383,0.0,21.3214054107666
D,3,4,2025-04-11,2025-05-09,0.0,6.8576741218566895,0.0,21.39739990234375
D,3,4,2025-04-18,2025-05-16,2.0,5.590210914611816,0.0,20.12993621826172
D,3,4,2025-04-25,2025-05-23,2.0,4.58105993270874,0.0,19.120786666870117
D,3,4,2025-05-02,2025-05-30,1.0,4.145060062408447,0.0,18.684785842895508
D,3,4,2025-05-09,2025-06-06,2.0,4.140137672424316,0.0,18.67986297607422
D,3,4,2025-05-16,2025-06-13,6.0,3.3678641319274902,0.0,17.907590866088867
D,3,4,2025-05-23,2025-06-20,3.0,2.354923725128174,0.0,16.894649505615234
D,3,4,2025-05-30,2025-06-27,8.0,2.0419979095458984,0.0,16.581724166870117
D,3,4,2025-06-06,2025-07-04,5.0,2.7651467323303223,0.0,17.304872512817383
D,3,4,2025-06-13,2025-07-11,7.0,5.501448631286621,0.0,20.041175842285156
D,3,4,2025-06-20,2025-07-18,4.0,6.748302936553955,0.0,21.288028717041016
D,3,4,2025-06-27,2025-07-25,4.0,8.62058162689209,0.0,23.160308837890625
D,3,4,2025-07-04,2025-08-01,8.0,10.23480224609375,1.0320062637329102,24.77452850341797
D,3,4,2025-07-11,2025-08-08,15.0,13.271805763244629,4.069009780883789,27.81153106689453
D,3,4,2025-07-18,2025-08-15,8.0,10.275370597839355,1.0725746154785156,24.81509780883789
D,3,4,2025-07-25,2025-08-22,2.0,6.092057228088379,0.0,20.63178253173828
D,3,4,2025-08-01,2025-08-29,7.0,2.733531951904297,0.0,17.273258209228516
D,3,4,2025-08-08,2025-09-05,,3.018576145172119,0.0,17.55830192565918
D,3,4,2025-08-15,2025-09-12,,4.339351654052734,0.0,18.879077911376953
D,3,4,2025-08-22,2025-09-19,,5.55482292175293,0.0,20.09454917907715
D,3,8,2023-02-17,2023-04-14,2.0,1.401200294494629,0.0,7.938528060913086
D,3,8,2023-02-24,2023-04-21,1.0,1.4034442901611328,0.0,7.94077205657959
D,3,8,2023-03-03,2023-04-28,0.0,1.2308735847473145,0.0,7.7682013511657715
D,3,8,2023-03-10,2023-05-05,0.0,1.2629773616790771,0.0,7.800305366516113
D,3,8,2023-03-17,2023-05-12,1.0,1.4859576225280762,0.0,8.023284912109375
D,3,8,2023-03-24,2023-05-19,0.0,2.080150604248047,0.0,8.617478370666504
D,3,8,2023-03-31,2023-05-26,2.0,2.616110324859619,0.0,9.153438568115234
D,3,8,2023-04-07,2023-06-02,0.0,3.019336700439453,0.0,9.55666446685791
D,3,8,2023-04-14,2023-06-09,0.0,3.802842617034912,0.0,10.340169906616211
D,3,8,2023-04-21,2023-06-16,3.0,5.990445137023926,0.0,12.527772903442383
D,3,8,2023-04-28,2023-06-23,3.0,6.098867893218994,0.0,12.63619613647461
D,3,8,2023-05-05,2023-06-30,2.0,8.121053695678711,0.0,14.658381462097168
D,3,8,2023-05-12,2023-07-07,3.0,12.678446769714355,0.0,19.215774536132812
D,3,8,2023-05-19,2023-07-14,1.0,15.449316024780273,0.6710968017578125,21.986644744873047
D,3,8,2023-05-26,2023-07-21,8.0,13.147485733032227,0.0,19.684814453125
D,3,8,2023-06-02,2023-07-28,3.0,12.837470054626465,0.0,19.374797821044922
D,3,8,2023-06-09,2023-08-04,5.0,10.51745319366455,0.0,17.054780960083008
D,3,8,2023-06-16,2023-08-11,4.0,9.794408798217773,0.0,16.331737518310547
D,3,8,2023-06-23,2023-08-18,2.0,13.661361694335938,0.0,20.198688507080078
D,3,8,2023-06-30,2023-08-25,9.0,15.092541694641113,0.31432247161865234,21.62986946105957
D,3,8,2023-07-07,2023-09-01,1.0,14.786969184875488,0.008749961853027344,21.324296951293945
D,3,8,2023-07-14,2023-09-08,2.0,12.168410301208496,0.0,18.705738067626953
D,3,8,2023-07-21,2023-09-15,4.0,14.481132507324219,0.0,21.01845932006836
D,3,8,2023-07-28,2023-09-22,4.0,12.10425853729248,0.0,15.762481689453125
D,3,8,2023-08-04,2023-09-29,7.0,7.37962007522583,0.0,11.037843704223633
D,3,8,2023-08-11,2023-10-06,16.0,5.5042805671691895,0.0,7.094666957855225
D,3,8,2023-08-18,2023-10-13,8.0,4.632683753967285,0.0,6.22307014465332
D,3,8,2023-08-25,2023-10-20,6.0,5.682845115661621,0.0,7.273231506347656
D,3,8,2023-09-01,2023-10-27,3.0,6.2456769943237305,0.0,7.836063385009766
D,3,8,2023-09-08,2023-11-03,3.0,4.956230640411377,0.0,6.546617031097412
D,3,8,2023-09-15,2023-11-10,5.0,5.029797554016113,0.0,6.620183944702148
D,3,8,2023-09-22,2023-11-17,2.0,5.000936508178711,0.0,6.591322898864746
D,3,8,2023-09-29,2023-11-24,5.0,3.725245237350464,0.0,5.315631866455078
D,3,8,2023-10-06,2023-12-01,7.0,5.852810382843018,0.0,7.443196773529053
D,3,8,2023-10-13,2023-12-08,3.0,6.651215076446533,0.0,8.241601943969727
D,3,8,2023-10-20,2023-12-15,3.0,5.176417350769043,0.0,15.672137260437012
D,3,8,2023-10-27,2023-12-22,2.0,3.7673726081848145,0.0,14.263092041015625
D,3,8,2023-11-03,2023-12-29,0.0,4.334131240844727,0.0,14.829851150512695
D,3,8,2023-11-10,2024-01-05,3.0,4.368074417114258,0.0,14.863794326782227
D,3,8,2023-11-17,2024-01-12,2.0,3.5344700813293457,0.0,14.030189514160156
D,3,8,2023-11-24,2024-01-19,1.0,3.163198947906494,0.0,13.658918380737305
D,3,8,2023-12-01,2024-01-26,2.0,3.604034185409546,0.0,14.099754333496094
D,3,8,2023-12-08,2024-02-02,1.0,4.260005474090576,0.0,14.755725860595703
D,3,8,2023-12-15,2024-02-09,1.0,4.303289413452148,0.0,14.799009323120117
D,3,8,2023-12-22,2024-02-16,0.0,2.8487563133239746,0.0,13.344476699829102
D,3,8,2023-12-29,2024-02-23,2.0,2.8407435417175293,0.0,13.336463928222656
D,3,8,2024-01-05,2024-03-01,1.0,2.283477306365967,0.0,12.779197692871094
D,3,8,2024-01-12,2024-03-08,2.0,1.7358176708221436,0.0,12.231537818908691
D,3,8,2024-01-19,2024-03-15,2.0,1.632400393486023,0.0,12.128120422363281
D,3,8,2024-01-26,2024-03-22,1.0,1.4640884399414062,0.0,11.959808349609375
D,3,8,2024-02-02,2024-03-29,1.0,1.6444010734558105,0.0,12.140121459960938
D,3,8,2024-02-09,2024-04-05,3.0,1.594109296798706,0.0,12.089829444885254
D,3,8,2024-02-16,2024-04-12,1.0,1.517985463142395,0.0,12.013705253601074
D,3,8,2024-02-23,2024-04-19,1.0,1.4541630744934082,0.0,11.949882507324219
D,3,8,2024-03-01,2024-04-26,2.0,1.8642748594284058,0.0,12.359994888305664
D,3,8,2024-03-08,2024-05-03,2.0,1.6986756324768066,0.0,12.194395065307617
D,3,8,2024-03-15,2024-05-10,1.0,1.8332033157348633,0.0,12.328923225402832
D,3,8,2024-03-22,2024-05-17,1.0,2.1917049884796143,0.0,12.687424659729004
D,3,8,2024-03-29,2024-05-24,2.0,2.0847277641296387,0.0,12.580448150634766
D,3,8,2024-04-05,2024-05-31,3.0,2.1733152866363525,0.0,12.669034957885742
D,3,8,2024-04-12,2024-06-07,2.0,2.7263832092285156,0.0,13.222103118896484
D,3,8,2024-04-19,2024-06-14,0.0,1.7785898447036743,0.0,12.274310111999512
D,3,8,2024-04-26,2024-06-21,2.0,2.03230881690979,0.0,12.52802848815918
D,3,8,2024-05-03,2024-06-28,2.0,2.2444987297058105,0.0,12.740219116210938
D,3,8,2024-05-10,2024-07-05,1.0,2.8511085510253906,0.0,13.34682846069336
D,3,8,2024-05-17,2024-07-12,6.0,3.15670108795166,0.0,13.652420997619629
D,3,8,2024-05-24,2024-07-19,5.0,2.7440295219421387,0.0,13.239749908447266
D,3,8,2024-05-31,2024-07-26,5.0,3.2591826915740967,0.0,13.754902839660645
D,3,8,2024-06-07,2024-08-02,13.0,3.5145089626312256,0.0,14.010229110717773
D,3,8,2024-06-14,2024-08-09,5.0,3.9338386058807373,0.0,14.429558753967285
D,3,8,2024-06-21,2024-08-16,7.0,4.695725917816162,0.0,15.191446304321289
D,3,8,2024-06-28,2024-08-23,4.0,7.156508445739746,0.0,17.65222930908203
D,3,8,2024-07-05,2024-08-30,6.0,9.005393028259277,0.0,19.501113891601562
D,3,8,2024-07-12,2024-09-06,5.0,12.860713958740234,0.0,23.356433868408203
D,3,8,2024-07-19,2024-09-13,8.0,14.662511825561523,0.21319580078125,25.158231735229492
D,3,8,2024-07-26,2024-09-20,10.0,13.682364463806152,0.0,24.178085327148438
D,3,8,2024-08-02,2024-09-27,8.0,13.576869010925293,0.0,24.072589874267578
D,3,8,2024-08-09,2024-10-04,10.0,12.650638580322266,0.0,23.146358489990234
D,3,8,2024-08-16,2024-10-11,5.0,13.227603912353516,0.0,23.723323822021484
D,3,8,2024-08-23,2024-10-18,12.0,13.299661636352539,0.0,23.795381546020508
D,3,8,2024-08-30,2024-10-25,3.0,11.575446128845215,0.0,22.0711669921875
D,3,8,2024-09-06,2024-11-01,12.0,8.659928321838379,0.0,19.15564727783203
D,3,8,2024-09-13,2024-11-08,12.0,5.109929084777832,0.0,15.6056489944458
D,3,8,2024-09-20,2024-11-15,18.0,5.782571792602539,0.0,16.278291702270508
D,3,8,2024-09-27,2024-11-22,10.0,5.411729335784912,0.0,15.907449722290039
D,3,8,2024-10-04,2024-11-29,14.0,4.562232971191406,0.0,15.057952880859375
D,3,8,2024-10-11,2024-12-06,6.0,4.528440475463867,0.0,15.024160385131836
D,3,8,2024-10-18,2024-12-13,6.0,4.759303569793701,0.0,14.244794845581055
D,3,8,2024-10-25,2024-12-20,12.0,3.5329813957214355,0.0,13.018472671508789
D,3,8,2024-11-01,2024-12-27,1.0,3.926135301589966,0.0,13.411625862121582
D,3,8,2024-11-08,2025-01-03,8.0,6.152181625366211,0.0,15.637672424316406
D,3,8,2024-11-15,2025-01-10,6.0,9.292327880859375,0.7168817520141602,18.77781867980957
D,3,8,2024-11-22,2025-01-17,8.0,7.125453948974609,0.0,16.610944747924805
D,3,8,2024-11-29,2025-01-24,11.0,9.464756965637207,0.8893108367919922,21.682186126708984
D,3,8,2024-12-06,2025-01-31,10.0,8.252549171447754,0.0,20.46997833251953
D,3,8,2024-12-13,2025-02-07,11.0,6.39956521987915,0.0,18.616992950439453
D,3,8,2024-12-20,2025-02-14,20.0,6.384330749511719,0.0,18.60175895690918
D,3,8,2024-12-27,2025-02-21,14.0,5.735340118408203,0.0,17.952768325805664
D,3,8,2025-01-03,2025-02-28,16.0,5.614832878112793,0.0,17.832260131835938
D,3,8,2025-01-10,2025-03-07,12.0,4.407018184661865,0.0,16.624446868896484
D,3,8,2025-01-17,2025-03-14,10.0,3.9013478755950928,0.0,16.118776321411133
D,3,8,2025-01-24,2025-03-21,2.0,3.8341636657714844,0.0,16.051591873168945
D,3,8,2025-01-31,2025-03-28,4.0,4.259984016418457,0.0,16.477413177490234
D,3,8,2025-02-07,2025-04-04,4.0,4.212730884552002,0.0,16.430158615112305
D,3,8,2025-02-14,2025-04-11,0.0,5.2965474128723145,0.0,17.513975143432617
D,3,8,2025-02-21,2025-04-18,5.0,5.420980453491211,0.0,17.638408660888672
D,3,8,2025-02-28,2025-04-25,4.0,6.880021572113037,0.0,20.495691299438477
D,3,8,2025-03-07,2025-05-02,2.0,8.18325424194336,0.0,21.79892349243164
D,3,8,2025-03-14,2025-05-09,0.0,8.662545204162598,0.08709907531738281,22.278213500976562
D,3,8,2025-03-21,2025-05-16,2.0,9.301373481750488,0.7259273529052734,22.917041778564453
D,3,8,2025-03-28,2025-05-23,2.0,9.87818717956543,1.3027410507202148,23.49385643005371
D,3,8,2025-04-04,2025-05-30,1.0,11.124908447265625,2.54946231842041,24.740577697753906
D,3,8,2025-04-11,2025-06-06,2.0,12.73171329498291,4.156267166137695,26.347381591796875
D,3,8,2025-04-18,2025-06-13,6.0,11.501618385314941,2.9261722564697266,25.117286682128906
D,3,8,2025-04-25,2025-06-20,3.0,10.251543045043945,1.6760969161987305,23.867212295532227
D,3,8,2025-05-02,2025-06-27,8.0,10.117295265197754,1.541849136352539,23.73296356201172
D,3,8,2025-05-09,2025-07-04,5.0,10.832923889160156,2.2574777603149414,24.448593139648438
D,3,8,2025-05-16,2025-07-11,7.0,9.237509727478027,0.6620635986328125,22.853179931640625
D,3,8,2025-05-23,2025-07-18,4.0,6.413926124572754,0.0,20.02959442138672
D,3,8,2025-05-30,2025-07-25,4.0,5.423393726348877,0.0,19.0390625
D,3,8,2025-06-06,2025-08-01,8.0,6.817631721496582,0.0,20.433300018310547
D,3,8,2025-06-13,2025-08-08,15.0,12.156331062316895,2.0314226150512695,25.77199935913086
D,3,8,2025-06-20,2025-08-15,8.0,12.439019203186035,1.707305908203125,26.0546875
D,3,8,2025-06-27,2025-08-22,2.0,10.172865867614746,0.0,23.788536071777344
D,3,8,2025-07-04,2025-08-29,7.0,8.595660209655762,0.0,22.21133041381836
D,3,8,2025-07-11,2025-09-05,,9.593564987182617,0.0,23.2092342376709
D,3,8,2025-07-18,2025-09-12,,6.254293441772461,0.0,19.869962692260742
D,3,8,2025-07-25,2025-09-19,,3.698978900909424,0.0,17.314647674560547
D,3,8,2025-08-01,2025-09-26,,2.2076048851013184,0.0,15.823274612426758
D,3,8,2025-08-08,2025-10-03,,2.518864154815674,0.0,16.134532928466797
D,3,8,2025-08-15,2025-10-10,,3.557891368865967,0.0,17.173561096191406
D,3,8,2025-08-22,2025-10-17,,4.064827919006348,0.0,17.680496215820312
D,3,12,2023-02-17,2023-05-12,1.0,2.0212175846099854,0.0,9.66163158416748
D,3,12,2023-02-24,2023-05-19,0.0,2.0903828144073486,0.0,9.730796813964844
D,3,12,2023-03-03,2023-05-26,2.0,1.97594153881073,0.0,9.616354942321777
D,3,12,2023-03-10,2023-06-02,0.0,2.106344223022461,0.0,9.746757507324219
D,3,12,2023-03-17,2023-06-09,0.0,2.461963415145874,0.0,10.102376937866211
D,3,12,2023-03-24,2023-06-16,3.0,3.435636043548584,0.0,11.0760498046875
D,3,12,2023-03-31,2023-06-23,3.0,4.464443206787109,0.0,12.104856491088867
D,3,12,2023-04-07,2023-06-30,2.0,5.3382463455200195,0.0,12.978660583496094
D,3,12,2023-04-14,2023-07-07,3.0,7.213395595550537,0.0,14.853809356689453
D,3,12,2023-04-21,2023-07-14,1.0,12.075216293334961,0.0,19.71562957763672
D,3,12,2023-04-28,2023-07-21,8.0,12.021394729614258,0.0,19.661808013916016
D,3,12,2023-05-05,2023-07-28,3.0,16.72256851196289,0.0,24.36298179626465
D,3,12,2023-05-12,2023-08-04,5.0,24.61150550842285,3.281993865966797,32.25191879272461
D,3,12,2023-05-19,2023-08-11,4.0,23.206687927246094,1.877176284790039,30.84710121154785
D,3,12,2023-05-26,2023-08-18,2.0,18.65987777709961,0.0,26.300291061401367
D,3,12,2023-06-02,2023-08-25,9.0,15.108885765075684,0.0,22.749300003051758
D,3,12,2023-06-09,2023-09-01,1.0,12.480998992919922,0.0,20.12141227722168
D,3,12,2023-06-16,2023-09-08,2.0,11.504216194152832,0.0,19.144630432128906
D,3,12,2023-06-23,2023-09-15,4.0,11.651497840881348,0.0,19.291912078857422
D,3,12,2023-06-30,2023-09-22,4.0,12.774879455566406,0.0,20.415292739868164
D,3,12,2023-07-07,2023-09-29,7.0,13.041068077087402,0.0,20.681482315063477
D,3,12,2023-07-14,2023-10-06,16.0,11.571587562561035,0.0,19.21200180053711
D,3,12,2023-07-21,2023-10-13,8.0,10.524744987487793,0.0,18.165159225463867
D,3,12,2023-07-28,2023-10-20,6.0,7.165740966796875,0.0,14.806154251098633
D,3,12,2023-08-04,2023-10-27,3.0,4.836455821990967,0.0,12.476869583129883
D,3,12,2023-08-11,2023-11-03,3.0,4.020447731018066,0.0,10.957260131835938
D,3,12,2023-08-18,2023-11-10,5.0,3.709700584411621,0.0,5.452854156494141
D,3,12,2023-08-25,2023-11-17,2.0,4.0838518142700195,0.0,5.827005386352539
D,3,12,2023-09-01,2023-11-24,5.0,4.150936603546143,0.0,5.894089698791504
D,3,12,2023-09-08,2023-12-01,7.0,3.8206348419189453,0.0,5.563788414001465
D,3,12,2023-09-15,2023-12-08,3.0,4.736837387084961,0.0,6.4799909591674805
D,3,12,2023-09-22,2023-12-15,3.0,4.772152423858643,0.0,6.515305519104004
D,3,12,2023-09-29,2023-12-22,2.0,4.0284037590026855,0.0,5.771556854248047
D,3,12,2023-10-06,2023-12-29,0.0,6.257631301879883,0.0,8.000784873962402
D,3,12,2023-10-13,2024-01-05,3.0,7.719992637634277,0.0,9.463146209716797
D,3,12,2023-10-20,2024-01-12,2.0,6.713785171508789,0.0,11.142197608947754
D,3,12,2023-10-27,2024-01-19,1.0,5.987557411193848,0.0,10.415969848632812
D,3,12,2023-11-03,2024-01-26,2.0,7.516839981079102,0.0,11.945252418518066
D,3,12,2023-11-10,2024-02-02,1.0,7.618913650512695,0.0,12.04732608795166
D,3,12,2023-11-17,2024-02-09,1.0,5.978819847106934,0.0,10.407232284545898
D,3,12,2023-11-24,2024-02-16,0.0,5.290807723999023,0.0,9.719220161437988
D,3,12,2023-12-01,2024-02-23,2.0,6.115316390991211,0.0,10.543728828430176
D,3,12,2023-12-08,2024-03-01,1.0,7.3906683921813965,0.0,11.819080352783203
D,3,12,2023-12-15,2024-03-08,2.0,7.183360576629639,0.0,11.611772537231445
D,3,12,2023-12-22,2024-03-15,2.0,4.691183090209961,0.0,9.119595527648926
D,3,12,2023-12-29,2024-03-22,1.0,4.362527370452881,0.0,8.790939331054688
D,3,12,2024-01-05,2024-03-29,1.0,3.4046568870544434,0.0,7.833069324493408
D,3,12,2024-01-12,2024-04-05,3.0,2.679114818572998,0.0,7.107527256011963
D,3,12,2024-01-19,2024-04-12,1.0,2.574798107147217,0.0,7.003210544586182
D,3,12,2024-01-26,2024-04-19,1.0,2.311063289642334,0.0,6.739475727081299
D,3,12,2024-02-02,2024-04-26,2.0,2.555102825164795,0.0,6.98351526260376
D,3,12,2024-02-09,2024-05-03,2.0,2.6164393424987793,0.0,7.044851779937744
D,3,12,2024-02-16,2024-05-10,1.0,2.6211142539978027,0.0,7.049526691436768
D,3,12,2024-02-23,2024-05-17,1.0,2.6112160682678223,0.0,7.039628505706787
D,3,12,2024-03-01,2024-05-24,2.0,3.294529438018799,0.0,7.722941875457764
D,3,12,2024-03-08,2024-05-31,3.0,3.1539344787597656,0.0,7.5823469161987305
D,3,12,2024-03-15,2024-06-07,2.0,3.411445140838623,0.0,7.839857578277588
D,3,12,2024-03-22,2024-06-14,0.0,4.108345031738281,0.0,8.536757469177246
D,3,12,2024-03-29,2024-06-21,2.0,3.956850051879883,0.0,8.385262489318848
D,3,12,2024-04-05,2024-06-28,2.0,4.147423267364502,0.0,8.575836181640625
D,3,12,2024-04-12,2024-07-05,1.0,5.24386739730835,0.0,9.672279357910156
D,3,12,2024-04-19,2024-07-12,6.0,3.535644292831421,0.0,7.964056968688965
D,3,12,2024-04-26,2024-07-19,5.0,4.024644374847412,0.0,8.453056335449219
D,3,12,2024-05-03,2024-07-26,5.0,4.477757453918457,0.0,8.906169891357422
D,3,12,2024-05-10,2024-08-02,13.0,5.764385223388672,0.0,10.192797660827637
D,3,12,2024-05-17,2024-08-09,5.0,6.478542327880859,0.0,10.906954765319824
D,3,12,2024-05-24,2024-08-16,7.0,5.410772800445557,0.0,9.83918571472168
D,3,12,2024-05-31,2024-08-23,4.0,6.270038604736328,0.0,10.698451042175293
D,3,12,2024-06-07,2024-08-30,6.0,6.352453231811523,0.0,10.780865669250488
D,3,12,2024-06-14,2024-09-06,5.0,6.682806968688965,0.0,11.11121940612793
D,3,12,2024-06-21,2024-09-13,8.0,7.700221061706543,0.0,12.128633499145508
D,3,12,2024-06-28,2024-09-20,10.0,10.918601036071777,0.0,15.347013473510742
D,3,12,2024-07-05,2024-09-27,8.0,11.530025482177734,0.0,15.9584379196167
D,3,12,2024-07-12,2024-10-04,10.0,10.947582244873047,0.0,15.375994682312012
D,3,12,2024-07-19,2024-10-11,5.0,10.988032341003418,0.0,15.416444778442383
D,3,12,2024-07-26,2024-10-18,12.0,9.561846733093262,0.0,13.990259170532227
D,3,12,2024-08-02,2024-10-25,3.0,9.217601776123047,0.0,13.646014213562012
D,3,12,2024-08-09,2024-11-01,12.0,8.123909950256348,0.0,12.552322387695312
D,3,12,2024-08-16,2024-11-08,12.0,8.89196491241455,0.0,16.127578735351562
D,3,12,2024-08-23,2024-11-15,18.0,8.989180564880371,0.0,16.224796295166016
D,3,12,2024-08-30,2024-11-22,10.0,6.907052993774414,0.0,14.142667770385742
D,3,12,2024-09-06,2024-11-29,14.0,4.621727466583252,0.0,11.857341766357422
D,3,12,2024-09-13,2024-12-06,6.0,2.659454822540283,0.0,9.895069122314453
D,3,12,2024-09-20,2024-12-13,6.0,3.4164843559265137,0.0,10.652099609375
D,3,12,2024-09-27,2024-12-20,12.0,3.5150794982910156,0.0,10.750694274902344
D,3,12,2024-10-04,2024-12-27,1.0,2.9945859909057617,0.0,10.23020076751709
D,3,12,2024-10-11,2025-01-03,8.0,3.4738106727600098,0.0,10.70942497253418
D,3,12,2024-10-18,2025-01-10,6.0,4.231640815734863,0.0,11.467255592346191
D,3,12,2024-10-25,2025-01-17,8.0,3.4626660346984863,0.0,10.698280334472656
D,3,12,2024-11-01,2025-01-24,11.0,3.988978862762451,0.0,11.224594116210938
D,3,12,2024-11-08,2025-01-31,10.0,6.01007080078125,0.0,13.245685577392578
D,3,12,2024-11-15,2025-02-07,11.0,7.690304279327393,1.0713906288146973,14.925918579101562
D,3,12,2024-11-22,2025-02-14,20.0,7.560283184051514,0.9413695335388184,14.7958984375
D,3,12,2024-11-29,2025-02-21,14.0,8.53756046295166,1.9186468124389648,17.54837989807129
D,3,12,2024-12-06,2025-02-28,16.0,7.556330680847168,0.9374170303344727,16.567150115966797
D,3,12,2024-12-13,2025-03-07,12.0,6.474493980407715,0.0,15.852766990661621
D,3,12,2024-12-20,2025-03-14,10.0,6.063436031341553,0.0,15.441709518432617
D,3,12,2024-12-27,2025-03-21,2.0,5.659952163696289,0.0,15.038225173950195
D,3,12,2025-01-03,2025-03-28,4.0,5.31901741027832,0.0,14.697290420532227
D,3,12,2025-01-10,2025-04-04,4.0,3.996184825897217,0.0,13.374458312988281
D,3,12,2025-01-17,2025-04-11,0.0,3.642474412918091,0.0,13.020747184753418
D,3,12,2025-01-24,2025-04-18,5.0,3.718980550765991,0.0,13.097253799438477
D,3,12,2025-01-31,2025-04-25,4.0,4.065249919891357,0.0,13.443523406982422
D,3,12,2025-02-07,2025-05-02,2.0,3.6608340740203857,0.0,13.039107322692871
D,3,12,2025-02-14,2025-05-09,0.0,4.890003204345703,0.0,14.26827621459961
D,3,12,2025-02-21,2025-05-16,2.0,4.833932876586914,0.0,14.21220588684082
D,3,12,2025-02-28,2025-05-23,2.0,6.813930034637451,0.4232616424560547,19.253646850585938
D,3,12,2025-03-07,2025-05-30,1.0,8.565126419067383,2.1744580268859863,21.00484275817871
D,3,12,2025-03-14,2025-06-06,2.0,10.282354354858398,4.064752578735352,22.722070693969727
D,3,12,2025-03-21,2025-06-13,6.0,13.97319507598877,7.755593299865723,26.41291046142578
D,3,12,2025-03-28,2025-06-20,3.0,18.304201126098633,12.086599349975586,30.74391746520996
D,3,12,2025-04-04,2025-06-27,8.0,26.04439353942871,19.826791763305664,38.484107971191406
D,3,12,2025-04-11,2025-07-04,5.0,32.24051284790039,26.022911071777344,44.68022918701172
D,3,12,2025-04-18,2025-07-11,7.0,31.03264617919922,24.815044403076172,43.47236251831055
D,3,12,2025-04-25,2025-07-18,4.0,24.9454402923584,18.72783851623535,37.385154724121094
D,3,12,2025-05-02,2025-07-25,4.0,23.0347843170166,16.817182540893555,35.47450256347656
D,3,12,2025-05-09,2025-08-01,8.0,25.584148406982422,19.366546630859375,38.02386474609375
D,3,12,2025-05-16,2025-08-08,15.0,18.533056259155273,12.315454483032227,30.9727725982666
D,3,12,2025-05-23,2025-08-15,8.0,12.977343559265137,6.75974178314209,25.41706085205078
D,3,12,2025-05-30,2025-08-22,2.0,10.1913480758667,3.9737462997436523,22.631065368652344
D,3,12,2025-06-06,2025-08-29,7.0,10.570141792297363,4.352540016174316,23.009857177734375
D,3,12,2025-06-13,2025-09-05,,15.143183708190918,7.578057289123535,27.582901000976562
D,3,12,2025-06-20,2025-09-12,,13.682812690734863,5.400458335876465,26.122528076171875
D,3,12,2025-06-27,2025-09-19,,7.784908294677734,0.0,20.224624633789062
D,3,12,2025-07-04,2025-09-26,,4.408136367797852,0.0,16.84785270690918
D,3,12,2025-07-11,2025-10-03,,4.864431381225586,0.0,17.304147720336914
D,3,12,2025-07-18,2025-10-10,,3.124316930770874,0.0,15.564033508300781
D,3,12,2025-07-25,2025-10-17,,1.9513593912124634,0.0,14.39107608795166
D,3,12,2025-08-01,2025-10-24,,1.9644395112991333,0.0,14.404155731201172
D,3,12,2025-08-08,2025-10-31,,2.405534267425537,0.0,14.845251083374023
D,3,12,2025-08-15,2025-11-07,,3.058603048324585,0.0,15.498319625854492
D,3,12,2025-08-22,2025-11-14,,3.3510890007019043,0.0,15.79080581665039
E,4,1,2023-02-17,2023-02-24,2.0,3.3825364112854004,0.0,8.116397857666016
E,4,1,2023-02-24,2023-03-03,1.0,2.932067394256592,0.0,7.665928363800049
E,4,1,2023-03-03,2023-03-10,0.0,2.614999771118164,0.0,7.348860740661621
E,4,1,2023-03-10,2023-03-17,0.0,2.2934892177581787,0.0,7.027350425720215
E,4,1,2023-03-17,2023-03-24,2.0,2.2353174686431885,0.0,6.969178199768066
E,4,1,2023-03-24,2023-03-31,4.0,2.2173800468444824,0.0,6.9512410163879395
E,4,1,2023-03-31,2023-04-07,3.0,2.227153778076172,0.0,6.961014747619629
E,4,1,2023-04-07,2023-04-14,3.0,2.3398797512054443,0.0,7.0737409591674805
E,4,1,2023-04-14,2023-04-21,3.0,1.9458107948303223,0.0,6.679671764373779
E,4,1,2023-04-21,2023-04-28,2.0,1.7636905908584595,0.0,6.497551441192627
E,4,1,2023-04-28,2023-05-05,0.0,1.650831937789917,0.0,6.384693145751953
E,4,1,2023-05-05,2023-05-12,1.0,1.6866950988769531,0.0,6.42055606842041
E,4,1,2023-05-12,2023-05-19,1.0,2.4781546592712402,0.0,7.212015628814697
E,4,1,2023-05-19,2023-05-26,0.0,3.6568384170532227,0.0,8.39069938659668
E,4,1,2023-05-26,2023-06-02,2.0,4.964321136474609,0.0,9.698182106018066
E,4,1,2023-06-02,2023-06-09,1.0,5.465264320373535,0.0,10.199125289916992
E,4,1,2023-06-09,2023-06-16,2.0,6.832892894744873,0.0,11.566753387451172
E,4,1,2023-06-16,2023-06-23,0.0,6.069949150085449,0.0,10.803810119628906
E,4,1,2023-06-23,2023-06-30,3.0,5.998802185058594,0.0,10.73266315460205
E,4,1,2023-06-30,2023-07-07,3.0,6.828656196594238,0.0,11.562517166137695
E,4,1,2023-07-07,2023-07-14,1.0,7.308737277984619,0.0,12.042598724365234
E,4,1,2023-07-14,2023-07-21,3.0,7.7273077964782715,0.0,12.46116828918457
E,4,1,2023-07-21,2023-07-28,1.0,7.4752326011657715,0.0,11.240437507629395
E,4,1,2023-07-28,2023-08-04,3.0,8.491562843322754,0.0,12.256767272949219
E,4,1,2023-08-04,2023-08-11,6.0,8.0880765914917,0.0,11.853281021118164
E,4,1,2023-08-11,2023-08-18,5.0,6.571049213409424,0.0,10.336254119873047
E,4,1,2023-08-18,2023-08-25,4.0,4.644371032714844,0.0,8.409576416015625
E,4,1,2023-08-25,2023-09-01,2.0,4.4300031661987305,0.0,8.195207595825195
E,4,1,2023-09-01,2023-09-08,3.0,6.754342079162598,0.27910947799682617,10.519546508789062
E,4,1,2023-09-08,2023-09-15,4.0,5.720165252685547,0.0,9.485370635986328
E,4,1,2023-09-15,2023-09-22,3.0,5.229128360748291,0.0,8.994333267211914
E,4,1,2023-09-22,2023-09-29,6.0,5.079742431640625,0.0,8.844947814941406
E,4,1,2023-09-29,2023-10-06,2.0,5.257281303405762,0.0,9.022485733032227
E,4,1,2023-10-06,2023-10-13,2.0,4.793708801269531,0.0,8.558914184570312
E,4,1,2023-10-13,2023-10-20,5.0,4.419939994812012,0.0,8.185144424438477
E,4,1,2023-10-20,2023-10-27,3.0,3.846465826034546,0.0,7.61167049407959
E,4,1,2023-10-27,2023-11-03,2.0,3.125924825668335,0.0,6.891129493713379
E,4,1,2023-11-03,2023-11-10,4.0,2.9509150981903076,0.0,6.716119766235352
E,4,1,2023-11-10,2023-11-17,5.0,2.463073492050171,0.0,6.228278160095215
E,4,1,2023-11-17,2023-11-24,4.0,2.125340700149536,0.0,5.890545845031738
E,4,1,2023-11-24,2023-12-01,5.0,1.6989173889160156,0.0,5.464122295379639
E,4,1,2023-12-01,2023-12-08,3.0,1.719885230064392,0.0,5.485090255737305
E,4,1,2023-12-08,2023-12-15,3.0,1.9029775857925415,0.0,5.668182373046875
E,4,1,2023-12-15,2023-12-22,2.0,2.052258014678955,0.0,5.817462921142578
E,4,1,2023-12-22,2023-12-29,1.0,2.081261157989502,0.0,5.846466064453125
E,4,1,2023-12-29,2024-01-05,2.0,2.6012744903564453,0.0,6.366479396820068
E,4,1,2024-01-05,2024-01-12,0.0,2.3622007369995117,0.0,6.127405643463135
E,4,1,2024-01-12,2024-01-19,0.0,1.909663200378418,0.0,5.674868106842041
E,4,1,2024-01-19,2024-01-26,2.0,1.7749545574188232,0.0,5.540159225463867
E,4,1,2024-01-26,2024-02-02,2.0,1.8561067581176758,0.0,5.621311664581299
E,4,1,2024-02-02,2024-02-09,1.0,2.140882968902588,0.0,5.906087875366211
E,4,1,2024-02-09,2024-02-16,2.0,1.747074842453003,0.0,5.512279510498047
E,4,1,2024-02-16,2024-02-23,3.0,1.5130620002746582,0.0,5.278266906738281
E,4,1,2024-02-23,2024-03-01,1.0,1.3903433084487915,0.0,5.155548095703125
E,4,1,2024-03-01,2024-03-08,2.0,1.2557796239852905,0.0,4.5568623542785645
E,4,1,2024-03-08,2024-03-15,2.0,1.0435285568237305,0.0,4.344611167907715
E,4,1,2024-03-15,2024-03-22,3.0,1.0038979053497314,0.0,4.304980278015137
E,4,1,2024-03-22,2024-03-29,0.0,0.8971666097640991,0.0,4.198249340057373
E,4,1,2024-03-29,2024-04-05,0.0,0.8859620094299316,0.0,4.187044620513916
E,4,1,2024-04-05,2024-04-12,3.0,0.5576735138893127,0.0,3.8587560653686523
E,4,1,2024-04-12,2024-04-19,0.0,0.7346023321151733,0.0,4.035685062408447
E,4,1,2024-04-19,2024-04-26,2.0,0.18232056498527527,0.0,3.483403205871582
E,4,1,2024-04-26,2024-05-03,0.0,0.1230802834033966,0.0,3.4241628646850586
E,4,1,2024-05-03,2024-05-10,0.0,0.10520881414413452,0.0,3.4062914848327637
E,4,1,2024-05-10,2024-05-17,1.0,0.2787945866584778,0.0,3.5798771381378174
E,4,1,2024-05-17,2024-05-24,1.0,0.42733141779899597,0.0,3.7284140586853027
E,4,1,2024-05-24,2024-05-31,1.0,0.45563429594039917,0.0,3.7567169666290283
E,4,1,2024-05-31,2024-06-07,2.0,0.8914988040924072,0.0,4.1925811767578125
E,4,1,2024-06-07,2024-06-14,7.0,1.374988079071045,0.0,4.676070690155029
E,4,1,2024-06-14,2024-06-21,3.0,2.475208282470703,0.0,5.7762908935546875
E,4,1,2024-06-21,2024-06-28,1.0,3.5842437744140625,0.0,6.885326385498047
E,4,1,2024-06-28,2024-07-05,1.0,4.914520263671875,0.0,10.539531707763672
E,4,1,2024-07-05,2024-07-12,4.0,6.983303546905518,0.5080709457397461,12.608315467834473
E,4,1,2024-07-12,2024-07-19,4.0,8.951077461242676,2.4758448600769043,14.576089859008789
E,4,1,2024-07-19,2024-07-26,5.0,9.117486000061035,2.6422533988952637,14.742498397827148
E,4,1,2024-07-26,2024-08-02,8.0,10.027742385864258,3.5525097846984863,15.652753829956055
E,4,1,2024-08-02,2024-08-09,1.0,9.739575386047363,3.264342784881592,15.364587783813477
E,4,1,2024-08-09,2024-08-16,1.0,8.104610443115234,2.6130475997924805,13.729621887207031
E,4,1,2024-08-16,2024-08-23,11.0,6.793581008911133,1.842503547668457,12.41859245300293
E,4,1,2024-08-23,2024-08-30,6.0,8.727678298950195,0.0,14.352689743041992
E,4,1,2024-08-30,2024-09-06,6.0,12.435662269592285,3.696086883544922,18.0606746673584
E,4,1,2024-09-06,2024-09-13,15.0,14.967076301574707,6.227500915527344,20.59208869934082
E,4,1,2024-09-13,2024-09-20,8.0,15.816764831542969,7.0771894454956055,21.441776275634766
E,4,1,2024-09-20,2024-09-27,18.0,14.213093757629395,5.473518371582031,19.838106155395508
E,4,1,2024-09-27,2024-10-04,15.0,14.723423957824707,5.983848571777344,20.34843635559082
E,4,1,2024-10-04,2024-10-11,10.0,13.795910835266113,5.05633544921875,19.420923233032227
E,4,1,2024-10-11,2024-10-18,11.0,13.182927131652832,4.443351745605469,18.807939529418945
E,4,1,2024-10-18,2024-10-25,4.0,12.896679878234863,4.1571044921875,18.521692276000977
E,4,1,2024-10-25,2024-11-01,13.0,10.573098182678223,1.8335227966308594,16.198110580444336
E,4,1,2024-11-01,2024-11-08,10.0,9.065428733825684,0.3258533477783203,14.690441131591797
E,4,1,2024-11-08,2024-11-15,21.0,8.557312965393066,0.0,14.18232536315918
E,4,1,2024-11-15,2024-11-22,15.0,8.314377784729004,0.0,13.939390182495117
E,4,1,2024-11-22,2024-11-29,17.0,6.970660209655762,0.0,12.595672607421875
E,4,1,2024-11-29,2024-12-06,12.0,8.189075469970703,0.0,20.631763458251953
E,4,1,2024-12-06,2024-12-13,10.0,9.494542121887207,0.5978622436523438,21.93722915649414
E,4,1,2024-12-13,2024-12-20,4.0,8.650801658630371,0.0,21.093488693237305
E,4,1,2024-12-20,2024-12-27,2.0,7.2592058181762695,0.0,19.701892852783203
E,4,1,2024-12-27,2025-01-03,15.0,6.590719223022461,0.0,19.033405303955078
E,4,1,2025-01-03,2025-01-10,22.0,6.437922954559326,0.0,18.8806095123291
E,4,1,2025-01-10,2025-01-17,12.0,6.255194187164307,0.0,18.6978816986084
E,4,1,2025-01-17,2025-01-24,16.0,6.3250041007995605,0.0,18.767690658569336
E,4,1,2025-01-24,2025-01-31,24.0,7.099488735198975,0.0,22.66156578063965
E,4,1,2025-01-31,2025-02-07,16.0,8.667712211608887,0.0,24.22978973388672
E,4,1,2025-02-07,2025-02-14,35.0,9.860140800476074,0.9634609222412109,25.422218322753906
E,4,1,2025-02-14,2025-02-21,25.0,12.118680953979492,3.222001075744629,29.01919174194336
E,4,1,2025-02-21,2025-02-28,23.0,15.417271614074707,6.520591735839844,32.31778335571289
E,4,1,2025-02-28,2025-03-07,15.0,17.875185012817383,8.97850513458252,43.015045166015625
E,4,1,2025-03-07,2025-03-14,17.0,18.01268196105957,9.116002082824707,43.15254211425781
E,4,1,2025-03-14,2025-03-21,14.0,17.326709747314453,8.43002986907959,42.46656799316406
E,4,1,2025-03-21,2025-03-28,15.0,15.403609275817871,6.506929397583008,40.5434684753418
E,4,1,2025-03-28,2025-04-04,9.0,12.774617195129395,3.8779373168945312,37.91447448730469
E,4,1,2025-04-04,2025-04-11,3.0,10.130340576171875,1.2336606979370117,35.270198822021484
E,4,1,2025-04-11,2025-04-18,2.0,8.78633975982666,0.0,33.92619705200195
E,4,1,2025-04-18,2025-04-25,4.0,7.350218296051025,0.0,32.49007797241211
E,4,1,2025-04-25,2025-05-02,5.0,5.566811561584473,0.0,30.706668853759766
E,4,1,2025-05-02,2025-05-09,5.0,4.833575248718262,0.0,29.973434448242188
E,4,1,2025-05-09,2025-05-16,2.0,4.518040657043457,0.0,29.65789794921875
E,4,1,2025-05-16,2025-05-23,7.0,3.7105064392089844,0.0,28.850364685058594
E,4,1,2025-05-23,2025-05-30,10.0,2.851752281188965,0.0,27.99161148071289
E,4,1,2025-05-30,2025-06-06,5.0,2.4169163703918457,0.0,27.556774139404297
E,4,1,2025-06-06,2025-06-13,8.0,3.0200417041778564,0.0,28.159900665283203
E,4,1,2025-06-13,2025-06-20,5.0,4.174827575683594,0.0,29.314685821533203
E,4,1,2025-06-20,2025-06-27,3.0,5.688628196716309,0.0,30.828487396240234
E,4,1,2025-06-27,2025-07-04,7.0,8.177138328552246,0.0,33.31699752807617
E,4,1,2025-07-04,2025-07-11,6.0,9.617250442504883,0.7205705642700195,34.757110595703125
E,4,1,2025-07-11,2025-07-18,7.0,10.885533332824707,1.9888534545898438,36.025390625
E,4,1,2025-07-18,2025-07-25,5.0,9.379678726196289,0.4829988479614258,34.51953887939453
E,4,1,2025-07-25,2025-08-01,10.0,7.237039089202881,0.0,32.376895904541016
E,4,1,2025-08-01,2025-08-08,14.0,4.533686637878418,0.0,29.673545837402344
E,4,1,2025-08-08,2025-08-15,16.0,4.259608745574951,0.0,29.39946746826172
E,4,1,2025-08-15,2025-08-22,9.0,5.890717029571533,0.0,31.030574798583984
E,4,1,2025-08-22,2025-08-29,12.0,7.735309600830078,0.0,32.87516784667969
E,4,2,2023-02-17,2023-03-03,1.0,3.09611439704895,0.0,7.788179397583008
E,4,2,2023-02-24,2023-03-10,0.0,2.5795063972473145,0.0,7.271571636199951
E,4,2,2023-03-03,2023-03-17,0.0,2.265981674194336,0.0,6.958046913146973
E,4,2,2023-03-10,2023-03-24,2.0,1.993699550628662,0.0,6.685764789581299
E,4,2,2023-03-17,2023-03-31,4.0,1.9709393978118896,0.0,6.6630048751831055
E,4,2,2023-03-24,2023-04-07,3.0,2.1180412769317627,0.0,6.81010627746582
E,4,2,2023-03-31,2023-04-14,3.0,2.2415058612823486,0.0,6.933570861816406
E,4,2,2023-04-07,2023-04-21,3.0,2.4463326930999756,0.0,7.138398170471191
E,4,2,2023-04-14,2023-04-28,2.0,2.1232728958129883,0.0,6.815338134765625
E,4,2,2023-04-21,2023-05-05,0.0,2.004446029663086,0.0,6.696511268615723
E,4,2,2023-04-28,2023-05-12,1.0,1.9475553035736084,0.0,6.639620780944824
E,4,2,2023-05-05,2023-05-19,1.0,2.012305736541748,0.0,6.704370975494385
E,4,2,2023-05-12,2023-05-26,0.0,3.1434683799743652,0.0,7.835533618927002
E,4,2,2023-05-19,2023-06-02,2.0,4.654213905334473,0.0,9.34627914428711
E,4,2,2023-05-26,2023-06-09,1.0,6.126789093017578,0.0,10.818854331970215
E,4,2,2023-06-02,2023-06-16,2.0,6.469345569610596,0.0,11.16141128540039
E,4,2,2023-06-09,2023-06-23,0.0,6.97337007522583,0.0,11.665435791015625
E,4,2,2023-06-16,2023-06-30,3.0,6.112517356872559,0.0,10.804582595825195
E,4,2,2023-06-23,2023-07-07,3.0,6.012440204620361,0.0,10.704505920410156
E,4,2,2023-06-30,2023-07-14,1.0,6.931463718414307,0.0,11.623529434204102
E,4,2,2023-07-07,2023-07-21,3.0,7.798460006713867,0.0,12.490525245666504
E,4,2,2023-07-14,2023-07-28,1.0,7.911128520965576,0.0,12.603193283081055
E,4,2,2023-07-21,2023-08-04,3.0,7.267325401306152,0.0,11.304150581359863
E,4,2,2023-07-28,2023-08-11,6.0,8.30246639251709,0.0,12.080971717834473
E,4,2,2023-08-04,2023-08-18,5.0,7.642358779907227,0.0,11.42086410522461
E,4,2,2023-08-11,2023-08-25,4.0,6.010111331939697,0.0,9.788616180419922
E,4,2,2023-08-18,2023-09-01,2.0,4.248154640197754,0.0,8.026659965515137
E,4,2,2023-08-25,2023-09-08,3.0,4.407644271850586,0.0,8.186149597167969
E,4,2,2023-09-01,2023-09-15,4.0,6.914923667907715,0.0,10.693428993225098
E,4,2,2023-09-08,2023-09-22,3.0,5.541533470153809,0.0,9.320038795471191
E,4,2,2023-09-15,2023-09-29,6.0,5.168896675109863,0.0,8.947402000427246
E,4,2,2023-09-22,2023-10-06,2.0,5.017199516296387,0.0,8.79570484161377
E,4,2,2023-09-29,2023-10-13,2.0,4.74565315246582,0.0,8.524158477783203
E,4,2,2023-10-06,2023-10-20,5.0,4.088815689086914,0.0,7.867321014404297
E,4,2,2023-10-13,2023-10-27,3.0,3.785280227661133,0.0,7.563785552978516
E,4,2,2023-10-20,2023-11-03,2.0,3.238729953765869,0.0,7.017235279083252
E,4,2,2023-10-27,2023-11-10,4.0,2.5362794399261475,0.0,6.314785003662109
E,4,2,2023-11-03,2023-11-17,5.0,2.5467352867126465,0.0,6.325240612030029
E,4,2,2023-11-10,2023-11-24,4.0,2.1047961711883545,0.0,5.883301734924316
E,4,2,2023-11-17,2023-12-01,5.0,1.8690190315246582,0.0,5.647524356842041
E,4,2,2023-11-24,2023-12-08,3.0,1.5875308513641357,0.0,5.366036415100098
E,4,2,2023-12-01,2023-12-15,3.0,1.766024112701416,0.0,5.544529438018799
E,4,2,2023-12-08,2023-12-22,2.0,2.0593514442443848,0.0,5.837856769561768
E,4,2,2023-12-15,2023-12-29,1.0,2.2338569164276123,0.0,6.012362480163574
E,4,2,2023-12-22,2024-01-05,2.0,2.1444928646087646,0.0,5.922998428344727
E,4,2,2023-12-29,2024-01-12,0.0,2.6482338905334473,0.0,6.42673921585083
E,4,2,2024-01-05,2024-01-19,0.0,2.3041224479675293,0.0,6.082627773284912
E,4,2,2024-01-12,2024-01-26,2.0,1.7282640933990479,0.0,5.506769180297852
E,4,2,2024-01-19,2024-02-02,2.0,1.5798795223236084,0.0,5.35838508605957
E,4,2,2024-01-26,2024-02-09,1.0,1.6205726861953735,0.0,5.399077892303467
E,4,2,2024-02-02,2024-02-16,2.0,1.9154136180877686,0.0,5.6939191818237305
E,4,2,2024-02-09,2024-02-23,3.0,1.4828654527664185,0.0,5.261370658874512
E,4,2,2024-02-16,2024-03-01,1.0,1.3051142692565918,0.0,5.083619594573975
E,4,2,2024-02-23,2024-03-08,2.0,1.1709332466125488,0.0,4.949438571929932
E,4,2,2024-03-01,2024-03-15,2.0,1.1069425344467163,0.0,4.237923622131348
E,4,2,2024-03-08,2024-03-22,3.0,0.9314913749694824,0.0,4.062472343444824
E,4,2,2024-03-15,2024-03-29,0.0,0.9318921566009521,0.0,4.062872886657715
E,4,2,2024-03-22,2024-04-05,0.0,0.8955987691879272,0.0,4.026579856872559
E,4,2,2024-03-29,2024-04-12,3.0,0.9435415267944336,0.0,4.074522495269775
E,4,2,2024-04-05,2024-04-19,0.0,0.5931227207183838,0.0,3.7241036891937256
E,4,2,2024-04-12,2024-04-26,2.0,0.8612247705459595,0.0,3.9922056198120117
E,4,2,2024-04-19,2024-05-03,0.0,0.23863177001476288,0.0,3.369612693786621
E,4,2,2024-04-26,2024-05-10,0.0,0.25150981545448303,0.0,3.382490873336792
E,4,2,2024-05-03,2024-05-17,1.0,0.2695244550704956,0.0,3.400505542755127
E,4,2,2024-05-10,2024-05-24,1.0,0.475760281085968,0.0,3.606741189956665
E,4,2,2024-05-17,2024-05-31,1.0,0.611051082611084,0.0,3.742032051086426
E,4,2,2024-05-24,2024-06-07,2.0,0.6035495400428772,0.0,3.734530448913574
E,4,2,2024-05-31,2024-06-14,7.0,1.0879048109054565,0.0,4.218885898590088
E,4,2,2024-06-07,2024-06-21,3.0,1.5376209020614624,0.0,4.668601989746094
E,4,2,2024-06-14,2024-06-28,1.0,2.6112122535705566,0.0,5.742193222045898
E,4,2,2024-06-21,2024-07-05,1.0,3.71024489402771,0.0,6.841225624084473
E,4,2,2024-06-28,2024-07-12,4.0,5.239182949066162,0.0,11.151277542114258
E,4,2,2024-07-05,2024-07-19,4.0,7.448463439941406,0.5373349189758301,13.36055850982666
E,4,2,2024-07-12,2024-07-26,5.0,9.103035926818848,2.1919074058532715,15.015130996704102
E,4,2,2024-07-19,2024-08-02,8.0,8.53880786895752,1.6276793479919434,14.450902938842773
E,4,2,2024-07-26,2024-08-09,1.0,9.559059143066406,2.64793062210083,15.47115421295166
E,4,2,2024-08-02,2024-08-16,1.0,9.377392768859863,2.466264247894287,15.289487838745117
E,4,2,2024-08-09,2024-08-23,11.0,7.9866719245910645,3.719346523284912,13.898767471313477
E,4,2,2024-08-16,2024-08-30,6.0,7.015263080596924,2.912227153778076,12.927358627319336
E,4,2,2024-08-23,2024-09-06,6.0,9.757808685302734,1.1987495422363281,15.669903755187988
E,4,2,2024-08-30,2024-09-13,15.0,13.32783031463623,4.768771171569824,19.239925384521484
E,4,2,2024-09-06,2024-09-20,8.0,14.912003517150879,6.352944374084473,20.824098587036133
E,4,2,2024-09-13,2024-09-27,18.0,14.893364906311035,6.334305763244629,20.80545997619629
E,4,2,2024-09-20,2024-10-04,15.0,13.237615585327148,4.678556442260742,19.14971160888672
E,4,2,2024-09-27,2024-10-11,10.0,14.199259757995605,5.640200614929199,20.11135482788086
E,4,2,2024-10-04,2024-10-18,11.0,12.654335975646973,4.095276832580566,18.566431045532227
E,4,2,2024-10-11,2024-10-25,4.0,11.557642936706543,2.9985837936401367,17.469738006591797
E,4,2,2024-10-18,2024-11-01,13.0,10.69405746459961,2.134998321533203,16.606151580810547
E,4,2,2024-10-25,2024-11-08,10.0,8.502202033996582,0.0,14.414297103881836
E,4,2,2024-11-01,2024-11-15,21.0,7.267154693603516,0.0,13.17924976348877
E,4,2,2024-11-08,2024-11-22,15.0,7.235841751098633,0.0,13.147936820983887
E,4,2,2024-11-15,2024-11-29,17.0,7.626447677612305,0.0,13.538542747497559
E,4,2,2024-11-22,2024-12-06,12.0,6.7135114669799805,0.0,12.625606536865234
E,4,2,2024-11-29,2024-12-13,10.0,8.711480140686035,0.1524209976196289,22.444324493408203
E,4,2,2024-12-06,2024-12-20,4.0,10.217133522033691,1.6580743789672852,23.94997787475586
E,4,2,2024-12-13,2024-12-27,2.0,8.542845726013184,0.0,22.275691986083984
E,4,2,2024-12-20,2025-01-03,15.0,6.958364486694336,0.0,20.69120979309082
E,4,2,2024-12-27,2025-01-10,22.0,6.327583312988281,0.0,20.060428619384766
E,4,2,2025-01-03,2025-01-17,12.0,6.260312080383301,0.0,19.99315643310547
E,4,2,2025-01-10,2025-01-24,16.0,6.485635757446289,0.0,20.218481063842773
E,4,2,2025-01-17,2025-01-31,24.0,6.688432693481445,0.0,20.42127799987793
E,4,2,2025-01-24,2025-02-07,16.0,7.735380172729492,0.0,23.40779685974121
E,4,2,2025-01-31,2025-02-14,35.0,10.022820472717285,1.463761329650879,25.695236206054688
E,4,2,2025-02-07,2025-02-21,25.0,11.202869415283203,2.643810272216797,26.875286102294922
E,4,2,2025-02-14,2025-02-28,23.0,14.250092506408691,5.691033363342285,31.561660766601562
E,4,2,2025-02-21,2025-03-07,15.0,16.643291473388672,8.084232330322266,33.954856872558594
E,4,2,2025-02-28,2025-03-14,17.0,18.628572463989258,10.069513320922852,43.605751037597656
E,4,2,2025-03-07,2025-03-21,14.0,18.334640502929688,9.775581359863281,43.31182098388672
E,4,2,2025-03-14,2025-03-28,15.0,17.0599365234375,8.500877380371094,42.03711700439453
E,4,2,2025-03-21,2025-04-04,9.0,15.05121898651123,6.492159843444824,40.02840042114258
E,4,2,2025-03-28,2025-04-11,3.0,13.257599830627441,4.698540687561035,38.234779357910156
E,4,2,2025-04-04,2025-04-18,2.0,11.120722770690918,2.5616636276245117,36.097904205322266
E,4,2,2025-04-11,2025-04-25,4.0,10.196698188781738,1.637639045715332,35.17387771606445
E,4,2,2025-04-18,2025-05-02,5.0,8.283541679382324,0.0,33.26072311401367
E,4,2,2025-04-25,2025-05-09,5.0,5.964195251464844,0.0,30.941375732421875
E,4,2,2025-05-02,2025-05-16,2.0,5.103571891784668,0.0,30.080753326416016
E,4,2,2025-05-09,2025-05-23,7.0,4.87797737121582,0.0,29.85515785217285
E,4,2,2025-05-16,2025-05-30,10.0,3.919421911239624,0.0,28.896602630615234
E,4,2,2025-05-23,2025-06-06,5.0,2.939161777496338,0.0,27.91634178161621
E,4,2,2025-05-30,2025-06-13,8.0,2.593979835510254,0.0,27.57115936279297
E,4,2,2025-06-06,2025-06-20,5.0,3.494680881500244,0.0,28.471860885620117
E,4,2,2025-06-13,2025-06-27,3.0,5.1311140060424805,0.0,30.108295440673828
E,4,2,2025-06-20,2025-07-04,7.0,7.056887626647949,0.0,32.0340690612793
E,4,2,2025-06-27,2025-07-11,6.0,9.288859367370605,0.0,34.26604080200195
E,4,2,2025-07-04,2025-07-18,7.0,10.028281211853027,0.0,35.005462646484375
E,4,2,2025-07-11,2025-07-25,5.0,11.291579246520996,1.0339794158935547,36.268760681152344
E,4,2,2025-07-18,2025-08-01,10.0,9.575209617614746,0.0,34.552391052246094
E,4,2,2025-07-25,2025-08-08,14.0,7.119077682495117,0.0,32.09626007080078
E,4,2,2025-08-01,2025-08-15,16.0,3.8328545093536377,0.0,28.810035705566406
E,4,2,2025-08-08,2025-08-22,9.0,3.706763744354248,0.0,28.683944702148438
E,4,2,2025-08-15,2025-08-29,12.0,5.810108184814453,0.0,30.787288665771484
E,4,2,2025-08-22,2025-09-05,,8.243861198425293,0.0,33.22104263305664
E,4,4,2023-02-17,2023-03-17,0.0,2.3347883224487305,0.0,8.023008346557617
E,4,4,2023-02-24,2023-03-24,2.0,1.8714227676391602,0.0,7.559642791748047
E,4,4,2023-03-03,2023-03-31,4.0,1.6357444524765015,0.0,7.323964595794678
E,4,4,2023-03-10,2023-04-07,3.0,1.492285966873169,0.0,7.180505752563477
E,4,4,2023-03-17,2023-04-14,3.0,1.5478973388671875,0.0,7.236117362976074
E,4,4,2023-03-24,2023-04-21,3.0,1.9458668231964111,0.0,7.634086608886719
E,4,4,2023-03-31,2023-04-28,2.0,2.2991979122161865,0.0,7.987418174743652
E,4,4,2023-04-07,2023-05-05,0.0,2.7003469467163086,0.0,8.388566970825195
E,4,4,2023-04-14,2023-05-12,1.0,2.6361522674560547,0.0,8.324372291564941
E,4,4,2023-04-21,2023-05-19,1.0,2.8241021633148193,0.0,8.512322425842285
E,4,4,2023-04-28,2023-05-26,0.0,2.9384918212890625,0.0,8.62671184539795
E,4,4,2023-05-05,2023-06-02,2.0,3.1269664764404297,0.0,8.815186500549316
E,4,4,2023-05-12,2023-06-09,1.0,5.239835262298584,0.0,10.928054809570312
E,4,4,2023-05-19,2023-06-16,2.0,7.290368556976318,0.0,12.978588104248047
E,4,4,2023-05-26,2023-06-23,0.0,8.726630210876465,0.0,14.414850234985352
E,4,4,2023-06-02,2023-06-30,3.0,8.564802169799805,0.0,14.253022193908691
E,4,4,2023-06-09,2023-07-07,3.0,7.796143531799316,0.0,13.484363555908203
E,4,4,2023-06-16,2023-07-14,1.0,7.15507173538208,0.0,12.843292236328125
E,4,4,2023-06-23,2023-07-21,3.0,7.183043956756592,0.0,12.87126350402832
E,4,4,2023-06-30,2023-07-28,1.0,8.459038734436035,0.0,14.147258758544922
E,4,4,2023-07-07,2023-08-04,3.0,9.867109298706055,0.6713056564331055,15.555329322814941
E,4,4,2023-07-14,2023-08-11,6.0,8.832367897033691,0.0,14.520587921142578
E,4,4,2023-07-21,2023-08-18,5.0,7.713268280029297,0.0,12.902935028076172
E,4,4,2023-07-28,2023-08-25,4.0,9.154046058654785,0.0,14.34371280670166
E,4,4,2023-08-04,2023-09-01,2.0,7.954073905944824,0.0,13.1437406539917
E,4,4,2023-08-11,2023-09-08,3.0,6.065428733825684,0.0,11.255095481872559
E,4,4,2023-08-18,2023-09-15,4.0,4.659257888793945,0.0,9.84892463684082
E,4,4,2023-08-25,2023-09-22,3.0,5.122755527496338,0.0,10.312421798706055
E,4,4,2023-09-01,2023-09-29,6.0,7.247237682342529,0.0,12.436904907226562
E,4,4,2023-09-08,2023-10-06,2.0,5.487583160400391,0.0,10.677249908447266
E,4,4,2023-09-15,2023-10-13,2.0,5.276366233825684,0.0,10.466032981872559
E,4,4,2023-09-22,2023-10-20,5.0,5.138486862182617,0.0,10.328153610229492
E,4,4,2023-09-29,2023-10-27,3.0,4.402922630310059,0.0,9.592589378356934
E,4,4,2023-10-06,2023-11-03,2.0,3.4639222621917725,0.0,8.653589248657227
E,4,4,2023-10-13,2023-11-10,4.0,3.170793056488037,0.0,8.36046028137207
E,4,4,2023-10-20,2023-11-17,5.0,2.615036725997925,0.0,7.804703712463379
E,4,4,2023-10-27,2023-11-24,4.0,2.018054723739624,0.0,7.207721710205078
E,4,4,2023-11-03,2023-12-01,5.0,2.284376621246338,0.0,7.474043369293213
E,4,4,2023-11-10,2023-12-08,3.0,1.9480721950531006,0.0,7.137739181518555
E,4,4,2023-11-17,2023-12-15,3.0,1.8770068883895874,0.0,7.066673755645752
E,4,4,2023-11-24,2023-12-22,2.0,1.7568718194961548,0.0,6.94653844833374
E,4,4,2023-12-01,2023-12-29,1.0,2.1422603130340576,0.0,7.331927299499512
E,4,4,2023-12-08,2024-01-05,2.0,2.5999903678894043,0.0,7.789657115936279
E,4,4,2023-12-15,2024-01-12,0.0,2.7929775714874268,0.0,7.982644081115723
E,4,4,2023-12-22,2024-01-19,0.0,2.378420352935791,0.0,7.568087100982666
E,4,4,2023-12-29,2024-01-26,2.0,2.7557592391967773,0.0,7.945425987243652
E,4,4,2024-01-05,2024-02-02,2.0,2.2340309619903564,0.0,7.423697471618652
E,4,4,2024-01-12,2024-02-09,1.0,1.5033066272735596,0.0,6.6929731369018555
E,4,4,2024-01-19,2024-02-16,2.0,1.3405916690826416,0.0,6.5302581787109375
E,4,4,2024-01-26,2024-02-23,3.0,1.2953349351882935,0.0,6.485001564025879
E,4,4,2024-02-02,2024-03-01,1.0,1.5705890655517578,0.0,6.760255813598633
E,4,4,2024-02-09,2024-03-08,2.0,1.1826289892196655,0.0,6.37229585647583
E,4,4,2024-02-16,2024-03-15,2.0,1.1269168853759766,0.0,6.316583633422852
E,4,4,2024-02-23,2024-03-22,3.0,1.0166407823562622,0.0,6.206307411193848
E,4,4,2024-03-01,2024-03-29,0.0,1.064340353012085,0.0,3.779963731765747
E,4,4,2024-03-08,2024-04-05,0.0,0.9608708620071411,0.0,3.6764941215515137
E,4,4,2024-03-15,2024-04-12,3.0,1.0284074544906616,0.0,3.7440309524536133
E,4,4,2024-03-22,2024-04-19,0.0,1.109127163887024,0.0,3.8247504234313965
E,4,4,2024-03-29,2024-04-26,2.0,1.2436156272888184,0.0,3.9592390060424805
E,4,4,2024-04-05,2024-05-03,0.0,0.874042272567749,0.0,3.589665651321411
E,4,4,2024-04-12,2024-05-10,0.0,1.2800014019012451,0.0,3.9956247806549072
E,4,4,2024-04-19,2024-05-17,1.0,0.5531039237976074,0.0,3.2687273025512695
E,4,4,2024-04-26,2024-05-24,1.0,0.6571106910705566,0.0,3.3727340698242188
E,4,4,2024-05-03,2024-05-31,1.0,0.7307733297348022,0.0,3.446396827697754
E,4,4,2024-05-10,2024-06-07,2.0,1.0088324546813965,0.0,3.7244558334350586
E,4,4,2024-05-17,2024-06-14,7.0,1.135756492614746,0.0,3.851379871368408
E,4,4,2024-05-24,2024-06-21,3.0,1.0821099281311035,0.0,3.7977333068847656
E,4,4,2024-05-31,2024-06-28,1.0,1.5969799757003784,0.0,4.31260347366333
E,4,4,2024-06-07,2024-07-05,1.0,1.9198806285858154,0.0,4.635503768920898
E,4,4,2024-06-14,2024-07-12,4.0,2.9408206939697266,0.0,5.656444072723389
E,4,4,2024-06-21,2024-07-19,4.0,4.207022190093994,0.0,6.922645568847656
E,4,4,2024-06-28,2024-07-26,5.0,6.353708744049072,0.0,12.217952728271484
E,4,4,2024-07-05,2024-08-02,8.0,8.877425193786621,1.418386459350586,14.741668701171875
E,4,4,2024-07-12,2024-08-09,1.0,10.1950044631958,2.7359657287597656,16.059247970581055
E,4,4,2024-07-19,2024-08-16,1.0,8.764086723327637,1.3050479888916016,14.62833023071289
E,4,4,2024-07-26,2024-08-23,11.0,10.507201194763184,3.0481624603271484,16.371444702148438
E,4,4,2024-08-02,2024-08-30,6.0,10.251667976379395,2.7926292419433594,16.11591148376465
E,4,4,2024-08-09,2024-09-06,6.0,9.130929946899414,2.2638206481933594,14.995173454284668
E,4,4,2024-08-16,2024-09-13,15.0,8.464777946472168,2.5107040405273438,14.329021453857422
E,4,4,2024-08-23,2024-09-20,8.0,11.697007179260254,2.502002716064453,17.561250686645508
E,4,4,2024-08-30,2024-09-27,18.0,13.652924537658691,4.457920074462891,19.517168045043945
E,4,4,2024-09-06,2024-10-04,15.0,13.973893165588379,4.778888702392578,19.838136672973633
E,4,4,2024-09-13,2024-10-11,10.0,13.51657772064209,4.321573257446289,19.380821228027344
E,4,4,2024-09-20,2024-10-18,11.0,12.262215614318848,3.067211151123047,18.1264591217041
E,4,4,2024-09-27,2024-10-25,4.0,13.567917823791504,4.372913360595703,20.103139877319336
E,4,4,2024-10-04,2024-11-01,13.0,10.85977554321289,1.6647710800170898,17.394996643066406
E,4,4,2024-10-11,2024-11-08,10.0,8.912256240844727,0.0,15.447478294372559
E,4,4,2024-10-18,2024-11-15,21.0,7.512494087219238,0.0,14.04771614074707
E,4,4,2024-10-25,2024-11-22,15.0,5.645641326904297,0.0,12.180863380432129
E,4,4,2024-11-01,2024-11-29,17.0,5.058216571807861,0.0,11.593439102172852
E,4,4,2024-11-08,2024-12-06,12.0,5.74664306640625,0.0,12.281865119934082
E,4,4,2024-11-15,2024-12-13,10.0,7.190853118896484,0.0,13.726075172424316
E,4,4,2024-11-22,2024-12-20,4.0,7.006453990936279,0.0,13.541675567626953
E,4,4,2024-11-29,2024-12-27,2.0,9.791733741760254,0.22381591796875,23.279239654541016
E,4,4,2024-12-06,2025-01-03,15.0,10.756307601928711,1.188389778137207,24.243812561035156
E,4,4,2024-12-13,2025-01-10,22.0,8.44767951965332,0.0,21.935184478759766
E,4,4,2024-12-20,2025-01-17,12.0,6.747006416320801,0.0,20.234512329101562
E,4,4,2024-12-27,2025-01-24,16.0,6.173656463623047,0.0,19.661163330078125
E,4,4,2025-01-03,2025-01-31,24.0,6.144418716430664,0.0,19.63192367553711
E,4,4,2025-01-10,2025-02-07,16.0,6.54860258102417,0.0,20.036108016967773
E,4,4,2025-01-17,2025-02-14,35.0,6.682131290435791,0.0,20.16963768005371
E,4,4,2025-01-24,2025-02-21,25.0,7.916197776794434,0.0,21.468517303466797
E,4,4,2025-01-31,2025-02-28,23.0,10.360250473022461,0.792332649230957,23.91257095336914
E,4,4,2025-02-07,2025-03-07,15.0,10.865209579467773,1.2972917556762695,24.417530059814453
E,4,4,2025-02-14,2025-03-14,17.0,13.240386009216309,3.6724681854248047,31.095966339111328
E,4,4,2025-02-21,2025-03-21,14.0,14.461780548095703,4.893862724304199,32.317359924316406
E,4,4,2025-02-28,2025-03-28,15.0,16.44361686706543,6.875699043273926,44.7614860534668
E,4,4,2025-03-07,2025-04-04,9.0,16.4343318939209,6.8664140701293945,44.752201080322266
E,4,4,2025-03-14,2025-04-11,3.0,15.828170776367188,6.260252952575684,44.14604187011719
E,4,4,2025-03-21,2025-04-18,2.0,14.713749885559082,5.145832061767578,43.031620025634766
E,4,4,2025-03-28,2025-04-25,4.0,14.340239524841309,4.772321701049805,42.65810775756836
E,4,4,2025-04-04,2025-05-02,5.0,13.328063011169434,3.7601451873779297,41.645931243896484
E,4,4,2025-04-11,2025-05-09,5.0,13.096513748168945,3.5285959243774414,41.41438293457031
E,4,4,2025-04-18,2025-05-16,2.0,10.731947898864746,1.1640300750732422,39.0498161315918
E,4,4,2025-04-25,2025-05-23,7.0,7.677366256713867,0.0,35.995235443115234
E,4,4,2025-05-02,2025-05-30,10.0,6.614132881164551,0.0,34.932003021240234
E,4,4,2025-05-09,2025-06-06,5.0,6.715131759643555,0.0,35.03300094604492
E,4,4,2025-05-16,2025-06-13,8.0,5.544930934906006,0.0,33.86280059814453
E,4,4,2025-05-23,2025-06-20,5.0,4.08461332321167,0.0,32.40248107910156
E,4,4,2025-05-30,2025-06-27,3.0,3.888329029083252,0.0,32.206199645996094
E,4,4,2025-06-06,2025-07-04,7.0,5.519586563110352,0.0,33.83745574951172
E,4,4,2025-06-13,2025-07-11,6.0,8.330909729003906,0.0,36.648780822753906
E,4,4,2025-06-20,2025-07-18,7.0,10.352503776550293,0.0,38.670372009277344
E,4,4,2025-06-27,2025-07-25,5.0,10.871767044067383,0.0,39.18963623046875
E,4,4,2025-07-04,2025-08-01,10.0,10.638876914978027,0.0,38.95674514770508
E,4,4,2025-07-11,2025-08-08,14.0,12.04991626739502,0.0,40.3677864074707
E,4,4,2025-07-18,2025-08-15,16.0,10.055471420288086,0.0,38.37334060668945
E,4,4,2025-07-25,2025-08-22,9.0,6.956806182861328,0.0,35.27467346191406
E,4,4,2025-08-01,2025-08-29,12.0,3.3553547859191895,0.0,31.6732234954834
E,4,4,2025-08-08,2025-09-05,,3.158238649368286,0.0,31.47610855102539
E,4,4,2025-08-15,2025-09-12,,5.219847679138184,0.0,33.537715911865234
E,4,4,2025-08-22,2025-09-19,,7.3867034912109375,0.0,35.70457458496094
E,4,8,2023-02-17,2023-04-14,3.0,1.5069749355316162,0.0,7.01259708404541
E,4,8,2023-02-24,2023-04-21,3.0,1.3307750225067139,0.0,6.836397171020508
E,4,8,2023-03-03,2023-04-28,2.0,1.27042555809021,0.0,6.776047706604004
E,4,8,2023-03-10,2023-05-05,0.0,1.3266749382019043,0.0,6.832297325134277
E,4,8,2023-03-17,2023-05-12,1.0,1.5022773742675781,0.0,7.007899761199951
E,4,8,2023-03-24,2023-05-19,1.0,2.185153007507324,0.0,7.690775394439697
E,4,8,2023-03-31,2023-05-26,0.0,2.9960434436798096,0.0,8.501666069030762
E,4,8,2023-04-07,2023-06-02,2.0,3.8213882446289062,0.0,9.327011108398438
E,4,8,2023-04-14,2023-06-09,1.0,4.730473518371582,0.0,10.236095428466797
E,4,8,2023-04-21,2023-06-16,2.0,6.421799659729004,0.0,11.927421569824219
E,4,8,2023-04-28,2023-06-23,0.0,7.4951629638671875,0.0,13.000785827636719
E,4,8,2023-05-05,2023-06-30,3.0,8.618281364440918,0.0,14.123903274536133
E,4,8,2023-05-12,2023-07-07,3.0,14.283708572387695,4.181796073913574,19.789331436157227
E,4,8,2023-05-19,2023-07-14,1.0,15.875535011291504,5.773622512817383,21.38115692138672
E,4,8,2023-05-26,2023-07-21,3.0,15.805042266845703,5.703129768371582,21.310665130615234
E,4,8,2023-06-02,2023-07-28,1.0,14.295154571533203,4.193242073059082,19.800777435302734
E,4,8,2023-06-09,2023-08-04,3.0,14.77065372467041,4.668741226196289,20.276275634765625
E,4,8,2023-06-16,2023-08-11,6.0,15.010921478271484,4.909008979797363,20.516544342041016
E,4,8,2023-06-23,2023-08-18,5.0,16.032052993774414,5.930140495300293,21.537675857543945
E,4,8,2023-06-30,2023-08-25,4.0,21.162214279174805,11.060301780700684,26.667837142944336
E,4,8,2023-07-07,2023-09-01,2.0,23.41377830505371,13.31186580657959,28.919401168823242
E,4,8,2023-07-14,2023-09-08,3.0,15.283671379089355,5.181758880615234,20.78929328918457
E,4,8,2023-07-21,2023-09-15,4.0,13.994156837463379,2.7104482650756836,19.304439544677734
E,4,8,2023-07-28,2023-09-22,3.0,12.870079040527344,0.0,18.180362701416016
E,4,8,2023-08-04,2023-09-29,6.0,8.314473152160645,0.0,13.624755859375
E,4,8,2023-08-11,2023-10-06,2.0,6.248240947723389,0.0,11.558523178100586
E,4,8,2023-08-18,2023-10-13,2.0,5.186650276184082,0.0,10.496932983398438
E,4,8,2023-08-25,2023-10-20,5.0,5.100458145141602,0.0,10.410740852355957
E,4,8,2023-09-01,2023-10-27,3.0,5.515241622924805,0.0,10.82552433013916
E,4,8,2023-09-08,2023-11-03,2.0,4.5162177085876465,0.0,9.826499938964844
E,4,8,2023-09-15,2023-11-10,4.0,4.839245796203613,0.0,10.149528503417969
E,4,8,2023-09-22,2023-11-17,5.0,4.901952266693115,0.0,10.212234497070312
E,4,8,2023-09-29,2023-11-24,4.0,4.381227016448975,0.0,9.691509246826172
E,4,8,2023-10-06,2023-12-01,5.0,3.6948163509368896,0.0,9.005099296569824
E,4,8,2023-10-13,2023-12-08,3.0,3.438922643661499,0.0,8.749205589294434
E,4,8,2023-10-20,2023-12-15,3.0,2.7095704078674316,0.0,8.019853591918945
E,4,8,2023-10-27,2023-12-22,2.0,2.371744394302368,0.0,7.6820268630981445
E,4,8,2023-11-03,2023-12-29,1.0,3.1786608695983887,0.0,8.488943099975586
E,4,8,2023-11-10,2024-01-05,2.0,2.951688051223755,0.0,8.261970520019531
E,4,8,2023-11-17,2024-01-12,0.0,3.086369037628174,0.0,8.396652221679688
E,4,8,2023-11-24,2024-01-19,0.0,3.047497272491455,0.0,8.357780456542969
E,4,8,2023-12-01,2024-01-26,2.0,3.845937490463257,0.0,9.156220436096191
E,4,8,2023-12-08,2024-02-02,2.0,4.786685466766357,0.0,10.096967697143555
E,4,8,2023-12-15,2024-02-09,1.0,4.902387619018555,0.0,10.21267032623291
E,4,8,2023-12-22,2024-02-16,2.0,3.407914400100708,0.0,8.718196868896484
E,4,8,2023-12-29,2024-02-23,3.0,3.4085235595703125,0.0,8.718806266784668
E,4,8,2024-01-05,2024-03-01,1.0,2.552363395690918,0.0,7.862646102905273
E,4,8,2024-01-12,2024-03-08,2.0,1.678441047668457,0.0,6.9887237548828125
E,4,8,2024-01-19,2024-03-15,2.0,1.5243690013885498,0.0,6.834651947021484
E,4,8,2024-01-26,2024-03-22,3.0,1.3738255500793457,0.0,6.684108257293701
E,4,8,2024-02-02,2024-03-29,0.0,1.6019738912582397,0.0,6.912256717681885
E,4,8,2024-02-09,2024-04-05,0.0,1.3931865692138672,0.0,6.703469276428223
E,4,8,2024-02-16,2024-04-12,3.0,1.5270938873291016,0.0,6.837376594543457
E,4,8,2024-02-23,2024-04-19,0.0,1.480901837348938,0.0,6.791184425354004
E,4,8,2024-03-01,2024-04-26,2.0,1.6877983808517456,0.0,4.260711669921875
E,4,8,2024-03-08,2024-05-03,0.0,1.669236660003662,0.0,4.242149829864502
E,4,8,2024-03-15,2024-05-10,0.0,1.8571689128875732,0.0,4.430082321166992
E,4,8,2024-03-22,2024-05-17,1.0,2.142749309539795,0.0,4.715662479400635
E,4,8,2024-03-29,2024-05-24,1.0,2.430518627166748,0.0,5.003431797027588
E,4,8,2024-04-05,2024-05-31,1.0,1.9514641761779785,0.0,4.524377346038818
E,4,8,2024-04-12,2024-06-07,2.0,2.721909761428833,0.0,4.421298027038574
E,4,8,2024-04-19,2024-06-14,7.0,1.6199300289154053,0.0,3.2891550064086914
E,4,8,2024-04-26,2024-06-21,3.0,1.865161657333374,0.0,3.53438663482666
E,4,8,2024-05-03,2024-06-28,1.0,2.0605061054229736,0.0,3.686680555343628
E,4,8,2024-05-10,2024-07-05,1.0,2.69748592376709,0.0,4.323660373687744
E,4,8,2024-05-17,2024-07-12,4.0,2.9695992469787598,0.0,4.595773696899414
E,4,8,2024-05-24,2024-07-19,4.0,2.7397937774658203,0.0,4.365968227386475
E,4,8,2024-05-31,2024-07-26,5.0,3.4452927112579346,0.0,5.071467399597168
E,4,8,2024-06-07,2024-08-02,8.0,3.4612667560577393,0.0,5.087441444396973
E,4,8,2024-06-14,2024-08-09,1.0,4.445527076721191,0.0,6.071701526641846
E,4,8,2024-06-21,2024-08-16,1.0,6.523299694061279,0.0,8.149474143981934
E,4,8,2024-06-28,2024-08-23,11.0,9.907729148864746,0.0,15.287798881530762
E,4,8,2024-07-05,2024-08-30,6.0,12.376715660095215,0.0,17.756786346435547
E,4,8,2024-07-12,2024-09-06,6.0,12.674019813537598,0.0,18.054088592529297
E,4,8,2024-07-19,2024-09-13,15.0,11.317244529724121,0.0,16.697315216064453
E,4,8,2024-07-26,2024-09-20,8.0,11.917142868041992,0.0,17.297212600708008
E,4,8,2024-08-02,2024-09-27,18.0,9.791165351867676,0.0,15.171235084533691
E,4,8,2024-08-09,2024-10-04,15.0,9.082427024841309,0.0,14.462496757507324
E,4,8,2024-08-16,2024-10-11,10.0,9.348616600036621,0.0,14.728686332702637
E,4,8,2024-08-23,2024-10-18,11.0,10.54599666595459,0.0,15.926066398620605
E,4,8,2024-08-30,2024-10-25,4.0,10.019948959350586,0.0,15.400018692016602
E,4,8,2024-09-06,2024-11-01,13.0,9.599183082580566,0.0,14.979252815246582
E,4,8,2024-09-13,2024-11-08,10.0,8.64116096496582,0.0,14.021230697631836
E,4,8,2024-09-20,2024-11-15,21.0,8.195854187011719,0.0,13.575923919677734
E,4,8,2024-09-27,2024-11-22,15.0,9.690571784973145,0.0,15.07064151763916
E,4,8,2024-10-04,2024-11-29,17.0,6.153552055358887,0.0,11.533621788024902
E,4,8,2024-10-11,2024-12-06,12.0,4.269168853759766,0.0,12.47800350189209
E,4,8,2024-10-18,2024-12-13,10.0,3.629551410675049,0.0,11.838386535644531
E,4,8,2024-10-25,2024-12-20,4.0,3.283524990081787,0.0,11.492359161376953
E,4,8,2024-11-01,2024-12-27,2.0,3.610917329788208,0.0,11.819751739501953
E,4,8,2024-11-08,2025-01-03,15.0,4.94724702835083,0.0,13.156082153320312
E,4,8,2024-11-15,2025-01-10,22.0,7.810014247894287,1.1359944343566895,16.018848419189453
E,4,8,2024-11-22,2025-01-17,12.0,8.100366592407227,1.426346778869629,16.309200286865234
E,4,8,2024-11-29,2025-01-24,16.0,10.370213508605957,3.6961936950683594,23.174358367919922
E,4,8,2024-12-06,2025-01-31,24.0,9.260016441345215,2.585996627807617,22.064163208007812
E,4,8,2024-12-13,2025-02-07,16.0,7.604278087615967,0.9302582740783691,20.408424377441406
E,4,8,2024-12-20,2025-02-14,35.0,6.10134220123291,0.0,18.905487060546875
E,4,8,2024-12-27,2025-02-21,25.0,5.57382345199585,0.0,18.37796974182129
E,4,8,2025-01-03,2025-02-28,23.0,5.3194756507873535,0.0,18.123620986938477
E,4,8,2025-01-10,2025-03-07,15.0,5.0938191413879395,0.0,17.897964477539062
E,4,8,2025-01-17,2025-03-14,17.0,4.849538803100586,0.0,17.653684616088867
E,4,8,2025-01-24,2025-03-21,14.0,5.746524810791016,0.0,19.93651008605957
E,4,8,2025-01-31,2025-03-28,15.0,7.229962348937988,0.5559425354003906,21.41994857788086
E,4,8,2025-02-07,2025-04-04,9.0,7.244808197021484,0.5707883834838867,21.43479347229004
E,4,8,2025-02-14,2025-04-11,3.0,8.896493911743164,2.2224740982055664,23.636478424072266
E,4,8,2025-02-21,2025-04-18,2.0,10.681967735290527,4.00794792175293,25.421951293945312
E,4,8,2025-02-28,2025-04-25,4.0,13.665740013122559,6.991720199584961,42.56439971923828
E,4,8,2025-03-07,2025-05-02,5.0,14.576129913330078,7.9021100997924805,43.474788665771484
E,4,8,2025-03-14,2025-05-09,5.0,15.65284252166748,8.978822708129883,44.5515022277832
E,4,8,2025-03-21,2025-05-16,2.0,16.808134078979492,10.134114265441895,45.70679473876953
E,4,8,2025-03-28,2025-05-23,7.0,24.046337127685547,17.372318267822266,52.94499588012695
E,4,8,2025-04-04,2025-05-30,10.0,26.441972732543945,19.76795196533203,55.34062957763672
E,4,8,2025-04-11,2025-06-06,5.0,28.851533889770508,22.177513122558594,57.75019073486328
E,4,8,2025-04-18,2025-06-13,8.0,22.049997329711914,15.375977516174316,50.94865417480469
E,4,8,2025-04-25,2025-06-20,5.0,13.9309720993042,7.256952285766602,42.82963180541992
E,4,8,2025-05-02,2025-06-27,3.0,13.371245384216309,4.689277648925781,42.26990509033203
E,4,8,2025-05-09,2025-07-04,7.0,15.533430099487305,5.867690086364746,44.432090759277344
E,4,8,2025-05-16,2025-07-11,6.0,13.810684204101562,4.144944190979004,42.70934295654297
E,4,8,2025-05-23,2025-07-18,7.0,10.509521484375,0.0,39.408180236816406
E,4,8,2025-05-30,2025-07-25,5.0,10.687582969665527,0.0,39.58624267578125
E,4,8,2025-06-06,2025-08-01,10.0,12.341485023498535,0.0,41.240142822265625
E,4,8,2025-06-13,2025-08-08,14.0,16.833032608032227,0.0,45.731689453125
E,4,8,2025-06-20,2025-08-15,16.0,16.73082733154297,0.0,45.629486083984375
E,4,8,2025-06-27,2025-08-22,9.0,13.509926795959473,0.0,42.40858459472656
E,4,8,2025-07-04,2025-08-29,12.0,9.786480903625488,0.0,38.68513870239258
E,4,8,2025-07-11,2025-09-05,,9.62798023223877,0.0,38.52663803100586
E,4,8,2025-07-18,2025-09-12,,6.948426246643066,0.0,35.847084045410156
E,4,8,2025-07-25,2025-09-19,,4.5282769203186035,0.0,33.426937103271484
E,4,8,2025-08-01,2025-09-26,,2.449626922607422,0.0,31.348285675048828
E,4,8,2025-08-08,2025-10-03,,2.2698981761932373,0.0,31.168556213378906
E,4,8,2025-08-15,2025-10-10,,3.1738290786743164,0.0,32.072486877441406
E,4,8,2025-08-22,2025-10-17,,3.6456105709075928,0.0,32.54426956176758
E,4,12,2023-02-17,2023-05-12,1.0,2.036155939102173,0.0,6.365736961364746
E,4,12,2023-02-24,2023-05-19,1.0,1.9699137210845947,0.0,6.299494743347168
E,4,12,2023-03-03,2023-05-26,0.0,1.9798314571380615,0.0,6.309412956237793
E,4,12,2023-03-10,2023-06-02,2.0,2.140166997909546,0.0,6.469748497009277
E,4,12,2023-03-17,2023-06-09,1.0,2.4337270259857178,0.0,6.763308525085449
E,4,12,2023-03-24,2023-06-16,2.0,3.5226457118988037,0.0,7.852227210998535
E,4,12,2023-03-31,2023-06-23,0.0,5.1039934158325195,0.0,9.433574676513672
E,4,12,2023-04-07,2023-06-30,3.0,6.641175746917725,0.0,10.970756530761719
E,4,12,2023-04-14,2023-07-07,3.0,8.736791610717773,0.0,13.066372871398926
E,4,12,2023-04-21,2023-07-14,1.0,12.239119529724121,0.8594217300415039,16.568700790405273
E,4,12,2023-04-28,2023-07-21,3.0,14.121131896972656,2.741434097290039,18.450714111328125
E,4,12,2023-05-05,2023-07-28,1.0,16.309608459472656,4.929910659790039,20.639190673828125
E,4,12,2023-05-12,2023-08-04,3.0,22.721406936645508,11.34170913696289,27.050987243652344
E,4,12,2023-05-19,2023-08-11,6.0,20.122777938842773,8.743080139160156,24.45235824584961
E,4,12,2023-05-26,2023-08-18,5.0,16.882463455200195,5.502765655517578,21.21204376220703
E,4,12,2023-06-02,2023-08-25,4.0,13.617155075073242,2.237457275390625,17.946735382080078
E,4,12,2023-06-09,2023-09-01,2.0,13.141077995300293,1.7613801956176758,17.470659255981445
E,4,12,2023-06-16,2023-09-08,3.0,13.849993705749512,2.4702959060668945,18.179574966430664
E,4,12,2023-06-23,2023-09-15,4.0,13.387386322021484,2.007688522338867,17.716968536376953
E,4,12,2023-06-30,2023-09-22,3.0,14.931163787841797,3.5514659881591797,19.260746002197266
E,4,12,2023-07-07,2023-09-29,6.0,15.652092933654785,4.272395133972168,19.981674194335938
E,4,12,2023-07-14,2023-10-06,2.0,12.974127769470215,1.5944299697875977,17.303709030151367
E,4,12,2023-07-21,2023-10-13,2.0,11.722092628479004,0.3423948287963867,16.051673889160156
E,4,12,2023-07-28,2023-10-20,5.0,8.093926429748535,0.0,12.423507690429688
E,4,12,2023-08-04,2023-10-27,3.0,5.8307204246521,0.0,10.160301208496094
E,4,12,2023-08-11,2023-11-03,2.0,4.565735816955566,0.0,8.895317077636719
E,4,12,2023-08-18,2023-11-10,4.0,3.839616537094116,0.0,5.6810503005981445
E,4,12,2023-08-25,2023-11-17,5.0,3.6358120441436768,0.0,5.477246284484863
E,4,12,2023-09-01,2023-11-24,4.0,3.558346748352051,0.0,5.399780750274658
E,4,12,2023-09-08,2023-12-01,5.0,3.578885555267334,0.0,5.420319557189941
E,4,12,2023-09-15,2023-12-08,3.0,4.363692283630371,0.0,6.2051262855529785
E,4,12,2023-09-22,2023-12-15,3.0,4.377636909484863,0.0,6.219070911407471
E,4,12,2023-09-29,2023-12-22,2.0,4.03246545791626,0.0,5.873899459838867
E,4,12,2023-10-06,2023-12-29,1.0,4.4332990646362305,0.0,6.274733066558838
E,4,12,2023-10-13,2024-01-05,2.0,4.805750846862793,0.0,6.6471848487854
E,4,12,2023-10-20,2024-01-12,0.0,3.8372459411621094,0.0,5.678679943084717
E,4,12,2023-10-27,2024-01-19,0.0,3.784010887145996,0.0,5.6254448890686035
E,4,12,2023-11-03,2024-01-26,2.0,5.523008346557617,0.0,7.364442348480225
E,4,12,2023-11-10,2024-02-02,2.0,5.238908767700195,0.0,7.080342769622803
E,4,12,2023-11-17,2024-02-09,1.0,5.513148307800293,0.0,7.3545823097229
E,4,12,2023-11-24,2024-02-16,2.0,5.331397533416748,0.0,7.1728315353393555
E,4,12,2023-12-01,2024-02-23,3.0,6.577445030212402,0.0,8.418878555297852
E,4,12,2023-12-08,2024-03-01,1.0,8.084515571594238,0.0,9.925949096679688
E,4,12,2023-12-15,2024-03-08,2.0,7.999083995819092,0.0,9.8405179977417
E,4,12,2023-12-22,2024-03-15,2.0,5.442360877990723,0.0,7.28379487991333
E,4,12,2023-12-29,2024-03-22,3.0,5.2831501960754395,0.0,7.124584197998047
E,4,12,2024-01-05,2024-03-29,0.0,3.858429431915283,0.0,5.699863433837891
E,4,12,2024-01-12,2024-04-05,0.0,2.673555374145508,0.0,4.514989376068115
E,4,12,2024-01-19,2024-04-12,3.0,2.4935922622680664,0.0,4.335026264190674
E,4,12,2024-01-26,2024-04-19,0.0,2.2830212116241455,0.0,4.124455451965332
E,4,12,2024-02-02,2024-04-26,2.0,2.5787715911865234,0.0,4.420205593109131
E,4,12,2024-02-09,2024-05-03,0.0,2.4280428886413574,0.0,4.269476890563965
E,4,12,2024-02-16,2024-05-10,0.0,2.72554612159729,0.0,4.566980361938477
E,4,12,2024-02-23,2024-05-17,1.0,2.7072811126708984,0.0,4.548715114593506
E,4,12,2024-03-01,2024-05-24,1.0,3.093353033065796,0.0,4.934786796569824
E,4,12,2024-03-08,2024-05-31,1.0,3.090015411376953,0.0,4.9314494132995605
E,4,12,2024-03-15,2024-06-07,2.0,3.4481112957000732,0.0,5.289545059204102
E,4,12,2024-03-22,2024-06-14,7.0,3.996915340423584,0.0,5.838349342346191
E,4,12,2024-03-29,2024-06-21,3.0,4.513502597808838,0.0,6.354936599731445
E,4,12,2024-04-05,2024-06-28,1.0,3.7231929302215576,0.0,5.564626693725586
E,4,12,2024-04-12,2024-07-05,1.0,5.152584075927734,0.0,6.5736985206604
E,4,12,2024-04-19,2024-07-12,4.0,3.262425422668457,0.0,4.683539867401123
E,4,12,2024-04-26,2024-07-19,4.0,3.6938729286193848,0.0,5.114987373352051
E,4,12,2024-05-03,2024-07-26,5.0,4.082320690155029,0.0,5.503435134887695
E,4,12,2024-05-10,2024-08-02,8.0,5.524017810821533,0.0,6.945132255554199
E,4,12,2024-05-17,2024-08-09,1.0,6.272707462310791,0.0,7.693821907043457
E,4,12,2024-05-24,2024-08-16,1.0,5.543853759765625,0.0,6.964968204498291
E,4,12,2024-05-31,2024-08-23,11.0,6.686163902282715,0.0,8.107278823852539
E,4,12,2024-06-07,2024-08-30,6.0,6.359057903289795,0.0,7.780172348022461
E,4,12,2024-06-14,2024-09-06,6.0,7.2421159744262695,0.0,8.663230895996094
E,4,12,2024-06-21,2024-09-13,15.0,9.619240760803223,0.0,11.040355682373047
E,4,12,2024-06-28,2024-09-20,8.0,10.635661125183105,0.0,13.63874626159668
E,4,12,2024-07-05,2024-09-27,18.0,9.989157676696777,0.0,12.992242813110352
E,4,12,2024-07-12,2024-10-04,15.0,9.477298736572266,0.0,12.480382919311523
E,4,12,2024-07-19,2024-10-11,10.0,8.38607120513916,0.0,11.389156341552734
E,4,12,2024-07-26,2024-10-18,11.0,8.051336288452148,0.0,11.054420471191406
E,4,12,2024-08-02,2024-10-25,4.0,5.9667840003967285,0.0,8.969868659973145
E,4,12,2024-08-09,2024-11-01,13.0,5.372392654418945,0.0,8.375476837158203
E,4,12,2024-08-16,2024-11-08,10.0,5.8143510818481445,0.0,8.817436218261719
E,4,12,2024-08-23,2024-11-15,21.0,6.0052056312561035,0.0,9.00829029083252
E,4,12,2024-08-30,2024-11-22,15.0,5.353302955627441,0.0,8.356388092041016
E,4,12,2024-09-06,2024-11-29,17.0,5.0013837814331055,0.0,9.31521987915039
E,4,12,2024-09-13,2024-12-06,12.0,4.407186508178711,0.0,8.721022605895996
E,4,12,2024-09-20,2024-12-13,10.0,4.7962164878845215,0.0,9.110052108764648
E,4,12,2024-09-27,2024-12-20,4.0,6.062255859375,0.0,11.443015098571777
E,4,12,2024-10-04,2024-12-27,2.0,3.4711809158325195,0.0,8.851940155029297
E,4,12,2024-10-11,2025-01-03,15.0,2.485624313354492,0.0,10.496466636657715
E,4,12,2024-10-18,2025-01-10,22.0,2.646688461303711,0.0,10.657530784606934
E,4,12,2024-10-25,2025-01-17,12.0,2.921569347381592,0.0,10.932411193847656
E,4,12,2024-11-01,2025-01-24,16.0,3.7485618591308594,0.0,11.759404182434082
E,4,12,2024-11-08,2025-01-31,24.0,5.896605491638184,0.0,13.907447814941406
E,4,12,2024-11-15,2025-02-07,16.0,9.103846549987793,2.0193309783935547,17.114688873291016
E,4,12,2024-11-22,2025-02-14,35.0,9.116473197937012,2.0319576263427734,17.127315521240234
E,4,12,2024-11-29,2025-02-21,25.0,9.693172454833984,2.608656883239746,24.68796730041504
E,4,12,2024-12-06,2025-02-28,23.0,7.897125720977783,0.8126101493835449,22.89192008972168
E,4,12,2024-12-13,2025-03-07,15.0,7.390430450439453,0.30591487884521484,22.385225296020508
E,4,12,2024-12-20,2025-03-14,17.0,6.018771171569824,0.0,21.013565063476562
E,4,12,2024-12-27,2025-03-21,14.0,5.574907302856445,0.0,20.5697021484375
E,4,12,2025-01-03,2025-03-28,15.0,5.011935234069824,0.0,20.006729125976562
E,4,12,2025-01-10,2025-04-04,9.0,4.368409156799316,0.0,19.363204956054688
E,4,12,2025-01-17,2025-04-11,3.0,4.158514499664307,0.0,19.153308868408203
E,4,12,2025-01-24,2025-04-18,2.0,5.037339210510254,0.0,24.39065170288086
E,4,12,2025-01-31,2025-04-25,4.0,6.079474449157715,0.0,25.432785034179688
E,4,12,2025-02-07,2025-05-02,5.0,5.6367902755737305,0.0,24.990100860595703
E,4,12,2025-02-14,2025-05-09,5.0,7.081575393676758,0.0,26.434886932373047
E,4,12,2025-02-21,2025-05-16,2.0,9.185240745544434,2.1007251739501953,28.538551330566406
E,4,12,2025-02-28,2025-05-23,7.0,11.884472846984863,4.799957275390625,37.76799774169922
E,4,12,2025-03-07,2025-05-30,10.0,14.350545883178711,7.266030311584473,40.23406982421875
E,4,12,2025-03-14,2025-06-06,5.0,23.575864791870117,17.576780319213867,49.459388732910156
E,4,12,2025-03-21,2025-06-13,8.0,32.062503814697266,26.789796829223633,57.94602966308594
E,4,12,2025-03-28,2025-06-20,5.0,33.28675079345703,28.0140438079834,59.1702766418457
E,4,12,2025-04-04,2025-06-27,3.0,33.300071716308594,28.02736473083496,59.183597564697266
E,4,12,2025-04-11,2025-07-04,7.0,33.30516052246094,28.032453536987305,59.18868637084961
E,4,12,2025-04-18,2025-07-11,6.0,33.28290557861328,28.01019859313965,59.16643142700195
E,4,12,2025-04-25,2025-07-18,7.0,32.891143798828125,27.618436813354492,58.7746696472168
E,4,12,2025-05-02,2025-07-25,5.0,32.798484802246094,27.52577781677246,58.682010650634766
E,4,12,2025-05-09,2025-08-01,10.0,33.11579513549805,27.843088150024414,58.99932098388672
E,4,12,2025-05-16,2025-08-08,14.0,31.367128372192383,26.09442138671875,57.25065612792969
E,4,12,2025-05-23,2025-08-15,16.0,21.545530319213867,16.272823333740234,47.429054260253906
E,4,12,2025-05-30,2025-08-22,9.0,17.11484718322754,9.929606437683105,42.998374938964844
E,4,12,2025-06-06,2025-08-29,12.0,13.70045280456543,6.515212059020996,39.58397674560547
E,4,12,2025-06-13,2025-09-05,,14.830580711364746,7.6453399658203125,40.714107513427734
E,4,12,2025-06-20,2025-09-12,,13.244650840759277,0.0,39.128177642822266
E,4,12,2025-06-27,2025-09-19,,9.885913848876953,0.0,35.769439697265625
E,4,12,2025-07-04,2025-09-26,,6.057404518127441,0.0,31.940929412841797
E,4,12,2025-07-11,2025-10-03,,5.838364601135254,0.0,31.72188949584961
E,4,12,2025-07-18,2025-10-10,,3.907926321029663,0.0,29.791452407836914
E,4,12,2025-07-25,2025-10-17,,2.463688611984253,0.0,28.347213745117188
E,4,12,2025-08-01,2025-10-24,,1.8952305316925049,0.0,27.778757095336914
E,4,12,2025-08-08,2025-10-31,,2.0777549743652344,0.0,27.961280822753906
E,4,12,2025-08-15,2025-11-07,,2.3569746017456055,0.0,28.240501403808594
E,4,12,2025-08-22,2025-11-14,,2.2810566425323486,0.0,28.164583206176758
F,5,1,2023-02-17,2023-02-24,0.0,2.865145206451416,0.0,8.822221755981445
F,5,1,2023-02-24,2023-03-03,0.0,2.423914909362793,0.0,8.380990982055664
F,5,1,2023-03-03,2023-03-10,0.0,2.2009074687957764,0.0,8.157983779907227
F,5,1,2023-03-10,2023-03-17,1.0,1.8299686908721924,0.0,4.194962501525879
F,5,1,2023-03-17,2023-03-24,1.0,1.8555686473846436,0.0,4.220562934875488
F,5,1,2023-03-24,2023-03-31,0.0,1.8075828552246094,0.0,4.172576904296875
F,5,1,2023-03-31,2023-04-07,1.0,1.8474161624908447,0.0,4.212409973144531
F,5,1,2023-04-07,2023-04-14,1.0,2.0013787746429443,0.0,4.366373062133789
F,5,1,2023-04-14,2023-04-21,1.0,1.7337124347686768,0.0,4.098706245422363
F,5,1,2023-04-21,2023-04-28,0.0,1.8228189945220947,0.0,4.187812805175781
F,5,1,2023-04-28,2023-05-05,0.0,1.6570746898651123,0.0,4.022068977355957
F,5,1,2023-05-05,2023-05-12,3.0,2.0116238594055176,0.0,4.376617908477783
F,5,1,2023-05-12,2023-05-19,1.0,2.9628195762634277,0.0,5.327813625335693
F,5,1,2023-05-19,2023-05-26,1.0,4.687005519866943,0.0,7.051999568939209
F,5,1,2023-05-26,2023-06-02,2.0,4.748447418212891,0.0,7.113441467285156
F,5,1,2023-06-02,2023-06-09,1.0,4.71140193939209,0.0,7.0763959884643555
F,5,1,2023-06-09,2023-06-16,2.0,4.866424083709717,0.0,7.231418132781982
F,5,1,2023-06-16,2023-06-23,5.0,3.9669101238250732,0.0,6.331904411315918
F,5,1,2023-06-23,2023-06-30,4.0,3.9482223987579346,0.0,6.313216209411621
F,5,1,2023-06-30,2023-07-07,1.0,3.778789520263672,0.0,6.1437835693359375
F,5,1,2023-07-07,2023-07-14,1.0,4.4851765632629395,0.0,6.850170612335205
F,5,1,2023-07-14,2023-07-21,1.0,5.027386665344238,0.0,7.392380714416504
F,5,1,2023-07-21,2023-07-28,1.0,5.27979850769043,0.0,7.644792556762695
F,5,1,2023-07-28,2023-08-04,1.0,5.182834625244141,0.0,7.547828674316406
F,5,1,2023-08-04,2023-08-11,2.0,4.151132583618164,0.0,6.51612663269043
F,5,1,2023-08-11,2023-08-18,3.0,3.7395825386047363,0.0,6.104576587677002
F,5,1,2023-08-18,2023-08-25,6.0,2.216569423675537,0.0,4.581563472747803
F,5,1,2023-08-25,2023-09-01,5.0,2.527683734893799,0.0,4.8926777839660645
F,5,1,2023-09-01,2023-09-08,5.0,4.021263122558594,0.0,6.386257171630859
F,5,1,2023-09-08,2023-09-15,3.0,3.9107775688171387,0.0,7.694208145141602
F,5,1,2023-09-15,2023-09-22,3.0,3.954558849334717,0.0,7.73798942565918
F,5,1,2023-09-22,2023-09-29,2.0,4.603640079498291,0.32384157180786133,8.387070655822754
F,5,1,2023-09-29,2023-10-06,4.0,5.241584777832031,0.9617862701416016,9.025014877319336
F,5,1,2023-10-06,2023-10-13,7.0,5.287117004394531,1.0073184967041016,9.070547103881836
F,5,1,2023-10-13,2023-10-20,3.0,4.945940017700195,0.6661415100097656,8.7293701171875
F,5,1,2023-10-20,2023-10-27,4.0,4.34099006652832,0.061191558837890625,8.124420166015625
F,5,1,2023-10-27,2023-11-03,3.0,3.8486502170562744,0.0,7.632081031799316
F,5,1,2023-11-03,2023-11-10,2.0,3.4844789505004883,0.0,7.267909526824951
F,5,1,2023-11-10,2023-11-17,2.0,3.1458473205566406,0.0,6.9292778968811035
F,5,1,2023-11-17,2023-11-24,3.0,2.7915642261505127,0.0,6.574995040893555
F,5,1,2023-11-24,2023-12-01,2.0,2.282409429550171,0.0,6.065839767456055
F,5,1,2023-12-01,2023-12-08,5.0,2.045974016189575,0.0,5.829404830932617
F,5,1,2023-12-08,2023-12-15,4.0,2.0507595539093018,0.0,5.834190368652344
F,5,1,2023-12-15,2023-12-22,0.0,2.1042864322662354,0.0,5.887717247009277
F,5,1,2023-12-22,2023-12-29,5.0,1.9667750597000122,0.0,5.7502055168151855
F,5,1,2023-12-29,2024-01-05,4.0,2.5858407020568848,0.0,6.369271278381348
F,5,1,2024-01-05,2024-01-12,5.0,2.3759799003601074,0.0,6.15941047668457
F,5,1,2024-01-12,2024-01-19,3.0,2.0260350704193115,0.0,5.809465408325195
F,5,1,2024-01-19,2024-01-26,1.0,1.9053895473480225,0.0,5.688819885253906
F,5,1,2024-01-26,2024-02-02,3.0,1.747061014175415,0.0,5.530491828918457
F,5,1,2024-02-02,2024-02-09,7.0,1.9463311433792114,0.0,5.729761600494385
F,5,1,2024-02-09,2024-02-16,1.0,2.0114901065826416,0.0,5.794920921325684
F,5,1,2024-02-16,2024-02-23,5.0,1.8033608198165894,0.0,5.586791515350342
F,5,1,2024-02-23,2024-03-01,3.0,1.6642988920211792,0.0,6.717967987060547
F,5,1,2024-03-01,2024-03-08,4.0,1.7499933242797852,0.0,6.803662300109863
F,5,1,2024-03-08,2024-03-15,0.0,1.4463300704956055,0.0,6.499999046325684
F,5,1,2024-03-15,2024-03-22,2.0,1.406219720840454,0.0,6.459888458251953
F,5,1,2024-03-22,2024-03-29,0.0,1.287971019744873,0.0,6.341639995574951
F,5,1,2024-03-29,2024-04-05,3.0,1.0913186073303223,0.0,6.1449875831604
F,5,1,2024-04-05,2024-04-12,1.0,0.8392016887664795,0.0,5.892870903015137
F,5,1,2024-04-12,2024-04-19,2.0,1.0211658477783203,0.0,6.074834823608398
F,5,1,2024-04-19,2024-04-26,0.0,0.747327983379364,0.0,5.800996780395508
F,5,1,2024-04-26,2024-05-03,3.0,0.6142795085906982,0.0,5.6679487228393555
F,5,1,2024-05-03,2024-05-10,1.0,0.5172940492630005,0.0,5.570962905883789
F,5,1,2024-05-10,2024-05-17,0.0,0.556627094745636,0.0,5.610296249389648
F,5,1,2024-05-17,2024-05-24,1.0,0.6225377321243286,0.0,5.676206588745117
F,5,1,2024-05-24,2024-05-31,2.0,0.5223822593688965,0.0,5.576051235198975
F,5,1,2024-05-31,2024-06-07,0.0,0.7741743326187134,0.0,5.827843189239502
F,5,1,2024-06-07,2024-06-14,4.0,1.1904405355453491,0.0,6.244109630584717
F,5,1,2024-06-14,2024-06-21,1.0,1.9750056266784668,0.0,7.028674602508545
F,5,1,2024-06-21,2024-06-28,2.0,2.586824893951416,0.0,7.640493869781494
F,5,1,2024-06-28,2024-07-05,4.0,3.745509147644043,0.0,8.799178123474121
F,5,1,2024-07-05,2024-07-12,5.0,6.068252086639404,1.7884535789489746,11.12192153930664
F,5,1,2024-07-12,2024-07-19,4.0,7.662086486816406,3.3822879791259766,12.715755462646484
F,5,1,2024-07-19,2024-07-26,4.0,7.916104316711426,3.636305809020996,12.969773292541504
F,5,1,2024-07-26,2024-08-02,6.0,8.099800109863281,3.8200016021728516,13.15346908569336
F,5,1,2024-08-02,2024-08-09,8.0,8.13553237915039,3.855733871459961,13.189201354980469
F,5,1,2024-08-09,2024-08-16,17.0,8.469412803649902,4.286578178405762,13.52308177947998
F,5,1,2024-08-16,2024-08-23,3.0,10.203938484191895,6.287834167480469,15.257607460021973
F,5,1,2024-08-23,2024-08-30,4.0,14.022468566894531,10.106364250183105,19.07613754272461
F,5,1,2024-08-30,2024-09-06,9.0,17.676652908325195,13.76054859161377,26.20724105834961
F,5,1,2024-09-06,2024-09-13,7.0,20.211790084838867,13.007851600646973,28.74237823486328
F,5,1,2024-09-13,2024-09-20,10.0,19.46668815612793,9.444219589233398,27.997276306152344
F,5,1,2024-09-20,2024-09-27,11.0,19.060216903686523,9.037748336791992,27.590805053710938
F,5,1,2024-09-27,2024-10-04,7.0,16.03097915649414,2.8191890716552734,24.561565399169922
F,5,1,2024-10-04,2024-10-11,15.0,12.589198112487793,0.0,21.11978530883789
F,5,1,2024-10-11,2024-10-18,14.0,10.231180191040039,0.0,18.761768341064453
F,5,1,2024-10-18,2024-10-25,7.0,9.428847312927246,0.0,17.959434509277344
F,5,1,2024-10-25,2024-11-01,16.0,7.094733238220215,0.0,15.625320434570312
F,5,1,2024-11-01,2024-11-08,8.0,6.245233535766602,0.0,14.7758207321167
F,5,1,2024-11-08,2024-11-15,13.0,7.065713882446289,0.0,15.596301078796387
F,5,1,2024-11-15,2024-11-22,14.0,7.420459270477295,0.0,16.325725555419922
F,5,1,2024-11-22,2024-11-29,11.0,6.046221733093262,0.0,14.951488494873047
F,5,1,2024-11-29,2024-12-06,12.0,7.225242614746094,0.0,16.130508422851562
F,5,1,2024-12-06,2024-12-13,6.0,8.447371482849121,0.0,17.352638244628906
F,5,1,2024-12-13,2024-12-20,3.0,8.44455337524414,0.0,17.34981918334961
F,5,1,2024-12-20,2024-12-27,5.0,7.156540393829346,0.0,16.06180763244629
F,5,1,2024-12-27,2025-01-03,9.0,6.940485000610352,0.0,15.845751762390137
F,5,1,2025-01-03,2025-01-10,8.0,6.593418121337891,0.0,15.498684883117676
F,5,1,2025-01-10,2025-01-17,4.0,6.0430803298950195,0.0,14.948347091674805
F,5,1,2025-01-17,2025-01-24,9.0,5.566041946411133,0.0,14.471308708190918
F,5,1,2025-01-24,2025-01-31,6.0,5.564233779907227,0.0,14.469500541687012
F,5,1,2025-01-31,2025-02-07,4.0,5.854118824005127,0.0,14.75938606262207
F,5,1,2025-02-07,2025-02-14,10.0,5.941743850708008,0.0,14.847010612487793
F,5,1,2025-02-14,2025-02-21,6.0,5.922975063323975,0.0,14.828241348266602
F,5,1,2025-02-21,2025-02-28,7.0,5.3292059898376465,0.0,14.234472274780273
F,5,1,2025-02-28,2025-03-07,6.0,4.761942386627197,0.0,13.66720962524414
F,5,1,2025-03-07,2025-03-14,6.0,4.217421054840088,0.0,13.122688293457031
F,5,1,2025-03-14,2025-03-21,5.0,3.815457344055176,0.0,12.720724105834961
F,5,1,2025-03-21,2025-03-28,2.0,2.982067108154297,0.0,11.887333869934082
F,5,1,2025-03-28,2025-04-04,3.0,2.491554021835327,0.0,11.396821022033691
F,5,1,2025-04-04,2025-04-11,2.0,2.265469551086426,0.0,11.170736312866211
F,5,1,2025-04-11,2025-04-18,1.0,2.462932586669922,0.0,11.368199348449707
F,5,1,2025-04-18,2025-04-25,0.0,2.0956597328186035,0.0,11.000926971435547
F,5,1,2025-04-25,2025-05-02,3.0,1.7338404655456543,0.0,10.639106750488281
F,5,1,2025-05-02,2025-05-09,3.0,1.8187065124511719,0.0,10.723973274230957
F,5,1,2025-05-09,2025-05-16,2.0,1.9525543451309204,0.0,10.857821464538574
F,5,1,2025-05-16,2025-05-23,7.0,1.461010217666626,0.0,10.366276741027832
F,5,1,2025-05-23,2025-05-30,3.0,0.8322489261627197,0.0,9.737515449523926
F,5,1,2025-05-30,2025-06-06,3.0,0.675723671913147,0.0,9.5809907913208
F,5,1,2025-06-06,2025-06-13,4.0,1.2641351222991943,0.0,10.169402122497559
F,5,1,2025-06-13,2025-06-20,6.0,2.723395347595215,0.0,11.628662109375
F,5,1,2025-06-20,2025-06-27,3.0,3.7871146202087402,0.0,12.692380905151367
F,5,1,2025-06-27,2025-07-04,5.0,6.282322883605957,0.0,15.187589645385742
F,5,1,2025-07-04,2025-07-11,8.0,9.316163063049316,0.0,18.2214298248291
F,5,1,2025-07-11,2025-07-18,2.0,12.904963493347168,0.0,21.810230255126953
F,5,1,2025-07-18,2025-07-25,9.0,10.732348442077637,0.0,19.637615203857422
F,5,1,2025-07-25,2025-08-01,9.0,6.715273380279541,0.0,15.620540618896484
F,5,1,2025-08-01,2025-08-08,16.0,4.2064924240112305,0.0,13.111759185791016
F,5,1,2025-08-08,2025-08-15,11.0,3.493762254714966,0.0,12.399028778076172
F,5,1,2025-08-15,2025-08-22,8.0,3.774181365966797,0.0,12.679448127746582
F,5,1,2025-08-22,2025-08-29,9.0,4.339493751525879,0.0,16.13300132751465
F,5,2,2023-02-17,2023-03-03,0.0,2.5312626361846924,0.0,4.953795433044434
F,5,2,2023-02-24,2023-03-10,0.0,2.0709149837493896,0.0,4.493448257446289
F,5,2,2023-03-03,2023-03-17,1.0,1.8453270196914673,0.0,4.267859935760498
F,5,2,2023-03-10,2023-03-24,1.0,1.52433443069458,0.0,3.9468674659729004
F,5,2,2023-03-17,2023-03-31,0.0,1.584046483039856,0.0,4.006579399108887
F,5,2,2023-03-24,2023-04-07,1.0,1.6561273336410522,0.0,4.078660488128662
F,5,2,2023-03-31,2023-04-14,1.0,1.76563560962677,0.0,4.188168525695801
F,5,2,2023-04-07,2023-04-21,1.0,1.9948031902313232,0.0,4.417336463928223
F,5,2,2023-04-14,2023-04-28,0.0,1.8083291053771973,0.0,4.230862140655518
F,5,2,2023-04-21,2023-05-05,0.0,2.0160722732543945,0.0,4.438605308532715
F,5,2,2023-04-28,2023-05-12,3.0,1.879388689994812,0.0,4.301921844482422
F,5,2,2023-05-05,2023-05-19,1.0,2.3818089962005615,0.0,4.804342269897461
F,5,2,2023-05-12,2023-05-26,1.0,3.6713666915893555,0.0,6.093899726867676
F,5,2,2023-05-19,2023-06-02,2.0,5.977537155151367,0.0,8.400070190429688
F,5,2,2023-05-26,2023-06-09,1.0,5.168914794921875,0.0,7.591447830200195
F,5,2,2023-06-02,2023-06-16,2.0,5.065230369567871,0.0,7.487763404846191
F,5,2,2023-06-09,2023-06-23,5.0,4.561840057373047,0.0,6.984373092651367
F,5,2,2023-06-16,2023-06-30,4.0,3.587986469268799,0.0,6.010519504547119
F,5,2,2023-06-23,2023-07-07,1.0,3.8756744861602783,0.0,6.2982072830200195
F,5,2,2023-06-30,2023-07-14,1.0,4.0187201499938965,0.0,6.427670478820801
F,5,2,2023-07-07,2023-07-21,1.0,5.010172367095947,0.0,7.419122695922852
F,5,2,2023-07-14,2023-07-28,1.0,5.159774303436279,0.0,7.568724632263184
F,5,2,2023-07-21,2023-08-04,1.0,4.907280921936035,0.0,7.316230773925781
F,5,2,2023-07-28,2023-08-11,2.0,4.785374641418457,0.0,7.194324493408203
F,5,2,2023-08-04,2023-08-18,3.0,3.568958044052124,0.0,5.977908134460449
F,5,2,2023-08-11,2023-08-25,6.0,3.0999350547790527,0.0,5.508885383605957
F,5,2,2023-08-18,2023-09-01,5.0,2.115328311920166,0.0,4.52427864074707
F,5,2,2023-08-25,2023-09-08,5.0,2.629420042037964,0.0,5.038370132446289
F,5,2,2023-09-01,2023-09-15,3.0,4.235947608947754,0.0670328140258789,6.6448974609375
F,5,2,2023-09-08,2023-09-22,3.0,4.157106399536133,0.0,7.05717134475708
F,5,2,2023-09-15,2023-09-29,2.0,4.409296035766602,0.24038124084472656,7.309360980987549
F,5,2,2023-09-22,2023-10-06,4.0,5.070835113525391,0.9019203186035156,7.970900058746338
F,5,2,2023-09-29,2023-10-13,7.0,4.964566230773926,0.7956514358520508,7.864631175994873
F,5,2,2023-10-06,2023-10-20,3.0,4.762956142425537,0.5940413475036621,7.663021087646484
F,5,2,2023-10-13,2023-10-27,4.0,4.399384021759033,0.2304692268371582,7.2994489669799805
F,5,2,2023-10-20,2023-11-03,3.0,3.699500560760498,0.0,6.599565505981445
F,5,2,2023-10-27,2023-11-10,2.0,3.2831568717956543,0.0,6.183221817016602
F,5,2,2023-11-03,2023-11-17,2.0,3.0868704319000244,0.0,5.986935615539551
F,5,2,2023-11-10,2023-11-24,3.0,2.7453465461730957,0.0,5.645411491394043
F,5,2,2023-11-17,2023-12-01,2.0,2.42164945602417,0.0,5.321714401245117
F,5,2,2023-11-24,2023-12-08,5.0,2.0462541580200195,0.0,4.946319103240967
F,5,2,2023-12-01,2023-12-15,4.0,1.9187309741973877,0.0,4.818796157836914
F,5,2,2023-12-08,2023-12-22,0.0,2.051673650741577,0.0,4.951738357543945
F,5,2,2023-12-15,2023-12-29,5.0,2.157771348953247,0.0,5.057836532592773
F,5,2,2023-12-22,2024-01-05,4.0,1.9124407768249512,0.0,4.866186618804932
F,5,2,2023-12-29,2024-01-12,5.0,2.627803325653076,0.0,5.581549167633057
F,5,2,2024-01-05,2024-01-19,3.0,2.2914509773254395,0.0,5.24519681930542
F,5,2,2024-01-12,2024-01-26,1.0,1.8972424268722534,0.0,4.850988388061523
F,5,2,2024-01-19,2024-02-02,3.0,1.7509214878082275,0.0,4.704667091369629
F,5,2,2024-01-26,2024-02-09,7.0,1.5175995826721191,0.0,4.4713454246521
F,5,2,2024-02-02,2024-02-16,1.0,1.741674542427063,0.0,4.695420265197754
F,5,2,2024-02-09,2024-02-23,5.0,1.7812021970748901,0.0,4.73494815826416
F,5,2,2024-02-16,2024-03-01,3.0,1.6133311986923218,0.0,4.567077159881592
F,5,2,2024-02-23,2024-03-08,4.0,1.4389301538467407,0.0,6.921330451965332
F,5,2,2024-03-01,2024-03-15,0.0,1.639222502708435,0.0,7.1216230392456055
F,5,2,2024-03-08,2024-03-22,2.0,1.3082506656646729,0.0,6.790651321411133
F,5,2,2024-03-15,2024-03-29,0.0,1.32022225856781,0.0,6.8026227951049805
F,5,2,2024-03-22,2024-04-05,3.0,1.2578083276748657,0.0,6.740208625793457
F,5,2,2024-03-29,2024-04-12,1.0,1.087043285369873,0.0,6.569443702697754
F,5,2,2024-04-05,2024-04-19,2.0,0.8759627342224121,0.0,6.358363151550293
F,5,2,2024-04-12,2024-04-26,0.0,1.1466325521469116,0.0,6.629033088684082
F,5,2,2024-04-19,2024-05-03,3.0,0.8243902921676636,0.0,6.306790828704834
F,5,2,2024-04-26,2024-05-10,1.0,0.7315839529037476,0.0,6.213984489440918
F,5,2,2024-05-03,2024-05-17,0.0,0.6659685969352722,0.0,6.148368835449219
F,5,2,2024-05-10,2024-05-24,1.0,0.735554039478302,0.0,6.217954635620117
F,5,2,2024-05-17,2024-05-31,2.0,0.7969746589660645,0.0,6.279375076293945
F,5,2,2024-05-24,2024-06-07,0.0,0.6541826725006104,0.0,6.13658332824707
F,5,2,2024-05-31,2024-06-14,4.0,0.9625575542449951,0.0,6.444957733154297
F,5,2,2024-06-07,2024-06-21,1.0,1.3491203784942627,0.0,6.831521034240723
F,5,2,2024-06-14,2024-06-28,2.0,2.01278018951416,0.0,7.495180606842041
F,5,2,2024-06-21,2024-07-05,4.0,2.5158755779266357,0.0,7.9982757568359375
F,5,2,2024-06-28,2024-07-12,5.0,3.765131950378418,0.0,9.24753189086914
F,5,2,2024-07-05,2024-07-19,4.0,6.230146408081055,2.0703721046447754,11.712547302246094
F,5,2,2024-07-12,2024-07-26,4.0,7.731025218963623,3.5712509155273438,13.213425636291504
F,5,2,2024-07-19,2024-08-02,6.0,7.452941417694092,3.2931671142578125,12.935341835021973
F,5,2,2024-07-26,2024-08-09,8.0,7.747288703918457,3.5875144004821777,13.22968864440918
F,5,2,2024-08-02,2024-08-16,17.0,7.608833312988281,3.449059009552002,13.09123420715332
F,5,2,2024-08-09,2024-08-23,3.0,8.326117515563965,4.41883659362793,13.808517456054688
F,5,2,2024-08-16,2024-08-30,4.0,11.253625869750977,7.5226006507873535,16.736026763916016
F,5,2,2024-08-23,2024-09-06,9.0,15.545741081237793,11.814716339111328,21.028141021728516
F,5,2,2024-08-30,2024-09-13,7.0,18.449657440185547,14.718631744384766,27.840824127197266
F,5,2,2024-09-06,2024-09-20,10.0,20.62938117980957,15.303263664245605,30.02054786682129
F,5,2,2024-09-13,2024-09-27,11.0,19.071157455444336,11.81753158569336,28.462324142456055
F,5,2,2024-09-20,2024-10-04,7.0,18.10860252380371,10.854976654052734,27.49976921081543
F,5,2,2024-09-27,2024-10-11,15.0,14.943556785583496,3.493899345397949,24.33472442626953
F,5,2,2024-10-04,2024-10-18,14.0,11.310992240905762,0.0,20.702159881591797
F,5,2,2024-10-11,2024-10-25,7.0,9.182112693786621,0.0,18.573280334472656
F,5,2,2024-10-18,2024-11-01,16.0,8.157718658447266,0.0,17.548885345458984
F,5,2,2024-10-25,2024-11-08,8.0,5.839795112609863,0.0,15.230961799621582
F,5,2,2024-11-01,2024-11-15,13.0,5.422119617462158,0.0,14.813285827636719
F,5,2,2024-11-08,2024-11-22,14.0,6.570221900939941,0.0,15.96138858795166
F,5,2,2024-11-15,2024-11-29,11.0,7.040225028991699,0.0,16.431392669677734
F,5,2,2024-11-22,2024-12-06,12.0,5.843224048614502,0.0,15.234390258789062
F,5,2,2024-11-29,2024-12-13,6.0,7.211253643035889,0.0,16.602420806884766
F,5,2,2024-12-06,2024-12-20,3.0,8.53198528289795,0.0,17.923152923583984
F,5,2,2024-12-13,2024-12-27,5.0,8.149349212646484,0.0,17.540515899658203
F,5,2,2024-12-20,2025-01-03,9.0,7.006180763244629,0.0,16.39734649658203
F,5,2,2024-12-27,2025-01-10,8.0,7.024219512939453,0.0,16.415386199951172
F,5,2,2025-01-03,2025-01-17,4.0,6.606227874755859,0.0,15.997394561767578
F,5,2,2025-01-10,2025-01-24,9.0,6.075920104980469,0.0,15.467086791992188
F,5,2,2025-01-17,2025-01-31,6.0,5.569988250732422,0.0,14.96115493774414
F,5,2,2025-01-24,2025-02-07,4.0,5.62345027923584,0.0,15.014616966247559
F,5,2,2025-01-31,2025-02-14,10.0,5.989402770996094,0.0,15.380569458007812
F,5,2,2025-02-07,2025-02-21,6.0,6.034420490264893,0.0,15.425586700439453
F,5,2,2025-02-14,2025-02-28,7.0,6.160162448883057,0.0,15.551328659057617
F,5,2,2025-02-21,2025-03-07,6.0,5.2629499435424805,0.0,14.6541166305542
F,5,2,2025-02-28,2025-03-14,6.0,4.814202308654785,0.0,14.205368995666504
F,5,2,2025-03-07,2025-03-21,5.0,4.214657306671143,0.0,13.605823516845703
F,5,2,2025-03-14,2025-03-28,2.0,3.747401475906372,0.0,13.138567924499512
F,5,2,2025-03-21,2025-04-04,3.0,2.9557058811187744,0.0,12.346872329711914
F,5,2,2025-03-28,2025-04-11,2.0,2.6088030338287354,0.0,11.999969482421875
F,5,2,2025-04-04,2025-04-18,1.0,2.5331645011901855,0.0,11.924331665039062
F,5,2,2025-04-11,2025-04-25,0.0,2.812593936920166,0.0,12.203760147094727
F,5,2,2025-04-18,2025-05-02,3.0,2.2896270751953125,0.0,11.680793762207031
F,5,2,2025-04-25,2025-05-09,3.0,1.876912236213684,0.0,11.268078804016113
F,5,2,2025-05-02,2025-05-16,2.0,2.0329692363739014,0.0,11.4241361618042
F,5,2,2025-05-09,2025-05-23,7.0,2.2378859519958496,0.0,11.629053115844727
F,5,2,2025-05-16,2025-05-30,3.0,1.6207430362701416,0.0,11.011909484863281
F,5,2,2025-05-23,2025-06-06,3.0,0.9344172477722168,0.0,10.325584411621094
F,5,2,2025-05-30,2025-06-13,4.0,0.8840541839599609,0.0,10.27522087097168
F,5,2,2025-06-06,2025-06-20,6.0,1.636546015739441,0.0,11.02771282196045
F,5,2,2025-06-13,2025-06-27,3.0,3.5883264541625977,0.0,12.979493141174316
F,5,2,2025-06-20,2025-07-04,5.0,4.896387577056885,0.0,14.287553787231445
F,5,2,2025-06-27,2025-07-11,8.0,7.84418249130249,0.0,17.235349655151367
F,5,2,2025-07-04,2025-07-18,2.0,10.528042793273926,0.0,19.919208526611328
F,5,2,2025-07-11,2025-07-25,9.0,13.812577247619629,2.362919807434082,23.20374298095703
F,5,2,2025-07-18,2025-08-01,9.0,10.530314445495605,0.0,19.92148208618164
F,5,2,2025-07-25,2025-08-08,16.0,6.430773735046387,0.0,15.821940422058105
F,5,2,2025-08-01,2025-08-15,11.0,3.565646171569824,0.0,12.956812858581543
F,5,2,2025-08-08,2025-08-22,8.0,2.821267604827881,0.0,12.212434768676758
F,5,2,2025-08-15,2025-08-29,9.0,3.612582206726074,0.0,13.003748893737793
F,5,2,2025-08-22,2025-09-05,,4.614134788513184,0.0,14.183361053466797
F,5,4,2023-02-17,2023-03-17,1.0,1.8681594133377075,0.0,5.096667766571045
F,5,4,2023-02-24,2023-03-24,1.0,1.4980649948120117,0.0,4.7265729904174805
F,5,4,2023-03-03,2023-03-31,0.0,1.313134789466858,0.0,4.541643142700195
F,5,4,2023-03-10,2023-04-07,1.0,1.123213529586792,0.0,4.35172176361084
F,5,4,2023-03-17,2023-04-14,1.0,1.2260733842849731,0.0,4.4545817375183105
F,5,4,2023-03-24,2023-04-21,1.0,1.4744176864624023,0.0,4.702925682067871
F,5,4,2023-03-31,2023-04-28,0.0,1.6980892419815063,0.0,4.926597595214844
F,5,4,2023-04-07,2023-05-05,0.0,2.038424015045166,0.0,5.266932487487793
F,5,4,2023-04-14,2023-05-12,3.0,2.062328577041626,0.0,5.290836811065674
F,5,4,2023-04-21,2023-05-19,1.0,2.6632776260375977,0.0,5.891785621643066
F,5,4,2023-04-28,2023-05-26,1.0,2.637272357940674,0.0,5.865780830383301
F,5,4,2023-05-05,2023-06-02,2.0,3.5259552001953125,0.0,6.754463195800781
F,5,4,2023-05-12,2023-06-09,1.0,5.684381008148193,0.0,8.91288948059082
F,5,4,2023-05-19,2023-06-16,2.0,8.9754056930542,1.2699918746948242,12.203913688659668
F,5,4,2023-05-26,2023-06-23,5.0,6.579737663269043,0.0,9.808245658874512
F,5,4,2023-06-02,2023-06-30,4.0,6.440589904785156,0.0,9.669097900390625
F,5,4,2023-06-09,2023-07-07,1.0,4.96343994140625,0.0,8.191947937011719
F,5,4,2023-06-16,2023-07-14,1.0,4.013997554779053,0.0,7.24250602722168
F,5,4,2023-06-23,2023-07-21,1.0,5.005792140960693,0.0,8.23430061340332
F,5,4,2023-06-30,2023-07-28,1.0,5.650949478149414,0.0,7.125632286071777
F,5,4,2023-07-07,2023-08-04,1.0,6.701724529266357,0.0,8.176406860351562
F,5,4,2023-07-14,2023-08-11,2.0,6.169900894165039,0.0,7.644583702087402
F,5,4,2023-07-21,2023-08-18,3.0,5.317998886108398,0.0,6.792681694030762
F,5,4,2023-07-28,2023-08-25,6.0,5.212614059448242,0.0,6.6872968673706055
F,5,4,2023-08-04,2023-09-01,5.0,3.6365010738372803,0.0,5.111184120178223
F,5,4,2023-08-11,2023-09-08,5.0,3.1120433807373047,0.0,4.586726188659668
F,5,4,2023-08-18,2023-09-15,3.0,2.738739490509033,0.0,4.2134222984313965
F,5,4,2023-08-25,2023-09-22,3.0,3.2420473098754883,0.0,4.716730117797852
F,5,4,2023-09-01,2023-09-29,2.0,4.814200401306152,0.0,6.288883209228516
F,5,4,2023-09-08,2023-10-06,4.0,5.042959690093994,0.0,6.517642498016357
F,5,4,2023-09-15,2023-10-13,7.0,5.5592756271362305,0.0,7.033958435058594
F,5,4,2023-09-22,2023-10-20,3.0,6.049196720123291,0.0,7.937153339385986
F,5,4,2023-09-29,2023-10-27,4.0,4.831167697906494,0.0,6.7191243171691895
F,5,4,2023-10-06,2023-11-03,3.0,4.208413124084473,0.0,6.096369743347168
F,5,4,2023-10-13,2023-11-10,2.0,3.855154037475586,0.0,5.743110656738281
F,5,4,2023-10-20,2023-11-17,2.0,3.0497050285339355,0.0,4.937661647796631
F,5,4,2023-10-27,2023-11-24,3.0,2.7164340019226074,0.0,4.604390621185303
F,5,4,2023-11-03,2023-12-01,2.0,2.7207131385803223,0.0,4.608669757843018
F,5,4,2023-11-10,2023-12-08,5.0,2.367335319519043,0.0,4.255291938781738
F,5,4,2023-11-17,2023-12-15,4.0,2.154664993286133,0.0,4.042621612548828
F,5,4,2023-11-24,2023-12-22,0.0,1.9601658582687378,0.0,3.8481225967407227
F,5,4,2023-12-01,2023-12-29,5.0,1.9692714214324951,0.0,3.8572280406951904
F,5,4,2023-12-08,2024-01-05,4.0,2.2561094760894775,0.0,4.144065856933594
F,5,4,2023-12-15,2024-01-12,5.0,2.4439969062805176,0.0,4.331953525543213
F,5,4,2023-12-22,2024-01-19,3.0,1.984367847442627,0.0,4.617032527923584
F,5,4,2023-12-29,2024-01-26,1.0,2.73829984664917,0.0,5.370964527130127
F,5,4,2024-01-05,2024-02-02,3.0,2.224853992462158,0.0,4.857518672943115
F,5,4,2024-01-12,2024-02-09,7.0,1.7825615406036377,0.0,4.813290119171143
F,5,4,2024-01-19,2024-02-16,1.0,1.5750188827514648,0.0,4.605747222900391
F,5,4,2024-01-26,2024-02-23,5.0,1.256446361541748,0.0,4.287175178527832
F,5,4,2024-02-02,2024-03-01,3.0,1.477707862854004,0.0,4.50843620300293
F,5,4,2024-02-09,2024-03-08,4.0,1.4799576997756958,0.0,4.51068639755249
F,5,4,2024-02-16,2024-03-15,0.0,1.4065653085708618,0.0,4.437294006347656
F,5,4,2024-02-23,2024-03-22,2.0,1.2411826848983765,0.0,6.458621501922607
F,5,4,2024-03-01,2024-03-29,0.0,1.5865403413772583,0.0,6.80397891998291
F,5,4,2024-03-08,2024-04-05,3.0,1.268420934677124,0.0,6.4858598709106445
F,5,4,2024-03-15,2024-04-12,1.0,1.351050615310669,0.0,6.568489074707031
F,5,4,2024-03-22,2024-04-19,2.0,1.4006905555725098,0.0,6.618129253387451
F,5,4,2024-03-29,2024-04-26,0.0,1.28323495388031,0.0,6.500673770904541
F,5,4,2024-04-05,2024-05-03,3.0,1.1495494842529297,0.0,6.366988182067871
F,5,4,2024-04-12,2024-05-10,1.0,1.5668742656707764,0.0,6.784313201904297
F,5,4,2024-04-19,2024-05-17,0.0,1.1495739221572876,0.0,6.3670125007629395
F,5,4,2024-04-26,2024-05-24,1.0,1.1284070014953613,0.0,6.345845699310303
F,5,4,2024-05-03,2024-05-31,2.0,1.1376268863677979,0.0,6.35506534576416
F,5,4,2024-05-10,2024-06-07,0.0,1.2643827199935913,0.0,6.481821537017822
F,5,4,2024-05-17,2024-06-14,4.0,1.3294720649719238,0.0,6.546910762786865
F,5,4,2024-05-24,2024-06-21,1.0,1.1358163356781006,0.0,6.353255271911621
F,5,4,2024-05-31,2024-06-28,2.0,1.4751865863800049,0.0,6.692625045776367
F,5,4,2024-06-07,2024-07-05,4.0,1.7302601337432861,0.0,6.947698593139648
F,5,4,2024-06-14,2024-07-12,5.0,2.1916444301605225,0.0,7.409083366394043
F,5,4,2024-06-21,2024-07-19,4.0,2.6306943893432617,0.0,7.848133087158203
F,5,4,2024-06-28,2024-07-26,4.0,4.112898826599121,0.0,9.330337524414062
F,5,4,2024-07-05,2024-08-02,6.0,7.061870574951172,1.3601460456848145,12.279309272766113
F,5,4,2024-07-12,2024-08-09,8.0,8.629036903381348,2.9273123741149902,13.846475601196289
F,5,4,2024-07-19,2024-08-16,17.0,7.572818756103516,1.8710942268371582,12.790257453918457
F,5,4,2024-07-26,2024-08-23,3.0,8.102996826171875,2.4012722969055176,13.320435523986816
F,5,4,2024-08-02,2024-08-30,4.0,7.893104076385498,2.1913795471191406,13.110542297363281
F,5,4,2024-08-09,2024-09-06,9.0,9.421634674072266,3.719910144805908,14.639073371887207
F,5,4,2024-08-16,2024-09-13,7.0,14.921540260314941,10.751639366149902,20.138978958129883
F,5,4,2024-08-23,2024-09-20,10.0,19.033628463745117,15.984432220458984,24.251068115234375
F,5,4,2024-08-30,2024-09-27,11.0,19.767234802246094,16.71803855895996,29.194416046142578
F,5,4,2024-09-06,2024-10-04,7.0,21.14592933654785,16.042932510375977,30.573110580444336
F,5,4,2024-09-13,2024-10-11,15.0,18.84392547607422,13.740928649902344,28.271106719970703
F,5,4,2024-09-20,2024-10-18,14.0,17.340166091918945,12.23716926574707,26.76734733581543
F,5,4,2024-09-27,2024-10-25,7.0,14.487322807312012,6.56578254699707,23.914505004882812
F,5,4,2024-10-04,2024-11-01,16.0,9.56851863861084,0.5348901748657227,18.99570083618164
F,5,4,2024-10-11,2024-11-08,8.0,7.438115119934082,0.0,16.86529541015625
F,5,4,2024-10-18,2024-11-15,13.0,6.414701461791992,0.0,15.841882705688477
F,5,4,2024-10-25,2024-11-22,14.0,4.496073246002197,0.0,13.923254013061523
F,5,4,2024-11-01,2024-11-29,11.0,4.848329544067383,0.0,14.275510787963867
F,5,4,2024-11-08,2024-12-06,12.0,6.319209575653076,0.0,15.746391296386719
F,5,4,2024-11-15,2024-12-13,6.0,7.284177303314209,0.0,16.71135902404785
F,5,4,2024-11-22,2024-12-20,3.0,6.292481422424316,0.0,15.7196626663208
F,5,4,2024-11-29,2024-12-27,5.0,7.878856182098389,0.0,17.30603790283203
F,5,4,2024-12-06,2025-01-03,9.0,8.782685279846191,0.0,18.28661346435547
F,5,4,2024-12-13,2025-01-10,8.0,8.066123962402344,0.0,17.570051193237305
F,5,4,2024-12-20,2025-01-17,4.0,7.051602363586426,0.0,16.555530548095703
F,5,4,2024-12-27,2025-01-24,9.0,7.316348552703857,0.0,16.820276260375977
F,5,4,2025-01-03,2025-01-31,6.0,6.746251106262207,0.0,16.250179290771484
F,5,4,2025-01-10,2025-02-07,4.0,5.94847297668457,0.0,15.452400207519531
F,5,4,2025-01-17,2025-02-14,10.0,5.2425217628479,0.0,14.746448516845703
F,5,4,2025-01-24,2025-02-21,6.0,5.295776844024658,0.0,14.799703598022461
F,5,4,2025-01-31,2025-02-28,7.0,5.701077938079834,0.0,15.205005645751953
F,5,4,2025-02-07,2025-03-07,6.0,5.504873752593994,0.0,15.008800506591797
F,5,4,2025-02-14,2025-03-14,6.0,5.889785289764404,0.0,15.393712997436523
F,5,4,2025-02-21,2025-03-21,5.0,4.713594436645508,0.0,14.217521667480469
F,5,4,2025-02-28,2025-03-28,2.0,4.616663455963135,0.0,14.120590209960938
F,5,4,2025-03-07,2025-04-04,3.0,4.08949613571167,0.0,13.593423843383789
F,5,4,2025-03-14,2025-04-11,2.0,3.6731810569763184,0.0,13.177108764648438
F,5,4,2025-03-21,2025-04-18,1.0,3.115849018096924,0.0,12.619775772094727
F,5,4,2025-03-28,2025-04-25,0.0,3.0820326805114746,0.0,12.585960388183594
F,5,4,2025-04-04,2025-05-02,3.0,3.3161826133728027,0.0,12.820110321044922
F,5,4,2025-04-11,2025-05-09,3.0,3.8238649368286133,0.0,13.327792167663574
F,5,4,2025-04-18,2025-05-16,2.0,2.986863136291504,0.0,12.490790367126465
F,5,4,2025-04-25,2025-05-23,7.0,2.5245940685272217,0.0,12.028521537780762
F,5,4,2025-05-02,2025-05-30,3.0,2.8419785499572754,0.0,12.345905303955078
F,5,4,2025-05-09,2025-06-06,3.0,3.2981715202331543,0.0,12.802099227905273
F,5,4,2025-05-16,2025-06-13,4.0,2.418886423110962,0.0,11.922813415527344
F,5,4,2025-05-23,2025-06-20,6.0,1.4930706024169922,0.0,10.996997833251953
F,5,4,2025-05-30,2025-06-27,3.0,1.620422601699829,0.0,11.124349594116211
F,5,4,2025-06-06,2025-07-04,5.0,2.7556228637695312,0.0,12.259550094604492
F,5,4,2025-06-13,2025-07-11,8.0,6.09151029586792,0.0,15.595438003540039
F,5,4,2025-06-20,2025-07-18,2.0,7.581512451171875,0.0,17.085439682006836
F,5,4,2025-06-27,2025-07-25,9.0,9.922760009765625,0.0,19.426687240600586
F,5,4,2025-07-04,2025-08-01,9.0,11.00925064086914,0.0,20.5131778717041
F,5,4,2025-07-11,2025-08-08,16.0,14.223101615905762,0.07717227935791016,23.727027893066406
F,5,4,2025-07-18,2025-08-15,11.0,10.166790008544922,0.0,19.670717239379883
F,5,4,2025-07-25,2025-08-22,8.0,6.124508380889893,0.0,15.628435134887695
F,5,4,2025-08-01,2025-08-29,9.0,3.3301429748535156,0.0,12.834070205688477
F,5,4,2025-08-08,2025-09-05,,2.4361023902893066,0.0,11.94002914428711
F,5,4,2025-08-15,2025-09-12,,3.6627988815307617,0.0,13.166726112365723
F,5,4,2025-08-22,2025-09-19,,4.928898811340332,0.0,14.432826042175293
F,5,8,2023-02-17,2023-04-14,1.0,1.39677095413208,0.0,3.488297462463379
F,5,8,2023-02-24,2023-04-21,1.0,1.2690787315368652,0.0,3.360605239868164
F,5,8,2023-03-03,2023-04-28,0.0,1.1768772602081299,0.0,3.2684037685394287
F,5,8,2023-03-10,2023-05-05,0.0,1.1838634014129639,0.0,3.2753899097442627
F,5,8,2023-03-17,2023-05-12,3.0,1.3383173942565918,0.0,3.4298439025878906
F,5,8,2023-03-24,2023-05-19,1.0,1.7883278131484985,0.0,3.879854202270508
F,5,8,2023-03-31,2023-05-26,1.0,2.2151761054992676,0.0,4.306702613830566
F,5,8,2023-04-07,2023-06-02,2.0,2.749030590057373,0.0,4.840557098388672
F,5,8,2023-04-14,2023-06-09,1.0,3.3603005409240723,0.0,5.451827049255371
F,5,8,2023-04-21,2023-06-16,2.0,5.727056503295898,0.0,7.818583011627197
F,5,8,2023-04-28,2023-06-23,5.0,6.268284797668457,0.0,8.359811782836914
F,5,8,2023-05-05,2023-06-30,4.0,9.126994132995605,0.0,11.218521118164062
F,5,8,2023-05-12,2023-07-07,1.0,14.017352104187012,0.0,16.10887908935547
F,5,8,2023-05-19,2023-07-14,1.0,20.59766960144043,1.151947021484375,22.68919563293457
F,5,8,2023-05-26,2023-07-21,1.0,14.099331855773926,0.0,16.190858840942383
F,5,8,2023-06-02,2023-07-28,1.0,13.238709449768066,0.0,15.330236434936523
F,5,8,2023-06-09,2023-08-04,1.0,9.558953285217285,0.0,11.650480270385742
F,5,8,2023-06-16,2023-08-11,2.0,8.590078353881836,0.0,10.681604385375977
F,5,8,2023-06-23,2023-08-18,3.0,11.176117897033691,0.0,13.267644882202148
F,5,8,2023-06-30,2023-08-25,6.0,12.681471824645996,0.0,14.772998809814453
F,5,8,2023-07-07,2023-09-01,5.0,12.222418785095215,0.0,14.313945770263672
F,5,8,2023-07-14,2023-09-08,5.0,10.817578315734863,0.0,12.90910530090332
F,5,8,2023-07-21,2023-09-15,3.0,9.250133514404297,0.0,11.341659545898438
F,5,8,2023-07-28,2023-09-22,3.0,7.379039764404297,0.0,9.081035614013672
F,5,8,2023-08-04,2023-09-29,2.0,4.657642364501953,0.0,6.35963773727417
F,5,8,2023-08-11,2023-10-06,4.0,4.0672197341918945,0.0,5.769215106964111
F,5,8,2023-08-18,2023-10-13,7.0,4.153537750244141,0.0,5.855533123016357
F,5,8,2023-08-25,2023-10-20,3.0,3.846013307571411,0.0,5.548008918762207
F,5,8,2023-09-01,2023-10-27,4.0,4.206669807434082,0.0,5.908665180206299
F,5,8,2023-09-08,2023-11-03,3.0,5.115166664123535,0.0,6.817162036895752
F,5,8,2023-09-15,2023-11-10,2.0,6.109859466552734,0.0,7.811854839324951
F,5,8,2023-09-22,2023-11-17,2.0,6.196235656738281,0.0,7.898231029510498
F,5,8,2023-09-29,2023-11-24,3.0,4.7308197021484375,0.0,6.432815074920654
F,5,8,2023-10-06,2023-12-01,2.0,4.231267929077148,0.0,5.933263301849365
F,5,8,2023-10-13,2023-12-08,5.0,4.192458629608154,0.0,5.894454002380371
F,5,8,2023-10-20,2023-12-15,4.0,3.177705764770508,0.0,4.879701137542725
F,5,8,2023-10-27,2023-12-22,0.0,2.9418954849243164,0.0,5.788357734680176
F,5,8,2023-11-03,2023-12-29,5.0,3.360867977142334,0.0,6.207330226898193
F,5,8,2023-11-10,2024-01-05,4.0,2.878729820251465,0.0,5.725192070007324
F,5,8,2023-11-17,2024-01-12,5.0,2.7914323806762695,0.0,5.637894630432129
F,5,8,2023-11-24,2024-01-19,3.0,2.7950525283813477,0.0,5.641514778137207
F,5,8,2023-12-01,2024-01-26,1.0,2.898127317428589,0.0,5.744589805603027
F,5,8,2023-12-08,2024-02-02,3.0,3.4635558128356934,0.0,6.310018062591553
F,5,8,2023-12-15,2024-02-09,7.0,3.8971545696258545,0.0,6.743617057800293
F,5,8,2023-12-22,2024-02-16,1.0,2.8665552139282227,0.0,5.713017463684082
F,5,8,2023-12-29,2024-02-23,5.0,3.5635509490966797,0.0,6.410013198852539
F,5,8,2024-01-05,2024-03-01,3.0,2.7254080772399902,0.0,5.57187032699585
F,5,8,2024-01-12,2024-03-08,4.0,2.145129680633545,0.0,4.991591930389404
F,5,8,2024-01-19,2024-03-15,0.0,1.83058762550354,0.0,4.67704963684082
F,5,8,2024-01-26,2024-03-22,2.0,1.4562957286834717,0.0,4.30275821685791
F,5,8,2024-02-02,2024-03-29,0.0,1.652028203010559,0.0,4.498490333557129
F,5,8,2024-02-09,2024-04-05,3.0,1.6032730340957642,0.0,4.449735164642334
F,5,8,2024-02-16,2024-04-12,1.0,1.6924188137054443,0.0,4.538881301879883
F,5,8,2024-02-23,2024-04-19,2.0,1.6140161752700806,0.0,4.716861724853516
F,5,8,2024-03-01,2024-04-26,0.0,2.1450304985046387,0.0,5.247876167297363
F,5,8,2024-03-08,2024-05-03,3.0,1.8937902450561523,0.0,4.996635437011719
F,5,8,2024-03-15,2024-05-10,1.0,2.0535082817077637,0.0,5.156353950500488
F,5,8,2024-03-22,2024-05-17,0.0,2.3417463302612305,0.0,5.444591522216797
F,5,8,2024-03-29,2024-05-24,1.0,2.2977795600891113,0.0,5.400625228881836
F,5,8,2024-04-05,2024-05-31,2.0,2.2891247272491455,0.0,5.391970157623291
F,5,8,2024-04-12,2024-06-07,0.0,3.1421074867248535,0.0,6.244953155517578
F,5,8,2024-04-19,2024-06-14,4.0,2.4270083904266357,0.0,5.529853820800781
F,5,8,2024-04-26,2024-06-21,1.0,2.5348148345947266,0.0,5.637660026550293
F,5,8,2024-05-03,2024-06-28,2.0,2.736661911010742,0.0,5.839507102966309
F,5,8,2024-05-10,2024-07-05,4.0,3.101564407348633,0.0,6.204409599304199
F,5,8,2024-05-17,2024-07-12,5.0,3.3007092475891113,0.0,6.403554916381836
F,5,8,2024-05-24,2024-07-19,4.0,2.849641799926758,0.0,5.952486991882324
F,5,8,2024-05-31,2024-07-26,4.0,3.272284507751465,0.0,6.375129699707031
F,5,8,2024-06-07,2024-08-02,6.0,3.1632637977600098,0.0,6.266109466552734
F,5,8,2024-06-14,2024-08-09,8.0,3.341878890991211,0.0,6.444724082946777
F,5,8,2024-06-21,2024-08-16,17.0,3.9369125366210938,0.0,7.03975772857666
F,5,8,2024-06-28,2024-08-23,3.0,6.182851791381836,0.0,9.285696983337402
F,5,8,2024-07-05,2024-08-30,4.0,10.295185089111328,0.0,13.398030281066895
F,5,8,2024-07-12,2024-09-06,9.0,12.00934886932373,0.0,15.112194061279297
F,5,8,2024-07-19,2024-09-13,7.0,10.307271003723145,0.0,13.410116195678711
F,5,8,2024-07-26,2024-09-20,10.0,9.951891899108887,0.0,13.054737091064453
F,5,8,2024-08-02,2024-09-27,11.0,9.84869384765625,0.0,12.951539039611816
F,5,8,2024-08-09,2024-10-04,7.0,10.809636116027832,2.250682830810547,13.912481307983398
F,5,8,2024-08-16,2024-10-11,15.0,14.282715797424316,6.106597900390625,17.385560989379883
F,5,8,2024-08-23,2024-10-18,14.0,15.192612648010254,7.0164947509765625,19.85073471069336
F,5,8,2024-08-30,2024-10-25,7.0,15.278162002563477,8.055743217468262,28.341249465942383
F,5,8,2024-09-06,2024-11-01,16.0,15.918095588684082,8.695676803588867,28.981182098388672
F,5,8,2024-09-13,2024-11-08,8.0,14.405525207519531,8.110340118408203,27.468612670898438
F,5,8,2024-09-20,2024-11-15,13.0,14.090407371520996,7.795222282409668,27.15349578857422
F,5,8,2024-09-27,2024-11-22,14.0,11.58020305633545,5.285017967224121,24.643291473388672
F,5,8,2024-10-04,2024-11-29,11.0,5.5524773597717285,0.0,18.615564346313477
F,5,8,2024-10-11,2024-12-06,12.0,4.667384147644043,0.0,17.730472564697266
F,5,8,2024-10-18,2024-12-13,6.0,4.731265068054199,0.0,17.794353485107422
F,5,8,2024-10-25,2024-12-20,3.0,3.864656686782837,0.0,16.927743911743164
F,5,8,2024-11-01,2024-12-27,5.0,5.195202827453613,0.0,18.258289337158203
F,5,8,2024-11-08,2025-01-03,9.0,7.015674591064453,0.0,20.07876205444336
F,5,8,2024-11-15,2025-01-10,8.0,10.564088821411133,2.2859268188476562,23.62717628479004
F,5,8,2024-11-22,2025-01-17,4.0,8.132711410522461,0.0,21.195798873901367
F,5,8,2024-11-29,2025-01-24,9.0,9.601851463317871,1.3236894607543945,22.664939880371094
F,5,8,2024-12-06,2025-01-31,6.0,8.286884307861328,0.008722305297851562,21.349971771240234
F,5,8,2024-12-13,2025-02-07,4.0,7.812394142150879,0.0,20.87548065185547
F,5,8,2024-12-20,2025-02-14,10.0,6.492301940917969,0.0,19.555389404296875
F,5,8,2024-12-27,2025-02-21,6.0,6.710897445678711,0.0,19.773984909057617
F,5,8,2025-01-03,2025-02-28,7.0,6.000423431396484,0.0,19.06351089477539
F,5,8,2025-01-10,2025-03-07,6.0,4.58050012588501,0.0,17.643587112426758
F,5,8,2025-01-17,2025-03-14,6.0,3.7272849082946777,0.0,16.790372848510742
F,5,8,2025-01-24,2025-03-21,5.0,3.700103998184204,0.0,16.76319122314453
F,5,8,2025-01-31,2025-03-28,2.0,4.015392780303955,0.0,17.078479766845703
F,5,8,2025-02-07,2025-04-04,3.0,3.4625654220581055,0.0,16.525653839111328
F,5,8,2025-02-14,2025-04-11,2.0,3.996288299560547,0.0,17.059375762939453
F,5,8,2025-02-21,2025-04-18,1.0,3.1276066303253174,0.0,16.19069480895996
F,5,8,2025-02-28,2025-04-25,0.0,3.6969199180603027,0.0,16.760007858276367
F,5,8,2025-03-07,2025-05-02,3.0,3.6517460346221924,0.0,16.714834213256836
F,5,8,2025-03-14,2025-05-09,3.0,3.675589084625244,0.0,16.738676071166992
F,5,8,2025-03-21,2025-05-16,2.0,3.8911452293395996,0.0,16.954233169555664
F,5,8,2025-03-28,2025-05-23,7.0,4.809526443481445,0.0,17.87261390686035
F,5,8,2025-04-04,2025-05-30,3.0,6.146777153015137,0.0,19.20986557006836
F,5,8,2025-04-11,2025-06-06,3.0,7.83268928527832,0.0,20.895776748657227
F,5,8,2025-04-18,2025-06-13,4.0,6.301326274871826,0.0,19.36441421508789
F,5,8,2025-04-25,2025-06-20,6.0,5.551548004150391,0.0,18.614635467529297
F,5,8,2025-05-02,2025-06-27,3.0,6.702938079833984,0.0,19.76602554321289
F,5,8,2025-05-09,2025-07-04,5.0,8.757203102111816,0.47904109954833984,21.820289611816406
F,5,8,2025-05-16,2025-07-11,8.0,6.577181816101074,0.0,19.640270233154297
F,5,8,2025-05-23,2025-07-18,2.0,3.8374624252319336,0.0,16.900550842285156
F,5,8,2025-05-30,2025-07-25,9.0,4.373239040374756,0.0,17.43632698059082
F,5,8,2025-06-06,2025-08-01,9.0,6.736442565917969,0.0,19.799530029296875
F,5,8,2025-06-13,2025-08-08,16.0,12.252989768981934,3.974827766418457,25.316078186035156
F,5,8,2025-06-20,2025-08-15,11.0,11.837468147277832,3.5593061447143555,24.900554656982422
F,5,8,2025-06-27,2025-08-22,8.0,9.504607200622559,1.226445198059082,22.56769561767578
F,5,8,2025-07-04,2025-08-29,9.0,8.024956703186035,0.0,21.088043212890625
F,5,8,2025-07-11,2025-09-05,,10.480199813842773,2.202037811279297,23.54328727722168
F,5,8,2025-07-18,2025-09-12,,6.543793678283691,0.0,19.60688018798828
F,5,8,2025-07-25,2025-09-19,,3.962028980255127,0.0,17.025115966796875
F,5,8,2025-08-01,2025-09-26,,2.6693997383117676,0.0,15.732486724853516
F,5,8,2025-08-08,2025-10-03,,2.1382405757904053,0.0,15.20132827758789
F,5,8,2025-08-15,2025-10-10,,3.242427349090576,0.0,16.30551528930664
F,5,8,2025-08-22,2025-10-17,,3.745500326156616,0.0,16.8085880279541
F,5,12,2023-02-17,2023-05-12,3.0,2.0909979343414307,0.0,3.2898976802825928
F,5,12,2023-02-24,2023-05-19,1.0,2.0477538108825684,0.0,3.2466535568237305
F,5,12,2023-03-03,2023-05-26,1.0,1.9776043891906738,0.0,3.176504135131836
F,5,12,2023-03-10,2023-06-02,2.0,2.07561993598938,0.0,3.274519681930542
F,5,12,2023-03-17,2023-06-09,1.0,2.313197135925293,0.0,3.512096881866455
F,5,12,2023-03-24,2023-06-16,2.0,3.0135574340820312,0.0,4.212457180023193
F,5,12,2023-03-31,2023-06-23,5.0,3.796532154083252,0.0,4.995431900024414
F,5,12,2023-04-07,2023-06-30,4.0,4.759030342102051,0.0,5.957930088043213
F,5,12,2023-04-14,2023-07-07,1.0,6.252895355224609,0.0,7.4517951011657715
F,5,12,2023-04-21,2023-07-14,1.0,11.456875801086426,0.0,12.65577507019043
F,5,12,2023-04-28,2023-07-21,1.0,12.392389297485352,0.0,13.591289520263672
F,5,12,2023-05-05,2023-07-28,1.0,19.13850212097168,4.1735687255859375,20.33740234375
F,5,12,2023-05-12,2023-08-04,1.0,28.085329055786133,13.12039566040039,29.284229278564453
F,5,12,2023-05-19,2023-08-11,2.0,30.223386764526367,15.258453369140625,31.422286987304688
F,5,12,2023-05-26,2023-08-18,3.0,20.07673454284668,5.1118011474609375,21.275634765625
F,5,12,2023-06-02,2023-08-25,6.0,15.433536529541016,0.46860313415527344,16.632436752319336
F,5,12,2023-06-09,2023-09-01,5.0,11.239388465881348,0.0,12.438287734985352
F,5,12,2023-06-16,2023-09-08,5.0,10.930357933044434,0.0,12.129257202148438
F,5,12,2023-06-23,2023-09-15,3.0,10.873656272888184,0.0,12.072555541992188
F,5,12,2023-06-30,2023-09-22,3.0,12.375853538513184,0.0,13.574752807617188
F,5,12,2023-07-07,2023-09-29,2.0,12.77833080291748,0.0,13.98179817199707
F,5,12,2023-07-14,2023-10-06,4.0,10.998010635375977,0.0,12.201478958129883
F,5,12,2023-07-21,2023-10-13,7.0,8.399778366088867,0.0,9.603246688842773
F,5,12,2023-07-28,2023-10-20,3.0,5.452069282531738,0.0,6.655537128448486
F,5,12,2023-08-04,2023-10-27,4.0,4.080166816711426,0.0,5.283634662628174
F,5,12,2023-08-11,2023-11-03,3.0,3.9393417835235596,0.0,5.142809867858887
F,5,12,2023-08-18,2023-11-10,2.0,4.29890251159668,0.0,5.502370357513428
F,5,12,2023-08-25,2023-11-17,2.0,3.5802271366119385,0.0,4.783695220947266
F,5,12,2023-09-01,2023-11-24,3.0,3.1172313690185547,0.0,4.320699214935303
F,5,12,2023-09-08,2023-12-01,2.0,3.8965702056884766,0.0,5.100038051605225
F,5,12,2023-09-15,2023-12-08,5.0,4.932055473327637,0.0,6.135523319244385
F,5,12,2023-09-22,2023-12-15,4.0,4.825440406799316,0.0,6.0289082527160645
F,5,12,2023-09-29,2023-12-22,0.0,4.11624002456665,0.0,5.319707870483398
F,5,12,2023-10-06,2023-12-29,5.0,4.824706077575684,0.0,6.028173923492432
F,5,12,2023-10-13,2024-01-05,4.0,5.647359848022461,0.0,6.850827693939209
F,5,12,2023-10-20,2024-01-12,5.0,4.413287162780762,0.0,5.61675500869751
F,5,12,2023-10-27,2024-01-19,3.0,4.287508010864258,0.0,5.490975856781006
F,5,12,2023-11-03,2024-01-26,1.0,5.488732814788818,0.0,6.692200660705566
F,5,12,2023-11-10,2024-02-02,3.0,4.74545955657959,0.0,5.948927402496338
F,5,12,2023-11-17,2024-02-09,7.0,4.657758712768555,0.0,5.861226558685303
F,5,12,2023-11-24,2024-02-16,1.0,4.767688751220703,0.0,5.971156597137451
F,5,12,2023-12-01,2024-02-23,5.0,4.789586067199707,0.0,5.993053913116455
F,5,12,2023-12-08,2024-03-01,3.0,5.836775779724121,0.0,7.040243625640869
F,5,12,2023-12-15,2024-03-08,4.0,6.663884162902832,0.0,7.86735200881958
F,5,12,2023-12-22,2024-03-15,0.0,4.851071357727051,0.0,6.054539203643799
F,5,12,2023-12-29,2024-03-22,2.0,5.900020599365234,0.0,7.103488445281982
F,5,12,2024-01-05,2024-03-29,0.0,4.361632347106934,0.0,5.565100193023682
F,5,12,2024-01-12,2024-04-05,3.0,3.375164031982422,0.0,4.57863187789917
F,5,12,2024-01-19,2024-04-12,1.0,2.917463541030884,0.0,4.120931625366211
F,5,12,2024-01-26,2024-04-19,2.0,2.451368570327759,0.0,3.654836416244507
F,5,12,2024-02-02,2024-04-26,0.0,2.724454402923584,0.0,3.927922248840332
F,5,12,2024-02-09,2024-05-03,3.0,2.6357359886169434,0.0,3.8392038345336914
F,5,12,2024-02-16,2024-05-10,1.0,2.8543341159820557,0.0,4.057802200317383
F,5,12,2024-02-23,2024-05-17,0.0,2.833146572113037,0.0,5.175387859344482
F,5,12,2024-03-01,2024-05-24,1.0,3.7098703384399414,0.0,6.052111625671387
F,5,12,2024-03-08,2024-05-31,2.0,3.398236036300659,0.0,5.740477561950684
F,5,12,2024-03-15,2024-06-07,0.0,3.64732027053833,0.0,5.989561557769775
F,5,12,2024-03-22,2024-06-14,4.0,4.2478156089782715,0.0,6.590056896209717
F,5,12,2024-03-29,2024-06-21,1.0,4.226930141448975,0.0,6.56917142868042
F,5,12,2024-04-05,2024-06-28,2.0,4.309005260467529,0.0,6.651246547698975
F,5,12,2024-04-12,2024-07-05,4.0,5.958815574645996,0.0,8.301056861877441
F,5,12,2024-04-19,2024-07-12,5.0,4.733529567718506,0.0,7.075770854949951
F,5,12,2024-04-26,2024-07-19,4.0,4.9845404624938965,0.0,7.326781749725342
F,5,12,2024-05-03,2024-07-26,4.0,5.433379173278809,0.0,7.775620460510254
F,5,12,2024-05-10,2024-08-02,6.0,6.2548322677612305,0.0,8.597073554992676
F,5,12,2024-05-17,2024-08-09,8.0,6.878015041351318,0.0,9.220256805419922
F,5,12,2024-05-24,2024-08-16,17.0,5.7369489669799805,0.0,8.079190254211426
F,5,12,2024-05-31,2024-08-23,3.0,6.3388261795043945,0.0,8.68106746673584
F,5,12,2024-06-07,2024-08-30,4.0,5.749467849731445,0.0,8.09170913696289
F,5,12,2024-06-14,2024-09-06,9.0,5.763288974761963,0.0,8.10552978515625
F,5,12,2024-06-21,2024-09-13,7.0,6.596636772155762,0.0,8.938878059387207
F,5,12,2024-06-28,2024-09-20,10.0,9.254429817199707,0.0,11.596671104431152
F,5,12,2024-07-05,2024-09-27,11.0,11.88329029083252,0.0,14.225531578063965
F,5,12,2024-07-12,2024-10-04,7.0,10.325213432312012,0.0,12.667454719543457
F,5,12,2024-07-19,2024-10-11,15.0,8.731697082519531,0.0,11.073938369750977
F,5,12,2024-07-26,2024-10-18,14.0,6.695046424865723,0.0,9.037287712097168
F,5,12,2024-08-02,2024-10-25,7.0,6.05997371673584,0.0,8.402215003967285
F,5,12,2024-08-09,2024-11-01,16.0,6.265140533447266,0.0,8.607381820678711
F,5,12,2024-08-16,2024-11-08,8.0,10.059220314025879,0.0,12.401461601257324
F,5,12,2024-08-23,2024-11-15,13.0,11.397005081176758,0.0,13.739246368408203
F,5,12,2024-08-30,2024-11-22,14.0,11.453282356262207,0.6749515533447266,22.716333389282227
F,5,12,2024-09-06,2024-11-29,11.0,12.257019996643066,1.478689193725586,23.520071029663086
F,5,12,2024-09-13,2024-12-06,12.0,10.385689735412598,0.0,21.648740768432617
F,5,12,2024-09-20,2024-12-13,6.0,10.602007865905762,0.0,21.86505889892578
F,5,12,2024-09-27,2024-12-20,3.0,8.289231300354004,0.0,19.552282333374023
F,5,12,2024-10-04,2024-12-27,5.0,3.5441336631774902,0.0,14.807184219360352
F,5,12,2024-10-11,2025-01-03,9.0,3.6025819778442383,0.0,14.865633010864258
F,5,12,2024-10-18,2025-01-10,8.0,4.338322162628174,0.0,15.601373672485352
F,5,12,2024-10-25,2025-01-17,4.0,3.760812282562256,0.0,15.023862838745117
F,5,12,2024-11-01,2025-01-24,9.0,5.637635707855225,0.7865643501281738,16.900686264038086
F,5,12,2024-11-08,2025-01-31,6.0,8.00182056427002,3.1507492065429688,19.26487159729004
F,5,12,2024-11-15,2025-02-07,4.0,13.138020515441895,8.286949157714844,24.401071548461914
F,5,12,2024-11-22,2025-02-14,10.0,10.102702140808105,5.251630783081055,21.365753173828125
F,5,12,2024-11-29,2025-02-21,6.0,11.237997055053711,6.38692569732666,22.501049041748047
F,5,12,2024-12-06,2025-02-28,7.0,8.068536758422852,3.217465400695801,19.331588745117188
F,5,12,2024-12-13,2025-03-07,6.0,8.22503662109375,3.373965263366699,19.488086700439453
F,5,12,2024-12-20,2025-03-14,6.0,6.087338447570801,1.23626708984375,17.35038948059082
F,5,12,2024-12-27,2025-03-21,5.0,6.556906700134277,1.7058353424072266,17.819957733154297
F,5,12,2025-01-03,2025-03-28,2.0,5.925724506378174,0.6364932060241699,17.18877601623535
F,5,12,2025-01-10,2025-04-04,3.0,4.158564567565918,0.0,15.421615600585938
F,5,12,2025-01-17,2025-04-11,2.0,3.4811697006225586,0.0,14.744220733642578
F,5,12,2025-01-24,2025-04-18,1.0,3.594625473022461,0.0,14.85767650604248
F,5,12,2025-01-31,2025-04-25,0.0,4.012815475463867,0.0,15.275866508483887
F,5,12,2025-02-07,2025-05-02,3.0,3.148402214050293,0.0,14.411453247070312
F,5,12,2025-02-14,2025-05-09,3.0,3.820716619491577,0.0,15.083767890930176
F,5,12,2025-02-21,2025-05-16,2.0,3.1913599967956543,0.0,14.454410552978516
F,5,12,2025-02-28,2025-05-23,7.0,4.415900230407715,0.0,15.678951263427734
F,5,12,2025-03-07,2025-05-30,3.0,4.753412246704102,0.0,16.016464233398438
F,5,12,2025-03-14,2025-06-06,3.0,5.131314754486084,0.0,16.394365310668945
F,5,12,2025-03-21,2025-06-13,4.0,5.986504554748535,0.0,17.249555587768555
F,5,12,2025-03-28,2025-06-20,6.0,7.995938301086426,0.0,19.258989334106445
F,5,12,2025-04-04,2025-06-27,3.0,10.85998249053955,1.7219619750976562,22.12303352355957
F,5,12,2025-04-11,2025-07-04,5.0,16.08623504638672,6.948214530944824,27.349285125732422
F,5,12,2025-04-18,2025-07-11,8.0,12.601041793823242,3.4630212783813477,23.864093780517578
F,5,12,2025-04-25,2025-07-18,2.0,10.717872619628906,1.5798521041870117,21.98092269897461
F,5,12,2025-05-02,2025-07-25,9.0,13.2970552444458,4.159034729003906,24.56010627746582
F,5,12,2025-05-09,2025-08-01,9.0,19.19423484802246,10.056214332580566,30.457286834716797
F,5,12,2025-05-16,2025-08-08,16.0,13.346794128417969,4.208773612976074,24.609844207763672
F,5,12,2025-05-23,2025-08-15,11.0,8.07225513458252,0.0,19.33530616760254
F,5,12,2025-05-30,2025-08-22,8.0,8.467247009277344,0.0,19.730297088623047
F,5,12,2025-06-06,2025-08-29,9.0,9.845442771911621,0.7074222564697266,21.10849380493164
F,5,12,2025-06-13,2025-09-05,,13.88298511505127,4.744964599609375,25.14603614807129
F,5,12,2025-06-20,2025-09-12,,11.664340019226074,2.5263195037841797,22.927391052246094
F,5,12,2025-06-27,2025-09-19,,5.959587097167969,0.0,17.222637176513672
F,5,12,2025-07-04,2025-09-26,,4.291676044464111,0.0,15.554727554321289
F,5,12,2025-07-11,2025-10-03,,5.925136566162109,0.0,17.188186645507812
F,5,12,2025-07-18,2025-10-10,,3.6321280002593994,0.0,14.89517879486084
F,5,12,2025-07-25,2025-10-17,,2.146613836288452,0.0,13.40966510772705
F,5,12,2025-08-01,2025-10-24,,1.9852927923202515,0.0,13.248343467712402
F,5,12,2025-08-08,2025-10-31,,2.2478160858154297,0.0,13.51086711883545
F,5,12,2025-08-15,2025-11-07,,2.9888319969177246,0.0,14.251882553100586
F,5,12,2025-08-22,2025-11-14,,3.025580883026123,0.0,14.288631439208984
G,6,1,2023-02-17,2023-02-24,4.0,4.286195278167725,0.0,13.416400909423828
G,6,1,2023-02-24,2023-03-03,3.0,3.4869470596313477,0.0,12.61715316772461
G,6,1,2023-03-03,2023-03-10,1.0,3.077338933944702,0.0,12.207545280456543
G,6,1,2023-03-10,2023-03-17,0.0,2.440852403640747,0.0,11.57105827331543
G,6,1,2023-03-17,2023-03-24,3.0,2.394641637802124,0.0,11.524847984313965
G,6,1,2023-03-24,2023-03-31,4.0,2.4128198623657227,0.0,11.543025970458984
G,6,1,2023-03-31,2023-04-07,5.0,2.612835645675659,0.0,11.7430419921875
G,6,1,2023-04-07,2023-04-14,1.0,2.800075054168701,0.0,11.930280685424805
G,6,1,2023-04-14,2023-04-21,2.0,2.436408042907715,0.0,11.566614151000977
G,6,1,2023-04-21,2023-04-28,1.0,2.278830051422119,0.0,11.409036636352539
G,6,1,2023-04-28,2023-05-05,2.0,2.091890573501587,0.0,11.22209644317627
G,6,1,2023-05-05,2023-05-12,2.0,2.356999397277832,0.0,11.487205505371094
G,6,1,2023-05-12,2023-05-19,2.0,3.53977370262146,0.0,12.6699800491333
G,6,1,2023-05-19,2023-05-26,2.0,5.477087497711182,0.0,14.607294082641602
G,6,1,2023-05-26,2023-06-02,6.0,5.752966403961182,0.0,14.883172988891602
G,6,1,2023-06-02,2023-06-09,6.0,6.193421363830566,0.0,15.323627471923828
G,6,1,2023-06-09,2023-06-16,6.0,7.300148010253906,0.0,16.430355072021484
G,6,1,2023-06-16,2023-06-23,8.0,6.574002265930176,0.0,14.35637092590332
G,6,1,2023-06-23,2023-06-30,10.0,6.689405918121338,0.0,14.471774101257324
G,6,1,2023-06-30,2023-07-07,3.0,7.6385722160339355,0.0,14.086124420166016
G,6,1,2023-07-07,2023-07-14,5.0,8.891104698181152,0.0,15.33865737915039
G,6,1,2023-07-14,2023-07-21,4.0,11.122446060180664,0.0,17.56999969482422
G,6,1,2023-07-21,2023-07-28,10.0,14.017096519470215,0.0,20.464649200439453
G,6,1,2023-07-28,2023-08-04,5.0,16.954418182373047,2.777341842651367,23.40196990966797
G,6,1,2023-08-04,2023-08-11,8.0,16.80866050720215,2.6315841674804688,23.256214141845703
G,6,1,2023-08-11,2023-08-18,14.0,13.221592903137207,0.0,19.669145584106445
G,6,1,2023-08-18,2023-08-25,13.0,11.393691062927246,0.0,17.841243743896484
G,6,1,2023-08-25,2023-09-01,10.0,9.563912391662598,0.0,16.011465072631836
G,6,1,2023-09-01,2023-09-08,10.0,11.087526321411133,0.0,17.535079956054688
G,6,1,2023-09-08,2023-09-15,10.0,9.424452781677246,0.0,15.872005462646484
G,6,1,2023-09-15,2023-09-22,14.0,9.529056549072266,0.0,15.976609230041504
G,6,1,2023-09-22,2023-09-29,8.0,11.146629333496094,0.0,17.594181060791016
G,6,1,2023-09-29,2023-10-06,10.0,12.396838188171387,0.44242000579833984,15.715081214904785
G,6,1,2023-10-06,2023-10-13,11.0,10.167105674743652,0.0,14.638049125671387
G,6,1,2023-10-13,2023-10-20,11.0,8.50563907623291,0.0,12.976582527160645
G,6,1,2023-10-20,2023-10-27,8.0,7.121372222900391,0.0,11.592315673828125
G,6,1,2023-10-27,2023-11-03,14.0,5.859739780426025,0.0,10.330682754516602
G,6,1,2023-11-03,2023-11-10,6.0,5.246374607086182,0.0,9.717317581176758
G,6,1,2023-11-10,2023-11-17,6.0,5.154719352722168,0.0,9.625662803649902
G,6,1,2023-11-17,2023-11-24,6.0,4.889963626861572,0.0,13.030223846435547
G,6,1,2023-11-24,2023-12-01,3.0,4.253885269165039,0.0,12.394145965576172
G,6,1,2023-12-01,2023-12-08,9.0,3.7556638717651367,0.0,11.89592456817627
G,6,1,2023-12-08,2023-12-15,7.0,3.593078136444092,0.0,11.733339309692383
G,6,1,2023-12-15,2023-12-22,5.0,3.669542074203491,0.0,11.809803009033203
G,6,1,2023-12-22,2023-12-29,1.0,3.7754323482513428,0.0,11.915693283081055
G,6,1,2023-12-29,2024-01-05,2.0,4.4758501052856445,0.0,12.616110801696777
G,6,1,2024-01-05,2024-01-12,6.0,3.8222475051879883,0.0,11.962508201599121
G,6,1,2024-01-12,2024-01-19,4.0,3.185015916824341,0.0,11.325276374816895
G,6,1,2024-01-19,2024-01-26,5.0,3.0310163497924805,0.0,11.171277046203613
G,6,1,2024-01-26,2024-02-02,4.0,3.01023530960083,0.0,11.150495529174805
G,6,1,2024-02-02,2024-02-09,1.0,3.288872241973877,0.0,11.429132461547852
G,6,1,2024-02-09,2024-02-16,7.0,2.7354373931884766,0.0,10.87569808959961
G,6,1,2024-02-16,2024-02-23,5.0,2.2680470943450928,0.0,10.408308029174805
G,6,1,2024-02-23,2024-03-01,3.0,1.968872308731079,0.0,10.109132766723633
G,6,1,2024-03-01,2024-03-08,3.0,1.8833198547363281,0.0,10.023580551147461
G,6,1,2024-03-08,2024-03-15,3.0,1.4795342683792114,0.0,9.619794845581055
G,6,1,2024-03-15,2024-03-22,2.0,1.2519341707229614,0.0,9.392194747924805
G,6,1,2024-03-22,2024-03-29,1.0,1.1432639360427856,0.0,9.283524513244629
G,6,1,2024-03-29,2024-04-05,5.0,0.9389007091522217,0.0,9.079161643981934
G,6,1,2024-04-05,2024-04-12,4.0,0.7015910744667053,0.0,8.841852188110352
G,6,1,2024-04-12,2024-04-19,3.0,0.7837140560150146,0.0,8.923974990844727
G,6,1,2024-04-19,2024-04-26,4.0,0.35786569118499756,0.0,8.498126029968262
G,6,1,2024-04-26,2024-05-03,3.0,0.26392245292663574,0.0,8.404183387756348
G,6,1,2024-05-03,2024-05-10,1.0,0.2644308805465698,0.0,8.404691696166992
G,6,1,2024-05-10,2024-05-17,1.0,0.4089358448982239,0.0,8.549196243286133
G,6,1,2024-05-17,2024-05-24,4.0,0.6975644826889038,0.0,8.837824821472168
G,6,1,2024-05-24,2024-05-31,0.0,0.9113112688064575,0.0,9.0515718460083
G,6,1,2024-05-31,2024-06-07,3.0,1.1544233560562134,0.0,9.294684410095215
G,6,1,2024-06-07,2024-06-14,0.0,1.8577470779418945,0.0,9.998007774353027
G,6,1,2024-06-14,2024-06-21,3.0,2.859124183654785,0.0,10.999384880065918
G,6,1,2024-06-21,2024-06-28,4.0,3.661726951599121,0.0,11.801987648010254
G,6,1,2024-06-28,2024-07-05,6.0,4.696542263031006,0.0,12.836803436279297
G,6,1,2024-07-05,2024-07-12,12.0,6.66619873046875,0.0,14.806459426879883
G,6,1,2024-07-12,2024-07-19,9.0,8.879721641540527,0.0,17.019981384277344
G,6,1,2024-07-19,2024-07-26,16.0,10.656607627868652,0.0,18.79686737060547
G,6,1,2024-07-26,2024-08-02,20.0,13.62685489654541,1.6724367141723633,21.76711654663086
G,6,1,2024-08-02,2024-08-09,26.0,17.710195541381836,5.755777359008789,25.85045623779297
G,6,1,2024-08-09,2024-08-16,19.0,23.24976921081543,11.295351028442383,31.390029907226562
G,6,1,2024-08-16,2024-08-23,20.0,26.82648277282715,18.017822265625,34.96674346923828
G,6,1,2024-08-23,2024-08-30,22.0,30.920278549194336,27.773649215698242,39.2100830078125
G,6,1,2024-08-30,2024-09-06,16.0,32.317134857177734,28.067365646362305,40.60694122314453
G,6,1,2024-09-06,2024-09-13,36.0,32.51856231689453,25.692079544067383,40.80836486816406
G,6,1,2024-09-13,2024-09-20,27.0,31.661996841430664,22.741718292236328,39.95180130004883
G,6,1,2024-09-20,2024-09-27,25.0,32.604469299316406,16.287334442138672,40.89427185058594
G,6,1,2024-09-27,2024-10-04,32.0,31.2453556060791,14.928220748901367,39.535160064697266
G,6,1,2024-10-04,2024-10-11,22.0,25.745189666748047,9.428054809570312,34.034996032714844
G,6,1,2024-10-11,2024-10-18,20.0,23.544557571411133,7.227422714233398,31.834362030029297
G,6,1,2024-10-18,2024-10-25,19.0,25.399057388305664,9.08192253112793,33.68886184692383
G,6,1,2024-10-25,2024-11-01,30.0,23.96669578552246,7.649560928344727,32.256500244140625
G,6,1,2024-11-01,2024-11-08,19.0,20.796289443969727,4.479154586791992,29.08609390258789
G,6,1,2024-11-08,2024-11-15,15.0,19.212726593017578,2.8955917358398438,27.502531051635742
G,6,1,2024-11-15,2024-11-22,21.0,16.02516746520996,0.0,24.314971923828125
G,6,1,2024-11-22,2024-11-29,28.0,12.965238571166992,0.0,21.255043029785156
G,6,1,2024-11-29,2024-12-06,17.0,13.326471328735352,0.0,21.616275787353516
G,6,1,2024-12-06,2024-12-13,16.0,12.920553207397461,0.0,21.210357666015625
G,6,1,2024-12-13,2024-12-20,20.0,12.393548011779785,0.0,27.42831039428711
G,6,1,2024-12-20,2024-12-27,7.0,13.127676963806152,0.0,28.162437438964844
G,6,1,2024-12-27,2025-01-03,19.0,12.293597221374512,0.0,27.328357696533203
G,6,1,2025-01-03,2025-01-10,28.0,12.200939178466797,0.0,27.235700607299805
G,6,1,2025-01-10,2025-01-17,16.0,12.22742748260498,0.0,27.262187957763672
G,6,1,2025-01-17,2025-01-24,12.0,10.881684303283691,0.0,25.916446685791016
G,6,1,2025-01-24,2025-01-31,13.0,11.583995819091797,0.0,27.383056640625
G,6,1,2025-01-31,2025-02-07,12.0,12.017224311828613,0.0,27.8162841796875
G,6,1,2025-02-07,2025-02-14,17.0,11.285244941711426,0.0,27.084304809570312
G,6,1,2025-02-14,2025-02-21,26.0,11.796927452087402,0.0,27.595989227294922
G,6,1,2025-02-21,2025-02-28,15.0,13.677186012268066,0.0,29.476245880126953
G,6,1,2025-02-28,2025-03-07,11.0,14.120370864868164,0.0,29.919431686401367
G,6,1,2025-03-07,2025-03-14,12.0,13.224143028259277,0.0,29.023204803466797
G,6,1,2025-03-14,2025-03-21,5.0,11.427889823913574,0.0,27.226951599121094
G,6,1,2025-03-21,2025-03-28,5.0,9.261094093322754,0.0,25.06015396118164
G,6,1,2025-03-28,2025-04-04,5.0,7.076003551483154,0.0,22.875064849853516
G,6,1,2025-04-04,2025-04-11,7.0,5.618776321411133,0.0,21.417837142944336
G,6,1,2025-04-11,2025-04-18,3.0,5.344270706176758,0.0,21.14333152770996
G,6,1,2025-04-18,2025-04-25,5.0,4.564882278442383,0.0,20.363943099975586
G,6,1,2025-04-25,2025-05-02,2.0,3.823239326477051,0.0,19.622299194335938
G,6,1,2025-05-02,2025-05-09,6.0,3.6025383472442627,0.0,19.401599884033203
G,6,1,2025-05-09,2025-05-16,1.0,3.5598535537719727,0.0,19.35891342163086
G,6,1,2025-05-16,2025-05-23,5.0,3.0162816047668457,0.0,18.81534194946289
G,6,1,2025-05-23,2025-05-30,3.0,2.4105796813964844,0.0,18.209640502929688
G,6,1,2025-05-30,2025-06-06,3.0,2.2444379329681396,0.0,18.043498992919922
G,6,1,2025-06-06,2025-06-13,3.0,2.6042704582214355,0.0,18.403331756591797
G,6,1,2025-06-13,2025-06-20,1.0,3.788287878036499,0.0,19.58734893798828
G,6,1,2025-06-20,2025-06-27,4.0,4.448529243469238,0.0,20.247589111328125
G,6,1,2025-06-27,2025-07-04,6.0,6.377025604248047,0.0,22.17608642578125
G,6,1,2025-07-04,2025-07-11,2.0,8.927359580993652,0.0,24.726421356201172
G,6,1,2025-07-11,2025-07-18,10.0,11.95171070098877,0.0,27.750770568847656
G,6,1,2025-07-18,2025-07-25,7.0,12.37417221069336,0.0,28.173233032226562
G,6,1,2025-07-25,2025-08-01,13.0,10.141589164733887,0.0,25.940650939941406
G,6,1,2025-08-01,2025-08-08,16.0,7.633225917816162,0.0,23.432287216186523
G,6,1,2025-08-08,2025-08-15,9.0,7.857012748718262,0.0,23.65607452392578
G,6,1,2025-08-15,2025-08-22,11.0,9.187859535217285,0.0,24.986919403076172
G,6,1,2025-08-22,2025-08-29,12.0,10.397013664245605,0.0,26.196075439453125
G,6,2,2023-02-17,2023-03-03,3.0,3.939905881881714,0.0,14.508187294006348
G,6,2,2023-02-24,2023-03-10,1.0,3.1045382022857666,0.0,13.672819137573242
G,6,2,2023-03-03,2023-03-17,0.0,2.7000467777252197,0.0,13.268327713012695
G,6,2,2023-03-10,2023-03-24,3.0,2.111147165298462,0.0,12.679428100585938
G,6,2,2023-03-17,2023-03-31,4.0,2.112819194793701,0.0,11.70504379272461
G,6,2,2023-03-24,2023-04-07,5.0,2.2552778720855713,0.0,11.847501754760742
G,6,2,2023-03-31,2023-04-14,1.0,2.5802338123321533,0.0,12.172457695007324
G,6,2,2023-04-07,2023-04-21,2.0,2.851588010787964,0.0,12.443812370300293
G,6,2,2023-04-14,2023-04-28,1.0,2.589583396911621,0.0,12.181807518005371
G,6,2,2023-04-21,2023-05-05,2.0,2.500667095184326,0.0,12.092891693115234
G,6,2,2023-04-28,2023-05-12,2.0,2.3854851722717285,0.0,11.97770881652832
G,6,2,2023-05-05,2023-05-19,2.0,2.8214192390441895,0.0,12.413642883300781
G,6,2,2023-05-12,2023-05-26,2.0,4.542677879333496,0.0,14.134902000427246
G,6,2,2023-05-19,2023-06-02,6.0,7.238663673400879,0.0,16.830886840820312
G,6,2,2023-05-26,2023-06-09,6.0,6.536011695861816,0.0,16.12823486328125
G,6,2,2023-06-02,2023-06-16,6.0,6.958130836486816,0.0,16.55035400390625
G,6,2,2023-06-09,2023-06-23,8.0,7.370056629180908,0.0,16.9622802734375
G,6,2,2023-06-16,2023-06-30,10.0,6.447046279907227,0.0,15.297204971313477
G,6,2,2023-06-23,2023-07-07,3.0,6.8678083419799805,0.0,15.71796703338623
G,6,2,2023-06-30,2023-07-14,5.0,8.524203300476074,0.0,14.553895950317383
G,6,2,2023-07-07,2023-07-21,4.0,10.175643920898438,0.0,16.205337524414062
G,6,2,2023-07-14,2023-07-28,10.0,11.936712265014648,0.0,17.96640396118164
G,6,2,2023-07-21,2023-08-04,5.0,13.84068775177002,0.0,19.870380401611328
G,6,2,2023-07-28,2023-08-11,8.0,16.656232833862305,2.076549530029297,22.685924530029297
G,6,2,2023-08-04,2023-08-18,14.0,15.684952735900879,2.9312925338745117,21.714645385742188
G,6,2,2023-08-11,2023-08-25,13.0,11.525768280029297,0.0,17.555461883544922
G,6,2,2023-08-18,2023-09-01,10.0,9.97061824798584,0.0,16.00031089782715
G,6,2,2023-08-25,2023-09-08,10.0,8.571276664733887,0.0,14.600969314575195
G,6,2,2023-09-01,2023-09-15,10.0,10.384081840515137,0.0,16.413774490356445
G,6,2,2023-09-08,2023-09-22,14.0,8.756691932678223,0.0,14.786384582519531
G,6,2,2023-09-15,2023-09-29,8.0,9.038294792175293,0.19760704040527344,15.067987442016602
G,6,2,2023-09-22,2023-10-06,10.0,10.349519729614258,1.5088319778442383,16.37921142578125
G,6,2,2023-09-29,2023-10-13,11.0,10.936905860900879,2.0962181091308594,14.489859580993652
G,6,2,2023-10-06,2023-10-20,11.0,8.861804962158203,0.021117210388183594,14.10511302947998
G,6,2,2023-10-13,2023-10-27,8.0,7.2220001220703125,0.0,12.46530818939209
G,6,2,2023-10-20,2023-11-03,14.0,5.823023796081543,0.0,11.06633186340332
G,6,2,2023-10-27,2023-11-10,6.0,4.777256011962891,0.0,10.020564079284668
G,6,2,2023-11-03,2023-11-17,6.0,4.685415267944336,0.0,9.928723335266113
G,6,2,2023-11-10,2023-11-24,6.0,4.814393997192383,0.0,10.05770206451416
G,6,2,2023-11-17,2023-12-01,3.0,4.438320159912109,0.0,12.615296363830566
G,6,2,2023-11-24,2023-12-08,9.0,3.7888829708099365,0.0,11.965859413146973
G,6,2,2023-12-01,2023-12-15,7.0,3.4778919219970703,0.0,11.654868125915527
G,6,2,2023-12-08,2023-12-22,5.0,3.5483345985412598,0.0,11.725311279296875
G,6,2,2023-12-15,2023-12-29,1.0,3.761246919631958,0.0,11.938222885131836
G,6,2,2023-12-22,2024-01-05,2.0,3.7915685176849365,0.0,11.968544960021973
G,6,2,2023-12-29,2024-01-12,6.0,4.628866195678711,0.0,12.805842399597168
G,6,2,2024-01-05,2024-01-19,4.0,3.7365026473999023,0.0,11.91347885131836
G,6,2,2024-01-12,2024-01-26,5.0,2.9420509338378906,0.0,11.119027137756348
G,6,2,2024-01-19,2024-02-02,4.0,2.8107004165649414,0.0,10.987676620483398
G,6,2,2024-01-26,2024-02-09,1.0,2.708463668823242,0.0,10.8854398727417
G,6,2,2024-02-02,2024-02-16,7.0,3.036731004714966,0.0,11.213706970214844
G,6,2,2024-02-09,2024-02-23,5.0,2.419212818145752,0.0,10.596189498901367
G,6,2,2024-02-16,2024-03-01,3.0,1.9908678531646729,0.0,10.16784381866455
G,6,2,2024-02-23,2024-03-08,3.0,1.6471364498138428,0.0,9.824112892150879
G,6,2,2024-03-01,2024-03-15,3.0,1.6920369863510132,0.0,9.869012832641602
G,6,2,2024-03-08,2024-03-22,2.0,1.3080685138702393,0.0,9.485044479370117
G,6,2,2024-03-15,2024-03-29,1.0,1.1737473011016846,0.0,9.350723266601562
G,6,2,2024-03-22,2024-04-05,5.0,1.1345244646072388,0.0,9.311500549316406
G,6,2,2024-03-29,2024-04-12,4.0,0.9504265785217285,0.0,9.127403259277344
G,6,2,2024-04-05,2024-04-19,3.0,0.7632118463516235,0.0,8.94018840789795
G,6,2,2024-04-12,2024-04-26,4.0,0.9227449893951416,0.0,9.09972095489502
G,6,2,2024-04-19,2024-05-03,3.0,0.4393654465675354,0.0,8.616341590881348
G,6,2,2024-04-26,2024-05-10,1.0,0.4108414649963379,0.0,8.587818145751953
G,6,2,2024-05-03,2024-05-17,1.0,0.4541666507720947,0.0,8.631142616271973
G,6,2,2024-05-10,2024-05-24,4.0,0.631331741809845,0.0,8.808307647705078
G,6,2,2024-05-17,2024-05-31,0.0,0.9446622133255005,0.0,9.121638298034668
G,6,2,2024-05-24,2024-06-07,3.0,1.1053706407546997,0.0,9.282346725463867
G,6,2,2024-05-31,2024-06-14,0.0,1.3957149982452393,0.0,9.572690963745117
G,6,2,2024-06-07,2024-06-21,3.0,2.200913190841675,0.0,10.377889633178711
G,6,2,2024-06-14,2024-06-28,4.0,3.060577392578125,0.0,11.237553596496582
G,6,2,2024-06-21,2024-07-05,6.0,3.715407133102417,0.0,11.892383575439453
G,6,2,2024-06-28,2024-07-12,12.0,4.872851371765137,0.0,13.049827575683594
G,6,2,2024-07-05,2024-07-19,9.0,7.093839168548584,0.0,15.270814895629883
G,6,2,2024-07-12,2024-07-26,16.0,9.62587833404541,0.7851905822753906,17.802854537963867
G,6,2,2024-07-19,2024-08-02,20.0,10.8298921585083,1.9892044067382812,19.006868362426758
G,6,2,2024-07-26,2024-08-09,26.0,14.497200012207031,5.656512260437012,22.674175262451172
G,6,2,2024-08-02,2024-08-16,19.0,20.069555282592773,11.228867530822754,28.246532440185547
G,6,2,2024-08-09,2024-08-23,20.0,26.771547317504883,17.930858612060547,34.948524475097656
G,6,2,2024-08-16,2024-08-30,22.0,29.773208618164062,21.116975784301758,38.94331741333008
G,6,2,2024-08-23,2024-09-06,16.0,32.1483154296875,29.387067794799805,43.65111541748047
G,6,2,2024-08-30,2024-09-13,36.0,32.81195068359375,30.050703048706055,44.31475067138672
G,6,2,2024-09-06,2024-09-20,27.0,32.690372467041016,25.918825149536133,44.193172454833984
G,6,2,2024-09-13,2024-09-27,25.0,30.55961036682129,22.786401748657227,42.062408447265625
G,6,2,2024-09-20,2024-10-04,32.0,32.83855438232422,16.69023895263672,44.34135437011719
G,6,2,2024-09-27,2024-10-11,22.0,31.058090209960938,14.909774780273438,42.560890197753906
G,6,2,2024-10-04,2024-10-18,20.0,22.23631477355957,6.08799934387207,33.739112854003906
G,6,2,2024-10-11,2024-10-25,19.0,19.295299530029297,3.146984100341797,30.798099517822266
G,6,2,2024-10-18,2024-11-01,30.0,20.86591148376465,4.717596054077148,32.36871337890625
G,6,2,2024-10-25,2024-11-08,19.0,19.268030166625977,3.1197147369384766,30.770830154418945
G,6,2,2024-11-01,2024-11-15,15.0,16.58728790283203,0.43897247314453125,28.090087890625
G,6,2,2024-11-08,2024-11-22,21.0,15.63010311126709,0.0,27.132904052734375
G,6,2,2024-11-15,2024-11-29,28.0,13.734225273132324,0.0,25.23702621459961
G,6,2,2024-11-22,2024-12-06,17.0,11.638988494873047,0.0,23.141788482666016
G,6,2,2024-11-29,2024-12-13,16.0,12.333142280578613,0.0,23.835941314697266
G,6,2,2024-12-06,2024-12-20,20.0,12.63549518585205,0.0,24.138294219970703
G,6,2,2024-12-13,2024-12-27,7.0,11.905251502990723,0.0,26.1710262298584
G,6,2,2024-12-20,2025-01-03,19.0,12.674137115478516,0.0,26.939910888671875
G,6,2,2024-12-27,2025-01-10,28.0,12.069844245910645,0.0,26.33561897277832
G,6,2,2025-01-03,2025-01-17,16.0,11.949936866760254,0.0,26.21571159362793
G,6,2,2025-01-10,2025-01-24,12.0,12.367977142333984,0.0,26.633750915527344
G,6,2,2025-01-17,2025-01-31,13.0,11.31856918334961,0.0,25.58434295654297
G,6,2,2025-01-24,2025-02-07,12.0,12.080342292785645,0.0,28.010498046875
G,6,2,2025-01-31,2025-02-14,17.0,12.637131690979004,0.0,28.56728744506836
G,6,2,2025-02-07,2025-02-21,26.0,11.966779708862305,0.0,27.896934509277344
G,6,2,2025-02-14,2025-02-28,15.0,12.550898551940918,0.0,28.481054306030273
G,6,2,2025-02-21,2025-03-07,11.0,14.319275856018066,0.0,30.249431610107422
G,6,2,2025-02-28,2025-03-14,12.0,15.104881286621094,0.0,31.035037994384766
G,6,2,2025-03-07,2025-03-21,5.0,14.122889518737793,0.0,30.05304527282715
G,6,2,2025-03-14,2025-03-28,5.0,12.15541934967041,0.0,28.085575103759766
G,6,2,2025-03-21,2025-04-04,5.0,9.676363945007324,0.0,25.60651969909668
G,6,2,2025-03-28,2025-04-11,7.0,7.618654251098633,0.0,23.548809051513672
G,6,2,2025-04-04,2025-04-18,3.0,6.278359889984131,0.0,22.208515167236328
G,6,2,2025-04-11,2025-04-25,5.0,6.247438430786133,0.0,22.177593231201172
G,6,2,2025-04-18,2025-05-02,2.0,5.3040266036987305,0.0,21.234182357788086
G,6,2,2025-04-25,2025-05-09,6.0,4.340696811676025,0.0,20.27085304260254
G,6,2,2025-05-02,2025-05-16,1.0,4.063429832458496,0.0,19.99358558654785
G,6,2,2025-05-09,2025-05-23,5.0,4.073333740234375,0.0,20.003490447998047
G,6,2,2025-05-16,2025-05-30,3.0,3.3304431438446045,0.0,19.26059913635254
G,6,2,2025-05-23,2025-06-06,3.0,2.5669236183166504,0.0,18.497079849243164
G,6,2,2025-05-30,2025-06-13,3.0,2.459582805633545,0.0,18.389738082885742
G,6,2,2025-06-06,2025-06-20,1.0,2.99214506149292,0.0,18.922300338745117
G,6,2,2025-06-13,2025-06-27,4.0,4.494855880737305,0.0,20.425010681152344
G,6,2,2025-06-20,2025-07-04,6.0,5.18048095703125,0.0,21.110637664794922
G,6,2,2025-06-27,2025-07-11,2.0,7.238084316253662,0.0,23.16823959350586
G,6,2,2025-07-04,2025-07-18,10.0,9.952347755432129,0.0,25.882503509521484
G,6,2,2025-07-11,2025-07-25,7.0,13.653088569641113,0.0,29.58324432373047
G,6,2,2025-07-18,2025-08-01,13.0,14.428318977355957,0.0,30.358474731445312
G,6,2,2025-07-25,2025-08-08,16.0,11.47333812713623,0.0,27.403493881225586
G,6,2,2025-08-01,2025-08-15,9.0,7.934775352478027,0.0,23.864931106567383
G,6,2,2025-08-08,2025-08-22,11.0,8.179247856140137,0.0,24.109403610229492
G,6,2,2025-08-15,2025-08-29,12.0,9.112517356872559,0.0,25.042673110961914
G,6,2,2025-08-22,2025-09-05,,10.539795875549316,0.0,26.469951629638672
G,6,4,2023-02-17,2023-03-17,0.0,3.0289905071258545,0.0,14.700634956359863
G,6,4,2023-02-24,2023-03-24,3.0,2.3081257343292236,0.0,13.979769706726074
G,6,4,2023-03-03,2023-03-31,4.0,1.9853830337524414,0.0,13.657027244567871
G,6,4,2023-03-10,2023-04-07,5.0,1.5783566236495972,0.0,13.250000953674316
G,6,4,2023-03-17,2023-04-14,1.0,1.6567538976669312,0.0,13.328397750854492
G,6,4,2023-03-24,2023-04-21,2.0,1.9941526651382446,0.0,13.665797233581543
G,6,4,2023-03-31,2023-04-28,1.0,2.5268301963806152,0.0,14.198474884033203
G,6,4,2023-04-07,2023-05-05,2.0,2.92828106880188,0.0,14.59992504119873
G,6,4,2023-04-14,2023-05-12,2.0,2.9839437007904053,0.0,14.655588150024414
G,6,4,2023-04-21,2023-05-19,2.0,3.275501251220703,0.0,14.947145462036133
G,6,4,2023-04-28,2023-05-26,2.0,3.418332815170288,0.0,15.089977264404297
G,6,4,2023-05-05,2023-06-02,6.0,4.390710830688477,0.0,16.062355041503906
G,6,4,2023-05-12,2023-06-09,6.0,7.542624473571777,0.0,19.21426773071289
G,6,4,2023-05-19,2023-06-16,6.0,11.241766929626465,0.0,22.913410186767578
G,6,4,2023-05-26,2023-06-23,8.0,8.774399757385254,0.0,20.446044921875
G,6,4,2023-06-02,2023-06-30,10.0,9.26086711883545,0.0,20.932510375976562
G,6,4,2023-06-09,2023-07-07,3.0,8.509498596191406,0.0,20.181142807006836
G,6,4,2023-06-16,2023-07-14,5.0,7.675716400146484,0.0,19.347360610961914
G,6,4,2023-06-23,2023-07-21,4.0,9.0056791305542,0.0,20.677322387695312
G,6,4,2023-06-30,2023-07-28,10.0,12.505927085876465,0.0,18.78700828552246
G,6,4,2023-07-07,2023-08-04,5.0,13.860095977783203,0.0,18.587661743164062
G,6,4,2023-07-14,2023-08-11,8.0,13.55715274810791,0.0,18.284719467163086
G,6,4,2023-07-21,2023-08-18,14.0,15.183246612548828,0.0,19.910812377929688
G,6,4,2023-07-28,2023-08-25,13.0,17.628007888793945,0.4737739562988281,22.355575561523438
G,6,4,2023-08-04,2023-09-01,10.0,14.80285930633545,0.006625175476074219,19.530426025390625
G,6,4,2023-08-11,2023-09-08,10.0,9.5845308303833,0.0,14.312097549438477
G,6,4,2023-08-18,2023-09-15,10.0,8.251408576965332,0.0,12.978975296020508
G,6,4,2023-08-25,2023-09-22,14.0,7.6643548011779785,0.0,12.391921997070312
G,6,4,2023-09-01,2023-09-29,8.0,9.363252639770508,0.0,14.090819358825684
G,6,4,2023-09-08,2023-10-06,10.0,8.046852111816406,0.0,12.774418830871582
G,6,4,2023-09-15,2023-10-13,11.0,8.594831466674805,0.0,13.32239818572998
G,6,4,2023-09-22,2023-10-20,11.0,9.312851905822754,0.4527559280395508,14.04041862487793
G,6,4,2023-09-29,2023-10-27,8.0,9.342103004455566,0.4820070266723633,13.316625595092773
G,6,4,2023-10-06,2023-11-03,14.0,7.2099103927612305,0.0,13.545555114746094
G,6,4,2023-10-13,2023-11-10,6.0,5.620213985443115,0.0,11.955859184265137
G,6,4,2023-10-20,2023-11-17,6.0,4.268204689025879,0.0,10.603849411010742
G,6,4,2023-10-27,2023-11-24,6.0,3.6391992568969727,0.0,9.974843978881836
G,6,4,2023-11-03,2023-12-01,3.0,4.346585750579834,0.0,10.682230949401855
G,6,4,2023-11-10,2023-12-08,9.0,4.738857746124268,0.0,11.074502944946289
G,6,4,2023-11-17,2023-12-15,7.0,4.1687211990356445,0.0,10.958810806274414
G,6,4,2023-11-24,2023-12-22,5.0,3.487783908843994,0.0,10.277873992919922
G,6,4,2023-12-01,2023-12-29,1.0,3.4534287452697754,0.0,10.243518829345703
G,6,4,2023-12-08,2024-01-05,2.0,3.782921314239502,0.0,10.57301139831543
G,6,4,2023-12-15,2024-01-12,6.0,4.187260627746582,0.0,10.977350234985352
G,6,4,2023-12-22,2024-01-19,4.0,3.90204119682312,0.0,10.692131042480469
G,6,4,2023-12-29,2024-01-26,5.0,4.768104076385498,0.0,11.55819320678711
G,6,4,2024-01-05,2024-02-02,4.0,3.532777786254883,0.0,10.322867393493652
G,6,4,2024-01-12,2024-02-09,1.0,2.5321006774902344,0.0,9.322190284729004
G,6,4,2024-01-19,2024-02-16,7.0,2.3973164558410645,0.0,9.187406539916992
G,6,4,2024-01-26,2024-02-23,5.0,2.130974769592285,0.0,8.921064376831055
G,6,4,2024-02-02,2024-03-01,3.0,2.480598211288452,0.0,9.2706880569458
G,6,4,2024-02-09,2024-03-08,3.0,1.8881983757019043,0.0,8.678287506103516
G,6,4,2024-02-16,2024-03-15,3.0,1.5927902460098267,0.0,8.382880210876465
G,6,4,2024-02-23,2024-03-22,2.0,1.2913631200790405,0.0,8.081452369689941
G,6,4,2024-03-01,2024-03-29,1.0,1.5207653045654297,0.0,8.3108549118042
G,6,4,2024-03-08,2024-04-05,5.0,1.2133759260177612,0.0,8.00346565246582
G,6,4,2024-03-15,2024-04-12,4.0,1.2443790435791016,0.0,8.034468650817871
G,6,4,2024-03-22,2024-04-19,3.0,1.3303848505020142,0.0,8.120474815368652
G,6,4,2024-03-29,2024-04-26,4.0,1.1751365661621094,0.0,7.965226173400879
G,6,4,2024-04-05,2024-05-03,3.0,1.0826282501220703,0.0,7.87271785736084
G,6,4,2024-04-12,2024-05-10,1.0,1.3827323913574219,0.0,8.172821998596191
G,6,4,2024-04-19,2024-05-17,1.0,0.7863293886184692,0.0,7.576418876647949
G,6,4,2024-04-26,2024-05-24,4.0,0.8619440793991089,0.0,7.652033805847168
G,6,4,2024-05-03,2024-05-31,0.0,0.9885934591293335,0.0,7.778683185577393
G,6,4,2024-05-10,2024-06-07,3.0,1.245341181755066,0.0,8.035430908203125
G,6,4,2024-05-17,2024-06-14,0.0,1.6427420377731323,0.0,8.432831764221191
G,6,4,2024-05-24,2024-06-21,3.0,1.751798152923584,0.0,8.541887283325195
G,6,4,2024-05-31,2024-06-28,4.0,2.1850814819335938,0.0,8.975171089172363
G,6,4,2024-06-07,2024-07-05,6.0,3.1007838249206543,0.0,9.890872955322266
G,6,4,2024-06-14,2024-07-12,12.0,3.6795754432678223,0.0,10.46966552734375
G,6,4,2024-06-21,2024-07-19,9.0,4.2338409423828125,0.0,11.023930549621582
G,6,4,2024-06-28,2024-07-26,16.0,5.9108734130859375,0.0,12.700963020324707
G,6,4,2024-07-05,2024-08-02,20.0,8.773364067077637,0.0,15.563453674316406
G,6,4,2024-07-12,2024-08-09,26.0,12.13154125213623,3.2714452743530273,18.921630859375
G,6,4,2024-07-19,2024-08-16,19.0,13.140717506408691,4.280621528625488,19.93080711364746
G,6,4,2024-07-26,2024-08-23,20.0,20.06666374206543,11.206567764282227,28.387088775634766
G,6,4,2024-08-02,2024-08-30,22.0,27.261423110961914,18.40132713317871,35.58184814453125
G,6,4,2024-08-09,2024-09-06,16.0,29.679292678833008,20.819196701049805,39.76841735839844
G,6,4,2024-08-16,2024-09-13,36.0,30.84317970275879,25.286026000976562,42.06981658935547
G,6,4,2024-08-23,2024-09-20,27.0,29.574506759643555,24.771648406982422,43.44296646118164
G,6,4,2024-08-30,2024-09-27,25.0,29.36946678161621,24.566608428955078,43.2379264831543
G,6,4,2024-09-06,2024-10-04,32.0,26.524660110473633,21.7218017578125,40.39311981201172
G,6,4,2024-09-13,2024-10-11,22.0,21.53924560546875,16.277822494506836,35.4077033996582
G,6,4,2024-09-20,2024-10-18,20.0,28.842016220092773,15.162723541259766,42.71047592163086
G,6,4,2024-09-27,2024-10-25,19.0,23.72399139404297,10.044698715209961,37.59244918823242
G,6,4,2024-10-04,2024-11-01,30.0,16.95102310180664,3.271730422973633,30.819480895996094
G,6,4,2024-10-11,2024-11-08,19.0,15.025622367858887,1.346329689025879,28.894081115722656
G,6,4,2024-10-18,2024-11-15,15.0,15.40002155303955,1.720728874206543,29.26848030090332
G,6,4,2024-10-25,2024-11-22,21.0,14.284476280212402,0.6051836013793945,28.152935028076172
G,6,4,2024-11-01,2024-11-29,28.0,12.810091972351074,0.0,26.678550720214844
G,6,4,2024-11-08,2024-12-06,17.0,12.693734169006348,0.0,26.562192916870117
G,6,4,2024-11-15,2024-12-13,16.0,11.589930534362793,0.0,25.458389282226562
G,6,4,2024-11-22,2024-12-20,20.0,10.220463752746582,0.0,24.08892250061035
G,6,4,2024-11-29,2024-12-27,7.0,11.2493896484375,0.0,25.117847442626953
G,6,4,2024-12-06,2025-01-03,19.0,12.039090156555176,0.0,25.907548904418945
G,6,4,2024-12-13,2025-01-10,28.0,11.341625213623047,0.0,26.531532287597656
G,6,4,2024-12-20,2025-01-17,16.0,12.086409568786621,0.0,27.276317596435547
G,6,4,2024-12-27,2025-01-24,12.0,11.744338035583496,0.0,26.934246063232422
G,6,4,2025-01-03,2025-01-31,13.0,11.63914966583252,0.0,26.829057693481445
G,6,4,2025-01-10,2025-02-07,12.0,12.34060001373291,0.0,27.530508041381836
G,6,4,2025-01-17,2025-02-14,17.0,11.641081809997559,0.0,26.830989837646484
G,6,4,2025-01-24,2025-02-21,26.0,12.237198829650879,0.0,28.895572662353516
G,6,4,2025-01-31,2025-02-28,15.0,12.501948356628418,0.0,29.160324096679688
G,6,4,2025-02-07,2025-03-07,11.0,11.79693603515625,0.0,28.455310821533203
G,6,4,2025-02-14,2025-03-14,12.0,12.23768424987793,0.0,28.896059036254883
G,6,4,2025-02-21,2025-03-21,5.0,13.685954093933105,0.006661415100097656,30.344329833984375
G,6,4,2025-02-28,2025-03-28,5.0,14.817000389099121,1.1377077102661133,31.47537612915039
G,6,4,2025-03-07,2025-04-04,5.0,13.932780265808105,0.25348758697509766,30.591156005859375
G,6,4,2025-03-14,2025-04-11,7.0,12.537439346313477,0.0,29.19581413269043
G,6,4,2025-03-21,2025-04-18,3.0,10.670920372009277,0.0,27.329296112060547
G,6,4,2025-03-28,2025-04-25,5.0,9.288592338562012,0.0,25.94696807861328
G,6,4,2025-04-04,2025-05-02,2.0,8.434287071228027,0.0,25.092662811279297
G,6,4,2025-04-11,2025-05-09,6.0,9.104543685913086,0.0,25.76291847229004
G,6,4,2025-04-18,2025-05-16,1.0,7.878633499145508,0.0,24.53700828552246
G,6,4,2025-04-25,2025-05-23,5.0,6.525182723999023,0.0,23.183557510375977
G,6,4,2025-05-02,2025-05-30,3.0,6.093798637390137,0.0,22.752174377441406
G,6,4,2025-05-09,2025-06-06,3.0,6.297669410705566,0.0,22.956043243408203
G,6,4,2025-05-16,2025-06-13,3.0,5.038480758666992,0.0,21.696855545043945
G,6,4,2025-05-23,2025-06-20,1.0,3.766432762145996,0.0,20.424808502197266
G,6,4,2025-05-30,2025-06-27,4.0,3.7755117416381836,0.0,20.433887481689453
G,6,4,2025-06-06,2025-07-04,6.0,4.763853073120117,0.0,21.42222785949707
G,6,4,2025-06-13,2025-07-11,2.0,7.029876708984375,0.0,23.688251495361328
G,6,4,2025-06-20,2025-07-18,10.0,7.3996381759643555,0.0,24.058013916015625
G,6,4,2025-06-27,2025-07-25,7.0,9.021855354309082,0.0,25.68022918701172
G,6,4,2025-07-04,2025-08-01,13.0,11.53355884552002,0.0,28.191932678222656
G,6,4,2025-07-11,2025-08-08,16.0,17.341447830200195,3.6621551513671875,33.99982452392578
G,6,4,2025-07-18,2025-08-15,9.0,18.7768497467041,5.097557067871094,35.43522644042969
G,6,4,2025-07-25,2025-08-22,11.0,13.307551383972168,0.0,29.965927124023438
G,6,4,2025-08-01,2025-08-29,12.0,8.185540199279785,0.0,24.843914031982422
G,6,4,2025-08-08,2025-09-05,,7.8090009689331055,0.0,24.467376708984375
G,6,4,2025-08-15,2025-09-12,,7.964876174926758,0.0,24.62325096130371
G,6,4,2025-08-22,2025-09-19,,9.27062702178955,0.0,25.929000854492188
G,6,8,2023-02-17,2023-04-14,1.0,1.759915828704834,0.0,17.726011276245117
G,6,8,2023-02-24,2023-04-21,2.0,1.5117987394332886,0.0,17.477893829345703
G,6,8,2023-03-03,2023-04-28,1.0,1.404158592224121,0.0,17.370254516601562
G,6,8,2023-03-10,2023-05-05,2.0,1.368067979812622,0.0,17.334163665771484
G,6,8,2023-03-17,2023-05-12,2.0,1.562825083732605,0.0,17.528919219970703
G,6,8,2023-03-24,2023-05-19,2.0,2.142305612564087,0.0,18.108400344848633
G,6,8,2023-03-31,2023-05-26,2.0,3.0173933506011963,0.0,18.983488082885742
G,6,8,2023-04-07,2023-06-02,6.0,3.6062262058258057,0.0,19.57232093811035
G,6,8,2023-04-14,2023-06-09,6.0,4.800461292266846,0.0,20.766555786132812
G,6,8,2023-04-21,2023-06-16,6.0,7.040305137634277,0.0,23.00640106201172
G,6,8,2023-04-28,2023-06-23,8.0,8.71989917755127,0.0,24.685993194580078
G,6,8,2023-05-05,2023-06-30,10.0,12.22475528717041,0.0,28.19084930419922
G,6,8,2023-05-12,2023-07-07,3.0,21.508535385131836,0.0,37.474632263183594
G,6,8,2023-05-19,2023-07-14,5.0,28.7423038482666,5.522649765014648,44.708396911621094
G,6,8,2023-05-26,2023-07-21,4.0,23.582857131958008,0.3632030487060547,39.5489501953125
G,6,8,2023-06-02,2023-07-28,10.0,24.004358291625977,0.7847042083740234,39.97045135498047
G,6,8,2023-06-09,2023-08-04,5.0,21.372426986694336,0.0,37.338523864746094
G,6,8,2023-06-16,2023-08-11,8.0,18.085599899291992,0.0,34.05169677734375
G,6,8,2023-06-23,2023-08-18,14.0,25.535913467407227,2.3162593841552734,41.50200653076172
G,6,8,2023-06-30,2023-08-25,13.0,32.62311553955078,9.403461456298828,48.589210510253906
G,6,8,2023-07-07,2023-09-01,10.0,32.47251892089844,9.252864837646484,48.43861389160156
G,6,8,2023-07-14,2023-09-08,10.0,25.7637996673584,2.5441455841064453,41.729896545410156
G,6,8,2023-07-21,2023-09-15,10.0,23.834440231323242,0.6147861480712891,34.817928314208984
G,6,8,2023-07-28,2023-09-22,14.0,16.61384391784668,0.0,19.95147132873535
G,6,8,2023-08-04,2023-09-29,8.0,12.3186674118042,0.0,15.656294822692871
G,6,8,2023-08-11,2023-10-06,10.0,6.82934045791626,0.0,10.16696834564209
G,6,8,2023-08-18,2023-10-13,11.0,6.2625274658203125,0.0,9.600154876708984
G,6,8,2023-08-25,2023-10-20,11.0,6.85089111328125,0.0,10.188518524169922
G,6,8,2023-09-01,2023-10-27,8.0,7.527834892272949,0.0,10.865462303161621
G,6,8,2023-09-08,2023-11-03,14.0,6.766831398010254,0.0,10.104458808898926
G,6,8,2023-09-15,2023-11-10,6.0,7.789607524871826,0.0,11.127235412597656
G,6,8,2023-09-22,2023-11-17,6.0,7.603550434112549,0.0,10.941178321838379
G,6,8,2023-09-29,2023-11-24,6.0,6.762278079986572,0.0,10.099905967712402
G,6,8,2023-10-06,2023-12-01,3.0,5.859285354614258,0.0,9.19691276550293
G,6,8,2023-10-13,2023-12-08,9.0,5.356358051300049,0.0,8.693985939025879
G,6,8,2023-10-20,2023-12-15,7.0,3.890258312225342,0.0,7.227886199951172
G,6,8,2023-10-27,2023-12-22,5.0,3.6046643257141113,0.0,8.34213638305664
G,6,8,2023-11-03,2023-12-29,1.0,5.716379642486572,0.0,10.453851699829102
G,6,8,2023-11-10,2024-01-05,2.0,6.228943347930908,0.0,10.966415405273438
G,6,8,2023-11-17,2024-01-12,6.0,5.147538661956787,0.0,12.380706787109375
G,6,8,2023-11-24,2024-01-19,4.0,4.274794578552246,0.0,11.507963180541992
G,6,8,2023-12-01,2024-01-26,5.0,4.668347358703613,0.0,11.90151596069336
G,6,8,2023-12-08,2024-02-02,4.0,5.195402145385742,0.0,12.428570747375488
G,6,8,2023-12-15,2024-02-09,1.0,5.783137798309326,0.0,13.016305923461914
G,6,8,2023-12-22,2024-02-16,7.0,4.397351264953613,0.0,11.63051986694336
G,6,8,2023-12-29,2024-02-23,5.0,4.936443328857422,0.0,12.169611930847168
G,6,8,2024-01-05,2024-03-01,3.0,3.407327651977539,0.0,10.640496253967285
G,6,8,2024-01-12,2024-03-08,3.0,2.2147698402404785,0.0,9.447938919067383
G,6,8,2024-01-19,2024-03-15,3.0,2.032474994659424,0.0,9.265644073486328
G,6,8,2024-01-26,2024-03-22,2.0,1.6168670654296875,0.0,8.850035667419434
G,6,8,2024-02-02,2024-03-29,1.0,1.9161396026611328,0.0,9.149308204650879
G,6,8,2024-02-09,2024-04-05,5.0,1.6125237941741943,0.0,8.84569263458252
G,6,8,2024-02-16,2024-04-12,4.0,1.5794107913970947,0.0,8.812579154968262
G,6,8,2024-02-23,2024-04-19,3.0,1.4675967693328857,0.0,8.700765609741211
G,6,8,2024-03-01,2024-04-26,4.0,1.9182558059692383,0.0,9.151424407958984
G,6,8,2024-03-08,2024-05-03,3.0,1.7512805461883545,0.0,8.98444938659668
G,6,8,2024-03-15,2024-05-10,1.0,2.0493879318237305,0.0,9.282556533813477
G,6,8,2024-03-22,2024-05-17,1.0,2.390455722808838,0.0,9.623624801635742
G,6,8,2024-03-29,2024-05-24,4.0,2.2058351039886475,0.0,9.439003944396973
G,6,8,2024-04-05,2024-05-31,0.0,2.261744499206543,0.0,9.494913101196289
G,6,8,2024-04-12,2024-06-07,3.0,2.9911081790924072,0.0,10.224276542663574
G,6,8,2024-04-19,2024-06-14,0.0,1.9623225927352905,0.0,9.195490837097168
G,6,8,2024-04-26,2024-06-21,3.0,2.250471591949463,0.0,9.483640670776367
G,6,8,2024-05-03,2024-06-28,4.0,2.623654365539551,0.0,9.856822967529297
G,6,8,2024-05-10,2024-07-05,6.0,3.2870819568634033,0.0,10.52025032043457
G,6,8,2024-05-17,2024-07-12,12.0,4.345938205718994,0.0,11.579107284545898
G,6,8,2024-05-24,2024-07-19,9.0,4.363102912902832,0.0,11.596271514892578
G,6,8,2024-05-31,2024-07-26,16.0,5.5025634765625,0.0,12.735732078552246
G,6,8,2024-06-07,2024-08-02,20.0,6.46649169921875,0.0,13.699660301208496
G,6,8,2024-06-14,2024-08-09,26.0,6.184528350830078,0.0,13.417696952819824
G,6,8,2024-06-21,2024-08-16,19.0,6.918517589569092,0.0,14.15168571472168
G,6,8,2024-06-28,2024-08-23,20.0,10.583209037780762,0.0,17.816377639770508
G,6,8,2024-07-05,2024-08-30,22.0,17.080984115600586,0.0,24.314151763916016
G,6,8,2024-07-12,2024-09-06,16.0,27.620332717895508,3.8780288696289062,34.85350036621094
G,6,8,2024-07-19,2024-09-13,36.0,23.28099250793457,0.0,30.51416015625
G,6,8,2024-07-26,2024-09-20,27.0,20.624881744384766,0.0,28.27894401550293
G,6,8,2024-08-02,2024-09-27,25.0,19.09797477722168,0.0,26.752037048339844
G,6,8,2024-08-09,2024-10-04,32.0,17.418745040893555,0.0,27.916181564331055
G,6,8,2024-08-16,2024-10-11,22.0,17.62704849243164,0.0,31.16055679321289
G,6,8,2024-08-23,2024-10-18,20.0,16.030723571777344,0.0,35.846195220947266
G,6,8,2024-08-30,2024-10-25,19.0,15.805983543395996,0.0,35.621456146240234
G,6,8,2024-09-06,2024-11-01,30.0,14.634298324584961,0.0,34.44976806640625
G,6,8,2024-09-13,2024-11-08,19.0,12.508203506469727,0.0,32.32367706298828
G,6,8,2024-09-20,2024-11-15,15.0,16.166645050048828,2.332204818725586,35.98211669921875
G,6,8,2024-09-27,2024-11-22,21.0,15.112275123596191,3.4919424057006836,34.9277458190918
G,6,8,2024-10-04,2024-11-29,28.0,12.893896102905273,1.2735633850097656,32.70936584472656
G,6,8,2024-10-11,2024-12-06,17.0,10.473407745361328,0.0,30.28887939453125
G,6,8,2024-10-18,2024-12-13,16.0,10.596035957336426,0.0,30.41150665283203
G,6,8,2024-10-25,2024-12-20,20.0,9.593396186828613,0.0,29.40886688232422
G,6,8,2024-11-01,2024-12-27,7.0,8.841509819030762,0.0,28.656982421875
G,6,8,2024-11-08,2025-01-03,19.0,10.178122520446777,0.0,29.993595123291016
G,6,8,2024-11-15,2025-01-10,28.0,9.829066276550293,0.0,29.64453887939453
G,6,8,2024-11-22,2025-01-17,16.0,8.96625804901123,0.0,28.78173065185547
G,6,8,2024-11-29,2025-01-24,12.0,10.705845832824707,0.0,30.521316528320312
G,6,8,2024-12-06,2025-01-31,13.0,10.881628036499023,0.0,30.697099685668945
G,6,8,2024-12-13,2025-02-07,12.0,10.229355812072754,0.0,30.04482650756836
G,6,8,2024-12-20,2025-02-14,17.0,10.941302299499512,0.0,30.75677490234375
G,6,8,2024-12-27,2025-02-21,26.0,10.764876365661621,0.0,30.58034896850586
G,6,8,2025-01-03,2025-02-28,15.0,10.562150001525879,0.0,30.377620697021484
G,6,8,2025-01-10,2025-03-07,11.0,11.251124382019043,0.0,31.06659698486328
G,6,8,2025-01-17,2025-03-14,12.0,10.580668449401855,0.0,30.396141052246094
G,6,8,2025-01-24,2025-03-21,5.0,10.975055694580078,0.0,30.79052734375
G,6,8,2025-01-31,2025-03-28,5.0,10.843646049499512,0.0,30.65911865234375
G,6,8,2025-02-07,2025-04-04,5.0,9.851194381713867,0.0,29.66666603088379
G,6,8,2025-02-14,2025-04-11,7.0,10.20256519317627,0.0,30.018035888671875
G,6,8,2025-02-21,2025-04-18,3.0,11.754626274108887,0.1342935562133789,31.570098876953125
G,6,8,2025-02-28,2025-04-25,5.0,13.216511726379395,1.5961790084838867,33.031982421875
G,6,8,2025-03-07,2025-05-02,2.0,12.23211669921875,0.6117839813232422,32.04758834838867
G,6,8,2025-03-14,2025-05-09,6.0,11.50516128540039,0.0,31.320632934570312
G,6,8,2025-03-21,2025-05-16,1.0,11.0248384475708,0.0,30.840309143066406
G,6,8,2025-03-28,2025-05-23,5.0,11.564366340637207,0.0,31.379837036132812
G,6,8,2025-04-04,2025-05-30,3.0,13.440630912780762,1.820298194885254,33.256103515625
G,6,8,2025-04-11,2025-06-06,3.0,19.301372528076172,7.681039810180664,39.116844177246094
G,6,8,2025-04-18,2025-06-13,3.0,17.612693786621094,5.992361068725586,37.428165435791016
G,6,8,2025-04-25,2025-06-20,1.0,15.42990779876709,3.809575080871582,35.24538040161133
G,6,8,2025-05-02,2025-06-27,4.0,15.414654731750488,3.7943220138549805,35.230125427246094
G,6,8,2025-05-09,2025-07-04,6.0,17.485631942749023,5.865299224853516,37.30110168457031
G,6,8,2025-05-16,2025-07-11,2.0,14.224750518798828,2.6044178009033203,34.04022216796875
G,6,8,2025-05-23,2025-07-18,10.0,10.72470760345459,0.0,30.540180206298828
G,6,8,2025-05-30,2025-07-25,7.0,10.80272388458252,0.0,30.618194580078125
G,6,8,2025-06-06,2025-08-01,13.0,12.102011680603027,0.48167896270751953,31.917484283447266
G,6,8,2025-06-13,2025-08-08,16.0,16.07878303527832,4.4584503173828125,35.894256591796875
G,6,8,2025-06-20,2025-08-15,9.0,15.3488187789917,0.0,35.16429138183594
G,6,8,2025-06-27,2025-08-22,11.0,15.969971656799316,0.0,35.78544235229492
G,6,8,2025-07-04,2025-08-29,12.0,13.38506031036377,0.0,33.200531005859375
G,6,8,2025-07-11,2025-09-05,,14.974547386169434,0.0,34.79001998901367
G,6,8,2025-07-18,2025-09-12,,12.915326118469238,0.0,32.730796813964844
G,6,8,2025-07-25,2025-09-19,,7.826972007751465,0.0,27.642444610595703
G,6,8,2025-08-01,2025-09-26,,4.904226303100586,0.0,24.719697952270508
G,6,8,2025-08-08,2025-10-03,,4.424541473388672,0.0,24.240013122558594
G,6,8,2025-08-15,2025-10-10,,4.569985389709473,0.0,24.385456085205078
G,6,8,2025-08-22,2025-10-17,,5.213917255401611,0.0,23.384849548339844
G,6,12,2023-02-17,2023-05-12,2.0,2.0789594650268555,0.0,14.031785011291504
G,6,12,2023-02-24,2023-05-19,2.0,2.0536937713623047,0.0,14.006519317626953
G,6,12,2023-03-03,2023-05-26,2.0,2.0343093872070312,0.0,13.98713493347168
G,6,12,2023-03-10,2023-06-02,6.0,2.1876652240753174,0.0,14.140490531921387
G,6,12,2023-03-17,2023-06-09,6.0,2.5239436626434326,0.0,14.47676944732666
G,6,12,2023-03-24,2023-06-16,6.0,3.4836325645446777,0.0,15.436458587646484
G,6,12,2023-03-31,2023-06-23,8.0,5.130318641662598,0.0,17.083145141601562
G,6,12,2023-04-07,2023-06-30,10.0,6.1566972732543945,0.0,18.10952377319336
G,6,12,2023-04-14,2023-07-07,3.0,9.159063339233398,0.0,21.111888885498047
G,6,12,2023-04-21,2023-07-14,5.0,15.132092475891113,0.0,27.084918975830078
G,6,12,2023-04-28,2023-07-21,4.0,19.184553146362305,0.0,31.137378692626953
G,6,12,2023-05-05,2023-07-28,10.0,25.964338302612305,1.4162425994873047,37.91716384887695
G,6,12,2023-05-12,2023-08-04,5.0,33.18642807006836,8.63833236694336,45.139251708984375
G,6,12,2023-05-19,2023-08-11,8.0,33.29014587402344,8.742050170898438,45.24297332763672
G,6,12,2023-05-26,2023-08-18,14.0,33.23798370361328,8.689888000488281,45.19081115722656
G,6,12,2023-06-02,2023-08-25,13.0,21.192258834838867,0.0,33.145084381103516
G,6,12,2023-06-09,2023-09-01,10.0,16.54606056213379,0.0,28.498886108398438
G,6,12,2023-06-16,2023-09-08,10.0,14.361207962036133,0.0,26.31403350830078
G,6,12,2023-06-23,2023-09-15,10.0,15.515182495117188,0.0,27.468008041381836
G,6,12,2023-06-30,2023-09-22,14.0,22.916006088256836,0.0,34.868831634521484
G,6,12,2023-07-07,2023-09-29,8.0,25.242725372314453,0.6946296691894531,37.19554901123047
G,6,12,2023-07-14,2023-10-06,10.0,17.434846878051758,0.0,29.387672424316406
G,6,12,2023-07-21,2023-10-13,11.0,16.30164909362793,0.0,27.372730255126953
G,6,12,2023-07-28,2023-10-20,11.0,13.373860359191895,0.0,24.444942474365234
G,6,12,2023-08-04,2023-10-27,8.0,9.292963981628418,0.0,20.364044189453125
G,6,12,2023-08-11,2023-11-03,14.0,5.616175651550293,0.0,16.687255859375
G,6,12,2023-08-18,2023-11-10,6.0,5.376298904418945,0.0,10.093647003173828
G,6,12,2023-08-25,2023-11-17,6.0,5.705347061157227,0.0,10.42269515991211
G,6,12,2023-09-01,2023-11-24,6.0,5.852425575256348,0.0,10.56977367401123
G,6,12,2023-09-08,2023-12-01,3.0,5.366272926330566,0.0,10.08362102508545
G,6,12,2023-09-15,2023-12-08,9.0,6.601489067077637,0.0,11.31883716583252
G,6,12,2023-09-22,2023-12-15,7.0,6.077408313751221,0.0,10.794755935668945
G,6,12,2023-09-29,2023-12-22,5.0,5.016244888305664,0.0,9.733592987060547
G,6,12,2023-10-06,2023-12-29,1.0,6.511782646179199,0.0,11.229130744934082
G,6,12,2023-10-13,2024-01-05,2.0,9.043122291564941,0.0,13.760470390319824
G,6,12,2023-10-20,2024-01-12,6.0,5.904997825622559,0.0,10.622345924377441
G,6,12,2023-10-27,2024-01-19,4.0,5.39948844909668,0.0,10.116836547851562
G,6,12,2023-11-03,2024-01-26,5.0,9.608342170715332,0.0,14.325690269470215
G,6,12,2023-11-10,2024-02-02,4.0,10.640763282775879,0.0,15.358111381530762
G,6,12,2023-11-17,2024-02-09,1.0,8.527522087097168,0.0,16.911346435546875
G,6,12,2023-11-24,2024-02-16,7.0,6.9301300048828125,0.0,15.31395435333252
G,6,12,2023-12-01,2024-02-23,5.0,7.694039821624756,0.0,16.077863693237305
G,6,12,2023-12-08,2024-03-01,3.0,8.541316032409668,0.0,16.925140380859375
G,6,12,2023-12-15,2024-03-08,3.0,9.402461051940918,0.0,17.786285400390625
G,6,12,2023-12-22,2024-03-15,3.0,6.502984046936035,0.0,14.886808395385742
G,6,12,2023-12-29,2024-03-22,2.0,7.659811973571777,0.0,16.043636322021484
G,6,12,2024-01-05,2024-03-29,1.0,4.870233535766602,0.0,13.254057884216309
G,6,12,2024-01-12,2024-04-05,5.0,3.0199265480041504,0.0,11.403751373291016
G,6,12,2024-01-19,2024-04-12,4.0,2.7597694396972656,0.0,11.143593788146973
G,6,12,2024-01-26,2024-04-19,3.0,2.2458674907684326,0.0,10.629692077636719
G,6,12,2024-02-02,2024-04-26,4.0,2.631481885910034,0.0,11.01530647277832
G,6,12,2024-02-09,2024-05-03,3.0,2.449434757232666,0.0,10.833259582519531
G,6,12,2024-02-16,2024-05-10,1.0,2.543459415435791,0.0,10.927284240722656
G,6,12,2024-02-23,2024-05-17,1.0,2.5385429859161377,0.0,10.922367095947266
G,6,12,2024-03-01,2024-05-24,4.0,3.2831645011901855,0.0,11.666988372802734
G,6,12,2024-03-08,2024-05-31,0.0,3.1261215209960938,0.0,11.5099458694458
G,6,12,2024-03-15,2024-06-07,3.0,3.7330312728881836,0.0,12.11685562133789
G,6,12,2024-03-22,2024-06-14,0.0,4.439332485198975,0.0,12.823156356811523
G,6,12,2024-03-29,2024-06-21,3.0,4.073853969573975,0.0,12.457677841186523
G,6,12,2024-04-05,2024-06-28,4.0,4.260572910308838,0.0,12.644397735595703
G,6,12,2024-04-12,2024-07-05,6.0,5.744421005249023,0.0,14.12824535369873
G,6,12,2024-04-19,2024-07-12,12.0,3.8672304153442383,0.0,12.251054763793945
G,6,12,2024-04-26,2024-07-19,9.0,4.476426601409912,0.0,12.860250473022461
G,6,12,2024-05-03,2024-07-26,16.0,5.266834259033203,0.0,13.65065860748291
G,6,12,2024-05-10,2024-08-02,20.0,6.723187446594238,0.0,15.107011795043945
G,6,12,2024-05-17,2024-08-09,26.0,9.035521507263184,0.0,17.41934585571289
G,6,12,2024-05-24,2024-08-16,19.0,8.638361930847168,0.0,17.022186279296875
G,6,12,2024-05-31,2024-08-23,20.0,10.125636100769043,0.0,18.50946044921875
G,6,12,2024-06-07,2024-08-30,22.0,10.875926971435547,0.0,19.259750366210938
G,6,12,2024-06-14,2024-09-06,16.0,10.054963111877441,0.0,18.43878746032715
G,6,12,2024-06-21,2024-09-13,36.0,10.973034858703613,0.0,19.35685920715332
G,6,12,2024-06-28,2024-09-20,27.0,16.685720443725586,0.0,25.06954574584961
G,6,12,2024-07-05,2024-09-27,25.0,17.45963478088379,0.0,25.843460083007812
G,6,12,2024-07-12,2024-10-04,32.0,17.57069969177246,0.0,25.954524993896484
G,6,12,2024-07-19,2024-10-11,22.0,15.260719299316406,0.0,23.644542694091797
G,6,12,2024-07-26,2024-10-18,20.0,14.878737449645996,0.0,23.262561798095703
G,6,12,2024-08-02,2024-10-25,19.0,14.505971908569336,0.0,22.88979721069336
G,6,12,2024-08-09,2024-11-01,30.0,13.569132804870605,0.0,24.30229949951172
G,6,12,2024-08-16,2024-11-08,19.0,13.49498176574707,0.0,26.771793365478516
G,6,12,2024-08-23,2024-11-15,15.0,10.806177139282227,0.0,27.770654678344727
G,6,12,2024-08-30,2024-11-22,21.0,9.628931999206543,0.0,26.59341049194336
G,6,12,2024-09-06,2024-11-29,28.0,8.83658504486084,0.0,25.801063537597656
G,6,12,2024-09-13,2024-12-06,17.0,7.458600997924805,0.0,24.423078536987305
G,6,12,2024-09-20,2024-12-13,16.0,10.663678169250488,0.0,27.628154754638672
G,6,12,2024-09-27,2024-12-20,20.0,11.248697280883789,0.0,36.275665283203125
G,6,12,2024-10-04,2024-12-27,7.0,8.596572875976562,0.0,33.623538970947266
G,6,12,2024-10-11,2025-01-03,19.0,6.363080978393555,0.0,31.390047073364258
G,6,12,2024-10-18,2025-01-10,28.0,6.706750392913818,0.0,31.73371696472168
G,6,12,2024-10-25,2025-01-17,16.0,6.33583927154541,0.0,31.362804412841797
G,6,12,2024-11-01,2025-01-24,12.0,6.770589828491211,0.0,31.797555923461914
G,6,12,2024-11-08,2025-01-31,13.0,10.595870018005371,3.068347930908203,35.62283706665039
G,6,12,2024-11-15,2025-02-07,12.0,13.562705039978027,6.035182952880859,38.58967208862305
G,6,12,2024-11-22,2025-02-14,17.0,10.817743301391602,3.2902212142944336,35.84471130371094
G,6,12,2024-11-29,2025-02-21,26.0,17.951059341430664,10.423537254333496,42.97802734375
G,6,12,2024-12-06,2025-02-28,15.0,11.492693901062012,3.9651718139648438,36.51966094970703
G,6,12,2024-12-13,2025-03-07,11.0,10.096410751342773,2.5688886642456055,35.123374938964844
G,6,12,2024-12-20,2025-03-14,12.0,10.46617603302002,2.9386539459228516,35.493141174316406
G,6,12,2024-12-27,2025-03-21,5.0,10.447226524353027,2.9197044372558594,35.47419357299805
G,6,12,2025-01-03,2025-03-28,5.0,9.83145523071289,2.3039331436157227,34.858421325683594
G,6,12,2025-01-10,2025-04-04,5.0,10.114227294921875,2.586705207824707,35.14119338989258
G,6,12,2025-01-17,2025-04-11,7.0,9.377581596374512,1.8500595092773438,34.40454864501953
G,6,12,2025-01-24,2025-04-18,3.0,9.758864402770996,2.231342315673828,34.785831451416016
G,6,12,2025-01-31,2025-04-25,5.0,9.717147827148438,2.1896257400512695,34.74411392211914
G,6,12,2025-02-07,2025-05-02,2.0,8.441575050354004,0.9140529632568359,33.46854019165039
G,6,12,2025-02-14,2025-05-09,6.0,8.83312702178955,1.3056049346923828,33.86009216308594
G,6,12,2025-02-21,2025-05-16,1.0,10.431004524230957,4.028543472290039,35.457969665527344
G,6,12,2025-02-28,2025-05-23,5.0,11.951963424682617,5.549502372741699,36.97892761230469
G,6,12,2025-03-07,2025-05-30,3.0,10.93742847442627,4.534967422485352,35.964393615722656
G,6,12,2025-03-14,2025-06-06,3.0,10.860546112060547,4.458085060119629,35.88751220703125
G,6,12,2025-03-21,2025-06-13,3.0,11.886347770690918,6.226535797119141,36.91331481933594
G,6,12,2025-03-28,2025-06-20,1.0,20.912662506103516,15.252850532531738,45.93962860107422
G,6,12,2025-04-04,2025-06-27,4.0,32.01021194458008,26.562984466552734,57.03717803955078
G,6,12,2025-04-11,2025-07-04,6.0,33.25555419921875,27.808326721191406,58.28252029418945
G,6,12,2025-04-18,2025-07-11,2.0,33.221702575683594,27.77447509765625,58.2486686706543
G,6,12,2025-04-25,2025-07-18,10.0,33.003326416015625,27.55609893798828,58.03029251098633
G,6,12,2025-05-02,2025-07-25,7.0,32.98323059082031,26.224365234375,58.010196685791016
G,6,12,2025-05-09,2025-08-01,13.0,33.19611740112305,26.437252044677734,58.22308349609375
G,6,12,2025-05-16,2025-08-08,16.0,32.12588882446289,25.367023468017578,57.152854919433594
G,6,12,2025-05-23,2025-08-15,9.0,23.031341552734375,16.272476196289062,48.05830764770508
G,6,12,2025-05-30,2025-08-22,11.0,18.926145553588867,9.49514102935791,43.95310974121094
G,6,12,2025-06-06,2025-08-29,12.0,15.552107810974121,6.121103286743164,40.57907485961914
G,6,12,2025-06-13,2025-09-05,,17.163759231567383,7.732754707336426,42.19072723388672
G,6,12,2025-06-20,2025-09-12,,16.212221145629883,6.781216621398926,41.23918914794922
G,6,12,2025-06-27,2025-09-19,,13.652327537536621,4.221323013305664,38.67929458618164
G,6,12,2025-07-04,2025-09-26,,9.055155754089355,0.0,34.082122802734375
G,6,12,2025-07-11,2025-10-03,,10.921679496765137,0.0,35.948646545410156
G,6,12,2025-07-18,2025-10-10,,7.2206315994262695,0.0,32.247596740722656
G,6,12,2025-07-25,2025-10-17,,3.941427707672119,0.0,28.968393325805664
G,6,12,2025-08-01,2025-10-24,,2.5367422103881836,0.0,27.563709259033203
G,6,12,2025-08-08,2025-10-31,,2.382047653198242,0.0,27.409013748168945
G,6,12,2025-08-15,2025-11-07,,2.727405071258545,0.0,27.754371643066406
G,6,12,2025-08-22,2025-11-14,,3.1392223834991455,0.0,28.166189193725586
H,7,1,2023-02-17,2023-02-24,3.0,5.462592124938965,0.0,14.70261287689209
H,7,1,2023-02-24,2023-03-03,4.0,4.613840103149414,0.0,13.853860855102539
H,7,1,2023-03-03,2023-03-10,4.0,3.94889760017395,0.0,13.188918113708496
H,7,1,2023-03-10,2023-03-17,6.0,3.1636171340942383,0.0,12.403637886047363
H,7,1,2023-03-17,2023-03-24,5.0,3.061105728149414,0.0,12.301126480102539
H,7,1,2023-03-24,2023-03-31,2.0,3.1303281784057617,0.0,12.370348930358887
H,7,1,2023-03-31,2023-04-07,3.0,3.0894837379455566,0.0,12.329504013061523
H,7,1,2023-04-07,2023-04-14,3.0,3.045942783355713,0.0,12.28596305847168
H,7,1,2023-04-14,2023-04-21,4.0,2.7750000953674316,0.0,12.015020370483398
H,7,1,2023-04-21,2023-04-28,3.0,2.9876925945281982,0.0,12.227713584899902
H,7,1,2023-04-28,2023-05-05,0.0,2.983670473098755,0.0,12.2236909866333
H,7,1,2023-05-05,2023-05-12,3.0,3.115607261657715,0.0,12.35562801361084
H,7,1,2023-05-12,2023-05-19,0.0,4.1492180824279785,0.0,13.389238357543945
H,7,1,2023-05-19,2023-05-26,7.0,5.324069499969482,0.0,14.564090728759766
H,7,1,2023-05-26,2023-06-02,3.0,5.594264984130859,0.0,14.834285736083984
H,7,1,2023-06-02,2023-06-09,8.0,5.794162273406982,0.0,15.034183502197266
H,7,1,2023-06-09,2023-06-16,11.0,6.994067192077637,0.0,16.234088897705078
H,7,1,2023-06-16,2023-06-23,6.0,7.503310203552246,0.0,16.743331909179688
H,7,1,2023-06-23,2023-06-30,10.0,8.40708065032959,0.0,17.64710235595703
H,7,1,2023-06-30,2023-07-07,3.0,9.662734031677246,1.1712732315063477,18.902755737304688
H,7,1,2023-07-07,2023-07-14,8.0,10.975516319274902,2.484055519104004,20.215538024902344
H,7,1,2023-07-14,2023-07-21,14.0,13.012896537780762,4.521435737609863,22.252918243408203
H,7,1,2023-07-21,2023-07-28,11.0,15.54806137084961,7.056600570678711,24.788082122802734
H,7,1,2023-07-28,2023-08-04,5.0,19.18037223815918,10.688911437988281,28.420392990112305
H,7,1,2023-08-04,2023-08-11,8.0,18.2095947265625,9.718133926391602,27.449615478515625
H,7,1,2023-08-11,2023-08-18,13.0,15.004684448242188,6.513223648071289,24.244705200195312
H,7,1,2023-08-18,2023-08-25,9.0,12.793440818786621,0.0,22.033462524414062
H,7,1,2023-08-25,2023-09-01,5.0,10.94920539855957,0.0,20.189226150512695
H,7,1,2023-09-01,2023-09-08,9.0,11.561196327209473,0.0,20.80121612548828
H,7,1,2023-09-08,2023-09-15,6.0,9.311402320861816,0.0,18.551422119140625
H,7,1,2023-09-15,2023-09-22,13.0,8.574944496154785,0.0,17.814964294433594
H,7,1,2023-09-22,2023-09-29,6.0,9.682255744934082,0.0,18.92227554321289
H,7,1,2023-09-29,2023-10-06,17.0,10.390307426452637,0.0,19.630329132080078
H,7,1,2023-10-06,2023-10-13,10.0,9.109848976135254,0.0,18.349868774414062
H,7,1,2023-10-13,2023-10-20,9.0,8.159427642822266,0.0,17.39944839477539
H,7,1,2023-10-20,2023-10-27,5.0,7.228253364562988,0.0,16.468273162841797
H,7,1,2023-10-27,2023-11-03,5.0,6.486717224121094,0.0,15.726737976074219
H,7,1,2023-11-03,2023-11-10,13.0,5.856279373168945,0.0,15.09630012512207
H,7,1,2023-11-10,2023-11-17,13.0,5.575448036193848,0.0,14.815468788146973
H,7,1,2023-11-17,2023-11-24,16.0,5.360190391540527,0.0,14.600211143493652
H,7,1,2023-11-24,2023-12-01,5.0,5.184820652008057,0.0,14.424840927124023
H,7,1,2023-12-01,2023-12-08,6.0,5.1601667404174805,0.0,14.400187492370605
H,7,1,2023-12-08,2023-12-15,10.0,5.11654806137085,0.0,15.756357192993164
H,7,1,2023-12-15,2023-12-22,5.0,5.267322540283203,0.0,15.907132148742676
H,7,1,2023-12-22,2023-12-29,8.0,5.370616436004639,0.0,16.010425567626953
H,7,1,2023-12-29,2024-01-05,4.0,6.241752624511719,0.0,16.881561279296875
H,7,1,2024-01-05,2024-01-12,9.0,5.802573204040527,0.0,16.4423828125
H,7,1,2024-01-12,2024-01-19,4.0,4.93890380859375,0.0,15.578713417053223
H,7,1,2024-01-19,2024-01-26,4.0,4.699394226074219,0.0,15.339203834533691
H,7,1,2024-01-26,2024-02-02,1.0,4.255946159362793,0.0,14.895755767822266
H,7,1,2024-02-02,2024-02-09,9.0,3.9909911155700684,0.0,14.630800247192383
H,7,1,2024-02-09,2024-02-16,6.0,3.1689724922180176,0.0,13.808782577514648
H,7,1,2024-02-16,2024-02-23,3.0,2.4041645526885986,0.0,13.043973922729492
H,7,1,2024-02-23,2024-03-01,1.0,2.060915231704712,0.0,12.700724601745605
H,7,1,2024-03-01,2024-03-08,1.0,1.914180874824524,0.0,12.553990364074707
H,7,1,2024-03-08,2024-03-15,4.0,1.7045834064483643,0.0,12.344392776489258
H,7,1,2024-03-15,2024-03-22,2.0,1.4916623830795288,0.0,12.131471633911133
H,7,1,2024-03-22,2024-03-29,1.0,1.331711769104004,0.0,11.971521377563477
H,7,1,2024-03-29,2024-04-05,3.0,1.0924882888793945,0.0,11.732297897338867
H,7,1,2024-04-05,2024-04-12,2.0,0.7844855785369873,0.0,11.424295425415039
H,7,1,2024-04-12,2024-04-19,0.0,0.8529945611953735,0.0,11.492804527282715
H,7,1,2024-04-19,2024-04-26,2.0,0.36938056349754333,0.0,11.009190559387207
H,7,1,2024-04-26,2024-05-03,4.0,0.2634314298629761,0.0,10.903241157531738
H,7,1,2024-05-03,2024-05-10,0.0,0.2326604425907135,0.0,10.872469902038574
H,7,1,2024-05-10,2024-05-17,1.0,0.4592885971069336,0.0,11.099098205566406
H,7,1,2024-05-17,2024-05-24,0.0,0.7396636605262756,0.0,11.379473686218262
H,7,1,2024-05-24,2024-05-31,1.0,0.8124021291732788,0.0,11.452211380004883
H,7,1,2024-05-31,2024-06-07,3.0,1.1691253185272217,0.0,11.808935165405273
H,7,1,2024-06-07,2024-06-14,4.0,1.78715181350708,0.0,12.426961898803711
H,7,1,2024-06-14,2024-06-21,1.0,2.963479995727539,0.0,13.603289604187012
H,7,1,2024-06-21,2024-06-28,7.0,3.8828577995300293,0.0,14.522666931152344
H,7,1,2024-06-28,2024-07-05,2.0,5.22021484375,0.0,15.860024452209473
H,7,1,2024-07-05,2024-07-12,5.0,6.574942588806152,0.0,17.214752197265625
H,7,1,2024-07-12,2024-07-19,5.0,7.787794589996338,0.0,18.42760467529297
H,7,1,2024-07-19,2024-07-26,8.0,8.815773963928223,0.0,19.455583572387695
H,7,1,2024-07-26,2024-08-02,14.0,9.580687522888184,0.0,20.220497131347656
H,7,1,2024-08-02,2024-08-09,11.0,10.449854850769043,0.0,21.089664459228516
H,7,1,2024-08-09,2024-08-16,9.0,11.244668006896973,0.0,21.884477615356445
H,7,1,2024-08-16,2024-08-23,7.0,11.620054244995117,1.4104595184326172,22.259864807128906
H,7,1,2024-08-23,2024-08-30,14.0,14.374412536621094,8.425207138061523,25.01422119140625
H,7,1,2024-08-30,2024-09-06,15.0,17.79400062561035,11.844795227050781,28.43381118774414
H,7,1,2024-09-06,2024-09-13,22.0,20.505029678344727,14.555824279785156,31.144840240478516
H,7,1,2024-09-13,2024-09-20,15.0,24.284770965576172,19.664716720581055,34.92457962036133
H,7,1,2024-09-20,2024-09-27,23.0,25.322641372680664,20.702587127685547,35.96245193481445
H,7,1,2024-09-27,2024-10-04,29.0,24.54575538635254,19.925701141357422,35.18556594848633
H,7,1,2024-10-04,2024-10-11,29.0,22.274930953979492,12.99015998840332,32.91474151611328
H,7,1,2024-10-11,2024-10-18,22.0,23.290632247924805,14.005861282348633,33.930442810058594
H,7,1,2024-10-18,2024-10-25,28.0,25.711244583129883,16.42647361755371,36.35105514526367
H,7,1,2024-10-25,2024-11-01,45.0,24.922945022583008,15.638174057006836,35.5627555847168
H,7,1,2024-11-01,2024-11-08,22.0,23.94553565979004,14.660764694213867,34.58534622192383
H,7,1,2024-11-08,2024-11-15,35.0,23.603548049926758,14.318777084350586,34.24335861206055
H,7,1,2024-11-15,2024-11-22,29.0,22.632661819458008,13.347890853881836,42.709716796875
H,7,1,2024-11-22,2024-11-29,22.0,18.956315994262695,9.671545028686523,39.03337097167969
H,7,1,2024-11-29,2024-12-06,25.0,19.488126754760742,10.20335578918457,39.565181732177734
H,7,1,2024-12-06,2024-12-13,16.0,18.235557556152344,8.950786590576172,38.31261444091797
H,7,1,2024-12-13,2024-12-20,16.0,17.017290115356445,7.732519149780273,37.09434509277344
H,7,1,2024-12-20,2024-12-27,4.0,15.429666519165039,6.144895553588867,35.50672149658203
H,7,1,2024-12-27,2025-01-03,13.0,12.718724250793457,3.433953285217285,32.795780181884766
H,7,1,2025-01-03,2025-01-10,24.0,10.561582565307617,1.2768115997314453,30.63863754272461
H,7,1,2025-01-10,2025-01-17,14.0,9.45702075958252,0.0,29.534076690673828
H,7,1,2025-01-17,2025-01-24,23.0,7.804044246673584,0.0,27.881099700927734
H,7,1,2025-01-24,2025-01-31,28.0,9.037579536437988,0.0,29.114635467529297
H,7,1,2025-01-31,2025-02-07,26.0,12.125975608825684,0.6963090896606445,32.20302963256836
H,7,1,2025-02-07,2025-02-14,26.0,14.019913673400879,2.59024715423584,34.09696960449219
H,7,1,2025-02-14,2025-02-21,26.0,16.82910919189453,5.399442672729492,36.906166076660156
H,7,1,2025-02-21,2025-02-28,22.0,19.362403869628906,7.932737350463867,39.43946075439453
H,7,1,2025-02-28,2025-03-07,8.0,20.162111282348633,8.732444763183594,40.239166259765625
H,7,1,2025-03-07,2025-03-14,13.0,18.834495544433594,7.404829025268555,38.91155242919922
H,7,1,2025-03-14,2025-03-21,13.0,16.58578872680664,5.156122207641602,36.662841796875
H,7,1,2025-03-21,2025-03-28,18.0,14.223061561584473,2.06095027923584,34.30011749267578
H,7,1,2025-03-28,2025-04-04,15.0,11.178558349609375,0.0,31.255613327026367
H,7,1,2025-04-04,2025-04-11,10.0,8.802327156066895,0.0,28.879383087158203
H,7,1,2025-04-11,2025-04-18,9.0,8.568894386291504,0.0,28.645950317382812
H,7,1,2025-04-18,2025-04-25,11.0,8.165698051452637,0.0,28.242752075195312
H,7,1,2025-04-25,2025-05-02,8.0,7.383679389953613,0.0,27.460735321044922
H,7,1,2025-05-02,2025-05-09,5.0,7.573366641998291,0.0,27.650421142578125
H,7,1,2025-05-09,2025-05-16,3.0,7.782131195068359,0.0,27.85918617248535
H,7,1,2025-05-16,2025-05-23,3.0,6.729175567626953,0.0,26.806230545043945
H,7,1,2025-05-23,2025-05-30,4.0,5.436586380004883,0.0,25.513641357421875
H,7,1,2025-05-30,2025-06-06,5.0,4.819394111633301,0.0,24.89645004272461
H,7,1,2025-06-06,2025-06-13,6.0,4.998630523681641,0.0,25.075685501098633
H,7,1,2025-06-13,2025-06-20,6.0,5.914897918701172,0.0,25.991952896118164
H,7,1,2025-06-20,2025-06-27,8.0,6.298653602600098,0.0,26.375709533691406
H,7,1,2025-06-27,2025-07-04,9.0,8.025298118591309,0.0,28.102352142333984
H,7,1,2025-07-04,2025-07-11,12.0,10.261974334716797,0.0,30.33902931213379
H,7,1,2025-07-11,2025-07-18,10.0,12.938202857971191,0.7760915756225586,33.0152587890625
H,7,1,2025-07-18,2025-07-25,15.0,13.609892845153809,1.4477815628051758,33.686946868896484
H,7,1,2025-07-25,2025-08-01,19.0,12.063112258911133,0.0,32.140167236328125
H,7,1,2025-08-01,2025-08-08,20.0,11.155983924865723,0.0,31.23303985595703
H,7,1,2025-08-08,2025-08-15,16.0,12.025023460388184,0.0,32.10207748413086
H,7,1,2025-08-15,2025-08-22,18.0,13.626267433166504,1.464156150817871,33.70332336425781
H,7,1,2025-08-22,2025-08-29,20.0,13.644645690917969,1.482534408569336,33.721702575683594
H,7,2,2023-02-17,2023-03-03,4.0,5.318740367889404,0.0,14.78792953491211
H,7,2,2023-02-24,2023-03-10,4.0,4.272839546203613,0.0,13.742029190063477
H,7,2,2023-03-03,2023-03-17,6.0,3.5318760871887207,0.0,13.001066207885742
H,7,2,2023-03-10,2023-03-24,5.0,2.7557826042175293,0.0,12.224971771240234
H,7,2,2023-03-17,2023-03-31,2.0,2.7259721755981445,0.0,12.195161819458008
H,7,2,2023-03-24,2023-04-07,3.0,2.990664482116699,0.0,12.459854125976562
H,7,2,2023-03-31,2023-04-14,3.0,3.0601253509521484,0.0,12.529314994812012
H,7,2,2023-04-07,2023-04-21,4.0,3.100125312805176,0.0,12.569314956665039
H,7,2,2023-04-14,2023-04-28,3.0,2.9942092895507812,0.0,12.463398933410645
H,7,2,2023-04-21,2023-05-05,0.0,3.3135764598846436,0.0,12.782766342163086
H,7,2,2023-04-28,2023-05-12,3.0,3.351986885070801,0.0,12.821176528930664
H,7,2,2023-05-05,2023-05-19,0.0,3.4980902671813965,0.0,12.967279434204102
H,7,2,2023-05-12,2023-05-26,7.0,4.893596172332764,0.0,14.362785339355469
H,7,2,2023-05-19,2023-06-02,3.0,6.149284362792969,0.0,15.618474006652832
H,7,2,2023-05-26,2023-06-09,8.0,5.9405107498168945,0.0,15.409700393676758
H,7,2,2023-06-02,2023-06-16,11.0,6.096947193145752,0.0,15.566137313842773
H,7,2,2023-06-09,2023-06-23,6.0,6.826508522033691,0.0,16.295698165893555
H,7,2,2023-06-16,2023-06-30,10.0,7.806358814239502,0.29826784133911133,17.275548934936523
H,7,2,2023-06-23,2023-07-07,3.0,9.06826114654541,1.5601701736450195,18.537450790405273
H,7,2,2023-06-30,2023-07-14,8.0,10.619559288024902,3.1114683151245117,20.088748931884766
H,7,2,2023-07-07,2023-07-21,14.0,11.870028495788574,4.361937522888184,21.339218139648438
H,7,2,2023-07-14,2023-07-28,11.0,13.304348945617676,5.796257972717285,22.77353858947754
H,7,2,2023-07-21,2023-08-04,5.0,15.603144645690918,8.095053672790527,25.07233428955078
H,7,2,2023-07-28,2023-08-11,8.0,19.396100997924805,11.888010025024414,28.865291595458984
H,7,2,2023-08-04,2023-08-18,13.0,17.16126251220703,9.65317153930664,26.630451202392578
H,7,2,2023-08-11,2023-08-25,9.0,13.256449699401855,5.748358726501465,22.72563934326172
H,7,2,2023-08-18,2023-09-01,5.0,11.27249813079834,0.6693534851074219,20.741687774658203
H,7,2,2023-08-25,2023-09-08,9.0,9.7877779006958,0.0,19.256967544555664
H,7,2,2023-09-01,2023-09-15,6.0,10.75866413116455,0.0,20.227853775024414
H,7,2,2023-09-08,2023-09-22,13.0,8.597664833068848,0.0,18.06685447692871
H,7,2,2023-09-15,2023-09-29,6.0,7.871949195861816,0.0,17.34113883972168
H,7,2,2023-09-22,2023-10-06,17.0,8.861043930053711,0.0,18.33023452758789
H,7,2,2023-09-29,2023-10-13,10.0,9.137920379638672,0.0,18.60710906982422
H,7,2,2023-10-06,2023-10-20,9.0,8.219320297241211,0.0,17.68851089477539
H,7,2,2023-10-13,2023-10-27,5.0,7.456575393676758,0.0,16.925765991210938
H,7,2,2023-10-20,2023-11-03,5.0,6.367955684661865,0.0,15.83714485168457
H,7,2,2023-10-27,2023-11-10,13.0,5.5961222648620605,0.0,15.065311431884766
H,7,2,2023-11-03,2023-11-17,13.0,5.186152458190918,0.0,14.655342102050781
H,7,2,2023-11-10,2023-11-24,16.0,4.9820170402526855,0.0,14.45120620727539
H,7,2,2023-11-17,2023-12-01,5.0,4.862137794494629,0.0,14.331327438354492
H,7,2,2023-11-24,2023-12-08,6.0,4.911899566650391,0.0,14.381089210510254
H,7,2,2023-12-01,2023-12-15,10.0,5.249782562255859,0.0,14.718972206115723
H,7,2,2023-12-08,2023-12-22,5.0,5.336419105529785,0.0,16.354400634765625
H,7,2,2023-12-15,2023-12-29,8.0,5.597925662994385,0.0,16.615907669067383
H,7,2,2023-12-22,2024-01-05,4.0,5.525453567504883,0.0,16.54343605041504
H,7,2,2023-12-29,2024-01-12,9.0,6.451265811920166,0.0,17.469247817993164
H,7,2,2024-01-05,2024-01-19,4.0,5.765475749969482,0.0,16.783458709716797
H,7,2,2024-01-12,2024-01-26,4.0,4.707951068878174,0.0,15.725933074951172
H,7,2,2024-01-19,2024-02-02,1.0,4.498002052307129,0.0,15.515984535217285
H,7,2,2024-01-26,2024-02-09,9.0,3.917105197906494,0.0,14.935087203979492
H,7,2,2024-02-02,2024-02-16,6.0,3.642453670501709,0.0,14.660436630249023
H,7,2,2024-02-09,2024-02-23,3.0,2.797394275665283,0.0,13.815376281738281
H,7,2,2024-02-16,2024-03-01,1.0,2.095447540283203,0.0,13.11343002319336
H,7,2,2024-02-23,2024-03-08,1.0,1.7478179931640625,0.0,12.765800476074219
H,7,2,2024-03-01,2024-03-15,4.0,1.7064260244369507,0.0,12.724408149719238
H,7,2,2024-03-08,2024-03-22,2.0,1.5111463069915771,0.0,12.529129028320312
H,7,2,2024-03-15,2024-03-29,1.0,1.3549691438674927,0.0,12.37295150756836
H,7,2,2024-03-22,2024-04-05,3.0,1.2557348012924194,0.0,12.273716926574707
H,7,2,2024-03-29,2024-04-12,2.0,1.0468878746032715,0.0,12.064870834350586
H,7,2,2024-04-05,2024-04-19,0.0,0.7998349666595459,0.0,11.817817687988281
H,7,2,2024-04-12,2024-04-26,2.0,0.9545096158981323,0.0,11.972492218017578
H,7,2,2024-04-19,2024-05-03,4.0,0.42568522691726685,0.0,11.4436674118042
H,7,2,2024-04-26,2024-05-10,0.0,0.3826123774051666,0.0,11.400594711303711
H,7,2,2024-05-03,2024-05-17,1.0,0.39803802967071533,0.0,11.416020393371582
H,7,2,2024-05-10,2024-05-24,0.0,0.6806902885437012,0.0,11.698673248291016
H,7,2,2024-05-17,2024-05-31,1.0,0.9724433422088623,0.0,11.990426063537598
H,7,2,2024-05-24,2024-06-07,3.0,0.9473358392715454,0.0,11.96531867980957
H,7,2,2024-05-31,2024-06-14,4.0,1.3596543073654175,0.0,12.377636909484863
H,7,2,2024-06-07,2024-06-21,1.0,2.021925449371338,0.0,13.039907455444336
H,7,2,2024-06-14,2024-06-28,7.0,3.1320018768310547,0.0,14.149984359741211
H,7,2,2024-06-21,2024-07-05,2.0,3.8911285400390625,0.0,14.909111022949219
H,7,2,2024-06-28,2024-07-12,5.0,5.426684379577637,0.0,16.44466781616211
H,7,2,2024-07-05,2024-07-19,5.0,6.748985290527344,0.0,17.7669677734375
H,7,2,2024-07-12,2024-07-26,8.0,7.89073371887207,0.0,18.908716201782227
H,7,2,2024-07-19,2024-08-02,14.0,8.416193962097168,0.0,19.43417739868164
H,7,2,2024-07-26,2024-08-09,11.0,9.157917976379395,0.0,20.175899505615234
H,7,2,2024-08-02,2024-08-16,9.0,10.178569793701172,0.0,21.196552276611328
H,7,2,2024-08-09,2024-08-23,7.0,11.225922584533691,0.0,22.24390411376953
H,7,2,2024-08-16,2024-08-30,14.0,12.002933502197266,0.6068325042724609,23.020915985107422
H,7,2,2024-08-23,2024-09-06,15.0,14.809253692626953,8.536755561828613,25.82723617553711
H,7,2,2024-08-30,2024-09-13,22.0,17.863325119018555,11.590826988220215,28.88130760192871
H,7,2,2024-09-06,2024-09-20,15.0,19.75740623474121,13.484908103942871,30.775388717651367
H,7,2,2024-09-13,2024-09-27,23.0,24.16438102722168,19.405715942382812,35.18236541748047
H,7,2,2024-09-20,2024-10-04,29.0,25.903173446655273,21.144508361816406,36.92115783691406
H,7,2,2024-09-27,2024-10-11,29.0,24.773052215576172,20.547130584716797,35.79103469848633
H,7,2,2024-10-04,2024-10-18,22.0,20.841917037963867,16.084510803222656,31.859899520874023
H,7,2,2024-10-11,2024-10-25,28.0,20.64847183227539,15.89106559753418,31.666454315185547
H,7,2,2024-10-18,2024-11-01,45.0,22.049352645874023,17.291946411132812,33.06733703613281
H,7,2,2024-10-25,2024-11-08,22.0,20.56325340270996,15.80584716796875,31.581235885620117
H,7,2,2024-11-01,2024-11-15,35.0,19.59493064880371,14.8375244140625,30.612913131713867
H,7,2,2024-11-08,2024-11-22,29.0,19.421274185180664,14.663867950439453,30.43925666809082
H,7,2,2024-11-15,2024-11-29,22.0,19.02191925048828,14.26451301574707,41.972564697265625
H,7,2,2024-11-22,2024-12-06,25.0,16.199787139892578,11.442380905151367,39.15043640136719
H,7,2,2024-11-29,2024-12-13,16.0,16.50832176208496,11.75091552734375,39.45896911621094
H,7,2,2024-12-06,2024-12-20,16.0,15.78749942779541,11.0300931930542,38.7381477355957
H,7,2,2024-12-13,2024-12-27,4.0,14.63736629486084,9.879960060119629,37.5880126953125
H,7,2,2024-12-20,2025-01-03,13.0,13.491144180297852,8.73373794555664,36.44179153442383
H,7,2,2024-12-27,2025-01-10,24.0,11.511308670043945,6.753902435302734,34.46195602416992
H,7,2,2025-01-03,2025-01-17,14.0,9.874380111694336,5.116973876953125,32.82502746582031
H,7,2,2025-01-10,2025-01-24,23.0,9.520278930664062,0.0,32.470924377441406
H,7,2,2025-01-17,2025-01-31,28.0,8.108732223510742,0.0,31.05937957763672
H,7,2,2025-01-24,2025-02-07,26.0,9.794997215270996,0.0,32.745643615722656
H,7,2,2025-01-31,2025-02-14,26.0,13.421996116638184,2.7846298217773438,36.372642517089844
H,7,2,2025-02-07,2025-02-21,26.0,15.536360740661621,4.898994445800781,38.48700714111328
H,7,2,2025-02-14,2025-02-28,22.0,17.92567253112793,7.28830623626709,40.876319885253906
H,7,2,2025-02-21,2025-03-07,8.0,19.03391456604004,8.3965482711792,41.984561920166016
H,7,2,2025-02-28,2025-03-14,13.0,19.415258407592773,8.777892112731934,42.36590576171875
H,7,2,2025-03-07,2025-03-21,13.0,17.765653610229492,7.128287315368652,40.71630096435547
H,7,2,2025-03-14,2025-03-28,18.0,15.546950340270996,4.909584045410156,38.497596740722656
H,7,2,2025-03-21,2025-04-04,15.0,13.54863166809082,2.5147171020507812,36.4992790222168
H,7,2,2025-03-28,2025-04-11,10.0,11.533539772033691,0.49962520599365234,34.484188079833984
H,7,2,2025-04-04,2025-04-18,9.0,10.29452133178711,0.0,33.24517059326172
H,7,2,2025-04-11,2025-04-25,11.0,10.655016899108887,0.0,33.60566329956055
H,7,2,2025-04-18,2025-05-02,8.0,10.043986320495605,0.0,32.994632720947266
H,7,2,2025-04-25,2025-05-09,5.0,8.751885414123535,0.0,31.702533721923828
H,7,2,2025-05-02,2025-05-16,3.0,8.917856216430664,0.0,31.86850357055664
H,7,2,2025-05-09,2025-05-23,3.0,9.054994583129883,0.0,32.00564193725586
H,7,2,2025-05-16,2025-05-30,4.0,7.379180908203125,0.0,30.3298282623291
H,7,2,2025-05-23,2025-06-06,5.0,5.67263126373291,0.0,28.623279571533203
H,7,2,2025-05-30,2025-06-13,6.0,4.995752334594727,0.0,27.946399688720703
H,7,2,2025-06-06,2025-06-20,6.0,5.33859395980835,0.0,28.289241790771484
H,7,2,2025-06-13,2025-06-27,8.0,6.658015727996826,0.0,29.60866355895996
H,7,2,2025-06-20,2025-07-04,9.0,7.102226257324219,0.0,30.052873611450195
H,7,2,2025-06-27,2025-07-11,12.0,8.989243507385254,0.0,31.939891815185547
H,7,2,2025-07-04,2025-07-18,10.0,11.174471855163574,0.14055728912353516,34.125118255615234
H,7,2,2025-07-11,2025-07-25,15.0,14.784682273864746,3.750767707824707,37.735328674316406
H,7,2,2025-07-18,2025-08-01,19.0,15.6985445022583,4.664629936218262,38.649192810058594
H,7,2,2025-07-25,2025-08-08,20.0,13.13858699798584,2.104672431945801,36.0892333984375
H,7,2,2025-08-01,2025-08-15,16.0,11.708473205566406,0.6745586395263672,34.65911865234375
H,7,2,2025-08-08,2025-08-22,18.0,11.670273780822754,0.6363592147827148,34.62092208862305
H,7,2,2025-08-15,2025-08-29,20.0,12.606284141540527,1.5723695755004883,35.55693054199219
H,7,2,2025-08-22,2025-09-05,,12.739809036254883,1.7058944702148438,35.69045639038086
H,7,4,2023-02-17,2023-03-17,6.0,4.478825569152832,0.0,16.10938262939453
H,7,4,2023-02-24,2023-03-24,5.0,3.3463573455810547,0.0,14.976913452148438
H,7,4,2023-03-03,2023-03-31,2.0,2.635214328765869,0.0,14.265769958496094
H,7,4,2023-03-10,2023-04-07,3.0,2.0332272052764893,0.0,13.663783073425293
H,7,4,2023-03-17,2023-04-14,3.0,2.105358362197876,0.0,13.73591423034668
H,7,4,2023-03-24,2023-04-21,4.0,2.6656665802001953,0.0,14.296222686767578
H,7,4,2023-03-31,2023-04-28,3.0,2.95896315574646,0.0,14.589519500732422
H,7,4,2023-04-07,2023-05-05,0.0,3.1479358673095703,0.0,14.778491973876953
H,7,4,2023-04-14,2023-05-12,3.0,3.488095760345459,0.0,15.11865234375
H,7,4,2023-04-21,2023-05-19,0.0,4.1601386070251465,0.0,15.790695190429688
H,7,4,2023-04-28,2023-05-26,7.0,4.473724365234375,0.0,16.104280471801758
H,7,4,2023-05-05,2023-06-02,3.0,4.744091510772705,0.0,16.37464714050293
H,7,4,2023-05-12,2023-06-09,8.0,6.891295433044434,0.27905750274658203,18.5218505859375
H,7,4,2023-05-19,2023-06-16,11.0,8.003530502319336,1.3912925720214844,19.63408660888672
H,7,4,2023-05-26,2023-06-23,6.0,7.2085065841674805,0.5962686538696289,18.839061737060547
H,7,4,2023-06-02,2023-06-30,10.0,7.4657301902771,0.853492259979248,19.09628677368164
H,7,4,2023-06-09,2023-07-07,3.0,7.5607523918151855,0.948514461517334,19.191308975219727
H,7,4,2023-06-16,2023-07-14,8.0,9.741658210754395,3.129420280456543,21.372215270996094
H,7,4,2023-06-23,2023-07-21,14.0,12.315108299255371,5.7028703689575195,23.945663452148438
H,7,4,2023-06-30,2023-07-28,11.0,15.097973823547363,8.485735893249512,26.728530883789062
H,7,4,2023-07-07,2023-08-04,5.0,15.470978736877441,8.85874080657959,27.10153579711914
H,7,4,2023-07-14,2023-08-11,8.0,15.633345603942871,9.02110767364502,27.263900756835938
H,7,4,2023-07-21,2023-08-18,13.0,18.3446044921875,11.732366561889648,29.975160598754883
H,7,4,2023-07-28,2023-08-25,9.0,21.048175811767578,14.435937881469727,32.678733825683594
H,7,4,2023-08-04,2023-09-01,5.0,15.87442684173584,9.262188911437988,27.504981994628906
H,7,4,2023-08-11,2023-09-08,9.0,11.282906532287598,4.670668601989746,22.913463592529297
H,7,4,2023-08-18,2023-09-15,6.0,9.437891960144043,0.0,21.06844711303711
H,7,4,2023-08-25,2023-09-22,13.0,8.509531021118164,0.0,20.140087127685547
H,7,4,2023-09-01,2023-09-29,6.0,9.699370384216309,0.0,21.329925537109375
H,7,4,2023-09-08,2023-10-06,17.0,7.989596843719482,0.0,19.620153427124023
H,7,4,2023-09-15,2023-10-13,10.0,7.329414367675781,0.0,18.959970474243164
H,7,4,2023-09-22,2023-10-20,9.0,7.930027961730957,0.0,19.560585021972656
H,7,4,2023-09-29,2023-10-27,5.0,7.6431565284729,0.0,19.273712158203125
H,7,4,2023-10-06,2023-11-03,5.0,7.2527689933776855,0.0,18.883325576782227
H,7,4,2023-10-13,2023-11-10,13.0,6.745757579803467,0.0,18.376314163208008
H,7,4,2023-10-20,2023-11-17,13.0,5.344051361083984,0.0,16.974607467651367
H,7,4,2023-10-27,2023-11-24,16.0,4.590150833129883,0.0,16.220706939697266
H,7,4,2023-11-03,2023-12-01,5.0,4.534021377563477,0.0,16.16457748413086
H,7,4,2023-11-10,2023-12-08,6.0,4.448574066162109,0.0,16.079130172729492
H,7,4,2023-11-17,2023-12-15,10.0,4.538620471954346,0.0,16.16917610168457
H,7,4,2023-11-24,2023-12-22,5.0,4.941959381103516,0.0,16.5725154876709
H,7,4,2023-12-01,2023-12-29,8.0,5.824950218200684,0.0,17.45550537109375
H,7,4,2023-12-08,2024-01-05,4.0,6.076221466064453,0.0,17.706777572631836
H,7,4,2023-12-15,2024-01-12,9.0,6.432350158691406,0.0,18.06290626525879
H,7,4,2023-12-22,2024-01-19,4.0,5.917510032653809,0.0,17.548065185546875
H,7,4,2023-12-29,2024-01-26,4.0,6.692262649536133,0.0,18.322818756103516
H,7,4,2024-01-05,2024-02-02,1.0,5.66391658782959,0.0,17.294471740722656
H,7,4,2024-01-12,2024-02-09,9.0,4.287107467651367,0.0,15.91766357421875
H,7,4,2024-01-19,2024-02-16,6.0,4.019724369049072,0.0,15.650279998779297
H,7,4,2024-01-26,2024-02-23,3.0,3.2114806175231934,0.0,14.842037200927734
H,7,4,2024-02-02,2024-03-01,1.0,2.959442138671875,0.0,14.589998245239258
H,7,4,2024-02-09,2024-03-08,1.0,2.2031068801879883,0.0,13.833662986755371
H,7,4,2024-02-16,2024-03-15,4.0,1.6819874048233032,0.0,13.312543869018555
H,7,4,2024-02-23,2024-03-22,2.0,1.4006472826004028,0.0,12.81049633026123
H,7,4,2024-03-01,2024-03-29,1.0,1.5097600221633911,0.0,12.919609069824219
H,7,4,2024-03-08,2024-04-05,3.0,1.3619270324707031,0.0,12.77177619934082
H,7,4,2024-03-15,2024-04-12,2.0,1.314354658126831,0.0,12.724204063415527
H,7,4,2024-03-22,2024-04-19,0.0,1.327666997909546,0.0,12.737516403198242
H,7,4,2024-03-29,2024-04-26,2.0,1.1837899684906006,0.0,12.593639373779297
H,7,4,2024-04-05,2024-05-03,4.0,1.0398359298706055,0.0,12.449685096740723
H,7,4,2024-04-12,2024-05-10,0.0,1.3366501331329346,0.0,12.746499061584473
H,7,4,2024-04-19,2024-05-17,1.0,0.7273447513580322,0.0,12.13719367980957
H,7,4,2024-04-26,2024-05-24,0.0,0.773543119430542,0.0,12.183392524719238
H,7,4,2024-05-03,2024-05-31,1.0,0.8728917837142944,0.0,12.282740592956543
H,7,4,2024-05-10,2024-06-07,3.0,1.2704466581344604,0.0,12.680295944213867
H,7,4,2024-05-17,2024-06-14,4.0,1.6149075031280518,0.0,13.02475643157959
H,7,4,2024-05-24,2024-06-21,1.0,1.4410655498504639,0.0,12.85091495513916
H,7,4,2024-05-31,2024-06-28,7.0,1.9533970355987549,0.0,13.363245964050293
H,7,4,2024-06-07,2024-07-05,2.0,2.600062847137451,0.0,14.009912490844727
H,7,4,2024-06-14,2024-07-12,5.0,3.6219887733459473,0.0,15.031837463378906
H,7,4,2024-06-21,2024-07-19,5.0,4.248293399810791,0.0,15.65814208984375
H,7,4,2024-06-28,2024-07-26,8.0,6.347068786621094,0.0,17.75691795349121
H,7,4,2024-07-05,2024-08-02,14.0,7.633279323577881,0.0,19.043128967285156
H,7,4,2024-07-12,2024-08-09,11.0,8.761820793151855,0.0,20.171669006347656
H,7,4,2024-07-19,2024-08-16,9.0,8.768195152282715,0.0,20.178043365478516
H,7,4,2024-07-26,2024-08-23,7.0,9.969082832336426,0.0,21.37893295288086
H,7,4,2024-08-02,2024-08-30,14.0,11.583466529846191,0.0,22.993316650390625
H,7,4,2024-08-09,2024-09-06,15.0,13.164692878723145,1.1165170669555664,24.574542999267578
H,7,4,2024-08-16,2024-09-13,22.0,14.718443870544434,2.6702680587768555,26.128292083740234
H,7,4,2024-08-23,2024-09-20,15.0,17.500844955444336,5.452669143676758,28.910694122314453
H,7,4,2024-08-30,2024-09-27,23.0,18.94710350036621,6.898927688598633,30.356952667236328
H,7,4,2024-09-06,2024-10-04,29.0,18.6656551361084,7.791228294372559,30.075504302978516
H,7,4,2024-09-13,2024-10-11,29.0,21.255582809448242,16.59166717529297,32.66543197631836
H,7,4,2024-09-20,2024-10-18,22.0,23.647615432739258,18.983699798583984,35.057464599609375
H,7,4,2024-09-27,2024-10-25,28.0,21.78058433532715,17.116668701171875,33.190433502197266
H,7,4,2024-10-04,2024-11-01,45.0,18.049654006958008,13.385737419128418,29.459503173828125
H,7,4,2024-10-11,2024-11-08,22.0,17.191316604614258,12.527400016784668,28.601165771484375
H,7,4,2024-10-18,2024-11-15,35.0,17.008319854736328,12.344403266906738,28.418169021606445
H,7,4,2024-10-25,2024-11-22,29.0,15.660077095031738,10.996160507202148,27.069927215576172
H,7,4,2024-11-01,2024-11-29,22.0,15.075716018676758,10.411799430847168,26.485565185546875
H,7,4,2024-11-08,2024-12-06,25.0,15.232512474060059,10.568595886230469,26.64236068725586
H,7,4,2024-11-15,2024-12-13,16.0,15.961730003356934,11.297813415527344,42.91207504272461
H,7,4,2024-11-22,2024-12-20,16.0,13.960171699523926,9.296255111694336,40.910518646240234
H,7,4,2024-11-29,2024-12-27,4.0,14.146017074584961,9.482100486755371,41.09636306762695
H,7,4,2024-12-06,2025-01-03,13.0,13.528939247131348,8.865022659301758,40.479286193847656
H,7,4,2024-12-13,2025-01-10,24.0,12.452956199645996,7.789039611816406,39.40330123901367
H,7,4,2024-12-20,2025-01-17,14.0,11.61858081817627,6.95466423034668,38.56892776489258
H,7,4,2024-12-27,2025-01-24,23.0,10.370807647705078,5.706891059875488,37.32115173339844
H,7,4,2025-01-03,2025-01-31,28.0,9.46729564666748,4.803379058837891,36.417640686035156
H,7,4,2025-01-10,2025-02-07,26.0,9.92476749420166,0.0,36.87511444091797
H,7,4,2025-01-17,2025-02-14,26.0,8.511756896972656,0.0,35.46210479736328
H,7,4,2025-01-24,2025-02-21,26.0,10.395617485046387,0.24960041046142578,37.34596252441406
H,7,4,2025-01-31,2025-02-28,22.0,13.477887153625488,3.3318700790405273,40.4282341003418
H,7,4,2025-02-07,2025-03-07,8.0,14.573603630065918,4.427586555480957,41.523948669433594
H,7,4,2025-02-14,2025-03-14,13.0,15.871705055236816,5.7256879806518555,42.822052001953125
H,7,4,2025-02-21,2025-03-21,13.0,16.435056686401367,6.289039611816406,43.38540267944336
H,7,4,2025-02-28,2025-03-28,18.0,17.106502532958984,6.960485458374023,44.056846618652344
H,7,4,2025-03-07,2025-04-04,15.0,15.905752182006836,5.759735107421875,42.85609817504883
H,7,4,2025-03-14,2025-04-11,10.0,14.365738868713379,4.219721794128418,41.31608581542969
H,7,4,2025-03-21,2025-04-18,9.0,13.260109901428223,3.1140928268432617,40.21045684814453
H,7,4,2025-03-28,2025-04-25,11.0,12.837865829467773,2.6918487548828125,39.788211822509766
H,7,4,2025-04-04,2025-05-02,8.0,13.314834594726562,3.1688175201416016,40.26518249511719
H,7,4,2025-04-11,2025-05-09,5.0,14.514239311218262,4.368222236633301,41.46458435058594
H,7,4,2025-04-18,2025-05-16,3.0,13.788000106811523,3.6419830322265625,40.738346099853516
H,7,4,2025-04-25,2025-05-23,3.0,12.21649169921875,2.070474624633789,39.166839599609375
H,7,4,2025-05-02,2025-05-30,4.0,12.295182228088379,2.149165153503418,39.24552917480469
H,7,4,2025-05-09,2025-06-06,5.0,12.461043357849121,2.31502628326416,39.4113883972168
H,7,4,2025-05-16,2025-06-13,6.0,10.27574634552002,0.1297292709350586,37.22609329223633
H,7,4,2025-05-23,2025-06-20,6.0,7.891915321350098,0.0,34.842262268066406
H,7,4,2025-05-30,2025-06-27,8.0,6.9486212730407715,0.0,33.89896774291992
H,7,4,2025-06-06,2025-07-04,9.0,7.395073890686035,0.0,34.345420837402344
H,7,4,2025-06-13,2025-07-11,12.0,9.28217887878418,0.0,36.23252487182617
H,7,4,2025-06-20,2025-07-18,10.0,9.449719429016113,0.0,36.40006637573242
H,7,4,2025-06-27,2025-07-25,15.0,10.711057662963867,0.0,37.66140365600586
H,7,4,2025-07-04,2025-08-01,19.0,12.656662940979004,1.8686628341674805,39.60700988769531
H,7,4,2025-07-11,2025-08-08,20.0,19.085050582885742,8.297050476074219,46.035396575927734
H,7,4,2025-07-18,2025-08-15,16.0,19.667734146118164,8.87973403930664,46.618080139160156
H,7,4,2025-07-25,2025-08-22,18.0,14.077678680419922,3.2896785736083984,41.02802276611328
H,7,4,2025-08-01,2025-08-29,20.0,11.451361656188965,0.6633615493774414,38.40170669555664
H,7,4,2025-08-08,2025-09-05,,9.625016212463379,0.0,36.57536315917969
H,7,4,2025-08-15,2025-09-12,,10.052899360656738,0.0,37.00324630737305
H,7,4,2025-08-22,2025-09-19,,10.067994117736816,0.0,37.018341064453125
H,7,8,2023-02-17,2023-04-14,3.0,2.5287561416625977,0.0,11.6544828414917
H,7,8,2023-02-24,2023-04-21,4.0,1.9138615131378174,0.0,11.03958797454834
H,7,8,2023-03-03,2023-04-28,3.0,1.5831596851348877,0.0,10.70888614654541
H,7,8,2023-03-10,2023-05-05,0.0,1.4664603471755981,0.0,10.59218692779541
H,7,8,2023-03-17,2023-05-12,3.0,1.6420531272888184,0.0,10.767780303955078
H,7,8,2023-03-24,2023-05-19,0.0,2.4729068279266357,0.0,11.598633766174316
H,7,8,2023-03-31,2023-05-26,7.0,3.1925320625305176,0.0,12.318258285522461
H,7,8,2023-04-07,2023-06-02,3.0,3.7013306617736816,0.0,12.827056884765625
H,7,8,2023-04-14,2023-06-09,8.0,5.449406623840332,0.0,14.575133323669434
H,7,8,2023-04-21,2023-06-16,11.0,7.5757293701171875,0.0,16.70145606994629
H,7,8,2023-04-28,2023-06-23,6.0,9.348841667175293,0.0,18.474567413330078
H,7,8,2023-05-05,2023-06-30,10.0,10.668081283569336,0.0,19.793807983398438
H,7,8,2023-05-12,2023-07-07,3.0,15.521993637084961,3.6500587463378906,24.647720336914062
H,7,8,2023-05-19,2023-07-14,8.0,16.96491050720215,5.092975616455078,26.09063720703125
H,7,8,2023-05-26,2023-07-21,14.0,15.284086227416992,3.412151336669922,24.409812927246094
H,7,8,2023-06-02,2023-07-28,11.0,18.62410545349121,6.752170562744141,27.749832153320312
H,7,8,2023-06-09,2023-08-04,5.0,22.81754493713379,10.945610046386719,31.94327163696289
H,7,8,2023-06-16,2023-08-11,8.0,31.33953857421875,19.46760368347168,40.46526336669922
H,7,8,2023-06-23,2023-08-18,13.0,32.94300079345703,21.07106590270996,42.0687255859375
H,7,8,2023-06-30,2023-08-25,9.0,33.16258239746094,21.290647506713867,42.288307189941406
H,7,8,2023-07-07,2023-09-01,5.0,33.12348556518555,21.251550674438477,42.24921417236328
H,7,8,2023-07-14,2023-09-08,9.0,33.030357360839844,21.158422470092773,42.15608215332031
H,7,8,2023-07-21,2023-09-15,6.0,31.48710060119629,18.965106964111328,40.61282730102539
H,7,8,2023-07-28,2023-09-22,13.0,18.028196334838867,5.506202697753906,27.15392303466797
H,7,8,2023-08-04,2023-09-29,6.0,13.00675106048584,0.4847574234008789,22.132476806640625
H,7,8,2023-08-11,2023-10-06,17.0,7.847814559936523,0.0,16.973541259765625
H,7,8,2023-08-18,2023-10-13,10.0,6.803256511688232,0.0,15.928983688354492
H,7,8,2023-08-25,2023-10-20,9.0,7.12203311920166,0.0,16.247760772705078
H,7,8,2023-09-01,2023-10-27,5.0,7.947014808654785,0.0,17.072742462158203
H,7,8,2023-09-08,2023-11-03,5.0,7.085597038269043,0.0,16.211322784423828
H,7,8,2023-09-15,2023-11-10,13.0,7.04154109954834,0.0,16.167266845703125
H,7,8,2023-09-22,2023-11-17,13.0,6.848243713378906,0.0,15.973970413208008
H,7,8,2023-09-29,2023-11-24,16.0,6.1587090492248535,0.0,15.284435272216797
H,7,8,2023-10-06,2023-12-01,5.0,7.1134138107299805,0.0,16.239139556884766
H,7,8,2023-10-13,2023-12-08,6.0,7.287476539611816,0.0,16.413204193115234
H,7,8,2023-10-20,2023-12-15,10.0,5.082676410675049,0.0,14.234861373901367
H,7,8,2023-10-27,2023-12-22,5.0,4.472578048706055,0.0,13.624763488769531
H,7,8,2023-11-03,2023-12-29,8.0,5.047636985778809,0.0,14.199822425842285
H,7,8,2023-11-10,2024-01-05,4.0,4.806784629821777,0.0,13.958970069885254
H,7,8,2023-11-17,2024-01-12,9.0,5.17419958114624,0.0,14.326385498046875
H,7,8,2023-11-24,2024-01-19,4.0,6.026776313781738,0.0,15.178961753845215
H,7,8,2023-12-01,2024-01-26,4.0,7.558623313903809,0.0,16.71080780029297
H,7,8,2023-12-08,2024-02-02,1.0,7.958492279052734,0.0,17.79978370666504
H,7,8,2023-12-15,2024-02-09,9.0,8.063899040222168,0.0,17.905189514160156
H,7,8,2023-12-22,2024-02-16,6.0,6.3248372077941895,0.0,16.166128158569336
H,7,8,2023-12-29,2024-02-23,3.0,6.300130844116211,0.0,16.141422271728516
H,7,8,2024-01-05,2024-03-01,1.0,5.033308506011963,0.0,14.87459945678711
H,7,8,2024-01-12,2024-03-08,1.0,3.363506317138672,0.0,13.204797744750977
H,7,8,2024-01-19,2024-03-15,4.0,2.9708597660064697,0.0,12.812150955200195
H,7,8,2024-01-26,2024-03-22,2.0,2.1423397064208984,0.0,11.983631134033203
H,7,8,2024-02-02,2024-03-29,1.0,2.0939011573791504,0.0,11.935192108154297
H,7,8,2024-02-09,2024-04-05,3.0,1.7604632377624512,0.0,11.601755142211914
H,7,8,2024-02-16,2024-04-12,2.0,1.652491807937622,0.0,11.493782997131348
H,7,8,2024-02-23,2024-04-19,0.0,1.5581820011138916,0.0,11.399473190307617
H,7,8,2024-03-01,2024-04-26,2.0,1.8713064193725586,0.0,11.712597846984863
H,7,8,2024-03-08,2024-05-03,4.0,1.8266832828521729,0.0,11.667974472045898
H,7,8,2024-03-15,2024-05-10,0.0,1.9296597242355347,0.0,11.770951271057129
H,7,8,2024-03-22,2024-05-17,1.0,2.1419618129730225,0.0,11.983253479003906
H,7,8,2024-03-29,2024-05-24,0.0,2.0890398025512695,0.0,11.930331230163574
H,7,8,2024-04-05,2024-05-31,1.0,2.0815677642822266,0.0,11.922859191894531
H,7,8,2024-04-12,2024-06-07,3.0,2.744021415710449,0.0,12.585312843322754
H,7,8,2024-04-19,2024-06-14,4.0,1.802065372467041,0.0,11.643356323242188
H,7,8,2024-04-26,2024-06-21,1.0,1.9941718578338623,0.0,11.835463523864746
H,7,8,2024-05-03,2024-06-28,7.0,2.3010659217834473,0.0,12.142356872558594
H,7,8,2024-05-10,2024-07-05,2.0,3.2259812355041504,0.0,13.067272186279297
H,7,8,2024-05-17,2024-07-12,5.0,4.040012836456299,0.0,13.881303787231445
H,7,8,2024-05-24,2024-07-19,5.0,3.389726161956787,0.0,13.23101806640625
H,7,8,2024-05-31,2024-07-26,8.0,4.397195816040039,0.0,14.238487243652344
H,7,8,2024-06-07,2024-08-02,14.0,4.896063804626465,0.0,14.73735523223877
H,7,8,2024-06-14,2024-08-09,11.0,5.757955551147461,0.0,15.599246978759766
H,7,8,2024-06-21,2024-08-16,9.0,6.632586479187012,0.0,16.473876953125
H,7,8,2024-06-28,2024-08-23,7.0,10.339608192443848,0.0,20.18090057373047
H,7,8,2024-07-05,2024-08-30,14.0,12.136574745178223,0.0,21.977867126464844
H,7,8,2024-07-12,2024-09-06,15.0,15.044647216796875,0.0,24.88593864440918
H,7,8,2024-07-19,2024-09-13,22.0,15.163555145263672,0.0,25.004846572875977
H,7,8,2024-07-26,2024-09-20,15.0,15.448775291442871,0.0,25.29006576538086
H,7,8,2024-08-02,2024-09-27,23.0,14.183489799499512,0.0,24.0247802734375
H,7,8,2024-08-09,2024-10-04,29.0,14.152605056762695,0.0,23.993896484375
H,7,8,2024-08-16,2024-10-11,29.0,15.675407409667969,0.0,25.516698837280273
H,7,8,2024-08-23,2024-10-18,22.0,16.933828353881836,0.0,26.77511978149414
H,7,8,2024-08-30,2024-10-25,28.0,16.409038543701172,0.0,26.250329971313477
H,7,8,2024-09-06,2024-11-01,45.0,15.43191909790039,0.0,25.273210525512695
H,7,8,2024-09-13,2024-11-08,22.0,15.735523223876953,0.0,25.576814651489258
H,7,8,2024-09-20,2024-11-15,35.0,16.54140281677246,0.0,26.382694244384766
H,7,8,2024-09-27,2024-11-22,29.0,16.336782455444336,9.330031394958496,26.17807388305664
H,7,8,2024-10-04,2024-11-29,22.0,14.369660377502441,7.362909317016602,24.210952758789062
H,7,8,2024-10-11,2024-12-06,25.0,13.210896492004395,6.25240421295166,23.052188873291016
H,7,8,2024-10-18,2024-12-13,16.0,12.740443229675293,5.781950950622559,27.58783721923828
H,7,8,2024-10-25,2024-12-20,16.0,11.268134117126465,4.3096418380737305,26.115528106689453
H,7,8,2024-11-01,2024-12-27,4.0,10.81536865234375,3.8568763732910156,25.662763595581055
H,7,8,2024-11-08,2025-01-03,13.0,11.326138496398926,4.367646217346191,26.173534393310547
H,7,8,2024-11-15,2025-01-10,24.0,14.016979217529297,7.0584869384765625,43.585060119628906
H,7,8,2024-11-22,2025-01-17,14.0,12.186388969421387,5.227896690368652,41.75447082519531
H,7,8,2024-11-29,2025-01-24,23.0,12.792913436889648,5.834421157836914,42.360992431640625
H,7,8,2024-12-06,2025-01-31,28.0,11.277027130126953,4.318534851074219,40.84510803222656
H,7,8,2024-12-13,2025-02-07,26.0,10.345608711242676,3.3871164321899414,39.91368865966797
H,7,8,2024-12-20,2025-02-14,26.0,9.815542221069336,2.8570499420166016,39.38362121582031
H,7,8,2024-12-27,2025-02-21,26.0,9.415589332580566,2.457097053527832,38.98366928100586
H,7,8,2025-01-03,2025-02-28,22.0,8.958765983581543,2.0002737045288086,38.52684783935547
H,7,8,2025-01-10,2025-03-07,8.0,9.571233749389648,2.612741470336914,39.139312744140625
H,7,8,2025-01-17,2025-03-14,13.0,7.757197380065918,0.7987051010131836,37.325279235839844
H,7,8,2025-01-24,2025-03-21,13.0,9.224698066711426,2.2662057876586914,38.79277801513672
H,7,8,2025-01-31,2025-03-28,18.0,11.628771781921387,4.670279502868652,41.19685363769531
H,7,8,2025-02-07,2025-04-04,15.0,11.961857795715332,5.003365516662598,41.529937744140625
H,7,8,2025-02-14,2025-04-11,10.0,12.829203605651855,6.0138349533081055,42.39728546142578
H,7,8,2025-02-21,2025-04-18,9.0,13.511702537536621,6.696333885192871,43.07978439331055
H,7,8,2025-02-28,2025-04-25,11.0,15.392683982849121,8.577315330505371,44.96076583862305
H,7,8,2025-03-07,2025-05-02,8.0,14.654080390930176,7.838711738586426,44.22216033935547
H,7,8,2025-03-14,2025-05-09,5.0,13.535751342773438,6.7203826904296875,43.10383224487305
H,7,8,2025-03-21,2025-05-16,3.0,14.275906562805176,7.460537910461426,43.84398651123047
H,7,8,2025-03-28,2025-05-23,3.0,18.6666202545166,11.851251602172852,48.234703063964844
H,7,8,2025-04-04,2025-05-30,4.0,24.293485641479492,17.478116989135742,53.86156463623047
H,7,8,2025-04-11,2025-06-06,5.0,30.98929786682129,24.17392921447754,60.55738067626953
H,7,8,2025-04-18,2025-06-13,6.0,30.50916290283203,23.69379425048828,60.07724380493164
H,7,8,2025-04-25,2025-06-20,6.0,28.313112258911133,21.497743606567383,57.881195068359375
H,7,8,2025-05-02,2025-06-27,8.0,29.6968936920166,22.88152503967285,59.264976501464844
H,7,8,2025-05-09,2025-07-04,9.0,31.00763702392578,24.19226837158203,60.57571792602539
H,7,8,2025-05-16,2025-07-11,12.0,28.557580947875977,21.742212295532227,58.12566375732422
H,7,8,2025-05-23,2025-07-18,10.0,22.18340301513672,13.647651672363281,51.75148391723633
H,7,8,2025-05-30,2025-07-25,15.0,18.580148696899414,7.304242134094238,48.148231506347656
H,7,8,2025-06-06,2025-08-01,19.0,18.33750343322754,2.6708831787109375,47.90558624267578
H,7,8,2025-06-13,2025-08-08,20.0,25.21721839904785,4.923732757568359,54.785301208496094
H,7,8,2025-06-20,2025-08-15,16.0,25.578908920288086,0.0,55.14698791503906
H,7,8,2025-06-27,2025-08-22,18.0,26.021150588989258,0.03185272216796875,55.5892333984375
H,7,8,2025-07-04,2025-08-29,20.0,15.459066390991211,0.0,45.02714538574219
H,7,8,2025-07-11,2025-09-05,,16.53605079650879,0.0,46.10413360595703
H,7,8,2025-07-18,2025-09-12,,14.222853660583496,0.0,43.79093551635742
H,7,8,2025-07-25,2025-09-19,,9.183682441711426,0.0,38.75176239013672
H,7,8,2025-08-01,2025-09-26,,6.828715801239014,0.0,36.39679718017578
H,7,8,2025-08-08,2025-10-03,,4.971309661865234,0.0,34.539390563964844
H,7,8,2025-08-15,2025-10-10,,5.048320770263672,0.0,34.61640167236328
H,7,8,2025-08-22,2025-10-17,,4.806402206420898,0.0,34.374481201171875
H,7,12,2023-02-17,2023-05-12,3.0,2.3548755645751953,0.0,10.891592979431152
H,7,12,2023-02-24,2023-05-19,0.0,2.131108522415161,0.0,10.667825698852539
H,7,12,2023-03-03,2023-05-26,7.0,2.005220890045166,0.0,10.541938781738281
H,7,12,2023-03-10,2023-06-02,3.0,2.1349427700042725,0.0,10.671660423278809
H,7,12,2023-03-17,2023-06-09,8.0,2.4023165702819824,0.0,10.939033508300781
H,7,12,2023-03-24,2023-06-16,11.0,3.6567254066467285,0.0,12.193443298339844
H,7,12,2023-03-31,2023-06-23,6.0,5.122725963592529,0.0,13.659442901611328
H,7,12,2023-04-07,2023-06-30,10.0,6.3002238273620605,0.0,14.83694076538086
H,7,12,2023-04-14,2023-07-07,3.0,10.490239143371582,0.0,19.02695655822754
H,7,12,2023-04-21,2023-07-14,8.0,17.527875900268555,0.0,26.064594268798828
H,7,12,2023-04-28,2023-07-21,14.0,23.172529220581055,2.3164901733398438,31.709247589111328
H,7,12,2023-05-05,2023-07-28,11.0,27.788631439208984,6.932592391967773,36.325347900390625
H,7,12,2023-05-12,2023-08-04,5.0,33.08409118652344,12.228052139282227,41.62080764770508
H,7,12,2023-05-19,2023-08-11,8.0,33.20750427246094,12.351465225219727,41.74422073364258
H,7,12,2023-05-26,2023-08-18,13.0,32.92958068847656,12.073541641235352,41.4662971496582
H,7,12,2023-06-02,2023-08-25,9.0,32.085636138916016,11.229597091674805,40.622352600097656
H,7,12,2023-06-09,2023-09-01,5.0,24.983564376831055,4.127525329589844,33.52028274536133
H,7,12,2023-06-16,2023-09-08,9.0,33.24309158325195,12.387052536010742,41.779808044433594
H,7,12,2023-06-23,2023-09-15,6.0,33.30132293701172,12.445283889770508,41.83803939819336
H,7,12,2023-06-30,2023-09-22,13.0,33.30701446533203,12.45097541809082,41.84373092651367
H,7,12,2023-07-07,2023-09-29,6.0,33.30704116821289,12.45100212097168,41.84375762939453
H,7,12,2023-07-14,2023-10-06,17.0,33.29618453979492,12.440145492553711,41.83290100097656
H,7,12,2023-07-21,2023-10-13,10.0,17.487009048461914,0.0,26.023727416992188
H,7,12,2023-07-28,2023-10-20,9.0,14.793448448181152,0.0,23.33016586303711
H,7,12,2023-08-04,2023-10-27,5.0,9.541510581970215,0.0,18.078227996826172
H,7,12,2023-08-11,2023-11-03,5.0,6.17185115814209,0.0,14.404298782348633
H,7,12,2023-08-18,2023-11-10,13.0,5.681946754455566,0.0,13.91439437866211
H,7,12,2023-08-25,2023-11-17,13.0,6.135245323181152,0.0,14.367692947387695
H,7,12,2023-09-01,2023-11-24,16.0,6.4807586669921875,0.0,14.71320629119873
H,7,12,2023-09-08,2023-12-01,5.0,5.875704765319824,0.0,14.108152389526367
H,7,12,2023-09-15,2023-12-08,6.0,6.742109298706055,0.0,14.974556922912598
H,7,12,2023-09-22,2023-12-15,10.0,6.5993146896362305,0.0,14.831762313842773
H,7,12,2023-09-29,2023-12-22,5.0,6.586953639984131,0.0,14.819400787353516
H,7,12,2023-10-06,2023-12-29,8.0,8.680434226989746,0.0,16.91288185119629
H,7,12,2023-10-13,2024-01-05,4.0,11.249377250671387,0.0,19.48182487487793
H,7,12,2023-10-20,2024-01-12,9.0,7.0215349197387695,0.0,15.253982543945312
H,7,12,2023-10-27,2024-01-19,4.0,6.482088088989258,0.0,14.7145357131958
H,7,12,2023-11-03,2024-01-26,4.0,8.148229598999023,0.0,16.38067626953125
H,7,12,2023-11-10,2024-02-02,1.0,7.184653282165527,0.0,15.41710090637207
H,7,12,2023-11-17,2024-02-09,9.0,7.612740516662598,0.0,15.84518814086914
H,7,12,2023-11-24,2024-02-16,6.0,8.697233200073242,0.0,16.92967987060547
H,7,12,2023-12-01,2024-02-23,3.0,11.841198921203613,0.0,20.073646545410156
H,7,12,2023-12-08,2024-03-01,1.0,13.938426971435547,0.0,23.45766830444336
H,7,12,2023-12-15,2024-03-08,1.0,14.338382720947266,0.0,23.857624053955078
H,7,12,2023-12-22,2024-03-15,4.0,8.66110897064209,0.0,18.18035125732422
H,7,12,2023-12-29,2024-03-22,2.0,7.930519104003906,0.0,17.44976043701172
H,7,12,2024-01-05,2024-03-29,1.0,5.929135322570801,0.0,15.448376655578613
H,7,12,2024-01-12,2024-04-05,3.0,3.6602015495300293,0.0,13.179443359375
H,7,12,2024-01-19,2024-04-12,2.0,3.22061824798584,0.0,12.739859580993652
H,7,12,2024-01-26,2024-04-19,0.0,2.454881191253662,0.0,11.974123001098633
H,7,12,2024-02-02,2024-04-26,2.0,2.6139984130859375,0.0,12.13323974609375
H,7,12,2024-02-09,2024-05-03,4.0,2.5120606422424316,0.0,12.031301498413086
H,7,12,2024-02-16,2024-05-10,0.0,2.6328125,0.0,12.152053833007812
H,7,12,2024-02-23,2024-05-17,1.0,2.642214059829712,0.0,12.161455154418945
H,7,12,2024-03-01,2024-05-24,0.0,3.2102222442626953,0.0,12.729463577270508
H,7,12,2024-03-08,2024-05-31,1.0,3.2283196449279785,0.0,12.747560501098633
H,7,12,2024-03-15,2024-06-07,3.0,3.4413042068481445,0.0,12.960545539855957
H,7,12,2024-03-22,2024-06-14,4.0,3.8761966228485107,0.0,13.395438194274902
H,7,12,2024-03-29,2024-06-21,1.0,3.8372583389282227,0.0,13.356499671936035
H,7,12,2024-04-05,2024-06-28,7.0,3.905323028564453,0.0,13.424564361572266
H,7,12,2024-04-12,2024-07-05,2.0,5.206026077270508,0.0,14.72526741027832
H,7,12,2024-04-19,2024-07-12,5.0,3.538630962371826,0.0,13.057872772216797
H,7,12,2024-04-26,2024-07-19,5.0,3.9233856201171875,0.0,13.442626953125
H,7,12,2024-05-03,2024-07-26,8.0,4.562800884246826,0.0,14.082042694091797
H,7,12,2024-05-10,2024-08-02,14.0,6.57195520401001,0.0,16.091196060180664
H,7,12,2024-05-17,2024-08-09,11.0,8.349238395690918,0.0,17.868480682373047
H,7,12,2024-05-24,2024-08-16,9.0,6.8822550773620605,0.0,16.40149688720703
H,7,12,2024-05-31,2024-08-23,7.0,8.5344820022583,0.0,18.053722381591797
H,7,12,2024-06-07,2024-08-30,14.0,8.777693748474121,0.0,18.29693603515625
H,7,12,2024-06-14,2024-09-06,15.0,9.491730690002441,0.0,19.010971069335938
H,7,12,2024-06-21,2024-09-13,22.0,11.268729209899902,0.0,20.78797149658203
H,7,12,2024-06-28,2024-09-20,15.0,17.54092788696289,0.0,27.060169219970703
H,7,12,2024-07-05,2024-09-27,23.0,18.948015213012695,0.0,28.467256546020508
H,7,12,2024-07-12,2024-10-04,29.0,18.061254501342773,0.0,27.580495834350586
H,7,12,2024-07-19,2024-10-11,29.0,13.102932929992676,0.0,22.622173309326172
H,7,12,2024-07-26,2024-10-18,22.0,11.319001197814941,0.0,20.838241577148438
H,7,12,2024-08-02,2024-10-25,28.0,10.245501518249512,0.0,19.76474380493164
H,7,12,2024-08-09,2024-11-01,45.0,10.304741859436035,0.0,19.82398223876953
H,7,12,2024-08-16,2024-11-08,22.0,12.098252296447754,0.0,21.61749267578125
H,7,12,2024-08-23,2024-11-15,35.0,13.397908210754395,0.0,22.91714859008789
H,7,12,2024-08-30,2024-11-22,29.0,13.062968254089355,0.0,22.582210540771484
H,7,12,2024-09-06,2024-11-29,22.0,11.833972930908203,0.0,21.353214263916016
H,7,12,2024-09-13,2024-12-06,25.0,12.13357162475586,0.0,21.652812957763672
H,7,12,2024-09-20,2024-12-13,16.0,13.345065116882324,0.0,22.864307403564453
H,7,12,2024-09-27,2024-12-20,16.0,13.256088256835938,0.0,23.98735809326172
H,7,12,2024-10-04,2024-12-27,4.0,10.53581714630127,0.0,21.267087936401367
H,7,12,2024-10-11,2025-01-03,13.0,8.715704917907715,0.0,19.446975708007812
H,7,12,2024-10-18,2025-01-10,24.0,8.384997367858887,0.0,19.323741912841797
H,7,12,2024-10-25,2025-01-17,14.0,7.457258224487305,0.0,23.354324340820312
H,7,12,2024-11-01,2025-01-24,23.0,7.172760009765625,0.0,23.069828033447266
H,7,12,2024-11-08,2025-01-31,28.0,7.651683807373047,0.0,25.40618133544922
H,7,12,2024-11-15,2025-02-07,26.0,11.934886932373047,0.0,46.63014602661133
H,7,12,2024-11-22,2025-02-14,26.0,12.325684547424316,0.0,47.02094268798828
H,7,12,2024-11-29,2025-02-21,26.0,15.320099830627441,1.9817171096801758,50.015357971191406
H,7,12,2024-12-06,2025-02-28,22.0,11.222138404846191,0.0,45.917396545410156
H,7,12,2024-12-13,2025-03-07,8.0,11.113215446472168,0.0,45.808475494384766
H,7,12,2024-12-20,2025-03-14,13.0,10.32189655303955,0.0,45.017154693603516
H,7,12,2024-12-27,2025-03-21,13.0,10.17833423614502,0.0,44.873592376708984
H,7,12,2025-01-03,2025-03-28,18.0,8.804794311523438,0.0,43.50005340576172
H,7,12,2025-01-10,2025-04-04,15.0,8.7361421585083,0.0,43.431400299072266
H,7,12,2025-01-17,2025-04-11,10.0,6.815250396728516,0.0,41.5105094909668
H,7,12,2025-01-24,2025-04-18,9.0,7.9450225830078125,0.0,42.640281677246094
H,7,12,2025-01-31,2025-04-25,11.0,10.240878105163574,0.0,44.93613815307617
H,7,12,2025-02-07,2025-05-02,8.0,10.406203269958496,0.0,45.101463317871094
H,7,12,2025-02-14,2025-05-09,5.0,11.13263988494873,0.0,45.82789993286133
H,7,12,2025-02-21,2025-05-16,3.0,11.7457857131958,0.0,46.441043853759766
H,7,12,2025-02-28,2025-05-23,3.0,15.434295654296875,2.0959129333496094,50.129554748535156
H,7,12,2025-03-07,2025-05-30,4.0,15.980606079101562,2.642223358154297,50.675865173339844
H,7,12,2025-03-14,2025-06-06,5.0,16.635019302368164,3.2966365814208984,51.33027648925781
H,7,12,2025-03-21,2025-06-13,6.0,28.98516082763672,22.449344635009766,63.680419921875
H,7,12,2025-03-28,2025-06-20,6.0,33.172691345214844,26.63687515258789,67.86795043945312
H,7,12,2025-04-04,2025-06-27,8.0,33.2918586730957,26.75604248046875,67.98712158203125
H,7,12,2025-04-11,2025-07-04,9.0,33.307579040527344,26.77176284790039,68.00283813476562
H,7,12,2025-04-18,2025-07-11,12.0,33.30713653564453,26.771320343017578,68.00239562988281
H,7,12,2025-04-25,2025-07-18,10.0,33.30430221557617,26.76848602294922,67.99955749511719
H,7,12,2025-05-02,2025-07-25,15.0,33.30626678466797,26.770450592041016,68.00152587890625
H,7,12,2025-05-09,2025-08-01,19.0,33.30772399902344,26.771907806396484,68.00298309326172
H,7,12,2025-05-16,2025-08-08,20.0,33.304786682128906,26.768970489501953,68.00004577636719
H,7,12,2025-05-23,2025-08-15,16.0,33.287384033203125,26.751567840576172,67.9826431274414
H,7,12,2025-05-30,2025-08-22,18.0,33.22901153564453,24.483226776123047,67.92427062988281
H,7,12,2025-06-06,2025-08-29,20.0,32.187660217285156,19.75336456298828,66.88291931152344
H,7,12,2025-06-13,2025-09-05,,33.272830963134766,20.83853530883789,67.96809387207031
H,7,12,2025-06-20,2025-09-12,,32.86749267578125,20.433197021484375,67.56275177001953
H,7,12,2025-06-27,2025-09-19,,20.92389488220215,0.0,55.61915588378906
H,7,12,2025-07-04,2025-09-26,,11.594269752502441,0.0,46.289527893066406
H,7,12,2025-07-11,2025-10-03,,12.926233291625977,0.0,47.621490478515625
H,7,12,2025-07-18,2025-10-10,,9.400921821594238,0.0,44.0961799621582
H,7,12,2025-07-25,2025-10-17,,4.9388227462768555,0.0,39.63408279418945
H,7,12,2025-08-01,2025-10-24,,3.862159252166748,0.0,38.55741882324219
H,7,12,2025-08-08,2025-10-31,,2.7185134887695312,0.0,37.41377258300781
H,7,12,2025-08-15,2025-11-07,,2.870964527130127,0.0,37.56622314453125
H,7,12,2025-08-22,2025-11-14,,2.835174322128296,0.0,37.530433654785156
I,8,1,2023-02-17,2023-02-24,6.0,8.375267028808594,0.0,37.22051239013672
I,8,1,2023-02-24,2023-03-03,8.0,7.145843505859375,0.0,35.9910888671875
I,8,1,2023-03-03,2023-03-10,9.0,6.295375823974609,0.0,35.14061737060547
I,8,1,2023-03-10,2023-03-17,4.0,5.231152534484863,0.0,19.025806427001953
I,8,1,2023-03-17,2023-03-24,4.0,4.912652969360352,0.0,18.707307815551758
I,8,1,2023-03-24,2023-03-31,1.0,4.518430709838867,0.0,18.313085556030273
I,8,1,2023-03-31,2023-04-07,4.0,4.03696870803833,0.0,17.831623077392578
I,8,1,2023-04-07,2023-04-14,10.0,3.6639504432678223,0.0,17.45860481262207
I,8,1,2023-04-14,2023-04-21,4.0,3.731001377105713,0.0,17.52565574645996
I,8,1,2023-04-21,2023-04-28,3.0,3.9721055030822754,0.0,17.766759872436523
I,8,1,2023-04-28,2023-05-05,2.0,3.490583896636963,0.0,17.28523826599121
I,8,1,2023-05-05,2023-05-12,7.0,3.76945424079895,0.0,17.564109802246094
I,8,1,2023-05-12,2023-05-19,4.0,5.252254486083984,0.0,19.04690933227539
I,8,1,2023-05-19,2023-05-26,3.0,7.7555413246154785,0.0,21.550195693969727
I,8,1,2023-05-26,2023-06-02,9.0,8.975651741027832,0.0,22.770305633544922
I,8,1,2023-06-02,2023-06-09,8.0,10.636950492858887,1.2491121292114258,24.43160629272461
I,8,1,2023-06-09,2023-06-16,17.0,13.060648918151855,3.6728105545043945,26.855304718017578
I,8,1,2023-06-16,2023-06-23,34.0,14.577927589416504,5.190089225769043,28.372581481933594
I,8,1,2023-06-23,2023-06-30,15.0,19.114013671875,9.726175308227539,32.908668518066406
I,8,1,2023-06-30,2023-07-07,14.0,22.655498504638672,13.267660140991211,36.45015335083008
I,8,1,2023-07-07,2023-07-14,12.0,27.063039779663086,17.675201416015625,46.48511505126953
I,8,1,2023-07-14,2023-07-21,5.0,31.11943244934082,21.73159408569336,50.54150390625
I,8,1,2023-07-21,2023-07-28,13.0,32.33016586303711,22.94232749938965,51.75223922729492
I,8,1,2023-07-28,2023-08-04,20.0,32.68263244628906,17.619592666625977,52.104705810546875
I,8,1,2023-08-04,2023-08-11,15.0,31.908035278320312,5.788602828979492,51.330108642578125
I,8,1,2023-08-11,2023-08-18,11.0,26.155656814575195,0.036224365234375,45.577728271484375
I,8,1,2023-08-18,2023-08-25,20.0,21.208545684814453,0.0,40.630619049072266
I,8,1,2023-08-25,2023-09-01,16.0,13.8375883102417,0.0,33.25966262817383
I,8,1,2023-09-01,2023-09-08,22.0,16.462488174438477,0.0,35.884559631347656
I,8,1,2023-09-08,2023-09-15,12.0,16.61021614074707,0.0,36.03228759765625
I,8,1,2023-09-15,2023-09-22,14.0,15.929584503173828,0.0,35.35165786743164
I,8,1,2023-09-22,2023-09-29,31.0,20.38874626159668,0.0,39.810821533203125
I,8,1,2023-09-29,2023-10-06,27.0,24.791400909423828,0.0,44.21347427368164
I,8,1,2023-10-06,2023-10-13,19.0,19.1763858795166,0.0,38.59845733642578
I,8,1,2023-10-13,2023-10-20,20.0,14.59070110321045,0.0,34.01277542114258
I,8,1,2023-10-20,2023-10-27,16.0,12.603018760681152,0.0,32.02509307861328
I,8,1,2023-10-27,2023-11-03,19.0,11.177614212036133,0.0,30.599687576293945
I,8,1,2023-11-03,2023-11-10,21.0,10.549311637878418,0.0,29.971385955810547
I,8,1,2023-11-10,2023-11-17,29.0,10.602583885192871,0.0,30.024658203125
I,8,1,2023-11-17,2023-11-24,15.0,10.534594535827637,0.0,29.956668853759766
I,8,1,2023-11-24,2023-12-01,19.0,10.391112327575684,0.0,29.813186645507812
I,8,1,2023-12-01,2023-12-08,17.0,10.383270263671875,0.0,29.805343627929688
I,8,1,2023-12-08,2023-12-15,12.0,11.047942161560059,0.0,30.470016479492188
I,8,1,2023-12-15,2023-12-22,20.0,11.665496826171875,0.0,31.087570190429688
I,8,1,2023-12-22,2023-12-29,18.0,11.575713157653809,0.0,30.997787475585938
I,8,1,2023-12-29,2024-01-05,28.0,13.127559661865234,0.0,32.54963302612305
I,8,1,2024-01-05,2024-01-12,16.0,12.95287036895752,0.0,32.374942779541016
I,8,1,2024-01-12,2024-01-19,12.0,11.94487190246582,0.0,31.366945266723633
I,8,1,2024-01-19,2024-01-26,11.0,11.314865112304688,0.0,30.7369384765625
I,8,1,2024-01-26,2024-02-02,15.0,10.986328125,0.0,30.408401489257812
I,8,1,2024-02-02,2024-02-09,11.0,10.745343208312988,0.0,30.167415618896484
I,8,1,2024-02-09,2024-02-16,12.0,9.637331008911133,0.0,29.059404373168945
I,8,1,2024-02-16,2024-02-23,7.0,7.721423149108887,0.0,27.143497467041016
I,8,1,2024-02-23,2024-03-01,9.0,6.691128253936768,0.0,26.113201141357422
I,8,1,2024-03-01,2024-03-08,9.0,5.299407482147217,0.0,24.721481323242188
I,8,1,2024-03-08,2024-03-15,9.0,4.8153181076049805,0.0,24.23739242553711
I,8,1,2024-03-15,2024-03-22,9.0,4.112696170806885,0.0,23.53476905822754
I,8,1,2024-03-22,2024-03-29,4.0,3.879817247390747,0.0,23.301891326904297
I,8,1,2024-03-29,2024-04-05,4.0,3.0339207649230957,0.0,22.45599365234375
I,8,1,2024-04-05,2024-04-12,8.0,2.3010733127593994,0.0,21.723146438598633
I,8,1,2024-04-12,2024-04-19,4.0,2.386636257171631,0.0,21.8087100982666
I,8,1,2024-04-19,2024-04-26,2.0,1.5766310691833496,0.0,20.99870491027832
I,8,1,2024-04-26,2024-05-03,2.0,1.2059180736541748,0.0,20.62799072265625
I,8,1,2024-05-03,2024-05-10,4.0,1.005840539932251,0.0,20.427913665771484
I,8,1,2024-05-10,2024-05-17,3.0,1.2320555448532104,0.0,20.654129028320312
I,8,1,2024-05-17,2024-05-24,1.0,1.641658067703247,0.0,21.063732147216797
I,8,1,2024-05-24,2024-05-31,10.0,2.0701491832733154,0.0,21.49222183227539
I,8,1,2024-05-31,2024-06-07,6.0,3.018927574157715,0.0,22.441001892089844
I,8,1,2024-06-07,2024-06-14,8.0,4.083052635192871,0.0,23.505126953125
I,8,1,2024-06-14,2024-06-21,7.0,6.276987075805664,0.0,25.699060440063477
I,8,1,2024-06-21,2024-06-28,12.0,9.952528953552246,0.0,29.374603271484375
I,8,1,2024-06-28,2024-07-05,13.0,13.98493480682373,0.0,33.40700912475586
I,8,1,2024-07-05,2024-07-12,8.0,18.27339744567871,0.0,36.670814514160156
I,8,1,2024-07-12,2024-07-19,8.0,20.8692684173584,0.0,39.266685485839844
I,8,1,2024-07-19,2024-07-26,19.0,22.05159568786621,0.0,40.449012756347656
I,8,1,2024-07-26,2024-08-02,18.0,23.762407302856445,0.0,42.159820556640625
I,8,1,2024-08-02,2024-08-09,15.0,26.115890502929688,6.785724639892578,44.5133056640625
I,8,1,2024-08-09,2024-08-16,38.0,27.04072380065918,10.132688522338867,45.438140869140625
I,8,1,2024-08-16,2024-08-23,23.0,28.644805908203125,11.736770629882812,47.04222106933594
I,8,1,2024-08-23,2024-08-30,21.0,30.4918155670166,15.336158752441406,48.88922882080078
I,8,1,2024-08-30,2024-09-06,38.0,32.5577507019043,19.6884822845459,50.95516586303711
I,8,1,2024-09-06,2024-09-13,54.0,32.928260803222656,20.058992385864258,51.32567596435547
I,8,1,2024-09-13,2024-09-20,52.0,33.02145767211914,20.152189254760742,51.41887283325195
I,8,1,2024-09-20,2024-09-27,56.0,33.1514892578125,20.2822208404541,51.54890441894531
I,8,1,2024-09-27,2024-10-04,52.0,33.181671142578125,20.312402725219727,54.25341033935547
I,8,1,2024-10-04,2024-10-11,63.0,33.09728240966797,20.22801399230957,54.16902160644531
I,8,1,2024-10-11,2024-10-18,42.0,32.94817352294922,20.07890510559082,55.79668426513672
I,8,1,2024-10-18,2024-10-25,56.0,32.89790344238281,20.028635025024414,55.74641418457031
I,8,1,2024-10-25,2024-11-01,61.0,32.79563903808594,19.92637062072754,62.69835662841797
I,8,1,2024-11-01,2024-11-08,63.0,32.59813690185547,19.72886848449707,62.5008544921875
I,8,1,2024-11-08,2024-11-15,67.0,32.01423645019531,19.144968032836914,61.916954040527344
I,8,1,2024-11-15,2024-11-22,87.0,31.013277053833008,18.14400863647461,60.915992736816406
I,8,1,2024-11-22,2024-11-29,73.0,30.345659255981445,17.476390838623047,60.747520446777344
I,8,1,2024-11-29,2024-12-06,42.0,30.84084129333496,17.971572875976562,65.82660675048828
I,8,1,2024-12-06,2024-12-13,25.0,29.71436882019043,16.84510040283203,85.70109558105469
I,8,1,2024-12-13,2024-12-20,34.0,27.424556732177734,14.555288314819336,83.41128540039062
I,8,1,2024-12-20,2024-12-27,18.0,25.056089401245117,12.186820983886719,81.04281616210938
I,8,1,2024-12-27,2025-01-03,38.0,20.758771896362305,7.889503479003906,76.74549865722656
I,8,1,2025-01-03,2025-01-10,33.0,17.242525100708008,4.373256683349609,73.229248046875
I,8,1,2025-01-10,2025-01-17,42.0,15.80700397491455,2.9377355575561523,71.79373168945312
I,8,1,2025-01-17,2025-01-24,38.0,15.193994522094727,2.324726104736328,71.18071746826172
I,8,1,2025-01-24,2025-01-31,45.0,16.033588409423828,3.1643199920654297,72.02030944824219
I,8,1,2025-01-31,2025-02-07,34.0,18.61615753173828,5.746889114379883,74.6028823852539
I,8,1,2025-02-07,2025-02-14,94.0,21.20951271057129,8.34024429321289,77.19623565673828
I,8,1,2025-02-14,2025-02-21,75.0,26.436002731323242,13.566734313964844,82.4227294921875
I,8,1,2025-02-21,2025-02-28,50.0,30.053329467773438,17.18406105041504,86.04005432128906
I,8,1,2025-02-28,2025-03-07,38.0,31.94934844970703,19.080080032348633,104.73983764648438
I,8,1,2025-03-07,2025-03-14,22.0,32.147010803222656,19.277742385864258,104.9375
I,8,1,2025-03-14,2025-03-21,28.0,30.21587562561035,17.346607208251953,103.00636291503906
I,8,1,2025-03-21,2025-03-28,14.0,25.847801208496094,12.978532791137695,98.63829040527344
I,8,1,2025-03-28,2025-04-04,12.0,20.007083892822266,7.137815475463867,92.79757690429688
I,8,1,2025-04-04,2025-04-11,12.0,15.671603202819824,2.802334785461426,88.46208953857422
I,8,1,2025-04-11,2025-04-18,12.0,12.307194709777832,0.0,85.09768676757812
I,8,1,2025-04-18,2025-04-25,6.0,10.202682495117188,0.0,82.99317169189453
I,8,1,2025-04-25,2025-05-02,6.0,9.468509674072266,0.0,82.25900268554688
I,8,1,2025-05-02,2025-05-09,8.0,9.118627548217773,0.0,81.90911865234375
I,8,1,2025-05-09,2025-05-16,5.0,8.88364315032959,0.0,81.67413330078125
I,8,1,2025-05-16,2025-05-23,11.0,7.7818098068237305,0.0,80.57229614257812
I,8,1,2025-05-23,2025-05-30,3.0,6.742761135101318,0.0,79.53324890136719
I,8,1,2025-05-30,2025-06-06,10.0,7.205648422241211,0.0,79.99613952636719
I,8,1,2025-06-06,2025-06-13,9.0,9.05554485321045,0.0,81.84603118896484
I,8,1,2025-06-13,2025-06-20,13.0,10.982499122619629,0.0,83.77298736572266
I,8,1,2025-06-20,2025-06-27,19.0,13.200848579406738,0.33158016204833984,85.99134063720703
I,8,1,2025-06-27,2025-07-04,13.0,18.84183692932129,5.972568511962891,91.63232421875
I,8,1,2025-07-04,2025-07-11,10.0,25.902936935424805,13.033668518066406,98.69342803955078
I,8,1,2025-07-11,2025-07-18,9.0,29.940261840820312,17.070993423461914,102.73075103759766
I,8,1,2025-07-18,2025-07-25,22.0,28.014009475708008,15.14474105834961,100.80449676513672
I,8,1,2025-07-25,2025-08-01,24.0,24.998191833496094,9.095254898071289,97.78868103027344
I,8,1,2025-08-01,2025-08-08,36.0,23.045724868774414,2.1054630279541016,95.83621215820312
I,8,1,2025-08-08,2025-08-15,26.0,22.085918426513672,1.1456565856933594,94.87640380859375
I,8,1,2025-08-15,2025-08-22,25.0,23.718347549438477,2.778085708618164,96.50883483886719
I,8,1,2025-08-22,2025-08-29,23.0,20.23154067993164,0.0,93.02203369140625
I,8,2,2023-02-17,2023-03-03,8.0,8.627448081970215,0.0,23.082632064819336
I,8,2,2023-02-24,2023-03-10,9.0,7.158186912536621,0.0,21.613370895385742
I,8,2,2023-03-03,2023-03-17,4.0,6.141696929931641,0.0,20.596881866455078
I,8,2,2023-03-10,2023-03-24,4.0,4.991245746612549,0.0,19.446430206298828
I,8,2,2023-03-17,2023-03-31,1.0,4.6859965324401855,0.0,19.14118003845215
I,8,2,2023-03-24,2023-04-07,4.0,4.451452732086182,0.0,18.90663719177246
I,8,2,2023-03-31,2023-04-14,10.0,4.083083629608154,0.0,18.538267135620117
I,8,2,2023-04-07,2023-04-21,4.0,3.7323551177978516,0.0,18.187538146972656
I,8,2,2023-04-14,2023-04-28,3.0,4.33290433883667,0.0,18.788087844848633
I,8,2,2023-04-21,2023-05-05,2.0,4.713296890258789,0.0,19.168479919433594
I,8,2,2023-04-28,2023-05-12,7.0,4.071429252624512,0.0,18.526613235473633
I,8,2,2023-05-05,2023-05-19,4.0,4.622310638427734,0.0,19.077495574951172
I,8,2,2023-05-12,2023-05-26,3.0,6.829383850097656,0.0,21.284568786621094
I,8,2,2023-05-19,2023-06-02,9.0,10.093804359436035,0.6515207290649414,24.548988342285156
I,8,2,2023-05-26,2023-06-09,8.0,10.376368522644043,0.9340848922729492,24.831552505493164
I,8,2,2023-06-02,2023-06-16,17.0,12.083514213562012,2.641230583190918,26.538698196411133
I,8,2,2023-06-09,2023-06-23,34.0,13.825048446655273,4.38276481628418,28.280231475830078
I,8,2,2023-06-16,2023-06-30,15.0,16.166582107543945,6.724298477172852,30.62176513671875
I,8,2,2023-06-23,2023-07-07,14.0,23.66851234436035,14.226228713989258,38.123695373535156
I,8,2,2023-06-30,2023-07-14,12.0,27.825111389160156,18.382827758789062,42.280296325683594
I,8,2,2023-07-07,2023-07-21,5.0,31.020193099975586,21.577909469604492,51.19514465332031
I,8,2,2023-07-14,2023-07-28,13.0,32.735843658447266,23.293560028076172,52.910797119140625
I,8,2,2023-07-21,2023-08-04,20.0,33.056217193603516,23.387704849243164,53.231170654296875
I,8,2,2023-07-28,2023-08-11,15.0,33.13090515136719,17.30579376220703,53.30585479736328
I,8,2,2023-08-04,2023-08-18,11.0,32.55720520019531,6.537012100219727,52.732154846191406
I,8,2,2023-08-11,2023-08-25,20.0,23.819974899291992,0.0,43.99492645263672
I,8,2,2023-08-18,2023-09-01,16.0,18.04854393005371,0.0,38.22349548339844
I,8,2,2023-08-25,2023-09-08,22.0,12.294163703918457,0.0,32.4691162109375
I,8,2,2023-09-01,2023-09-15,12.0,15.159782409667969,0.0,35.33473205566406
I,8,2,2023-09-08,2023-09-22,14.0,15.309815406799316,0.0,35.48476791381836
I,8,2,2023-09-15,2023-09-29,31.0,14.33960247039795,0.0,34.51455307006836
I,8,2,2023-09-22,2023-10-06,27.0,17.808002471923828,0.0,37.98295593261719
I,8,2,2023-09-29,2023-10-13,19.0,22.64801597595215,0.0,42.822967529296875
I,8,2,2023-10-06,2023-10-20,20.0,16.391698837280273,0.0,36.566650390625
I,8,2,2023-10-13,2023-10-27,16.0,12.534436225891113,0.0,32.709388732910156
I,8,2,2023-10-20,2023-11-03,19.0,10.77035903930664,0.0,30.945310592651367
I,8,2,2023-10-27,2023-11-10,21.0,9.479706764221191,0.0,29.654659271240234
I,8,2,2023-11-03,2023-11-17,29.0,9.267594337463379,0.0,29.442546844482422
I,8,2,2023-11-10,2023-11-24,15.0,9.543052673339844,0.0,29.71800422668457
I,8,2,2023-11-17,2023-12-01,19.0,9.612485885620117,0.0,29.787437438964844
I,8,2,2023-11-24,2023-12-08,17.0,9.698232650756836,0.0,29.873184204101562
I,8,2,2023-12-01,2023-12-15,12.0,10.207377433776855,0.0,30.382328033447266
I,8,2,2023-12-08,2023-12-22,20.0,11.144457817077637,0.0,31.319408416748047
I,8,2,2023-12-15,2023-12-29,18.0,11.555669784545898,0.0,31.730621337890625
I,8,2,2023-12-22,2024-01-05,28.0,11.658153533935547,0.0,31.833105087280273
I,8,2,2023-12-29,2024-01-12,16.0,13.295821189880371,0.0,33.47077178955078
I,8,2,2024-01-05,2024-01-19,12.0,13.332006454467773,0.0,33.5069580078125
I,8,2,2024-01-12,2024-01-26,11.0,12.346604347229004,0.0,32.52155685424805
I,8,2,2024-01-19,2024-02-02,15.0,11.693060874938965,0.0,31.868011474609375
I,8,2,2024-01-26,2024-02-09,11.0,11.262004852294922,0.0,31.43695640563965
I,8,2,2024-02-02,2024-02-16,12.0,11.096648216247559,0.0,31.27159881591797
I,8,2,2024-02-09,2024-02-23,7.0,9.880128860473633,0.0,30.05508041381836
I,8,2,2024-02-16,2024-03-01,9.0,7.861011505126953,0.0,28.03596305847168
I,8,2,2024-02-23,2024-03-08,9.0,6.6985931396484375,0.0,26.873544692993164
I,8,2,2024-03-01,2024-03-15,9.0,5.34592866897583,0.0,25.5208797454834
I,8,2,2024-03-08,2024-03-22,9.0,4.903552055358887,0.0,25.078502655029297
I,8,2,2024-03-15,2024-03-29,4.0,4.152462005615234,0.0,24.32741355895996
I,8,2,2024-03-22,2024-04-05,4.0,4.067529678344727,0.0,24.242481231689453
I,8,2,2024-03-29,2024-04-12,8.0,3.1867756843566895,0.0,23.361726760864258
I,8,2,2024-04-05,2024-04-19,4.0,2.406486988067627,0.0,22.581438064575195
I,8,2,2024-04-12,2024-04-26,2.0,2.6957919597625732,0.0,22.870742797851562
I,8,2,2024-04-19,2024-05-03,2.0,1.6517984867095947,0.0,21.826749801635742
I,8,2,2024-04-26,2024-05-10,4.0,1.324780821800232,0.0,21.499732971191406
I,8,2,2024-05-03,2024-05-17,3.0,1.172662615776062,0.0,21.347614288330078
I,8,2,2024-05-10,2024-05-24,1.0,1.5033798217773438,0.0,21.67833137512207
I,8,2,2024-05-17,2024-05-31,10.0,1.999092936515808,0.0,22.174043655395508
I,8,2,2024-05-24,2024-06-07,6.0,2.394686222076416,0.0,22.569637298583984
I,8,2,2024-05-31,2024-06-14,8.0,3.759214401245117,0.0,23.934165954589844
I,8,2,2024-06-07,2024-06-21,7.0,5.122446060180664,0.0,25.29739761352539
I,8,2,2024-06-14,2024-06-28,12.0,7.628244400024414,0.0,27.80319595336914
I,8,2,2024-06-21,2024-07-05,13.0,12.10749626159668,0.0,32.282447814941406
I,8,2,2024-06-28,2024-07-12,8.0,16.47041893005371,0.0,36.64537048339844
I,8,2,2024-07-05,2024-07-19,8.0,21.080039978027344,0.0,40.81244659423828
I,8,2,2024-07-12,2024-07-26,19.0,22.816011428833008,0.0,42.54841613769531
I,8,2,2024-07-19,2024-08-02,18.0,23.339609146118164,0.0,43.07201385498047
I,8,2,2024-07-26,2024-08-09,15.0,24.978702545166016,0.0,44.71110916137695
I,8,2,2024-08-02,2024-08-16,38.0,26.854448318481445,5.297243118286133,46.58685302734375
I,8,2,2024-08-09,2024-08-23,23.0,26.798227310180664,5.241022109985352,46.53063201904297
I,8,2,2024-08-16,2024-08-30,21.0,29.64377784729004,8.086572647094727,49.376182556152344
I,8,2,2024-08-23,2024-09-06,38.0,32.029422760009766,10.472217559814453,51.7618293762207
I,8,2,2024-08-30,2024-09-13,54.0,33.092342376708984,20.01230239868164,52.82474899291992
I,8,2,2024-09-06,2024-09-20,52.0,33.198219299316406,20.118179321289062,52.930625915527344
I,8,2,2024-09-13,2024-09-27,56.0,33.20419692993164,20.124156951904297,52.93660354614258
I,8,2,2024-09-20,2024-10-04,52.0,33.26294708251953,20.182907104492188,52.99535369873047
I,8,2,2024-09-27,2024-10-11,63.0,33.27056884765625,20.190528869628906,54.178226470947266
I,8,2,2024-10-04,2024-10-18,42.0,33.22751998901367,20.147480010986328,54.13517761230469
I,8,2,2024-10-11,2024-10-25,56.0,33.124046325683594,20.04400634765625,55.91984939575195
I,8,2,2024-10-18,2024-11-01,61.0,32.863067626953125,19.78302764892578,55.658870697021484
I,8,2,2024-10-25,2024-11-08,63.0,32.52765655517578,19.447616577148438,62.25708770751953
I,8,2,2024-11-01,2024-11-15,67.0,32.350223541259766,19.270183563232422,62.079654693603516
I,8,2,2024-11-08,2024-11-22,87.0,31.736970901489258,18.656930923461914,61.466400146484375
I,8,2,2024-11-15,2024-11-29,73.0,31.082670211791992,18.00263023376465,60.812103271484375
I,8,2,2024-11-22,2024-12-06,42.0,30.278640747070312,17.19860076904297,60.75098419189453
I,8,2,2024-11-29,2024-12-13,25.0,31.118350982666016,18.038311004638672,65.76812744140625
I,8,2,2024-12-06,2024-12-20,34.0,27.979156494140625,14.899116516113281,83.2421875
I,8,2,2024-12-13,2024-12-27,18.0,22.94596290588379,9.865922927856445,78.20899200439453
I,8,2,2024-12-20,2025-01-03,38.0,20.150571823120117,7.070531845092773,75.41360473632812
I,8,2,2024-12-27,2025-01-10,33.0,16.56920623779297,3.489166259765625,71.83223724365234
I,8,2,2025-01-03,2025-01-17,42.0,14.673504829406738,1.5934648513793945,69.93653869628906
I,8,2,2025-01-10,2025-01-24,38.0,14.402668952941895,1.3226289749145508,69.66570281982422
I,8,2,2025-01-17,2025-01-31,45.0,14.869281768798828,1.7892417907714844,70.13230895996094
I,8,2,2025-01-24,2025-02-07,34.0,16.39400291442871,3.313962936401367,71.65703582763672
I,8,2,2025-01-31,2025-02-14,94.0,19.47925567626953,6.3992156982421875,74.7422866821289
I,8,2,2025-02-07,2025-02-21,75.0,21.427831649780273,8.34779167175293,76.69086456298828
I,8,2,2025-02-14,2025-02-28,50.0,27.651012420654297,14.570972442626953,82.91404724121094
I,8,2,2025-02-21,2025-03-07,38.0,31.048688888549805,17.96864891052246,86.31172180175781
I,8,2,2025-02-28,2025-03-14,22.0,32.72821807861328,19.648178100585938,107.24896240234375
I,8,2,2025-03-07,2025-03-21,28.0,32.62260055541992,19.542560577392578,107.14334106445312
I,8,2,2025-03-14,2025-03-28,14.0,28.335710525512695,15.255670547485352,102.85645294189453
I,8,2,2025-03-21,2025-04-04,12.0,21.610288619995117,8.530248641967773,96.13103485107422
I,8,2,2025-03-28,2025-04-11,12.0,16.56467056274414,3.484630584716797,91.08541870117188
I,8,2,2025-04-04,2025-04-18,12.0,13.597067832946777,0.5170278549194336,88.11781311035156
I,8,2,2025-04-11,2025-04-25,6.0,11.970248222351074,0.0,86.4909896850586
I,8,2,2025-04-18,2025-05-02,6.0,11.05241870880127,0.0,85.57316589355469
I,8,2,2025-04-25,2025-05-09,8.0,10.586016654968262,0.0,85.10675811767578
I,8,2,2025-05-02,2025-05-16,5.0,10.162189483642578,0.0,84.68293762207031
I,8,2,2025-05-09,2025-05-23,11.0,10.061182975769043,0.0,84.58192443847656
I,8,2,2025-05-16,2025-05-30,3.0,8.65457820892334,0.0,83.17532348632812
I,8,2,2025-05-23,2025-06-06,10.0,7.48776912689209,0.0,82.00851440429688
I,8,2,2025-05-30,2025-06-13,9.0,8.346879005432129,0.0,82.86762237548828
I,8,2,2025-06-06,2025-06-20,13.0,10.618949890136719,0.0,85.13969421386719
I,8,2,2025-06-13,2025-06-27,19.0,12.865694999694824,0.0,87.38643646240234
I,8,2,2025-06-20,2025-07-04,13.0,15.252569198608398,0.9168586730957031,89.7733154296875
I,8,2,2025-06-27,2025-07-11,10.0,21.793737411499023,7.458026885986328,96.31448364257812
I,8,2,2025-07-04,2025-07-18,9.0,29.774110794067383,15.438400268554688,104.29485321044922
I,8,2,2025-07-11,2025-07-25,22.0,32.28326416015625,17.947553634643555,106.80400848388672
I,8,2,2025-07-18,2025-08-01,24.0,29.30582046508789,14.970109939575195,103.82656860351562
I,8,2,2025-07-25,2025-08-08,36.0,23.2168025970459,8.881092071533203,97.737548828125
I,8,2,2025-08-01,2025-08-15,26.0,20.192480087280273,0.0,94.71322631835938
I,8,2,2025-08-08,2025-08-22,25.0,18.75617027282715,0.0,93.27691650390625
I,8,2,2025-08-15,2025-08-29,23.0,20.609899520874023,0.0,95.13064575195312
I,8,2,2025-08-22,2025-09-05,,17.241052627563477,0.0,91.76179504394531
I,8,4,2023-02-17,2023-03-17,4.0,7.9272918701171875,0.0,40.783729553222656
I,8,4,2023-02-24,2023-03-24,4.0,6.329395294189453,0.0,39.18583297729492
I,8,4,2023-03-03,2023-03-31,1.0,5.272139549255371,0.0,38.128578186035156
I,8,4,2023-03-10,2023-04-07,4.0,4.167194843292236,0.0,37.02363204956055
I,8,4,2023-03-17,2023-04-14,10.0,3.938237190246582,0.0,36.794673919677734
I,8,4,2023-03-24,2023-04-21,4.0,4.0632476806640625,0.0,36.91968536376953
I,8,4,2023-03-31,2023-04-28,3.0,4.023974418640137,0.0,20.47454833984375
I,8,4,2023-04-07,2023-05-05,2.0,3.773946762084961,0.0,20.224519729614258
I,8,4,2023-04-14,2023-05-12,7.0,5.691819190979004,0.0,22.142391204833984
I,8,4,2023-04-21,2023-05-19,4.0,6.814395904541016,0.0,23.264968872070312
I,8,4,2023-04-28,2023-05-26,3.0,6.185576438903809,0.0,22.636150360107422
I,8,4,2023-05-05,2023-06-02,9.0,7.754295349121094,0.0,24.20486831665039
I,8,4,2023-05-12,2023-06-09,8.0,11.505327224731445,2.228433609008789,27.955900192260742
I,8,4,2023-05-19,2023-06-16,17.0,15.496720314025879,6.219826698303223,31.94729232788086
I,8,4,2023-05-26,2023-06-23,34.0,14.11106014251709,4.834166526794434,30.561634063720703
I,8,4,2023-06-02,2023-06-30,15.0,17.084280014038086,7.80738639831543,33.53485107421875
I,8,4,2023-06-09,2023-07-07,14.0,17.546987533569336,8.27009391784668,33.99755859375
I,8,4,2023-06-16,2023-07-14,12.0,23.987333297729492,14.710439682006836,40.437904357910156
I,8,4,2023-06-23,2023-07-21,5.0,32.381492614746094,23.104598999023438,48.83206558227539
I,8,4,2023-06-30,2023-07-28,13.0,33.01646423339844,23.73957061767578,49.467037200927734
I,8,4,2023-07-07,2023-08-04,20.0,33.208518981933594,23.931625366210938,53.09745788574219
I,8,4,2023-07-14,2023-08-11,15.0,33.282676696777344,24.005783081054688,53.17161560058594
I,8,4,2023-07-21,2023-08-18,11.0,33.2866096496582,24.009716033935547,53.1755485534668
I,8,4,2023-07-28,2023-08-25,20.0,33.27239227294922,21.285058975219727,53.16133117675781
I,8,4,2023-08-04,2023-09-01,16.0,31.914461135864258,4.532968521118164,51.80339813232422
I,8,4,2023-08-11,2023-09-08,22.0,18.79197883605957,0.0,38.68091583251953
I,8,4,2023-08-18,2023-09-15,12.0,15.14658260345459,0.0,35.0355224609375
I,8,4,2023-08-25,2023-09-22,14.0,10.760188102722168,0.0,30.649127960205078
I,8,4,2023-09-01,2023-09-29,31.0,13.910296440124512,0.0,33.79923629760742
I,8,4,2023-09-08,2023-10-06,27.0,14.214202880859375,0.0,34.10314178466797
I,8,4,2023-09-15,2023-10-13,19.0,13.132563591003418,0.0,33.02150344848633
I,8,4,2023-09-22,2023-10-20,20.0,16.15772247314453,0.0,36.046661376953125
I,8,4,2023-09-29,2023-10-27,16.0,20.104198455810547,0.0,39.99313735961914
I,8,4,2023-10-06,2023-11-03,19.0,14.466050148010254,0.0,34.35498809814453
I,8,4,2023-10-13,2023-11-10,21.0,10.332768440246582,0.0,30.22170639038086
I,8,4,2023-10-20,2023-11-17,29.0,8.427311897277832,0.0,28.31624984741211
I,8,4,2023-10-27,2023-11-24,15.0,7.268460273742676,0.0,27.157398223876953
I,8,4,2023-11-03,2023-12-01,19.0,7.627882957458496,0.0,27.516822814941406
I,8,4,2023-11-10,2023-12-08,17.0,8.273676872253418,0.0,28.162616729736328
I,8,4,2023-11-17,2023-12-15,12.0,8.657998085021973,0.0,28.54693603515625
I,8,4,2023-11-24,2023-12-22,20.0,9.056868553161621,0.0,28.94580841064453
I,8,4,2023-12-01,2023-12-29,18.0,10.082365989685059,0.0,30.65505599975586
I,8,4,2023-12-08,2024-01-05,28.0,11.125664710998535,0.0,31.698352813720703
I,8,4,2023-12-15,2024-01-12,16.0,11.269610404968262,0.0,31.842300415039062
I,8,4,2023-12-22,2024-01-19,12.0,11.504313468933105,0.0,32.077003479003906
I,8,4,2023-12-29,2024-01-26,11.0,12.760899543762207,0.0,33.333587646484375
I,8,4,2024-01-05,2024-02-02,15.0,13.005797386169434,0.0,33.578487396240234
I,8,4,2024-01-12,2024-02-09,11.0,12.325692176818848,0.0,32.898380279541016
I,8,4,2024-01-19,2024-02-16,12.0,11.735546112060547,0.0,32.30823516845703
I,8,4,2024-01-26,2024-02-23,7.0,11.271653175354004,0.0,31.844341278076172
I,8,4,2024-02-02,2024-03-01,9.0,11.196878433227539,0.0,31.769567489624023
I,8,4,2024-02-09,2024-03-08,9.0,10.142109870910645,0.0,30.714797973632812
I,8,4,2024-02-16,2024-03-15,9.0,8.039599418640137,0.0,28.612289428710938
I,8,4,2024-02-23,2024-03-22,9.0,6.673815727233887,0.0,27.246505737304688
I,8,4,2024-03-01,2024-03-29,4.0,5.354244232177734,0.0,25.92693328857422
I,8,4,2024-03-08,2024-04-05,4.0,4.955463886260986,0.0,25.528152465820312
I,8,4,2024-03-15,2024-04-12,8.0,4.22036600112915,0.0,24.793054580688477
I,8,4,2024-03-22,2024-04-19,4.0,4.539389610290527,0.0,25.112079620361328
I,8,4,2024-03-29,2024-04-26,2.0,3.7180588245391846,0.0,24.290748596191406
I,8,4,2024-04-05,2024-05-03,2.0,2.897332191467285,0.0,23.470020294189453
I,8,4,2024-04-12,2024-05-10,4.0,3.738196611404419,0.0,24.31088638305664
I,8,4,2024-04-19,2024-05-17,3.0,2.1394832134246826,0.0,22.71217155456543
I,8,4,2024-04-26,2024-05-24,1.0,1.8999558687210083,0.0,22.472644805908203
I,8,4,2024-05-03,2024-05-31,10.0,1.8300426006317139,0.0,22.40273094177246
I,8,4,2024-05-10,2024-06-07,6.0,2.4754762649536133,0.0,23.04816436767578
I,8,4,2024-05-17,2024-06-14,8.0,3.3092777729034424,0.0,23.881967544555664
I,8,4,2024-05-24,2024-06-21,7.0,3.7456464767456055,0.0,24.318336486816406
I,8,4,2024-05-31,2024-06-28,12.0,6.510321617126465,0.0,27.083011627197266
I,8,4,2024-06-07,2024-07-05,13.0,8.258193016052246,0.0,28.830883026123047
I,8,4,2024-06-14,2024-07-12,8.0,10.983227729797363,0.0,31.55591583251953
I,8,4,2024-06-21,2024-07-19,8.0,16.792556762695312,0.0,37.3652458190918
I,8,4,2024-06-28,2024-07-26,19.0,24.4538516998291,0.0,45.02654266357422
I,8,4,2024-07-05,2024-08-02,18.0,29.808406829833984,2.4269142150878906,50.38109588623047
I,8,4,2024-07-12,2024-08-09,15.0,29.64460563659668,2.263113021850586,50.21729278564453
I,8,4,2024-07-19,2024-08-16,38.0,26.80954933166504,0.0,47.382240295410156
I,8,4,2024-07-26,2024-08-23,23.0,26.547637939453125,0.0,47.12032699584961
I,8,4,2024-08-02,2024-08-30,21.0,24.827537536621094,2.5409278869628906,45.40022659301758
I,8,4,2024-08-09,2024-09-06,38.0,22.221582412719727,0.0,42.794273376464844
I,8,4,2024-08-16,2024-09-13,54.0,28.61991310119629,6.333303451538086,49.192604064941406
I,8,4,2024-08-23,2024-09-20,52.0,33.023963928222656,10.737354278564453,53.59665298461914
I,8,4,2024-08-30,2024-09-27,56.0,33.26239776611328,17.347936630249023,53.835086822509766
I,8,4,2024-09-06,2024-10-04,52.0,33.270423889160156,17.3559627532959,53.84311294555664
I,8,4,2024-09-13,2024-10-11,63.0,33.12248229980469,18.477876663208008,53.69517135620117
I,8,4,2024-09-20,2024-10-18,42.0,33.28564453125,18.64103889465332,53.858333587646484
I,8,4,2024-09-27,2024-10-25,56.0,33.28495407104492,18.640348434448242,58.6650390625
I,8,4,2024-10-04,2024-11-01,61.0,33.094703674316406,18.450098037719727,58.47479248046875
I,8,4,2024-10-11,2024-11-08,63.0,32.319889068603516,17.675283432006836,57.699974060058594
I,8,4,2024-10-18,2024-11-15,67.0,27.24293327331543,12.59832763671875,52.62302017211914
I,8,4,2024-10-25,2024-11-22,87.0,24.822254180908203,10.177648544311523,54.699771881103516
I,8,4,2024-11-01,2024-11-29,73.0,25.710172653198242,11.065567016601562,55.58769226074219
I,8,4,2024-11-08,2024-12-06,42.0,25.789274215698242,11.144668579101562,55.66679382324219
I,8,4,2024-11-15,2024-12-13,25.0,27.68975830078125,13.04515266418457,57.56727600097656
I,8,4,2024-11-22,2024-12-20,34.0,27.123062133789062,12.478456497192383,57.80317306518555
I,8,4,2024-11-29,2024-12-27,18.0,29.234106063842773,14.589500427246094,68.99117279052734
I,8,4,2024-12-06,2025-01-03,38.0,20.945764541625977,6.301158905029297,83.1235122680664
I,8,4,2024-12-13,2025-01-10,33.0,16.534257888793945,1.8896522521972656,78.71200561523438
I,8,4,2024-12-20,2025-01-17,42.0,15.104931831359863,0.4603261947631836,77.28267669677734
I,8,4,2024-12-27,2025-01-24,38.0,13.038381576538086,0.0,75.21612548828125
I,8,4,2025-01-03,2025-01-31,45.0,12.076864242553711,0.0,74.25460815429688
I,8,4,2025-01-10,2025-02-07,34.0,12.842021942138672,0.0,75.01976776123047
I,8,4,2025-01-17,2025-02-14,94.0,14.26835823059082,0.0,76.44610595703125
I,8,4,2025-01-24,2025-02-21,75.0,15.873947143554688,1.2293415069580078,78.05169677734375
I,8,4,2025-01-31,2025-02-28,50.0,18.177289962768555,3.532684326171875,80.35503387451172
I,8,4,2025-02-07,2025-03-07,38.0,19.118772506713867,4.4741668701171875,81.29651641845703
I,8,4,2025-02-14,2025-03-14,22.0,26.641592025756836,11.996986389160156,88.8193359375
I,8,4,2025-02-21,2025-03-21,28.0,31.444744110107422,16.800138473510742,93.62248992919922
I,8,4,2025-02-28,2025-03-28,14.0,33.20839309692383,18.56378746032715,112.94003295898438
I,8,4,2025-03-07,2025-04-04,12.0,32.873634338378906,18.229028701782227,112.60527801513672
I,8,4,2025-03-14,2025-04-11,12.0,22.34488868713379,7.700283050537109,102.07653045654297
I,8,4,2025-03-21,2025-04-18,12.0,16.752595901489258,2.107990264892578,96.48423767089844
I,8,4,2025-03-28,2025-04-25,6.0,13.76478099822998,0.0,93.49642181396484
I,8,4,2025-04-04,2025-05-02,6.0,11.765955924987793,0.0,91.49759674072266
I,8,4,2025-04-11,2025-05-09,8.0,12.116411209106445,0.0,91.84805297851562
I,8,4,2025-04-18,2025-05-16,5.0,13.045783042907715,0.0,92.77742767333984
I,8,4,2025-04-25,2025-05-23,11.0,12.975536346435547,0.0,92.70718383789062
I,8,4,2025-05-02,2025-05-30,3.0,12.907628059387207,0.0,92.63927459716797
I,8,4,2025-05-09,2025-06-06,10.0,13.666321754455566,0.0,93.39796447753906
I,8,4,2025-05-16,2025-06-13,9.0,12.682408332824707,0.0,92.41405487060547
I,8,4,2025-05-23,2025-06-20,13.0,11.784321784973145,0.0,91.5159683227539
I,8,4,2025-05-30,2025-06-27,19.0,13.351340293884277,0.0,93.0829849243164
I,8,4,2025-06-06,2025-07-04,13.0,15.627976417541504,0.0,95.359619140625
I,8,4,2025-06-13,2025-07-11,10.0,18.529455184936523,0.0,98.26110076904297
I,8,4,2025-06-20,2025-07-18,9.0,21.461782455444336,0.5881481170654297,101.19342803955078
I,8,4,2025-06-27,2025-07-25,22.0,28.784759521484375,7.911125183105469,108.51640319824219
I,8,4,2025-07-04,2025-08-01,24.0,32.763465881347656,11.88983154296875,112.49510955810547
I,8,4,2025-07-11,2025-08-08,36.0,33.179996490478516,12.30636215209961,112.91163635253906
I,8,4,2025-07-18,2025-08-15,26.0,24.599245071411133,3.7256107330322266,104.33088684082031
I,8,4,2025-07-25,2025-08-22,25.0,18.132038116455078,0.0,97.86367797851562
I,8,4,2025-08-01,2025-08-29,23.0,16.269481658935547,0.0,96.00112915039062
I,8,4,2025-08-08,2025-09-05,,15.098735809326172,0.0,94.83038330078125
I,8,4,2025-08-15,2025-09-12,,16.55912208557129,0.0,96.29076385498047
I,8,4,2025-08-22,2025-09-19,,13.869613647460938,0.0,93.60125732421875
I,8,8,2023-02-17,2023-04-14,10.0,5.022067070007324,0.0,56.94158935546875
I,8,8,2023-02-24,2023-04-21,4.0,3.7228219509124756,0.0,55.64234161376953
I,8,8,2023-03-03,2023-04-28,3.0,3.013400077819824,0.0,54.93292236328125
I,8,8,2023-03-10,2023-05-05,2.0,2.460594654083252,0.0,54.3801155090332
I,8,8,2023-03-17,2023-05-12,7.0,2.507463216781616,0.0,54.42698287963867
I,8,8,2023-03-24,2023-05-19,4.0,3.220933437347412,0.0,55.14045333862305
I,8,8,2023-03-31,2023-05-26,3.0,4.01448917388916,0.0,55.93400955200195
I,8,8,2023-04-07,2023-06-02,9.0,4.214019298553467,0.0,56.133541107177734
I,8,8,2023-04-14,2023-06-09,8.0,9.364583015441895,0.07898426055908203,61.28410339355469
I,8,8,2023-04-21,2023-06-16,17.0,15.165679931640625,5.8800811767578125,67.085205078125
I,8,8,2023-04-28,2023-06-23,34.0,17.861650466918945,8.576051712036133,34.96527099609375
I,8,8,2023-05-05,2023-06-30,15.0,27.561336517333984,18.275737762451172,44.664955139160156
I,8,8,2023-05-12,2023-07-07,14.0,32.462589263916016,23.176990509033203,49.56620788574219
I,8,8,2023-05-19,2023-07-14,12.0,33.089508056640625,23.803909301757812,50.1931266784668
I,8,8,2023-05-26,2023-07-21,5.0,32.987396240234375,23.701797485351562,50.09101486206055
I,8,8,2023-06-02,2023-07-28,13.0,33.21359634399414,23.927997589111328,50.31721496582031
I,8,8,2023-06-09,2023-08-04,20.0,33.197059631347656,23.911460876464844,50.30067825317383
I,8,8,2023-06-16,2023-08-11,15.0,33.29194259643555,24.006343841552734,50.39556121826172
I,8,8,2023-06-23,2023-08-18,11.0,33.30870819091797,24.023109436035156,50.41232681274414
I,8,8,2023-06-30,2023-08-25,20.0,33.309120178222656,24.023521423339844,50.41273880004883
I,8,8,2023-07-07,2023-09-01,16.0,33.30876541137695,24.02316665649414,50.412384033203125
I,8,8,2023-07-14,2023-09-08,22.0,33.30781555175781,20.746479034423828,50.411434173583984
I,8,8,2023-07-21,2023-09-15,12.0,33.29374694824219,14.831157684326172,49.432098388671875
I,8,8,2023-07-28,2023-09-22,14.0,31.61692237854004,10.527414321899414,47.755271911621094
I,8,8,2023-08-04,2023-09-29,31.0,20.58534812927246,0.0,36.723697662353516
I,8,8,2023-08-11,2023-10-06,27.0,16.06576156616211,0.0,32.20410919189453
I,8,8,2023-08-18,2023-10-13,19.0,12.569534301757812,0.0,28.707883834838867
I,8,8,2023-08-25,2023-10-20,20.0,8.7369384765625,0.0,24.875288009643555
I,8,8,2023-09-01,2023-10-27,16.0,11.578322410583496,0.0,27.716670989990234
I,8,8,2023-09-08,2023-11-03,19.0,12.26741886138916,0.0,28.40576934814453
I,8,8,2023-09-15,2023-11-10,21.0,11.85335922241211,0.0,27.991708755493164
I,8,8,2023-09-22,2023-11-17,29.0,22.011850357055664,0.0,38.15019989013672
I,8,8,2023-09-29,2023-11-24,15.0,27.176706314086914,0.0,43.31505584716797
I,8,8,2023-10-06,2023-12-01,19.0,15.658157348632812,0.0,31.796506881713867
I,8,8,2023-10-13,2023-12-08,17.0,7.372958183288574,0.0,23.511306762695312
I,8,8,2023-10-20,2023-12-15,12.0,5.685523986816406,0.0,21.82387351989746
I,8,8,2023-10-27,2023-12-22,20.0,5.195972442626953,0.0,21.334321975708008
I,8,8,2023-11-03,2023-12-29,18.0,6.340863227844238,0.0,22.47921371459961
I,8,8,2023-11-10,2024-01-05,28.0,7.085688591003418,0.0,23.224037170410156
I,8,8,2023-11-17,2024-01-12,16.0,7.755392074584961,0.0,23.893741607666016
I,8,8,2023-11-24,2024-01-19,12.0,8.423308372497559,0.0,24.561656951904297
I,8,8,2023-12-01,2024-01-26,11.0,9.592716217041016,0.0,25.73106575012207
I,8,8,2023-12-08,2024-02-02,15.0,10.641587257385254,0.0,26.779937744140625
I,8,8,2023-12-15,2024-02-09,11.0,10.612814903259277,0.0,26.751163482666016
I,8,8,2023-12-22,2024-02-16,12.0,10.244315147399902,0.0,26.38266372680664
I,8,8,2023-12-29,2024-02-23,7.0,11.142059326171875,0.0,27.28040885925293
I,8,8,2024-01-05,2024-03-01,9.0,11.292383193969727,0.0,27.43073272705078
I,8,8,2024-01-12,2024-03-08,9.0,10.94553279876709,0.0,27.083881378173828
I,8,8,2024-01-19,2024-03-15,9.0,10.378954887390137,0.0,31.29326629638672
I,8,8,2024-01-26,2024-03-22,9.0,9.954937934875488,0.0,30.869247436523438
I,8,8,2024-02-02,2024-03-29,4.0,9.8816499710083,0.0,30.79595947265625
I,8,8,2024-02-09,2024-04-05,4.0,9.07681655883789,0.0,29.991127014160156
I,8,8,2024-02-16,2024-04-12,8.0,6.972702980041504,0.0,27.887012481689453
I,8,8,2024-02-23,2024-04-19,4.0,5.584076881408691,0.0,26.49838638305664
I,8,8,2024-03-01,2024-04-26,2.0,4.701603412628174,0.0,25.61591339111328
I,8,8,2024-03-08,2024-05-03,2.0,4.432982444763184,0.0,25.347293853759766
I,8,8,2024-03-15,2024-05-10,4.0,4.117566108703613,0.0,25.031875610351562
I,8,8,2024-03-22,2024-05-17,3.0,5.339325904846191,0.0,26.25363540649414
I,8,8,2024-03-29,2024-05-24,1.0,5.402153968811035,0.0,26.316463470458984
I,8,8,2024-04-05,2024-05-31,10.0,4.8891682624816895,0.0,25.803478240966797
I,8,8,2024-04-12,2024-06-07,6.0,7.683317184448242,0.0,28.597627639770508
I,8,8,2024-04-19,2024-06-14,8.0,4.404021263122559,0.0,25.31833267211914
I,8,8,2024-04-26,2024-06-21,7.0,4.3860673904418945,0.0,25.300376892089844
I,8,8,2024-05-03,2024-06-28,12.0,4.599184036254883,0.0,25.51349449157715
I,8,8,2024-05-10,2024-07-05,13.0,7.344831943511963,0.0,28.25914192199707
I,8,8,2024-05-17,2024-07-12,8.0,10.562886238098145,0.0,31.477195739746094
I,8,8,2024-05-24,2024-07-19,8.0,11.227569580078125,0.0,32.14188003540039
I,8,8,2024-05-31,2024-07-26,19.0,20.400096893310547,0.0,41.31440734863281
I,8,8,2024-06-07,2024-08-02,18.0,22.49907112121582,0.0,43.41338348388672
I,8,8,2024-06-14,2024-08-09,15.0,26.571420669555664,0.0,47.48573303222656
I,8,8,2024-06-21,2024-08-16,38.0,33.00628662109375,5.018890380859375,53.920597076416016
I,8,8,2024-06-28,2024-08-23,23.0,33.29233932495117,5.304943084716797,54.20664978027344
I,8,8,2024-07-05,2024-08-30,21.0,33.30476760864258,5.317371368408203,54.219078063964844
I,8,8,2024-07-12,2024-09-06,38.0,33.301300048828125,5.31390380859375,54.21561050415039
I,8,8,2024-07-19,2024-09-13,54.0,24.935991287231445,0.0,45.850303649902344
I,8,8,2024-07-26,2024-09-20,52.0,19.59581184387207,0.0,40.51012420654297
I,8,8,2024-08-02,2024-09-27,56.0,17.847166061401367,0.0,38.761474609375
I,8,8,2024-08-09,2024-10-04,52.0,16.804655075073242,0.0,37.718963623046875
I,8,8,2024-08-16,2024-10-11,63.0,18.82002067565918,0.0,39.73432922363281
I,8,8,2024-08-23,2024-10-18,42.0,25.902700424194336,3.593992233276367,46.81700897216797
I,8,8,2024-08-30,2024-10-25,56.0,27.8458194732666,6.552072525024414,48.7601318359375
I,8,8,2024-09-06,2024-11-01,61.0,25.08217430114746,3.7884273529052734,45.996482849121094
I,8,8,2024-09-13,2024-11-08,63.0,20.64866828918457,0.0,41.56298065185547
I,8,8,2024-09-20,2024-11-15,67.0,23.527610778808594,2.2338638305664062,44.44192123413086
I,8,8,2024-09-27,2024-11-22,87.0,23.026565551757812,5.409643173217773,52.090576171875
I,8,8,2024-10-04,2024-11-29,73.0,19.65614891052246,7.351381301879883,52.060340881347656
I,8,8,2024-10-11,2024-12-06,42.0,19.283830642700195,6.979063034057617,57.43666076660156
I,8,8,2024-10-18,2024-12-13,25.0,14.778170585632324,2.473402976989746,52.93100357055664
I,8,8,2024-10-25,2024-12-20,34.0,13.580918312072754,1.2761507034301758,57.760894775390625
I,8,8,2024-11-01,2024-12-27,18.0,14.818503379821777,2.513735771179199,58.99848175048828
I,8,8,2024-11-08,2025-01-03,38.0,16.326196670532227,4.021429061889648,60.50617218017578
I,8,8,2024-11-15,2025-01-10,33.0,20.930461883544922,8.625694274902344,65.11044311523438
I,8,8,2024-11-22,2025-01-17,42.0,23.707740783691406,11.402973175048828,67.8877182006836
I,8,8,2024-11-29,2025-01-24,38.0,24.632007598876953,12.327239990234375,68.81198120117188
I,8,8,2024-12-06,2025-01-31,45.0,17.795499801635742,5.490732192993164,81.76893615722656
I,8,8,2024-12-13,2025-02-07,34.0,12.518488883972168,0.21372127532958984,76.4919204711914
I,8,8,2024-12-20,2025-02-14,94.0,12.135287284851074,0.0,76.10871887207031
I,8,8,2024-12-27,2025-02-21,75.0,10.330117225646973,0.0,74.30355072021484
I,8,8,2025-01-03,2025-02-28,50.0,9.89167594909668,0.0,73.8651123046875
I,8,8,2025-01-10,2025-03-07,38.0,11.812520027160645,0.0,75.78595733642578
I,8,8,2025-01-17,2025-03-14,22.0,14.188472747802734,1.8837051391601562,78.16191101074219
I,8,8,2025-01-24,2025-03-21,28.0,15.546509742736816,3.2417421340942383,79.51994323730469
I,8,8,2025-01-31,2025-03-28,14.0,17.7298641204834,5.42509651184082,81.70330047607422
I,8,8,2025-02-07,2025-04-04,12.0,17.986154556274414,5.681386947631836,81.95958709716797
I,8,8,2025-02-14,2025-04-11,12.0,26.017412185668945,13.712644577026367,89.9908447265625
I,8,8,2025-02-21,2025-04-18,12.0,31.317474365234375,19.012706756591797,95.29090881347656
I,8,8,2025-02-28,2025-04-25,6.0,33.30480194091797,21.00003433227539,115.16951751708984
I,8,8,2025-03-07,2025-05-02,6.0,32.858829498291016,20.554061889648438,114.72354125976562
I,8,8,2025-03-14,2025-05-09,8.0,20.814332962036133,8.509565353393555,102.67904663085938
I,8,8,2025-03-21,2025-05-16,5.0,15.248152732849121,2.943385124206543,97.11286926269531
I,8,8,2025-03-28,2025-05-23,11.0,12.913432121276855,0.6086645126342773,94.77814483642578
I,8,8,2025-04-04,2025-05-30,3.0,12.556619644165039,0.25185203552246094,94.42133331298828
I,8,8,2025-04-11,2025-06-06,10.0,21.383197784423828,9.07843017578125,103.24790954589844
I,8,8,2025-04-18,2025-06-13,9.0,27.329893112182617,15.025125503540039,109.19461059570312
I,8,8,2025-04-25,2025-06-20,13.0,26.723255157470703,12.705842971801758,108.58796691894531
I,8,8,2025-05-02,2025-06-27,19.0,30.3435115814209,11.026037216186523,112.2082290649414
I,8,8,2025-05-09,2025-07-04,13.0,32.3670654296875,5.062263488769531,114.23178100585938
I,8,8,2025-05-16,2025-07-11,10.0,32.487857818603516,5.183055877685547,114.35256958007812
I,8,8,2025-05-23,2025-07-18,9.0,32.513946533203125,5.209144592285156,114.378662109375
I,8,8,2025-05-30,2025-07-25,22.0,32.95884323120117,5.654041290283203,114.82356262207031
I,8,8,2025-06-06,2025-08-01,24.0,33.123130798339844,5.818328857421875,114.98784637451172
I,8,8,2025-06-13,2025-08-08,36.0,33.231292724609375,5.926490783691406,115.09600830078125
I,8,8,2025-06-20,2025-08-15,26.0,33.273780822753906,5.9689788818359375,115.13849639892578
I,8,8,2025-06-27,2025-08-22,25.0,33.29728698730469,5.992485046386719,115.16200256347656
I,8,8,2025-07-04,2025-08-29,23.0,29.510969161987305,2.206167221069336,111.37568664550781
I,8,8,2025-07-11,2025-09-05,,24.38642692565918,0.0,106.25114440917969
I,8,8,2025-07-18,2025-09-12,,16.159048080444336,0.0,98.02376556396484
I,8,8,2025-07-25,2025-09-19,,14.033555030822754,0.0,95.89826965332031
I,8,8,2025-08-01,2025-09-26,,12.429479598999023,0.0,94.29419708251953
I,8,8,2025-08-08,2025-10-03,,10.577696800231934,0.0,92.44241333007812
I,8,8,2025-08-15,2025-10-10,,12.501509666442871,0.0,94.36622619628906
I,8,8,2025-08-22,2025-10-17,,8.478767395019531,0.0,90.3434829711914
I,8,12,2023-02-17,2023-05-12,7.0,3.7639031410217285,0.0,34.86459732055664
I,8,12,2023-02-24,2023-05-19,4.0,2.977896213531494,0.0,34.078590393066406
I,8,12,2023-03-03,2023-05-26,3.0,2.571556568145752,0.0,33.67224884033203
I,8,12,2023-03-10,2023-06-02,9.0,2.494385242462158,0.0,33.59507751464844
I,8,12,2023-03-17,2023-06-09,8.0,2.805443286895752,0.0,33.90613555908203
I,8,12,2023-03-24,2023-06-16,17.0,4.220766544342041,0.0,35.32146072387695
I,8,12,2023-03-31,2023-06-23,34.0,6.403711318969727,0.0,37.50440216064453
I,8,12,2023-04-07,2023-06-30,15.0,7.366601467132568,0.0,38.46729278564453
I,8,12,2023-04-14,2023-07-07,14.0,26.171125411987305,3.7030696868896484,57.271820068359375
I,8,12,2023-04-21,2023-07-14,12.0,33.08298873901367,10.614933013916016,64.18368530273438
I,8,12,2023-04-28,2023-07-21,5.0,33.206912994384766,10.73885726928711,64.30760192871094
I,8,12,2023-05-05,2023-07-28,13.0,33.30112838745117,10.833072662353516,64.40182495117188
I,8,12,2023-05-12,2023-08-04,20.0,33.308685302734375,10.840629577636719,64.40937805175781
I,8,12,2023-05-19,2023-08-11,15.0,33.309349060058594,10.841293334960938,64.41004180908203
I,8,12,2023-05-26,2023-08-18,11.0,33.309234619140625,10.841178894042969,64.40992736816406
I,8,12,2023-06-02,2023-08-25,20.0,33.309242248535156,10.8411865234375,64.4099349975586
I,8,12,2023-06-09,2023-09-01,16.0,33.308021545410156,10.8399658203125,64.4087142944336
I,8,12,2023-06-16,2023-09-08,22.0,33.309410095214844,10.841354370117188,64.41010284423828
I,8,12,2023-06-23,2023-09-15,12.0,33.30956268310547,10.841506958007812,64.4102554321289
I,8,12,2023-06-30,2023-09-22,14.0,33.30955505371094,10.841499328613281,64.41024780273438
I,8,12,2023-07-07,2023-09-29,31.0,33.3087043762207,10.840648651123047,64.40939331054688
I,8,12,2023-07-14,2023-10-06,27.0,33.3070068359375,10.838951110839844,64.40769958496094
I,8,12,2023-07-21,2023-10-13,19.0,31.474882125854492,9.006826400756836,62.57557678222656
I,8,12,2023-07-28,2023-10-20,20.0,20.198923110961914,0.0,51.29961395263672
I,8,12,2023-08-04,2023-10-27,16.0,16.59398078918457,0.0,47.694671630859375
I,8,12,2023-08-11,2023-11-03,19.0,13.935115814208984,0.0,45.03580856323242
I,8,12,2023-08-18,2023-11-10,21.0,10.1466703414917,0.0,37.742958068847656
I,8,12,2023-08-25,2023-11-17,29.0,7.844054698944092,0.0,35.44034194946289
I,8,12,2023-09-01,2023-11-24,15.0,9.69778823852539,0.0,37.29407501220703
I,8,12,2023-09-08,2023-12-01,19.0,9.893391609191895,0.0,37.489681243896484
I,8,12,2023-09-15,2023-12-08,17.0,9.624627113342285,0.0,37.220916748046875
I,8,12,2023-09-22,2023-12-15,12.0,30.912046432495117,2.7051334381103516,58.50833511352539
I,8,12,2023-09-29,2023-12-22,20.0,33.132408142089844,4.925495147705078,60.72869873046875
I,8,12,2023-10-06,2023-12-29,18.0,18.124414443969727,0.0,45.720703125
I,8,12,2023-10-13,2024-01-05,28.0,7.4032392501831055,0.0,34.99952697753906
I,8,12,2023-10-20,2024-01-12,16.0,7.589717864990234,0.0,35.186004638671875
I,8,12,2023-10-27,2024-01-19,12.0,8.094917297363281,0.0,35.69120788574219
I,8,12,2023-11-03,2024-01-26,11.0,13.545156478881836,0.0,41.14144515991211
I,8,12,2023-11-10,2024-02-02,15.0,10.071553230285645,0.0,37.667842864990234
I,8,12,2023-11-17,2024-02-09,11.0,9.87094783782959,0.0,37.46723556518555
I,8,12,2023-11-24,2024-02-16,12.0,10.498849868774414,0.0,38.09513854980469
I,8,12,2023-12-01,2024-02-23,7.0,11.514857292175293,0.0,39.11114501953125
I,8,12,2023-12-08,2024-03-01,9.0,13.914478302001953,0.0,41.510765075683594
I,8,12,2023-12-15,2024-03-08,9.0,14.304730415344238,0.0,41.90102005004883
I,8,12,2023-12-22,2024-03-15,9.0,10.024179458618164,0.0,37.62046813964844
I,8,12,2023-12-29,2024-03-22,9.0,10.949061393737793,0.0,38.54534912109375
I,8,12,2024-01-05,2024-03-29,4.0,10.193235397338867,0.0,37.78952407836914
I,8,12,2024-01-12,2024-04-05,4.0,9.677854537963867,0.0,37.27414321899414
I,8,12,2024-01-19,2024-04-12,8.0,9.10088062286377,0.0,36.69717025756836
I,8,12,2024-01-26,2024-04-19,4.0,8.649527549743652,0.0,36.24581527709961
I,8,12,2024-02-02,2024-04-26,2.0,8.758993148803711,0.0,36.355281829833984
I,8,12,2024-02-09,2024-05-03,2.0,8.00557804107666,0.0,35.60186767578125
I,8,12,2024-02-16,2024-05-10,4.0,6.394433975219727,0.0,33.99072265625
I,8,12,2024-02-23,2024-05-17,3.0,5.535026550292969,0.0,33.131317138671875
I,8,12,2024-03-01,2024-05-24,1.0,5.753448486328125,0.0,33.34973907470703
I,8,12,2024-03-08,2024-05-31,10.0,5.519906044006348,0.0,33.11619567871094
I,8,12,2024-03-15,2024-06-07,6.0,5.583329677581787,0.0,33.17961883544922
I,8,12,2024-03-22,2024-06-14,8.0,7.995345592498779,0.0,35.59163284301758
I,8,12,2024-03-29,2024-06-21,7.0,8.998478889465332,0.0,36.59476852416992
I,8,12,2024-04-05,2024-06-28,12.0,8.6200590133667,0.0,36.216346740722656
I,8,12,2024-04-12,2024-07-05,13.0,14.404047966003418,0.0,42.000335693359375
I,8,12,2024-04-19,2024-07-12,8.0,8.603043556213379,0.0,36.19933319091797
I,8,12,2024-04-26,2024-07-19,8.0,8.780016899108887,0.0,36.376304626464844
I,8,12,2024-05-03,2024-07-26,19.0,9.298022270202637,0.0,36.894309997558594
I,8,12,2024-05-10,2024-08-02,18.0,15.064992904663086,0.0,42.66128158569336
I,8,12,2024-05-17,2024-08-09,15.0,23.720251083374023,0.0,51.3165397644043
I,8,12,2024-05-24,2024-08-16,38.0,23.95900535583496,0.0,51.555294036865234
I,8,12,2024-05-31,2024-08-23,23.0,33.08327865600586,4.876365661621094,60.6795654296875
I,8,12,2024-06-07,2024-08-30,21.0,33.21513366699219,5.008220672607422,60.811424255371094
I,8,12,2024-06-14,2024-09-06,38.0,33.191505432128906,4.984592437744141,60.78779602050781
I,8,12,2024-06-21,2024-09-13,54.0,33.30604553222656,5.099132537841797,60.90233612060547
I,8,12,2024-06-28,2024-09-20,52.0,33.30809783935547,5.101184844970703,60.904388427734375
I,8,12,2024-07-05,2024-09-27,56.0,33.30756378173828,5.100650787353516,54.46350860595703
I,8,12,2024-07-12,2024-10-04,52.0,33.305572509765625,5.098659515380859,54.461517333984375
I,8,12,2024-07-19,2024-10-11,63.0,18.174715042114258,0.0,39.330657958984375
I,8,12,2024-07-26,2024-10-18,42.0,16.47065544128418,0.0,37.62660217285156
I,8,12,2024-08-02,2024-10-25,56.0,15.17288589477539,0.0,36.32883071899414
I,8,12,2024-08-09,2024-11-01,61.0,13.902098655700684,0.0,35.05804443359375
I,8,12,2024-08-16,2024-11-08,63.0,15.621533393859863,0.0,36.7774772644043
I,8,12,2024-08-23,2024-11-15,67.0,17.413782119750977,0.0,38.569725036621094
I,8,12,2024-08-30,2024-11-22,87.0,18.01569938659668,0.0,39.17164611816406
I,8,12,2024-09-06,2024-11-29,73.0,16.484882354736328,0.0,37.64082717895508
I,8,12,2024-09-13,2024-12-06,42.0,13.235922813415527,0.0,34.391868591308594
I,8,12,2024-09-20,2024-12-13,25.0,14.102073669433594,0.0,35.258018493652344
I,8,12,2024-09-27,2024-12-20,34.0,13.722383499145508,0.0,34.878326416015625
I,8,12,2024-10-04,2024-12-27,18.0,10.898271560668945,0.0,32.05421447753906
I,8,12,2024-10-11,2025-01-03,38.0,11.842127799987793,0.0,34.53456497192383
I,8,12,2024-10-18,2025-01-10,33.0,9.198416709899902,0.0,31.890853881835938
I,8,12,2024-10-25,2025-01-17,42.0,8.414385795593262,0.0,53.23967361450195
I,8,12,2024-11-01,2025-01-24,38.0,9.901243209838867,0.0,54.726531982421875
I,8,12,2024-11-08,2025-01-31,45.0,12.389654159545898,0.0,57.214942932128906
I,8,12,2024-11-15,2025-02-07,34.0,21.703222274780273,2.7911758422851562,68.8011245727539
I,8,12,2024-11-22,2025-02-14,94.0,29.210519790649414,10.298473358154297,76.5889892578125
I,8,12,2024-11-29,2025-02-21,75.0,25.999601364135742,7.087554931640625,75.58582305908203
I,8,12,2024-12-06,2025-02-28,50.0,23.173410415649414,4.261363983154297,92.15770721435547
I,8,12,2024-12-13,2025-03-07,38.0,11.1340970993042,0.0,80.11839294433594
I,8,12,2024-12-20,2025-03-14,22.0,15.084696769714355,0.0,84.0689926147461
I,8,12,2024-12-27,2025-03-21,28.0,16.920467376708984,3.7880592346191406,85.90476989746094
I,8,12,2025-01-03,2025-03-28,14.0,15.971430778503418,3.7562971115112305,84.95572662353516
I,8,12,2025-01-10,2025-04-04,12.0,15.95360279083252,3.738469123840332,84.93790435791016
I,8,12,2025-01-17,2025-04-11,12.0,17.436983108520508,5.22184944152832,86.42127990722656
I,8,12,2025-01-24,2025-04-18,12.0,16.501874923706055,4.286741256713867,85.48617553710938
I,8,12,2025-01-31,2025-04-25,6.0,22.640424728393555,10.425291061401367,91.62472534179688
I,8,12,2025-02-07,2025-05-02,6.0,19.88103675842285,7.665903091430664,88.8653335571289
I,8,12,2025-02-14,2025-05-09,8.0,30.235197067260742,18.020063400268555,99.21949768066406
I,8,12,2025-02-21,2025-05-16,5.0,30.76445960998535,18.549325942993164,99.7487564086914
I,8,12,2025-02-28,2025-05-23,11.0,33.307640075683594,21.092506408691406,102.29193878173828
I,8,12,2025-03-07,2025-05-30,3.0,32.746734619140625,20.531600952148438,101.73103332519531
I,8,12,2025-03-14,2025-06-06,10.0,29.856069564819336,17.64093589782715,98.84037017822266
I,8,12,2025-03-21,2025-06-13,9.0,23.462446212768555,11.247312545776367,92.44674682617188
I,8,12,2025-03-28,2025-06-20,13.0,26.982275009155273,14.767141342163086,95.9665756225586
I,8,12,2025-04-04,2025-06-27,19.0,30.543729782104492,18.328596115112305,99.52803039550781
I,8,12,2025-04-11,2025-07-04,13.0,33.242801666259766,21.027667999267578,102.22709655761719
I,8,12,2025-04-18,2025-07-11,10.0,33.30047607421875,21.085342407226562,102.28477478027344
I,8,12,2025-04-25,2025-07-18,9.0,33.29951858520508,21.08438491821289,102.2838134765625
I,8,12,2025-05-02,2025-07-25,22.0,33.3067741394043,21.09164047241211,102.29107666015625
I,8,12,2025-05-09,2025-08-01,24.0,33.30896759033203,16.668542861938477,102.29326629638672
I,8,12,2025-05-16,2025-08-08,36.0,33.30906295776367,16.668638229370117,102.29336547851562
I,8,12,2025-05-23,2025-08-15,26.0,33.309043884277344,11.073846817016602,102.29334259033203
I,8,12,2025-05-30,2025-08-22,25.0,33.309364318847656,7.544904708862305,102.29366302490234
I,8,12,2025-06-06,2025-08-29,23.0,33.309391021728516,7.544931411743164,102.29368591308594
I,8,12,2025-06-13,2025-09-05,,33.3095703125,3.562835693359375,102.29386901855469
I,8,12,2025-06-20,2025-09-12,,33.309513092041016,3.5627784729003906,102.29380798339844
I,8,12,2025-06-27,2025-09-19,,33.30595779418945,3.559223175048828,102.29025268554688
I,8,12,2025-07-04,2025-09-26,,18.719392776489258,0.0,87.70368957519531
I,8,12,2025-07-11,2025-10-03,,15.53971004486084,0.0,84.52400970458984
I,8,12,2025-07-18,2025-10-10,,12.523666381835938,0.0,81.50796508789062
I,8,12,2025-07-25,2025-10-17,,9.627569198608398,0.0,78.61186981201172
I,8,12,2025-08-01,2025-10-24,,8.581896781921387,0.0,77.56619262695312
I,8,12,2025-08-08,2025-10-31,,6.796186447143555,0.0,75.78048706054688
I,8,12,2025-08-15,2025-11-07,,7.942630290985107,0.0,76.92692565917969
I,8,12,2025-08-22,2025-11-14,,5.036603927612305,0.0,74.02090454101562
J,9,1,2023-02-17,2023-02-24,0.0,3.58784556388855,0.0,12.683237075805664
J,9,1,2023-02-24,2023-03-03,2.0,3.155867576599121,0.0,12.251258850097656
J,9,1,2023-03-03,2023-03-10,1.0,2.854179620742798,0.0,11.949570655822754
J,9,1,2023-03-10,2023-03-17,2.0,2.608772039413452,0.0,11.704163551330566
J,9,1,2023-03-17,2023-03-24,3.0,2.5421676635742188,0.0,11.637558937072754
J,9,1,2023-03-24,2023-03-31,0.0,2.480074167251587,0.0,11.575465202331543
J,9,1,2023-03-31,2023-04-07,1.0,2.3980062007904053,0.0,11.49339771270752
J,9,1,2023-04-07,2023-04-14,3.0,2.2252020835876465,0.0,11.320592880249023
J,9,1,2023-04-14,2023-04-21,5.0,1.745058298110962,0.0,10.840449333190918
J,9,1,2023-04-21,2023-04-28,1.0,1.3326022624969482,0.0,10.427993774414062
J,9,1,2023-04-28,2023-05-05,3.0,0.905707597732544,0.0,10.0010986328125
J,9,1,2023-05-05,2023-05-12,3.0,0.8843451738357544,0.0,9.979736328125
J,9,1,2023-05-12,2023-05-19,5.0,1.3749712705612183,0.0,10.470362663269043
J,9,1,2023-05-19,2023-05-26,5.0,2.4259629249572754,0.0,11.521354675292969
J,9,1,2023-05-26,2023-06-02,4.0,3.237074851989746,0.0,12.332466125488281
J,9,1,2023-06-02,2023-06-09,13.0,4.0886383056640625,0.0,13.184029579162598
J,9,1,2023-06-09,2023-06-16,6.0,9.572627067565918,0.0,18.668018341064453
J,9,1,2023-06-16,2023-06-23,6.0,12.904960632324219,0.0,22.000350952148438
J,9,1,2023-06-23,2023-06-30,8.0,16.625139236450195,0.0,25.720531463623047
J,9,1,2023-06-30,2023-07-07,7.0,15.423323631286621,0.0,24.518714904785156
J,9,1,2023-07-07,2023-07-14,7.0,13.67812728881836,0.0,22.773517608642578
J,9,1,2023-07-14,2023-07-21,1.0,14.655646324157715,0.0,23.56700897216797
J,9,1,2023-07-21,2023-07-28,6.0,17.888641357421875,0.9664325714111328,26.800003051757812
J,9,1,2023-07-28,2023-08-04,3.0,23.360868453979492,6.43865966796875,32.27223205566406
J,9,1,2023-08-04,2023-08-11,17.0,22.39521026611328,5.473001480102539,31.30657196044922
J,9,1,2023-08-11,2023-08-18,3.0,18.523643493652344,1.6014347076416016,27.43500518798828
J,9,1,2023-08-18,2023-08-25,6.0,15.303122520446777,0.0,24.21448516845703
J,9,1,2023-08-25,2023-09-01,7.0,11.661097526550293,0.0,20.572460174560547
J,9,1,2023-09-01,2023-09-08,10.0,14.467768669128418,0.0,23.379131317138672
J,9,1,2023-09-08,2023-09-15,6.0,13.14661979675293,0.0,22.057981491088867
J,9,1,2023-09-15,2023-09-22,9.0,11.746583938598633,0.0,20.65794563293457
J,9,1,2023-09-22,2023-09-29,13.0,12.163544654846191,0.0,21.074905395507812
J,9,1,2023-09-29,2023-10-06,8.0,12.58815860748291,0.0,21.49951934814453
J,9,1,2023-10-06,2023-10-13,11.0,10.042879104614258,0.0,18.954240798950195
J,9,1,2023-10-13,2023-10-20,8.0,8.887385368347168,0.0,17.798748016357422
J,9,1,2023-10-20,2023-10-27,6.0,6.26185941696167,0.0,15.173221588134766
J,9,1,2023-10-27,2023-11-03,12.0,4.101595401763916,0.0,13.012956619262695
J,9,1,2023-11-03,2023-11-10,2.0,3.5484070777893066,0.0,12.459768295288086
J,9,1,2023-11-10,2023-11-17,5.0,3.3043456077575684,0.0,12.215707778930664
J,9,1,2023-11-17,2023-11-24,9.0,2.7577037811279297,0.0,11.669065475463867
J,9,1,2023-11-24,2023-12-01,9.0,2.173253059387207,0.0,11.084614753723145
J,9,1,2023-12-01,2023-12-08,8.0,1.9069212675094604,0.0,10.818283081054688
J,9,1,2023-12-08,2023-12-15,1.0,2.084357738494873,0.0,10.995719909667969
J,9,1,2023-12-15,2023-12-22,7.0,2.107121467590332,0.0,11.01848316192627
J,9,1,2023-12-22,2023-12-29,1.0,2.076357364654541,0.0,10.98771858215332
J,9,1,2023-12-29,2024-01-05,7.0,2.5852153301239014,0.0,11.496577262878418
J,9,1,2024-01-05,2024-01-12,4.0,2.3136353492736816,0.0,11.224996566772461
J,9,1,2024-01-12,2024-01-19,6.0,2.0281691551208496,0.0,10.939531326293945
J,9,1,2024-01-19,2024-01-26,6.0,2.137482166290283,0.0,11.048843383789062
J,9,1,2024-01-26,2024-02-02,7.0,2.417205333709717,0.0,11.328567504882812
J,9,1,2024-02-02,2024-02-09,9.0,3.0536084175109863,0.0,11.964969635009766
J,9,1,2024-02-09,2024-02-16,12.0,2.9721126556396484,0.0,11.883474349975586
J,9,1,2024-02-16,2024-02-23,8.0,2.6407063007354736,0.0,11.552067756652832
J,9,1,2024-02-23,2024-03-01,9.0,2.8261232376098633,0.0,11.7374849319458
J,9,1,2024-03-01,2024-03-08,3.0,2.688699722290039,0.0,11.71658706665039
J,9,1,2024-03-08,2024-03-15,4.0,2.4764938354492188,0.0,11.50438117980957
J,9,1,2024-03-15,2024-03-22,4.0,2.3228302001953125,0.0,11.350717544555664
J,9,1,2024-03-22,2024-03-29,3.0,2.1143786907196045,0.0,11.142266273498535
J,9,1,2024-03-29,2024-04-05,1.0,1.829726219177246,0.0,10.857613563537598
J,9,1,2024-04-05,2024-04-12,4.0,1.3986411094665527,0.0,10.426528930664062
J,9,1,2024-04-12,2024-04-19,2.0,1.4833993911743164,0.0,10.511286735534668
J,9,1,2024-04-19,2024-04-26,9.0,0.7600138783454895,0.0,9.787900924682617
J,9,1,2024-04-26,2024-05-03,10.0,0.6343095302581787,0.0,9.66219711303711
J,9,1,2024-05-03,2024-05-10,2.0,0.5344516038894653,0.0,9.562338829040527
J,9,1,2024-05-10,2024-05-17,5.0,0.7345538139343262,0.0,9.762441635131836
J,9,1,2024-05-17,2024-05-24,4.0,1.1065068244934082,0.0,10.472196578979492
J,9,1,2024-05-24,2024-05-31,5.0,1.5380175113677979,0.0,10.903707504272461
J,9,1,2024-05-31,2024-06-07,6.0,2.011600971221924,0.0,11.377290725708008
J,9,1,2024-06-07,2024-06-14,15.0,2.883236885070801,0.0,12.248927116394043
J,9,1,2024-06-14,2024-06-21,18.0,5.412664890289307,0.0,14.77835464477539
J,9,1,2024-06-21,2024-06-28,23.0,11.10708236694336,0.0,20.4727725982666
J,9,1,2024-06-28,2024-07-05,12.0,20.14592933654785,0.0,32.262691497802734
J,9,1,2024-07-05,2024-07-12,13.0,27.222734451293945,6.861865997314453,39.8100700378418
J,9,1,2024-07-12,2024-07-19,13.0,30.529653549194336,10.168785095214844,43.11698913574219
J,9,1,2024-07-19,2024-07-26,30.0,32.06476974487305,11.703901290893555,44.65210723876953
J,9,1,2024-07-26,2024-08-02,34.0,32.39838790893555,12.037519454956055,44.98572540283203
J,9,1,2024-08-02,2024-08-09,26.0,32.66502380371094,12.304155349731445,45.252357482910156
J,9,1,2024-08-09,2024-08-16,23.0,31.816709518432617,11.455841064453125,44.40404510498047
J,9,1,2024-08-16,2024-08-23,28.0,28.874128341674805,11.344474792480469,41.461463928222656
J,9,1,2024-08-23,2024-08-30,28.0,27.924257278442383,10.394603729248047,40.511592864990234
J,9,1,2024-08-30,2024-09-06,27.0,30.997243881225586,13.46759033203125,43.58457946777344
J,9,1,2024-09-06,2024-09-13,18.0,31.449464797973633,13.919811248779297,44.036800384521484
J,9,1,2024-09-13,2024-09-20,24.0,29.191675186157227,11.66202163696289,41.77901077270508
J,9,1,2024-09-20,2024-09-27,20.0,28.265810012817383,10.736156463623047,40.853145599365234
J,9,1,2024-09-27,2024-10-04,13.0,23.762575149536133,6.232921600341797,36.349910736083984
J,9,1,2024-10-04,2024-10-11,17.0,16.717763900756836,0.0,29.305099487304688
J,9,1,2024-10-11,2024-10-18,24.0,12.40231990814209,0.0,24.989654541015625
J,9,1,2024-10-18,2024-10-25,12.0,13.019925117492676,0.0,25.607261657714844
J,9,1,2024-10-25,2024-11-01,21.0,11.91368579864502,0.0,24.501022338867188
J,9,1,2024-11-01,2024-11-08,31.0,11.030570983886719,0.0,23.61790657043457
J,9,1,2024-11-08,2024-11-15,33.0,13.774157524108887,0.0,26.361492156982422
J,9,1,2024-11-15,2024-11-22,40.0,15.146321296691895,0.0,27.733657836914062
J,9,1,2024-11-22,2024-11-29,25.0,17.052953720092773,0.0,37.02238464355469
J,9,1,2024-11-29,2024-12-06,35.0,19.032215118408203,1.5025615692138672,39.001644134521484
J,9,1,2024-12-06,2024-12-13,21.0,20.995393753051758,3.465740203857422,45.84907531738281
J,9,1,2024-12-13,2024-12-20,20.0,17.50290870666504,0.0,42.356590270996094
J,9,1,2024-12-20,2024-12-27,6.0,13.637972831726074,0.0,38.49165344238281
J,9,1,2024-12-27,2025-01-03,27.0,11.148573875427246,0.0,36.002254486083984
J,9,1,2025-01-03,2025-01-10,28.0,9.880499839782715,0.0,34.73418045043945
J,9,1,2025-01-10,2025-01-17,23.0,8.293490409851074,0.0,33.14717102050781
J,9,1,2025-01-17,2025-01-24,27.0,7.369932174682617,0.0,32.223609924316406
J,9,1,2025-01-24,2025-01-31,28.0,9.42675495147705,0.0,34.280433654785156
J,9,1,2025-01-31,2025-02-07,30.0,11.682740211486816,0.0,36.53641891479492
J,9,1,2025-02-07,2025-02-14,87.0,12.889252662658691,0.0,37.7429313659668
J,9,1,2025-02-14,2025-02-21,84.0,18.98883819580078,1.4591846466064453,43.8425178527832
J,9,1,2025-02-21,2025-02-28,47.0,26.33548927307129,8.805835723876953,51.189170837402344
J,9,1,2025-02-28,2025-03-07,49.0,29.1389102935791,11.609256744384766,103.2496566772461
J,9,1,2025-03-07,2025-03-14,39.0,29.613792419433594,12.084138870239258,103.72454071044922
J,9,1,2025-03-14,2025-03-21,23.0,28.390594482421875,10.860940933227539,102.5013427734375
J,9,1,2025-03-21,2025-03-28,14.0,24.06501007080078,6.535356521606445,98.1757583618164
J,9,1,2025-03-28,2025-04-04,21.0,18.6384334564209,1.1087799072265625,92.74918365478516
J,9,1,2025-04-04,2025-04-11,9.0,14.565980911254883,0.0,88.67672729492188
J,9,1,2025-04-11,2025-04-18,19.0,12.185171127319336,0.0,86.2959213256836
J,9,1,2025-04-18,2025-04-25,11.0,10.30084228515625,0.0,84.41159057617188
J,9,1,2025-04-25,2025-05-02,12.0,10.07582950592041,0.0,84.18657684326172
J,9,1,2025-05-02,2025-05-09,9.0,10.48188304901123,0.0,84.5926284790039
J,9,1,2025-05-09,2025-05-16,5.0,10.277519226074219,0.0,84.38826751708984
J,9,1,2025-05-16,2025-05-23,6.0,8.658649444580078,0.0,82.76939392089844
J,9,1,2025-05-23,2025-05-30,7.0,7.4366912841796875,0.0,81.54743957519531
J,9,1,2025-05-30,2025-06-06,6.0,7.754726409912109,0.0,81.865478515625
J,9,1,2025-06-06,2025-06-13,16.0,9.579289436340332,0.0,83.6900405883789
J,9,1,2025-06-13,2025-06-20,20.0,11.744815826416016,0.0,85.85556030273438
J,9,1,2025-06-20,2025-06-27,23.0,15.540372848510742,0.0,89.651123046875
J,9,1,2025-06-27,2025-07-04,26.0,23.262468338012695,5.732814788818359,97.37321472167969
J,9,1,2025-07-04,2025-07-11,35.0,29.71153450012207,12.181880950927734,103.82228088378906
J,9,1,2025-07-11,2025-07-18,38.0,31.856027603149414,14.326374053955078,105.9667739868164
J,9,1,2025-07-18,2025-07-25,23.0,32.032554626464844,14.502901077270508,106.14330291748047
J,9,1,2025-07-25,2025-08-01,41.0,31.206924438476562,13.677270889282227,105.31767272949219
J,9,1,2025-08-01,2025-08-08,33.0,29.441545486450195,15.992080688476562,103.55229187011719
J,9,1,2025-08-08,2025-08-15,27.0,26.851215362548828,13.401750564575195,100.96195983886719
J,9,1,2025-08-15,2025-08-22,24.0,25.3454647064209,11.895999908447266,99.45621490478516
J,9,1,2025-08-22,2025-08-29,22.0,22.06988525390625,8.620420455932617,96.18063354492188
J,9,2,2023-02-17,2023-03-03,2.0,3.4247357845306396,0.0,13.45877456665039
J,9,2,2023-02-24,2023-03-10,1.0,2.9389681816101074,0.0,12.973007202148438
J,9,2,2023-03-03,2023-03-17,2.0,2.622920513153076,0.0,12.656959533691406
J,9,2,2023-03-10,2023-03-24,3.0,2.3985977172851562,0.0,12.432636260986328
J,9,2,2023-03-17,2023-03-31,0.0,2.3725814819335938,0.0,12.406620025634766
J,9,2,2023-03-24,2023-04-07,1.0,2.498380184173584,0.0,12.532419204711914
J,9,2,2023-03-31,2023-04-14,3.0,2.470663547515869,0.0,12.504701614379883
J,9,2,2023-04-07,2023-04-21,5.0,2.341374397277832,0.0,12.375412940979004
J,9,2,2023-04-14,2023-04-28,1.0,1.9556820392608643,0.0,11.989720344543457
J,9,2,2023-04-21,2023-05-05,3.0,1.5210140943527222,0.0,11.555052757263184
J,9,2,2023-04-28,2023-05-12,3.0,1.1521949768066406,0.0,11.186233520507812
J,9,2,2023-05-05,2023-05-19,5.0,1.214683175086975,0.0,11.248722076416016
J,9,2,2023-05-12,2023-05-26,5.0,1.9263286590576172,0.0,11.960367202758789
J,9,2,2023-05-19,2023-06-02,4.0,3.4174304008483887,0.0,13.451469421386719
J,9,2,2023-05-26,2023-06-09,13.0,4.294121742248535,0.0,14.328160285949707
J,9,2,2023-06-02,2023-06-16,6.0,5.591859340667725,0.0,15.625898361206055
J,9,2,2023-06-09,2023-06-23,6.0,13.442817687988281,0.0,23.476856231689453
J,9,2,2023-06-16,2023-06-30,8.0,16.922521591186523,0.0,26.956560134887695
J,9,2,2023-06-23,2023-07-07,7.0,21.4615421295166,3.951213836669922,31.495580673217773
J,9,2,2023-06-30,2023-07-14,7.0,19.225431442260742,1.7151031494140625,29.259469985961914
J,9,2,2023-07-07,2023-07-21,1.0,16.505889892578125,0.0,26.539928436279297
J,9,2,2023-07-14,2023-07-28,6.0,17.128206253051758,0.0,25.834083557128906
J,9,2,2023-07-21,2023-08-04,3.0,20.226598739624023,2.7162704467773438,28.932476043701172
J,9,2,2023-07-28,2023-08-11,17.0,25.690593719482422,8.180265426635742,34.3964729309082
J,9,2,2023-08-04,2023-08-18,3.0,22.5628662109375,5.05253791809082,31.26874542236328
J,9,2,2023-08-11,2023-08-25,6.0,17.042848587036133,0.0,25.74872589111328
J,9,2,2023-08-18,2023-09-01,7.0,13.861360549926758,0.0,22.567237854003906
J,9,2,2023-08-25,2023-09-08,10.0,10.626834869384766,0.0,19.332714080810547
J,9,2,2023-09-01,2023-09-15,6.0,13.720126152038574,0.0,22.42600440979004
J,9,2,2023-09-08,2023-09-22,9.0,11.831457138061523,0.0,20.537334442138672
J,9,2,2023-09-15,2023-09-29,13.0,10.580523490905762,0.0,19.286401748657227
J,9,2,2023-09-22,2023-10-06,8.0,11.067334175109863,0.0,19.773212432861328
J,9,2,2023-09-29,2023-10-13,11.0,10.861008644104004,0.0,19.56688690185547
J,9,2,2023-10-06,2023-10-20,8.0,8.540858268737793,0.0,17.246736526489258
J,9,2,2023-10-13,2023-10-27,6.0,7.398477077484131,0.0,16.104354858398438
J,9,2,2023-10-20,2023-11-03,12.0,4.6536865234375,0.0,13.359564781188965
J,9,2,2023-10-27,2023-11-10,2.0,2.9328219890594482,0.0,11.638700485229492
J,9,2,2023-11-03,2023-11-17,5.0,2.8717904090881348,0.0,11.577669143676758
J,9,2,2023-11-10,2023-11-24,9.0,2.733397960662842,0.0,11.439275741577148
J,9,2,2023-11-17,2023-12-01,9.0,2.282055616378784,0.0,10.987934112548828
J,9,2,2023-11-24,2023-12-08,8.0,1.9047095775604248,0.0,10.610588073730469
J,9,2,2023-12-01,2023-12-15,1.0,1.8900368213653564,0.0,10.595914840698242
J,9,2,2023-12-08,2023-12-22,7.0,2.2631211280822754,0.0,10.968999862670898
J,9,2,2023-12-15,2023-12-29,1.0,2.289519786834717,0.0,10.995397567749023
J,9,2,2023-12-22,2024-01-05,7.0,2.174992322921753,0.0,10.880870819091797
J,9,2,2023-12-29,2024-01-12,4.0,2.6804234981536865,0.0,11.38630199432373
J,9,2,2024-01-05,2024-01-19,6.0,2.304023265838623,0.0,11.00990104675293
J,9,2,2024-01-12,2024-01-26,6.0,1.9105377197265625,0.0,10.616415977478027
J,9,2,2024-01-19,2024-02-02,7.0,2.0616118907928467,0.0,10.76749038696289
J,9,2,2024-01-26,2024-02-09,9.0,2.3212625980377197,0.0,11.027140617370605
J,9,2,2024-02-02,2024-02-16,12.0,3.0290513038635254,0.0,11.734930038452148
J,9,2,2024-02-09,2024-02-23,8.0,2.8667242527008057,0.0,11.572602272033691
J,9,2,2024-02-16,2024-03-01,9.0,2.4945216178894043,0.0,11.200399398803711
J,9,2,2024-02-23,2024-03-08,3.0,2.6770575046539307,0.0,11.382935523986816
J,9,2,2024-03-01,2024-03-15,4.0,2.631730556488037,0.0,11.602680206298828
J,9,2,2024-03-08,2024-03-22,4.0,2.4287774562835693,0.0,11.399726867675781
J,9,2,2024-03-15,2024-03-29,3.0,2.354999542236328,0.0,11.325948715209961
J,9,2,2024-03-22,2024-04-05,1.0,2.2873101234436035,0.0,11.258258819580078
J,9,2,2024-03-29,2024-04-12,4.0,1.9834163188934326,0.0,10.954365730285645
J,9,2,2024-04-05,2024-04-19,2.0,1.5251014232635498,0.0,10.496050834655762
J,9,2,2024-04-12,2024-04-26,9.0,1.6994891166687012,0.0,10.670438766479492
J,9,2,2024-04-19,2024-05-03,10.0,0.817673921585083,0.0,9.788622856140137
J,9,2,2024-04-26,2024-05-10,2.0,0.7557940483093262,0.0,9.726743698120117
J,9,2,2024-05-03,2024-05-17,5.0,0.7183374166488647,0.0,9.689286231994629
J,9,2,2024-05-10,2024-05-24,4.0,1.0009156465530396,0.0,9.971864700317383
J,9,2,2024-05-17,2024-05-31,5.0,1.458740234375,0.0,10.641066551208496
J,9,2,2024-05-24,2024-06-07,6.0,1.9612915515899658,0.0,11.143617630004883
J,9,2,2024-05-31,2024-06-14,15.0,2.5369014739990234,0.0,11.71922779083252
J,9,2,2024-06-07,2024-06-21,18.0,3.5828168392181396,0.0,12.765143394470215
J,9,2,2024-06-14,2024-06-28,23.0,7.1314826011657715,0.0,16.31380844116211
J,9,2,2024-06-21,2024-07-05,12.0,15.71015453338623,0.0,24.892480850219727
J,9,2,2024-06-28,2024-07-12,13.0,26.612964630126953,7.050098419189453,39.07606506347656
J,9,2,2024-07-05,2024-07-19,13.0,31.24164581298828,11.678779602050781,45.65882873535156
J,9,2,2024-07-12,2024-07-26,30.0,32.49878692626953,12.935920715332031,48.36730194091797
J,9,2,2024-07-19,2024-08-02,34.0,33.00029754638672,13.437431335449219,48.868812561035156
J,9,2,2024-07-26,2024-08-09,26.0,33.061729431152344,13.498863220214844,48.93024444580078
J,9,2,2024-08-02,2024-08-16,23.0,33.065643310546875,13.502777099609375,48.93415832519531
J,9,2,2024-08-09,2024-08-23,28.0,31.84891700744629,12.286050796508789,47.71743392944336
J,9,2,2024-08-16,2024-08-30,28.0,27.15731430053711,7.594448089599609,43.02583312988281
J,9,2,2024-08-23,2024-09-06,27.0,26.29570960998535,6.732843399047852,42.16422653198242
J,9,2,2024-08-30,2024-09-13,18.0,30.847957611083984,12.606311798095703,46.71647644042969
J,9,2,2024-09-06,2024-09-20,24.0,30.753923416137695,12.512277603149414,46.622440338134766
J,9,2,2024-09-13,2024-09-27,20.0,24.688493728637695,6.446847915649414,40.557010650634766
J,9,2,2024-09-20,2024-10-04,13.0,23.8718204498291,5.63017463684082,39.74033737182617
J,9,2,2024-09-27,2024-10-11,17.0,18.867021560668945,0.6253757476806641,34.735538482666016
J,9,2,2024-10-04,2024-10-18,24.0,13.235833168029785,0.0,29.104351043701172
J,9,2,2024-10-11,2024-10-25,12.0,10.227953910827637,0.0,26.09646987915039
J,9,2,2024-10-18,2024-11-01,21.0,10.803398132324219,0.0,26.67191505432129
J,9,2,2024-10-25,2024-11-08,31.0,9.869538307189941,0.0,25.738056182861328
J,9,2,2024-11-01,2024-11-15,33.0,9.344374656677246,0.0,25.212890625
J,9,2,2024-11-08,2024-11-22,40.0,12.178439140319824,0.0,28.046955108642578
J,9,2,2024-11-15,2024-11-29,25.0,14.487380981445312,0.0,30.355897903442383
J,9,2,2024-11-22,2024-12-06,35.0,16.556974411010742,0.0,37.68743896484375
J,9,2,2024-11-29,2024-12-13,21.0,17.68534278869629,0.0,41.340965270996094
J,9,2,2024-12-06,2024-12-20,20.0,18.506006240844727,0.2643604278564453,46.32756805419922
J,9,2,2024-12-13,2024-12-27,6.0,14.693324089050293,0.0,42.51488494873047
J,9,2,2024-12-20,2025-01-03,27.0,11.358582496643066,0.0,39.18014144897461
J,9,2,2024-12-27,2025-01-10,28.0,9.293414115905762,0.0,37.11497497558594
J,9,2,2025-01-03,2025-01-17,23.0,8.637665748596191,0.0,36.459224700927734
J,9,2,2025-01-10,2025-01-24,27.0,8.056442260742188,0.0,35.87800216674805
J,9,2,2025-01-17,2025-01-31,28.0,7.715649604797363,0.0,35.537208557128906
J,9,2,2025-01-24,2025-02-07,30.0,10.496140480041504,0.0,38.31769943237305
J,9,2,2025-01-31,2025-02-14,87.0,13.331966400146484,0.0,41.153526306152344
J,9,2,2025-02-07,2025-02-21,84.0,14.45457935333252,0.0,42.27613830566406
J,9,2,2025-02-14,2025-02-28,47.0,20.509492874145508,2.2678470611572266,48.3310546875
J,9,2,2025-02-21,2025-03-07,49.0,25.522871017456055,7.281225204467773,53.34442901611328
J,9,2,2025-02-28,2025-03-14,39.0,28.601078033447266,10.359432220458984,102.26910400390625
J,9,2,2025-03-07,2025-03-21,23.0,28.15865707397461,9.917011260986328,101.82669067382812
J,9,2,2025-03-14,2025-03-28,14.0,25.701309204101562,7.459663391113281,99.36933898925781
J,9,2,2025-03-21,2025-04-04,21.0,20.06626319885254,1.8246173858642578,93.73429107666016
J,9,2,2025-03-28,2025-04-11,9.0,15.613991737365723,0.0,89.28202056884766
J,9,2,2025-04-04,2025-04-18,19.0,12.854475975036621,0.0,86.52250671386719
J,9,2,2025-04-11,2025-04-25,11.0,11.853072166442871,0.0,85.52110290527344
J,9,2,2025-04-18,2025-05-02,12.0,11.03841495513916,0.0,84.7064437866211
J,9,2,2025-04-25,2025-05-09,9.0,11.48692798614502,0.0,85.15496063232422
J,9,2,2025-05-02,2025-05-16,5.0,11.805009841918945,0.0,85.47303771972656
J,9,2,2025-05-09,2025-05-23,6.0,11.71396255493164,0.0,85.38198852539062
J,9,2,2025-05-16,2025-05-30,7.0,9.444872856140137,0.0,83.11289978027344
J,9,2,2025-05-23,2025-06-06,6.0,7.986660480499268,0.0,81.65469360351562
J,9,2,2025-05-30,2025-06-13,16.0,8.762835502624512,0.0,82.43086242675781
J,9,2,2025-06-06,2025-06-20,20.0,11.154630661010742,0.0,84.82266235351562
J,9,2,2025-06-13,2025-06-27,23.0,13.927735328674316,0.0,87.59576416015625
J,9,2,2025-06-20,2025-07-04,26.0,19.47159767150879,1.2299518585205078,93.1396255493164
J,9,2,2025-06-27,2025-07-11,35.0,28.246477127075195,10.004831314086914,101.91450500488281
J,9,2,2025-07-04,2025-07-18,38.0,32.13291549682617,13.89126968383789,105.80094909667969
J,9,2,2025-07-11,2025-07-25,23.0,32.84220886230469,14.600563049316406,106.51023864746094
J,9,2,2025-07-18,2025-08-01,41.0,32.10480499267578,13.8631591796875,105.77283477783203
J,9,2,2025-07-25,2025-08-08,33.0,29.0931339263916,10.85148811340332,102.76116180419922
J,9,2,2025-08-01,2025-08-15,27.0,25.61161231994629,12.763654708862305,99.2796401977539
J,9,2,2025-08-08,2025-08-22,24.0,21.970163345336914,9.12220573425293,95.63819122314453
J,9,2,2025-08-15,2025-08-29,22.0,20.487571716308594,7.639614105224609,94.15560150146484
J,9,2,2025-08-22,2025-09-05,,17.50075912475586,4.652801513671875,91.16879272460938
J,9,4,2023-02-17,2023-03-17,2.0,2.744258165359497,0.0,12.621644973754883
J,9,4,2023-02-24,2023-03-24,3.0,2.3084933757781982,0.0,12.185880661010742
J,9,4,2023-03-03,2023-03-31,0.0,2.0433201789855957,0.0,11.920707702636719
J,9,4,2023-03-10,2023-04-07,1.0,1.912844181060791,0.0,11.790231704711914
J,9,4,2023-03-17,2023-04-14,3.0,1.967020034790039,0.0,11.844407081604004
J,9,4,2023-03-24,2023-04-21,5.0,2.4767675399780273,0.0,12.354154586791992
J,9,4,2023-03-31,2023-04-28,1.0,2.6733016967773438,0.0,12.550688743591309
J,9,4,2023-04-07,2023-05-05,3.0,2.6810007095336914,0.0,12.558387756347656
J,9,4,2023-04-14,2023-05-12,3.0,2.7098684310913086,0.0,12.587255477905273
J,9,4,2023-04-21,2023-05-19,5.0,2.3092660903930664,0.0,12.186653137207031
J,9,4,2023-04-28,2023-05-26,5.0,2.111388683319092,0.0,11.988775253295898
J,9,4,2023-05-05,2023-06-02,4.0,2.482844829559326,0.0,12.360231399536133
J,9,4,2023-05-12,2023-06-09,13.0,4.116448879241943,0.0,13.99383544921875
J,9,4,2023-05-19,2023-06-16,6.0,7.456363677978516,0.0,17.333751678466797
J,9,4,2023-05-26,2023-06-23,6.0,9.155186653137207,0.0,19.032573699951172
J,9,4,2023-06-02,2023-06-30,8.0,12.163382530212402,0.0,22.040769577026367
J,9,4,2023-06-09,2023-07-07,7.0,24.058879852294922,6.589963912963867,33.9362678527832
J,9,4,2023-06-16,2023-07-14,7.0,26.693466186523438,9.224550247192383,36.57085418701172
J,9,4,2023-06-23,2023-07-21,1.0,30.24867820739746,12.779762268066406,40.12606430053711
J,9,4,2023-06-30,2023-07-28,6.0,29.098173141479492,11.629257202148438,38.97555923461914
J,9,4,2023-07-07,2023-08-04,3.0,26.117889404296875,8.64897346496582,35.995277404785156
J,9,4,2023-07-14,2023-08-11,17.0,24.05704689025879,6.588130950927734,32.94059753417969
J,9,4,2023-07-21,2023-08-18,3.0,24.136064529418945,6.667148590087891,33.019615173339844
J,9,4,2023-07-28,2023-08-25,6.0,23.34989356994629,3.6564273834228516,32.23344421386719
J,9,4,2023-08-04,2023-09-01,7.0,18.521825790405273,0.0,27.405376434326172
J,9,4,2023-08-11,2023-09-08,10.0,14.517485618591309,0.0,23.40103530883789
J,9,4,2023-08-18,2023-09-15,6.0,12.098511695861816,0.0,20.98206329345703
J,9,4,2023-08-25,2023-09-22,9.0,9.239134788513184,0.0,18.122684478759766
J,9,4,2023-09-01,2023-09-29,13.0,11.438801765441895,0.0,20.32235336303711
J,9,4,2023-09-08,2023-10-06,8.0,9.376505851745605,0.0,18.260055541992188
J,9,4,2023-09-15,2023-10-13,11.0,8.740720748901367,0.0,17.624271392822266
J,9,4,2023-09-22,2023-10-20,8.0,9.36946964263916,0.0,18.253021240234375
J,9,4,2023-09-29,2023-10-27,6.0,8.48625659942627,0.0,17.369808197021484
J,9,4,2023-10-06,2023-11-03,12.0,6.40535306930542,0.0,15.288904190063477
J,9,4,2023-10-13,2023-11-10,2.0,5.473580837249756,0.0,14.357131958007812
J,9,4,2023-10-20,2023-11-17,5.0,2.9473862648010254,0.0,11.830936431884766
J,9,4,2023-10-27,2023-11-24,9.0,2.0689918994903564,0.0,10.952542304992676
J,9,4,2023-11-03,2023-12-01,9.0,2.634098768234253,0.0,11.51764965057373
J,9,4,2023-11-10,2023-12-08,8.0,2.5532708168029785,0.0,11.436820983886719
J,9,4,2023-11-17,2023-12-15,1.0,2.2397830486297607,0.0,11.123333930969238
J,9,4,2023-11-24,2023-12-22,7.0,2.1118476390838623,0.0,10.99539852142334
J,9,4,2023-12-01,2023-12-29,1.0,2.443450689315796,0.0,11.327001571655273
J,9,4,2023-12-08,2024-01-05,7.0,3.1281723976135254,0.0,12.011722564697266
J,9,4,2023-12-15,2024-01-12,4.0,3.127480983734131,0.0,12.011032104492188
J,9,4,2023-12-22,2024-01-19,6.0,2.6008241176605225,0.0,11.484375
J,9,4,2023-12-29,2024-01-26,6.0,2.9567227363586426,0.0,11.840272903442383
J,9,4,2024-01-05,2024-02-02,7.0,2.328399658203125,0.0,11.211950302124023
J,9,4,2024-01-12,2024-02-09,9.0,1.7065038681030273,0.0,10.590054512023926
J,9,4,2024-01-19,2024-02-16,12.0,1.8692842721939087,0.0,10.752835273742676
J,9,4,2024-01-26,2024-02-23,8.0,2.0034854412078857,0.0,10.887036323547363
J,9,4,2024-02-02,2024-03-01,9.0,2.7400200366973877,0.0,11.623570442199707
J,9,4,2024-02-09,2024-03-08,3.0,2.494882345199585,0.0,11.378433227539062
J,9,4,2024-02-16,2024-03-15,4.0,2.12524151802063,0.0,11.00879192352295
J,9,4,2024-02-23,2024-03-22,4.0,2.342040777206421,0.0,11.225591659545898
J,9,4,2024-03-01,2024-03-29,3.0,2.518937110900879,0.0,12.649652481079102
J,9,4,2024-03-08,2024-04-05,1.0,2.394198417663574,0.0,12.524913787841797
J,9,4,2024-03-15,2024-04-12,4.0,2.5496115684509277,0.0,12.680326461791992
J,9,4,2024-03-22,2024-04-19,2.0,2.852111577987671,0.0,12.982827186584473
J,9,4,2024-03-29,2024-04-26,9.0,2.590629816055298,0.0,12.721344947814941
J,9,4,2024-04-05,2024-05-03,10.0,2.0708274841308594,0.0,12.201542854309082
J,9,4,2024-04-12,2024-05-10,2.0,2.49527645111084,0.0,12.625991821289062
J,9,4,2024-04-19,2024-05-17,5.0,1.2308542728424072,0.0,11.36156940460205
J,9,4,2024-04-26,2024-05-24,4.0,1.2888010740280151,0.0,11.419516563415527
J,9,4,2024-05-03,2024-05-31,5.0,1.3843125104904175,0.0,11.51502799987793
J,9,4,2024-05-10,2024-06-07,6.0,1.9383513927459717,0.0,12.069067001342773
J,9,4,2024-05-17,2024-06-14,15.0,2.7485902309417725,0.0,12.879305839538574
J,9,4,2024-05-24,2024-06-21,18.0,3.611386775970459,0.0,13.742101669311523
J,9,4,2024-05-31,2024-06-28,23.0,4.568558692932129,0.0,14.699274063110352
J,9,4,2024-06-07,2024-07-05,12.0,6.019262313842773,0.0,16.149978637695312
J,9,4,2024-06-14,2024-07-12,13.0,12.626940727233887,0.0,22.75765609741211
J,9,4,2024-06-21,2024-07-19,13.0,27.032394409179688,0.0,37.163108825683594
J,9,4,2024-06-28,2024-07-26,30.0,32.756019592285156,3.5073413848876953,45.00743103027344
J,9,4,2024-07-05,2024-08-02,34.0,33.20138168334961,3.9527034759521484,47.589996337890625
J,9,4,2024-07-12,2024-08-09,26.0,33.26643371582031,4.017755508422852,51.6978759765625
J,9,4,2024-07-19,2024-08-16,23.0,33.28983688354492,4.041158676147461,51.72127914428711
J,9,4,2024-07-26,2024-08-23,28.0,33.267391204833984,4.018712997436523,51.69883346557617
J,9,4,2024-08-02,2024-08-30,28.0,32.55707550048828,9.439186096191406,50.98851776123047
J,9,4,2024-08-09,2024-09-06,27.0,25.35432243347168,2.2364330291748047,43.7857666015625
J,9,4,2024-08-16,2024-09-13,18.0,20.21760368347168,0.0,38.6490478515625
J,9,4,2024-08-23,2024-09-20,24.0,20.174009323120117,0.0,38.60545349121094
J,9,4,2024-08-30,2024-09-27,20.0,24.544981002807617,7.195087432861328,42.97642517089844
J,9,4,2024-09-06,2024-10-04,13.0,22.60520362854004,8.572809219360352,41.036643981933594
J,9,4,2024-09-13,2024-10-11,17.0,16.71830177307129,2.6859073638916016,35.149742126464844
J,9,4,2024-09-20,2024-10-18,24.0,16.438995361328125,2.4066009521484375,34.87043762207031
J,9,4,2024-09-27,2024-10-25,12.0,12.906702041625977,0.0,31.338144302368164
J,9,4,2024-10-04,2024-11-01,21.0,9.262269020080566,0.0,27.693710327148438
J,9,4,2024-10-11,2024-11-08,31.0,7.449021816253662,0.0,25.880464553833008
J,9,4,2024-10-18,2024-11-15,33.0,8.159238815307617,0.0,26.590681076049805
J,9,4,2024-10-25,2024-11-22,40.0,7.357892990112305,0.0,25.789335250854492
J,9,4,2024-11-01,2024-11-29,25.0,7.392735958099365,0.0,25.82417869567871
J,9,4,2024-11-08,2024-12-06,35.0,10.766535758972168,0.0,29.197978973388672
J,9,4,2024-11-15,2024-12-13,21.0,13.62374496459961,0.0,32.0551872253418
J,9,4,2024-11-22,2024-12-20,20.0,15.063380241394043,1.0309858322143555,38.614356994628906
J,9,4,2024-11-29,2024-12-27,6.0,15.251084327697754,1.2186899185180664,40.09184646606445
J,9,4,2024-12-06,2025-01-03,27.0,14.825960159301758,0.7935657501220703,47.46806335449219
J,9,4,2024-12-13,2025-01-10,28.0,11.510464668273926,0.0,44.15256881713867
J,9,4,2024-12-20,2025-01-17,23.0,8.796671867370605,0.0,41.438777923583984
J,9,4,2024-12-27,2025-01-24,27.0,7.290159225463867,0.0,39.93226623535156
J,9,4,2025-01-03,2025-01-31,28.0,7.571972370147705,0.0,40.21407699584961
J,9,4,2025-01-10,2025-02-07,30.0,8.20760440826416,0.0,40.849708557128906
J,9,4,2025-01-17,2025-02-14,87.0,8.158120155334473,0.0,40.80022430419922
J,9,4,2025-01-24,2025-02-21,84.0,11.14271068572998,0.0,43.78481674194336
J,9,4,2025-01-31,2025-02-28,47.0,13.1868257522583,0.0,45.82892990112305
J,9,4,2025-02-07,2025-03-07,49.0,13.445984840393066,0.0,46.08808898925781
J,9,4,2025-02-14,2025-03-14,39.0,16.462926864624023,2.430532455444336,49.10503387451172
J,9,4,2025-02-21,2025-03-21,23.0,19.171615600585938,5.13922119140625,51.813720703125
J,9,4,2025-02-28,2025-03-28,14.0,22.672422409057617,8.64002799987793,101.5143051147461
J,9,4,2025-03-07,2025-04-04,21.0,21.530569076538086,7.498174667358398,100.37245178222656
J,9,4,2025-03-14,2025-04-11,9.0,19.082658767700195,5.050264358520508,97.9245376586914
J,9,4,2025-03-21,2025-04-18,19.0,15.203398704528809,1.171004295349121,94.04528045654297
J,9,4,2025-03-28,2025-04-25,11.0,12.792790412902832,0.0,91.63467407226562
J,9,4,2025-04-04,2025-05-02,12.0,11.56359577178955,0.0,90.40547943115234
J,9,4,2025-04-11,2025-05-09,9.0,12.469693183898926,0.0,91.31157684326172
J,9,4,2025-04-18,2025-05-16,5.0,13.48485279083252,0.0,92.32673645019531
J,9,4,2025-04-25,2025-05-23,6.0,14.442707061767578,0.4103126525878906,93.28459167480469
J,9,4,2025-05-02,2025-05-30,7.0,15.30643367767334,1.2740392684936523,94.1483154296875
J,9,4,2025-05-09,2025-06-06,6.0,16.46729850769043,2.434904098510742,95.3091812133789
J,9,4,2025-05-16,2025-06-13,16.0,13.874383926391602,0.0,92.71626281738281
J,9,4,2025-05-23,2025-06-20,20.0,12.321146965026855,0.0,91.16302490234375
J,9,4,2025-05-30,2025-06-27,23.0,14.365594863891602,0.33320045471191406,93.20747375488281
J,9,4,2025-06-06,2025-07-04,26.0,17.457141876220703,3.4247474670410156,96.29902648925781
J,9,4,2025-06-13,2025-07-11,35.0,21.208383560180664,7.175989151000977,100.05026245117188
J,9,4,2025-06-20,2025-07-18,38.0,29.093759536743164,15.061365127563477,107.93563842773438
J,9,4,2025-06-27,2025-07-25,23.0,32.77476501464844,18.74237060546875,111.61664581298828
J,9,4,2025-07-04,2025-08-01,41.0,33.06796646118164,19.035572052001953,111.90985107421875
J,9,4,2025-07-11,2025-08-08,33.0,32.647560119628906,18.61516571044922,111.48944091796875
J,9,4,2025-07-18,2025-08-15,27.0,23.81144142150879,9.779047012329102,102.6533203125
J,9,4,2025-07-25,2025-08-22,24.0,19.669889450073242,5.637495040893555,98.51177215576172
J,9,4,2025-08-01,2025-08-29,22.0,17.865053176879883,7.397754669189453,96.7069320678711
J,9,4,2025-08-08,2025-09-05,,15.102479934692383,4.635181427001953,93.9443588256836
J,9,4,2025-08-15,2025-09-12,,14.141582489013672,3.674283981323242,92.98345947265625
J,9,4,2025-08-22,2025-09-19,,12.251245498657227,1.7839469909667969,91.09312438964844
J,9,8,2023-02-17,2023-04-14,3.0,1.777858018875122,0.0,21.266517639160156
J,9,8,2023-02-24,2023-04-21,5.0,1.6439378261566162,0.0,21.132596969604492
J,9,8,2023-03-03,2023-04-28,1.0,1.5416696071624756,0.0,21.03032875061035
J,9,8,2023-03-10,2023-05-05,3.0,1.6060853004455566,0.0,21.094743728637695
J,9,8,2023-03-17,2023-05-12,3.0,1.7944015264511108,0.0,21.28306007385254
J,9,8,2023-03-24,2023-05-19,5.0,2.9225053787231445,0.0,22.411163330078125
J,9,8,2023-03-31,2023-05-26,5.0,3.8895747661590576,0.0,23.378232955932617
J,9,8,2023-04-07,2023-06-02,4.0,4.331643104553223,0.0,23.820301055908203
J,9,8,2023-04-14,2023-06-09,13.0,6.342151641845703,0.0,25.830810546875
J,9,8,2023-04-21,2023-06-16,6.0,6.2138800621032715,0.0,25.702539443969727
J,9,8,2023-04-28,2023-06-23,6.0,7.195946216583252,0.0,26.68460464477539
J,9,8,2023-05-05,2023-06-30,8.0,10.513568878173828,0.0,30.002227783203125
J,9,8,2023-05-12,2023-07-07,7.0,20.09795379638672,0.060382843017578125,39.586612701416016
J,9,8,2023-05-19,2023-07-14,7.0,30.814706802368164,10.777135848999023,50.303367614746094
J,9,8,2023-05-26,2023-07-21,1.0,31.885026931762695,11.847455978393555,51.373687744140625
J,9,8,2023-06-02,2023-07-28,6.0,32.543785095214844,12.506214141845703,52.03244400024414
J,9,8,2023-06-09,2023-08-04,3.0,25.750314712524414,5.712743759155273,45.238975524902344
J,9,8,2023-06-16,2023-08-11,17.0,31.91240692138672,11.874835968017578,51.401065826416016
J,9,8,2023-06-23,2023-08-18,3.0,33.21553039550781,13.177959442138672,52.70418930053711
J,9,8,2023-06-30,2023-08-25,6.0,33.30034255981445,13.262771606445312,52.78900146484375
J,9,8,2023-07-07,2023-09-01,7.0,33.29563522338867,13.258064270019531,52.78429412841797
J,9,8,2023-07-14,2023-09-08,10.0,33.267791748046875,13.230220794677734,52.75645065307617
J,9,8,2023-07-21,2023-09-15,6.0,23.45658302307129,3.4190120697021484,42.94524383544922
J,9,8,2023-07-28,2023-09-22,9.0,17.00021743774414,0.0,36.48887634277344
J,9,8,2023-08-04,2023-09-29,13.0,14.426159858703613,0.0,33.914817810058594
J,9,8,2023-08-11,2023-10-06,8.0,10.605929374694824,0.0,30.094589233398438
J,9,8,2023-08-18,2023-10-13,11.0,8.468035697937012,0.0,15.125884056091309
J,9,8,2023-08-25,2023-10-20,8.0,6.948639869689941,0.0,13.606488227844238
J,9,8,2023-09-01,2023-10-27,6.0,7.295532703399658,0.0,13.953380584716797
J,9,8,2023-09-08,2023-11-03,12.0,5.5339179039001465,0.0,12.191766738891602
J,9,8,2023-09-15,2023-11-10,2.0,5.790793418884277,0.0,12.448641777038574
J,9,8,2023-09-22,2023-11-17,5.0,6.040338516235352,0.0,12.698186874389648
J,9,8,2023-09-29,2023-11-24,9.0,4.474555492401123,0.0,11.132404327392578
J,9,8,2023-10-06,2023-12-01,9.0,4.664246559143066,0.0,11.322094917297363
J,9,8,2023-10-13,2023-12-08,8.0,5.248597145080566,0.0,11.906445503234863
J,9,8,2023-10-20,2023-12-15,1.0,3.010840654373169,0.0,9.668688774108887
J,9,8,2023-10-27,2023-12-22,7.0,3.028106212615967,0.0,9.685955047607422
J,9,8,2023-11-03,2023-12-29,1.0,5.101886749267578,0.0,11.759735107421875
J,9,8,2023-11-10,2024-01-05,7.0,4.964919090270996,0.0,11.622767448425293
J,9,8,2023-11-17,2024-01-12,4.0,4.393004894256592,0.0,11.050853729248047
J,9,8,2023-11-24,2024-01-19,6.0,4.602196216583252,0.0,11.26004409790039
J,9,8,2023-12-01,2024-01-26,6.0,5.886034965515137,0.0,12.543883323669434
J,9,8,2023-12-08,2024-02-02,7.0,7.5680646896362305,0.0,14.225913047790527
J,9,8,2023-12-15,2024-02-09,9.0,7.329165458679199,0.0,13.987013816833496
J,9,8,2023-12-22,2024-02-16,12.0,4.371854782104492,0.0,11.029703140258789
J,9,8,2023-12-29,2024-02-23,8.0,4.191478729248047,0.0,10.849327087402344
J,9,8,2024-01-05,2024-03-01,9.0,2.847625255584717,0.0,9.505474090576172
J,9,8,2024-01-12,2024-03-08,3.0,1.8160054683685303,0.0,8.473854064941406
J,9,8,2024-01-19,2024-03-15,4.0,1.9206058979034424,0.0,8.57845401763916
J,9,8,2024-01-26,2024-03-22,4.0,1.7726197242736816,0.0,8.43046760559082
J,9,8,2024-02-02,2024-03-29,3.0,2.3689026832580566,0.0,9.026750564575195
J,9,8,2024-02-09,2024-04-05,1.0,2.1221816539764404,0.0,8.780030250549316
J,9,8,2024-02-16,2024-04-12,4.0,1.9437410831451416,0.0,8.60158920288086
J,9,8,2024-02-23,2024-04-19,2.0,2.1937687397003174,0.0,8.851616859436035
J,9,8,2024-03-01,2024-04-26,9.0,2.77669358253479,0.0,10.404838562011719
J,9,8,2024-03-08,2024-05-03,10.0,2.851503610610962,0.0,10.47964859008789
J,9,8,2024-03-15,2024-05-10,2.0,3.5677027702331543,0.0,11.19584846496582
J,9,8,2024-03-22,2024-05-17,5.0,5.003885269165039,0.0,12.632030487060547
J,9,8,2024-03-29,2024-05-24,4.0,5.130160808563232,0.0,12.758306503295898
J,9,8,2024-04-05,2024-05-31,5.0,4.333082675933838,0.0,11.961227416992188
J,9,8,2024-04-12,2024-06-07,6.0,6.048384666442871,0.0,13.676529884338379
J,9,8,2024-04-19,2024-06-14,15.0,2.9530692100524902,0.0,10.581214904785156
J,9,8,2024-04-26,2024-06-21,18.0,3.3782436847686768,0.0,11.006388664245605
J,9,8,2024-05-03,2024-06-28,23.0,3.9831769466400146,0.0,11.611322402954102
J,9,8,2024-05-10,2024-07-05,12.0,6.644706726074219,0.0,14.272851943969727
J,9,8,2024-05-17,2024-07-12,13.0,10.619627952575684,0.0,18.247772216796875
J,9,8,2024-05-24,2024-07-19,13.0,13.388243675231934,0.0,21.016387939453125
J,9,8,2024-05-31,2024-07-26,30.0,17.108226776123047,0.0,24.736371994018555
J,9,8,2024-06-07,2024-08-02,34.0,19.38047981262207,0.0,27.008625030517578
J,9,8,2024-06-14,2024-08-09,26.0,32.47651290893555,1.5914859771728516,40.10466003417969
J,9,8,2024-06-21,2024-08-16,23.0,33.29202651977539,2.4069995880126953,40.92017364501953
J,9,8,2024-06-28,2024-08-23,28.0,33.307830810546875,2.4228038787841797,45.354759216308594
J,9,8,2024-07-05,2024-08-30,28.0,33.30868148803711,2.423654556274414,47.93043899536133
J,9,8,2024-07-12,2024-09-06,27.0,33.30829620361328,2.423269271850586,52.32511901855469
J,9,8,2024-07-19,2024-09-13,18.0,33.30227279663086,2.417245864868164,52.319095611572266
J,9,8,2024-07-26,2024-09-20,24.0,29.565481185913086,0.0,48.582305908203125
J,9,8,2024-08-02,2024-09-27,20.0,19.374303817749023,0.0,38.39112854003906
J,9,8,2024-08-09,2024-10-04,13.0,14.647804260253906,0.0,33.66462707519531
J,9,8,2024-08-16,2024-10-11,17.0,12.818419456481934,0.0,31.835243225097656
J,9,8,2024-08-23,2024-10-18,24.0,13.869427680969238,0.0,32.88624954223633
J,9,8,2024-08-30,2024-10-25,12.0,15.371297836303711,0.0,34.38812255859375
J,9,8,2024-09-06,2024-11-01,21.0,13.10903263092041,0.0,32.1258544921875
J,9,8,2024-09-13,2024-11-08,31.0,8.81141185760498,0.0,27.828235626220703
J,9,8,2024-09-20,2024-11-15,33.0,9.040194511413574,0.0,28.057018280029297
J,9,8,2024-09-27,2024-11-22,40.0,6.836479187011719,0.0,25.853302001953125
J,9,8,2024-10-04,2024-11-29,25.0,4.7186102867126465,0.0,23.73543357849121
J,9,8,2024-10-11,2024-12-06,35.0,4.815988540649414,0.0,23.83281135559082
J,9,8,2024-10-18,2024-12-13,21.0,5.613748550415039,0.0,24.630571365356445
J,9,8,2024-10-25,2024-12-20,20.0,5.209433555603027,0.0,24.22625732421875
J,9,8,2024-11-01,2024-12-27,6.0,6.380494117736816,0.0,25.397315979003906
J,9,8,2024-11-08,2025-01-03,27.0,13.820137977600098,0.0,32.83695983886719
J,9,8,2024-11-15,2025-01-10,28.0,18.012147903442383,2.7098751068115234,37.028968811035156
J,9,8,2024-11-22,2025-01-17,23.0,15.2915678024292,0.0,37.48015594482422
J,9,8,2024-11-29,2025-01-24,27.0,13.877196311950684,0.0,37.83700180053711
J,9,8,2024-12-06,2025-01-31,28.0,11.151131629943848,0.0,44.31465148925781
J,9,8,2024-12-13,2025-02-07,30.0,7.887728214263916,0.0,41.05125045776367
J,9,8,2024-12-20,2025-02-14,87.0,6.630526542663574,0.0,39.79404830932617
J,9,8,2024-12-27,2025-02-21,84.0,6.20085334777832,0.0,39.36437225341797
J,9,8,2025-01-03,2025-02-28,47.0,7.318140506744385,0.0,40.48166275024414
J,9,8,2025-01-10,2025-03-07,49.0,8.285149574279785,0.0,41.44866943359375
J,9,8,2025-01-17,2025-03-14,39.0,7.651484489440918,0.0,40.815006256103516
J,9,8,2025-01-24,2025-03-21,23.0,9.91831111907959,0.0,43.08183288574219
J,9,8,2025-01-31,2025-03-28,14.0,10.962625503540039,0.0,44.12614440917969
J,9,8,2025-02-07,2025-04-04,21.0,10.631613731384277,0.0,43.795135498046875
J,9,8,2025-02-14,2025-04-11,9.0,11.94997501373291,0.0,45.113494873046875
J,9,8,2025-02-21,2025-04-18,19.0,14.439277648925781,0.0,47.60279846191406
J,9,8,2025-02-28,2025-04-25,11.0,17.034379959106445,1.732107162475586,97.40385437011719
J,9,8,2025-03-07,2025-05-02,12.0,15.874123573303223,0.5718507766723633,96.24359893798828
J,9,8,2025-03-14,2025-05-09,9.0,14.320694923400879,0.0,94.69017028808594
J,9,8,2025-03-21,2025-05-16,5.0,11.401591300964355,0.0,91.77106475830078
J,9,8,2025-03-28,2025-05-23,6.0,10.547699928283691,0.0,90.91717529296875
J,9,8,2025-04-04,2025-05-30,7.0,16.504959106445312,1.2026863098144531,96.87443542480469
J,9,8,2025-04-11,2025-06-06,6.0,29.07098960876465,13.768716812133789,109.44046783447266
J,9,8,2025-04-18,2025-06-13,16.0,31.592939376831055,16.290666580200195,111.96241760253906
J,9,8,2025-04-25,2025-06-20,20.0,31.634857177734375,16.332584381103516,112.00433349609375
J,9,8,2025-05-02,2025-06-27,23.0,32.72595977783203,17.423686981201172,113.0954360961914
J,9,8,2025-05-09,2025-07-04,26.0,33.08880615234375,17.78653335571289,113.45828247070312
J,9,8,2025-05-16,2025-07-11,35.0,32.92835998535156,17.626087188720703,113.29783630371094
J,9,8,2025-05-23,2025-07-18,38.0,32.806922912597656,17.504650115966797,113.17639923095703
J,9,8,2025-05-30,2025-07-25,23.0,33.12257385253906,17.820301055908203,113.49205017089844
J,9,8,2025-06-06,2025-08-01,41.0,33.2132682800293,17.910995483398438,113.58274841308594
J,9,8,2025-06-13,2025-08-08,33.0,33.26826477050781,17.965991973876953,113.63774108886719
J,9,8,2025-06-20,2025-08-15,27.0,33.30284881591797,10.23185920715332,113.67232513427734
J,9,8,2025-06-27,2025-08-22,24.0,33.304725646972656,10.233736038208008,113.67420196533203
J,9,8,2025-07-04,2025-08-29,22.0,26.080137252807617,3.0091476440429688,106.44961547851562
J,9,8,2025-07-11,2025-09-05,,18.59877586364746,0.0,98.96825408935547
J,9,8,2025-07-18,2025-09-12,,11.435215950012207,0.0,91.80469512939453
J,9,8,2025-07-25,2025-09-19,,9.358992576599121,0.0,89.72846984863281
J,9,8,2025-08-01,2025-09-26,,10.861809730529785,0.0,91.23128509521484
J,9,8,2025-08-08,2025-10-03,,7.8818745613098145,0.0,88.25135040283203
J,9,8,2025-08-15,2025-10-10,,7.258418083190918,0.0,87.62789154052734
J,9,8,2025-08-22,2025-10-17,,6.1528825759887695,0.0,86.5223617553711
J,9,12,2023-02-17,2023-05-12,3.0,2.302703380584717,0.0,21.296138763427734
J,9,12,2023-02-24,2023-05-19,5.0,2.3002912998199463,0.0,21.293725967407227
J,9,12,2023-03-03,2023-05-26,5.0,2.25028395652771,0.0,21.24371910095215
J,9,12,2023-03-10,2023-06-02,4.0,2.442816734313965,0.0,21.43625259399414
J,9,12,2023-03-17,2023-06-09,13.0,2.792996644973755,0.0,21.78643226623535
J,9,12,2023-03-24,2023-06-16,6.0,4.91373348236084,0.0,23.907169342041016
J,9,12,2023-03-31,2023-06-23,6.0,7.263182640075684,0.0,26.25661849975586
J,9,12,2023-04-07,2023-06-30,8.0,8.135469436645508,0.0,27.128904342651367
J,9,12,2023-04-14,2023-07-07,7.0,12.601334571838379,0.6162433624267578,31.594768524169922
J,9,12,2023-04-21,2023-07-14,7.0,12.253925323486328,0.26883411407470703,31.247360229492188
J,9,12,2023-04-28,2023-07-21,1.0,14.244141578674316,2.2590503692626953,33.23757553100586
J,9,12,2023-05-05,2023-07-28,6.0,18.947843551635742,6.962752342224121,37.94127655029297
J,9,12,2023-05-12,2023-08-04,3.0,24.53611183166504,12.551020622253418,43.52954864501953
J,9,12,2023-05-19,2023-08-11,17.0,33.00612258911133,21.02103042602539,51.99955749511719
J,9,12,2023-05-26,2023-08-18,3.0,23.640901565551758,11.655810356140137,42.63433837890625
J,9,12,2023-06-02,2023-08-25,6.0,20.0622501373291,8.07715892791748,39.055686950683594
J,9,12,2023-06-09,2023-09-01,7.0,15.968953132629395,3.9838619232177734,34.96238708496094
J,9,12,2023-06-16,2023-09-08,10.0,19.41240119934082,7.427309989929199,38.40583801269531
J,9,12,2023-06-23,2023-09-15,6.0,23.022123336791992,11.037032127380371,42.01555633544922
J,9,12,2023-06-30,2023-09-22,9.0,33.306884765625,21.321792602539062,52.30031967163086
J,9,12,2023-07-07,2023-09-29,13.0,33.309165954589844,21.324073791503906,52.3026008605957
J,9,12,2023-07-14,2023-10-06,8.0,33.30581283569336,21.320720672607422,52.29924774169922
J,9,12,2023-07-21,2023-10-13,11.0,17.598966598510742,5.613875389099121,36.59239959716797
J,9,12,2023-07-28,2023-10-20,8.0,14.127070426940918,2.141979217529297,33.120506286621094
J,9,12,2023-08-04,2023-10-27,6.0,10.630419731140137,0.0,29.623855590820312
J,9,12,2023-08-11,2023-11-03,12.0,7.615750789642334,0.0,26.60918617248535
J,9,12,2023-08-18,2023-11-10,2.0,6.261910438537598,0.0,16.468914031982422
J,9,12,2023-08-25,2023-11-17,5.0,5.268438339233398,0.0,15.475441932678223
J,9,12,2023-09-01,2023-11-24,9.0,4.822271347045898,0.0,15.029274940490723
J,9,12,2023-09-08,2023-12-01,9.0,3.8338284492492676,0.0,14.04083251953125
J,9,12,2023-09-15,2023-12-08,8.0,4.571440696716309,0.0,14.778444290161133
J,9,12,2023-09-22,2023-12-15,1.0,4.161120414733887,0.0,14.368124008178711
J,9,12,2023-09-29,2023-12-22,7.0,3.10190486907959,0.0,13.308908462524414
J,9,12,2023-10-06,2023-12-29,1.0,5.684785842895508,0.0,15.891789436340332
J,9,12,2023-10-13,2024-01-05,7.0,9.918380737304688,0.0,20.125385284423828
J,9,12,2023-10-20,2024-01-12,4.0,5.287825584411621,0.0,15.494829177856445
J,9,12,2023-10-27,2024-01-19,6.0,5.7410101890563965,0.0,15.948013305664062
J,9,12,2023-11-03,2024-01-26,6.0,10.358901023864746,0.0,20.56590461730957
J,9,12,2023-11-10,2024-02-02,7.0,10.53497314453125,0.0,20.74197769165039
J,9,12,2023-11-17,2024-02-09,9.0,8.840399742126465,0.0,19.04740333557129
J,9,12,2023-11-24,2024-02-16,12.0,9.109515190124512,0.0,19.316518783569336
J,9,12,2023-12-01,2024-02-23,8.0,10.90340518951416,0.0,21.110408782958984
J,9,12,2023-12-08,2024-03-01,9.0,13.852337837219238,0.0,24.059341430664062
J,9,12,2023-12-15,2024-03-08,3.0,13.1654634475708,0.0,23.372467041015625
J,9,12,2023-12-22,2024-03-15,4.0,7.241804122924805,0.0,17.448806762695312
J,9,12,2023-12-29,2024-03-22,4.0,7.01762580871582,0.0,17.224628448486328
J,9,12,2024-01-05,2024-03-29,3.0,4.443378448486328,0.0,14.650382041931152
J,9,12,2024-01-12,2024-04-05,1.0,2.7694859504699707,0.0,12.976490020751953
J,9,12,2024-01-19,2024-04-12,4.0,2.8749353885650635,0.0,13.081938743591309
J,9,12,2024-01-26,2024-04-19,2.0,2.5473763942718506,0.0,12.754380226135254
J,9,12,2024-02-02,2024-04-26,9.0,3.372823715209961,0.0,13.579827308654785
J,9,12,2024-02-09,2024-05-03,10.0,3.017528533935547,0.0,13.224532127380371
J,9,12,2024-02-16,2024-05-10,2.0,2.9183952808380127,0.0,13.125398635864258
J,9,12,2024-02-23,2024-05-17,5.0,3.2744526863098145,0.0,13.481456756591797
J,9,12,2024-03-01,2024-05-24,4.0,4.411302089691162,0.0,14.618305206298828
J,9,12,2024-03-08,2024-05-31,5.0,4.628095626831055,0.0,14.835099220275879
J,9,12,2024-03-15,2024-06-07,6.0,6.139394760131836,0.0,16.346397399902344
J,9,12,2024-03-22,2024-06-14,15.0,8.874475479125977,0.0,19.081478118896484
J,9,12,2024-03-29,2024-06-21,18.0,9.36817741394043,0.0,19.575180053710938
J,9,12,2024-04-05,2024-06-28,23.0,8.138398170471191,0.0,18.345401763916016
J,9,12,2024-04-12,2024-07-05,12.0,11.414552688598633,0.0,21.62155532836914
J,9,12,2024-04-19,2024-07-12,13.0,6.101260185241699,0.0,16.308263778686523
J,9,12,2024-04-26,2024-07-19,13.0,7.114182949066162,0.0,17.321186065673828
J,9,12,2024-05-03,2024-07-26,30.0,8.34797477722168,0.0,18.554977416992188
J,9,12,2024-05-10,2024-08-02,34.0,13.737378120422363,0.0,23.944381713867188
J,9,12,2024-05-17,2024-08-09,26.0,21.54523277282715,0.0,31.752235412597656
J,9,12,2024-05-24,2024-08-16,23.0,20.69231605529785,0.0,30.89931869506836
J,9,12,2024-05-31,2024-08-23,28.0,25.197980880737305,0.0,35.40498352050781
J,9,12,2024-06-07,2024-08-30,28.0,23.910642623901367,0.0,34.117645263671875
J,9,12,2024-06-14,2024-09-06,27.0,33.29856872558594,7.992755889892578,43.50557327270508
J,9,12,2024-06-21,2024-09-13,18.0,33.30791091918945,8.002098083496094,40.290382385253906
J,9,12,2024-06-28,2024-09-20,24.0,33.309261322021484,8.003448486328125,40.29173278808594
J,9,12,2024-07-05,2024-09-27,20.0,33.309417724609375,8.003604888916016,41.94123840332031
J,9,12,2024-07-12,2024-10-04,13.0,33.308353424072266,8.002540588378906,48.16995620727539
J,9,12,2024-07-19,2024-10-11,17.0,33.27775573730469,7.971942901611328,48.13935852050781
J,9,12,2024-07-26,2024-10-18,24.0,18.930347442626953,0.0,33.79195022583008
J,9,12,2024-08-02,2024-10-25,12.0,11.937748908996582,0.0,26.79935073852539
J,9,12,2024-08-09,2024-11-01,21.0,9.650019645690918,0.0,31.302043914794922
J,9,12,2024-08-16,2024-11-08,31.0,7.890677452087402,0.0,29.542701721191406
J,9,12,2024-08-23,2024-11-15,33.0,8.982741355895996,0.0,30.634765625
J,9,12,2024-08-30,2024-11-22,40.0,11.008480072021484,0.0,32.66050720214844
J,9,12,2024-09-06,2024-11-29,25.0,8.011880874633789,0.0,29.66390609741211
J,9,12,2024-09-13,2024-12-06,35.0,4.6802659034729,0.0,26.332290649414062
J,9,12,2024-09-20,2024-12-13,21.0,4.915715217590332,0.0,26.56774139404297
J,9,12,2024-09-27,2024-12-20,20.0,4.258822917938232,0.0,25.91084861755371
J,9,12,2024-10-04,2024-12-27,6.0,4.405272960662842,0.0,26.05729866027832
J,9,12,2024-10-11,2025-01-03,27.0,6.622007369995117,0.0,28.274032592773438
J,9,12,2024-10-18,2025-01-10,28.0,8.623641014099121,0.0,30.275665283203125
J,9,12,2024-10-25,2025-01-17,23.0,7.3485918045043945,0.0,29.00061798095703
J,9,12,2024-11-01,2025-01-24,27.0,12.897046089172363,0.0,34.549072265625
J,9,12,2024-11-08,2025-01-31,28.0,32.526954650878906,12.21860122680664,54.178977966308594
J,9,12,2024-11-15,2025-02-07,30.0,32.96855163574219,12.660198211669922,54.620574951171875
J,9,12,2024-11-22,2025-02-14,87.0,20.00956153869629,0.0,43.11888122558594
J,9,12,2024-11-29,2025-02-21,84.0,14.267170906066895,0.0,38.284427642822266
J,9,12,2024-12-06,2025-02-28,47.0,8.557551383972168,0.0,37.549072265625
J,9,12,2024-12-13,2025-03-07,49.0,7.436010360717773,0.0,36.427528381347656
J,9,12,2024-12-20,2025-03-14,39.0,7.329329490661621,0.0,37.64906311035156
J,9,12,2024-12-27,2025-03-21,23.0,7.401202201843262,0.0,37.7209358215332
J,9,12,2025-01-03,2025-03-28,14.0,8.079791069030762,0.0,38.3995246887207
J,9,12,2025-01-10,2025-04-04,21.0,7.921984672546387,0.0,38.24171829223633
J,9,12,2025-01-17,2025-04-11,9.0,7.159364223480225,0.0,37.47909927368164
J,9,12,2025-01-24,2025-04-18,19.0,8.84096908569336,0.0,39.16070556640625
J,9,12,2025-01-31,2025-04-25,11.0,9.738763809204102,0.0,40.05849838256836
J,9,12,2025-02-07,2025-05-02,12.0,9.191495895385742,0.0,39.51123046875
J,9,12,2025-02-14,2025-05-09,9.0,9.435845375061035,0.0,39.75558090209961
J,9,12,2025-02-21,2025-05-16,5.0,11.478442192077637,0.0,41.79817581176758
J,9,12,2025-02-28,2025-05-23,6.0,14.395021438598633,0.0,81.38545989990234
J,9,12,2025-03-07,2025-05-30,7.0,12.854704856872559,0.0,82.58753204345703
J,9,12,2025-03-14,2025-06-06,6.0,11.614706039428711,0.0,81.3475341796875
J,9,12,2025-03-21,2025-06-13,16.0,8.8339204788208,0.0,78.5667495727539
J,9,12,2025-03-28,2025-06-20,20.0,12.10417652130127,0.0,81.83700561523438
J,9,12,2025-04-04,2025-06-27,23.0,33.03455352783203,12.726200103759766,102.76737976074219
J,9,12,2025-04-11,2025-07-04,26.0,33.3046760559082,12.996322631835938,103.03750610351562
J,9,12,2025-04-18,2025-07-11,35.0,33.30827713012695,12.999923706054688,103.04110717773438
J,9,12,2025-04-25,2025-07-18,38.0,33.30826950073242,12.999916076660156,103.04109191894531
J,9,12,2025-05-02,2025-07-25,23.0,33.309242248535156,13.00088882446289,103.04206848144531
J,9,12,2025-05-09,2025-08-01,41.0,33.309539794921875,13.00118637084961,103.04236602783203
J,9,12,2025-05-16,2025-08-08,33.0,33.309417724609375,13.00106430053711,103.04224395751953
J,9,12,2025-05-23,2025-08-15,27.0,33.30927276611328,13.000919342041016,103.04209899902344
J,9,12,2025-05-30,2025-08-22,24.0,33.309486389160156,13.00113296508789,103.04231262207031
J,9,12,2025-06-06,2025-08-29,22.0,33.30927276611328,13.000919342041016,103.04209899902344
J,9,12,2025-06-13,2025-09-05,,33.30956268310547,13.001209259033203,103.04238891601562
J,9,12,2025-06-20,2025-09-12,,33.30950927734375,13.001155853271484,103.0423355102539
J,9,12,2025-06-27,2025-09-19,,33.30481719970703,12.996463775634766,103.03764343261719
J,9,12,2025-07-04,2025-09-26,,17.890722274780273,0.0,87.62355041503906
J,9,12,2025-07-11,2025-10-03,,10.955731391906738,0.0,80.68856048583984
J,9,12,2025-07-18,2025-10-10,,5.12952995300293,0.0,74.86235809326172
J,9,12,2025-07-25,2025-10-17,,4.129987716674805,0.0,73.8628158569336
J,9,12,2025-08-01,2025-10-24,,5.685543060302734,0.0,75.41836547851562
J,9,12,2025-08-08,2025-10-31,,3.9800291061401367,0.0,73.71285247802734
J,9,12,2025-08-15,2025-11-07,,3.7657477855682373,0.0,73.49857330322266
J,9,12,2025-08-22,2025-11-14,,3.6681575775146484,0.0,73.40098571777344
K,10,1,2023-02-17,2023-02-24,1.0,3.3272557258605957,0.0,8.841936111450195
K,10,1,2023-02-24,2023-03-03,3.0,2.97389554977417,0.0,8.488574981689453
K,10,1,2023-03-03,2023-03-10,0.0,2.7326385974884033,0.0,8.247318267822266
K,10,1,2023-03-10,2023-03-17,0.0,2.3145132064819336,0.0,7.829193115234375
K,10,1,2023-03-17,2023-03-24,0.0,2.3208470344543457,0.0,7.835526943206787
K,10,1,2023-03-24,2023-03-31,2.0,2.1426045894622803,0.0,7.657284736633301
K,10,1,2023-03-31,2023-04-07,4.0,2.0971908569335938,0.0,7.611870765686035
K,10,1,2023-04-07,2023-04-14,4.0,2.368011474609375,0.0,7.882691383361816
K,10,1,2023-04-14,2023-04-21,1.0,1.987207055091858,0.0,7.50188684463501
K,10,1,2023-04-21,2023-04-28,0.0,1.764854907989502,0.0,7.279534816741943
K,10,1,2023-04-28,2023-05-05,1.0,1.46669340133667,0.0,6.981373310089111
K,10,1,2023-05-05,2023-05-12,3.0,1.8186695575714111,0.0,7.333349227905273
K,10,1,2023-05-12,2023-05-19,3.0,2.762202262878418,0.0,8.27688217163086
K,10,1,2023-05-19,2023-05-26,4.0,4.528804779052734,0.0,10.043484687805176
K,10,1,2023-05-26,2023-06-02,4.0,5.328904628753662,0.0,10.843584060668945
K,10,1,2023-06-02,2023-06-09,1.0,5.698005676269531,0.0,11.212685585021973
K,10,1,2023-06-09,2023-06-16,4.0,7.2712721824646,0.0,12.785951614379883
K,10,1,2023-06-16,2023-06-23,7.0,7.202234268188477,0.0,12.716914176940918
K,10,1,2023-06-23,2023-06-30,0.0,8.193941116333008,0.0,13.70862102508545
K,10,1,2023-06-30,2023-07-07,4.0,8.003951072692871,0.0,13.518630981445312
K,10,1,2023-07-07,2023-07-14,3.0,8.774331092834473,0.0,14.289011001586914
K,10,1,2023-07-14,2023-07-21,6.0,9.596294403076172,0.0,15.110974311828613
K,10,1,2023-07-21,2023-07-28,5.0,10.160162925720215,0.0,15.674842834472656
K,10,1,2023-07-28,2023-08-04,6.0,11.206599235534668,0.0,16.72127914428711
K,10,1,2023-08-04,2023-08-11,7.0,9.243538856506348,0.0,14.758218765258789
K,10,1,2023-08-11,2023-08-18,6.0,7.376219749450684,0.0,12.890899658203125
K,10,1,2023-08-18,2023-08-25,6.0,5.682043075561523,0.0,11.196722984313965
K,10,1,2023-08-25,2023-09-01,6.0,7.393556594848633,0.0,12.908236503601074
K,10,1,2023-09-01,2023-09-08,6.0,11.6395902633667,3.4456491470336914,17.15427017211914
K,10,1,2023-09-08,2023-09-15,10.0,10.943778038024902,2.7498369216918945,16.458457946777344
K,10,1,2023-09-15,2023-09-22,7.0,9.955413818359375,1.7614727020263672,15.470093727111816
K,10,1,2023-09-22,2023-09-29,6.0,11.961105346679688,3.7671642303466797,17.475784301757812
K,10,1,2023-09-29,2023-10-06,5.0,10.796578407287598,2.60263729095459,16.31125831604004
K,10,1,2023-10-06,2023-10-13,3.0,8.281780242919922,0.08783912658691406,13.796460151672363
K,10,1,2023-10-13,2023-10-20,2.0,6.141026496887207,0.0,11.655706405639648
K,10,1,2023-10-20,2023-10-27,6.0,4.683832168579102,0.0,10.198512077331543
K,10,1,2023-10-27,2023-11-03,7.0,3.9930224418640137,0.0,9.507701873779297
K,10,1,2023-11-03,2023-11-10,4.0,3.2700867652893066,0.0,8.784767150878906
K,10,1,2023-11-10,2023-11-17,7.0,3.1253159046173096,0.0,8.639995574951172
K,10,1,2023-11-17,2023-11-24,6.0,3.0402159690856934,0.0,8.554895401000977
K,10,1,2023-11-24,2023-12-01,3.0,2.5297412872314453,0.0,8.044421195983887
K,10,1,2023-12-01,2023-12-08,5.0,2.1354877948760986,0.0,7.650167465209961
K,10,1,2023-12-08,2023-12-15,3.0,2.232330560684204,0.0,7.747010231018066
K,10,1,2023-12-15,2023-12-22,5.0,2.1841845512390137,0.0,7.698864459991455
K,10,1,2023-12-22,2023-12-29,3.0,2.3157734870910645,0.0,6.190457344055176
K,10,1,2023-12-29,2024-01-05,3.0,3.201993942260742,0.0,7.076678276062012
K,10,1,2024-01-05,2024-01-12,5.0,2.842881917953491,0.0,6.717566013336182
K,10,1,2024-01-12,2024-01-19,4.0,2.5308778285980225,0.0,6.405561923980713
K,10,1,2024-01-19,2024-01-26,6.0,2.5574913024902344,0.0,6.432175636291504
K,10,1,2024-01-26,2024-02-02,5.0,2.484564781188965,0.0,6.359249114990234
K,10,1,2024-02-02,2024-02-09,4.0,2.691410541534424,0.0,6.566094398498535
K,10,1,2024-02-09,2024-02-16,9.0,2.4430415630340576,0.0,6.317725658416748
K,10,1,2024-02-16,2024-02-23,4.0,2.0935933589935303,0.0,5.968277454376221
K,10,1,2024-02-23,2024-03-01,3.0,1.9838533401489258,0.0,5.858537673950195
K,10,1,2024-03-01,2024-03-08,5.0,2.0341508388519287,0.0,8.591109275817871
K,10,1,2024-03-08,2024-03-15,7.0,1.814213514328003,0.0,8.371171951293945
K,10,1,2024-03-15,2024-03-22,2.0,1.5861947536468506,0.0,8.143153190612793
K,10,1,2024-03-22,2024-03-29,3.0,1.4053348302841187,0.0,7.9622931480407715
K,10,1,2024-03-29,2024-04-05,5.0,1.2849690914154053,0.0,7.841927528381348
K,10,1,2024-04-05,2024-04-12,1.0,0.9820839166641235,0.0,7.539041996002197
K,10,1,2024-04-12,2024-04-19,7.0,1.2027595043182373,0.0,7.75971794128418
K,10,1,2024-04-19,2024-04-26,3.0,0.5205520391464233,0.0,7.077510356903076
K,10,1,2024-04-26,2024-05-03,1.0,0.5113261342048645,0.0,7.068284511566162
K,10,1,2024-05-03,2024-05-10,2.0,0.36293694376945496,0.0,6.919895172119141
K,10,1,2024-05-10,2024-05-17,1.0,0.6824337244033813,0.0,7.239391803741455
K,10,1,2024-05-17,2024-05-24,2.0,0.9020872116088867,0.0,7.45904541015625
K,10,1,2024-05-24,2024-05-31,2.0,1.151488184928894,0.0,7.708446502685547
K,10,1,2024-05-31,2024-06-07,3.0,1.7947356700897217,0.0,8.351694107055664
K,10,1,2024-06-07,2024-06-14,3.0,2.5348403453826904,0.0,9.091798782348633
K,10,1,2024-06-14,2024-06-21,4.0,4.136606693267822,0.0,10.693565368652344
K,10,1,2024-06-21,2024-06-28,4.0,5.376598358154297,0.0,11.93355655670166
K,10,1,2024-06-28,2024-07-05,7.0,7.944668769836426,0.0,14.501626968383789
K,10,1,2024-07-05,2024-07-12,8.0,10.093794822692871,1.8998537063598633,16.650753021240234
K,10,1,2024-07-12,2024-07-19,8.0,11.72594928741455,5.764843940734863,18.282907485961914
K,10,1,2024-07-19,2024-07-26,5.0,13.196759223937988,7.235653877258301,19.75371742248535
K,10,1,2024-07-26,2024-08-02,16.0,17.10185432434082,11.140748977661133,23.6588134765625
K,10,1,2024-08-02,2024-08-09,23.0,20.316804885864258,14.35569953918457,26.873764038085938
K,10,1,2024-08-09,2024-08-16,17.0,23.42274284362793,15.225983619689941,29.97970199584961
K,10,1,2024-08-16,2024-08-23,12.0,21.838970184326172,13.642210960388184,28.39592742919922
K,10,1,2024-08-23,2024-08-30,13.0,23.650632858276367,15.453873634338379,30.207592010498047
K,10,1,2024-08-30,2024-09-06,15.0,27.432950973510742,19.236190795898438,33.98991012573242
K,10,1,2024-09-06,2024-09-13,25.0,29.409059524536133,19.57008934020996,35.96601867675781
K,10,1,2024-09-13,2024-09-20,20.0,28.4610652923584,17.81043243408203,35.01802444458008
K,10,1,2024-09-20,2024-09-27,19.0,29.117427825927734,16.684476852416992,35.67438507080078
K,10,1,2024-09-27,2024-10-04,16.0,22.26738929748535,9.83443832397461,28.82434844970703
K,10,1,2024-10-04,2024-10-11,16.0,12.854323387145996,0.4213724136352539,19.41128158569336
K,10,1,2024-10-11,2024-10-18,23.0,10.137679100036621,0.0,16.694637298583984
K,10,1,2024-10-18,2024-10-25,13.0,13.767369270324707,1.3344182968139648,20.32432746887207
K,10,1,2024-10-25,2024-11-01,16.0,13.067342758178711,0.6343917846679688,19.62430191040039
K,10,1,2024-11-01,2024-11-08,28.0,10.81827449798584,0.0,23.68059539794922
K,10,1,2024-11-08,2024-11-15,20.0,10.965067863464355,0.0,23.827388763427734
K,10,1,2024-11-15,2024-11-22,36.0,10.49817180633545,0.0,23.360492706298828
K,10,1,2024-11-22,2024-11-29,29.0,12.800917625427246,0.3679666519165039,29.982643127441406
K,10,1,2024-11-29,2024-12-06,32.0,17.18390464782715,4.750953674316406,34.365631103515625
K,10,1,2024-12-06,2024-12-13,22.0,19.138647079467773,6.705696105957031,44.640472412109375
K,10,1,2024-12-13,2024-12-20,16.0,18.255563735961914,5.822612762451172,43.75739288330078
K,10,1,2024-12-20,2024-12-27,5.0,15.6260404586792,3.193089485168457,41.12786865234375
K,10,1,2024-12-27,2025-01-03,25.0,12.8687744140625,0.4358234405517578,38.370601654052734
K,10,1,2025-01-03,2025-01-10,30.0,10.518271446228027,0.0,36.02009963989258
K,10,1,2025-01-10,2025-01-17,21.0,7.838463306427002,0.0,33.34029006958008
K,10,1,2025-01-17,2025-01-24,14.0,7.701327323913574,0.0,33.203155517578125
K,10,1,2025-01-24,2025-01-31,32.0,9.160922050476074,0.0,34.662750244140625
K,10,1,2025-01-31,2025-02-07,22.0,11.211860656738281,0.0,36.713687896728516
K,10,1,2025-02-07,2025-02-14,60.0,12.634571075439453,0.20162010192871094,38.13639831542969
K,10,1,2025-02-14,2025-02-21,60.0,17.41920280456543,4.9862518310546875,42.92102813720703
K,10,1,2025-02-21,2025-02-28,29.0,22.779891967773438,10.346940994262695,48.28171920776367
K,10,1,2025-02-28,2025-03-07,23.0,24.263744354248047,11.830793380737305,71.6291732788086
K,10,1,2025-03-07,2025-03-14,15.0,23.866609573364258,11.433658599853516,71.23204040527344
K,10,1,2025-03-14,2025-03-21,19.0,21.22793197631836,8.794981002807617,68.5933609008789
K,10,1,2025-03-21,2025-03-28,15.0,16.704004287719727,4.271053314208984,64.0694351196289
K,10,1,2025-03-28,2025-04-04,20.0,13.115009307861328,0.6820583343505859,60.480438232421875
K,10,1,2025-04-04,2025-04-11,8.0,10.056653022766113,0.0,57.422080993652344
K,10,1,2025-04-11,2025-04-18,10.0,9.96764087677002,0.0,57.33306884765625
K,10,1,2025-04-18,2025-04-25,9.0,9.137755393981934,0.0,56.5031852722168
K,10,1,2025-04-25,2025-05-02,5.0,8.585265159606934,0.0,55.9506950378418
K,10,1,2025-05-02,2025-05-09,6.0,8.573355674743652,0.0,55.938785552978516
K,10,1,2025-05-09,2025-05-16,8.0,8.503863334655762,0.0,55.869293212890625
K,10,1,2025-05-16,2025-05-23,7.0,7.413475513458252,0.0,54.77890396118164
K,10,1,2025-05-23,2025-05-30,10.0,5.925798416137695,0.0,53.291229248046875
K,10,1,2025-05-30,2025-06-06,5.0,6.115147590637207,0.0,53.48057556152344
K,10,1,2025-06-06,2025-06-13,10.0,7.517398834228516,0.0,54.88282775878906
K,10,1,2025-06-13,2025-06-20,8.0,10.026055335998535,0.0,57.391483306884766
K,10,1,2025-06-20,2025-06-27,15.0,11.889431953430176,0.0,59.254859924316406
K,10,1,2025-06-27,2025-07-04,15.0,16.006547927856445,3.573596954345703,63.371978759765625
K,10,1,2025-07-04,2025-07-11,22.0,21.217790603637695,8.784839630126953,68.58322143554688
K,10,1,2025-07-11,2025-07-18,22.0,25.614126205444336,13.181175231933594,72.97955322265625
K,10,1,2025-07-18,2025-07-25,28.0,24.50609016418457,12.073139190673828,71.87152099609375
K,10,1,2025-07-25,2025-08-01,29.0,22.594350814819336,10.161399841308594,69.95977783203125
K,10,1,2025-08-01,2025-08-08,21.0,24.779836654663086,12.346885681152344,72.145263671875
K,10,1,2025-08-08,2025-08-15,18.0,24.584487915039062,12.15153694152832,71.94992065429688
K,10,1,2025-08-15,2025-08-22,17.0,25.49964714050293,13.066696166992188,72.86507415771484
K,10,1,2025-08-22,2025-08-29,14.0,20.843740463256836,8.410789489746094,68.20916748046875
K,10,2,2023-02-17,2023-03-03,3.0,2.9933533668518066,0.0,8.725542068481445
K,10,2,2023-02-24,2023-03-10,0.0,2.618372678756714,0.0,8.350561141967773
K,10,2,2023-03-03,2023-03-17,0.0,2.384477138519287,0.0,8.11666488647461
K,10,2,2023-03-10,2023-03-24,0.0,1.9857289791107178,0.0,7.717917442321777
K,10,2,2023-03-17,2023-03-31,2.0,2.0448105335235596,0.0,7.776998519897461
K,10,2,2023-03-24,2023-04-07,4.0,1.9634941816329956,0.0,7.695682525634766
K,10,2,2023-03-31,2023-04-14,4.0,2.0132811069488525,0.0,7.745469093322754
K,10,2,2023-04-07,2023-04-21,1.0,2.3740592002868652,0.0,8.106246948242188
K,10,2,2023-04-14,2023-04-28,0.0,2.0953423976898193,0.0,7.827530860900879
K,10,2,2023-04-21,2023-05-05,1.0,1.9128224849700928,0.0,7.645010948181152
K,10,2,2023-04-28,2023-05-12,3.0,1.6959950923919678,0.0,7.428183555603027
K,10,2,2023-05-05,2023-05-19,3.0,2.2614505290985107,0.0,7.99363899230957
K,10,2,2023-05-12,2023-05-26,4.0,3.551224708557129,0.0,9.28341293334961
K,10,2,2023-05-19,2023-06-02,4.0,6.033054351806641,0.0,11.765242576599121
K,10,2,2023-05-26,2023-06-09,1.0,6.462535858154297,0.0,12.194724082946777
K,10,2,2023-06-02,2023-06-16,4.0,6.680132865905762,0.0,12.412321090698242
K,10,2,2023-06-09,2023-06-23,7.0,7.76871395111084,0.0,13.50090217590332
K,10,2,2023-06-16,2023-06-30,0.0,7.811219692230225,0.0,13.543407440185547
K,10,2,2023-06-23,2023-07-07,4.0,9.383461952209473,0.0,15.115650177001953
K,10,2,2023-06-30,2023-07-14,3.0,8.965996742248535,0.0,14.698184967041016
K,10,2,2023-07-07,2023-07-21,6.0,9.617447853088379,0.0,15.34963607788086
K,10,2,2023-07-14,2023-07-28,5.0,9.632658004760742,0.0,15.364846229553223
K,10,2,2023-07-21,2023-08-04,6.0,9.62719440460205,0.0,15.359382629394531
K,10,2,2023-07-28,2023-08-11,7.0,10.488885879516602,0.0,16.221073150634766
K,10,2,2023-08-04,2023-08-18,6.0,8.1854887008667,0.0,13.91767692565918
K,10,2,2023-08-11,2023-08-25,6.0,6.585165977478027,0.0,12.317354202270508
K,10,2,2023-08-18,2023-09-01,6.0,5.362027168273926,0.0,11.094215393066406
K,10,2,2023-08-25,2023-09-08,6.0,7.332442760467529,0.0,13.064630508422852
K,10,2,2023-09-01,2023-09-15,10.0,11.647868156433105,3.836648464202881,17.380056381225586
K,10,2,2023-09-08,2023-09-22,7.0,10.390288352966309,2.579068660736084,16.12247657775879
K,10,2,2023-09-15,2023-09-29,6.0,9.076818466186523,1.2655987739562988,14.809006690979004
K,10,2,2023-09-22,2023-10-06,5.0,10.809731483459473,2.998511791229248,16.541919708251953
K,10,2,2023-09-29,2023-10-13,3.0,9.36827564239502,1.557055950164795,15.1004638671875
K,10,2,2023-10-06,2023-10-20,2.0,7.276674270629883,0.0,13.008862495422363
K,10,2,2023-10-13,2023-10-27,6.0,5.146814823150635,0.0,10.879003524780273
K,10,2,2023-10-20,2023-11-03,7.0,3.7367141246795654,0.0,9.468902587890625
K,10,2,2023-10-27,2023-11-10,4.0,3.2244396209716797,0.0,8.95662784576416
K,10,2,2023-11-03,2023-11-17,7.0,2.8868935108184814,0.0,8.619081497192383
K,10,2,2023-11-10,2023-11-24,6.0,2.812885046005249,0.0,8.545073509216309
K,10,2,2023-11-17,2023-12-01,3.0,2.759016990661621,0.0,8.491205215454102
K,10,2,2023-11-24,2023-12-08,5.0,2.337667942047119,0.0,8.069856643676758
K,10,2,2023-12-01,2023-12-15,3.0,2.0492968559265137,0.0,7.781485080718994
K,10,2,2023-12-08,2023-12-22,5.0,2.361947774887085,0.0,8.094136238098145
K,10,2,2023-12-15,2023-12-29,3.0,2.262097120285034,0.0,7.994285583496094
K,10,2,2023-12-22,2024-01-05,3.0,2.331470251083374,0.0,6.444577217102051
K,10,2,2023-12-29,2024-01-12,5.0,3.3308298587799072,0.0,7.443936347961426
K,10,2,2024-01-05,2024-01-19,4.0,2.7069287300109863,0.0,6.820035457611084
K,10,2,2024-01-12,2024-01-26,6.0,2.3691697120666504,0.0,6.482276439666748
K,10,2,2024-01-19,2024-02-02,5.0,2.4089152812957764,0.0,6.522022247314453
K,10,2,2024-01-26,2024-02-09,4.0,2.238389730453491,0.0,6.351496696472168
K,10,2,2024-02-02,2024-02-16,9.0,2.3966331481933594,0.0,6.509739875793457
K,10,2,2024-02-09,2024-02-23,4.0,2.123589277267456,0.0,6.236696243286133
K,10,2,2024-02-16,2024-03-01,3.0,1.8284538984298706,0.0,5.941560745239258
K,10,2,2024-02-23,2024-03-08,5.0,1.718228816986084,0.0,5.831335544586182
K,10,2,2024-03-01,2024-03-15,7.0,1.8772776126861572,0.0,8.480644226074219
K,10,2,2024-03-08,2024-03-22,2.0,1.7480677366256714,0.0,8.351434707641602
K,10,2,2024-03-15,2024-03-29,3.0,1.5820698738098145,0.0,8.185436248779297
K,10,2,2024-03-22,2024-04-05,5.0,1.4239706993103027,0.0,8.027338027954102
K,10,2,2024-03-29,2024-04-12,1.0,1.3452796936035156,0.0,7.948646545410156
K,10,2,2024-04-05,2024-04-19,7.0,1.0431164503097534,0.0,7.646483421325684
K,10,2,2024-04-12,2024-04-26,3.0,1.3725230693817139,0.0,7.975890159606934
K,10,2,2024-04-19,2024-05-03,1.0,0.565862774848938,0.0,7.169229507446289
K,10,2,2024-04-26,2024-05-10,2.0,0.6467759609222412,0.0,7.250143051147461
K,10,2,2024-05-03,2024-05-17,1.0,0.5042589902877808,0.0,7.107625961303711
K,10,2,2024-05-10,2024-05-24,2.0,0.9082398414611816,0.0,7.511606693267822
K,10,2,2024-05-17,2024-05-31,2.0,1.131945252418518,0.0,7.735311985015869
K,10,2,2024-05-24,2024-06-07,3.0,1.332459568977356,0.0,7.935826301574707
K,10,2,2024-05-31,2024-06-14,3.0,2.0793468952178955,0.0,8.682713508605957
K,10,2,2024-06-07,2024-06-21,4.0,2.8426132202148438,0.0,9.445980072021484
K,10,2,2024-06-14,2024-06-28,4.0,4.456718921661377,0.0,11.06008529663086
K,10,2,2024-06-21,2024-07-05,7.0,5.603164196014404,0.0,12.206531524658203
K,10,2,2024-06-28,2024-07-12,8.0,8.419334411621094,0.6081147193908691,15.022701263427734
K,10,2,2024-07-05,2024-07-19,8.0,10.821734428405762,3.010514736175537,17.42510223388672
K,10,2,2024-07-12,2024-07-26,5.0,12.39466381072998,6.026388168334961,18.998031616210938
K,10,2,2024-07-19,2024-08-02,16.0,13.826838493347168,7.458562850952148,20.430206298828125
K,10,2,2024-07-26,2024-08-09,23.0,17.949045181274414,11.580769538879395,24.552412033081055
K,10,2,2024-08-02,2024-08-16,17.0,21.0471248626709,14.678849220275879,27.65049171447754
K,10,2,2024-08-09,2024-08-23,12.0,23.639894485473633,16.24523162841797,30.243261337280273
K,10,2,2024-08-16,2024-08-30,13.0,21.293729782104492,13.899065971374512,27.897096633911133
K,10,2,2024-08-23,2024-09-06,15.0,23.049911499023438,15.655247688293457,29.653278350830078
K,10,2,2024-08-30,2024-09-13,25.0,26.738954544067383,19.34429168701172,33.342323303222656
K,10,2,2024-09-06,2024-09-20,20.0,27.564849853515625,15.924955368041992,34.168216705322266
K,10,2,2024-09-13,2024-09-27,19.0,24.446714401245117,12.806819915771484,31.050081253051758
K,10,2,2024-09-20,2024-10-04,16.0,25.382164001464844,13.742269515991211,31.985530853271484
K,10,2,2024-09-27,2024-10-11,16.0,17.779565811157227,6.139671325683594,24.382932662963867
K,10,2,2024-10-04,2024-10-18,23.0,10.407247543334961,0.0,17.0106143951416
K,10,2,2024-10-11,2024-10-25,13.0,8.603798866271973,0.0,15.207165718078613
K,10,2,2024-10-18,2024-11-01,16.0,11.714234352111816,0.0743398666381836,18.31760025024414
K,10,2,2024-10-25,2024-11-08,28.0,10.67131233215332,0.0,17.27467918395996
K,10,2,2024-11-01,2024-11-15,20.0,8.785444259643555,0.0,21.378196716308594
K,10,2,2024-11-08,2024-11-22,36.0,9.414572715759277,0.0,22.00732421875
K,10,2,2024-11-15,2024-11-29,29.0,10.035937309265137,0.0,22.62868881225586
K,10,2,2024-11-22,2024-12-06,32.0,12.918231010437012,1.278336524963379,30.246917724609375
K,10,2,2024-11-29,2024-12-13,22.0,16.379880905151367,4.739986419677734,33.70856857299805
K,10,2,2024-12-06,2024-12-20,16.0,17.290584564208984,5.650690078735352,43.87601089477539
K,10,2,2024-12-13,2024-12-27,5.0,15.373754501342773,3.7338600158691406,41.95918273925781
K,10,2,2024-12-20,2025-01-03,25.0,13.028762817382812,1.3888683319091797,39.61418914794922
K,10,2,2024-12-27,2025-01-10,30.0,10.677542686462402,0.0,37.262969970703125
K,10,2,2025-01-03,2025-01-17,21.0,8.922577857971191,0.0,35.50800323486328
K,10,2,2025-01-10,2025-01-24,14.0,7.167507648468018,0.0,33.752933502197266
K,10,2,2025-01-17,2025-01-31,32.0,7.70176887512207,0.0,34.287193298339844
K,10,2,2025-01-24,2025-02-07,22.0,9.492598533630371,0.0,36.078025817871094
K,10,2,2025-01-31,2025-02-14,60.0,12.134812355041504,0.4949178695678711,38.720237731933594
K,10,2,2025-02-07,2025-02-21,60.0,13.625630378723145,1.9857358932495117,40.211055755615234
K,10,2,2025-02-14,2025-02-28,29.0,18.171375274658203,6.53148078918457,44.75680160522461
K,10,2,2025-02-21,2025-03-07,23.0,21.33628273010254,9.696388244628906,47.92170715332031
K,10,2,2025-02-28,2025-03-14,15.0,22.447948455810547,10.808053970336914,70.31314086914062
K,10,2,2025-03-07,2025-03-21,19.0,21.365449905395508,9.725555419921875,69.23063659667969
K,10,2,2025-03-14,2025-03-28,15.0,18.18015480041504,6.540260314941406,66.04534149169922
K,10,2,2025-03-21,2025-04-04,20.0,14.36745548248291,2.7275609970092773,62.232643127441406
K,10,2,2025-03-28,2025-04-11,8.0,11.982096672058105,0.34220218658447266,59.847286224365234
K,10,2,2025-04-04,2025-04-18,10.0,10.183184623718262,0.0,58.04837417602539
K,10,2,2025-04-11,2025-04-25,9.0,11.238543510437012,0.0,59.10373306274414
K,10,2,2025-04-18,2025-05-02,5.0,10.641448020935059,0.0,58.50663757324219
K,10,2,2025-04-25,2025-05-09,6.0,9.841269493103027,0.0,57.706459045410156
K,10,2,2025-05-02,2025-05-16,8.0,9.61378288269043,0.0,57.478973388671875
K,10,2,2025-05-09,2025-05-23,7.0,9.577513694763184,0.0,57.44270324707031
K,10,2,2025-05-16,2025-05-30,10.0,8.129215240478516,0.0,55.99440383911133
K,10,2,2025-05-23,2025-06-06,5.0,6.288641452789307,0.0,54.153831481933594
K,10,2,2025-05-30,2025-06-13,10.0,7.062337398529053,0.0,54.92752456665039
K,10,2,2025-06-06,2025-06-20,8.0,9.170622825622559,0.0,57.03581237792969
K,10,2,2025-06-13,2025-06-27,15.0,12.21311092376709,0.573216438293457,60.07830047607422
K,10,2,2025-06-20,2025-07-04,15.0,14.004033088684082,2.364138603210449,61.86922073364258
K,10,2,2025-06-27,2025-07-11,22.0,18.012765884399414,6.372871398925781,65.8779525756836
K,10,2,2025-07-04,2025-07-18,22.0,22.891984939575195,11.252090454101562,70.75717163085938
K,10,2,2025-07-11,2025-07-25,28.0,28.26310920715332,16.623214721679688,76.1282958984375
K,10,2,2025-07-18,2025-08-01,29.0,24.78875160217285,13.148857116699219,72.65393829345703
K,10,2,2025-07-25,2025-08-08,21.0,20.8294620513916,9.189567565917969,68.69464874267578
K,10,2,2025-08-01,2025-08-15,18.0,22.414587020874023,10.77469253540039,70.27977752685547
K,10,2,2025-08-08,2025-08-22,17.0,21.008039474487305,9.368144989013672,68.87322998046875
K,10,2,2025-08-15,2025-08-29,14.0,21.589754104614258,9.949859619140625,69.45494079589844
K,10,2,2025-08-22,2025-09-05,,16.9154109954834,5.275516510009766,64.78060150146484
K,10,4,2023-02-17,2023-03-17,0.0,2.2193212509155273,0.0,8.098575592041016
K,10,4,2023-02-24,2023-03-24,0.0,1.9146472215652466,0.0,7.793901443481445
K,10,4,2023-03-03,2023-03-31,2.0,1.7359025478363037,0.0,7.615157127380371
K,10,4,2023-03-10,2023-04-07,4.0,1.4590314626693726,0.0,7.33828592300415
K,10,4,2023-03-17,2023-04-14,4.0,1.5882515907287598,0.0,7.467505931854248
K,10,4,2023-03-24,2023-04-21,1.0,1.6951706409454346,0.0,7.574424743652344
K,10,4,2023-03-31,2023-04-28,0.0,1.9430797100067139,0.0,7.822334289550781
K,10,4,2023-04-07,2023-05-05,1.0,2.4143455028533936,0.0,8.293600082397461
K,10,4,2023-04-14,2023-05-12,3.0,2.440406084060669,0.0,8.319660186767578
K,10,4,2023-04-21,2023-05-19,3.0,2.5202903747558594,0.0,8.399544715881348
K,10,4,2023-04-28,2023-05-26,4.0,2.5494189262390137,0.0,8.428672790527344
K,10,4,2023-05-05,2023-06-02,4.0,3.6991679668426514,0.0,9.578422546386719
K,10,4,2023-05-12,2023-06-09,1.0,6.052286148071289,0.0,11.931540489196777
K,10,4,2023-05-19,2023-06-16,4.0,10.050549507141113,0.0,15.929803848266602
K,10,4,2023-05-26,2023-06-23,7.0,9.811861991882324,0.0,15.691116333007812
K,10,4,2023-06-02,2023-06-30,0.0,9.763360977172852,0.0,15.64261531829834
K,10,4,2023-06-09,2023-07-07,4.0,9.673147201538086,0.0,15.552401542663574
K,10,4,2023-06-16,2023-07-14,3.0,10.903181076049805,0.0,16.78243637084961
K,10,4,2023-06-23,2023-07-21,6.0,15.205471992492676,0.5740976333618164,21.084726333618164
K,10,4,2023-06-30,2023-07-28,5.0,13.208695411682129,0.0,19.02619743347168
K,10,4,2023-07-07,2023-08-04,6.0,12.478582382202148,0.0,18.296085357666016
K,10,4,2023-07-14,2023-08-11,7.0,10.864344596862793,0.0,16.681846618652344
K,10,4,2023-07-21,2023-08-18,6.0,10.213067054748535,0.0,16.030569076538086
K,10,4,2023-07-28,2023-08-25,6.0,10.437003135681152,0.0,16.254505157470703
K,10,4,2023-08-04,2023-09-01,6.0,7.071807861328125,0.0,12.889310836791992
K,10,4,2023-08-11,2023-09-08,6.0,6.1417741775512695,0.0,11.95927619934082
K,10,4,2023-08-18,2023-09-15,10.0,6.075042247772217,0.0,11.892544746398926
K,10,4,2023-08-25,2023-09-22,7.0,7.453703880310059,0.0,13.27120590209961
K,10,4,2023-09-01,2023-09-29,6.0,10.308745384216309,0.545384407043457,16.12624740600586
K,10,4,2023-09-08,2023-10-06,5.0,9.214656829833984,0.0,15.032159805297852
K,10,4,2023-09-15,2023-10-13,3.0,7.89686393737793,0.0,13.714366912841797
K,10,4,2023-09-22,2023-10-20,2.0,9.257383346557617,0.0,15.074886322021484
K,10,4,2023-09-29,2023-10-27,6.0,7.601160049438477,0.0,13.418663024902344
K,10,4,2023-10-06,2023-11-03,7.0,6.3353424072265625,0.0,12.15284538269043
K,10,4,2023-10-13,2023-11-10,4.0,4.339463710784912,0.0,10.156966209411621
K,10,4,2023-10-20,2023-11-17,7.0,2.944460391998291,0.0,8.761962890625
K,10,4,2023-10-27,2023-11-24,6.0,2.671480417251587,0.0,8.488983154296875
K,10,4,2023-11-03,2023-12-01,3.0,2.8130040168762207,0.0,8.63050651550293
K,10,4,2023-11-10,2023-12-08,5.0,2.7550902366638184,0.0,8.572592735290527
K,10,4,2023-11-17,2023-12-15,3.0,2.7820687294006348,0.0,8.599571228027344
K,10,4,2023-11-24,2023-12-22,5.0,2.521393299102783,0.0,8.338895797729492
K,10,4,2023-12-01,2023-12-29,3.0,2.388011932373047,0.0,8.205514907836914
K,10,4,2023-12-08,2024-01-05,3.0,3.013418197631836,0.0,8.830921173095703
K,10,4,2023-12-15,2024-01-12,5.0,2.747105360031128,0.0,8.564607620239258
K,10,4,2023-12-22,2024-01-19,4.0,2.5541000366210938,0.0,6.609639644622803
K,10,4,2023-12-29,2024-01-26,6.0,3.5956289768218994,0.0,7.6511688232421875
K,10,4,2024-01-05,2024-02-02,5.0,2.556608200073242,0.0,6.612147808074951
K,10,4,2024-01-12,2024-02-09,4.0,2.141866445541382,0.0,6.197405815124512
K,10,4,2024-01-19,2024-02-16,9.0,2.1528542041778564,0.0,6.2083940505981445
K,10,4,2024-01-26,2024-02-23,4.0,1.8153774738311768,0.0,5.870917320251465
K,10,4,2024-02-02,2024-03-01,3.0,1.9019266366958618,0.0,5.957466125488281
K,10,4,2024-02-09,2024-03-08,5.0,1.6583508253097534,0.0,5.713890552520752
K,10,4,2024-02-16,2024-03-15,7.0,1.5198007822036743,0.0,5.575340270996094
K,10,4,2024-02-23,2024-03-22,2.0,1.4673168659210205,0.0,5.522856712341309
K,10,4,2024-03-01,2024-03-29,3.0,1.775974988937378,0.0,8.62312126159668
K,10,4,2024-03-08,2024-04-05,5.0,1.7922675609588623,0.0,8.639413833618164
K,10,4,2024-03-15,2024-04-12,1.0,1.7711007595062256,0.0,8.618247032165527
K,10,4,2024-03-22,2024-04-19,7.0,1.6681914329528809,0.0,8.515336990356445
K,10,4,2024-03-29,2024-04-26,3.0,1.656346082687378,0.0,8.50349235534668
K,10,4,2024-04-05,2024-05-03,1.0,1.367610216140747,0.0,8.21475601196289
K,10,4,2024-04-12,2024-05-10,2.0,1.9095425605773926,0.0,8.756689071655273
K,10,4,2024-04-19,2024-05-17,1.0,0.8605332374572754,0.0,7.707679271697998
K,10,4,2024-04-26,2024-05-24,2.0,1.0935789346694946,0.0,7.940724849700928
K,10,4,2024-05-03,2024-05-31,2.0,0.9729429483413696,0.0,7.820088863372803
K,10,4,2024-05-10,2024-06-07,3.0,1.5417990684509277,0.0,8.388944625854492
K,10,4,2024-05-17,2024-06-14,3.0,1.8059158325195312,0.0,8.653061866760254
K,10,4,2024-05-24,2024-06-21,4.0,1.9008610248565674,0.0,8.748006820678711
K,10,4,2024-05-31,2024-06-28,4.0,2.7977728843688965,0.0,9.644918441772461
K,10,4,2024-06-07,2024-07-05,7.0,3.5125975608825684,0.0,10.359743118286133
K,10,4,2024-06-14,2024-07-12,8.0,5.217186450958252,0.0,12.064332962036133
K,10,4,2024-06-21,2024-07-19,8.0,6.45733642578125,0.0,13.304482460021973
K,10,4,2024-06-28,2024-07-26,5.0,9.946977615356445,0.18361663818359375,16.794124603271484
K,10,4,2024-07-05,2024-08-02,16.0,13.207712173461914,3.4443511962890625,20.054859161376953
K,10,4,2024-07-12,2024-08-09,23.0,15.034899711608887,5.829427719116211,21.88204574584961
K,10,4,2024-07-19,2024-08-16,17.0,16.637893676757812,7.432421684265137,23.48503875732422
K,10,4,2024-07-26,2024-08-23,12.0,20.367727279663086,11.16225528717041,27.214874267578125
K,10,4,2024-08-02,2024-08-30,13.0,19.772869110107422,11.564173698425293,26.620014190673828
K,10,4,2024-08-09,2024-09-06,15.0,19.029329299926758,11.77194595336914,25.876476287841797
K,10,4,2024-08-16,2024-09-13,25.0,17.85897445678711,10.601591110229492,24.706119537353516
K,10,4,2024-08-23,2024-09-20,20.0,19.05482292175293,11.797439575195312,27.01992416381836
K,10,4,2024-08-30,2024-09-27,19.0,20.055891036987305,12.798507690429688,28.020992279052734
K,10,4,2024-09-06,2024-10-04,16.0,19.270610809326172,10.902883529663086,27.23571014404297
K,10,4,2024-09-13,2024-10-11,16.0,16.44748878479004,8.079761505126953,24.41259002685547
K,10,4,2024-09-20,2024-10-18,23.0,17.35944175720215,8.991714477539062,25.324542999267578
K,10,4,2024-09-27,2024-10-25,13.0,12.647829055786133,4.280101776123047,20.612930297851562
K,10,4,2024-10-04,2024-11-01,16.0,7.160417556762695,0.0,15.125517845153809
K,10,4,2024-10-11,2024-11-08,28.0,6.402090072631836,0.0,14.36719036102295
K,10,4,2024-10-18,2024-11-15,20.0,9.171399116516113,0.8036718368530273,17.136499404907227
K,10,4,2024-10-25,2024-11-22,36.0,7.780428409576416,0.0,15.745529174804688
K,10,4,2024-11-01,2024-11-29,29.0,6.157769680023193,0.0,14.122869491577148
K,10,4,2024-11-08,2024-12-06,32.0,7.634985446929932,0.0,15.600086212158203
K,10,4,2024-11-15,2024-12-13,22.0,9.680472373962402,1.3127450942993164,18.52005386352539
K,10,4,2024-11-22,2024-12-20,16.0,12.54725170135498,4.1795244216918945,34.14516067504883
K,10,4,2024-11-29,2024-12-27,5.0,14.3422269821167,5.974499702453613,35.94013595581055
K,10,4,2024-12-06,2025-01-03,25.0,14.093836784362793,5.726109504699707,42.31340789794922
K,10,4,2024-12-13,2025-01-10,30.0,12.155051231384277,3.7873239517211914,40.3746223449707
K,10,4,2024-12-20,2025-01-17,21.0,10.232582092285156,1.8648548126220703,38.45215606689453
K,10,4,2024-12-27,2025-01-24,14.0,8.162753105163574,0.0,36.38232421875
K,10,4,2025-01-03,2025-01-31,32.0,7.207328796386719,0.0,35.426902770996094
K,10,4,2025-01-10,2025-02-07,22.0,6.76146125793457,0.0,34.98103332519531
K,10,4,2025-01-17,2025-02-14,60.0,7.790944576263428,0.0,36.01051712036133
K,10,4,2025-01-24,2025-02-21,60.0,9.663603782653809,0.3213768005371094,37.883174896240234
K,10,4,2025-01-31,2025-02-28,29.0,11.727165222167969,2.3849382400512695,39.946739196777344
K,10,4,2025-02-07,2025-03-07,23.0,12.569223403930664,3.226996421813965,40.788795471191406
K,10,4,2025-02-14,2025-03-14,15.0,15.048331260681152,5.706104278564453,43.26790237426758
K,10,4,2025-02-21,2025-03-21,19.0,16.492847442626953,7.150620460510254,44.71241760253906
K,10,4,2025-02-28,2025-03-28,15.0,17.52111053466797,8.17888355255127,69.73016357421875
K,10,4,2025-03-07,2025-04-04,20.0,16.519474029541016,7.177247047424316,68.72853088378906
K,10,4,2025-03-14,2025-04-11,8.0,14.434296607971191,5.092069625854492,66.64335632324219
K,10,4,2025-03-21,2025-04-18,10.0,11.948552131652832,2.606325149536133,64.15760803222656
K,10,4,2025-03-28,2025-04-25,9.0,11.096898078918457,1.7546710968017578,63.30595397949219
K,10,4,2025-04-04,2025-05-02,5.0,11.508883476257324,2.166656494140625,63.71794128417969
K,10,4,2025-04-11,2025-05-09,6.0,14.051871299743652,4.709644317626953,66.26092529296875
K,10,4,2025-04-18,2025-05-16,8.0,14.006294250488281,4.664067268371582,66.21534729003906
K,10,4,2025-04-25,2025-05-23,7.0,12.72016716003418,3.3779401779174805,64.9292221069336
K,10,4,2025-05-02,2025-05-30,10.0,12.552413940429688,3.2101869583129883,64.761474609375
K,10,4,2025-05-09,2025-06-06,5.0,13.007437705993652,3.665210723876953,65.21649169921875
K,10,4,2025-05-16,2025-06-13,10.0,11.82382869720459,2.4816017150878906,64.03288269042969
K,10,4,2025-05-23,2025-06-20,8.0,9.61719036102295,0.27496337890625,61.82624816894531
K,10,4,2025-05-30,2025-06-27,15.0,11.650849342346191,2.308622360229492,63.85990524291992
K,10,4,2025-06-06,2025-07-04,15.0,14.393389701843262,5.0511627197265625,66.60244750976562
K,10,4,2025-06-13,2025-07-11,22.0,17.841848373413086,8.499621391296387,70.0509033203125
K,10,4,2025-06-20,2025-07-18,22.0,18.556921005249023,9.214694023132324,70.76597595214844
K,10,4,2025-06-27,2025-07-25,28.0,20.810823440551758,11.468596458435059,73.01988220214844
K,10,4,2025-07-04,2025-08-01,29.0,22.036657333374023,12.694430351257324,74.24571228027344
K,10,4,2025-07-11,2025-08-08,21.0,25.802125930786133,16.45989990234375,78.01118469238281
K,10,4,2025-07-18,2025-08-15,18.0,19.827184677124023,10.484957695007324,72.03623962402344
K,10,4,2025-07-25,2025-08-22,17.0,16.19252586364746,6.850298881530762,68.40158081054688
K,10,4,2025-08-01,2025-08-29,14.0,16.785066604614258,7.442839622497559,68.99412536621094
K,10,4,2025-08-08,2025-09-05,,15.460177421569824,6.117950439453125,67.66923522949219
K,10,4,2025-08-15,2025-09-12,,15.820111274719238,6.477884292602539,68.02916717529297
K,10,4,2025-08-22,2025-09-19,,12.463618278503418,3.1213912963867188,64.67267608642578
K,10,8,2023-02-17,2023-04-14,4.0,1.4734539985656738,0.0,9.827686309814453
K,10,8,2023-02-24,2023-04-21,1.0,1.3720393180847168,0.0,9.726272583007812
K,10,8,2023-03-03,2023-04-28,0.0,1.314420461654663,0.0,9.66865348815918
K,10,8,2023-03-10,2023-05-05,1.0,1.287473440170288,0.0,9.641706466674805
K,10,8,2023-03-17,2023-05-12,3.0,1.4956111907958984,0.0,9.849843978881836
K,10,8,2023-03-24,2023-05-19,3.0,1.8811862468719482,0.0,10.235419273376465
K,10,8,2023-03-31,2023-05-26,4.0,2.5038340091705322,0.0,10.85806655883789
K,10,8,2023-04-07,2023-06-02,4.0,3.1558375358581543,0.0,11.51007080078125
K,10,8,2023-04-14,2023-06-09,1.0,4.115025043487549,0.0,12.469257354736328
K,10,8,2023-04-21,2023-06-16,4.0,5.636697769165039,0.0,13.990930557250977
K,10,8,2023-04-28,2023-06-23,7.0,6.899104118347168,0.0,13.30990982055664
K,10,8,2023-05-05,2023-06-30,0.0,11.127259254455566,0.0,17.53806495666504
K,10,8,2023-05-12,2023-07-07,4.0,18.90447425842285,1.0951423645019531,25.315279006958008
K,10,8,2023-05-19,2023-07-14,3.0,27.299821853637695,9.490489959716797,33.710628509521484
K,10,8,2023-05-26,2023-07-21,6.0,26.795930862426758,8.98659896850586,33.20673751831055
K,10,8,2023-06-02,2023-07-28,5.0,26.91248893737793,9.103157043457031,33.32329559326172
K,10,8,2023-06-09,2023-08-04,6.0,20.244924545288086,2.4355926513671875,26.655729293823242
K,10,8,2023-06-16,2023-08-11,7.0,29.898090362548828,12.08875846862793,36.308895111083984
K,10,8,2023-06-23,2023-08-18,6.0,31.826173782348633,14.016841888427734,38.23698043823242
K,10,8,2023-06-30,2023-08-25,6.0,29.651865005493164,11.842533111572266,36.06267166137695
K,10,8,2023-07-07,2023-09-01,6.0,22.10380744934082,4.294475555419922,28.514612197875977
K,10,8,2023-07-14,2023-09-08,6.0,23.08650016784668,5.277168273925781,29.497304916381836
K,10,8,2023-07-21,2023-09-15,10.0,14.229419708251953,0.0,20.64022445678711
K,10,8,2023-07-28,2023-09-22,7.0,9.9212064743042,0.0,16.332012176513672
K,10,8,2023-08-04,2023-09-29,6.0,5.405586242675781,0.0,9.411336898803711
K,10,8,2023-08-11,2023-10-06,5.0,5.575230121612549,0.0,9.58098030090332
K,10,8,2023-08-18,2023-10-13,3.0,6.734210968017578,0.0,10.739961624145508
K,10,8,2023-08-25,2023-10-20,2.0,5.985899925231934,0.0,9.991650581359863
K,10,8,2023-09-01,2023-10-27,6.0,6.555301666259766,0.0,10.561052322387695
K,10,8,2023-09-08,2023-11-03,7.0,6.480149269104004,0.0,10.485899925231934
K,10,8,2023-09-15,2023-11-10,4.0,6.126531600952148,0.0,10.132282257080078
K,10,8,2023-09-22,2023-11-17,7.0,6.223771095275879,0.0,10.229521751403809
K,10,8,2023-09-29,2023-11-24,6.0,5.115096569061279,0.0,9.120847702026367
K,10,8,2023-10-06,2023-12-01,3.0,7.071523666381836,0.0,11.077274322509766
K,10,8,2023-10-13,2023-12-08,5.0,5.7466044425964355,0.0,9.752355575561523
K,10,8,2023-10-20,2023-12-15,3.0,3.311128616333008,0.0,7.3168792724609375
K,10,8,2023-10-27,2023-12-22,5.0,3.5290987491607666,0.0,7.534849166870117
K,10,8,2023-11-03,2023-12-29,3.0,4.565177917480469,0.0,8.570928573608398
K,10,8,2023-11-10,2024-01-05,3.0,4.372223377227783,0.0,8.377973556518555
K,10,8,2023-11-17,2024-01-12,5.0,4.532443046569824,0.0,8.538193702697754
K,10,8,2023-11-24,2024-01-19,4.0,4.633090972900391,0.0,8.63884162902832
K,10,8,2023-12-01,2024-01-26,6.0,4.753437042236328,0.0,8.759187698364258
K,10,8,2023-12-08,2024-02-02,5.0,6.085290431976318,0.0,10.091041564941406
K,10,8,2023-12-15,2024-02-09,4.0,5.07712984085083,0.0,9.082880020141602
K,10,8,2023-12-22,2024-02-16,9.0,3.6247787475585938,0.0,6.339983940124512
K,10,8,2023-12-29,2024-02-23,4.0,4.4924092292785645,0.0,7.207614421844482
K,10,8,2024-01-05,2024-03-01,3.0,2.8645007610321045,0.0,5.579706192016602
K,10,8,2024-01-12,2024-03-08,5.0,2.1825618743896484,0.0,4.897767066955566
K,10,8,2024-01-19,2024-03-15,7.0,2.094322443008423,0.0,4.809527397155762
K,10,8,2024-01-26,2024-03-22,2.0,1.6068549156188965,0.0,4.3220601081848145
K,10,8,2024-02-02,2024-03-29,3.0,1.6531317234039307,0.0,4.3683366775512695
K,10,8,2024-02-09,2024-04-05,5.0,1.5653462409973145,0.0,4.280551433563232
K,10,8,2024-02-16,2024-04-12,1.0,1.7255834341049194,0.0,4.440788745880127
K,10,8,2024-02-23,2024-04-19,7.0,1.808218002319336,0.0,4.523423194885254
K,10,8,2024-03-01,2024-04-26,3.0,2.333536148071289,0.0,7.708757400512695
K,10,8,2024-03-08,2024-05-03,1.0,2.573904514312744,0.0,7.94912576675415
K,10,8,2024-03-15,2024-05-10,2.0,2.8704259395599365,0.0,8.245647430419922
K,10,8,2024-03-22,2024-05-17,1.0,2.8546156883239746,0.0,8.229837417602539
K,10,8,2024-03-29,2024-05-24,2.0,2.956040620803833,0.0,8.33126163482666
K,10,8,2024-04-05,2024-05-31,2.0,2.6361794471740723,0.0,8.01140022277832
K,10,8,2024-04-12,2024-06-07,3.0,3.92584228515625,0.0,9.301063537597656
K,10,8,2024-04-19,2024-06-14,3.0,1.9659383296966553,0.0,7.341159820556641
K,10,8,2024-04-26,2024-06-21,4.0,2.600203514099121,0.0,7.975424766540527
K,10,8,2024-05-03,2024-06-28,4.0,2.5222342014312744,0.0,7.897455215454102
K,10,8,2024-05-10,2024-07-05,7.0,3.8553314208984375,0.0,9.230552673339844
K,10,8,2024-05-17,2024-07-12,8.0,4.591986656188965,0.0,9.967207908630371
K,10,8,2024-05-24,2024-07-19,8.0,4.252715110778809,0.0,9.627936363220215
K,10,8,2024-05-31,2024-07-26,5.0,5.690882682800293,0.0,11.0661039352417
K,10,8,2024-06-07,2024-08-02,16.0,6.062246322631836,0.0,11.437467575073242
K,10,8,2024-06-14,2024-08-09,23.0,7.832512378692627,0.0,13.207733154296875
K,10,8,2024-06-21,2024-08-16,17.0,10.165816307067871,0.0,15.541037559509277
K,10,8,2024-06-28,2024-08-23,12.0,18.034465789794922,0.0,23.409687042236328
K,10,8,2024-07-05,2024-08-30,13.0,22.097070693969727,0.0,27.472291946411133
K,10,8,2024-07-12,2024-09-06,15.0,19.489255905151367,0.0,24.864477157592773
K,10,8,2024-07-19,2024-09-13,25.0,17.67168617248535,0.0,23.046907424926758
K,10,8,2024-07-26,2024-09-20,20.0,16.362112045288086,0.0,21.737333297729492
K,10,8,2024-08-02,2024-09-27,19.0,14.735738754272461,0.0,20.110960006713867
K,10,8,2024-08-09,2024-10-04,16.0,13.73528003692627,0.0,19.11050033569336
K,10,8,2024-08-16,2024-10-11,16.0,13.477669715881348,0.0,23.415424346923828
K,10,8,2024-08-23,2024-10-18,23.0,14.572203636169434,0.0,29.73969268798828
K,10,8,2024-08-30,2024-10-25,13.0,13.958765983581543,0.0,29.12625503540039
K,10,8,2024-09-06,2024-11-01,16.0,12.191780090332031,0.0,27.359268188476562
K,10,8,2024-09-13,2024-11-08,28.0,9.556386947631836,0.0,24.723875045776367
K,10,8,2024-09-20,2024-11-15,20.0,9.689024925231934,0.591954231262207,24.85651397705078
K,10,8,2024-09-27,2024-11-22,36.0,7.094303131103516,0.0,22.261791229248047
K,10,8,2024-10-04,2024-11-29,29.0,3.5744638442993164,0.0,18.74195098876953
K,10,8,2024-10-11,2024-12-06,32.0,4.388082027435303,0.0,19.555570602416992
K,10,8,2024-10-18,2024-12-13,22.0,5.501473903656006,0.0,20.668962478637695
K,10,8,2024-10-25,2024-12-20,16.0,4.501365661621094,0.0,19.668853759765625
K,10,8,2024-11-01,2024-12-27,5.0,4.110233783721924,0.0,19.277721405029297
K,10,8,2024-11-08,2025-01-03,25.0,7.133932113647461,0.0,22.301420211791992
K,10,8,2024-11-15,2025-01-10,30.0,12.054154396057129,2.9570837020874023,27.221641540527344
K,10,8,2024-11-22,2025-01-17,21.0,12.554024696350098,3.456954002380371,30.997638702392578
K,10,8,2024-11-29,2025-01-24,14.0,12.371328353881836,3.2742576599121094,30.81494140625
K,10,8,2024-12-06,2025-01-31,32.0,10.429004669189453,1.3319339752197266,39.33470153808594
K,10,8,2024-12-13,2025-02-07,22.0,8.245111465454102,0.0,37.15081024169922
K,10,8,2024-12-20,2025-02-14,60.0,6.911502838134766,0.0,35.81719970703125
K,10,8,2024-12-27,2025-02-21,60.0,5.917669296264648,0.0,34.8233642578125
K,10,8,2025-01-03,2025-02-28,29.0,6.154555320739746,0.0,35.06025314331055
K,10,8,2025-01-10,2025-03-07,23.0,6.470536231994629,0.0,35.3762321472168
K,10,8,2025-01-17,2025-03-14,15.0,7.069983005523682,0.0,35.97568130493164
K,10,8,2025-01-24,2025-03-21,19.0,8.549023628234863,0.0,37.45471954345703
K,10,8,2025-01-31,2025-03-28,15.0,9.470520973205566,0.37345027923583984,38.376216888427734
K,10,8,2025-02-07,2025-04-04,20.0,9.807478904724121,0.7104082107543945,38.71317672729492
K,10,8,2025-02-14,2025-04-11,8.0,11.085060119628906,1.9879894256591797,39.99075698852539
K,10,8,2025-02-21,2025-04-18,10.0,12.328700065612793,3.2316293716430664,41.234397888183594
K,10,8,2025-02-28,2025-04-25,9.0,13.592803001403809,4.495732307434082,66.6812973022461
K,10,8,2025-03-07,2025-05-02,5.0,12.483107566833496,3.3860368728637695,66.56543731689453
K,10,8,2025-03-14,2025-05-09,6.0,10.840256690979004,1.7431859970092773,64.9225845336914
K,10,8,2025-03-21,2025-05-16,8.0,9.199257850646973,0.1021871566772461,63.281585693359375
K,10,8,2025-03-28,2025-05-23,7.0,11.789813041687012,2.692742347717285,65.87213897705078
K,10,8,2025-04-04,2025-05-30,10.0,21.89190101623535,12.794830322265625,75.97422790527344
K,10,8,2025-04-11,2025-06-06,5.0,31.277685165405273,22.180614471435547,85.36001586914062
K,10,8,2025-04-18,2025-06-13,10.0,31.33895492553711,22.241884231567383,85.42127990722656
K,10,8,2025-04-25,2025-06-20,8.0,28.386552810668945,19.28948211669922,82.46887969970703
K,10,8,2025-05-02,2025-06-27,15.0,30.2694034576416,21.172332763671875,84.35173034667969
K,10,8,2025-05-09,2025-07-04,15.0,31.925615310668945,22.82854461669922,86.00794219970703
K,10,8,2025-05-16,2025-07-11,22.0,32.02397155761719,22.92690086364746,86.1063003540039
K,10,8,2025-05-23,2025-07-18,22.0,30.663312911987305,21.566242218017578,84.74564361572266
K,10,8,2025-05-30,2025-07-25,28.0,32.46205139160156,23.364980697631836,86.54438018798828
K,10,8,2025-06-06,2025-08-01,29.0,32.83258819580078,23.735517501831055,86.9149169921875
K,10,8,2025-06-13,2025-08-08,21.0,33.19212341308594,21.300222396850586,87.27445220947266
K,10,8,2025-06-20,2025-08-15,18.0,33.189002990722656,6.911317825317383,87.27133178710938
K,10,8,2025-06-27,2025-08-22,17.0,32.939552307128906,6.661867141723633,87.02188110351562
K,10,8,2025-07-04,2025-08-29,14.0,17.607202529907227,0.0,71.68952941894531
K,10,8,2025-07-11,2025-09-05,,16.719316482543945,0.0,70.80164337158203
K,10,8,2025-07-18,2025-09-12,,14.513396263122559,0.0,68.5957260131836
K,10,8,2025-07-25,2025-09-19,,10.564154624938965,0.0,64.646484375
K,10,8,2025-08-01,2025-09-26,,11.1870756149292,0.0,65.26940155029297
K,10,8,2025-08-08,2025-10-03,,8.989047050476074,0.0,63.07137680053711
K,10,8,2025-08-15,2025-10-10,,9.66125202178955,0.0,63.74357986450195
K,10,8,2025-08-22,2025-10-17,,6.35447359085083,0.0,60.43680191040039
K,10,12,2023-02-17,2023-05-12,3.0,2.0696356296539307,0.0,7.55659294128418
K,10,12,2023-02-24,2023-05-19,3.0,2.0250742435455322,0.0,7.512031555175781
K,10,12,2023-03-03,2023-05-26,4.0,2.0152225494384766,0.0,7.502180099487305
K,10,12,2023-03-10,2023-06-02,4.0,2.1076576709747314,0.0,7.5946149826049805
K,10,12,2023-03-17,2023-06-09,1.0,2.4294514656066895,0.0,7.916409015655518
K,10,12,2023-03-24,2023-06-16,4.0,3.115158796310425,0.0,8.602116584777832
K,10,12,2023-03-31,2023-06-23,7.0,4.336204528808594,0.0,9.823162078857422
K,10,12,2023-04-07,2023-06-30,0.0,5.540804386138916,0.0,11.027761459350586
K,10,12,2023-04-14,2023-07-07,4.0,7.795107841491699,0.0,13.282065391540527
K,10,12,2023-04-21,2023-07-14,3.0,11.665034294128418,0.0,17.151992797851562
K,10,12,2023-04-28,2023-07-21,6.0,13.910822868347168,0.0,19.397781372070312
K,10,12,2023-05-05,2023-07-28,5.0,21.832048416137695,3.4874649047851562,27.319005966186523
K,10,12,2023-05-12,2023-08-04,6.0,31.80232810974121,13.457744598388672,37.289283752441406
K,10,12,2023-05-19,2023-08-11,7.0,27.416120529174805,9.071537017822266,32.903076171875
K,10,12,2023-05-26,2023-08-18,6.0,19.968660354614258,1.6240768432617188,25.455617904663086
K,10,12,2023-06-02,2023-08-25,6.0,17.018857955932617,0.0,22.505815505981445
K,10,12,2023-06-09,2023-09-01,6.0,13.691264152526855,0.0,19.17822265625
K,10,12,2023-06-16,2023-09-08,6.0,16.183652877807617,0.0,21.670610427856445
K,10,12,2023-06-23,2023-09-15,10.0,15.91878604888916,0.0,21.405742645263672
K,10,12,2023-06-30,2023-09-22,7.0,15.875771522521973,0.0,21.362728118896484
K,10,12,2023-07-07,2023-09-29,6.0,15.010516166687012,0.0,20.497474670410156
K,10,12,2023-07-14,2023-10-06,5.0,14.603839874267578,0.0,20.090797424316406
K,10,12,2023-07-21,2023-10-13,3.0,10.238411903381348,0.0,15.725369453430176
K,10,12,2023-07-28,2023-10-20,2.0,5.953349590301514,0.0,11.4403076171875
K,10,12,2023-08-04,2023-10-27,6.0,3.2086503505706787,0.0,8.695608139038086
K,10,12,2023-08-11,2023-11-03,7.0,3.7273197174072266,0.0,9.214277267456055
K,10,12,2023-08-18,2023-11-10,4.0,4.365107536315918,0.0,9.852065086364746
K,10,12,2023-08-25,2023-11-17,7.0,3.853330612182617,0.0,9.016778945922852
K,10,12,2023-09-01,2023-11-24,6.0,4.09857177734375,0.0,9.262020111083984
K,10,12,2023-09-08,2023-12-01,3.0,4.30665922164917,0.0,9.470108032226562
K,10,12,2023-09-15,2023-12-08,5.0,4.790294647216797,0.0,9.953742980957031
K,10,12,2023-09-22,2023-12-15,3.0,4.378896713256836,0.0,9.54234504699707
K,10,12,2023-09-29,2023-12-22,5.0,3.868704080581665,0.0,9.03215217590332
K,10,12,2023-10-06,2023-12-29,3.0,6.02663516998291,0.0,11.190083503723145
K,10,12,2023-10-13,2024-01-05,3.0,8.271933555603027,0.0,13.435381889343262
K,10,12,2023-10-20,2024-01-12,5.0,4.823736190795898,0.0,9.987184524536133
K,10,12,2023-10-27,2024-01-19,4.0,5.909514904022217,0.0,11.07296371459961
K,10,12,2023-11-03,2024-01-26,6.0,8.194209098815918,0.0,13.357657432556152
K,10,12,2023-11-10,2024-02-02,5.0,8.098587989807129,0.0,13.262036323547363
K,10,12,2023-11-17,2024-02-09,4.0,8.24166488647461,0.0,13.405113220214844
K,10,12,2023-11-24,2024-02-16,9.0,8.569117546081543,0.0,13.732565879821777
K,10,12,2023-12-01,2024-02-23,4.0,8.756393432617188,0.0,13.919841766357422
K,10,12,2023-12-08,2024-03-01,3.0,10.652703285217285,0.0,15.81615161895752
K,10,12,2023-12-15,2024-03-08,5.0,8.752334594726562,0.0,13.915782928466797
K,10,12,2023-12-22,2024-03-15,7.0,5.656795501708984,0.0,8.929475784301758
K,10,12,2023-12-29,2024-03-22,2.0,7.098172664642334,0.0,10.370853424072266
K,10,12,2024-01-05,2024-03-29,3.0,4.411645889282227,0.0,7.684326171875
K,10,12,2024-01-12,2024-04-05,5.0,3.181410789489746,0.0,6.4540910720825195
K,10,12,2024-01-19,2024-04-12,1.0,3.0293593406677246,0.0,6.302039623260498
K,10,12,2024-01-26,2024-04-19,7.0,2.38470458984375,0.0,5.657384872436523
K,10,12,2024-02-02,2024-04-26,3.0,2.4827609062194824,0.0,5.755441188812256
K,10,12,2024-02-09,2024-05-03,1.0,2.493170738220215,0.0,5.765851020812988
K,10,12,2024-02-16,2024-05-10,2.0,2.914259910583496,0.0,6.1869401931762695
K,10,12,2024-02-23,2024-05-17,1.0,3.1288323402404785,0.0,6.401512622833252
K,10,12,2024-03-01,2024-05-24,2.0,4.055841445922852,0.0,7.328521728515625
K,10,12,2024-03-08,2024-05-31,2.0,4.553077697753906,0.0,7.82575798034668
K,10,12,2024-03-15,2024-06-07,3.0,5.2229766845703125,0.0,8.495656967163086
K,10,12,2024-03-22,2024-06-14,3.0,5.203352928161621,0.0,8.476033210754395
K,10,12,2024-03-29,2024-06-21,4.0,5.4207000732421875,0.0,8.693380355834961
K,10,12,2024-04-05,2024-06-28,4.0,4.898435592651367,0.0,8.17111587524414
K,10,12,2024-04-12,2024-07-05,7.0,7.394510746002197,0.0,10.667190551757812
K,10,12,2024-04-19,2024-07-12,8.0,3.811985731124878,0.0,7.0846662521362305
K,10,12,2024-04-26,2024-07-19,8.0,5.167930603027344,0.0,8.440610885620117
K,10,12,2024-05-03,2024-07-26,5.0,5.114284515380859,0.0,9.72957992553711
K,10,12,2024-05-10,2024-08-02,16.0,7.895238399505615,0.0,12.510534286499023
K,10,12,2024-05-17,2024-08-09,23.0,9.536829948425293,0.0,14.152125358581543
K,10,12,2024-05-24,2024-08-16,17.0,8.50043773651123,0.0,13.11573314666748
K,10,12,2024-05-31,2024-08-23,12.0,10.512810707092285,0.0,15.128106117248535
K,10,12,2024-06-07,2024-08-30,13.0,10.674956321716309,0.0,15.290251731872559
K,10,12,2024-06-14,2024-09-06,15.0,12.666481971740723,0.0,17.281776428222656
K,10,12,2024-06-21,2024-09-13,25.0,16.11895179748535,0.0,20.7342472076416
K,10,12,2024-06-28,2024-09-20,20.0,15.509242057800293,0.0,20.12453842163086
K,10,12,2024-07-05,2024-09-27,19.0,15.780074119567871,0.0,20.395370483398438
K,10,12,2024-07-12,2024-10-04,16.0,15.075801849365234,0.0,19.691097259521484
K,10,12,2024-07-19,2024-10-11,16.0,14.168225288391113,0.0,18.783519744873047
K,10,12,2024-07-26,2024-10-18,23.0,13.085358619689941,0.0,17.700653076171875
K,10,12,2024-08-02,2024-10-25,13.0,10.878891944885254,0.0,15.494187355041504
K,10,12,2024-08-09,2024-11-01,16.0,9.059914588928223,0.0,13.675209999084473
K,10,12,2024-08-16,2024-11-08,28.0,9.06558895111084,0.0,17.17034912109375
K,10,12,2024-08-23,2024-11-15,20.0,10.431330680847168,0.0,23.894500732421875
K,10,12,2024-08-30,2024-11-22,36.0,8.918831825256348,0.0,22.382001876831055
K,10,12,2024-09-06,2024-11-29,29.0,6.726925849914551,0.0,20.190095901489258
K,10,12,2024-09-13,2024-12-06,32.0,4.868913650512695,0.0,18.33208465576172
K,10,12,2024-09-20,2024-12-13,22.0,4.958136558532715,0.0,18.421306610107422
K,10,12,2024-09-27,2024-12-20,16.0,4.562979698181152,0.0,18.02614974975586
K,10,12,2024-10-04,2024-12-27,5.0,3.284332752227783,0.0,16.74750328063965
K,10,12,2024-10-11,2025-01-03,25.0,5.7456464767456055,0.0,19.208816528320312
K,10,12,2024-10-18,2025-01-10,30.0,5.416327953338623,0.0,18.879497528076172
K,10,12,2024-10-25,2025-01-17,21.0,5.0849432945251465,0.0,18.548112869262695
K,10,12,2024-11-01,2025-01-24,14.0,6.184364318847656,0.0,19.647533416748047
K,10,12,2024-11-08,2025-01-31,32.0,23.948280334472656,16.295578002929688,37.41144943237305
K,10,12,2024-11-15,2025-02-07,22.0,29.456377029418945,21.803672790527344,42.91954803466797
K,10,12,2024-11-22,2025-02-14,60.0,13.464179992675781,5.811476707458496,32.398590087890625
K,10,12,2024-11-29,2025-02-21,60.0,10.54479694366455,2.8920936584472656,29.479206085205078
K,10,12,2024-12-06,2025-02-28,29.0,7.780700206756592,0.12799692153930664,34.86186981201172
K,10,12,2024-12-13,2025-03-07,23.0,6.9717302322387695,0.0,34.05289840698242
K,10,12,2024-12-20,2025-03-14,15.0,6.584371089935303,0.0,33.715457916259766
K,10,12,2024-12-27,2025-03-21,19.0,6.649332046508789,0.0,33.780418395996094
K,10,12,2025-01-03,2025-03-28,15.0,6.870987892150879,0.0,34.0020751953125
K,10,12,2025-01-10,2025-04-04,20.0,6.225499629974365,0.0,33.35658645629883
K,10,12,2025-01-17,2025-04-11,8.0,6.360527992248535,0.0,33.491615295410156
K,10,12,2025-01-24,2025-04-18,10.0,7.547247409820557,0.0,34.6783332824707
K,10,12,2025-01-31,2025-04-25,9.0,8.297307968139648,0.6446046829223633,35.42839431762695
K,10,12,2025-02-07,2025-05-02,5.0,8.26424789428711,0.6115446090698242,35.39533233642578
K,10,12,2025-02-14,2025-05-09,6.0,9.171463966369629,1.5187606811523438,36.30255126953125
K,10,12,2025-02-21,2025-05-16,8.0,9.801644325256348,2.1489410400390625,36.93273162841797
K,10,12,2025-02-28,2025-05-23,7.0,10.831740379333496,3.179037094116211,57.36756134033203
K,10,12,2025-03-07,2025-05-30,10.0,9.54419994354248,1.8914966583251953,58.99940490722656
K,10,12,2025-03-14,2025-06-06,5.0,8.782185554504395,1.3258085250854492,58.237388610839844
K,10,12,2025-03-21,2025-06-13,10.0,8.988771438598633,1.5323944091796875,58.44397735595703
K,10,12,2025-03-28,2025-06-20,8.0,26.502050399780273,19.045673370361328,75.9572525024414
K,10,12,2025-04-04,2025-06-27,15.0,33.27629089355469,25.819913864135742,82.73149108886719
K,10,12,2025-04-11,2025-07-04,15.0,33.3079948425293,25.85161781311035,82.76319885253906
K,10,12,2025-04-18,2025-07-11,22.0,33.308006286621094,25.85162925720215,82.76321411132812
K,10,12,2025-04-25,2025-07-18,22.0,33.30419921875,25.847822189331055,82.7593994140625
K,10,12,2025-05-02,2025-07-25,28.0,33.306884765625,25.850507736206055,82.7620849609375
K,10,12,2025-05-09,2025-08-01,29.0,33.308597564697266,25.85222053527832,82.76380157470703
K,10,12,2025-05-16,2025-08-08,21.0,33.30865478515625,25.852277755737305,82.76385498046875
K,10,12,2025-05-23,2025-08-15,18.0,33.3072509765625,25.850873947143555,82.762451171875
K,10,12,2025-05-30,2025-08-22,17.0,33.30854797363281,25.852170944213867,82.76374816894531
K,10,12,2025-06-06,2025-08-29,14.0,33.305206298828125,25.84882926940918,82.76040649414062
K,10,12,2025-06-13,2025-09-05,,33.30828857421875,25.851911544799805,82.76348876953125
K,10,12,2025-06-20,2025-09-12,,33.30760955810547,25.851232528686523,82.7628173828125
K,10,12,2025-06-27,2025-09-19,,32.76898956298828,25.312612533569336,82.22419738769531
K,10,12,2025-07-04,2025-09-26,,14.844311714172363,0.0,64.29951477050781
K,10,12,2025-07-11,2025-10-03,,13.306497573852539,0.0,62.76170349121094
K,10,12,2025-07-18,2025-10-10,,9.693787574768066,0.0,59.148990631103516
K,10,12,2025-07-25,2025-10-17,,5.422126770019531,0.0,54.8773307800293
K,10,12,2025-08-01,2025-10-24,,5.694370269775391,0.0,55.149574279785156
K,10,12,2025-08-08,2025-10-31,,4.292525768280029,0.0,53.74773025512695
K,10,12,2025-08-15,2025-11-07,,4.710295677185059,0.0,54.16550064086914
K,10,12,2025-08-22,2025-11-14,,3.4957287311553955,0.0,52.950931549072266
L,11,1,2023-02-17,2023-02-24,0.0,3.316861152648926,0.0,8.887272834777832
L,11,1,2023-02-24,2023-03-03,0.0,2.8048043251037598,0.0,8.375215530395508
L,11,1,2023-03-03,2023-03-10,1.0,2.402644157409668,0.0,7.973055839538574
L,11,1,2023-03-10,2023-03-17,5.0,1.9806787967681885,0.0,7.551090240478516
L,11,1,2023-03-17,2023-03-24,3.0,2.021777629852295,0.0,7.592189311981201
L,11,1,2023-03-24,2023-03-31,0.0,2.032871723175049,0.0,7.603283405303955
L,11,1,2023-03-31,2023-04-07,0.0,2.0961663722991943,0.0,7.66657829284668
L,11,1,2023-04-07,2023-04-14,1.0,2.1240005493164062,0.0,7.6944122314453125
L,11,1,2023-04-14,2023-04-21,0.0,1.6398088932037354,0.0,7.2102203369140625
L,11,1,2023-04-21,2023-04-28,1.0,1.9452149868011475,0.0,7.515626907348633
L,11,1,2023-04-28,2023-05-05,1.0,1.8500752449035645,0.0,7.420486927032471
L,11,1,2023-05-05,2023-05-12,0.0,2.2444913387298584,0.0,7.814903259277344
L,11,1,2023-05-12,2023-05-19,3.0,3.0703232288360596,0.0,8.640734672546387
L,11,1,2023-05-19,2023-05-26,4.0,4.399365425109863,0.0,9.96977710723877
L,11,1,2023-05-26,2023-06-02,5.0,4.3066816329956055,0.0,9.877093315124512
L,11,1,2023-06-02,2023-06-09,2.0,4.520547866821289,0.0,10.090959548950195
L,11,1,2023-06-09,2023-06-16,3.0,5.524053573608398,0.0,11.094465255737305
L,11,1,2023-06-16,2023-06-23,2.0,5.215173244476318,0.0,10.785585403442383
L,11,1,2023-06-23,2023-06-30,2.0,5.701481819152832,0.055817604064941406,11.271893501281738
L,11,1,2023-06-30,2023-07-07,4.0,5.904294490814209,0.25863027572631836,11.474706649780273
L,11,1,2023-07-07,2023-07-14,2.0,6.600133895874023,0.9544696807861328,12.17054557800293
L,11,1,2023-07-14,2023-07-21,5.0,6.53792142868042,0.8922572135925293,12.108333587646484
L,11,1,2023-07-21,2023-07-28,0.0,7.2819013595581055,1.6362371444702148,12.852313041687012
L,11,1,2023-07-28,2023-08-04,4.0,6.528703212738037,0.8830389976501465,12.099115371704102
L,11,1,2023-08-04,2023-08-11,7.0,4.950247764587402,0.0,10.520659446716309
L,11,1,2023-08-11,2023-08-18,6.0,3.9039835929870605,0.0,9.474395751953125
L,11,1,2023-08-18,2023-08-25,3.0,2.3131306171417236,0.0,7.883542060852051
L,11,1,2023-08-25,2023-09-01,5.0,2.7513861656188965,0.0,8.321798324584961
L,11,1,2023-09-01,2023-09-08,3.0,4.203674793243408,0.0,9.774085998535156
L,11,1,2023-09-08,2023-09-15,7.0,3.9009923934936523,0.0,7.4151458740234375
L,11,1,2023-09-15,2023-09-22,2.0,4.5276641845703125,0.0,8.041817665100098
L,11,1,2023-09-22,2023-09-29,1.0,5.327548027038574,0.0,8.375280380249023
L,11,1,2023-09-29,2023-10-06,7.0,5.536603927612305,0.0,8.635611534118652
L,11,1,2023-10-06,2023-10-13,8.0,5.8699259757995605,0.0,8.96893310546875
L,11,1,2023-10-13,2023-10-20,4.0,4.812478542327881,0.0,7.9114861488342285
L,11,1,2023-10-20,2023-10-27,3.0,4.375006675720215,0.0,7.4740142822265625
L,11,1,2023-10-27,2023-11-03,8.0,3.6543984413146973,0.0,6.753406047821045
L,11,1,2023-11-03,2023-11-10,5.0,3.5398263931274414,0.0,6.638833999633789
L,11,1,2023-11-10,2023-11-17,5.0,3.531507730484009,0.0,6.630515098571777
L,11,1,2023-11-17,2023-11-24,4.0,3.254763603210449,0.0,7.600365161895752
L,11,1,2023-11-24,2023-12-01,6.0,2.921448230743408,0.0,7.267049789428711
L,11,1,2023-12-01,2023-12-08,3.0,2.7502365112304688,0.0,7.0958380699157715
L,11,1,2023-12-08,2023-12-15,1.0,2.807251453399658,0.0,7.152853012084961
L,11,1,2023-12-15,2023-12-22,2.0,2.7263011932373047,0.0,7.071902751922607
L,11,1,2023-12-22,2023-12-29,7.0,2.776956081390381,0.0,7.122557640075684
L,11,1,2023-12-29,2024-01-05,3.0,3.4877405166625977,0.0,7.8333420753479
L,11,1,2024-01-05,2024-01-12,3.0,3.3545033931732178,0.0,7.700104713439941
L,11,1,2024-01-12,2024-01-19,8.0,2.765456199645996,0.0,7.111057758331299
L,11,1,2024-01-19,2024-01-26,1.0,2.6495113372802734,0.0,6.995112895965576
L,11,1,2024-01-26,2024-02-02,3.0,2.49231219291687,0.0,6.837913513183594
L,11,1,2024-02-02,2024-02-09,3.0,2.6021275520324707,0.0,7.836671352386475
L,11,1,2024-02-09,2024-02-16,3.0,2.190436840057373,0.0,7.424980640411377
L,11,1,2024-02-16,2024-02-23,6.0,1.6445128917694092,0.0,6.879056930541992
L,11,1,2024-02-23,2024-03-01,2.0,1.4510815143585205,0.0,6.685625076293945
L,11,1,2024-03-01,2024-03-08,2.0,1.3901710510253906,0.0,6.6247148513793945
L,11,1,2024-03-08,2024-03-15,2.0,1.3314327001571655,0.0,6.565976619720459
L,11,1,2024-03-15,2024-03-22,0.0,1.2306371927261353,0.0,6.46518087387085
L,11,1,2024-03-22,2024-03-29,1.0,1.0854812860488892,0.0,6.3200249671936035
L,11,1,2024-03-29,2024-04-05,1.0,0.8853338956832886,0.0,6.119877815246582
L,11,1,2024-04-05,2024-04-12,1.0,0.6425890922546387,0.0,5.877132892608643
L,11,1,2024-04-12,2024-04-19,2.0,0.6474255323410034,0.0,5.881969451904297
L,11,1,2024-04-19,2024-04-26,1.0,0.40370142459869385,0.0,5.638245105743408
L,11,1,2024-04-26,2024-05-03,0.0,0.0,0.0,5.234543800354004
L,11,1,2024-05-03,2024-05-10,0.0,0.0,0.0,5.234543800354004
L,11,1,2024-05-10,2024-05-17,0.0,0.010098695755004883,0.0,5.24464225769043
L,11,1,2024-05-17,2024-05-24,2.0,0.2024003267288208,0.0,5.436944007873535
L,11,1,2024-05-24,2024-05-31,2.0,0.24990960955619812,0.0,5.484453201293945
L,11,1,2024-05-31,2024-06-07,2.0,0.8613883256912231,0.0,6.0959320068359375
L,11,1,2024-06-07,2024-06-14,0.0,1.5286073684692383,0.0,6.763151168823242
L,11,1,2024-06-14,2024-06-21,1.0,2.581529140472412,0.0,7.816072940826416
L,11,1,2024-06-21,2024-06-28,0.0,3.489027500152588,0.0,8.72357177734375
L,11,1,2024-06-28,2024-07-05,2.0,4.470579147338867,0.0,9.705122947692871
L,11,1,2024-07-05,2024-07-12,2.0,5.685724258422852,0.0,10.920268058776855
L,11,1,2024-07-12,2024-07-19,3.0,6.1522088050842285,0.0,11.38675308227539
L,11,1,2024-07-19,2024-07-26,5.0,6.372663497924805,0.0,11.607207298278809
L,11,1,2024-07-26,2024-08-02,5.0,6.412942886352539,0.0,11.647486686706543
L,11,1,2024-08-02,2024-08-09,3.0,5.775646209716797,0.0,11.0101900100708
L,11,1,2024-08-09,2024-08-16,4.0,4.889433860778809,0.5618858337402344,10.123977661132812
L,11,1,2024-08-16,2024-08-23,3.0,4.953515529632568,0.6259675025939941,10.188058853149414
L,11,1,2024-08-23,2024-08-30,4.0,6.475497722625732,2.147949695587158,11.710041046142578
L,11,1,2024-08-30,2024-09-06,6.0,7.790749549865723,3.4632015228271484,13.025293350219727
L,11,1,2024-09-06,2024-09-13,12.0,8.649024963378906,4.321476936340332,13.88356876373291
L,11,1,2024-09-13,2024-09-20,4.0,10.099757194519043,5.772209167480469,15.334300994873047
L,11,1,2024-09-20,2024-09-27,1.0,8.8969144821167,4.569366455078125,14.131458282470703
L,11,1,2024-09-27,2024-10-04,4.0,7.308034896850586,2.9804868698120117,12.54257869720459
L,11,1,2024-10-04,2024-10-11,10.0,6.134986400604248,0.03522920608520508,11.369529724121094
L,11,1,2024-10-11,2024-10-18,4.0,4.9902424812316895,0.0,10.224786758422852
L,11,1,2024-10-18,2024-10-25,5.0,4.082000732421875,0.0,9.316544532775879
L,11,1,2024-10-25,2024-11-01,10.0,3.370922088623047,0.0,8.60546588897705
L,11,1,2024-11-01,2024-11-08,6.0,3.3089075088500977,0.0,8.543451309204102
L,11,1,2024-11-08,2024-11-15,8.0,4.075115203857422,0.0,9.309659004211426
L,11,1,2024-11-15,2024-11-22,15.0,4.9760003089904785,0.0,11.605077743530273
L,11,1,2024-11-22,2024-11-29,7.0,3.822864055633545,0.0,10.451942443847656
L,11,1,2024-11-29,2024-12-06,12.0,4.979883670806885,0.0,11.60896110534668
L,11,1,2024-12-06,2024-12-13,12.0,5.871259689331055,0.0,15.895259857177734
L,11,1,2024-12-13,2024-12-20,16.0,6.068446159362793,0.0,16.092445373535156
L,11,1,2024-12-20,2024-12-27,5.0,6.618775367736816,0.0,16.642776489257812
L,11,1,2024-12-27,2025-01-03,8.0,7.156591892242432,0.0,17.180591583251953
L,11,1,2025-01-03,2025-01-10,9.0,7.39422607421875,0.0,17.41822624206543
L,11,1,2025-01-10,2025-01-17,14.0,7.42020320892334,0.0,17.444202423095703
L,11,1,2025-01-17,2025-01-24,6.0,7.704011917114258,0.0,17.728012084960938
L,11,1,2025-01-24,2025-01-31,13.0,7.452951431274414,0.0,17.476951599121094
L,11,1,2025-01-31,2025-02-07,9.0,8.120840072631836,0.22392559051513672,18.144840240478516
L,11,1,2025-02-07,2025-02-14,29.0,8.768177032470703,0.8712625503540039,18.792177200317383
L,11,1,2025-02-14,2025-02-21,10.0,9.097168922424316,1.2002544403076172,19.121170043945312
L,11,1,2025-02-21,2025-02-28,12.0,8.995853424072266,1.0989389419555664,19.019853591918945
L,11,1,2025-02-28,2025-03-07,8.0,8.782021522521973,0.8851070404052734,29.013843536376953
L,11,1,2025-03-07,2025-03-14,7.0,8.49367904663086,0.5967645645141602,28.725502014160156
L,11,1,2025-03-14,2025-03-21,7.0,6.663640022277832,0.0,26.895462036132812
L,11,1,2025-03-21,2025-03-28,7.0,5.553055763244629,0.0,25.78487777709961
L,11,1,2025-03-28,2025-04-04,9.0,4.675803184509277,0.0,24.90762710571289
L,11,1,2025-04-04,2025-04-11,8.0,4.311764717102051,0.0,24.54358673095703
L,11,1,2025-04-11,2025-04-18,4.0,4.531545162200928,0.0,24.763368606567383
L,11,1,2025-04-18,2025-04-25,4.0,4.182130336761475,0.0,24.41395378112793
L,11,1,2025-04-25,2025-05-02,2.0,3.6473331451416016,0.0,23.8791561126709
L,11,1,2025-05-02,2025-05-09,3.0,3.6734912395477295,0.0,23.90531349182129
L,11,1,2025-05-09,2025-05-16,5.0,3.749863862991333,0.0,23.981687545776367
L,11,1,2025-05-16,2025-05-23,1.0,3.5667247772216797,0.0,23.798547744750977
L,11,1,2025-05-23,2025-05-30,2.0,2.6938977241516113,0.0,22.92572021484375
L,11,1,2025-05-30,2025-06-06,6.0,2.25386381149292,0.0,22.485687255859375
L,11,1,2025-06-06,2025-06-13,4.0,2.504851818084717,0.0,22.736675262451172
L,11,1,2025-06-13,2025-06-20,1.0,3.478513240814209,0.0,23.710336685180664
L,11,1,2025-06-20,2025-06-27,3.0,3.8930721282958984,0.0,24.124895095825195
L,11,1,2025-06-27,2025-07-04,8.0,4.9637370109558105,0.0,25.195560455322266
L,11,1,2025-07-04,2025-07-11,7.0,7.238861560821533,0.0,27.470684051513672
L,11,1,2025-07-11,2025-07-18,12.0,10.370195388793945,2.473280906677246,30.602018356323242
L,11,1,2025-07-18,2025-07-25,11.0,11.631292343139648,3.734377861022949,31.863115310668945
L,11,1,2025-07-25,2025-08-01,11.0,10.843123435974121,2.946208953857422,31.074947357177734
L,11,1,2025-08-01,2025-08-08,14.0,8.69201946258545,0.79510498046875,28.923843383789062
L,11,1,2025-08-08,2025-08-15,12.0,8.8182954788208,0.9213809967041016,29.05011749267578
L,11,1,2025-08-15,2025-08-22,10.0,9.700545310974121,1.8036308288574219,29.932369232177734
L,11,1,2025-08-22,2025-08-29,8.0,9.251611709594727,1.3546972274780273,29.483434677124023
L,11,2,2023-02-17,2023-03-03,0.0,2.9361367225646973,0.0,8.46733283996582
L,11,2,2023-02-24,2023-03-10,1.0,2.3762879371643066,0.0,7.9074835777282715
L,11,2,2023-03-03,2023-03-17,5.0,2.0060715675354004,0.0,7.537267208099365
L,11,2,2023-03-10,2023-03-24,3.0,1.653231143951416,0.0,7.184426784515381
L,11,2,2023-03-17,2023-03-31,0.0,1.7375556230545044,0.0,7.26875114440918
L,11,2,2023-03-24,2023-04-07,0.0,1.8904685974121094,0.0,7.421664237976074
L,11,2,2023-03-31,2023-04-14,1.0,2.0157344341278076,0.0,7.546930313110352
L,11,2,2023-04-07,2023-04-21,0.0,2.108672618865967,0.0,7.639868259429932
L,11,2,2023-04-14,2023-04-28,1.0,1.642730474472046,0.0,7.17392635345459
L,11,2,2023-04-21,2023-05-05,1.0,2.090959310531616,0.0,7.62215518951416
L,11,2,2023-04-28,2023-05-12,0.0,2.0073766708374023,0.0,7.538572311401367
L,11,2,2023-05-05,2023-05-19,3.0,2.528632164001465,0.0,8.05982780456543
L,11,2,2023-05-12,2023-05-26,4.0,3.5285255908966064,0.0,9.059720993041992
L,11,2,2023-05-19,2023-06-02,5.0,5.185025215148926,0.3433065414428711,10.71622085571289
L,11,2,2023-05-26,2023-06-09,2.0,4.4953179359436035,0.0,10.026514053344727
L,11,2,2023-06-02,2023-06-16,3.0,4.787982940673828,0.0,10.319178581237793
L,11,2,2023-06-09,2023-06-23,2.0,5.328088760375977,0.4863700866699219,10.859284400939941
L,11,2,2023-06-16,2023-06-30,2.0,5.037766933441162,0.19604825973510742,10.568962097167969
L,11,2,2023-06-23,2023-07-07,4.0,5.802089691162109,0.9603710174560547,11.333285331726074
L,11,2,2023-06-30,2023-07-14,2.0,6.2545084953308105,1.4127898216247559,11.785703659057617
L,11,2,2023-07-07,2023-07-21,5.0,7.1027679443359375,2.261049270629883,12.633963584899902
L,11,2,2023-07-14,2023-07-28,0.0,6.255257606506348,1.413538932800293,11.786453247070312
L,11,2,2023-07-21,2023-08-04,4.0,6.741207122802734,1.8994884490966797,12.2724027633667
L,11,2,2023-07-28,2023-08-11,7.0,5.909406661987305,1.06768798828125,11.44060230255127
L,11,2,2023-08-04,2023-08-18,6.0,4.419397354125977,0.0,9.950592994689941
L,11,2,2023-08-11,2023-08-25,3.0,3.3696842193603516,0.0,8.900879859924316
L,11,2,2023-08-18,2023-09-01,5.0,2.176456928253174,0.0,7.707652568817139
L,11,2,2023-08-25,2023-09-08,3.0,2.7723917961120605,0.0,8.303586959838867
L,11,2,2023-09-01,2023-09-15,7.0,4.302559852600098,0.0,9.833755493164062
L,11,2,2023-09-08,2023-09-22,2.0,3.8867530822753906,0.0,8.550856590270996
L,11,2,2023-09-15,2023-09-29,1.0,4.820408821105957,0.0,9.484512329101562
L,11,2,2023-09-22,2023-10-06,7.0,5.564308166503906,0.0,8.77191162109375
L,11,2,2023-09-29,2023-10-13,8.0,5.121785640716553,0.0,8.329389572143555
L,11,2,2023-10-06,2023-10-20,4.0,5.093741416931152,0.0,8.301345825195312
L,11,2,2023-10-13,2023-10-27,3.0,4.314493656158447,0.0,7.522097587585449
L,11,2,2023-10-20,2023-11-03,8.0,3.856955051422119,0.0,7.064558982849121
L,11,2,2023-10-27,2023-11-10,5.0,3.210423707962036,0.0,6.418027877807617
L,11,2,2023-11-03,2023-11-17,5.0,3.2411584854125977,0.0,6.4487624168396
L,11,2,2023-11-10,2023-11-24,4.0,3.2597708702087402,0.0,6.467374801635742
L,11,2,2023-11-17,2023-12-01,6.0,2.9558753967285156,0.0,7.0989203453063965
L,11,2,2023-11-24,2023-12-08,3.0,2.64345645904541,0.0,6.786501407623291
L,11,2,2023-12-01,2023-12-15,1.0,2.5626206398010254,0.0,6.705665588378906
L,11,2,2023-12-08,2023-12-22,2.0,2.767096996307373,0.0,6.910141944885254
L,11,2,2023-12-15,2023-12-29,7.0,2.6653380393981934,0.0,6.808382987976074
L,11,2,2023-12-22,2024-01-05,3.0,2.6639339923858643,0.0,6.806979179382324
L,11,2,2023-12-29,2024-01-12,3.0,3.558483600616455,0.0,7.701528549194336
L,11,2,2024-01-05,2024-01-19,8.0,3.276337146759033,0.0,7.419382095336914
L,11,2,2024-01-12,2024-01-26,1.0,2.4942917823791504,0.0,6.828953742980957
L,11,2,2024-01-19,2024-02-02,3.0,2.3725457191467285,0.0,6.707207679748535
L,11,2,2024-01-26,2024-02-09,3.0,2.1480326652526855,0.0,6.482694625854492
L,11,2,2024-02-02,2024-02-16,3.0,2.2915899753570557,0.0,7.015253067016602
L,11,2,2024-02-09,2024-02-23,6.0,1.8672535419464111,0.0,6.590916633605957
L,11,2,2024-02-16,2024-03-01,2.0,1.3544286489486694,0.0,6.078091621398926
L,11,2,2024-02-23,2024-03-08,2.0,1.1847425699234009,0.0,5.908405303955078
L,11,2,2024-03-01,2024-03-15,2.0,1.2423070669174194,0.0,5.965970039367676
L,11,2,2024-03-08,2024-03-22,0.0,1.2278213500976562,0.0,5.951484203338623
L,11,2,2024-03-15,2024-03-29,1.0,1.1516780853271484,0.0,5.875340938568115
L,11,2,2024-03-22,2024-04-05,1.0,1.059168815612793,0.0,5.78283166885376
L,11,2,2024-03-29,2024-04-12,1.0,0.8929129838943481,0.0,5.616575717926025
L,11,2,2024-04-05,2024-04-19,2.0,0.6723397374153137,0.0,5.396002769470215
L,11,2,2024-04-12,2024-04-26,1.0,0.7288891077041626,0.0,5.45255184173584
L,11,2,2024-04-19,2024-05-03,0.0,0.4916328191757202,0.0,5.215295791625977
L,11,2,2024-04-26,2024-05-10,0.0,0.07879872620105743,0.0,4.802461624145508
L,11,2,2024-05-03,2024-05-17,0.0,0.10726100206375122,0.0,4.830924034118652
L,11,2,2024-05-10,2024-05-24,2.0,0.20289839804172516,0.0,4.92656135559082
L,11,2,2024-05-17,2024-05-31,2.0,0.4182687997817993,0.0,5.141931533813477
L,11,2,2024-05-24,2024-06-07,2.0,0.42201662063598633,0.0,5.145679473876953
L,11,2,2024-05-31,2024-06-14,0.0,1.1222515106201172,0.0,5.845914363861084
L,11,2,2024-06-07,2024-06-21,1.0,1.7591753005981445,0.0,6.482838153839111
L,11,2,2024-06-14,2024-06-28,0.0,2.708387613296509,0.0,7.432050704956055
L,11,2,2024-06-21,2024-07-05,2.0,3.407284736633301,0.0,8.13094711303711
L,11,2,2024-06-28,2024-07-12,2.0,4.332066059112549,0.0,9.055728912353516
L,11,2,2024-07-05,2024-07-19,3.0,5.525760173797607,0.0,10.249423027038574
L,11,2,2024-07-12,2024-07-26,5.0,5.830870628356934,0.0,10.554533004760742
L,11,2,2024-07-19,2024-08-02,5.0,5.652430534362793,0.0,10.376092910766602
L,11,2,2024-07-26,2024-08-09,3.0,5.685202121734619,0.0,10.408864974975586
L,11,2,2024-08-02,2024-08-16,4.0,5.447949409484863,0.0,10.171611785888672
L,11,2,2024-08-09,2024-08-23,3.0,5.03809118270874,1.2176823616027832,9.761754035949707
L,11,2,2024-08-16,2024-08-30,4.0,5.593797206878662,1.773388385772705,10.317460060119629
L,11,2,2024-08-23,2024-09-06,6.0,7.509225845336914,3.688817024230957,12.232889175415039
L,11,2,2024-08-30,2024-09-13,12.0,8.307445526123047,4.48703670501709,13.031108856201172
L,11,2,2024-09-06,2024-09-20,4.0,8.758588790893555,4.938179969787598,13.48225212097168
L,11,2,2024-09-13,2024-09-27,1.0,10.001703262329102,6.1812944412231445,14.725366592407227
L,11,2,2024-09-20,2024-10-04,4.0,8.737926483154297,4.91751766204834,13.461589813232422
L,11,2,2024-09-27,2024-10-11,10.0,6.856171607971191,3.0357627868652344,11.579833984375
L,11,2,2024-10-04,2024-10-18,4.0,5.716708183288574,0.9581193923950195,10.440370559692383
L,11,2,2024-10-11,2024-10-25,5.0,4.756500720977783,0.0,9.48016357421875
L,11,2,2024-10-18,2024-11-01,10.0,3.6594631671905518,0.0,8.383126258850098
L,11,2,2024-10-25,2024-11-08,6.0,2.9483485221862793,0.0,7.672011375427246
L,11,2,2024-11-01,2024-11-15,8.0,3.270270347595215,0.0,7.993933200836182
L,11,2,2024-11-08,2024-11-22,15.0,4.495616912841797,0.0,9.219280242919922
L,11,2,2024-11-15,2024-11-29,7.0,5.181933403015137,0.0,11.522470474243164
L,11,2,2024-11-22,2024-12-06,12.0,3.7266879081726074,0.0,10.067224502563477
L,11,2,2024-11-29,2024-12-13,12.0,5.384280204772949,0.0,11.724817276000977
L,11,2,2024-12-06,2024-12-20,16.0,6.134343147277832,0.0,16.63872528076172
L,11,2,2024-12-13,2024-12-27,5.0,6.07379674911499,0.0,16.57818031311035
L,11,2,2024-12-20,2025-01-03,8.0,6.791889190673828,0.0,17.29627227783203
L,11,2,2024-12-27,2025-01-10,9.0,7.608428955078125,0.0,18.112812042236328
L,11,2,2025-01-03,2025-01-17,14.0,7.571789741516113,0.0,18.076171875
L,11,2,2025-01-10,2025-01-24,6.0,7.440826416015625,0.0,17.945209503173828
L,11,2,2025-01-17,2025-01-31,13.0,7.978792190551758,0.0,18.48317527770996
L,11,2,2025-01-24,2025-02-07,9.0,7.606125354766846,0.0,18.11050796508789
L,11,2,2025-01-31,2025-02-14,29.0,8.353556632995605,0.0,18.857940673828125
L,11,2,2025-02-07,2025-02-21,10.0,9.135388374328613,0.13368511199951172,19.6397705078125
L,11,2,2025-02-14,2025-02-28,12.0,10.167465209960938,1.165761947631836,20.67184829711914
L,11,2,2025-02-21,2025-03-07,8.0,9.6554594039917,0.6537561416625977,20.15984344482422
L,11,2,2025-02-28,2025-03-14,7.0,9.604540824890137,0.6028375625610352,30.25098419189453
L,11,2,2025-03-07,2025-03-21,7.0,9.059566497802734,0.05786323547363281,29.706008911132812
L,11,2,2025-03-14,2025-03-28,7.0,6.883788108825684,0.0,27.530231475830078
L,11,2,2025-03-21,2025-04-04,9.0,5.707064628601074,0.0,26.35350799560547
L,11,2,2025-03-28,2025-04-11,8.0,4.911179542541504,0.0,25.557621002197266
L,11,2,2025-04-04,2025-04-18,4.0,4.893280029296875,0.0,25.539722442626953
L,11,2,2025-04-11,2025-04-25,4.0,5.627225875854492,0.0,26.27366828918457
L,11,2,2025-04-18,2025-05-02,2.0,5.026219367980957,0.0,25.67266082763672
L,11,2,2025-04-25,2025-05-09,3.0,4.191303253173828,0.0,24.837745666503906
L,11,2,2025-05-02,2025-05-16,5.0,4.173886775970459,0.0,24.820329666137695
L,11,2,2025-05-09,2025-05-23,1.0,4.26658296585083,0.0,24.91302490234375
L,11,2,2025-05-16,2025-05-30,2.0,3.965691089630127,0.0,24.612133026123047
L,11,2,2025-05-23,2025-06-06,6.0,2.7737035751342773,0.0,23.420146942138672
L,11,2,2025-05-30,2025-06-13,4.0,2.297366142272949,0.0,22.943809509277344
L,11,2,2025-06-06,2025-06-20,1.0,2.721282958984375,0.0,23.367725372314453
L,11,2,2025-06-13,2025-06-27,3.0,4.039981842041016,0.0,24.686424255371094
L,11,2,2025-06-20,2025-07-04,8.0,4.486712455749512,0.0,25.133155822753906
L,11,2,2025-06-27,2025-07-11,7.0,5.612857818603516,0.0,26.259300231933594
L,11,2,2025-07-04,2025-07-18,12.0,8.412701606750488,0.0,29.05914306640625
L,11,2,2025-07-11,2025-07-25,11.0,12.330224990844727,3.328521728515625,32.97666931152344
L,11,2,2025-07-18,2025-08-01,11.0,13.784110069274902,4.782406806945801,34.4305534362793
L,11,2,2025-07-25,2025-08-08,14.0,12.165496826171875,3.1637935638427734,32.81193923950195
L,11,2,2025-08-01,2025-08-15,12.0,9.216837882995605,0.2151346206665039,29.86328125
L,11,2,2025-08-08,2025-08-22,10.0,9.07228946685791,0.0705862045288086,29.718730926513672
L,11,2,2025-08-15,2025-08-29,8.0,9.405771255493164,0.4040679931640625,30.052213668823242
L,11,2,2025-08-22,2025-09-05,,8.718375205993652,0.0,29.364818572998047
L,11,4,2023-02-17,2023-03-17,5.0,2.1502833366394043,0.0,7.366256237030029
L,11,4,2023-02-24,2023-03-24,3.0,1.6675255298614502,0.0,6.883498191833496
L,11,4,2023-03-03,2023-03-31,0.0,1.407741904258728,0.0,6.623714923858643
L,11,4,2023-03-10,2023-04-07,0.0,1.2156894207000732,0.0,6.431662559509277
L,11,4,2023-03-17,2023-04-14,1.0,1.3502187728881836,0.0,6.566191673278809
L,11,4,2023-03-24,2023-04-21,0.0,1.700610876083374,0.0,6.916584014892578
L,11,4,2023-03-31,2023-04-28,1.0,1.933952808380127,0.0,7.149925708770752
L,11,4,2023-04-07,2023-05-05,1.0,2.1396243572235107,0.0,7.355597496032715
L,11,4,2023-04-14,2023-05-12,0.0,1.7918727397918701,0.0,7.007845878601074
L,11,4,2023-04-21,2023-05-19,3.0,2.488924264907837,0.0,7.704896926879883
L,11,4,2023-04-28,2023-05-26,4.0,2.5083425045013428,0.0,7.724315643310547
L,11,4,2023-05-05,2023-06-02,5.0,3.341892719268799,0.022327899932861328,8.557865142822266
L,11,4,2023-05-12,2023-06-09,2.0,4.6744537353515625,1.354888916015625,9.890426635742188
L,11,4,2023-05-19,2023-06-16,3.0,6.859907627105713,3.5403428077697754,12.07588005065918
L,11,4,2023-05-26,2023-06-23,2.0,5.348829746246338,2.0292649269104004,10.564802169799805
L,11,4,2023-06-02,2023-06-30,2.0,5.889224052429199,2.5696592330932617,11.105196952819824
L,11,4,2023-06-09,2023-07-07,4.0,5.763238906860352,2.443674087524414,10.979211807250977
L,11,4,2023-06-16,2023-07-14,2.0,5.8376054763793945,2.518040657043457,11.05357837677002
L,11,4,2023-06-23,2023-07-21,5.0,7.395698070526123,4.0761332511901855,12.611671447753906
L,11,4,2023-06-30,2023-07-28,0.0,8.236902236938477,4.376994609832764,13.452875137329102
L,11,4,2023-07-07,2023-08-04,4.0,8.762373924255371,4.902466297149658,13.978346824645996
L,11,4,2023-07-14,2023-08-11,7.0,6.607148170471191,2.717924118041992,11.823121070861816
L,11,4,2023-07-21,2023-08-18,6.0,6.884568214416504,2.9953441619873047,12.100541114807129
L,11,4,2023-07-28,2023-08-25,3.0,6.036839008331299,2.1476149559020996,11.252811431884766
L,11,4,2023-08-04,2023-09-01,5.0,4.611578941345215,0.7223548889160156,9.79777717590332
L,11,4,2023-08-11,2023-09-08,3.0,3.5280613899230957,0.0,8.71426010131836
L,11,4,2023-08-18,2023-09-15,7.0,2.773353099822998,0.0,7.9595513343811035
L,11,4,2023-08-25,2023-09-22,2.0,3.2910354137420654,0.0,8.47723388671875
L,11,4,2023-09-01,2023-09-29,1.0,4.701935768127441,0.0,9.888134002685547
L,11,4,2023-09-08,2023-10-06,7.0,4.166152477264404,0.0,9.352350234985352
L,11,4,2023-09-15,2023-10-13,8.0,5.360459327697754,0.0,10.54665756225586
L,11,4,2023-09-22,2023-10-20,4.0,5.84637975692749,0.0,11.032577514648438
L,11,4,2023-09-29,2023-10-27,3.0,4.840060710906982,0.0,9.066707611083984
L,11,4,2023-10-06,2023-11-03,8.0,4.366978645324707,0.0,8.593626022338867
L,11,4,2023-10-13,2023-11-10,5.0,3.913179397583008,0.0,8.139825820922852
L,11,4,2023-10-20,2023-11-17,5.0,3.350738525390625,0.0,7.577385425567627
L,11,4,2023-10-27,2023-11-24,4.0,2.817847728729248,0.0,7.04449462890625
L,11,4,2023-11-03,2023-12-01,6.0,3.0222837924957275,0.0,7.248930931091309
L,11,4,2023-11-10,2023-12-08,3.0,3.053807258605957,0.0,7.280454158782959
L,11,4,2023-11-17,2023-12-15,1.0,2.7500226497650146,0.0,6.9766693115234375
L,11,4,2023-11-24,2023-12-22,2.0,2.4697046279907227,0.0,6.696351528167725
L,11,4,2023-12-01,2023-12-29,7.0,2.500807285308838,0.0,6.72745418548584
L,11,4,2023-12-08,2024-01-05,3.0,2.869518280029297,0.0,7.096165180206299
L,11,4,2023-12-15,2024-01-12,3.0,2.6957345008850098,0.0,6.922381401062012
L,11,4,2023-12-22,2024-01-19,8.0,2.54622483253479,0.0,6.772871971130371
L,11,4,2023-12-29,2024-01-26,1.0,3.623015880584717,0.0,7.849662780761719
L,11,4,2024-01-05,2024-02-02,3.0,3.084272623062134,0.0,7.310919761657715
L,11,4,2024-01-12,2024-02-09,3.0,2.0763070583343506,0.0,6.575499534606934
L,11,4,2024-01-19,2024-02-16,3.0,1.9444589614868164,0.0,6.4436516761779785
L,11,4,2024-01-26,2024-02-23,6.0,1.628501534461975,0.0,6.127694129943848
L,11,4,2024-02-02,2024-03-01,2.0,1.7989253997802734,0.0,7.2527008056640625
L,11,4,2024-02-09,2024-03-08,2.0,1.4395818710327148,0.0,6.893357276916504
L,11,4,2024-02-16,2024-03-15,2.0,1.0727823972702026,0.0,6.526557922363281
L,11,4,2024-02-23,2024-03-22,0.0,0.9755343198776245,0.0,6.429309844970703
L,11,4,2024-03-01,2024-03-29,1.0,1.1951667070388794,0.0,6.648941993713379
L,11,4,2024-03-08,2024-04-05,1.0,1.2451673746109009,0.0,6.6989426612854
L,11,4,2024-03-15,2024-04-12,1.0,1.2175006866455078,0.0,6.671276092529297
L,11,4,2024-03-22,2024-04-19,2.0,1.2183564901351929,0.0,6.6721320152282715
L,11,4,2024-03-29,2024-04-26,1.0,1.1156315803527832,0.0,6.569406986236572
L,11,4,2024-04-05,2024-05-03,0.0,0.9326158761978149,0.0,6.3863911628723145
L,11,4,2024-04-12,2024-05-10,0.0,1.0576014518737793,0.0,6.511376857757568
L,11,4,2024-04-19,2024-05-17,0.0,0.8058691024780273,0.0,6.259644508361816
L,11,4,2024-04-26,2024-05-24,2.0,0.4132656157016754,0.0,5.867041110992432
L,11,4,2024-05-03,2024-05-31,2.0,0.5325590372085571,0.0,5.986334323883057
L,11,4,2024-05-10,2024-06-07,2.0,0.6813894510269165,0.0,6.135164737701416
L,11,4,2024-05-17,2024-06-14,0.0,0.9354450702667236,0.0,6.389220237731934
L,11,4,2024-05-24,2024-06-21,1.0,0.892844557762146,0.0,6.346620082855225
L,11,4,2024-05-31,2024-06-28,0.0,1.688599944114685,0.0,7.142375469207764
L,11,4,2024-06-07,2024-07-05,2.0,2.205770492553711,0.0,7.6595458984375
L,11,4,2024-06-14,2024-07-12,2.0,2.941290855407715,0.0,8.395066261291504
L,11,4,2024-06-21,2024-07-19,3.0,3.479480743408203,0.0,8.933256149291992
L,11,4,2024-06-28,2024-07-26,5.0,4.426268577575684,0.0,9.880043983459473
L,11,4,2024-07-05,2024-08-02,5.0,5.683793067932129,0.0,11.137568473815918
L,11,4,2024-07-12,2024-08-09,3.0,5.842433929443359,0.0,11.296209335327148
L,11,4,2024-07-19,2024-08-16,4.0,5.233850479125977,0.0,10.687625885009766
L,11,4,2024-07-26,2024-08-23,3.0,5.522923469543457,0.0,10.976698875427246
L,11,4,2024-08-02,2024-08-30,4.0,6.301142692565918,0.0,11.754918098449707
L,11,4,2024-08-09,2024-09-06,6.0,6.855957984924316,2.0935840606689453,12.309733390808105
L,11,4,2024-08-16,2024-09-13,12.0,8.074987411499023,4.373051643371582,13.528762817382812
L,11,4,2024-08-23,2024-09-20,4.0,9.956137657165527,6.254201889038086,15.409913063049316
L,11,4,2024-08-30,2024-09-27,1.0,9.468811988830566,5.766876220703125,14.922587394714355
L,11,4,2024-09-06,2024-10-04,4.0,8.856244087219238,5.154308319091797,14.310019493103027
L,11,4,2024-09-13,2024-10-11,10.0,10.117461204528809,6.415525436401367,15.571236610412598
L,11,4,2024-09-20,2024-10-18,4.0,9.094337463378906,5.392401695251465,14.548112869262695
L,11,4,2024-09-27,2024-10-25,5.0,6.971096038818359,3.269160270690918,12.424871444702148
L,11,4,2024-10-04,2024-11-01,10.0,5.689586639404297,0.0,11.143362045288086
L,11,4,2024-10-11,2024-11-08,6.0,5.054495811462402,0.0,10.508271217346191
L,11,4,2024-10-18,2024-11-15,8.0,3.7476372718811035,0.0,9.201412200927734
L,11,4,2024-10-25,2024-11-22,15.0,2.9564108848571777,0.0,8.410186767578125
L,11,4,2024-11-01,2024-11-29,7.0,3.69205379486084,0.0,9.145829200744629
L,11,4,2024-11-08,2024-12-06,12.0,5.467512130737305,0.0,10.921287536621094
L,11,4,2024-11-15,2024-12-13,12.0,6.03439998626709,0.0,11.488175392150879
L,11,4,2024-11-22,2024-12-20,16.0,4.060380458831787,0.0,9.514156341552734
L,11,4,2024-11-29,2024-12-27,5.0,6.543079853057861,0.0,11.996854782104492
L,11,4,2024-12-06,2025-01-03,8.0,6.6044182777404785,0.0,18.648006439208984
L,11,4,2024-12-13,2025-01-10,9.0,6.213043212890625,0.0,18.25663185119629
L,11,4,2024-12-20,2025-01-17,14.0,7.131465911865234,0.0,19.1750545501709
L,11,4,2024-12-27,2025-01-24,6.0,8.226767539978027,0.0,20.270355224609375
L,11,4,2025-01-03,2025-01-31,13.0,7.688148498535156,0.0,19.73173713684082
L,11,4,2025-01-10,2025-02-07,9.0,7.326308727264404,0.0,19.369897842407227
L,11,4,2025-01-17,2025-02-14,29.0,8.097719192504883,0.0,20.141307830810547
L,11,4,2025-01-24,2025-02-21,10.0,7.582635879516602,0.0,19.626224517822266
L,11,4,2025-01-31,2025-02-28,12.0,8.344754219055176,0.0,20.388343811035156
L,11,4,2025-02-07,2025-03-07,8.0,9.076323509216309,0.6075115203857422,21.119911193847656
L,11,4,2025-02-14,2025-03-14,7.0,10.47392749786377,2.005115509033203,22.51751708984375
L,11,4,2025-02-21,2025-03-21,7.0,9.724638938903809,1.2558269500732422,21.768226623535156
L,11,4,2025-02-28,2025-03-28,7.0,10.280024528503418,1.8112125396728516,31.18230438232422
L,11,4,2025-03-07,2025-04-04,9.0,9.576300621032715,1.1074886322021484,30.478580474853516
L,11,4,2025-03-14,2025-04-11,8.0,7.447892189025879,0.0,28.350173950195312
L,11,4,2025-03-21,2025-04-18,4.0,6.444642066955566,0.0,27.346923828125
L,11,4,2025-03-28,2025-04-25,4.0,5.983224868774414,0.0,26.88550567626953
L,11,4,2025-04-04,2025-05-02,2.0,6.677008628845215,0.0,27.579288482666016
L,11,4,2025-04-11,2025-05-09,3.0,8.60557746887207,0.1367654800415039,29.507858276367188
L,11,4,2025-04-18,2025-05-16,5.0,7.592739105224609,0.0,28.495019912719727
L,11,4,2025-04-25,2025-05-23,1.0,6.166730880737305,0.0,27.069011688232422
L,11,4,2025-05-02,2025-05-30,2.0,5.974762916564941,0.0,26.877044677734375
L,11,4,2025-05-09,2025-06-06,6.0,6.08302640914917,0.0,26.985307693481445
L,11,4,2025-05-16,2025-06-13,4.0,5.5918426513671875,0.0,26.494123458862305
L,11,4,2025-05-23,2025-06-20,1.0,3.667689800262451,0.0,24.569971084594727
L,11,4,2025-05-30,2025-06-27,3.0,2.9986586570739746,0.0,23.90093994140625
L,11,4,2025-06-06,2025-07-04,8.0,3.811030864715576,0.0,24.71331214904785
L,11,4,2025-06-13,2025-07-11,7.0,5.884342193603516,0.0,26.786623001098633
L,11,4,2025-06-20,2025-07-18,12.0,6.176257133483887,0.0,27.078536987304688
L,11,4,2025-06-27,2025-07-25,11.0,7.108599662780762,0.0,28.010879516601562
L,11,4,2025-07-04,2025-08-01,11.0,10.141791343688965,1.6729793548583984,31.044071197509766
L,11,4,2025-07-11,2025-08-08,14.0,15.147428512573242,6.678616523742676,36.04970932006836
L,11,4,2025-07-18,2025-08-15,12.0,18.42228126525879,9.953469276428223,39.324562072753906
L,11,4,2025-07-25,2025-08-22,10.0,13.728072166442871,5.259260177612305,34.63035202026367
L,11,4,2025-08-01,2025-08-29,8.0,9.414549827575684,0.9457378387451172,30.316829681396484
L,11,4,2025-08-08,2025-09-05,,8.257280349731445,0.0,29.159561157226562
L,11,4,2025-08-15,2025-09-12,,7.744308948516846,0.0,28.646589279174805
L,11,4,2025-08-22,2025-09-19,,7.102039337158203,0.0,28.00432014465332
L,11,8,2023-02-17,2023-04-14,1.0,1.4387564659118652,0.0,8.05527114868164
L,11,8,2023-02-24,2023-04-21,0.0,1.2614970207214355,0.0,7.878011226654053
L,11,8,2023-03-03,2023-04-28,1.0,1.192480206489563,0.0,7.808994293212891
L,11,8,2023-03-10,2023-05-05,1.0,1.2300935983657837,0.0,7.846607685089111
L,11,8,2023-03-17,2023-05-12,0.0,1.4130972623825073,0.0,8.029611587524414
L,11,8,2023-03-24,2023-05-19,3.0,1.9813517332077026,0.0,8.59786605834961
L,11,8,2023-03-31,2023-05-26,4.0,2.4364635944366455,0.0,9.052977561950684
L,11,8,2023-04-07,2023-06-02,5.0,2.877995014190674,0.0,9.494508743286133
L,11,8,2023-04-14,2023-06-09,2.0,2.8567895889282227,0.0,9.47330379486084
L,11,8,2023-04-21,2023-06-16,3.0,4.347718715667725,0.0350499153137207,10.9642333984375
L,11,8,2023-04-28,2023-06-23,2.0,4.891617774963379,0.578948974609375,11.508131980895996
L,11,8,2023-05-05,2023-06-30,2.0,7.23781681060791,2.9251480102539062,13.854331016540527
L,11,8,2023-05-12,2023-07-07,4.0,9.515063285827637,5.202394485473633,16.131576538085938
L,11,8,2023-05-19,2023-07-14,2.0,12.213794708251953,7.901125907897949,18.83030891418457
L,11,8,2023-05-26,2023-07-21,5.0,10.163346290588379,5.850677490234375,16.779861450195312
L,11,8,2023-06-02,2023-07-28,0.0,11.2061767578125,6.893507957458496,17.822690963745117
L,11,8,2023-06-09,2023-08-04,4.0,11.066431045532227,6.753762245178223,17.682945251464844
L,11,8,2023-06-16,2023-08-11,7.0,13.3099946975708,8.997325897216797,19.926509857177734
L,11,8,2023-06-23,2023-08-18,6.0,20.525806427001953,16.213138580322266,27.14232063293457
L,11,8,2023-06-30,2023-08-25,3.0,22.30793571472168,17.99526596069336,28.924449920654297
L,11,8,2023-07-07,2023-09-01,5.0,17.900854110717773,13.58818531036377,24.51736831665039
L,11,8,2023-07-14,2023-09-08,3.0,13.267721176147461,8.02990436553955,19.884235382080078
L,11,8,2023-07-21,2023-09-15,7.0,14.6627779006958,9.147714614868164,21.279293060302734
L,11,8,2023-07-28,2023-09-22,2.0,10.51425838470459,0.3004636764526367,17.13077163696289
L,11,8,2023-08-04,2023-09-29,1.0,6.288084030151367,0.0,10.82060432434082
L,11,8,2023-08-11,2023-10-06,7.0,4.529313087463379,0.0,9.061833381652832
L,11,8,2023-08-18,2023-10-13,8.0,4.067393779754639,0.0,8.59991455078125
L,11,8,2023-08-25,2023-10-20,4.0,3.6773688793182373,0.0,8.20988941192627
L,11,8,2023-09-01,2023-10-27,3.0,3.9896631240844727,0.0,8.522183418273926
L,11,8,2023-09-08,2023-11-03,8.0,3.9704067707061768,0.0,7.569954872131348
L,11,8,2023-09-15,2023-11-10,5.0,5.088255405426025,0.0,8.687803268432617
L,11,8,2023-09-22,2023-11-17,5.0,5.16359806060791,0.0,8.76314640045166
L,11,8,2023-09-29,2023-11-24,4.0,4.809660911560059,0.0,8.409209251403809
L,11,8,2023-10-06,2023-12-01,6.0,4.344698905944824,0.0,7.944247245788574
L,11,8,2023-10-13,2023-12-08,3.0,4.309270858764648,0.0,7.908819198608398
L,11,8,2023-10-20,2023-12-15,1.0,3.3838796615600586,0.0,6.983428001403809
L,11,8,2023-10-27,2023-12-22,2.0,3.150895595550537,0.0,7.083501815795898
L,11,8,2023-11-03,2023-12-29,7.0,3.7367351055145264,0.0,7.669341087341309
L,11,8,2023-11-10,2024-01-05,3.0,3.7605767250061035,0.0,7.693182945251465
L,11,8,2023-11-17,2024-01-12,3.0,3.3750970363616943,0.0,7.404690742492676
L,11,8,2023-11-24,2024-01-19,8.0,3.1209044456481934,0.0,7.150497913360596
L,11,8,2023-12-01,2024-01-26,1.0,3.282738208770752,0.0,7.312331676483154
L,11,8,2023-12-08,2024-02-02,3.0,3.783053159713745,0.0,7.812646865844727
L,11,8,2023-12-15,2024-02-09,3.0,3.4377987384796143,0.0,7.4673919677734375
L,11,8,2023-12-22,2024-02-16,3.0,2.831681251525879,0.0,6.861274719238281
L,11,8,2023-12-29,2024-02-23,6.0,3.878410816192627,0.0,7.908004283905029
L,11,8,2024-01-05,2024-03-01,2.0,2.9633781909942627,0.0,6.992971420288086
L,11,8,2024-01-12,2024-03-08,2.0,1.8906874656677246,0.0,5.920280933380127
L,11,8,2024-01-19,2024-03-15,2.0,1.772766351699829,0.0,5.802359580993652
L,11,8,2024-01-26,2024-03-22,0.0,1.417633295059204,0.0,5.447226524353027
L,11,8,2024-02-02,2024-03-29,1.0,1.601787805557251,0.0,6.480883598327637
L,11,8,2024-02-09,2024-04-05,1.0,1.4445863962173462,0.0,6.323681831359863
L,11,8,2024-02-16,2024-04-12,1.0,1.358435034751892,0.0,6.237530708312988
L,11,8,2024-02-23,2024-04-19,2.0,1.3838870525360107,0.0,6.262982368469238
L,11,8,2024-03-01,2024-04-26,1.0,1.8198134899139404,0.0,6.698908805847168
L,11,8,2024-03-08,2024-05-03,0.0,1.9536356925964355,0.0,6.832731246948242
L,11,8,2024-03-15,2024-05-10,0.0,2.0029730796813965,0.0,6.882068634033203
L,11,8,2024-03-22,2024-05-17,0.0,2.165919780731201,0.0,7.045015335083008
L,11,8,2024-03-29,2024-05-24,2.0,2.1323330402374268,0.0,7.0114288330078125
L,11,8,2024-04-05,2024-05-31,2.0,1.98115074634552,0.0,6.860246181488037
L,11,8,2024-04-12,2024-06-07,2.0,2.219834566116333,0.0,7.098930358886719
L,11,8,2024-04-19,2024-06-14,0.0,1.8718197345733643,0.0,6.75091552734375
L,11,8,2024-04-26,2024-06-21,1.0,1.4148073196411133,0.0,6.29390287399292
L,11,8,2024-05-03,2024-06-28,0.0,1.6909780502319336,0.0,6.57007360458374
L,11,8,2024-05-10,2024-07-05,2.0,1.9852548837661743,0.0,6.864350318908691
L,11,8,2024-05-17,2024-07-12,2.0,2.4522624015808105,0.0,7.331357955932617
L,11,8,2024-05-24,2024-07-19,3.0,2.3158648014068604,0.0,7.194960594177246
L,11,8,2024-05-31,2024-07-26,5.0,3.5177228450775146,0.0,8.396818161010742
L,11,8,2024-06-07,2024-08-02,5.0,3.831312656402588,0.0,8.710408210754395
L,11,8,2024-06-14,2024-08-09,3.0,4.242763042449951,0.0,9.121858596801758
L,11,8,2024-06-21,2024-08-16,4.0,4.860797882080078,0.0,9.739892959594727
L,11,8,2024-06-28,2024-08-23,3.0,6.223086833953857,0.0,11.102182388305664
L,11,8,2024-07-05,2024-08-30,4.0,7.629924297332764,0.0,12.50901985168457
L,11,8,2024-07-12,2024-09-06,6.0,7.9422407150268555,0.0,12.82133674621582
L,11,8,2024-07-19,2024-09-13,12.0,7.656848907470703,0.0,12.535943984985352
L,11,8,2024-07-26,2024-09-20,4.0,9.001856803894043,0.0,13.880952835083008
L,11,8,2024-08-02,2024-09-27,1.0,9.979471206665039,0.0,14.858566284179688
L,11,8,2024-08-09,2024-10-04,4.0,9.653042793273926,0.0,14.53213882446289
L,11,8,2024-08-16,2024-10-11,10.0,10.367298126220703,0.0,15.246393203735352
L,11,8,2024-08-23,2024-10-18,4.0,10.168439865112305,0.0,15.047534942626953
L,11,8,2024-08-30,2024-10-25,5.0,8.710883140563965,0.0,13.58997917175293
L,11,8,2024-09-06,2024-11-01,10.0,7.3958611488342285,0.0,12.274956703186035
L,11,8,2024-09-13,2024-11-08,6.0,8.769007682800293,0.0,13.648103713989258
L,11,8,2024-09-20,2024-11-15,8.0,8.892714500427246,0.37845611572265625,13.771810531616211
L,11,8,2024-09-27,2024-11-22,15.0,7.304048538208008,0.0,12.183143615722656
L,11,8,2024-10-04,2024-11-29,7.0,5.5642409324646,0.2761569023132324,10.443336486816406
L,11,8,2024-10-11,2024-12-06,12.0,5.695098400115967,0.0,10.574193954467773
L,11,8,2024-10-18,2024-12-13,12.0,4.777538776397705,0.0,9.656634330749512
L,11,8,2024-10-25,2024-12-20,16.0,3.669445037841797,0.0,8.548540115356445
L,11,8,2024-11-01,2024-12-27,5.0,4.72219181060791,0.0,9.601287841796875
L,11,8,2024-11-08,2025-01-03,8.0,6.55941104888916,0.0,11.438507080078125
L,11,8,2024-11-15,2025-01-10,9.0,7.777181625366211,0.0,12.65627670288086
L,11,8,2024-11-22,2025-01-17,14.0,5.649979591369629,0.0,10.529075622558594
L,11,8,2024-11-29,2025-01-24,6.0,8.180459022521973,0.0,13.059555053710938
L,11,8,2024-12-06,2025-01-31,13.0,6.426565647125244,0.0,14.122516632080078
L,11,8,2024-12-13,2025-02-07,9.0,5.953571319580078,0.0,13.64952278137207
L,11,8,2024-12-20,2025-02-14,29.0,6.54237174987793,0.0,14.238323211669922
L,11,8,2024-12-27,2025-02-21,10.0,7.28951358795166,0.0,14.985465049743652
L,11,8,2025-01-03,2025-02-28,12.0,6.484315872192383,0.0,18.814870834350586
L,11,8,2025-01-10,2025-03-07,8.0,5.940523147583008,0.0,18.27107810974121
L,11,8,2025-01-17,2025-03-14,7.0,6.62043571472168,0.0,18.950990676879883
L,11,8,2025-01-24,2025-03-21,7.0,6.072829246520996,0.0,18.403385162353516
L,11,8,2025-01-31,2025-03-28,7.0,6.712849140167236,0.0,19.04340362548828
L,11,8,2025-02-07,2025-04-04,9.0,7.110854148864746,0.0,19.441410064697266
L,11,8,2025-02-14,2025-04-11,8.0,8.073409080505371,0.0,20.40396499633789
L,11,8,2025-02-21,2025-04-18,4.0,7.688570976257324,0.0,20.019126892089844
L,11,8,2025-02-28,2025-04-25,4.0,9.069145202636719,0.08967399597167969,31.52677345275879
L,11,8,2025-03-07,2025-05-02,2.0,8.60559368133545,0.0,31.063220977783203
L,11,8,2025-03-14,2025-05-09,3.0,7.579496383666992,0.0,30.037124633789062
L,11,8,2025-03-21,2025-05-16,5.0,7.432196140289307,0.0,29.88982391357422
L,11,8,2025-03-28,2025-05-23,1.0,8.444483757019043,0.0,30.902111053466797
L,11,8,2025-04-04,2025-05-30,2.0,10.493083000183105,1.5136117935180664,32.95071029663086
L,11,8,2025-04-11,2025-06-06,6.0,15.255807876586914,6.276336669921875,37.713436126708984
L,11,8,2025-04-18,2025-06-13,4.0,14.874791145324707,5.895319938659668,37.332420349121094
L,11,8,2025-04-25,2025-06-20,1.0,13.022382736206055,4.042911529541016,35.480010986328125
L,11,8,2025-05-02,2025-06-27,3.0,12.672670364379883,3.6931991577148438,35.13029861450195
L,11,8,2025-05-09,2025-07-04,8.0,13.020525932312012,4.041054725646973,35.478153228759766
L,11,8,2025-05-16,2025-07-11,7.0,12.368879318237305,3.3894081115722656,34.826507568359375
L,11,8,2025-05-23,2025-07-18,12.0,8.707505226135254,0.0,31.16513442993164
L,11,8,2025-05-30,2025-07-25,11.0,6.829768657684326,0.0,29.287397384643555
L,11,8,2025-06-06,2025-08-01,11.0,8.53130054473877,0.0,30.988929748535156
L,11,8,2025-06-13,2025-08-08,14.0,11.553366661071777,2.5738954544067383,34.01099395751953
L,11,8,2025-06-20,2025-08-15,12.0,10.711491584777832,1.455683708190918,33.16912078857422
L,11,8,2025-06-27,2025-08-22,10.0,10.631043434143066,0.0,33.08867263793945
L,11,8,2025-07-04,2025-08-29,8.0,10.986598014831543,0.0,33.4442253112793
L,11,8,2025-07-11,2025-09-05,,12.731136322021484,0.7087535858154297,35.18876647949219
L,11,8,2025-07-18,2025-09-12,,12.814736366271973,0.792353630065918,35.27236557006836
L,11,8,2025-07-25,2025-09-19,,8.277721405029297,0.0,30.735349655151367
L,11,8,2025-08-01,2025-09-26,,5.166836738586426,0.0,27.624465942382812
L,11,8,2025-08-08,2025-10-03,,4.124435901641846,0.0,26.582063674926758
L,11,8,2025-08-15,2025-10-10,,3.7817463874816895,0.0,26.2393741607666
L,11,8,2025-08-22,2025-10-17,,3.7825653553009033,0.0,26.24019432067871
L,11,12,2023-02-17,2023-05-12,0.0,2.0266101360321045,0.0,8.3355712890625
L,11,12,2023-02-24,2023-05-19,3.0,1.9740837812423706,0.0,8.283044815063477
L,11,12,2023-03-03,2023-05-26,4.0,1.9753215312957764,0.0,8.284282684326172
L,11,12,2023-03-10,2023-06-02,5.0,2.124507188796997,0.0,8.43346881866455
L,11,12,2023-03-17,2023-06-09,2.0,2.388754367828369,0.0,8.697715759277344
L,11,12,2023-03-24,2023-06-16,3.0,3.2767865657806396,0.0,9.585747718811035
L,11,12,2023-03-31,2023-06-23,2.0,4.167934894561768,0.0,10.476896286010742
L,11,12,2023-04-07,2023-06-30,2.0,5.067302703857422,0.0,11.376264572143555
L,11,12,2023-04-14,2023-07-07,4.0,5.31097412109375,0.0,11.619935989379883
L,11,12,2023-04-21,2023-07-14,2.0,8.325722694396973,0.6331448554992676,14.634683609008789
L,11,12,2023-04-28,2023-07-21,5.0,9.533201217651367,1.840623378753662,15.8421630859375
L,11,12,2023-05-05,2023-07-28,0.0,15.339022636413574,7.646444797515869,21.64798355102539
L,11,12,2023-05-12,2023-08-04,4.0,23.453693389892578,15.761116027832031,29.76265525817871
L,11,12,2023-05-19,2023-08-11,7.0,27.462810516357422,19.770233154296875,33.77177047729492
L,11,12,2023-05-26,2023-08-18,6.0,20.49125862121582,12.798681259155273,26.800220489501953
L,11,12,2023-06-02,2023-08-25,3.0,17.50578498840332,9.813207626342773,23.814746856689453
L,11,12,2023-06-09,2023-09-01,5.0,15.912389755249023,8.219812393188477,22.221351623535156
L,11,12,2023-06-16,2023-09-08,3.0,15.512771606445312,7.820193767547607,21.821733474731445
L,11,12,2023-06-23,2023-09-15,7.0,15.625518798828125,7.93294095993042,21.934480667114258
L,11,12,2023-06-30,2023-09-22,2.0,17.622045516967773,9.929468154907227,23.931007385253906
L,11,12,2023-07-07,2023-09-29,1.0,16.607398986816406,8.91482162475586,22.91636085510254
L,11,12,2023-07-14,2023-10-06,7.0,19.992982864379883,12.300405502319336,26.301944732666016
L,11,12,2023-07-21,2023-10-13,8.0,14.347416877746582,6.654839038848877,20.6563777923584
L,11,12,2023-07-28,2023-10-20,4.0,8.832449913024902,1.1398720741271973,15.141410827636719
L,11,12,2023-08-04,2023-10-27,3.0,5.372179985046387,0.0,11.681140899658203
L,11,12,2023-08-11,2023-11-03,8.0,4.03521203994751,0.0,10.344173431396484
L,11,12,2023-08-18,2023-11-10,5.0,4.082095146179199,0.0,10.391056060791016
L,11,12,2023-08-25,2023-11-17,5.0,3.3155269622802734,0.0,9.624488830566406
L,11,12,2023-09-01,2023-11-24,4.0,2.9668281078338623,0.0,9.275789260864258
L,11,12,2023-09-08,2023-12-01,6.0,3.5471200942993164,0.0,6.422613143920898
L,11,12,2023-09-15,2023-12-08,3.0,4.630425453186035,0.0,7.505918502807617
L,11,12,2023-09-22,2023-12-15,1.0,4.615418434143066,0.0,7.490911483764648
L,11,12,2023-09-29,2023-12-22,2.0,5.089324951171875,0.0,7.964818000793457
L,11,12,2023-10-06,2023-12-29,7.0,5.180102348327637,0.0,8.055595397949219
L,11,12,2023-10-13,2024-01-05,3.0,5.770659446716309,0.0,8.64615249633789
L,11,12,2023-10-20,2024-01-12,3.0,4.4086151123046875,0.0,7.2841081619262695
L,11,12,2023-10-27,2024-01-19,8.0,4.606493949890137,0.0,7.481986999511719
L,11,12,2023-11-03,2024-01-26,1.0,5.93588399887085,0.0,8.811376571655273
L,11,12,2023-11-10,2024-02-02,3.0,6.116086959838867,0.0,8.99158000946045
L,11,12,2023-11-17,2024-02-09,3.0,5.4202470779418945,0.0,9.385034561157227
L,11,12,2023-11-24,2024-02-16,3.0,5.082843780517578,0.0,9.047632217407227
L,11,12,2023-12-01,2024-02-23,6.0,5.366463661193848,0.0,9.33125114440918
L,11,12,2023-12-08,2024-03-01,2.0,6.030631065368652,0.0,9.995418548583984
L,11,12,2023-12-15,2024-03-08,2.0,5.535769939422607,0.0,9.500557899475098
L,11,12,2023-12-22,2024-03-15,2.0,4.247287273406982,0.0,8.212075233459473
L,11,12,2023-12-29,2024-03-22,0.0,5.692111492156982,0.0,9.656899452209473
L,11,12,2024-01-05,2024-03-29,1.0,4.089696407318115,0.0,8.054484367370605
L,11,12,2024-01-12,2024-04-05,1.0,2.730104923248291,0.0,6.694892883300781
L,11,12,2024-01-19,2024-04-12,1.0,2.6176273822784424,0.0,6.582415580749512
L,11,12,2024-01-26,2024-04-19,2.0,2.2021408081054688,0.0,6.166928768157959
L,11,12,2024-02-02,2024-04-26,1.0,2.4589383602142334,0.0,6.4237260818481445
L,11,12,2024-02-09,2024-05-03,0.0,2.3910202980041504,0.0,6.355808258056641
L,11,12,2024-02-16,2024-05-10,0.0,2.4408676624298096,0.0,6.405655860900879
L,11,12,2024-02-23,2024-05-17,0.0,2.557300567626953,0.0,6.522088527679443
L,11,12,2024-03-01,2024-05-24,2.0,3.2945406436920166,0.0,7.259328842163086
L,11,12,2024-03-08,2024-05-31,2.0,3.528599739074707,0.0,7.493387699127197
L,11,12,2024-03-15,2024-06-07,2.0,3.648311138153076,0.0,7.613099098205566
L,11,12,2024-03-22,2024-06-14,0.0,3.976156234741211,0.0,7.940944194793701
L,11,12,2024-03-29,2024-06-21,1.0,3.947377920150757,0.0,7.912165641784668
L,11,12,2024-04-05,2024-06-28,0.0,3.7496767044067383,0.0,7.7144646644592285
L,11,12,2024-04-12,2024-07-05,2.0,4.14621114730835,0.0,8.11099910736084
L,11,12,2024-04-19,2024-07-12,2.0,3.5948235988616943,0.0,7.5596113204956055
L,11,12,2024-04-26,2024-07-19,3.0,2.8832101821899414,0.0,6.847998142242432
L,11,12,2024-05-03,2024-07-26,5.0,3.3749990463256836,0.0,7.339787006378174
L,11,12,2024-05-10,2024-08-02,5.0,3.9288296699523926,0.0,7.893617630004883
L,11,12,2024-05-17,2024-08-09,3.0,4.919434547424316,0.0,8.884222030639648
L,11,12,2024-05-24,2024-08-16,4.0,4.550096035003662,0.0,8.514883995056152
L,11,12,2024-05-31,2024-08-23,3.0,6.560742378234863,0.0,10.525529861450195
L,11,12,2024-06-07,2024-08-30,4.0,6.823925971984863,0.0,10.788713455200195
L,11,12,2024-06-14,2024-09-06,6.0,7.212322235107422,0.0,11.17711067199707
L,11,12,2024-06-21,2024-09-13,12.0,8.074116706848145,0.0,12.038904190063477
L,11,12,2024-06-28,2024-09-20,4.0,10.011902809143066,0.0,13.976690292358398
L,11,12,2024-07-05,2024-09-27,1.0,10.771927833557129,0.0,14.736715316772461
L,11,12,2024-07-12,2024-10-04,4.0,11.77761173248291,0.0,15.742399215698242
L,11,12,2024-07-19,2024-10-11,10.0,10.634756088256836,0.0,14.599544525146484
L,11,12,2024-07-26,2024-10-18,4.0,8.615912437438965,0.0,12.580699920654297
L,11,12,2024-08-02,2024-10-25,5.0,6.590350151062012,0.0,10.555137634277344
L,11,12,2024-08-09,2024-11-01,10.0,5.723726272583008,0.0,9.688514709472656
L,11,12,2024-08-16,2024-11-08,6.0,6.143479824066162,0.0,10.108267784118652
L,11,12,2024-08-23,2024-11-15,8.0,5.665028095245361,0.0,9.629816055297852
L,11,12,2024-08-30,2024-11-22,15.0,4.809841632843018,0.0,8.774629592895508
L,11,12,2024-09-06,2024-11-29,7.0,4.379835605621338,0.0,8.344623565673828
L,11,12,2024-09-13,2024-12-06,12.0,4.676375389099121,0.0,8.641162872314453
L,11,12,2024-09-20,2024-12-13,12.0,5.5580267906188965,0.0,9.522814750671387
L,11,12,2024-09-27,2024-12-20,16.0,5.421571254730225,0.0,9.386359214782715
L,11,12,2024-10-04,2024-12-27,5.0,4.096023082733154,0.0,8.060811042785645
L,11,12,2024-10-11,2025-01-03,8.0,4.9444427490234375,0.0,8.909231185913086
L,11,12,2024-10-18,2025-01-10,9.0,5.228257179260254,0.0,9.193044662475586
L,11,12,2024-10-25,2025-01-17,14.0,4.242297649383545,0.0,8.207085609436035
L,11,12,2024-11-01,2025-01-24,6.0,5.37757682800293,0.0,9.342365264892578
L,11,12,2024-11-08,2025-01-31,13.0,7.536031246185303,0.0,11.500819206237793
L,11,12,2024-11-15,2025-02-07,9.0,9.105240821838379,0.0,13.381514549255371
L,11,12,2024-11-22,2025-02-14,29.0,7.935821056365967,0.0,12.212095260620117
L,11,12,2024-11-29,2025-02-21,10.0,9.821503639221191,0.0495758056640625,14.097777366638184
L,11,12,2024-12-06,2025-02-28,12.0,6.921471118927002,0.0,17.111629486083984
L,11,12,2024-12-13,2025-03-07,8.0,6.4991302490234375,0.0,16.689289093017578
L,11,12,2024-12-20,2025-03-14,7.0,6.433389663696289,0.0,16.62354850769043
L,11,12,2024-12-27,2025-03-21,7.0,6.765597343444824,0.0,16.95575714111328
L,11,12,2025-01-03,2025-03-28,7.0,6.273802757263184,0.0,16.852230072021484
L,11,12,2025-01-10,2025-04-04,9.0,5.474997043609619,0.0,16.053424835205078
L,11,12,2025-01-17,2025-04-11,8.0,5.93695068359375,0.0,16.515378952026367
L,11,12,2025-01-24,2025-04-18,4.0,5.559950828552246,0.0,16.138378143310547
L,11,12,2025-01-31,2025-04-25,4.0,6.05525016784668,0.0,16.633678436279297
L,11,12,2025-02-07,2025-05-02,2.0,6.050164222717285,0.0,16.62859344482422
L,11,12,2025-02-14,2025-05-09,3.0,7.014325141906738,0.0,17.592754364013672
L,11,12,2025-02-21,2025-05-16,5.0,7.069803714752197,0.0,17.648231506347656
L,11,12,2025-02-28,2025-05-23,1.0,9.264081001281738,0.0,30.328258514404297
L,11,12,2025-03-07,2025-05-30,2.0,8.8341064453125,0.0,29.898284912109375
L,11,12,2025-03-14,2025-06-06,6.0,9.510844230651855,0.0,30.575023651123047
L,11,12,2025-03-21,2025-06-13,4.0,9.934008598327637,0.1620807647705078,30.998188018798828
L,11,12,2025-03-28,2025-06-20,1.0,14.51566219329834,4.743734359741211,35.57984161376953
L,11,12,2025-04-04,2025-06-27,3.0,21.10685920715332,11.334931373596191,42.17103576660156
L,11,12,2025-04-11,2025-07-04,8.0,32.4127311706543,22.640804290771484,53.47690963745117
L,11,12,2025-04-18,2025-07-11,7.0,32.65979766845703,22.88787078857422,53.723976135253906
L,11,12,2025-04-25,2025-07-18,12.0,30.931211471557617,21.159282684326172,51.995391845703125
L,11,12,2025-05-02,2025-07-25,11.0,31.172163009643555,21.40023422241211,52.23634338378906
L,11,12,2025-05-09,2025-08-01,11.0,32.092830657958984,22.320903778076172,53.15700912475586
L,11,12,2025-05-16,2025-08-08,14.0,30.26519203186035,20.493263244628906,51.329368591308594
L,11,12,2025-05-23,2025-08-15,12.0,18.501930236816406,8.730002403259277,39.56610870361328
L,11,12,2025-05-30,2025-08-22,10.0,12.56336784362793,2.791440010070801,33.62754821777344
L,11,12,2025-06-06,2025-08-29,8.0,13.216168403625488,3.4442405700683594,34.28034591674805
L,11,12,2025-06-13,2025-09-05,,15.976197242736816,6.2042694091796875,37.040374755859375
L,11,12,2025-06-20,2025-09-12,,14.707388877868652,4.935461044311523,35.771568298339844
L,11,12,2025-06-27,2025-09-19,,12.618498802185059,2.8465709686279297,33.68267822265625
L,11,12,2025-07-04,2025-09-26,,6.791998863220215,0.0,27.856178283691406
L,11,12,2025-07-11,2025-10-03,,7.46636962890625,0.0,28.530548095703125
L,11,12,2025-07-18,2025-10-10,,7.054612159729004,0.0,28.118789672851562
L,11,12,2025-07-25,2025-10-17,,4.135396480560303,0.0,25.199575424194336
L,11,12,2025-08-01,2025-10-24,,2.592257022857666,0.0,23.656435012817383
L,11,12,2025-08-08,2025-10-31,,2.0701286792755127,0.0,23.134307861328125
L,11,12,2025-08-15,2025-11-07,,2.0729753971099854,0.0,23.13715362548828
L,11,12,2025-08-22,2025-11-14,,2.340726613998413,0.0,23.404905319213867
M,12,1,2023-02-17,2023-02-24,5.0,4.015367031097412,0.0,11.210617065429688
M,12,1,2023-02-24,2023-03-03,3.0,3.533215045928955,0.0,10.728464126586914
M,12,1,2023-03-03,2023-03-10,0.0,3.2959091663360596,0.0,10.491158485412598
M,12,1,2023-03-10,2023-03-17,5.0,2.8377959728240967,0.0,10.033045768737793
M,12,1,2023-03-17,2023-03-24,2.0,2.7042672634124756,0.0,9.899517059326172
M,12,1,2023-03-24,2023-03-31,2.0,2.529839038848877,0.0,9.725088119506836
M,12,1,2023-03-31,2023-04-07,2.0,2.520946979522705,0.0,9.716196060180664
M,12,1,2023-04-07,2023-04-14,2.0,2.647634267807007,0.0,9.842884063720703
M,12,1,2023-04-14,2023-04-21,1.0,2.5496602058410645,0.0,9.744909286499023
M,12,1,2023-04-21,2023-04-28,2.0,2.402541160583496,0.0,9.597790718078613
M,12,1,2023-04-28,2023-05-05,4.0,2.119213342666626,0.0,9.314462661743164
M,12,1,2023-05-05,2023-05-12,4.0,2.4453139305114746,0.0,9.64056396484375
M,12,1,2023-05-12,2023-05-19,2.0,3.824120044708252,0.0,11.019369125366211
M,12,1,2023-05-19,2023-05-26,2.0,5.886415481567383,0.0,13.0816650390625
M,12,1,2023-05-26,2023-06-02,6.0,6.242501258850098,0.0,13.437750816345215
M,12,1,2023-06-02,2023-06-09,7.0,6.124273300170898,0.0,13.319522857666016
M,12,1,2023-06-09,2023-06-16,2.0,6.738799095153809,0.0,13.934048652648926
M,12,1,2023-06-16,2023-06-23,3.0,5.977352619171143,0.0,13.172601699829102
M,12,1,2023-06-23,2023-06-30,3.0,6.260797500610352,0.0,13.456047058105469
M,12,1,2023-06-30,2023-07-07,10.0,6.3177080154418945,0.0,13.512957572937012
M,12,1,2023-07-07,2023-07-14,8.0,7.288405895233154,0.0,13.576641082763672
M,12,1,2023-07-14,2023-07-21,6.0,9.499066352844238,0.0,15.787301063537598
M,12,1,2023-07-21,2023-07-28,8.0,11.782450675964355,0.0,18.07068634033203
M,12,1,2023-07-28,2023-08-04,8.0,13.907928466796875,1.8697509765625,20.196163177490234
M,12,1,2023-08-04,2023-08-11,14.0,12.962813377380371,0.9246358871459961,19.251049041748047
M,12,1,2023-08-11,2023-08-18,7.0,12.157703399658203,0.11952590942382812,18.445938110351562
M,12,1,2023-08-18,2023-08-25,10.0,11.488133430480957,4.1297407150268555,17.7763671875
M,12,1,2023-08-25,2023-09-01,9.0,10.674943923950195,4.76701545715332,16.963178634643555
M,12,1,2023-09-01,2023-09-08,10.0,12.033960342407227,6.126031875610352,18.322195053100586
M,12,1,2023-09-08,2023-09-15,4.0,9.894353866577148,3.9864253997802734,16.182588577270508
M,12,1,2023-09-15,2023-09-22,7.0,9.602899551391602,3.6949710845947266,15.891134262084961
M,12,1,2023-09-22,2023-09-29,5.0,9.674232482910156,3.7663040161132812,15.962467193603516
M,12,1,2023-09-29,2023-10-06,9.0,8.964789390563965,3.05686092376709,13.972180366516113
M,12,1,2023-10-06,2023-10-13,6.0,6.521870136260986,0.6139416694641113,11.529260635375977
M,12,1,2023-10-13,2023-10-20,9.0,5.992779731750488,0.08485126495361328,9.675071716308594
M,12,1,2023-10-20,2023-10-27,7.0,5.3965067863464355,0.0,9.078798294067383
M,12,1,2023-10-27,2023-11-03,8.0,4.809244155883789,0.0,8.491536140441895
M,12,1,2023-11-03,2023-11-10,4.0,3.9680328369140625,0.0,7.650324821472168
M,12,1,2023-11-10,2023-11-17,7.0,3.7839677333831787,0.0,7.466259956359863
M,12,1,2023-11-17,2023-11-24,5.0,3.6401734352111816,0.0,7.322465419769287
M,12,1,2023-11-24,2023-12-01,6.0,3.008733034133911,0.0,6.6910247802734375
M,12,1,2023-12-01,2023-12-08,5.0,2.833437204360962,0.0,6.515728950500488
M,12,1,2023-12-08,2023-12-15,5.0,2.9053192138671875,0.0,6.587611198425293
M,12,1,2023-12-15,2023-12-22,2.0,3.1026504039764404,0.0,6.784942626953125
M,12,1,2023-12-22,2023-12-29,5.0,2.9707047939300537,0.0,6.652997016906738
M,12,1,2023-12-29,2024-01-05,7.0,3.774778127670288,0.0,7.457070350646973
M,12,1,2024-01-05,2024-01-12,7.0,3.4759809970855713,0.0,7.158272743225098
M,12,1,2024-01-12,2024-01-19,6.0,3.0694291591644287,0.0,6.751721382141113
M,12,1,2024-01-19,2024-01-26,5.0,3.118288040161133,0.0,6.800580024719238
M,12,1,2024-01-26,2024-02-02,5.0,3.0226402282714844,0.0,6.70493221282959
M,12,1,2024-02-02,2024-02-09,7.0,3.237964153289795,0.0,6.9202561378479
M,12,1,2024-02-09,2024-02-16,4.0,2.938671350479126,0.0,6.620963096618652
M,12,1,2024-02-16,2024-02-23,4.0,2.380500078201294,0.0,6.06279182434082
M,12,1,2024-02-23,2024-03-01,4.0,2.152698040008545,0.0,5.91473388671875
M,12,1,2024-03-01,2024-03-08,4.0,1.990064024925232,0.0,5.752099990844727
M,12,1,2024-03-08,2024-03-15,2.0,1.6799322366714478,0.0,5.441967964172363
M,12,1,2024-03-15,2024-03-22,1.0,1.374082326889038,0.0,5.136117935180664
M,12,1,2024-03-22,2024-03-29,2.0,1.3311755657196045,0.0,5.0932111740112305
M,12,1,2024-03-29,2024-04-05,0.0,1.1170510053634644,0.0,4.879086971282959
M,12,1,2024-04-05,2024-04-12,1.0,0.8789658546447754,0.0,4.6410017013549805
M,12,1,2024-04-12,2024-04-19,5.0,0.948811411857605,0.0,4.7108473777771
M,12,1,2024-04-19,2024-04-26,2.0,0.3306838870048523,0.0,4.092719554901123
M,12,1,2024-04-26,2024-05-03,1.0,0.31332817673683167,0.0,4.075364112854004
M,12,1,2024-05-03,2024-05-10,2.0,0.27921003103256226,0.0,4.3303985595703125
M,12,1,2024-05-10,2024-05-17,1.0,0.4577309489250183,0.0,4.5089192390441895
M,12,1,2024-05-17,2024-05-24,2.0,0.6602176427841187,0.0,4.711406230926514
M,12,1,2024-05-24,2024-05-31,5.0,0.716198205947876,0.0,4.767386436462402
M,12,1,2024-05-31,2024-06-07,4.0,1.1681853532791138,0.0,5.21937370300293
M,12,1,2024-06-07,2024-06-14,2.0,1.7154163122177124,0.0,5.766604900360107
M,12,1,2024-06-14,2024-06-21,4.0,2.6995978355407715,0.0,6.983399868011475
M,12,1,2024-06-21,2024-06-28,3.0,3.9614222049713135,0.0,8.245223999023438
M,12,1,2024-06-28,2024-07-05,4.0,5.981874942779541,0.07394647598266602,10.265676498413086
M,12,1,2024-07-05,2024-07-12,8.0,8.085779190063477,2.1778507232666016,12.36958122253418
M,12,1,2024-07-12,2024-07-19,4.0,10.1699800491333,4.262051582336426,14.453782081604004
M,12,1,2024-07-19,2024-07-26,8.0,11.244791984558105,5.3368635177612305,15.528594017028809
M,12,1,2024-07-26,2024-08-02,13.0,11.805389404296875,5.8974609375,16.089191436767578
M,12,1,2024-08-02,2024-08-09,15.0,11.89705753326416,5.727077484130859,16.180858612060547
M,12,1,2024-08-09,2024-08-16,9.0,12.214034080505371,6.04405403137207,16.49783706665039
M,12,1,2024-08-16,2024-08-23,18.0,11.790879249572754,5.620899200439453,16.07468032836914
M,12,1,2024-08-23,2024-08-30,10.0,14.999637603759766,8.829657554626465,19.28343963623047
M,12,1,2024-08-30,2024-09-06,9.0,21.5694522857666,15.3994722366333,25.853254318237305
M,12,1,2024-09-06,2024-09-13,8.0,24.336645126342773,18.166664123535156,30.545764923095703
M,12,1,2024-09-13,2024-09-20,16.0,22.608739852905273,16.438758850097656,28.817859649658203
M,12,1,2024-09-20,2024-09-27,18.0,22.376323699951172,9.80687141418457,28.585445404052734
M,12,1,2024-09-27,2024-10-04,13.0,20.224077224731445,3.887432098388672,26.433197021484375
M,12,1,2024-10-04,2024-10-11,11.0,15.686392784118652,0.0,21.8955135345459
M,12,1,2024-10-11,2024-10-18,11.0,12.746565818786621,0.0,18.955686569213867
M,12,1,2024-10-18,2024-10-25,12.0,13.741495132446289,0.0,19.95061492919922
M,12,1,2024-10-25,2024-11-01,24.0,13.732210159301758,0.0,19.941329956054688
M,12,1,2024-11-01,2024-11-08,15.0,12.460721015930176,0.0,18.669841766357422
M,12,1,2024-11-08,2024-11-15,17.0,14.992761611938477,0.0,21.201881408691406
M,12,1,2024-11-15,2024-11-22,19.0,13.275585174560547,0.0,23.54337501525879
M,12,1,2024-11-22,2024-11-29,18.0,11.86567497253418,0.0,22.133464813232422
M,12,1,2024-11-29,2024-12-06,15.0,11.976781845092773,0.0,22.244571685791016
M,12,1,2024-12-06,2024-12-13,15.0,13.44076156616211,0.0,23.70855140686035
M,12,1,2024-12-13,2024-12-20,8.0,12.528881072998047,0.0,22.79667091369629
M,12,1,2024-12-20,2024-12-27,8.0,12.699506759643555,0.0,22.967296600341797
M,12,1,2024-12-27,2025-01-03,13.0,11.375389099121094,0.0,21.643178939819336
M,12,1,2025-01-03,2025-01-10,16.0,11.354848861694336,0.0,21.622638702392578
M,12,1,2025-01-10,2025-01-17,15.0,10.453083992004395,0.0,20.720874786376953
M,12,1,2025-01-17,2025-01-24,10.0,10.072373390197754,0.0,20.340164184570312
M,12,1,2025-01-24,2025-01-31,20.0,10.64967155456543,0.0,20.917461395263672
M,12,1,2025-01-31,2025-02-07,18.0,11.548614501953125,0.0,21.816404342651367
M,12,1,2025-02-07,2025-02-14,34.0,12.045976638793945,0.0,22.313766479492188
M,12,1,2025-02-14,2025-02-21,33.0,14.812422752380371,0.0,25.080211639404297
M,12,1,2025-02-21,2025-02-28,26.0,18.15137481689453,1.8147296905517578,28.419164657592773
M,12,1,2025-02-28,2025-03-07,22.0,20.041297912597656,3.704652786254883,41.995323181152344
M,12,1,2025-03-07,2025-03-14,14.0,21.484642028808594,5.14799690246582,43.43866729736328
M,12,1,2025-03-14,2025-03-21,11.0,20.31466293334961,3.978017807006836,42.26868438720703
M,12,1,2025-03-21,2025-03-28,10.0,17.925989151000977,1.5893440246582031,39.88001251220703
M,12,1,2025-03-28,2025-04-04,9.0,14.031566619873047,0.0,35.98558807373047
M,12,1,2025-04-04,2025-04-11,4.0,10.55092716217041,0.0,32.50495147705078
M,12,1,2025-04-11,2025-04-18,7.0,8.631342887878418,0.0,30.585365295410156
M,12,1,2025-04-18,2025-04-25,11.0,7.335042476654053,0.0,29.289066314697266
M,12,1,2025-04-25,2025-05-02,4.0,6.199798107147217,0.0,28.15382194519043
M,12,1,2025-05-02,2025-05-09,7.0,5.905258655548096,0.0,27.859281539916992
M,12,1,2025-05-09,2025-05-16,2.0,6.029741287231445,0.0,27.9837646484375
M,12,1,2025-05-16,2025-05-23,4.0,4.9785003662109375,0.0,26.932523727416992
M,12,1,2025-05-23,2025-05-30,5.0,3.493811845779419,0.0,25.44783592224121
M,12,1,2025-05-30,2025-06-06,1.0,2.7426230907440186,0.0,24.696645736694336
M,12,1,2025-06-06,2025-06-13,7.0,2.8954150676727295,0.0,24.849437713623047
M,12,1,2025-06-13,2025-06-20,9.0,3.401613235473633,0.0,25.355636596679688
M,12,1,2025-06-20,2025-06-27,9.0,3.777324914932251,0.0,25.731348037719727
M,12,1,2025-06-27,2025-07-04,11.0,6.015802383422852,0.0,27.969825744628906
M,12,1,2025-07-04,2025-07-11,14.0,8.73365306854248,0.0,30.68767547607422
M,12,1,2025-07-11,2025-07-18,22.0,13.44079875946045,0.0,35.39482116699219
M,12,1,2025-07-18,2025-07-25,15.0,15.268505096435547,0.0,37.22252655029297
M,12,1,2025-07-25,2025-08-01,19.0,15.59991455078125,0.0,37.55393981933594
M,12,1,2025-08-01,2025-08-08,25.0,15.648601531982422,0.0,37.602622985839844
M,12,1,2025-08-08,2025-08-15,17.0,17.11091423034668,0.7742691040039062,39.064937591552734
M,12,1,2025-08-15,2025-08-22,16.0,17.239835739135742,0.9031906127929688,39.1938591003418
M,12,1,2025-08-22,2025-08-29,16.0,15.735655784606934,0.0,37.68967819213867
M,12,2,2023-02-17,2023-03-03,3.0,3.7376482486724854,0.0,11.605637550354004
M,12,2,2023-02-24,2023-03-10,0.0,3.191368579864502,0.0,11.059358596801758
M,12,2,2023-03-03,2023-03-17,5.0,2.9268693923950195,0.0,10.794858932495117
M,12,2,2023-03-10,2023-03-24,2.0,2.4789819717407227,0.0,10.34697151184082
M,12,2,2023-03-17,2023-03-31,2.0,2.412949323654175,0.0,10.280939102172852
M,12,2,2023-03-24,2023-04-07,2.0,2.3409461975097656,0.0,10.208935737609863
M,12,2,2023-03-31,2023-04-14,2.0,2.4641659259796143,0.0,10.332155227661133
M,12,2,2023-04-07,2023-04-21,1.0,2.6783995628356934,0.0,10.546388626098633
M,12,2,2023-04-14,2023-04-28,2.0,2.784461498260498,0.0,10.652450561523438
M,12,2,2023-04-21,2023-05-05,4.0,2.638216018676758,0.0,10.506205558776855
M,12,2,2023-04-28,2023-05-12,4.0,2.397202253341675,0.0,10.265192031860352
M,12,2,2023-05-05,2023-05-19,2.0,2.9441559314727783,0.0,10.812145233154297
M,12,2,2023-05-12,2023-05-26,2.0,5.021498680114746,0.0,12.889488220214844
M,12,2,2023-05-19,2023-06-02,6.0,7.7620530128479,0.0,15.630043029785156
M,12,2,2023-05-26,2023-06-09,7.0,7.070176124572754,0.0,14.938165664672852
M,12,2,2023-06-02,2023-06-16,2.0,6.627346515655518,0.0,14.495336532592773
M,12,2,2023-06-09,2023-06-23,3.0,6.707781791687012,0.0,14.57577133178711
M,12,2,2023-06-16,2023-06-30,3.0,5.965193271636963,0.0,13.833183288574219
M,12,2,2023-06-23,2023-07-07,10.0,6.702416896820068,0.0,14.570405960083008
M,12,2,2023-06-30,2023-07-14,8.0,6.907289981842041,0.0,14.775279998779297
M,12,2,2023-07-07,2023-07-21,6.0,8.388230323791504,0.0,14.021029472351074
M,12,2,2023-07-14,2023-07-28,8.0,10.520914077758789,0.0,16.15371322631836
M,12,2,2023-07-21,2023-08-04,8.0,12.1998872756958,0.0,17.832687377929688
M,12,2,2023-07-28,2023-08-11,14.0,13.896002769470215,0.972865104675293,19.52880096435547
M,12,2,2023-08-04,2023-08-18,7.0,12.004128456115723,0.0,17.63692855834961
M,12,2,2023-08-11,2023-08-25,10.0,10.883077621459961,0.0,16.51587677001953
M,12,2,2023-08-18,2023-09-01,9.0,10.292106628417969,3.446084976196289,15.924905776977539
M,12,2,2023-08-25,2023-09-08,10.0,9.599943161010742,3.103179931640625,15.232742309570312
M,12,2,2023-09-01,2023-09-15,4.0,11.125204086303711,6.121075630187988,16.75800323486328
M,12,2,2023-09-08,2023-09-22,7.0,8.836092948913574,3.8319644927978516,14.468892097473145
M,12,2,2023-09-15,2023-09-29,5.0,8.323244094848633,3.31911563873291,13.956043243408203
M,12,2,2023-09-22,2023-10-06,9.0,8.294743537902832,3.2906150817871094,13.927542686462402
M,12,2,2023-09-29,2023-10-13,6.0,7.365329742431641,0.2401256561279297,12.998128890991211
M,12,2,2023-10-06,2023-10-20,9.0,5.5203423500061035,0.0,11.153141021728516
M,12,2,2023-10-13,2023-10-27,7.0,5.276192665100098,0.0,9.155770301818848
M,12,2,2023-10-20,2023-11-03,8.0,4.571606159210205,0.0,8.451183319091797
M,12,2,2023-10-27,2023-11-10,4.0,4.023287296295166,0.0,7.902864456176758
M,12,2,2023-11-03,2023-11-17,7.0,3.6048994064331055,0.0,7.4844770431518555
M,12,2,2023-11-10,2023-11-24,5.0,3.378761053085327,0.0,7.258338451385498
M,12,2,2023-11-17,2023-12-01,6.0,3.2886276245117188,0.0,7.168205261230469
M,12,2,2023-11-24,2023-12-08,5.0,2.7373228073120117,0.0,6.616900444030762
M,12,2,2023-12-01,2023-12-15,5.0,2.785898208618164,0.0,6.665475845336914
M,12,2,2023-12-08,2023-12-22,2.0,3.0040674209594727,0.0,6.883645057678223
M,12,2,2023-12-15,2023-12-29,5.0,3.304476022720337,0.0,7.184053421020508
M,12,2,2023-12-22,2024-01-05,7.0,2.995554208755493,0.0,6.875131607055664
M,12,2,2023-12-29,2024-01-12,7.0,3.924318790435791,0.0,7.803895950317383
M,12,2,2024-01-05,2024-01-19,6.0,3.42836856842041,0.0,7.30794620513916
M,12,2,2024-01-12,2024-01-26,5.0,2.878312349319458,0.0,6.757889747619629
M,12,2,2024-01-19,2024-02-02,5.0,2.9803779125213623,0.0,6.984824180603027
M,12,2,2024-01-26,2024-02-09,7.0,2.761847972869873,0.0,6.766294002532959
M,12,2,2024-02-02,2024-02-16,4.0,2.9797468185424805,0.0,6.984192848205566
M,12,2,2024-02-09,2024-02-23,4.0,2.6272659301757812,0.0,6.631711959838867
M,12,2,2024-02-16,2024-03-01,4.0,2.065856695175171,0.0,6.070302963256836
M,12,2,2024-02-23,2024-03-08,4.0,1.859877586364746,0.0,6.098029613494873
M,12,2,2024-03-01,2024-03-15,2.0,1.8261438608169556,0.0,6.064295768737793
M,12,2,2024-03-08,2024-03-22,1.0,1.5237785577774048,0.0,5.761930465698242
M,12,2,2024-03-15,2024-03-29,2.0,1.2811203002929688,0.0,5.519272327423096
M,12,2,2024-03-22,2024-04-05,0.0,1.3165547847747803,0.0,5.554706573486328
M,12,2,2024-03-29,2024-04-12,1.0,1.1394108533859253,0.0,5.377562999725342
M,12,2,2024-04-05,2024-04-19,5.0,0.9282946586608887,0.0,5.166446685791016
M,12,2,2024-04-12,2024-04-26,2.0,1.0736761093139648,0.0,5.311828136444092
M,12,2,2024-04-19,2024-05-03,1.0,0.38124290108680725,0.0,4.619394779205322
M,12,2,2024-04-26,2024-05-10,2.0,0.4504204988479614,0.0,4.688572406768799
M,12,2,2024-05-03,2024-05-17,1.0,0.45086348056793213,0.0,4.6890153884887695
M,12,2,2024-05-10,2024-05-24,2.0,0.6798107624053955,0.0,4.917963027954102
M,12,2,2024-05-17,2024-05-31,5.0,0.8762249946594238,0.0,5.114377021789551
M,12,2,2024-05-24,2024-06-07,4.0,0.8767316341400146,0.0,5.1148834228515625
M,12,2,2024-05-31,2024-06-14,2.0,1.4391419887542725,0.0,5.67729377746582
M,12,2,2024-06-07,2024-06-21,4.0,2.0007693767547607,0.0,6.238921165466309
M,12,2,2024-06-14,2024-06-28,3.0,2.9081785678863525,0.0,7.146330833435059
M,12,2,2024-06-21,2024-07-05,4.0,4.171904563903809,0.0,8.410057067871094
M,12,2,2024-06-28,2024-07-12,8.0,6.380103588104248,0.0,10.618255615234375
M,12,2,2024-07-05,2024-07-19,4.0,8.54845142364502,1.4232473373413086,12.786603927612305
M,12,2,2024-07-12,2024-07-26,8.0,10.372041702270508,3.246837615966797,14.610193252563477
M,12,2,2024-07-19,2024-08-02,13.0,10.654213905334473,3.5290098190307617,14.892366409301758
M,12,2,2024-07-26,2024-08-09,15.0,11.224751472473145,4.099547386169434,15.46290397644043
M,12,2,2024-08-02,2024-08-16,9.0,11.30706787109375,4.181863784790039,15.545219421386719
M,12,2,2024-08-09,2024-08-23,18.0,12.08729076385498,4.9620866775512695,16.325443267822266
M,12,2,2024-08-16,2024-08-30,10.0,11.98948860168457,4.864284515380859,16.22764015197754
M,12,2,2024-08-23,2024-09-06,9.0,15.867663383483887,8.742459297180176,20.105815887451172
M,12,2,2024-08-30,2024-09-13,8.0,21.994199752807617,14.868995666503906,26.232351303100586
M,12,2,2024-09-06,2024-09-20,16.0,23.06124496459961,15.936040878295898,28.973953247070312
M,12,2,2024-09-13,2024-09-27,18.0,19.852121353149414,12.726917266845703,25.76483154296875
M,12,2,2024-09-20,2024-10-04,13.0,20.458209991455078,13.333005905151367,26.37091827392578
M,12,2,2024-09-27,2024-10-11,11.0,18.25132179260254,4.257122039794922,24.164031982421875
M,12,2,2024-10-04,2024-10-18,11.0,14.148726463317871,0.1545267105102539,20.06143569946289
M,12,2,2024-10-11,2024-10-25,12.0,11.455520629882812,0.0,17.368228912353516
M,12,2,2024-10-18,2024-11-01,24.0,12.247947692871094,0.0,18.160655975341797
M,12,2,2024-10-25,2024-11-08,15.0,11.918333053588867,0.0,17.831043243408203
M,12,2,2024-11-01,2024-11-15,17.0,11.104044914245605,0.0,17.016754150390625
M,12,2,2024-11-08,2024-11-22,19.0,14.059021949768066,0.06482219696044922,19.971731185913086
M,12,2,2024-11-15,2024-11-29,18.0,13.109240531921387,0.0,24.86129379272461
M,12,2,2024-11-22,2024-12-06,15.0,11.58970832824707,0.0,23.341760635375977
M,12,2,2024-11-29,2024-12-13,15.0,12.021759033203125,0.0,23.77381134033203
M,12,2,2024-12-06,2024-12-20,8.0,13.196925163269043,0.0,24.948978424072266
M,12,2,2024-12-13,2024-12-27,8.0,12.003525733947754,0.0,23.755577087402344
M,12,2,2024-12-20,2025-01-03,13.0,12.03859806060791,0.0,23.7906494140625
M,12,2,2024-12-27,2025-01-10,16.0,10.934520721435547,0.0,22.686573028564453
M,12,2,2025-01-03,2025-01-17,15.0,11.180681228637695,0.0,22.9327335357666
M,12,2,2025-01-10,2025-01-24,10.0,10.818452835083008,0.0,22.570505142211914
M,12,2,2025-01-17,2025-01-31,20.0,10.73743724822998,0.0,22.489490509033203
M,12,2,2025-01-24,2025-02-07,18.0,11.329506874084473,0.0,23.081558227539062
M,12,2,2025-01-31,2025-02-14,34.0,12.417412757873535,0.0,24.169464111328125
M,12,2,2025-02-07,2025-02-21,33.0,13.275431632995605,0.0,25.027484893798828
M,12,2,2025-02-14,2025-02-28,26.0,16.391847610473633,2.3976478576660156,28.14389991760254
M,12,2,2025-02-21,2025-03-07,22.0,18.60462760925293,4.6104278564453125,30.356679916381836
M,12,2,2025-02-28,2025-03-14,14.0,20.11172103881836,6.117521286010742,41.69430923461914
M,12,2,2025-03-07,2025-03-21,11.0,20.920284271240234,6.926084518432617,42.502872467041016
M,12,2,2025-03-14,2025-03-28,10.0,19.088991165161133,5.094791412353516,40.67157745361328
M,12,2,2025-03-21,2025-04-04,9.0,16.58796501159668,2.5937652587890625,38.170555114746094
M,12,2,2025-03-28,2025-04-11,4.0,13.46658992767334,0.0,35.04917907714844
M,12,2,2025-04-04,2025-04-18,7.0,10.692792892456055,0.0,32.27538299560547
M,12,2,2025-04-11,2025-04-25,11.0,9.404780387878418,0.0,30.987369537353516
M,12,2,2025-04-18,2025-05-02,4.0,8.203876495361328,0.0,29.78646469116211
M,12,2,2025-04-25,2025-05-09,7.0,6.995041847229004,0.0,28.57762908935547
M,12,2,2025-05-02,2025-05-16,2.0,6.766580104827881,0.0,28.34916877746582
M,12,2,2025-05-09,2025-05-23,4.0,7.056290626525879,0.0,28.638877868652344
M,12,2,2025-05-16,2025-05-30,5.0,5.452464580535889,0.0,27.035053253173828
M,12,2,2025-05-23,2025-06-06,1.0,3.5582847595214844,0.0,25.140872955322266
M,12,2,2025-05-30,2025-06-13,7.0,2.8679351806640625,0.0,24.450523376464844
M,12,2,2025-06-06,2025-06-20,9.0,3.1292035579681396,0.0,24.7117919921875
M,12,2,2025-06-13,2025-06-27,9.0,3.7522640228271484,0.0,25.33485221862793
M,12,2,2025-06-20,2025-07-04,11.0,4.385732650756836,0.0,25.968320846557617
M,12,2,2025-06-27,2025-07-11,14.0,7.333353519439697,0.0,28.91594123840332
M,12,2,2025-07-04,2025-07-18,22.0,10.325777053833008,0.0,31.90836524963379
M,12,2,2025-07-11,2025-07-25,15.0,17.221355438232422,3.2271556854248047,38.8039436340332
M,12,2,2025-07-18,2025-08-01,19.0,18.44351577758789,4.449316024780273,40.02610397338867
M,12,2,2025-07-25,2025-08-08,25.0,16.718318939208984,2.724119186401367,38.300907135009766
M,12,2,2025-08-01,2025-08-15,17.0,14.799430847167969,0.8052310943603516,36.38201904296875
M,12,2,2025-08-08,2025-08-22,16.0,14.948859214782715,0.9546594619750977,36.53144836425781
M,12,2,2025-08-15,2025-08-29,16.0,14.728870391845703,0.7346706390380859,36.311458587646484
M,12,2,2025-08-22,2025-09-05,,13.749871253967285,0.0,35.33245849609375
M,12,4,2023-02-17,2023-03-17,5.0,2.8903887271881104,0.0,13.382039070129395
M,12,4,2023-02-24,2023-03-24,2.0,2.3947575092315674,0.0,12.886407852172852
M,12,4,2023-03-03,2023-03-31,2.0,2.1589503288269043,0.0,12.65060043334961
M,12,4,2023-03-10,2023-04-07,2.0,1.820002794265747,0.0,12.311653137207031
M,12,4,2023-03-17,2023-04-14,2.0,1.88094961643219,0.0,12.372600555419922
M,12,4,2023-03-24,2023-04-21,1.0,2.0093321800231934,0.0,12.500982284545898
M,12,4,2023-03-31,2023-04-28,2.0,2.365267038345337,0.0,12.856917381286621
M,12,4,2023-04-07,2023-05-05,4.0,2.7123379707336426,0.0,13.203989028930664
M,12,4,2023-04-14,2023-05-12,4.0,3.3113620281219482,0.0,13.80301284790039
M,12,4,2023-04-21,2023-05-19,2.0,3.3966078758239746,0.0,13.88825798034668
M,12,4,2023-04-28,2023-05-26,2.0,3.3939208984375,0.0,13.885571479797363
M,12,4,2023-05-05,2023-06-02,6.0,4.64277982711792,0.0,15.134429931640625
M,12,4,2023-05-12,2023-06-09,7.0,8.62467098236084,0.0,19.116321563720703
M,12,4,2023-05-19,2023-06-16,2.0,11.963157653808594,0.0,22.45480728149414
M,12,4,2023-05-26,2023-06-23,3.0,9.44682502746582,0.0,19.9384765625
M,12,4,2023-06-02,2023-06-30,3.0,8.894888877868652,0.0,19.386539459228516
M,12,4,2023-06-09,2023-07-07,10.0,7.922919750213623,0.0,18.414569854736328
M,12,4,2023-06-16,2023-07-14,8.0,7.718087673187256,0.0,18.20973777770996
M,12,4,2023-06-23,2023-07-21,6.0,9.69825267791748,0.0,20.189903259277344
M,12,4,2023-06-30,2023-07-28,8.0,9.906951904296875,0.0,20.398601531982422
M,12,4,2023-07-07,2023-08-04,8.0,11.561922073364258,0.0,18.314151763916016
M,12,4,2023-07-14,2023-08-11,14.0,13.181107521057129,0.0,19.933338165283203
M,12,4,2023-07-21,2023-08-18,7.0,14.489509582519531,0.0,21.241741180419922
M,12,4,2023-07-28,2023-08-25,10.0,14.900463104248047,0.0,21.652694702148438
M,12,4,2023-08-04,2023-09-01,9.0,10.80263900756836,0.0,17.55487060546875
M,12,4,2023-08-11,2023-09-08,10.0,9.264874458312988,0.0,16.017105102539062
M,12,4,2023-08-18,2023-09-15,4.0,8.833592414855957,0.0,15.585823059082031
M,12,4,2023-08-25,2023-09-22,7.0,8.361811637878418,0.0,15.114042282104492
M,12,4,2023-09-01,2023-09-29,5.0,9.765445709228516,0.0,16.517677307128906
M,12,4,2023-09-08,2023-10-06,9.0,7.765425205230713,0.0,14.517656326293945
M,12,4,2023-09-15,2023-10-13,6.0,6.92588472366333,0.0,13.678115844726562
M,12,4,2023-09-22,2023-10-20,9.0,6.599272727966309,0.0,13.351503372192383
M,12,4,2023-09-29,2023-10-27,7.0,5.395987033843994,0.0,12.148218154907227
M,12,4,2023-10-06,2023-11-03,8.0,4.755798816680908,0.0,11.50802993774414
M,12,4,2023-10-13,2023-11-10,4.0,4.8010172843933105,0.0,8.931580543518066
M,12,4,2023-10-20,2023-11-17,7.0,3.7879977226257324,0.0,7.918560981750488
M,12,4,2023-10-27,2023-11-24,5.0,3.3616271018981934,0.0,7.492190361022949
M,12,4,2023-11-03,2023-12-01,6.0,3.5323545932769775,0.0,7.6629180908203125
M,12,4,2023-11-10,2023-12-08,5.0,3.199974775314331,0.0,7.330537796020508
M,12,4,2023-11-17,2023-12-15,5.0,3.251128673553467,0.0,7.381691932678223
M,12,4,2023-11-24,2023-12-22,2.0,2.8106184005737305,0.0,6.941181659698486
M,12,4,2023-12-01,2023-12-29,5.0,3.156259298324585,0.0,7.286822319030762
M,12,4,2023-12-08,2024-01-05,7.0,3.581982135772705,0.0,7.712545394897461
M,12,4,2023-12-15,2024-01-12,7.0,4.019057273864746,0.0,8.149620056152344
M,12,4,2023-12-22,2024-01-19,6.0,3.215670585632324,0.0,7.34623384475708
M,12,4,2023-12-29,2024-01-26,5.0,4.1752214431762695,0.0,8.305784225463867
M,12,4,2024-01-05,2024-02-02,5.0,3.3246171474456787,0.0,7.4551801681518555
M,12,4,2024-01-12,2024-02-09,7.0,2.5398736000061035,0.0,6.670436859130859
M,12,4,2024-01-19,2024-02-16,4.0,2.6439719200134277,0.0,6.774535179138184
M,12,4,2024-01-26,2024-02-23,4.0,2.2241456508636475,0.0,6.354708671569824
M,12,4,2024-02-02,2024-03-01,4.0,2.4362375736236572,0.0,6.566801071166992
M,12,4,2024-02-09,2024-03-08,4.0,2.0798943042755127,0.0,6.210457801818848
M,12,4,2024-02-16,2024-03-15,2.0,1.6359058618545532,0.0,5.053923606872559
M,12,4,2024-02-23,2024-03-22,1.0,1.532230019569397,0.0,5.992356300354004
M,12,4,2024-03-01,2024-03-29,2.0,1.6897742748260498,0.0,6.149900436401367
M,12,4,2024-03-08,2024-04-05,0.0,1.4369797706604004,0.0,5.897106170654297
M,12,4,2024-03-15,2024-04-12,1.0,1.317907452583313,0.0,5.77803373336792
M,12,4,2024-03-22,2024-04-19,5.0,1.4946517944335938,0.0,5.95477819442749
M,12,4,2024-03-29,2024-04-26,2.0,1.3872720003128052,0.0,5.847398281097412
M,12,4,2024-04-05,2024-05-03,1.0,1.233420968055725,0.0,5.693547248840332
M,12,4,2024-04-12,2024-05-10,2.0,1.5160075426101685,0.0,5.976133823394775
M,12,4,2024-04-19,2024-05-17,1.0,0.6982199549674988,0.0,5.158346176147461
M,12,4,2024-04-26,2024-05-24,2.0,0.8979781866073608,0.0,5.358104705810547
M,12,4,2024-05-03,2024-05-31,5.0,0.9614830017089844,0.0,5.421609401702881
M,12,4,2024-05-10,2024-06-07,4.0,1.3108106851577759,0.0,5.770936965942383
M,12,4,2024-05-17,2024-06-14,2.0,1.5202335119247437,0.0,5.98036003112793
M,12,4,2024-05-24,2024-06-21,4.0,1.4708997011184692,0.0,5.931025981903076
M,12,4,2024-05-31,2024-06-28,3.0,2.213238477706909,0.0,6.673364639282227
M,12,4,2024-06-07,2024-07-05,4.0,2.7401421070098877,0.0,7.200268745422363
M,12,4,2024-06-14,2024-07-12,8.0,3.533369779586792,0.0,7.993495941162109
M,12,4,2024-06-21,2024-07-19,4.0,4.793294906616211,0.0,9.253421783447266
M,12,4,2024-06-28,2024-07-26,8.0,7.587794303894043,0.09828472137451172,12.047920227050781
M,12,4,2024-07-05,2024-08-02,13.0,9.76393985748291,2.274430274963379,14.224065780639648
M,12,4,2024-07-12,2024-08-09,15.0,11.401354789733887,3.9118452072143555,15.861480712890625
M,12,4,2024-07-19,2024-08-16,9.0,10.911287307739258,3.4217777252197266,15.371414184570312
M,12,4,2024-07-26,2024-08-23,18.0,11.848487854003906,4.358978271484375,16.31511688232422
M,12,4,2024-08-02,2024-08-30,10.0,11.853991508483887,4.3644819259643555,16.320621490478516
M,12,4,2024-08-09,2024-09-06,9.0,13.320841789245605,5.831332206726074,17.787471771240234
M,12,4,2024-08-16,2024-09-13,8.0,13.490056037902832,6.000546455383301,17.95668601989746
M,12,4,2024-08-23,2024-09-20,16.0,18.197528839111328,10.708019256591797,22.66415786743164
M,12,4,2024-08-30,2024-09-27,18.0,20.234045028686523,15.333581924438477,24.70067596435547
M,12,4,2024-09-06,2024-10-04,13.0,18.670167922973633,13.836575508117676,24.821680068969727
M,12,4,2024-09-13,2024-10-11,11.0,15.736533164978027,10.90294075012207,21.888046264648438
M,12,4,2024-09-20,2024-10-18,11.0,17.270389556884766,12.436797142028809,23.42190170288086
M,12,4,2024-09-27,2024-10-25,12.0,16.258132934570312,10.76807689666748,22.409645080566406
M,12,4,2024-10-04,2024-11-01,24.0,13.098414421081543,7.608358383178711,19.249927520751953
M,12,4,2024-10-11,2024-11-08,15.0,10.080731391906738,4.590675354003906,16.232242584228516
M,12,4,2024-10-18,2024-11-15,17.0,10.693882942199707,5.023715019226074,16.845394134521484
M,12,4,2024-10-25,2024-11-22,19.0,10.074617385864258,4.404449462890625,16.22612953186035
M,12,4,2024-11-01,2024-11-29,18.0,9.931276321411133,3.660886764526367,16.082788467407227
M,12,4,2024-11-08,2024-12-06,15.0,14.29564094543457,8.025251388549805,20.447153091430664
M,12,4,2024-11-15,2024-12-13,15.0,13.675825119018555,7.405435562133789,24.577411651611328
M,12,4,2024-11-22,2024-12-20,8.0,11.367898941040039,5.097509384155273,22.269485473632812
M,12,4,2024-11-29,2024-12-27,8.0,11.918312072753906,5.647922515869141,22.819896697998047
M,12,4,2024-12-06,2025-01-03,13.0,12.341548919677734,6.071159362792969,23.243133544921875
M,12,4,2024-12-13,2025-01-10,16.0,11.129864692687988,4.859475135803223,22.031450271606445
M,12,4,2024-12-20,2025-01-17,15.0,11.138577461242676,4.86818790435791,22.040163040161133
M,12,4,2024-12-27,2025-01-24,10.0,10.4592924118042,4.188902854919434,21.360877990722656
M,12,4,2025-01-03,2025-01-31,20.0,10.965144157409668,4.694754600524902,21.866729736328125
M,12,4,2025-01-10,2025-02-07,18.0,11.03370189666748,4.763312339782715,21.935287475585938
M,12,4,2025-01-17,2025-02-14,34.0,11.046863555908203,4.7764739990234375,21.948448181152344
M,12,4,2025-01-24,2025-02-21,33.0,11.424933433532715,5.154543876647949,22.326519012451172
M,12,4,2025-01-31,2025-02-28,26.0,12.194402694702148,5.924013137817383,23.095989227294922
M,12,4,2025-02-07,2025-03-07,22.0,12.647041320800781,6.376651763916016,23.548625946044922
M,12,4,2025-02-14,2025-03-14,14.0,14.687074661254883,8.416685104370117,25.588661193847656
M,12,4,2025-02-21,2025-03-21,11.0,15.885095596313477,9.614706039428711,26.78668212890625
M,12,4,2025-02-28,2025-03-28,10.0,17.130367279052734,10.859977722167969,40.08350372314453
M,12,4,2025-03-07,2025-04-04,9.0,18.010812759399414,11.740423202514648,40.963951110839844
M,12,4,2025-03-14,2025-04-11,4.0,16.686931610107422,10.416542053222656,39.64006805419922
M,12,4,2025-03-21,2025-04-18,7.0,15.223642349243164,8.953252792358398,38.176780700683594
M,12,4,2025-03-28,2025-04-25,11.0,13.363393783569336,7.09300422668457,36.3165283203125
M,12,4,2025-04-04,2025-05-02,4.0,11.9669189453125,5.696529388427734,34.9200553894043
M,12,4,2025-04-11,2025-05-09,7.0,11.791656494140625,4.661289215087891,34.74479293823242
M,12,4,2025-04-18,2025-05-16,2.0,11.043349266052246,2.032536506652832,33.99648666381836
M,12,4,2025-04-25,2025-05-23,4.0,9.738163948059082,0.0,32.69129943847656
M,12,4,2025-05-02,2025-05-30,5.0,9.683504104614258,0.0,32.63664245605469
M,12,4,2025-05-09,2025-06-06,1.0,10.497581481933594,0.0,33.45071792602539
M,12,4,2025-05-16,2025-06-13,7.0,8.149928092956543,0.0,31.103065490722656
M,12,4,2025-05-23,2025-06-20,9.0,5.143625259399414,0.0,28.09676170349121
M,12,4,2025-05-30,2025-06-27,9.0,4.257091522216797,0.0,27.210227966308594
M,12,4,2025-06-06,2025-07-04,11.0,4.682473659515381,0.0,27.635610580444336
M,12,4,2025-06-13,2025-07-11,14.0,5.681599140167236,0.0,28.634735107421875
M,12,4,2025-06-20,2025-07-18,22.0,6.785559177398682,0.0,29.73869514465332
M,12,4,2025-06-27,2025-07-25,15.0,10.559435844421387,0.0,33.5125732421875
M,12,4,2025-07-04,2025-08-01,19.0,12.75487232208252,0.06794071197509766,35.7080078125
M,12,4,2025-07-11,2025-08-08,25.0,21.792404174804688,9.105472564697266,44.745540618896484
M,12,4,2025-07-18,2025-08-15,17.0,18.587221145629883,5.900289535522461,41.54035949707031
M,12,4,2025-07-25,2025-08-22,16.0,13.515703201293945,0.8287715911865234,36.468841552734375
M,12,4,2025-08-01,2025-08-29,16.0,10.974370956420898,0.0,33.92750549316406
M,12,4,2025-08-08,2025-09-05,,10.958637237548828,0.0,33.911773681640625
M,12,4,2025-08-15,2025-09-12,,11.210599899291992,0.0,34.163734436035156
M,12,4,2025-08-22,2025-09-19,,10.661261558532715,0.0,33.61439895629883
M,12,8,2023-02-17,2023-04-14,2.0,1.7136197090148926,0.0,12.508417129516602
M,12,8,2023-02-24,2023-04-21,1.0,1.545133352279663,0.0,12.33993148803711
M,12,8,2023-03-03,2023-04-28,2.0,1.4416629076004028,0.0,12.23646068572998
M,12,8,2023-03-10,2023-05-05,4.0,1.3760852813720703,0.0,12.170883178710938
M,12,8,2023-03-17,2023-05-12,4.0,1.6163239479064941,0.0,12.411121368408203
M,12,8,2023-03-24,2023-05-19,2.0,2.0189337730407715,0.0,12.813732147216797
M,12,8,2023-03-31,2023-05-26,2.0,2.73734712600708,0.0,13.532144546508789
M,12,8,2023-04-07,2023-06-02,6.0,3.3026626110076904,0.0,14.097460746765137
M,12,8,2023-04-14,2023-06-09,7.0,5.465832233428955,0.0,16.260629653930664
M,12,8,2023-04-21,2023-06-16,2.0,7.093203544616699,0.0,17.88800048828125
M,12,8,2023-04-28,2023-06-23,3.0,8.617250442504883,0.0,19.41204833984375
M,12,8,2023-05-05,2023-06-30,3.0,13.15764045715332,0.0,23.952438354492188
M,12,8,2023-05-12,2023-07-07,10.0,25.805734634399414,4.682193756103516,36.60053253173828
M,12,8,2023-05-19,2023-07-14,8.0,30.266572952270508,9.14303207397461,41.061370849609375
M,12,8,2023-05-26,2023-07-21,6.0,26.36716651916504,5.243625640869141,37.161964416503906
M,12,8,2023-06-02,2023-07-28,8.0,25.997344970703125,4.873804092407227,36.792144775390625
M,12,8,2023-06-09,2023-08-04,8.0,22.99190330505371,1.8683624267578125,33.78670120239258
M,12,8,2023-06-16,2023-08-11,14.0,25.953096389770508,4.829555511474609,36.747894287109375
M,12,8,2023-06-23,2023-08-18,7.0,30.1602725982666,9.036731719970703,40.95507049560547
M,12,8,2023-06-30,2023-08-25,10.0,28.790258407592773,7.666717529296875,39.58505630493164
M,12,8,2023-07-07,2023-09-01,9.0,26.528865814208984,5.405324935913086,31.43686294555664
M,12,8,2023-07-14,2023-09-08,10.0,26.1912784576416,5.067737579345703,31.09927749633789
M,12,8,2023-07-21,2023-09-15,4.0,17.67286491394043,0.0,22.28348731994629
M,12,8,2023-07-28,2023-09-22,7.0,13.31078815460205,0.0,17.738346099853516
M,12,8,2023-08-04,2023-09-29,5.0,7.987059116363525,0.0,12.414617538452148
M,12,8,2023-08-11,2023-10-06,9.0,6.801265716552734,0.0,11.228824615478516
M,12,8,2023-08-18,2023-10-13,6.0,6.720116138458252,0.0,11.147674560546875
M,12,8,2023-08-25,2023-10-20,9.0,6.8398756980896,0.0,11.267435073852539
M,12,8,2023-09-01,2023-10-27,7.0,7.52611780166626,0.0,11.953676223754883
M,12,8,2023-09-08,2023-11-03,8.0,6.463223457336426,0.0,10.890782356262207
M,12,8,2023-09-15,2023-11-10,4.0,5.746282577514648,0.0,10.17384147644043
M,12,8,2023-09-22,2023-11-17,7.0,5.107320308685303,0.0,9.534879684448242
M,12,8,2023-09-29,2023-11-24,5.0,4.314958572387695,0.0,8.742517471313477
M,12,8,2023-10-06,2023-12-01,6.0,5.702527046203613,0.0,10.130085945129395
M,12,8,2023-10-13,2023-12-08,5.0,5.838706016540527,0.0,9.537002563476562
M,12,8,2023-10-20,2023-12-15,5.0,3.9105451107025146,0.0,7.608841419219971
M,12,8,2023-10-27,2023-12-22,2.0,4.066494941711426,0.0,7.7389349937438965
M,12,8,2023-11-03,2023-12-29,5.0,5.445735454559326,0.0,9.118175506591797
M,12,8,2023-11-10,2024-01-05,7.0,4.67276668548584,0.0,8.345207214355469
M,12,8,2023-11-17,2024-01-12,7.0,4.8925652503967285,0.0,8.5650053024292
M,12,8,2023-11-24,2024-01-19,6.0,4.443482398986816,0.0,7.9473347663879395
M,12,8,2023-12-01,2024-01-26,5.0,5.253279209136963,0.0,8.757131576538086
M,12,8,2023-12-08,2024-02-02,5.0,6.152557849884033,0.0,9.656410217285156
M,12,8,2023-12-15,2024-02-09,7.0,6.741335868835449,0.0,10.245187759399414
M,12,8,2023-12-22,2024-02-16,4.0,4.353155136108398,0.0,7.8570075035095215
M,12,8,2023-12-29,2024-02-23,4.0,4.921728134155273,0.0,8.425580978393555
M,12,8,2024-01-05,2024-03-01,4.0,3.416504383087158,0.0,6.920356750488281
M,12,8,2024-01-12,2024-03-08,4.0,2.29620099067688,0.0,5.800053596496582
M,12,8,2024-01-19,2024-03-15,2.0,2.2469165325164795,0.0,5.750768661499023
M,12,8,2024-01-26,2024-03-22,1.0,1.7181974649429321,0.0,5.222049713134766
M,12,8,2024-02-02,2024-03-29,2.0,1.8990261554718018,0.0,5.402878761291504
M,12,8,2024-02-09,2024-04-05,0.0,1.7180663347244263,0.0,5.22191858291626
M,12,8,2024-02-16,2024-04-12,1.0,1.5978507995605469,0.0,5.10170316696167
M,12,8,2024-02-23,2024-04-19,5.0,1.7054107189178467,0.0,5.209262847900391
M,12,8,2024-03-01,2024-04-26,2.0,2.127068281173706,0.0,5.63092041015625
M,12,8,2024-03-08,2024-05-03,1.0,1.9863557815551758,0.0,5.490208148956299
M,12,8,2024-03-15,2024-05-10,2.0,2.0436410903930664,0.0,5.5474934577941895
M,12,8,2024-03-22,2024-05-17,1.0,2.5234217643737793,0.0,6.027274131774902
M,12,8,2024-03-29,2024-05-24,2.0,2.5267515182495117,0.0,5.224088668823242
M,12,8,2024-04-05,2024-05-31,5.0,2.4485116004943848,0.0,5.145849227905273
M,12,8,2024-04-12,2024-06-07,4.0,3.1516265869140625,0.0,5.848963737487793
M,12,8,2024-04-19,2024-06-14,2.0,1.8256242275238037,0.0,4.522961616516113
M,12,8,2024-04-26,2024-06-21,4.0,2.3319056034088135,0.0,5.029242992401123
M,12,8,2024-05-03,2024-06-28,3.0,2.5766801834106445,0.0,5.871269226074219
M,12,8,2024-05-10,2024-07-05,4.0,3.545480251312256,0.0,6.840069770812988
M,12,8,2024-05-17,2024-07-12,8.0,4.030220031738281,0.0,7.3248090744018555
M,12,8,2024-05-24,2024-07-19,4.0,3.834698438644409,0.0,7.1292877197265625
M,12,8,2024-05-31,2024-07-26,8.0,5.363330364227295,0.0,8.657919883728027
M,12,8,2024-06-07,2024-08-02,13.0,5.675482273101807,0.0,8.970071792602539
M,12,8,2024-06-14,2024-08-09,15.0,6.0901288986206055,0.0,9.38471794128418
M,12,8,2024-06-21,2024-08-16,9.0,7.259263038635254,0.0,10.553852081298828
M,12,8,2024-06-28,2024-08-23,18.0,11.787552833557129,0.0,15.082141876220703
M,12,8,2024-07-05,2024-08-30,10.0,13.167643547058105,0.0,16.46223258972168
M,12,8,2024-07-12,2024-09-06,9.0,14.637413024902344,0.0,17.932003021240234
M,12,8,2024-07-19,2024-09-13,8.0,12.687800407409668,0.0,15.982389450073242
M,12,8,2024-07-26,2024-09-20,16.0,12.265851974487305,0.0,16.235631942749023
M,12,8,2024-08-02,2024-09-27,18.0,10.910572052001953,0.0,14.880352020263672
M,12,8,2024-08-09,2024-10-04,13.0,11.606569290161133,0.0,15.576349258422852
M,12,8,2024-08-16,2024-10-11,11.0,12.276925086975098,0.0,19.601442337036133
M,12,8,2024-08-23,2024-10-18,11.0,15.644744873046875,0.0,24.554615020751953
M,12,8,2024-08-30,2024-10-25,12.0,15.925322532653809,0.0,24.835193634033203
M,12,8,2024-09-06,2024-11-01,24.0,14.595065116882324,0.0,23.50493621826172
M,12,8,2024-09-13,2024-11-08,15.0,11.258401870727539,0.0,20.16827392578125
M,12,8,2024-09-20,2024-11-15,17.0,14.162654876708984,0.4897899627685547,23.072525024414062
M,12,8,2024-09-27,2024-11-22,19.0,13.57414436340332,7.2633562088012695,22.48401641845703
M,12,8,2024-10-04,2024-11-29,18.0,9.582140922546387,3.944727897644043,18.49201202392578
M,12,8,2024-10-11,2024-12-06,15.0,6.925455570220947,1.2880425453186035,15.8353271484375
M,12,8,2024-10-18,2024-12-13,15.0,8.451956748962402,2.8145437240600586,17.361827850341797
M,12,8,2024-10-25,2024-12-20,8.0,7.300867080688477,1.6634540557861328,16.210739135742188
M,12,8,2024-11-01,2024-12-27,8.0,9.085265159606934,3.44785213470459,17.995136260986328
M,12,8,2024-11-08,2025-01-03,13.0,27.6623477935791,22.024934768676758,36.57221984863281
M,12,8,2024-11-15,2025-01-10,16.0,27.23013687133789,21.592723846435547,36.63507080078125
M,12,8,2024-11-22,2025-01-17,15.0,12.279072761535645,6.641659736633301,21.68400764465332
M,12,8,2024-11-29,2025-01-24,10.0,12.46566390991211,6.828250885009766,21.87059783935547
M,12,8,2024-12-06,2025-01-31,20.0,10.347291946411133,4.709878921508789,19.752227783203125
M,12,8,2024-12-13,2025-02-07,18.0,9.263688087463379,3.626275062561035,18.668622970581055
M,12,8,2024-12-20,2025-02-14,34.0,9.377866744995117,3.7404537200927734,18.78280258178711
M,12,8,2024-12-27,2025-02-21,33.0,9.245064735412598,3.607651710510254,18.649999618530273
M,12,8,2025-01-03,2025-02-28,26.0,9.750411987304688,4.112998962402344,19.155345916748047
M,12,8,2025-01-10,2025-03-07,22.0,9.753527641296387,4.116114616394043,19.158462524414062
M,12,8,2025-01-17,2025-03-14,14.0,9.514298439025879,0.0,18.919233322143555
M,12,8,2025-01-24,2025-03-21,11.0,9.734105110168457,0.0,19.139039993286133
M,12,8,2025-01-31,2025-03-28,10.0,10.072395324707031,0.0,19.47732925415039
M,12,8,2025-02-07,2025-04-04,9.0,9.767346382141113,0.0,19.17228126525879
M,12,8,2025-02-14,2025-04-11,4.0,11.144612312316895,0.0,20.797321319580078
M,12,8,2025-02-21,2025-04-18,7.0,12.549843788146973,0.0,22.202552795410156
M,12,8,2025-02-28,2025-04-25,11.0,14.354625701904297,0.0,38.97676086425781
M,12,8,2025-03-07,2025-05-02,4.0,16.34186363220215,1.6795158386230469,40.96399688720703
M,12,8,2025-03-14,2025-05-09,7.0,15.965815544128418,1.3034677505493164,40.587947845458984
M,12,8,2025-03-21,2025-05-16,2.0,17.419443130493164,2.7570953369140625,42.04157638549805
M,12,8,2025-03-28,2025-05-23,4.0,17.691606521606445,3.0292587280273438,42.31373977661133
M,12,8,2025-04-04,2025-05-30,5.0,24.773509979248047,10.111162185668945,49.39564514160156
M,12,8,2025-04-11,2025-06-06,1.0,27.718212127685547,13.055864334106445,52.34034729003906
M,12,8,2025-04-18,2025-06-13,7.0,26.678678512573242,12.01633071899414,51.300811767578125
M,12,8,2025-04-25,2025-06-20,9.0,21.187280654907227,6.524932861328125,45.80941390991211
M,12,8,2025-05-02,2025-06-27,9.0,24.557310104370117,9.894962310791016,49.179443359375
M,12,8,2025-05-09,2025-07-04,11.0,29.162410736083984,14.500062942504883,53.7845458984375
M,12,8,2025-05-16,2025-07-11,14.0,25.20726203918457,10.544914245605469,49.82939529418945
M,12,8,2025-05-23,2025-07-18,22.0,15.009138107299805,0.3467903137207031,39.63127136230469
M,12,8,2025-05-30,2025-07-25,15.0,12.163933753967285,0.0,36.786067962646484
M,12,8,2025-06-06,2025-08-01,19.0,11.925305366516113,0.0,36.54743957519531
M,12,8,2025-06-13,2025-08-08,25.0,14.132512092590332,0.0,38.75464630126953
M,12,8,2025-06-20,2025-08-15,17.0,15.946878433227539,0.0,40.56901168823242
M,12,8,2025-06-27,2025-08-22,16.0,19.784616470336914,0.0,44.4067497253418
M,12,8,2025-07-04,2025-08-29,16.0,12.410683631896973,0.0,37.03281784057617
M,12,8,2025-07-11,2025-09-05,,15.05078125,0.0,39.67291259765625
M,12,8,2025-07-18,2025-09-12,,11.058260917663574,0.0,35.68039321899414
M,12,8,2025-07-25,2025-09-19,,6.4129638671875,0.0,31.035097122192383
M,12,8,2025-08-01,2025-09-26,,4.978063583374023,0.0,29.600196838378906
M,12,8,2025-08-08,2025-10-03,,4.886270046234131,0.0,29.508403778076172
M,12,8,2025-08-15,2025-10-10,,5.364590644836426,0.0,29.986724853515625
M,12,8,2025-08-22,2025-10-17,,5.410755634307861,0.0,30.032888412475586
M,12,12,2023-02-17,2023-05-12,4.0,2.0985302925109863,0.0,10.867010116577148
M,12,12,2023-02-24,2023-05-19,2.0,2.082770824432373,0.0,10.851251602172852
M,12,12,2023-03-03,2023-05-26,2.0,2.0204291343688965,0.0,10.788909912109375
M,12,12,2023-03-10,2023-06-02,6.0,2.087620973587036,0.0,10.856101036071777
M,12,12,2023-03-17,2023-06-09,7.0,2.50988507270813,0.0,11.278365135192871
M,12,12,2023-03-24,2023-06-16,2.0,3.1807119846343994,0.0,11.94919204711914
M,12,12,2023-03-31,2023-06-23,3.0,4.525420188903809,0.0,13.293900489807129
M,12,12,2023-04-07,2023-06-30,3.0,5.620208740234375,0.0,14.388689041137695
M,12,12,2023-04-14,2023-07-07,10.0,10.79431438446045,0.0,19.562793731689453
M,12,12,2023-04-21,2023-07-14,8.0,15.862410545349121,0.0,24.630889892578125
M,12,12,2023-04-28,2023-07-21,6.0,19.031522750854492,0.0,27.800003051757812
M,12,12,2023-05-05,2023-07-28,8.0,26.426359176635742,0.0,35.19483947753906
M,12,12,2023-05-12,2023-08-04,8.0,33.25462341308594,6.217811584472656,42.023101806640625
M,12,12,2023-05-19,2023-08-11,14.0,33.27964401245117,6.242832183837891,42.048126220703125
M,12,12,2023-05-26,2023-08-18,7.0,23.904804229736328,0.0,32.67328643798828
M,12,12,2023-06-02,2023-08-25,10.0,17.78251075744629,0.0,26.55099105834961
M,12,12,2023-06-09,2023-09-01,9.0,15.839714050292969,0.0,24.60819435119629
M,12,12,2023-06-16,2023-09-08,10.0,17.476646423339844,0.0,26.245126724243164
M,12,12,2023-06-23,2023-09-15,4.0,16.86295509338379,0.0,25.63143539428711
M,12,12,2023-06-30,2023-09-22,7.0,17.122838973999023,0.0,25.891319274902344
M,12,12,2023-07-07,2023-09-29,5.0,16.800100326538086,0.0,23.553863525390625
M,12,12,2023-07-14,2023-10-06,9.0,16.230701446533203,0.0,22.984466552734375
M,12,12,2023-07-21,2023-10-13,6.0,13.450216293334961,0.0,20.2039794921875
M,12,12,2023-07-28,2023-10-20,9.0,9.57714557647705,0.0,16.330909729003906
M,12,12,2023-08-04,2023-10-27,7.0,5.854891300201416,0.0,10.680046081542969
M,12,12,2023-08-11,2023-11-03,8.0,5.336148262023926,0.0,10.16130256652832
M,12,12,2023-08-18,2023-11-10,4.0,5.366670608520508,0.0,10.191824913024902
M,12,12,2023-08-25,2023-11-17,7.0,5.496258735656738,0.0,10.321413040161133
M,12,12,2023-09-01,2023-11-24,5.0,5.71270227432251,0.0,10.537857055664062
M,12,12,2023-09-08,2023-12-01,6.0,4.9211602210998535,0.0,9.746315002441406
M,12,12,2023-09-15,2023-12-08,5.0,5.115799903869629,0.0,9.940954208374023
M,12,12,2023-09-22,2023-12-15,5.0,5.00864839553833,0.0,9.833803176879883
M,12,12,2023-09-29,2023-12-22,2.0,4.816417694091797,0.0,9.641571998596191
M,12,12,2023-10-06,2023-12-29,5.0,7.287539482116699,0.0,12.112693786621094
M,12,12,2023-10-13,2024-01-05,7.0,8.16053581237793,0.0,12.985690116882324
M,12,12,2023-10-20,2024-01-12,7.0,5.481537818908691,0.0,10.306692123413086
M,12,12,2023-10-27,2024-01-19,6.0,6.577831268310547,0.0,11.402985572814941
M,12,12,2023-11-03,2024-01-26,5.0,9.741446495056152,0.0,14.566600799560547
M,12,12,2023-11-10,2024-02-02,5.0,8.419336318969727,0.0,13.244490623474121
M,12,12,2023-11-17,2024-02-09,7.0,8.357437133789062,0.0,13.182591438293457
M,12,12,2023-11-24,2024-02-16,4.0,7.516041278839111,0.0,12.006156921386719
M,12,12,2023-12-01,2024-02-23,4.0,8.646072387695312,0.0,13.136187553405762
M,12,12,2023-12-08,2024-03-01,4.0,10.506593704223633,0.0,14.996708869934082
M,12,12,2023-12-15,2024-03-08,4.0,11.890164375305176,0.0,16.380279541015625
M,12,12,2023-12-22,2024-03-15,2.0,7.03045654296875,0.0,11.5205717086792
M,12,12,2023-12-29,2024-03-22,1.0,8.020267486572266,0.0,12.510382652282715
M,12,12,2024-01-05,2024-03-29,2.0,4.938070297241211,0.0,9.42818546295166
M,12,12,2024-01-12,2024-04-05,0.0,3.136052131652832,0.0,7.626167297363281
M,12,12,2024-01-19,2024-04-12,1.0,2.963273286819458,0.0,7.453388214111328
M,12,12,2024-01-26,2024-04-19,5.0,2.3632144927978516,0.0,6.853329658508301
M,12,12,2024-02-02,2024-04-26,2.0,2.5974559783935547,0.0,7.087571144104004
M,12,12,2024-02-09,2024-05-03,1.0,2.51826810836792,0.0,7.008383274078369
M,12,12,2024-02-16,2024-05-10,2.0,2.5506973266601562,0.0,7.0408124923706055
M,12,12,2024-02-23,2024-05-17,1.0,2.849344253540039,0.0,7.339459419250488
M,12,12,2024-03-01,2024-05-24,2.0,3.607358455657959,0.0,8.09747314453125
M,12,12,2024-03-08,2024-05-31,5.0,3.481243848800659,0.0,7.9713592529296875
M,12,12,2024-03-15,2024-06-07,4.0,3.6410276889801025,0.0,8.131142616271973
M,12,12,2024-03-22,2024-06-14,2.0,4.592168807983398,0.0,9.082283973693848
M,12,12,2024-03-29,2024-06-21,4.0,4.679468154907227,0.0,9.169583320617676
M,12,12,2024-04-05,2024-06-28,3.0,4.588650703430176,0.0,9.078765869140625
M,12,12,2024-04-12,2024-07-05,4.0,6.027420997619629,0.0,10.517536163330078
M,12,12,2024-04-19,2024-07-12,8.0,3.6402769088745117,0.0,8.130392074584961
M,12,12,2024-04-26,2024-07-19,4.0,4.675364971160889,0.0,9.16547966003418
M,12,12,2024-05-03,2024-07-26,8.0,5.233882904052734,0.0,9.723998069763184
M,12,12,2024-05-10,2024-08-02,13.0,7.450815677642822,0.0,11.94093132019043
M,12,12,2024-05-17,2024-08-09,15.0,8.52915096282959,0.0,13.019266128540039
M,12,12,2024-05-24,2024-08-16,9.0,7.892063617706299,0.0,12.382179260253906
M,12,12,2024-05-31,2024-08-23,18.0,10.111599922180176,0.0,14.601715087890625
M,12,12,2024-06-07,2024-08-30,10.0,10.021881103515625,0.0,14.511996269226074
M,12,12,2024-06-14,2024-09-06,9.0,9.90237045288086,0.0,14.392485618591309
M,12,12,2024-06-21,2024-09-13,8.0,10.902527809143066,0.0,13.56637954711914
M,12,12,2024-06-28,2024-09-20,16.0,13.655179977416992,0.0,16.31903076171875
M,12,12,2024-07-05,2024-09-27,18.0,11.513612747192383,0.0,14.177464485168457
M,12,12,2024-07-12,2024-10-04,13.0,11.720671653747559,0.0,14.384523391723633
M,12,12,2024-07-19,2024-10-11,11.0,9.696629524230957,0.0,12.360481262207031
M,12,12,2024-07-26,2024-10-18,11.0,8.741621971130371,0.0,13.10134506225586
M,12,12,2024-08-02,2024-10-25,12.0,7.220346927642822,0.0,11.580070495605469
M,12,12,2024-08-09,2024-11-01,24.0,7.737402439117432,0.0,12.097126007080078
M,12,12,2024-08-16,2024-11-08,15.0,8.374237060546875,0.0,13.923421859741211
M,12,12,2024-08-23,2024-11-15,17.0,12.149190902709961,0.0,18.620040893554688
M,12,12,2024-08-30,2024-11-22,19.0,12.453268051147461,0.0,18.924118041992188
M,12,12,2024-09-06,2024-11-29,18.0,10.465253829956055,0.0,18.353652954101562
M,12,12,2024-09-13,2024-12-06,15.0,7.043454170227051,0.0,14.931854248046875
M,12,12,2024-09-20,2024-12-13,15.0,10.29931926727295,0.0,18.187719345092773
M,12,12,2024-09-27,2024-12-20,8.0,9.76465892791748,0.0,17.653059005737305
M,12,12,2024-10-04,2024-12-27,8.0,6.056056976318359,0.0,13.944457054138184
M,12,12,2024-10-11,2025-01-03,13.0,4.771692752838135,0.0,12.660093307495117
M,12,12,2024-10-18,2025-01-10,16.0,7.06639289855957,0.0,14.954792976379395
M,12,12,2024-10-25,2025-01-17,15.0,6.229211330413818,0.0,14.117610931396484
M,12,12,2024-11-01,2025-01-24,10.0,9.026294708251953,1.1361303329467773,16.914695739746094
M,12,12,2024-11-08,2025-01-31,20.0,33.142425537109375,25.252262115478516,41.030826568603516
M,12,12,2024-11-15,2025-02-07,18.0,33.28536605834961,25.39520263671875,49.54796600341797
M,12,12,2024-11-22,2025-02-14,34.0,19.43541717529297,11.545252799987793,35.69801330566406
M,12,12,2024-11-29,2025-02-21,33.0,16.04060173034668,8.150437355041504,32.303199768066406
M,12,12,2024-12-06,2025-02-28,26.0,9.061986923217773,1.1718225479125977,25.3245849609375
M,12,12,2024-12-13,2025-03-07,22.0,8.443973541259766,0.5538091659545898,24.706571578979492
M,12,12,2024-12-20,2025-03-14,14.0,8.610831260681152,0.7206668853759766,24.873428344726562
M,12,12,2024-12-27,2025-03-21,11.0,8.734732627868652,0.8445682525634766,24.997329711914062
M,12,12,2025-01-03,2025-03-28,10.0,8.856565475463867,0.9664011001586914,25.119163513183594
M,12,12,2025-01-10,2025-04-04,9.0,8.473400115966797,0.5832357406616211,24.735998153686523
M,12,12,2025-01-17,2025-04-11,4.0,8.117411613464355,0.2272472381591797,24.380008697509766
M,12,12,2025-01-24,2025-04-18,7.0,8.55926513671875,0.6691007614135742,24.821863174438477
M,12,12,2025-01-31,2025-04-25,11.0,8.877148628234863,0.9869842529296875,25.139747619628906
M,12,12,2025-02-07,2025-05-02,4.0,8.276251792907715,0.38608741760253906,24.538848876953125
M,12,12,2025-02-14,2025-05-09,7.0,9.456388473510742,0.0,25.71898651123047
M,12,12,2025-02-21,2025-05-16,2.0,10.821887016296387,0.0,27.084484100341797
M,12,12,2025-02-28,2025-05-23,4.0,12.922924041748047,0.0,29.185522079467773
M,12,12,2025-03-07,2025-05-30,5.0,17.43817710876465,2.152811050415039,34.39757537841797
M,12,12,2025-03-14,2025-06-06,1.0,22.654685974121094,7.369319915771484,39.61408233642578
M,12,12,2025-03-21,2025-06-13,7.0,32.59575653076172,17.31039047241211,49.555152893066406
M,12,12,2025-03-28,2025-06-20,9.0,33.07267761230469,17.787311553955078,50.032073974609375
M,12,12,2025-04-04,2025-06-27,9.0,33.294769287109375,18.009403228759766,50.25416564941406
M,12,12,2025-04-11,2025-07-04,11.0,33.30329513549805,18.017929077148438,50.2626953125
M,12,12,2025-04-18,2025-07-11,14.0,33.30118942260742,18.015823364257812,50.260589599609375
M,12,12,2025-04-25,2025-07-18,22.0,33.2773323059082,17.991966247558594,50.236732482910156
M,12,12,2025-05-02,2025-07-25,15.0,33.296043395996094,18.010677337646484,50.25543975830078
M,12,12,2025-05-09,2025-08-01,19.0,33.30550003051758,18.02013397216797,50.26490020751953
M,12,12,2025-05-16,2025-08-08,25.0,33.29795455932617,18.012588500976562,50.257354736328125
M,12,12,2025-05-23,2025-08-15,17.0,32.687294006347656,17.401927947998047,49.646690368652344
M,12,12,2025-05-30,2025-08-22,16.0,22.470949172973633,7.185583114624023,39.43034744262695
M,12,12,2025-06-06,2025-08-29,16.0,17.036243438720703,1.7508773803710938,33.995643615722656
M,12,12,2025-06-13,2025-09-05,,16.699142456054688,1.4137763977050781,33.658538818359375
M,12,12,2025-06-20,2025-09-12,,15.601339340209961,0.0,32.56073760986328
M,12,12,2025-06-27,2025-09-19,,13.854225158691406,0.0,30.813623428344727
M,12,12,2025-07-04,2025-09-26,,7.560861110687256,0.0,24.520259857177734
M,12,12,2025-07-11,2025-10-03,,10.297409057617188,0.0,27.256807327270508
M,12,12,2025-07-18,2025-10-10,,5.467225551605225,0.0,22.426624298095703
M,12,12,2025-07-25,2025-10-17,,3.2817625999450684,0.0,20.241161346435547
M,12,12,2025-08-01,2025-10-24,,2.654662847518921,0.0,19.61406135559082
M,12,12,2025-08-08,2025-10-31,,2.6445605754852295,0.0,19.603958129882812
M,12,12,2025-08-15,2025-11-07,,3.029230833053589,0.0,19.988628387451172
M,12,12,2025-08-22,2025-11-14,,3.329305410385132,0.0,20.28870391845703
N,13,1,2023-02-17,2023-02-24,5.0,6.270662307739258,0.0,18.262157440185547
N,13,1,2023-02-24,2023-03-03,9.0,5.472379207611084,0.0,17.46387481689453
N,13,1,2023-03-03,2023-03-10,5.0,4.924562931060791,0.0,16.916057586669922
N,13,1,2023-03-10,2023-03-17,2.0,4.046955585479736,0.0,16.038450241088867
N,13,1,2023-03-17,2023-03-24,4.0,3.7780323028564453,0.0,15.769527435302734
N,13,1,2023-03-24,2023-03-31,4.0,3.6050965785980225,0.0,15.59659194946289
N,13,1,2023-03-31,2023-04-07,1.0,3.498551607131958,0.0,15.490046501159668
N,13,1,2023-04-07,2023-04-14,6.0,3.433192253112793,0.0,15.424687385559082
N,13,1,2023-04-14,2023-04-21,2.0,2.971498966217041,0.0,14.962993621826172
N,13,1,2023-04-21,2023-04-28,3.0,3.0031633377075195,0.0,14.994658470153809
N,13,1,2023-04-28,2023-05-05,6.0,2.861854076385498,0.0,14.853349685668945
N,13,1,2023-05-05,2023-05-12,5.0,3.2784509658813477,0.0,15.269946098327637
N,13,1,2023-05-12,2023-05-19,10.0,4.547055721282959,0.0,16.538551330566406
N,13,1,2023-05-19,2023-05-26,2.0,7.292525291442871,0.0,19.284019470214844
N,13,1,2023-05-26,2023-06-02,10.0,8.389992713928223,0.0,20.381488800048828
N,13,1,2023-06-02,2023-06-09,5.0,9.661233901977539,0.4863090515136719,21.652729034423828
N,13,1,2023-06-09,2023-06-16,7.0,11.90137004852295,2.726445198059082,23.892864227294922
N,13,1,2023-06-16,2023-06-23,15.0,12.235389709472656,3.060464859008789,24.226884841918945
N,13,1,2023-06-23,2023-06-30,9.0,13.882414817810059,4.707489967346191,25.87390899658203
N,13,1,2023-06-30,2023-07-07,8.0,14.401914596557617,5.22698974609375,26.393409729003906
N,13,1,2023-07-07,2023-07-14,14.0,14.749821662902832,5.574896812438965,26.741317749023438
N,13,1,2023-07-14,2023-07-21,4.0,17.984399795532227,8.80947494506836,29.975894927978516
N,13,1,2023-07-21,2023-07-28,11.0,20.4523868560791,11.277462005615234,32.44388198852539
N,13,1,2023-07-28,2023-08-04,11.0,24.35259437561035,15.177669525146484,36.34408950805664
N,13,1,2023-08-04,2023-08-11,12.0,24.943601608276367,10.95920181274414,36.935096740722656
N,13,1,2023-08-11,2023-08-18,10.0,22.218666076660156,8.23426628112793,34.21015930175781
N,13,1,2023-08-18,2023-08-25,11.0,20.512651443481445,6.528251647949219,32.504146575927734
N,13,1,2023-08-25,2023-09-01,6.0,15.140242576599121,1.1558427810668945,27.131736755371094
N,13,1,2023-09-01,2023-09-08,18.0,15.049540519714355,1.065140724182129,27.041034698486328
N,13,1,2023-09-08,2023-09-15,11.0,12.486888885498047,0.0,24.478384017944336
N,13,1,2023-09-15,2023-09-22,23.0,11.708868980407715,0.0,23.700363159179688
N,13,1,2023-09-22,2023-09-29,5.0,13.949695587158203,0.0,22.478275299072266
N,13,1,2023-09-29,2023-10-06,12.0,14.641329765319824,0.6569299697875977,23.169910430908203
N,13,1,2023-10-06,2023-10-13,14.0,11.957987785339355,0.0,23.24911880493164
N,13,1,2023-10-13,2023-10-20,12.0,10.360273361206055,0.0,21.651405334472656
N,13,1,2023-10-20,2023-10-27,11.0,8.92008113861084,0.0,20.211212158203125
N,13,1,2023-10-27,2023-11-03,14.0,7.653506278991699,0.0,18.944637298583984
N,13,1,2023-11-03,2023-11-10,14.0,6.752684593200684,0.0,18.04381561279297
N,13,1,2023-11-10,2023-11-17,13.0,6.959474563598633,0.0,18.250606536865234
N,13,1,2023-11-17,2023-11-24,9.0,6.862114906311035,0.0,18.15324592590332
N,13,1,2023-11-24,2023-12-01,6.0,6.457779407501221,0.0,17.748910903930664
N,13,1,2023-12-01,2023-12-08,12.0,5.828255653381348,0.0,17.119386672973633
N,13,1,2023-12-08,2023-12-15,8.0,5.742656707763672,0.0,17.03378677368164
N,13,1,2023-12-15,2023-12-22,1.0,5.960412979125977,0.0,17.251544952392578
N,13,1,2023-12-22,2023-12-29,9.0,6.0739946365356445,0.0,17.36512565612793
N,13,1,2023-12-29,2024-01-05,11.0,6.72506046295166,0.0,18.016191482543945
N,13,1,2024-01-05,2024-01-12,5.0,6.048704147338867,0.0,17.33983612060547
N,13,1,2024-01-12,2024-01-19,10.0,5.394874572753906,0.0,16.686004638671875
N,13,1,2024-01-19,2024-01-26,10.0,5.316834926605225,0.0,16.60796546936035
N,13,1,2024-01-26,2024-02-02,12.0,5.513677597045898,0.0,16.8048095703125
N,13,1,2024-02-02,2024-02-09,10.0,5.680697917938232,0.0,16.97182846069336
N,13,1,2024-02-09,2024-02-16,4.0,4.830674648284912,0.0,16.12180519104004
N,13,1,2024-02-16,2024-02-23,6.0,3.7866098880767822,0.0,15.077740669250488
N,13,1,2024-02-23,2024-03-01,11.0,3.1992499828338623,0.0,14.490381240844727
N,13,1,2024-03-01,2024-03-08,8.0,2.8752050399780273,0.0,14.166336059570312
N,13,1,2024-03-08,2024-03-15,5.0,2.672243118286133,0.0,13.963374137878418
N,13,1,2024-03-15,2024-03-22,8.0,2.4343197345733643,0.0,13.72545051574707
N,13,1,2024-03-22,2024-03-29,3.0,2.320134162902832,0.0,13.611265182495117
N,13,1,2024-03-29,2024-04-05,5.0,2.0000159740448,0.0,13.291147232055664
N,13,1,2024-04-05,2024-04-12,6.0,1.615247130393982,0.0,12.906377792358398
N,13,1,2024-04-12,2024-04-19,4.0,1.7165104150772095,0.0,13.007641792297363
N,13,1,2024-04-19,2024-04-26,6.0,1.03342604637146,0.0,12.324557304382324
N,13,1,2024-04-26,2024-05-03,2.0,0.720526933670044,0.0,12.01165771484375
N,13,1,2024-05-03,2024-05-10,2.0,0.6632441282272339,0.0,11.954375267028809
N,13,1,2024-05-10,2024-05-17,1.0,0.910880446434021,0.0,12.202011108398438
N,13,1,2024-05-17,2024-05-24,4.0,1.325645089149475,0.0,12.616776466369629
N,13,1,2024-05-24,2024-05-31,5.0,1.5755712985992432,0.0,12.86670207977295
N,13,1,2024-05-31,2024-06-07,6.0,2.1373019218444824,0.0,13.42843246459961
N,13,1,2024-06-07,2024-06-14,7.0,2.961716651916504,0.0,14.252847671508789
N,13,1,2024-06-14,2024-06-21,6.0,4.546910285949707,0.0,15.838041305541992
N,13,1,2024-06-21,2024-06-28,11.0,6.374914646148682,0.0,17.666046142578125
N,13,1,2024-06-28,2024-07-05,19.0,9.051618576049805,0.0,20.342750549316406
N,13,1,2024-07-05,2024-07-12,26.0,13.1111478805542,0.0,24.402278900146484
N,13,1,2024-07-12,2024-07-19,11.0,19.105327606201172,5.120927810668945,30.39645767211914
N,13,1,2024-07-19,2024-07-26,18.0,24.27324676513672,10.288846969604492,35.56437683105469
N,13,1,2024-07-26,2024-08-02,26.0,29.50857162475586,15.524171829223633,42.397422790527344
N,13,1,2024-08-02,2024-08-09,19.0,31.934185028076172,18.58159065246582,44.823036193847656
N,13,1,2024-08-09,2024-08-16,23.0,32.055877685546875,18.703283309936523,44.94472885131836
N,13,1,2024-08-16,2024-08-23,31.0,29.093929290771484,16.150327682495117,41.98278045654297
N,13,1,2024-08-23,2024-08-30,19.0,27.491397857666016,14.557212829589844,40.3802490234375
N,13,1,2024-08-30,2024-09-06,19.0,27.245193481445312,14.31100845336914,40.1340446472168
N,13,1,2024-09-06,2024-09-13,35.0,27.88237762451172,14.948192596435547,40.7712287902832
N,13,1,2024-09-13,2024-09-20,46.0,27.784658432006836,14.850473403930664,40.67351150512695
N,13,1,2024-09-20,2024-09-27,34.0,31.13319969177246,18.19901466369629,44.02205276489258
N,13,1,2024-09-27,2024-10-04,40.0,31.57163429260254,18.637449264526367,44.460487365722656
N,13,1,2024-10-04,2024-10-11,39.0,30.666540145874023,17.73235511779785,48.88188171386719
N,13,1,2024-10-11,2024-10-18,32.0,31.125173568725586,18.190988540649414,49.34051513671875
N,13,1,2024-10-18,2024-10-25,31.0,31.87029457092285,18.93610954284668,50.085636138916016
N,13,1,2024-10-25,2024-11-01,52.0,31.016433715820312,18.08224868774414,49.231773376464844
N,13,1,2024-11-01,2024-11-08,58.0,29.344160079956055,16.409975051879883,47.55950164794922
N,13,1,2024-11-08,2024-11-15,58.0,30.023391723632812,17.08920669555664,48.238731384277344
N,13,1,2024-11-15,2024-11-22,55.0,29.76462745666504,16.830442428588867,50.748191833496094
N,13,1,2024-11-22,2024-11-29,57.0,29.24555206298828,16.31136703491211,57.901390075683594
N,13,1,2024-11-29,2024-12-06,43.0,30.71357536315918,17.779390335083008,59.369415283203125
N,13,1,2024-12-06,2024-12-13,33.0,30.320573806762695,17.386388778686523,58.97641372680664
N,13,1,2024-12-13,2024-12-20,13.0,28.119461059570312,15.18527603149414,56.775299072265625
N,13,1,2024-12-20,2024-12-27,19.0,25.701906204223633,12.767721176147461,54.35774612426758
N,13,1,2024-12-27,2025-01-03,24.0,20.616161346435547,7.681976318359375,49.272003173828125
N,13,1,2025-01-03,2025-01-10,45.0,16.19236183166504,1.0729007720947266,44.848201751708984
N,13,1,2025-01-10,2025-01-17,33.0,14.071221351623535,0.0,42.7270622253418
N,13,1,2025-01-17,2025-01-24,37.0,13.19447135925293,0.0,41.850311279296875
N,13,1,2025-01-24,2025-01-31,36.0,13.669964790344238,0.0,42.477603912353516
N,13,1,2025-01-31,2025-02-07,34.0,16.09499168395996,0.9755306243896484,44.90262985229492
N,13,1,2025-02-07,2025-02-14,59.0,18.318206787109375,3.1987457275390625,47.12584686279297
N,13,1,2025-02-14,2025-02-21,35.0,22.849365234375,7.7299041748046875,51.657005310058594
N,13,1,2025-02-21,2025-02-28,26.0,24.804616928100586,9.685155868530273,53.61225509643555
N,13,1,2025-02-28,2025-03-07,24.0,26.480178833007812,11.3607177734375,67.16197204589844
N,13,1,2025-03-07,2025-03-14,28.0,25.664426803588867,10.544965744018555,66.34622192382812
N,13,1,2025-03-14,2025-03-21,22.0,22.970739364624023,7.851278305053711,63.65253448486328
N,13,1,2025-03-21,2025-03-28,14.0,18.307641983032227,3.188180923461914,58.98943328857422
N,13,1,2025-03-28,2025-04-04,15.0,14.687379837036133,0.0,55.369171142578125
N,13,1,2025-04-04,2025-04-11,20.0,11.885748863220215,0.0,52.567543029785156
N,13,1,2025-04-11,2025-04-18,4.0,11.911905288696289,0.0,52.59369659423828
N,13,1,2025-04-18,2025-04-25,7.0,10.921687126159668,0.0,51.60348129272461
N,13,1,2025-04-25,2025-05-02,8.0,9.740784645080566,0.0,50.422576904296875
N,13,1,2025-05-02,2025-05-09,4.0,9.420807838439941,0.0,50.10260009765625
N,13,1,2025-05-09,2025-05-16,6.0,8.636807441711426,0.0,49.318599700927734
N,13,1,2025-05-16,2025-05-23,5.0,7.449576377868652,0.0,48.131370544433594
N,13,1,2025-05-23,2025-05-30,7.0,5.904379844665527,0.0,46.58617401123047
N,13,1,2025-05-30,2025-06-06,6.0,5.291887283325195,0.0,45.97367858886719
N,13,1,2025-06-06,2025-06-13,6.0,5.784778118133545,0.0,46.46657180786133
N,13,1,2025-06-13,2025-06-20,3.0,6.935858249664307,0.0,47.617652893066406
N,13,1,2025-06-20,2025-06-27,8.0,7.469161510467529,0.0,48.15095520019531
N,13,1,2025-06-27,2025-07-04,11.0,9.29292106628418,0.0,49.97471618652344
N,13,1,2025-07-04,2025-07-11,11.0,13.548033714294434,0.0,54.229827880859375
N,13,1,2025-07-11,2025-07-18,11.0,18.09258460998535,2.973123550415039,58.774375915527344
N,13,1,2025-07-18,2025-07-25,11.0,17.963172912597656,2.8437118530273438,58.64496612548828
N,13,1,2025-07-25,2025-08-01,17.0,15.418808937072754,0.2993478775024414,56.10060119628906
N,13,1,2025-08-01,2025-08-08,17.0,13.341381072998047,0.0,54.02317428588867
N,13,1,2025-08-08,2025-08-15,28.0,11.75891399383545,0.0,52.44070816040039
N,13,1,2025-08-15,2025-08-22,21.0,13.029715538024902,0.0,53.711509704589844
N,13,1,2025-08-22,2025-08-29,21.0,14.098699569702148,0.0,54.780494689941406
N,13,2,2023-02-17,2023-03-03,9.0,6.245843887329102,0.0,19.748184204101562
N,13,2,2023-02-24,2023-03-10,5.0,5.272555351257324,0.0,18.77489471435547
N,13,2,2023-03-03,2023-03-17,2.0,4.6100969314575195,0.0,18.112436294555664
N,13,2,2023-03-10,2023-03-24,4.0,3.6884970664978027,0.0,17.19083595275879
N,13,2,2023-03-17,2023-03-31,4.0,3.4706315994262695,0.0,16.972970962524414
N,13,2,2023-03-24,2023-04-07,1.0,3.473176956176758,0.0,16.97551727294922
N,13,2,2023-03-31,2023-04-14,6.0,3.4880728721618652,0.0,16.99041175842285
N,13,2,2023-04-07,2023-04-21,2.0,3.456380605697632,0.0,16.95871925354004
N,13,2,2023-04-14,2023-04-28,3.0,3.168260335922241,0.0,16.67059898376465
N,13,2,2023-04-21,2023-05-05,6.0,3.3399696350097656,0.0,16.842308044433594
N,13,2,2023-04-28,2023-05-12,5.0,3.2472143173217773,0.0,16.749553680419922
N,13,2,2023-05-05,2023-05-19,10.0,3.9191040992736816,0.0,17.421443939208984
N,13,2,2023-05-12,2023-05-26,2.0,5.666476726531982,0.0,19.16881561279297
N,13,2,2023-05-19,2023-06-02,10.0,9.53177261352539,1.0674800872802734,23.03411102294922
N,13,2,2023-05-26,2023-06-09,5.0,9.756628036499023,1.2923355102539062,23.258968353271484
N,13,2,2023-06-02,2023-06-16,7.0,10.940079689025879,2.4757871627807617,24.442419052124023
N,13,2,2023-06-09,2023-06-23,15.0,12.270696640014648,3.8064041137695312,25.77303695678711
N,13,2,2023-06-16,2023-06-30,9.0,12.659626960754395,4.195334434509277,26.16196632385254
N,13,2,2023-06-23,2023-07-07,8.0,14.913576126098633,6.449283599853516,28.415916442871094
N,13,2,2023-06-30,2023-07-14,14.0,15.49389362335205,7.029601097106934,28.996232986450195
N,13,2,2023-07-07,2023-07-21,4.0,15.776225090026855,7.311932563781738,29.278564453125
N,13,2,2023-07-14,2023-07-28,11.0,19.123708724975586,10.659416198730469,32.62604904174805
N,13,2,2023-07-21,2023-08-04,11.0,21.53915023803711,13.074857711791992,35.04148864746094
N,13,2,2023-07-28,2023-08-11,12.0,26.04113006591797,17.57683753967285,39.5434684753418
N,13,2,2023-08-04,2023-08-18,10.0,25.118074417114258,13.341849327087402,38.62041473388672
N,13,2,2023-08-11,2023-08-25,11.0,20.3966007232666,8.620375633239746,33.89894104003906
N,13,2,2023-08-18,2023-09-01,6.0,18.247465133666992,6.471240043640137,31.749805450439453
N,13,2,2023-08-25,2023-09-08,18.0,13.697784423828125,0.0,27.200122833251953
N,13,2,2023-09-01,2023-09-15,11.0,13.69227123260498,0.0,27.194610595703125
N,13,2,2023-09-08,2023-09-22,23.0,11.512473106384277,0.0,25.014812469482422
N,13,2,2023-09-15,2023-09-29,5.0,10.684527397155762,0.0,24.186866760253906
N,13,2,2023-09-22,2023-10-06,12.0,12.615774154663086,0.0,21.99660301208496
N,13,2,2023-09-29,2023-10-13,14.0,12.874778747558594,0.0,22.25560760498047
N,13,2,2023-10-06,2023-10-20,12.0,10.536643981933594,0.0,22.024169921875
N,13,2,2023-10-13,2023-10-27,11.0,9.042648315429688,0.0,20.530174255371094
N,13,2,2023-10-20,2023-11-03,14.0,7.505390644073486,0.0,18.992918014526367
N,13,2,2023-10-27,2023-11-10,14.0,6.423814296722412,0.0,17.911340713500977
N,13,2,2023-11-03,2023-11-17,13.0,5.983572959899902,0.0,17.471099853515625
N,13,2,2023-11-10,2023-11-24,9.0,6.487832069396973,0.0,17.975358963012695
N,13,2,2023-11-17,2023-12-01,6.0,6.441118240356445,0.0,17.928646087646484
N,13,2,2023-11-24,2023-12-08,12.0,6.136004447937012,0.0,17.623531341552734
N,13,2,2023-12-01,2023-12-15,8.0,5.707851409912109,0.0,17.195377349853516
N,13,2,2023-12-08,2023-12-22,1.0,5.865605354309082,0.0,17.353132247924805
N,13,2,2023-12-15,2023-12-29,9.0,6.264984130859375,0.0,17.75251007080078
N,13,2,2023-12-22,2024-01-05,11.0,6.200140476226807,0.0,17.687667846679688
N,13,2,2023-12-29,2024-01-12,5.0,6.981893539428711,0.0,18.46942138671875
N,13,2,2024-01-05,2024-01-19,10.0,6.167471408843994,0.0,17.654998779296875
N,13,2,2024-01-12,2024-01-26,10.0,5.309103012084961,0.0,16.796630859375
N,13,2,2024-01-19,2024-02-02,12.0,5.290713310241699,0.0,16.778240203857422
N,13,2,2024-01-26,2024-02-09,10.0,5.4522600173950195,0.0,16.939786911010742
N,13,2,2024-02-02,2024-02-16,4.0,5.648026943206787,0.0,17.13555335998535
N,13,2,2024-02-09,2024-02-23,6.0,4.636381149291992,0.0,16.12390899658203
N,13,2,2024-02-16,2024-03-01,11.0,3.508122682571411,0.0,14.995649337768555
N,13,2,2024-02-23,2024-03-08,8.0,2.86942982673645,0.0,14.356956481933594
N,13,2,2024-03-01,2024-03-15,5.0,2.7077977657318115,0.0,14.195324897766113
N,13,2,2024-03-08,2024-03-22,8.0,2.5431981086730957,0.0,14.030725479125977
N,13,2,2024-03-15,2024-03-29,3.0,2.356083631515503,0.0,13.843610763549805
N,13,2,2024-03-22,2024-04-05,5.0,2.361135721206665,0.0,13.848662376403809
N,13,2,2024-03-29,2024-04-12,6.0,2.0659499168395996,0.0,13.553476333618164
N,13,2,2024-04-05,2024-04-19,4.0,1.6818764209747314,0.0,13.169403076171875
N,13,2,2024-04-12,2024-04-26,6.0,1.9025810956954956,0.0,13.390108108520508
N,13,2,2024-04-19,2024-05-03,2.0,1.0684031248092651,0.0,12.555930137634277
N,13,2,2024-04-26,2024-05-10,2.0,0.8295382261276245,0.0,12.317065238952637
N,13,2,2024-05-03,2024-05-17,1.0,0.8420958518981934,0.0,12.329622268676758
N,13,2,2024-05-10,2024-05-24,4.0,1.1591325998306274,0.0,12.646659851074219
N,13,2,2024-05-17,2024-05-31,5.0,1.6402168273925781,0.0,13.1277437210083
N,13,2,2024-05-24,2024-06-07,6.0,1.804383635520935,0.0,13.291910171508789
N,13,2,2024-05-31,2024-06-14,7.0,2.529747486114502,0.0,14.017274856567383
N,13,2,2024-06-07,2024-06-21,6.0,3.4866762161254883,0.0,14.974203109741211
N,13,2,2024-06-14,2024-06-28,11.0,5.098909378051758,0.0,16.586437225341797
N,13,2,2024-06-21,2024-07-05,19.0,7.062751770019531,0.0,18.550277709960938
N,13,2,2024-06-28,2024-07-12,26.0,10.177611351013184,0.0,21.665138244628906
N,13,2,2024-07-05,2024-07-19,11.0,14.884523391723633,0.0,26.372051239013672
N,13,2,2024-07-12,2024-07-26,18.0,22.62931251525879,7.511238098144531,34.11684036254883
N,13,2,2024-07-19,2024-08-02,26.0,28.508087158203125,13.390012741088867,40.445335388183594
N,13,2,2024-07-26,2024-08-09,19.0,32.07724380493164,16.959169387817383,47.89963150024414
N,13,2,2024-08-02,2024-08-16,23.0,32.873409271240234,17.755334854125977,48.695796966552734
N,13,2,2024-08-09,2024-08-23,31.0,32.45899963378906,17.340925216674805,48.28138732910156
N,13,2,2024-08-16,2024-08-30,19.0,27.066070556640625,11.947996139526367,42.888458251953125
N,13,2,2024-08-23,2024-09-06,19.0,25.000288009643555,9.882213592529297,40.82267761230469
N,13,2,2024-08-30,2024-09-13,35.0,24.1630859375,11.08584213256836,39.9854736328125
N,13,2,2024-09-06,2024-09-20,46.0,24.634418487548828,11.557174682617188,40.45680618286133
N,13,2,2024-09-13,2024-09-27,34.0,24.21346664428711,11.136222839355469,40.03585433959961
N,13,2,2024-09-20,2024-10-04,40.0,31.665912628173828,18.588668823242188,47.48830032348633
N,13,2,2024-09-27,2024-10-11,39.0,32.340110778808594,19.262866973876953,48.162498474121094
N,13,2,2024-10-04,2024-10-18,32.0,31.317975997924805,18.240732192993164,52.683555603027344
N,13,2,2024-10-11,2024-10-25,31.0,31.56765365600586,18.49040985107422,52.93323516845703
N,13,2,2024-10-18,2024-11-01,52.0,31.613758087158203,18.536514282226562,52.979339599609375
N,13,2,2024-10-25,2024-11-08,58.0,29.443647384643555,16.366403579711914,50.809226989746094
N,13,2,2024-11-01,2024-11-15,58.0,27.134597778320312,14.057353973388672,48.500179290771484
N,13,2,2024-11-08,2024-11-22,55.0,29.649335861206055,16.572092056274414,51.014915466308594
N,13,2,2024-11-15,2024-11-29,57.0,30.079580307006836,17.002336502075195,51.445159912109375
N,13,2,2024-11-22,2024-12-06,43.0,28.97016716003418,15.892923355102539,57.526519775390625
N,13,2,2024-11-29,2024-12-13,33.0,31.094501495361328,18.017257690429688,61.959903717041016
N,13,2,2024-12-06,2024-12-20,13.0,29.660627365112305,16.583383560180664,60.526031494140625
N,13,2,2024-12-13,2024-12-27,19.0,24.545461654663086,11.468217849731445,55.410865783691406
N,13,2,2024-12-20,2025-01-03,24.0,20.970012664794922,7.892768859863281,51.83541488647461
N,13,2,2024-12-27,2025-01-10,45.0,16.493894577026367,3.4166507720947266,47.35929870605469
N,13,2,2025-01-03,2025-01-17,33.0,13.788731575012207,0.0,44.65413284301758
N,13,2,2025-01-10,2025-01-24,37.0,13.052599906921387,0.0,43.91800308227539
N,13,2,2025-01-17,2025-01-31,36.0,13.332314491271973,0.0,44.197715759277344
N,13,2,2025-01-24,2025-02-07,34.0,14.701708793640137,0.0,45.56711196899414
N,13,2,2025-01-31,2025-02-14,59.0,17.58953285217285,0.9289054870605469,48.454933166503906
N,13,2,2025-02-07,2025-02-21,35.0,19.361230850219727,2.700603485107422,50.22663116455078
N,13,2,2025-02-14,2025-02-28,26.0,23.278514862060547,6.617887496948242,54.143917083740234
N,13,2,2025-02-21,2025-03-07,24.0,23.798063278198242,7.1374359130859375,54.66346740722656
N,13,2,2025-02-28,2025-03-14,28.0,25.450429916381836,8.789802551269531,66.86090087890625
N,13,2,2025-03-07,2025-03-21,22.0,23.747726440429688,7.087099075317383,65.15819549560547
N,13,2,2025-03-14,2025-03-28,14.0,20.510936737060547,3.850309371948242,61.92140579223633
N,13,2,2025-03-21,2025-04-04,15.0,16.591697692871094,0.0,58.002166748046875
N,13,2,2025-03-28,2025-04-11,20.0,14.168434143066406,0.0,55.57890319824219
N,13,2,2025-04-04,2025-04-18,4.0,12.46474838256836,0.0,53.87521743774414
N,13,2,2025-04-11,2025-04-25,7.0,13.665380477905273,0.0,55.07585144042969
N,13,2,2025-04-18,2025-05-02,8.0,12.628129005432129,0.0,54.038597106933594
N,13,2,2025-04-25,2025-05-09,4.0,10.789127349853516,0.0,52.1995964050293
N,13,2,2025-05-02,2025-05-16,6.0,10.359685897827148,0.0,51.77015686035156
N,13,2,2025-05-09,2025-05-23,5.0,9.437823295593262,0.0,50.84829330444336
N,13,2,2025-05-16,2025-05-30,7.0,7.946994304656982,0.0,49.35746383666992
N,13,2,2025-05-23,2025-06-06,6.0,6.083866119384766,0.0,47.49433517456055
N,13,2,2025-05-30,2025-06-13,6.0,5.610442638397217,0.0,47.020912170410156
N,13,2,2025-06-06,2025-06-20,3.0,6.492176055908203,0.0,47.902645111083984
N,13,2,2025-06-13,2025-06-27,8.0,8.099980354309082,0.0,49.51044845581055
N,13,2,2025-06-20,2025-07-04,11.0,8.588997840881348,0.0,49.99946594238281
N,13,2,2025-06-27,2025-07-11,11.0,10.394094467163086,0.0,51.8045654296875
N,13,2,2025-07-04,2025-07-18,11.0,15.164695739746094,0.0,56.575164794921875
N,13,2,2025-07-11,2025-07-25,11.0,20.921424865722656,4.260797500610352,62.33189392089844
N,13,2,2025-07-18,2025-08-01,17.0,19.441390991210938,2.780763626098633,60.85186004638672
N,13,2,2025-07-25,2025-08-08,17.0,15.441732406616211,0.0,56.852203369140625
N,13,2,2025-08-01,2025-08-15,28.0,12.429883003234863,0.0,53.84035110473633
N,13,2,2025-08-08,2025-08-22,21.0,10.418242454528809,0.0,51.828712463378906
N,13,2,2025-08-15,2025-08-29,21.0,11.897848129272461,0.0,53.308319091796875
N,13,2,2025-08-22,2025-09-05,,13.426417350769043,0.0,54.83688735961914
N,13,4,2023-02-17,2023-03-17,2.0,5.439565658569336,0.0,19.524425506591797
N,13,4,2023-02-24,2023-03-24,4.0,4.384563446044922,0.0,18.469423294067383
N,13,4,2023-03-03,2023-03-31,4.0,3.6882171630859375,0.0,17.7730770111084
N,13,4,2023-03-10,2023-04-07,1.0,2.8713877201080322,0.0,16.956247329711914
N,13,4,2023-03-17,2023-04-14,6.0,2.764010429382324,0.0,16.84886932373047
N,13,4,2023-03-24,2023-04-21,2.0,3.0691585540771484,0.0,17.15401840209961
N,13,4,2023-03-31,2023-04-28,3.0,3.3533318042755127,0.0,17.43819236755371
N,13,4,2023-04-07,2023-05-05,6.0,3.403895616531372,0.0,17.48875617980957
N,13,4,2023-04-14,2023-05-12,5.0,3.605301856994629,0.0,17.690162658691406
N,13,4,2023-04-21,2023-05-19,10.0,4.281740188598633,0.0,18.366600036621094
N,13,4,2023-04-28,2023-05-26,2.0,4.530585289001465,0.0,18.61544418334961
N,13,4,2023-05-05,2023-06-02,10.0,6.028324604034424,0.0,20.113183975219727
N,13,4,2023-05-12,2023-06-09,5.0,8.743644714355469,0.0,22.82850456237793
N,13,4,2023-05-19,2023-06-16,7.0,13.73820686340332,2.8304290771484375,27.82306671142578
N,13,4,2023-05-26,2023-06-23,15.0,12.379508018493652,1.4717302322387695,26.464366912841797
N,13,4,2023-06-02,2023-06-30,9.0,14.15673828125,3.248960494995117,28.24159812927246
N,13,4,2023-06-09,2023-07-07,8.0,14.506326675415039,3.5985488891601562,28.5911865234375
N,13,4,2023-06-16,2023-07-14,14.0,16.198360443115234,5.290582656860352,30.283220291137695
N,13,4,2023-06-23,2023-07-21,4.0,22.091617584228516,11.183839797973633,36.176475524902344
N,13,4,2023-06-30,2023-07-28,11.0,23.089641571044922,12.181863784790039,37.17449951171875
N,13,4,2023-07-07,2023-08-04,11.0,22.145801544189453,11.23802375793457,35.728485107421875
N,13,4,2023-07-14,2023-08-11,12.0,25.864011764526367,14.956233978271484,39.446693420410156
N,13,4,2023-07-21,2023-08-18,10.0,26.797279357910156,15.889501571655273,40.37996292114258
N,13,4,2023-07-28,2023-08-25,11.0,27.71163558959961,16.803857803344727,41.29431915283203
N,13,4,2023-08-04,2023-09-01,6.0,22.705991744995117,4.614374160766602,36.288673400878906
N,13,4,2023-08-11,2023-09-08,18.0,17.87352752685547,0.0,31.45621109008789
N,13,4,2023-08-18,2023-09-15,11.0,16.222734451293945,0.0,29.805416107177734
N,13,4,2023-08-25,2023-09-22,23.0,12.283700942993164,0.0,25.866382598876953
N,13,4,2023-09-01,2023-09-29,5.0,12.117696762084961,0.0,25.70037841796875
N,13,4,2023-09-08,2023-10-06,12.0,10.42023754119873,0.0,24.002920150756836
N,13,4,2023-09-15,2023-10-13,14.0,9.580750465393066,0.0,23.163433074951172
N,13,4,2023-09-22,2023-10-20,12.0,11.337217330932617,0.0,21.263032913208008
N,13,4,2023-09-29,2023-10-27,11.0,11.28428840637207,0.0,21.21010398864746
N,13,4,2023-10-06,2023-11-03,14.0,8.922258377075195,0.0,19.63855743408203
N,13,4,2023-10-13,2023-11-10,14.0,7.426668643951416,0.0,18.142967224121094
N,13,4,2023-10-20,2023-11-17,13.0,5.72122859954834,0.0,16.43752670288086
N,13,4,2023-10-27,2023-11-24,9.0,4.975602626800537,0.0,15.691902160644531
N,13,4,2023-11-03,2023-12-01,6.0,5.263564109802246,0.0,15.979863166809082
N,13,4,2023-11-10,2023-12-08,12.0,6.196773529052734,0.0,16.91307258605957
N,13,4,2023-11-17,2023-12-15,8.0,6.219315052032471,0.0,16.93561363220215
N,13,4,2023-11-24,2023-12-22,1.0,6.106935501098633,0.0,16.82323455810547
N,13,4,2023-12-01,2023-12-29,9.0,5.982860565185547,0.0,16.699159622192383
N,13,4,2023-12-08,2024-01-05,11.0,6.497647285461426,0.0,17.213947296142578
N,13,4,2023-12-15,2024-01-12,5.0,7.1152167320251465,0.0,17.83151626586914
N,13,4,2023-12-22,2024-01-19,10.0,6.589993000030518,0.0,17.306291580200195
N,13,4,2023-12-29,2024-01-26,10.0,7.256032943725586,0.0,17.972332000732422
N,13,4,2024-01-05,2024-02-02,12.0,6.191162586212158,0.0,16.907461166381836
N,13,4,2024-01-12,2024-02-09,10.0,5.000882148742676,0.0,15.717181205749512
N,13,4,2024-01-19,2024-02-16,4.0,4.967545032501221,0.0,15.683843612670898
N,13,4,2024-01-26,2024-02-23,6.0,4.982811450958252,0.0,15.69911003112793
N,13,4,2024-02-02,2024-03-01,11.0,5.231668472290039,0.0,15.947967529296875
N,13,4,2024-02-09,2024-03-08,8.0,4.070093154907227,0.0,14.786392211914062
N,13,4,2024-02-16,2024-03-15,5.0,2.9959118366241455,0.0,13.712210655212402
N,13,4,2024-02-23,2024-03-22,8.0,2.3941657543182373,0.0,13.110465049743652
N,13,4,2024-03-01,2024-03-29,3.0,2.5053999423980713,0.0,13.221698760986328
N,13,4,2024-03-08,2024-04-05,5.0,2.420292615890503,0.0,13.136591911315918
N,13,4,2024-03-15,2024-04-12,6.0,2.3469953536987305,0.0,13.063294410705566
N,13,4,2024-03-22,2024-04-19,4.0,2.607334613800049,0.0,13.323633193969727
N,13,4,2024-03-29,2024-04-26,6.0,2.408658981323242,0.0,13.124958038330078
N,13,4,2024-04-05,2024-05-03,2.0,2.0432140827178955,0.0,12.759512901306152
N,13,4,2024-04-12,2024-05-10,2.0,2.5389301776885986,0.0,13.255228996276855
N,13,4,2024-04-19,2024-05-17,1.0,1.3989880084991455,0.0,12.115286827087402
N,13,4,2024-04-26,2024-05-24,4.0,1.281436800956726,0.0,11.997735977172852
N,13,4,2024-05-03,2024-05-31,5.0,1.416498064994812,0.0,12.132797241210938
N,13,4,2024-05-10,2024-06-07,6.0,1.9150257110595703,0.0,12.631324768066406
N,13,4,2024-05-17,2024-06-14,7.0,2.616466760635376,0.0,13.332765579223633
N,13,4,2024-05-24,2024-06-21,6.0,2.65305233001709,0.0,13.369351387023926
N,13,4,2024-05-31,2024-06-28,11.0,3.8422932624816895,0.0,14.558591842651367
N,13,4,2024-06-07,2024-07-05,19.0,4.958724021911621,0.0,15.675023078918457
N,13,4,2024-06-14,2024-07-12,26.0,6.5885725021362305,0.0,17.30487060546875
N,13,4,2024-06-21,2024-07-19,11.0,8.964339256286621,0.0,19.68063735961914
N,13,4,2024-06-28,2024-07-26,18.0,13.172980308532715,0.0,23.889278411865234
N,13,4,2024-07-05,2024-08-02,26.0,21.227251052856445,3.1356334686279297,31.94355010986328
N,13,4,2024-07-12,2024-08-09,19.0,31.579347610473633,13.487730026245117,42.29564666748047
N,13,4,2024-07-19,2024-08-16,23.0,32.899810791015625,14.80819320678711,46.94108581542969
N,13,4,2024-07-26,2024-08-23,31.0,33.199485778808594,15.107868194580078,52.61091232299805
N,13,4,2024-08-02,2024-08-30,19.0,33.05094909667969,16.25366973876953,52.46237564086914
N,13,4,2024-08-09,2024-09-06,19.0,26.556203842163086,9.75892448425293,45.967628479003906
N,13,4,2024-08-16,2024-09-13,35.0,19.694419860839844,2.8971405029296875,39.1058464050293
N,13,4,2024-08-23,2024-09-20,46.0,18.55097198486328,1.753692626953125,37.962398529052734
N,13,4,2024-08-30,2024-09-27,34.0,17.849143981933594,1.1375083923339844,37.26057052612305
N,13,4,2024-09-06,2024-10-04,40.0,17.878870010375977,1.1728782653808594,37.29029846191406
N,13,4,2024-09-13,2024-10-11,39.0,17.282480239868164,3.2315311431884766,36.69390869140625
N,13,4,2024-09-20,2024-10-18,32.0,28.056652069091797,14.00570297241211,47.46807861328125
N,13,4,2024-09-27,2024-10-25,31.0,31.119163513183594,17.068214416503906,50.53059005737305
N,13,4,2024-10-04,2024-11-01,52.0,28.220264434814453,14.169315338134766,55.66929244995117
N,13,4,2024-10-11,2024-11-08,58.0,28.68233871459961,14.631389617919922,56.13136672973633
N,13,4,2024-10-18,2024-11-15,58.0,25.479455947875977,11.428506851196289,52.92848205566406
N,13,4,2024-10-25,2024-11-22,55.0,21.288549423217773,7.237600326538086,48.737579345703125
N,13,4,2024-11-01,2024-11-29,57.0,19.855897903442383,5.804948806762695,47.30492401123047
N,13,4,2024-11-08,2024-12-06,43.0,25.084985733032227,11.034036636352539,52.53401184082031
N,13,4,2024-11-15,2024-12-13,33.0,28.712289810180664,14.661340713500977,56.16131591796875
N,13,4,2024-11-22,2024-12-20,13.0,25.994739532470703,11.943790435791016,55.312400817871094
N,13,4,2024-11-29,2024-12-27,19.0,29.7274169921875,15.676467895507812,62.247962951660156
N,13,4,2024-12-06,2025-01-03,24.0,24.372661590576172,10.321712493896484,58.084110260009766
N,13,4,2024-12-13,2025-01-10,45.0,18.165578842163086,4.114629745483398,55.30968475341797
N,13,4,2024-12-20,2025-01-17,33.0,15.716485023498535,1.6655359268188477,52.86058807373047
N,13,4,2024-12-27,2025-01-24,37.0,13.1489896774292,0.0,50.293094635009766
N,13,4,2025-01-03,2025-01-31,36.0,11.309941291809082,0.0,48.454044342041016
N,13,4,2025-01-10,2025-02-07,34.0,11.960084915161133,0.0,49.10418701171875
N,13,4,2025-01-17,2025-02-14,59.0,13.268097877502441,0.0,50.412200927734375
N,13,4,2025-01-24,2025-02-21,35.0,14.829136848449707,0.7781877517700195,51.97323989868164
N,13,4,2025-01-31,2025-02-28,26.0,16.696428298950195,2.645479202270508,53.84053039550781
N,13,4,2025-02-07,2025-03-07,24.0,17.398929595947266,3.347980499267578,54.543033599853516
N,13,4,2025-02-14,2025-03-14,28.0,20.09020233154297,6.039253234863281,57.23430633544922
N,13,4,2025-02-21,2025-03-21,22.0,20.50397491455078,6.453025817871094,57.64807891845703
N,13,4,2025-02-28,2025-03-28,14.0,23.137189865112305,9.086240768432617,68.86909484863281
N,13,4,2025-03-07,2025-04-04,15.0,21.212535858154297,7.161586761474609,66.94444274902344
N,13,4,2025-03-14,2025-04-11,20.0,18.589155197143555,4.538206100463867,64.32106018066406
N,13,4,2025-03-21,2025-04-18,4.0,15.419124603271484,1.3681755065917969,61.15102767944336
N,13,4,2025-03-28,2025-04-25,7.0,14.045208930969238,0.0,59.7771110534668
N,13,4,2025-04-04,2025-05-02,8.0,13.67251205444336,0.0,59.404415130615234
N,13,4,2025-04-11,2025-05-09,4.0,16.35898780822754,2.3080387115478516,62.09088897705078
N,13,4,2025-04-18,2025-05-16,6.0,15.429291725158691,1.378342628479004,61.16119384765625
N,13,4,2025-04-25,2025-05-23,5.0,13.240307807922363,0.0,58.97220993041992
N,13,4,2025-05-02,2025-05-30,7.0,12.941961288452148,0.0,58.673866271972656
N,13,4,2025-05-09,2025-06-06,6.0,12.307479858398438,0.0,58.03938293457031
N,13,4,2025-05-16,2025-06-13,6.0,10.928375244140625,0.0,56.6602783203125
N,13,4,2025-05-23,2025-06-20,3.0,8.676673889160156,0.0,54.40857696533203
N,13,4,2025-05-30,2025-06-27,8.0,8.410504341125488,0.0,54.14240646362305
N,13,4,2025-06-06,2025-07-04,11.0,9.714406967163086,0.0,55.446311950683594
N,13,4,2025-06-13,2025-07-11,11.0,11.898777961730957,0.0,57.630680084228516
N,13,4,2025-06-20,2025-07-18,11.0,11.71024227142334,0.0,57.44214630126953
N,13,4,2025-06-27,2025-07-25,11.0,12.371015548706055,0.0,58.10292053222656
N,13,4,2025-07-04,2025-08-01,17.0,17.737308502197266,3.686359405517578,63.46921157836914
N,13,4,2025-07-11,2025-08-08,17.0,24.824600219726562,10.773651123046875,70.55650329589844
N,13,4,2025-07-18,2025-08-15,28.0,19.986515045166016,5.935565948486328,65.71841430664062
N,13,4,2025-07-25,2025-08-22,21.0,14.321130752563477,0.27018165588378906,60.05303192138672
N,13,4,2025-08-01,2025-08-29,21.0,10.744415283203125,0.0,56.476318359375
N,13,4,2025-08-08,2025-09-05,,8.411874771118164,0.0,54.143775939941406
N,13,4,2025-08-15,2025-09-12,,10.097378730773926,0.0,55.829280853271484
N,13,4,2025-08-22,2025-09-19,,11.722288131713867,0.0,57.454193115234375
N,13,8,2023-02-17,2023-04-14,6.0,3.1026318073272705,0.0,18.10378646850586
N,13,8,2023-02-24,2023-04-21,2.0,2.4541878700256348,0.0,17.455341339111328
N,13,8,2023-03-03,2023-04-28,3.0,2.0646071434020996,0.0,17.06576156616211
N,13,8,2023-03-10,2023-05-05,6.0,1.7963207960128784,0.0,16.797473907470703
N,13,8,2023-03-17,2023-05-12,5.0,1.9212983846664429,0.0,16.922452926635742
N,13,8,2023-03-24,2023-05-19,10.0,2.581770181655884,0.0,17.582923889160156
N,13,8,2023-03-31,2023-05-26,2.0,3.3676445484161377,0.0,18.368799209594727
N,13,8,2023-04-07,2023-06-02,10.0,3.627140522003174,0.0,18.628293991088867
N,13,8,2023-04-14,2023-06-09,5.0,5.314198970794678,0.0,20.315353393554688
N,13,8,2023-04-21,2023-06-16,7.0,8.268131256103516,0.0,23.269285202026367
N,13,8,2023-04-28,2023-06-23,15.0,10.5563325881958,0.0,25.55748748779297
N,13,8,2023-05-05,2023-06-30,9.0,16.226579666137695,3.0200634002685547,31.227733612060547
N,13,8,2023-05-12,2023-07-07,8.0,25.815526962280273,12.609010696411133,40.816680908203125
N,13,8,2023-05-19,2023-07-14,14.0,32.212432861328125,19.005916595458984,47.213584899902344
N,13,8,2023-05-26,2023-07-21,4.0,31.400602340698242,18.1940860748291,46.401756286621094
N,13,8,2023-06-02,2023-07-28,11.0,32.82180404663086,19.61528778076172,47.822959899902344
N,13,8,2023-06-09,2023-08-04,11.0,32.777748107910156,19.571231842041016,47.778900146484375
N,13,8,2023-06-16,2023-08-11,12.0,33.13835144042969,19.931835174560547,48.139503479003906
N,13,8,2023-06-23,2023-08-18,10.0,33.282958984375,20.07644271850586,48.28411102294922
N,13,8,2023-06-30,2023-08-25,11.0,33.28892135620117,20.08240509033203,48.290077209472656
N,13,8,2023-07-07,2023-09-01,6.0,33.28199005126953,20.07547378540039,48.28314208984375
N,13,8,2023-07-14,2023-09-08,18.0,33.29655456542969,20.090038299560547,48.297706604003906
N,13,8,2023-07-21,2023-09-15,11.0,33.1423454284668,15.326818466186523,48.14350128173828
N,13,8,2023-07-28,2023-09-22,23.0,20.596158981323242,2.383726119995117,33.290321350097656
N,13,8,2023-08-04,2023-09-29,5.0,18.01288414001465,0.0,28.437103271484375
N,13,8,2023-08-11,2023-10-06,12.0,15.707539558410645,0.0,26.131759643554688
N,13,8,2023-08-18,2023-10-13,14.0,14.105088233947754,0.0,24.529308319091797
N,13,8,2023-08-25,2023-10-20,12.0,9.650426864624023,0.0,20.07464599609375
N,13,8,2023-09-01,2023-10-27,11.0,9.36945915222168,0.0,19.793678283691406
N,13,8,2023-09-08,2023-11-03,14.0,8.566861152648926,0.0,18.99108123779297
N,13,8,2023-09-15,2023-11-10,14.0,7.804376602172852,0.0,18.228595733642578
N,13,8,2023-09-22,2023-11-17,13.0,8.615386962890625,0.0,18.73720932006836
N,13,8,2023-09-29,2023-11-24,9.0,8.45846176147461,0.0,18.580284118652344
N,13,8,2023-10-06,2023-12-01,6.0,6.694553375244141,0.0,16.816375732421875
N,13,8,2023-10-13,2023-12-08,12.0,6.072681903839111,0.0,16.19450569152832
N,13,8,2023-10-20,2023-12-15,8.0,4.570193290710449,0.0,14.6920166015625
N,13,8,2023-10-27,2023-12-22,1.0,4.303498268127441,0.0,14.425321578979492
N,13,8,2023-11-03,2023-12-29,9.0,5.7218708992004395,0.0,15.843694686889648
N,13,8,2023-11-10,2024-01-05,11.0,6.792208194732666,0.0,16.914031982421875
N,13,8,2023-11-17,2024-01-12,5.0,6.748021602630615,0.0,16.869844436645508
N,13,8,2023-11-24,2024-01-19,10.0,6.929703235626221,0.0,14.347932815551758
N,13,8,2023-12-01,2024-01-26,10.0,7.177270412445068,0.0,14.595500946044922
N,13,8,2023-12-08,2024-02-02,12.0,7.974451541900635,0.0,15.392681121826172
N,13,8,2023-12-15,2024-02-09,10.0,8.490952491760254,0.0,15.90918254852295
N,13,8,2023-12-22,2024-02-16,4.0,6.735617637634277,0.0,14.153847694396973
N,13,8,2023-12-29,2024-02-23,6.0,6.721142292022705,0.0,14.139371871948242
N,13,8,2024-01-05,2024-03-01,11.0,5.369194507598877,0.0,12.787424087524414
N,13,8,2024-01-12,2024-03-08,8.0,3.8243508338928223,0.0,11.24258041381836
N,13,8,2024-01-19,2024-03-15,5.0,3.6073052883148193,0.0,11.025535583496094
N,13,8,2024-01-26,2024-03-22,8.0,3.3361997604370117,0.0,10.754429817199707
N,13,8,2024-02-02,2024-03-29,3.0,3.6612510681152344,0.0,11.07948112487793
N,13,8,2024-02-09,2024-04-05,5.0,2.824676275253296,0.0,10.24290657043457
N,13,8,2024-02-16,2024-04-12,6.0,2.401980400085449,0.0,9.820210456848145
N,13,8,2024-02-23,2024-04-19,4.0,2.1290738582611084,0.0,9.547304153442383
N,13,8,2024-03-01,2024-04-26,6.0,2.659141778945923,0.0,10.077371597290039
N,13,8,2024-03-08,2024-05-03,2.0,2.7173125743865967,0.0,10.135542869567871
N,13,8,2024-03-15,2024-05-10,2.0,2.8833892345428467,0.0,10.301619529724121
N,13,8,2024-03-22,2024-05-17,1.0,3.769543409347534,0.0,11.187773704528809
N,13,8,2024-03-29,2024-05-24,4.0,3.9184730052948,0.0,11.336703300476074
N,13,8,2024-04-05,2024-05-31,5.0,3.5762510299682617,0.0,10.994481086730957
N,13,8,2024-04-12,2024-06-07,6.0,5.046957492828369,0.0,12.465187072753906
N,13,8,2024-04-19,2024-06-14,7.0,2.8256335258483887,0.0,10.243864059448242
N,13,8,2024-04-26,2024-06-21,6.0,2.9031929969787598,0.0,10.321422576904297
N,13,8,2024-05-03,2024-06-28,11.0,3.4209887981414795,0.0,10.839219093322754
N,13,8,2024-05-10,2024-07-05,19.0,4.95306921005249,0.0,12.371299743652344
N,13,8,2024-05-17,2024-07-12,26.0,7.157754898071289,0.0,14.575984954833984
N,13,8,2024-05-24,2024-07-19,11.0,6.692946910858154,0.0,14.111177444458008
N,13,8,2024-05-31,2024-07-26,18.0,9.634284973144531,0.0,16.007144927978516
N,13,8,2024-06-07,2024-08-02,26.0,10.110285758972168,0.0,16.483144760131836
N,13,8,2024-06-14,2024-08-09,19.0,10.991283416748047,0.0,17.186906814575195
N,13,8,2024-06-21,2024-08-16,23.0,16.382192611694336,0.0,22.577816009521484
N,13,8,2024-06-28,2024-08-23,31.0,31.336036682128906,3.935434341430664,37.53166198730469
N,13,8,2024-07-05,2024-08-30,19.0,33.26414108276367,5.86353874206543,39.45976257324219
N,13,8,2024-07-12,2024-09-06,19.0,33.305023193359375,5.904420852661133,40.884033203125
N,13,8,2024-07-19,2024-09-13,35.0,33.21204376220703,5.811441421508789,47.25897216796875
N,13,8,2024-07-26,2024-09-20,46.0,24.818180084228516,0.0,43.660423278808594
N,13,8,2024-08-02,2024-09-27,34.0,19.259428024291992,0.0,38.1016731262207
N,13,8,2024-08-09,2024-10-04,40.0,14.546600341796875,0.0,33.38884735107422
N,13,8,2024-08-16,2024-10-11,39.0,13.445050239562988,0.0,32.287296295166016
N,13,8,2024-08-23,2024-10-18,32.0,13.437398910522461,0.0,32.27964401245117
N,13,8,2024-08-30,2024-10-25,31.0,13.126811981201172,0.0,31.969057083129883
N,13,8,2024-09-06,2024-11-01,52.0,12.748198509216309,0.0,31.590442657470703
N,13,8,2024-09-13,2024-11-08,58.0,11.940629005432129,0.0,30.782875061035156
N,13,8,2024-09-20,2024-11-15,58.0,17.731494903564453,0.0,36.57373809814453
N,13,8,2024-09-27,2024-11-22,55.0,19.31340217590332,5.008378982543945,38.15564727783203
N,13,8,2024-10-04,2024-11-29,57.0,17.835739135742188,3.5307159423828125,39.01755905151367
N,13,8,2024-10-11,2024-12-06,43.0,18.674686431884766,4.369663238525391,39.85650634765625
N,13,8,2024-10-18,2024-12-13,33.0,16.720569610595703,2.415546417236328,42.17396926879883
N,13,8,2024-10-25,2024-12-20,13.0,13.997014999389648,0.0,39.551963806152344
N,13,8,2024-11-01,2024-12-27,19.0,14.755698204040527,0.45067501068115234,40.31064987182617
N,13,8,2024-11-08,2025-01-03,24.0,20.055404663085938,5.7503814697265625,45.610355377197266
N,13,8,2024-11-15,2025-01-10,45.0,25.67698860168457,11.371965408325195,64.92878723144531
N,13,8,2024-11-22,2025-01-17,33.0,24.881729125976562,10.576705932617188,70.94110107421875
N,13,8,2024-11-29,2025-01-24,37.0,25.81044578552246,11.505422592163086,71.86981964111328
N,13,8,2024-12-06,2025-01-31,36.0,20.82574462890625,6.520721435546875,66.88511657714844
N,13,8,2024-12-13,2025-02-07,34.0,15.34683609008789,1.0418128967285156,61.40620803833008
N,13,8,2024-12-20,2025-02-14,59.0,12.621684074401855,0.0,58.68105697631836
N,13,8,2024-12-27,2025-02-21,35.0,10.402788162231445,0.0,56.462158203125
N,13,8,2025-01-03,2025-02-28,26.0,8.971299171447754,0.0,55.030670166015625
N,13,8,2025-01-10,2025-03-07,24.0,10.956843376159668,0.0,57.01621627807617
N,13,8,2025-01-17,2025-03-14,28.0,12.704381942749023,0.0,58.763755798339844
N,13,8,2025-01-24,2025-03-21,22.0,13.916101455688477,0.0,59.97547149658203
N,13,8,2025-01-31,2025-03-28,14.0,15.0481595993042,0.7431364059448242,61.1075325012207
N,13,8,2025-02-07,2025-04-04,15.0,15.129612922668457,0.824589729309082,61.18898391723633
N,13,8,2025-02-14,2025-04-11,20.0,17.697166442871094,3.3921432495117188,63.75653839111328
N,13,8,2025-02-21,2025-04-18,4.0,18.892915725708008,4.587892532348633,64.95228576660156
N,13,8,2025-02-28,2025-04-25,7.0,27.701644897460938,13.396621704101562,74.0799560546875
N,13,8,2025-03-07,2025-05-02,8.0,27.92039680480957,13.615373611450195,74.29871368408203
N,13,8,2025-03-14,2025-05-09,4.0,26.865234375,12.560211181640625,73.24354553222656
N,13,8,2025-03-21,2025-05-16,6.0,19.63859748840332,5.333574295043945,66.01691436767578
N,13,8,2025-03-28,2025-05-23,5.0,19.608116149902344,5.303092956542969,65.98643493652344
N,13,8,2025-04-04,2025-05-30,7.0,22.675865173339844,8.370841979980469,69.05418395996094
N,13,8,2025-04-11,2025-06-06,6.0,32.18916320800781,17.884140014648438,78.56747436523438
N,13,8,2025-04-18,2025-06-13,6.0,31.80597686767578,17.500953674316406,78.18429565429688
N,13,8,2025-04-25,2025-06-20,3.0,28.938764572143555,14.63374137878418,75.31707763671875
N,13,8,2025-05-02,2025-06-27,8.0,30.577604293823242,15.684688568115234,76.95591735839844
N,13,8,2025-05-09,2025-07-04,11.0,31.14906120300293,10.447416305541992,77.52737426757812
N,13,8,2025-05-16,2025-07-11,11.0,30.63619041442871,9.934545516967773,77.0145034790039
N,13,8,2025-05-23,2025-07-18,11.0,27.44721794128418,4.58198356628418,73.82553100585938
N,13,8,2025-05-30,2025-07-25,11.0,27.580026626586914,4.714792251586914,73.95834350585938
N,13,8,2025-06-06,2025-08-01,17.0,29.657560348510742,6.792325973510742,76.03587341308594
N,13,8,2025-06-13,2025-08-08,17.0,32.31646728515625,9.45123291015625,78.69477844238281
N,13,8,2025-06-20,2025-08-15,28.0,32.007118225097656,5.817955017089844,78.38543701171875
N,13,8,2025-06-27,2025-08-22,21.0,31.071374893188477,4.882211685180664,77.44969177246094
N,13,8,2025-07-04,2025-08-29,21.0,18.235313415527344,0.0,64.61363220214844
N,13,8,2025-07-11,2025-09-05,,17.935287475585938,0.0,64.3135986328125
N,13,8,2025-07-18,2025-09-12,,14.993827819824219,0.0,61.37214279174805
N,13,8,2025-07-25,2025-09-19,,9.970748901367188,0.0,56.349063873291016
N,13,8,2025-08-01,2025-09-26,,7.483034133911133,0.0,53.861351013183594
N,13,8,2025-08-08,2025-10-03,,5.764303207397461,0.0,52.142616271972656
N,13,8,2025-08-15,2025-10-10,,7.019587516784668,0.0,53.39790344238281
N,13,8,2025-08-22,2025-10-17,,7.909238815307617,0.0,54.28755187988281
N,13,12,2023-02-17,2023-05-12,5.0,2.610175132751465,0.0,19.05276107788086
N,13,12,2023-02-24,2023-05-19,10.0,2.3114140033721924,0.0,18.753999710083008
N,13,12,2023-03-03,2023-05-26,2.0,2.1331787109375,0.0,18.575763702392578
N,13,12,2023-03-10,2023-06-02,10.0,2.212446451187134,0.0,18.655031204223633
N,13,12,2023-03-17,2023-06-09,5.0,2.5288589000701904,0.0,18.97144317626953
N,13,12,2023-03-24,2023-06-16,7.0,3.618537664413452,0.0,20.06112289428711
N,13,12,2023-03-31,2023-06-23,15.0,5.246493816375732,0.0,21.68907928466797
N,13,12,2023-04-07,2023-06-30,9.0,5.8788275718688965,0.0,22.321413040161133
N,13,12,2023-04-14,2023-07-07,8.0,10.023231506347656,0.0,26.465816497802734
N,13,12,2023-04-21,2023-07-14,14.0,20.59443473815918,0.0,37.037017822265625
N,13,12,2023-04-28,2023-07-21,4.0,26.541208267211914,2.2569522857666016,42.983795166015625
N,13,12,2023-05-05,2023-07-28,11.0,32.98103713989258,8.696781158447266,49.423622131347656
N,13,12,2023-05-12,2023-08-04,11.0,33.29633712768555,9.012081146240234,49.738922119140625
N,13,12,2023-05-19,2023-08-11,12.0,33.30664825439453,9.022392272949219,49.74923324584961
N,13,12,2023-05-26,2023-08-18,10.0,33.30400848388672,9.019752502441406,49.7465934753418
N,13,12,2023-06-02,2023-08-25,11.0,33.294795989990234,9.010540008544922,49.73738098144531
N,13,12,2023-06-09,2023-09-01,6.0,28.060091018676758,3.7758350372314453,44.50267791748047
N,13,12,2023-06-16,2023-09-08,18.0,33.29596710205078,9.011711120605469,49.73855209350586
N,13,12,2023-06-23,2023-09-15,11.0,33.30718231201172,9.022926330566406,49.7497673034668
N,13,12,2023-06-30,2023-09-22,23.0,33.30931091308594,9.025054931640625,49.751895904541016
N,13,12,2023-07-07,2023-09-29,5.0,33.30930709838867,9.02505111694336,49.75189208984375
N,13,12,2023-07-14,2023-10-06,12.0,33.307613372802734,9.023357391357422,49.75019836425781
N,13,12,2023-07-21,2023-10-13,14.0,25.846969604492188,1.562713623046875,42.289554595947266
N,13,12,2023-07-28,2023-10-20,12.0,17.309118270874023,0.0,33.75170135498047
N,13,12,2023-08-04,2023-10-27,11.0,16.068456649780273,0.0,32.51103973388672
N,13,12,2023-08-11,2023-11-03,14.0,13.060975074768066,0.0,29.503559112548828
N,13,12,2023-08-18,2023-11-10,14.0,11.198929786682129,0.0,27.64151382446289
N,13,12,2023-08-25,2023-11-17,13.0,8.049670219421387,0.0,20.785621643066406
N,13,12,2023-09-01,2023-11-24,9.0,7.870903491973877,0.0,20.606853485107422
N,13,12,2023-09-08,2023-12-01,6.0,7.2547173500061035,0.0,19.99066734313965
N,13,12,2023-09-15,2023-12-08,12.0,6.843512535095215,0.0,19.579463958740234
N,13,12,2023-09-22,2023-12-15,8.0,6.232262134552002,0.0,18.968212127685547
N,13,12,2023-09-29,2023-12-22,1.0,6.12421989440918,0.0,18.860170364379883
N,13,12,2023-10-06,2023-12-29,9.0,7.015682697296143,0.0,19.751632690429688
N,13,12,2023-10-13,2024-01-05,11.0,8.80527400970459,0.0,21.54122543334961
N,13,12,2023-10-20,2024-01-12,5.0,6.227926731109619,0.0,18.963876724243164
N,13,12,2023-10-27,2024-01-19,10.0,5.830753326416016,0.0,18.56670379638672
N,13,12,2023-11-03,2024-01-26,10.0,9.091729164123535,0.0,21.827678680419922
N,13,12,2023-11-10,2024-02-02,12.0,10.100309371948242,0.0,22.836259841918945
N,13,12,2023-11-17,2024-02-09,10.0,9.710233688354492,0.0,22.446184158325195
N,13,12,2023-11-24,2024-02-16,4.0,9.776640892028809,0.0,19.530147552490234
N,13,12,2023-12-01,2024-02-23,6.0,10.439481735229492,0.0,20.1929874420166
N,13,12,2023-12-08,2024-03-01,11.0,12.384886741638184,0.0,22.13839340209961
N,13,12,2023-12-15,2024-03-08,8.0,13.863673210144043,0.0,23.61717987060547
N,13,12,2023-12-22,2024-03-15,5.0,8.21084976196289,0.0,17.96435546875
N,13,12,2023-12-29,2024-03-22,8.0,8.237638473510742,0.0,17.99114418029785
N,13,12,2024-01-05,2024-03-29,3.0,6.030252456665039,0.0,15.783758163452148
N,13,12,2024-01-12,2024-04-05,5.0,3.789454221725464,0.0,13.542960166931152
N,13,12,2024-01-19,2024-04-12,6.0,3.477905511856079,0.0,13.23141098022461
N,13,12,2024-01-26,2024-04-19,4.0,3.0603694915771484,0.0,12.813875198364258
N,13,12,2024-02-02,2024-04-26,6.0,3.589250087738037,0.0,13.342756271362305
N,13,12,2024-02-09,2024-05-03,2.0,3.099559783935547,0.0,12.853065490722656
N,13,12,2024-02-16,2024-05-10,2.0,3.2003333568573,0.0,12.953839302062988
N,13,12,2024-02-23,2024-05-17,1.0,3.119203567504883,0.0,12.872709274291992
N,13,12,2024-03-01,2024-05-24,4.0,4.161270618438721,0.0,13.914775848388672
N,13,12,2024-03-08,2024-05-31,5.0,4.301626205444336,0.0,14.055131912231445
N,13,12,2024-03-15,2024-06-07,6.0,4.71383810043335,0.0,14.467344284057617
N,13,12,2024-03-22,2024-06-14,7.0,6.498173236846924,0.0,16.251678466796875
N,13,12,2024-03-29,2024-06-21,6.0,6.980453014373779,0.0,16.733959197998047
N,13,12,2024-04-05,2024-06-28,11.0,6.472823619842529,0.0,16.226329803466797
N,13,12,2024-04-12,2024-07-05,19.0,9.138073921203613,0.0,18.891578674316406
N,13,12,2024-04-19,2024-07-12,26.0,5.474868297576904,0.0,15.228374481201172
N,13,12,2024-04-26,2024-07-19,11.0,5.726139068603516,0.0,15.479644775390625
N,13,12,2024-05-03,2024-07-26,18.0,6.8052287101745605,0.0,16.558734893798828
N,13,12,2024-05-10,2024-08-02,26.0,9.83655071258545,0.0,19.590057373046875
N,13,12,2024-05-17,2024-08-09,19.0,14.392594337463379,0.0,24.146099090576172
N,13,12,2024-05-24,2024-08-16,23.0,12.819967269897461,0.0,22.57347297668457
N,13,12,2024-05-31,2024-08-23,31.0,17.57391357421875,0.0,27.32741928100586
N,13,12,2024-06-07,2024-08-30,19.0,18.424781799316406,0.0,28.178287506103516
N,13,12,2024-06-14,2024-09-06,19.0,18.05792808532715,0.0,27.811433792114258
N,13,12,2024-06-21,2024-09-13,35.0,22.074575424194336,0.0,31.828081130981445
N,13,12,2024-06-28,2024-09-20,46.0,31.329483032226562,3.0201759338378906,41.08298873901367
N,13,12,2024-07-05,2024-09-27,34.0,33.303932189941406,4.994625091552734,38.460418701171875
N,13,12,2024-07-12,2024-10-04,40.0,33.30411911010742,4.99481201171875,38.46060562133789
N,13,12,2024-07-19,2024-10-11,39.0,21.2885799407959,0.0,31.15050506591797
N,13,12,2024-07-26,2024-10-18,32.0,14.978205680847168,0.0,35.50333786010742
N,13,12,2024-08-02,2024-10-25,31.0,11.382311820983887,0.0,31.90744400024414
N,13,12,2024-08-09,2024-11-01,52.0,9.361041069030762,0.0,29.886173248291016
N,13,12,2024-08-16,2024-11-08,58.0,8.942450523376465,0.0,29.46758270263672
N,13,12,2024-08-23,2024-11-15,58.0,8.96590805053711,0.0,29.491039276123047
N,13,12,2024-08-30,2024-11-22,55.0,8.736867904663086,0.0,29.261999130249023
N,13,12,2024-09-06,2024-11-29,57.0,8.19680404663086,0.0,28.721935272216797
N,13,12,2024-09-13,2024-12-06,43.0,7.608502388000488,0.0,28.13363265991211
N,13,12,2024-09-20,2024-12-13,33.0,14.342985153198242,0.0,34.86811828613281
N,13,12,2024-09-27,2024-12-20,13.0,14.927068710327148,0.0,35.45220184326172
N,13,12,2024-10-04,2024-12-27,19.0,14.597346305847168,0.0,35.12247848510742
N,13,12,2024-10-11,2025-01-03,24.0,15.645727157592773,0.0,36.170860290527344
N,13,12,2024-10-18,2025-01-10,45.0,13.383306503295898,1.536336898803711,33.90843963623047
N,13,12,2024-10-25,2025-01-17,33.0,10.072161674499512,4.208488464355469,30.597293853759766
N,13,12,2024-11-01,2025-01-24,37.0,11.93057632446289,6.066903114318848,32.45570755004883
N,13,12,2024-11-08,2025-01-31,36.0,19.300065994262695,13.436392784118652,39.8251953125
N,13,12,2024-11-15,2025-02-07,34.0,25.297433853149414,19.433761596679688,67.93639373779297
N,13,12,2024-11-22,2025-02-14,59.0,30.02952766418457,24.165855407714844,79.08707427978516
N,13,12,2024-11-29,2025-02-21,35.0,24.8349552154541,18.971282958984375,73.89250183105469
N,13,12,2024-12-06,2025-02-28,26.0,24.469240188598633,18.605567932128906,73.52678680419922
N,13,12,2024-12-13,2025-03-07,24.0,15.964299201965332,10.100625991821289,65.0218505859375
N,13,12,2024-12-20,2025-03-14,28.0,12.118680000305176,6.255006790161133,61.17622756958008
N,13,12,2024-12-27,2025-03-21,22.0,13.27833080291748,7.4146575927734375,62.335880279541016
N,13,12,2025-01-03,2025-03-28,14.0,11.707383155822754,5.843709945678711,60.764930725097656
N,13,12,2025-01-10,2025-04-04,15.0,11.258978843688965,5.395305633544922,60.3165283203125
N,13,12,2025-01-17,2025-04-11,20.0,12.38185977935791,6.518186569213867,61.43940734863281
N,13,12,2025-01-24,2025-04-18,4.0,13.111015319824219,7.247342109680176,62.16856384277344
N,13,12,2025-01-31,2025-04-25,7.0,13.955012321472168,8.091339111328125,63.0125617980957
N,13,12,2025-02-07,2025-05-02,8.0,13.662343978881836,7.798670768737793,62.71989440917969
N,13,12,2025-02-14,2025-05-09,4.0,16.94875717163086,11.085083961486816,66.00630187988281
N,13,12,2025-02-21,2025-05-16,6.0,20.376968383789062,14.51329517364502,69.43451690673828
N,13,12,2025-02-28,2025-05-23,5.0,33.210182189941406,27.346508026123047,82.26773071289062
N,13,12,2025-03-07,2025-05-30,7.0,33.26614761352539,27.40247344970703,82.32369995117188
N,13,12,2025-03-14,2025-06-06,6.0,33.278629302978516,27.414955139160156,82.336181640625
N,13,12,2025-03-21,2025-06-13,6.0,33.040645599365234,29.829795837402344,82.09819030761719
N,13,12,2025-03-28,2025-06-20,3.0,33.168304443359375,30.138051986694336,82.2258529663086
N,13,12,2025-04-04,2025-06-27,8.0,33.27338790893555,30.243135452270508,82.3309326171875
N,13,12,2025-04-11,2025-07-04,11.0,33.30872344970703,31.18951988220215,82.36627197265625
N,13,12,2025-04-18,2025-07-11,11.0,33.30840301513672,31.189199447631836,82.36595153808594
N,13,12,2025-04-25,2025-07-18,11.0,33.30491256713867,31.18570899963379,82.36245727539062
N,13,12,2025-05-02,2025-07-25,11.0,33.307193756103516,24.196178436279297,82.36474609375
N,13,12,2025-05-09,2025-08-01,17.0,33.307830810546875,24.196815490722656,82.3653793334961
N,13,12,2025-05-16,2025-08-08,17.0,33.30731964111328,24.196304321289062,82.3648681640625
N,13,12,2025-05-23,2025-08-15,28.0,33.30301284790039,20.35425567626953,82.36056518554688
N,13,12,2025-05-30,2025-08-22,21.0,33.30214309692383,18.925174713134766,82.35969543457031
N,13,12,2025-06-06,2025-08-29,21.0,33.302818298339844,5.0926361083984375,82.36036682128906
N,13,12,2025-06-13,2025-09-05,,33.307594299316406,5.097412109375,82.36514282226562
N,13,12,2025-06-20,2025-09-12,,33.30619812011719,5.096015930175781,82.3637466430664
N,13,12,2025-06-27,2025-09-19,,32.88193130493164,4.671749114990234,81.93948364257812
N,13,12,2025-07-04,2025-09-26,,14.62985897064209,0.0,63.687408447265625
N,13,12,2025-07-11,2025-10-03,,15.053120613098145,0.0,64.11067199707031
N,13,12,2025-07-18,2025-10-10,,11.348362922668457,0.0,60.40591049194336
N,13,12,2025-07-25,2025-10-17,,6.2471923828125,0.0,55.30474090576172
N,13,12,2025-08-01,2025-10-24,,5.138498306274414,0.0,54.196044921875
N,13,12,2025-08-08,2025-10-31,,4.0228400230407715,0.0,53.080387115478516
N,13,12,2025-08-15,2025-11-07,,5.09368896484375,0.0,54.15123748779297
N,13,12,2025-08-22,2025-11-14,,5.5120368003845215,0.0,54.569583892822266
O,14,1,2023-02-17,2023-02-24,6.0,6.284132480621338,0.0,26.491832733154297
O,14,1,2023-02-24,2023-03-03,4.0,5.335048675537109,0.0,25.542749404907227
O,14,1,2023-03-03,2023-03-10,2.0,4.620230197906494,0.0,24.827930450439453
O,14,1,2023-03-10,2023-03-17,2.0,3.6164374351501465,0.0,12.425872802734375
O,14,1,2023-03-17,2023-03-24,3.0,3.242384672164917,0.0,12.051819801330566
O,14,1,2023-03-24,2023-03-31,4.0,2.9352993965148926,0.0,11.744733810424805
O,14,1,2023-03-31,2023-04-07,3.0,2.846518039703369,0.0,11.655952453613281
O,14,1,2023-04-07,2023-04-14,3.0,2.9109814167022705,0.0,11.720416069030762
O,14,1,2023-04-14,2023-04-21,3.0,2.7646918296813965,0.0,11.574127197265625
O,14,1,2023-04-21,2023-04-28,2.0,2.723191499710083,0.0,11.532626152038574
O,14,1,2023-04-28,2023-05-05,3.0,2.3583879470825195,0.0,11.16782283782959
O,14,1,2023-05-05,2023-05-12,4.0,2.633180618286133,0.0,11.442615509033203
O,14,1,2023-05-12,2023-05-19,6.0,3.903345823287964,0.0,12.712780952453613
O,14,1,2023-05-19,2023-05-26,10.0,6.347295761108398,0.0,15.156730651855469
O,14,1,2023-05-26,2023-06-02,7.0,8.647868156433105,0.0,17.45730209350586
O,14,1,2023-06-02,2023-06-09,14.0,11.115906715393066,0.0,19.925342559814453
O,14,1,2023-06-09,2023-06-16,13.0,15.127071380615234,0.0,23.936506271362305
O,14,1,2023-06-16,2023-06-23,10.0,17.710050582885742,0.0,26.519485473632812
O,14,1,2023-06-23,2023-06-30,11.0,21.003135681152344,0.9562015533447266,29.812570571899414
O,14,1,2023-06-30,2023-07-07,8.0,21.849641799926758,1.8027076721191406,30.465505599975586
O,14,1,2023-07-07,2023-07-14,7.0,22.015625,1.9686908721923828,30.631488800048828
O,14,1,2023-07-14,2023-07-21,9.0,23.506635665893555,3.4597015380859375,32.12249755859375
O,14,1,2023-07-21,2023-07-28,8.0,24.997802734375,4.950868606567383,33.61366653442383
O,14,1,2023-07-28,2023-08-04,16.0,27.858631134033203,7.811697006225586,36.47449493408203
O,14,1,2023-08-04,2023-08-11,14.0,25.169239044189453,10.153614044189453,33.78510284423828
O,14,1,2023-08-11,2023-08-18,16.0,20.84630584716797,3.8485031127929688,29.462169647216797
O,14,1,2023-08-18,2023-08-25,18.0,20.25825309753418,3.2604503631591797,28.874116897583008
O,14,1,2023-08-25,2023-09-01,18.0,20.271278381347656,3.2734756469726562,28.887142181396484
O,14,1,2023-09-01,2023-09-08,12.0,25.37252426147461,8.37472152709961,33.98838806152344
O,14,1,2023-09-08,2023-09-15,12.0,25.541255950927734,8.543453216552734,34.15711975097656
O,14,1,2023-09-15,2023-09-22,17.0,22.61894989013672,5.621147155761719,31.234813690185547
O,14,1,2023-09-22,2023-09-29,19.0,24.731489181518555,7.733686447143555,33.34735107421875
O,14,1,2023-09-29,2023-10-06,25.0,20.303070068359375,3.305267333984375,28.918933868408203
O,14,1,2023-10-06,2023-10-13,17.0,15.705460548400879,0.0,24.32132339477539
O,14,1,2023-10-13,2023-10-20,18.0,13.215147018432617,0.0,21.831010818481445
O,14,1,2023-10-20,2023-10-27,7.0,11.478158950805664,0.0,20.094022750854492
O,14,1,2023-10-27,2023-11-03,14.0,9.737946510314941,0.0,18.353809356689453
O,14,1,2023-11-03,2023-11-10,19.0,8.521727561950684,0.0,17.137592315673828
O,14,1,2023-11-10,2023-11-17,15.0,8.022485733032227,0.0,16.638349533081055
O,14,1,2023-11-17,2023-11-24,6.0,7.602548599243164,0.0,16.03234100341797
O,14,1,2023-11-24,2023-12-01,5.0,6.900946617126465,0.0,17.37921905517578
O,14,1,2023-12-01,2023-12-08,8.0,6.230356693267822,0.0,16.708629608154297
O,14,1,2023-12-08,2023-12-15,7.0,5.688834190368652,0.0,16.16710662841797
O,14,1,2023-12-15,2023-12-22,10.0,5.612314701080322,0.0,16.090587615966797
O,14,1,2023-12-22,2023-12-29,9.0,5.686028957366943,0.0,16.1643009185791
O,14,1,2023-12-29,2024-01-05,13.0,6.83052921295166,0.0,17.308801651000977
O,14,1,2024-01-05,2024-01-12,7.0,6.775759696960449,0.0,17.254032135009766
O,14,1,2024-01-12,2024-01-19,12.0,6.208064556121826,0.0,16.686336517333984
O,14,1,2024-01-19,2024-01-26,6.0,6.458320140838623,0.0,16.93659210205078
O,14,1,2024-01-26,2024-02-02,11.0,6.600677013397217,0.0,17.078948974609375
O,14,1,2024-02-02,2024-02-09,9.0,6.67600679397583,0.0,17.154279708862305
O,14,1,2024-02-09,2024-02-16,8.0,5.575207233428955,0.0,16.05348014831543
O,14,1,2024-02-16,2024-02-23,5.0,4.4250030517578125,0.0,14.903275489807129
O,14,1,2024-02-23,2024-03-01,5.0,3.8297107219696045,0.0,14.3079833984375
O,14,1,2024-03-01,2024-03-08,9.0,3.2216479778289795,0.0,13.699920654296875
O,14,1,2024-03-08,2024-03-15,8.0,2.816842555999756,0.0,13.295114517211914
O,14,1,2024-03-15,2024-03-22,9.0,2.587482213973999,0.0,13.065754890441895
O,14,1,2024-03-22,2024-03-29,8.0,2.3813059329986572,0.0,12.859578132629395
O,14,1,2024-03-29,2024-04-05,5.0,2.242504596710205,0.0,12.72077751159668
O,14,1,2024-04-05,2024-04-12,3.0,1.8667418956756592,0.0,12.345014572143555
O,14,1,2024-04-12,2024-04-19,1.0,1.9085211753845215,0.0,12.38679313659668
O,14,1,2024-04-19,2024-04-26,0.0,1.1316742897033691,0.0,11.609947204589844
O,14,1,2024-04-26,2024-05-03,3.0,0.8865740299224854,0.0,11.364846229553223
O,14,1,2024-05-03,2024-05-10,4.0,0.8071646690368652,0.0,11.285436630249023
O,14,1,2024-05-10,2024-05-17,4.0,1.0658868551254272,0.0,11.544158935546875
O,14,1,2024-05-17,2024-05-24,5.0,1.475928783416748,0.0,11.954200744628906
O,14,1,2024-05-24,2024-05-31,3.0,2.061180591583252,0.0,12.539453506469727
O,14,1,2024-05-31,2024-06-07,3.0,2.8324594497680664,0.0,13.310731887817383
O,14,1,2024-06-07,2024-06-14,6.0,3.778299570083618,0.0,14.256571769714355
O,14,1,2024-06-14,2024-06-21,5.0,5.631756782531738,0.0,16.110029220581055
O,14,1,2024-06-21,2024-06-28,9.0,7.722738742828369,0.0,18.201011657714844
O,14,1,2024-06-28,2024-07-05,9.0,10.506436347961426,0.0,20.984708786010742
O,14,1,2024-07-05,2024-07-12,17.0,13.102690696716309,0.0,23.580963134765625
O,14,1,2024-07-12,2024-07-19,26.0,15.388107299804688,0.0,25.866378784179688
O,14,1,2024-07-19,2024-07-26,20.0,19.35822105407715,2.3604183197021484,29.83649444580078
O,14,1,2024-07-26,2024-08-02,23.0,25.816722869873047,8.818920135498047,36.29499435424805
O,14,1,2024-08-02,2024-08-09,26.0,31.41440200805664,14.41659927368164,42.02629470825195
O,14,1,2024-08-09,2024-08-16,48.0,32.6512336730957,19.10997772216797,43.263126373291016
O,14,1,2024-08-16,2024-08-23,22.0,32.70893859863281,19.167682647705078,43.320831298828125
O,14,1,2024-08-23,2024-08-30,23.0,32.90140914916992,19.360153198242188,43.513301849365234
O,14,1,2024-08-30,2024-09-06,28.0,32.89093780517578,19.349681854248047,48.23970413208008
O,14,1,2024-09-06,2024-09-13,38.0,32.62971496582031,19.088459014892578,47.97848129272461
O,14,1,2024-09-13,2024-09-20,50.0,31.456148147583008,17.914892196655273,46.80491638183594
O,14,1,2024-09-20,2024-09-27,47.0,31.93446159362793,18.393205642700195,47.283226013183594
O,14,1,2024-09-27,2024-10-04,45.0,32.46044921875,21.751510620117188,47.8092155456543
O,14,1,2024-10-04,2024-10-11,31.0,31.389060974121094,20.68012237548828,49.93291473388672
O,14,1,2024-10-11,2024-10-18,41.0,29.119537353515625,18.410598754882812,47.66339111328125
O,14,1,2024-10-18,2024-10-25,33.0,31.077001571655273,20.36806297302246,49.620853424072266
O,14,1,2024-10-25,2024-11-01,46.0,31.23629379272461,20.527355194091797,49.78014373779297
O,14,1,2024-11-01,2024-11-08,69.0,30.108572006225586,19.399633407592773,48.65242385864258
O,14,1,2024-11-08,2024-11-15,52.0,28.225011825561523,17.51607322692871,46.768863677978516
O,14,1,2024-11-15,2024-11-22,67.0,27.62580680847168,16.916868209838867,46.16965866088867
O,14,1,2024-11-22,2024-11-29,53.0,26.86361312866211,16.154674530029297,65.75503540039062
O,14,1,2024-11-29,2024-12-06,35.0,28.917041778564453,18.20810317993164,67.8084716796875
O,14,1,2024-12-06,2024-12-13,33.0,27.37318229675293,16.664243698120117,66.74737548828125
O,14,1,2024-12-13,2024-12-20,22.0,24.538955688476562,13.83001708984375,63.91314697265625
O,14,1,2024-12-20,2024-12-27,20.0,22.24639320373535,11.537454605102539,61.620582580566406
O,14,1,2024-12-27,2025-01-03,25.0,18.430408477783203,7.721469879150391,57.80459976196289
O,14,1,2025-01-03,2025-01-10,35.0,15.47402286529541,4.765084266662598,54.84821319580078
O,14,1,2025-01-10,2025-01-17,35.0,13.303252220153809,2.594313621520996,52.67744445800781
O,14,1,2025-01-17,2025-01-24,26.0,13.26285457611084,2.5539159774780273,52.637046813964844
O,14,1,2025-01-24,2025-01-31,32.0,13.643354415893555,2.934415817260742,53.017547607421875
O,14,1,2025-01-31,2025-02-07,23.0,15.19975471496582,4.490816116333008,54.573944091796875
O,14,1,2025-02-07,2025-02-14,48.0,16.417625427246094,5.708686828613281,55.79181671142578
O,14,1,2025-02-14,2025-02-21,31.0,18.969449996948242,8.26051139831543,58.34364318847656
O,14,1,2025-02-21,2025-02-28,34.0,21.38864517211914,10.679706573486328,60.76283645629883
O,14,1,2025-02-28,2025-03-07,28.0,23.449472427368164,12.740533828735352,62.82366180419922
O,14,1,2025-03-07,2025-03-14,31.0,23.746374130249023,13.037435531616211,63.120567321777344
O,14,1,2025-03-14,2025-03-21,23.0,22.782394409179688,12.073455810546875,62.156585693359375
O,14,1,2025-03-21,2025-03-28,13.0,20.237276077270508,9.528337478637695,59.61146545410156
O,14,1,2025-03-28,2025-04-04,15.0,17.76611328125,7.0571746826171875,57.14030456542969
O,14,1,2025-04-04,2025-04-11,12.0,15.080256462097168,4.3713178634643555,54.45444869995117
O,14,1,2025-04-11,2025-04-18,10.0,14.34976863861084,3.6408300399780273,53.723960876464844
O,14,1,2025-04-18,2025-04-25,12.0,12.283391952514648,1.574453353881836,51.65758514404297
O,14,1,2025-04-25,2025-05-02,3.0,10.771038055419922,0.062099456787109375,50.14522933959961
O,14,1,2025-05-02,2025-05-09,3.0,9.822065353393555,0.0,49.196258544921875
O,14,1,2025-05-09,2025-05-16,7.0,8.954398155212402,0.0,48.328590393066406
O,14,1,2025-05-16,2025-05-23,9.0,7.624432563781738,0.0,46.99862289428711
O,14,1,2025-05-23,2025-05-30,7.0,6.003981590270996,0.0,45.378173828125
O,14,1,2025-05-30,2025-06-06,10.0,5.717030048370361,0.0,45.09122085571289
O,14,1,2025-06-06,2025-06-13,9.0,6.976737022399902,0.0,46.350929260253906
O,14,1,2025-06-13,2025-06-20,8.0,8.755352020263672,0.0,48.12954330444336
O,14,1,2025-06-20,2025-06-27,16.0,9.947742462158203,0.0,49.32193374633789
O,14,1,2025-06-27,2025-07-04,8.0,14.628310203552246,3.9193716049194336,54.00250244140625
O,14,1,2025-07-04,2025-07-11,17.0,20.988554000854492,10.27961540222168,60.36274719238281
O,14,1,2025-07-11,2025-07-18,18.0,26.435670852661133,15.72673225402832,65.80986022949219
O,14,1,2025-07-18,2025-07-25,14.0,26.208898544311523,15.499959945678711,65.58309173583984
O,14,1,2025-07-25,2025-08-01,19.0,24.079938888549805,13.371000289916992,63.454132080078125
O,14,1,2025-08-01,2025-08-08,24.0,23.104007720947266,12.395069122314453,62.47819900512695
O,14,1,2025-08-08,2025-08-15,14.0,21.222206115722656,9.013307571411133,60.596397399902344
O,14,1,2025-08-15,2025-08-22,20.0,20.313610076904297,8.104711532592773,59.687801361083984
O,14,1,2025-08-22,2025-08-29,19.0,16.516603469848633,4.307704925537109,55.89079284667969
O,14,2,2023-02-17,2023-03-03,4.0,6.136362075805664,0.0,16.09672737121582
O,14,2,2023-02-24,2023-03-10,2.0,5.061638355255127,0.0,15.022003173828125
O,14,2,2023-03-03,2023-03-17,2.0,4.282009124755859,0.0,14.242374420166016
O,14,2,2023-03-10,2023-03-24,3.0,3.2569680213928223,0.0,13.21733283996582
O,14,2,2023-03-17,2023-03-31,4.0,2.9441351890563965,0.0,12.904500961303711
O,14,2,2023-03-24,2023-04-07,3.0,2.8074798583984375,0.0,12.767845153808594
O,14,2,2023-03-31,2023-04-14,3.0,2.8369081020355225,0.0,12.797273635864258
O,14,2,2023-04-07,2023-04-21,3.0,2.94803524017334,0.0,12.908400535583496
O,14,2,2023-04-14,2023-04-28,2.0,2.9883952140808105,0.0,12.948760986328125
O,14,2,2023-04-21,2023-05-05,3.0,3.0582621097564697,0.0,13.018627166748047
O,14,2,2023-04-28,2023-05-12,4.0,2.712347984313965,0.0,12.672713279724121
O,14,2,2023-05-05,2023-05-19,6.0,3.1741673946380615,0.0,13.134532928466797
O,14,2,2023-05-12,2023-05-26,10.0,5.088339805603027,0.0,15.048705101013184
O,14,2,2023-05-19,2023-06-02,7.0,8.715890884399414,0.0,18.67625617980957
O,14,2,2023-05-26,2023-06-09,14.0,11.001946449279785,0.0,20.962310791015625
O,14,2,2023-06-02,2023-06-16,13.0,13.611400604248047,0.0,23.571765899658203
O,14,2,2023-06-09,2023-06-23,10.0,17.37852668762207,0.0,27.338891983032227
O,14,2,2023-06-16,2023-06-30,11.0,20.33659553527832,0.0,30.296960830688477
O,14,2,2023-06-23,2023-07-07,8.0,24.48142433166504,3.226675033569336,34.44178771972656
O,14,2,2023-06-30,2023-07-14,7.0,25.025663375854492,3.770914077758789,34.98603057861328
O,14,2,2023-07-07,2023-07-21,9.0,24.48011016845703,3.225360870361328,34.44047546386719
O,14,2,2023-07-14,2023-07-28,8.0,25.27671241760254,4.021963119506836,35.23707580566406
O,14,2,2023-07-21,2023-08-04,16.0,26.0997257232666,4.844976425170898,36.060089111328125
O,14,2,2023-07-28,2023-08-11,14.0,28.913578033447266,7.6588287353515625,38.87394332885742
O,14,2,2023-08-04,2023-08-18,16.0,23.6268253326416,5.601161956787109,33.587188720703125
O,14,2,2023-08-11,2023-08-25,18.0,18.345245361328125,0.3195819854736328,28.30561065673828
O,14,2,2023-08-18,2023-09-01,18.0,18.374366760253906,0.34870338439941406,28.334732055664062
O,14,2,2023-08-25,2023-09-08,12.0,19.172943115234375,1.1472797393798828,29.13330841064453
O,14,2,2023-09-01,2023-09-15,12.0,24.75171661376953,6.726053237915039,34.71208190917969
O,14,2,2023-09-08,2023-09-22,17.0,23.94191551208496,5.916252136230469,33.90228271484375
O,14,2,2023-09-15,2023-09-29,19.0,19.53584861755371,1.5101852416992188,29.496213912963867
O,14,2,2023-09-22,2023-10-06,25.0,21.18268394470215,3.1570205688476562,31.143049240112305
O,14,2,2023-09-29,2023-10-13,17.0,16.444990158081055,0.0,26.40535545349121
O,14,2,2023-10-06,2023-10-20,18.0,13.102949142456055,0.0,23.06331443786621
O,14,2,2023-10-13,2023-10-27,7.0,11.300701141357422,0.0,21.261066436767578
O,14,2,2023-10-20,2023-11-03,14.0,9.69867992401123,0.0,19.659046173095703
O,14,2,2023-10-27,2023-11-10,19.0,8.089424133300781,0.0,18.049789428710938
O,14,2,2023-11-03,2023-11-17,15.0,7.311568260192871,0.0,17.271934509277344
O,14,2,2023-11-10,2023-11-24,6.0,7.134633541107178,0.0,17.094999313354492
O,14,2,2023-11-17,2023-12-01,5.0,6.750955581665039,0.0,16.361602783203125
O,14,2,2023-11-24,2023-12-08,8.0,6.192272186279297,0.0,17.102848052978516
O,14,2,2023-12-01,2023-12-15,7.0,5.848320960998535,0.0,16.758895874023438
O,14,2,2023-12-08,2023-12-22,10.0,5.6169538497924805,0.0,16.527530670166016
O,14,2,2023-12-15,2023-12-29,9.0,5.74920654296875,0.0,16.65978240966797
O,14,2,2023-12-22,2024-01-05,13.0,5.852548122406006,0.0,16.763124465942383
O,14,2,2023-12-29,2024-01-12,7.0,7.3769731521606445,0.0,18.287548065185547
O,14,2,2024-01-05,2024-01-19,12.0,7.302048206329346,0.0,18.212623596191406
O,14,2,2024-01-12,2024-01-26,6.0,6.4811110496521,0.0,17.391687393188477
O,14,2,2024-01-19,2024-02-02,11.0,6.7697954177856445,0.0,17.680370330810547
O,14,2,2024-01-26,2024-02-09,9.0,6.817954063415527,0.0,17.728530883789062
O,14,2,2024-02-02,2024-02-16,8.0,6.718274116516113,0.0,17.628849029541016
O,14,2,2024-02-09,2024-02-23,5.0,5.404499053955078,0.0,16.315074920654297
O,14,2,2024-02-16,2024-03-01,5.0,4.189441204071045,0.0,15.100017547607422
O,14,2,2024-02-23,2024-03-08,9.0,3.5225963592529297,0.0,14.433172225952148
O,14,2,2024-03-01,2024-03-15,8.0,3.0513408184051514,0.0,13.96191692352295
O,14,2,2024-03-08,2024-03-22,9.0,2.650740385055542,0.0,13.56131649017334
O,14,2,2024-03-15,2024-03-29,8.0,2.522477149963379,0.0,13.433053016662598
O,14,2,2024-03-22,2024-04-05,5.0,2.465980291366577,0.0,13.376556396484375
O,14,2,2024-03-29,2024-04-12,3.0,2.3833985328674316,0.0,13.293973922729492
O,14,2,2024-04-05,2024-04-19,1.0,1.9910032749176025,0.0,12.901578903198242
O,14,2,2024-04-12,2024-04-26,0.0,2.133366823196411,0.0,13.04394245147705
O,14,2,2024-04-19,2024-05-03,3.0,1.1781736612319946,0.0,12.088749885559082
O,14,2,2024-04-26,2024-05-10,4.0,0.974766731262207,0.0,11.885342597961426
O,14,2,2024-05-03,2024-05-17,4.0,0.956385612487793,0.0,11.866961479187012
O,14,2,2024-05-10,2024-05-24,5.0,1.3193693161010742,0.0,12.229945182800293
O,14,2,2024-05-17,2024-05-31,3.0,1.8281465768814087,0.0,12.738722801208496
O,14,2,2024-05-24,2024-06-07,3.0,2.5282979011535645,0.0,13.438873291015625
O,14,2,2024-05-31,2024-06-14,6.0,3.5422661304473877,0.0,14.452841758728027
O,14,2,2024-06-07,2024-06-21,5.0,4.65952205657959,0.0,15.570097923278809
O,14,2,2024-06-14,2024-06-28,9.0,6.489269733428955,0.0,17.399845123291016
O,14,2,2024-06-21,2024-07-05,9.0,8.484743118286133,0.0,19.39531898498535
O,14,2,2024-06-28,2024-07-12,17.0,11.681809425354004,0.0,22.592384338378906
O,14,2,2024-07-05,2024-07-19,26.0,14.224268913269043,0.0,25.134845733642578
O,14,2,2024-07-12,2024-07-26,20.0,16.57940673828125,0.0,27.48998260498047
O,14,2,2024-07-19,2024-08-02,23.0,21.7275333404541,3.7018699645996094,32.63810729980469
O,14,2,2024-07-26,2024-08-09,26.0,29.601093292236328,12.324380874633789,40.51166915893555
O,14,2,2024-08-02,2024-08-16,48.0,32.76999282836914,15.493280410766602,44.54572296142578
O,14,2,2024-08-09,2024-08-23,22.0,33.12097930908203,18.207401275634766,44.89670944213867
O,14,2,2024-08-16,2024-08-30,23.0,33.125450134277344,18.211872100830078,44.901180267333984
O,14,2,2024-08-23,2024-09-06,28.0,33.15699005126953,20.4052734375,44.93272018432617
O,14,2,2024-08-30,2024-09-13,38.0,33.0390510559082,20.287334442138672,48.26905822753906
O,14,2,2024-09-06,2024-09-20,50.0,32.456214904785156,19.704498291015625,47.686222076416016
O,14,2,2024-09-13,2024-09-27,47.0,28.632251739501953,15.880535125732422,43.86225891113281
O,14,2,2024-09-20,2024-10-04,45.0,31.552221298217773,18.800504684448242,46.7822265625
O,14,2,2024-09-27,2024-10-11,31.0,32.80629348754883,21.685314178466797,48.03630065917969
O,14,2,2024-10-04,2024-10-18,41.0,31.415029525756836,20.294050216674805,48.95881652832031
O,14,2,2024-10-11,2024-10-25,33.0,26.605152130126953,15.484172821044922,44.972900390625
O,14,2,2024-10-18,2024-11-01,46.0,29.07332420349121,17.95234489440918,47.441070556640625
O,14,2,2024-10-25,2024-11-08,69.0,28.822265625,17.70128631591797,47.19001388549805
O,14,2,2024-11-01,2024-11-15,52.0,27.109333038330078,15.988353729248047,45.477081298828125
O,14,2,2024-11-08,2024-11-22,67.0,25.545854568481445,14.424875259399414,43.913604736328125
O,14,2,2024-11-15,2024-11-29,53.0,25.707063674926758,14.586084365844727,44.07481384277344
O,14,2,2024-11-22,2024-12-06,35.0,24.3089656829834,13.187986373901367,64.48670196533203
O,14,2,2024-11-29,2024-12-13,33.0,27.153398513793945,16.032419204711914,67.33113098144531
O,14,2,2024-12-06,2024-12-20,22.0,23.597158432006836,12.476179122924805,65.05130767822266
O,14,2,2024-12-13,2024-12-27,20.0,19.588991165161133,8.468011856079102,61.04313659667969
O,14,2,2024-12-20,2025-01-03,25.0,17.474462509155273,6.353483200073242,58.928611755371094
O,14,2,2024-12-27,2025-01-10,35.0,14.944252014160156,3.823272705078125,56.398399353027344
O,14,2,2025-01-03,2025-01-17,35.0,13.362500190734863,2.241520881652832,54.816646575927734
O,14,2,2025-01-10,2025-01-24,26.0,12.553314208984375,1.4323348999023438,54.00746154785156
O,14,2,2025-01-17,2025-01-31,32.0,13.49414348602295,2.373164176940918,54.94829177856445
O,14,2,2025-01-24,2025-02-07,23.0,14.403326988220215,3.2823476791381836,55.85747528076172
O,14,2,2025-01-31,2025-02-14,48.0,16.277769088745117,5.156789779663086,57.73191833496094
O,14,2,2025-02-07,2025-02-21,31.0,17.16176414489746,6.04078483581543,58.61591339111328
O,14,2,2025-02-14,2025-02-28,34.0,19.57144546508789,8.45046615600586,61.02559280395508
O,14,2,2025-02-21,2025-03-07,28.0,20.788206100463867,9.667226791381836,62.24235534667969
O,14,2,2025-02-28,2025-03-14,31.0,22.750263214111328,11.629283905029297,64.20440673828125
O,14,2,2025-03-07,2025-03-21,23.0,22.76392364501953,11.6429443359375,64.21807098388672
O,14,2,2025-03-14,2025-03-28,13.0,21.44532012939453,10.3243408203125,62.89946746826172
O,14,2,2025-03-21,2025-04-04,15.0,18.806638717651367,7.685659408569336,60.26078796386719
O,14,2,2025-03-28,2025-04-11,12.0,17.012340545654297,5.891361236572266,58.466487884521484
O,14,2,2025-04-04,2025-04-18,10.0,15.034992218017578,3.914012908935547,56.489139556884766
O,14,2,2025-04-11,2025-04-25,12.0,14.806809425354004,3.6858301162719727,56.260955810546875
O,14,2,2025-04-18,2025-05-02,3.0,12.97064208984375,1.8496627807617188,54.42478942871094
O,14,2,2025-04-25,2025-05-09,3.0,11.360749244689941,0.23976993560791016,52.81489562988281
O,14,2,2025-05-02,2025-05-16,7.0,10.38972282409668,0.0,51.8438720703125
O,14,2,2025-05-09,2025-05-23,9.0,9.621397972106934,0.0,51.07554626464844
O,14,2,2025-05-16,2025-05-30,7.0,8.11344051361084,0.0,49.567588806152344
O,14,2,2025-05-23,2025-06-06,10.0,6.319230556488037,0.0,47.77337646484375
O,14,2,2025-05-30,2025-06-13,9.0,6.343372344970703,0.0,47.79751968383789
O,14,2,2025-06-06,2025-06-20,8.0,8.238250732421875,0.0,49.69239807128906
O,14,2,2025-06-13,2025-06-27,16.0,10.525253295898438,0.0,51.979400634765625
O,14,2,2025-06-20,2025-07-04,8.0,11.640094757080078,0.5191154479980469,53.094242095947266
O,14,2,2025-06-27,2025-07-11,17.0,16.763036727905273,5.642057418823242,58.217185974121094
O,14,2,2025-07-04,2025-07-18,18.0,23.751745223999023,12.630765914916992,65.20589447021484
O,14,2,2025-07-11,2025-07-25,14.0,29.80811882019043,18.6871395111084,71.26226806640625
O,14,2,2025-07-18,2025-08-01,19.0,28.417146682739258,17.296167373657227,69.87129211425781
O,14,2,2025-07-25,2025-08-08,24.0,23.072811126708984,11.951831817626953,64.52696228027344
O,14,2,2025-08-01,2025-08-15,14.0,20.452774047851562,9.331794738769531,61.90692138671875
O,14,2,2025-08-08,2025-08-22,20.0,17.893583297729492,2.0854644775390625,59.34773254394531
O,14,2,2025-08-15,2025-08-29,19.0,16.90091896057129,1.0928001403808594,58.355064392089844
O,14,2,2025-08-22,2025-09-05,,13.96263313293457,0.0,55.416778564453125
O,14,4,2023-02-17,2023-03-17,2.0,5.205970764160156,0.0,16.66876983642578
O,14,4,2023-02-24,2023-03-24,3.0,4.12070894241333,0.0,15.583507537841797
O,14,4,2023-03-03,2023-03-31,4.0,3.382430076599121,0.0,14.845229148864746
O,14,4,2023-03-10,2023-04-07,3.0,2.4935784339904785,0.0,13.956377029418945
O,14,4,2023-03-17,2023-04-14,3.0,2.329284191131592,0.0,13.792083740234375
O,14,4,2023-03-24,2023-04-21,3.0,2.5220260620117188,0.0,13.984825134277344
O,14,4,2023-03-31,2023-04-28,2.0,2.810673475265503,0.0,14.273472785949707
O,14,4,2023-04-07,2023-05-05,3.0,3.0277843475341797,0.0,14.490583419799805
O,14,4,2023-04-14,2023-05-12,4.0,3.5896942615509033,0.0,15.05249309539795
O,14,4,2023-04-21,2023-05-19,6.0,4.142584323883057,0.0,15.605382919311523
O,14,4,2023-04-28,2023-05-26,10.0,4.062047004699707,0.0,15.524846076965332
O,14,4,2023-05-05,2023-06-02,7.0,5.214138984680176,0.0,16.676937103271484
O,14,4,2023-05-12,2023-06-09,14.0,9.003353118896484,0.0,20.46615219116211
O,14,4,2023-05-19,2023-06-16,13.0,14.805776596069336,0.0,26.26857566833496
O,14,4,2023-05-26,2023-06-23,10.0,16.714569091796875,0.0,28.1773681640625
O,14,4,2023-06-02,2023-06-30,11.0,20.42473030090332,0.0,31.887529373168945
O,14,4,2023-06-09,2023-07-07,8.0,23.452491760253906,2.368114471435547,34.91529083251953
O,14,4,2023-06-16,2023-07-14,7.0,28.770235061645508,7.685857772827148,40.2330322265625
O,14,4,2023-06-23,2023-07-21,9.0,32.14372634887695,11.059349060058594,43.60652542114258
O,14,4,2023-06-30,2023-07-28,8.0,32.22088623046875,11.13650894165039,42.96944808959961
O,14,4,2023-07-07,2023-08-04,16.0,31.677919387817383,10.593542098999023,42.426483154296875
O,14,4,2023-07-14,2023-08-11,14.0,30.985031127929688,9.900653839111328,41.73359298706055
O,14,4,2023-07-21,2023-08-18,16.0,28.600507736206055,7.516130447387695,39.34907150268555
O,14,4,2023-07-28,2023-08-25,18.0,27.888368606567383,6.118133544921875,38.636932373046875
O,14,4,2023-08-04,2023-09-01,18.0,19.4776611328125,0.0,30.22622299194336
O,14,4,2023-08-11,2023-09-08,12.0,15.653006553649902,0.0,26.401569366455078
O,14,4,2023-08-18,2023-09-15,12.0,16.725109100341797,0.0,27.473670959472656
O,14,4,2023-08-25,2023-09-22,17.0,17.932861328125,0.0,28.68142318725586
O,14,4,2023-09-01,2023-09-29,19.0,21.2536678314209,0.0,32.00223159790039
O,14,4,2023-09-08,2023-10-06,25.0,19.991756439208984,0.0,30.740318298339844
O,14,4,2023-09-15,2023-10-13,17.0,16.24648094177246,0.0,26.995044708251953
O,14,4,2023-09-22,2023-10-20,18.0,16.50444984436035,0.0,27.253013610839844
O,14,4,2023-09-29,2023-10-27,7.0,12.557450294494629,0.0,23.306013107299805
O,14,4,2023-10-06,2023-11-03,14.0,10.491425514221191,0.0,21.239988327026367
O,14,4,2023-10-13,2023-11-10,19.0,9.100479125976562,0.0,19.849040985107422
O,14,4,2023-10-20,2023-11-17,15.0,7.328732013702393,0.0,18.077295303344727
O,14,4,2023-10-27,2023-11-24,6.0,5.962934970855713,0.0,16.711498260498047
O,14,4,2023-11-03,2023-12-01,5.0,5.9142632484436035,0.0,16.662826538085938
O,14,4,2023-11-10,2023-12-08,8.0,6.288639068603516,0.0,17.037200927734375
O,14,4,2023-11-17,2023-12-15,7.0,6.0557541847229,0.0,16.804317474365234
O,14,4,2023-11-24,2023-12-22,10.0,5.667705059051514,0.0,16.41626739501953
O,14,4,2023-12-01,2023-12-29,9.0,5.779035568237305,0.0,16.527599334716797
O,14,4,2023-12-08,2024-01-05,13.0,5.933963775634766,0.0,16.682525634765625
O,14,4,2023-12-15,2024-01-12,7.0,6.397389888763428,0.0,17.145952224731445
O,14,4,2023-12-22,2024-01-19,12.0,6.317461967468262,0.0,17.066024780273438
O,14,4,2023-12-29,2024-01-26,6.0,8.006187438964844,0.0,18.754749298095703
O,14,4,2024-01-05,2024-02-02,11.0,7.8122358322143555,0.0,18.56079864501953
O,14,4,2024-01-12,2024-02-09,9.0,6.6053643226623535,0.0,17.353927612304688
O,14,4,2024-01-19,2024-02-16,8.0,6.879384994506836,0.0,17.627948760986328
O,14,4,2024-01-26,2024-02-23,5.0,6.711635112762451,0.0,17.46019744873047
O,14,4,2024-02-02,2024-03-01,5.0,6.380551815032959,0.0,17.129114151000977
O,14,4,2024-02-09,2024-03-08,9.0,4.865922451019287,0.0,14.765443801879883
O,14,4,2024-02-16,2024-03-15,8.0,3.652696132659912,0.0,13.552217483520508
O,14,4,2024-02-23,2024-03-22,9.0,2.9943928718566895,0.0,12.893913269042969
O,14,4,2024-03-01,2024-03-29,8.0,2.8196568489074707,0.0,12.71917724609375
O,14,4,2024-03-08,2024-04-05,5.0,2.4606316089630127,0.0,12.360152244567871
O,14,4,2024-03-15,2024-04-12,3.0,2.5282602310180664,0.0,12.427781105041504
O,14,4,2024-03-22,2024-04-19,1.0,2.8145313262939453,0.0,12.714052200317383
O,14,4,2024-03-29,2024-04-26,0.0,2.9014430046081543,0.0,12.80096435546875
O,14,4,2024-04-05,2024-05-03,3.0,2.512343168258667,0.0,12.411864280700684
O,14,4,2024-04-12,2024-05-10,4.0,2.9143178462982178,0.0,12.813838958740234
O,14,4,2024-04-19,2024-05-17,4.0,1.5550309419631958,0.0,11.454551696777344
O,14,4,2024-04-26,2024-05-24,5.0,1.4254577159881592,0.0,11.324978828430176
O,14,4,2024-05-03,2024-05-31,3.0,1.5188772678375244,0.0,11.418397903442383
O,14,4,2024-05-10,2024-06-07,3.0,2.1756396293640137,0.0,12.07516098022461
O,14,4,2024-05-17,2024-06-14,6.0,3.075772523880005,0.0,12.975293159484863
O,14,4,2024-05-24,2024-06-21,5.0,4.253199577331543,0.0,14.15272045135498
O,14,4,2024-05-31,2024-06-28,9.0,6.015390396118164,0.0,15.914911270141602
O,14,4,2024-06-07,2024-07-05,9.0,7.213862419128418,0.0,17.113384246826172
O,14,4,2024-06-14,2024-07-12,17.0,8.686508178710938,0.0,18.586029052734375
O,14,4,2024-06-21,2024-07-19,26.0,10.569149017333984,0.0,20.468669891357422
O,14,4,2024-06-28,2024-07-26,20.0,15.34601879119873,0.0,25.245540618896484
O,14,4,2024-07-05,2024-08-02,23.0,18.880178451538086,0.0,28.779699325561523
O,14,4,2024-07-12,2024-08-09,26.0,22.65925407409668,0.0,32.55877685546875
O,14,4,2024-07-19,2024-08-16,48.0,28.81855010986328,4.597663879394531,38.71807098388672
O,14,4,2024-07-26,2024-08-23,22.0,32.7672119140625,8.54632568359375,42.66673278808594
O,14,4,2024-08-02,2024-08-30,23.0,33.21697998046875,8.99609375,48.647830963134766
O,14,4,2024-08-09,2024-09-06,28.0,33.21946334838867,16.234432220458984,48.65031433105469
O,14,4,2024-08-16,2024-09-13,38.0,33.181854248046875,16.196823120117188,48.61270523071289
O,14,4,2024-08-23,2024-09-20,50.0,32.75084686279297,20.150339126586914,48.181697845458984
O,14,4,2024-08-30,2024-09-27,47.0,28.98708724975586,19.098718643188477,48.16853713989258
O,14,4,2024-09-06,2024-10-04,45.0,24.40219497680664,13.63498306274414,43.58364486694336
O,14,4,2024-09-13,2024-10-11,31.0,19.711673736572266,8.944461822509766,38.893123626708984
O,14,4,2024-09-20,2024-10-18,41.0,23.55105209350586,12.78384017944336,42.73250198364258
O,14,4,2024-09-27,2024-10-25,33.0,30.338214874267578,19.571002960205078,49.5196647644043
O,14,4,2024-10-04,2024-11-01,46.0,25.194068908691406,14.426856994628906,44.375518798828125
O,14,4,2024-10-11,2024-11-08,69.0,18.870664596557617,8.103452682495117,38.05211639404297
O,14,4,2024-10-18,2024-11-15,52.0,20.438312530517578,9.671100616455078,41.03611755371094
O,14,4,2024-10-25,2024-11-22,67.0,20.127296447753906,9.360084533691406,40.725101470947266
O,14,4,2024-11-01,2024-11-29,53.0,18.93018913269043,8.16297721862793,39.527992248535156
O,14,4,2024-11-08,2024-12-06,35.0,18.711475372314453,7.944263458251953,39.30928039550781
O,14,4,2024-11-15,2024-12-13,33.0,20.515546798706055,9.748334884643555,41.32147979736328
O,14,4,2024-11-22,2024-12-20,22.0,19.550270080566406,8.783058166503906,69.67960357666016
O,14,4,2024-11-29,2024-12-27,20.0,20.97357177734375,10.20635986328125,71.1029052734375
O,14,4,2024-12-06,2025-01-03,25.0,17.451936721801758,6.684724807739258,67.58126831054688
O,14,4,2024-12-13,2025-01-10,35.0,14.640726089477539,3.873514175415039,64.77005767822266
O,14,4,2024-12-20,2025-01-17,35.0,13.287515640258789,2.520303726196289,63.416847229003906
O,14,4,2024-12-27,2025-01-24,26.0,11.75965404510498,0.9924421310424805,61.88898849487305
O,14,4,2025-01-03,2025-01-31,32.0,11.04151439666748,0.27430248260498047,61.17084884643555
O,14,4,2025-01-10,2025-02-07,23.0,11.720271110534668,0.953059196472168,61.849605560302734
O,14,4,2025-01-17,2025-02-14,48.0,13.398707389831543,2.631495475769043,63.52804183959961
O,14,4,2025-01-24,2025-02-21,31.0,14.39211654663086,3.6249046325683594,64.52145385742188
O,14,4,2025-01-31,2025-02-28,34.0,15.65489387512207,4.88768196105957,65.78422546386719
O,14,4,2025-02-07,2025-03-07,28.0,15.964998245239258,5.197786331176758,66.09432983398438
O,14,4,2025-02-14,2025-03-14,31.0,17.437002182006836,6.669790267944336,67.56633758544922
O,14,4,2025-02-21,2025-03-21,23.0,18.06952476501465,7.302312850952148,68.19886016845703
O,14,4,2025-02-28,2025-03-28,13.0,20.3637752532959,9.596563339233398,70.49311065673828
O,14,4,2025-03-07,2025-04-04,15.0,20.296485900878906,9.529273986816406,70.42581939697266
O,14,4,2025-03-14,2025-04-11,12.0,19.266687393188477,8.499475479125977,69.3960189819336
O,14,4,2025-03-21,2025-04-18,10.0,17.286884307861328,6.519672393798828,67.41621398925781
O,14,4,2025-03-28,2025-04-25,12.0,16.365680694580078,5.598468780517578,66.49501037597656
O,14,4,2025-04-04,2025-05-02,3.0,15.294553756713867,4.527341842651367,65.42388916015625
O,14,4,2025-04-11,2025-05-09,3.0,15.982478141784668,5.215266227722168,66.11180877685547
O,14,4,2025-04-18,2025-05-16,7.0,14.81641674041748,4.0492048263549805,64.94574737548828
O,14,4,2025-04-25,2025-05-23,9.0,13.305219650268555,2.5380077362060547,63.43455505371094
O,14,4,2025-05-02,2025-05-30,7.0,12.664389610290527,1.8971776962280273,62.793724060058594
O,14,4,2025-05-09,2025-06-06,10.0,12.521810531616211,1.754598617553711,62.651145935058594
O,14,4,2025-05-16,2025-06-13,9.0,11.405067443847656,0.0,61.534400939941406
O,14,4,2025-05-23,2025-06-20,8.0,9.596442222595215,0.0,59.72577667236328
O,14,4,2025-05-30,2025-06-27,16.0,10.160304069519043,0.0,60.28963851928711
O,14,4,2025-06-06,2025-07-04,8.0,12.58502197265625,0.0,62.71435546875
O,14,4,2025-06-13,2025-07-11,17.0,15.451919555664062,2.4694414138793945,65.58125305175781
O,14,4,2025-06-20,2025-07-18,18.0,15.828163146972656,2.8456850051879883,65.9574966430664
O,14,4,2025-06-27,2025-07-25,14.0,20.816694259643555,7.834216117858887,70.94602966308594
O,14,4,2025-07-04,2025-08-01,19.0,26.093429565429688,13.11095142364502,76.22276306152344
O,14,4,2025-07-11,2025-08-08,24.0,30.872108459472656,17.889629364013672,81.0014419555664
O,14,4,2025-07-18,2025-08-15,14.0,25.699731826782227,12.717253684997559,75.82906341552734
O,14,4,2025-07-25,2025-08-22,20.0,18.457735061645508,5.47525691986084,68.58706665039062
O,14,4,2025-08-01,2025-08-29,19.0,16.53105926513672,3.548581123352051,66.66039276123047
O,14,4,2025-08-08,2025-09-05,,14.463309288024902,1.4808311462402344,64.59264373779297
O,14,4,2025-08-15,2025-09-12,,13.53625774383545,0.5537796020507812,63.665592193603516
O,14,4,2025-08-22,2025-09-19,,11.067365646362305,0.0,61.19670104980469
O,14,8,2023-02-17,2023-04-14,3.0,2.900740385055542,0.0,15.520976066589355
O,14,8,2023-02-24,2023-04-21,3.0,2.2939417362213135,0.0,14.914176940917969
O,14,8,2023-03-03,2023-04-28,2.0,1.9475239515304565,0.0,14.56775951385498
O,14,8,2023-03-10,2023-05-05,3.0,1.6628330945968628,0.0,14.283068656921387
O,14,8,2023-03-17,2023-05-12,4.0,1.8070259094238281,0.0,14.427261352539062
O,14,8,2023-03-24,2023-05-19,6.0,2.4811651706695557,0.0,15.101400375366211
O,14,8,2023-03-31,2023-05-26,10.0,3.2975428104400635,0.0,15.917778015136719
O,14,8,2023-04-07,2023-06-02,7.0,3.8407704830169678,0.0,16.46100616455078
O,14,8,2023-04-14,2023-06-09,14.0,6.369298458099365,0.0,18.989534378051758
O,14,8,2023-04-21,2023-06-16,13.0,9.576096534729004,0.0,22.196331024169922
O,14,8,2023-04-28,2023-06-23,10.0,11.798169136047363,0.0,24.41840362548828
O,14,8,2023-05-05,2023-06-30,11.0,17.93147850036621,1.7990093231201172,30.551713943481445
O,14,8,2023-05-12,2023-07-07,8.0,30.61969566345215,14.487226486206055,43.23992919921875
O,14,8,2023-05-19,2023-07-14,7.0,33.04656219482422,16.914093017578125,45.66679763793945
O,14,8,2023-05-26,2023-07-21,9.0,33.153221130371094,17.020751953125,45.77345657348633
O,14,8,2023-06-02,2023-07-28,8.0,33.25904083251953,17.126571655273438,45.879276275634766
O,14,8,2023-06-09,2023-08-04,16.0,33.2608528137207,17.12838363647461,45.88108825683594
O,14,8,2023-06-16,2023-08-11,14.0,33.30216598510742,17.169696807861328,45.922401428222656
O,14,8,2023-06-23,2023-08-18,16.0,33.307647705078125,17.17517852783203,45.92788314819336
O,14,8,2023-06-30,2023-08-25,18.0,33.308223724365234,17.17575454711914,45.92845916748047
O,14,8,2023-07-07,2023-09-01,18.0,33.307701110839844,17.17523193359375,45.92793655395508
O,14,8,2023-07-14,2023-09-08,12.0,33.303646087646484,17.17117691040039,45.92388153076172
O,14,8,2023-07-21,2023-09-15,12.0,29.765825271606445,7.146129608154297,40.76303482055664
O,14,8,2023-07-28,2023-09-22,17.0,19.458271026611328,0.0,30.455480575561523
O,14,8,2023-08-04,2023-09-29,19.0,16.45807456970215,0.0,27.455284118652344
O,14,8,2023-08-11,2023-10-06,25.0,13.081450462341309,0.0,24.078659057617188
O,14,8,2023-08-18,2023-10-13,17.0,15.268468856811523,0.0,26.26567840576172
O,14,8,2023-08-25,2023-10-20,18.0,16.33552360534668,0.0,27.332733154296875
O,14,8,2023-09-01,2023-10-27,7.0,17.515560150146484,0.0,28.51276969909668
O,14,8,2023-09-08,2023-11-03,14.0,16.815954208374023,0.0,27.81316375732422
O,14,8,2023-09-15,2023-11-10,19.0,13.404566764831543,0.0,24.401775360107422
O,14,8,2023-09-22,2023-11-17,15.0,12.813300132751465,0.0,23.810508728027344
O,14,8,2023-09-29,2023-11-24,6.0,7.865668296813965,0.0,18.862876892089844
O,14,8,2023-10-06,2023-12-01,5.0,6.658918380737305,0.0,17.6561279296875
O,14,8,2023-10-13,2023-12-08,8.0,6.25489616394043,0.0,17.252105712890625
O,14,8,2023-10-20,2023-12-15,7.0,4.87723970413208,0.0,16.79578971862793
O,14,8,2023-10-27,2023-12-22,10.0,4.683806419372559,0.0,16.60235595703125
O,14,8,2023-11-03,2023-12-29,9.0,6.028425216674805,0.0,17.946975708007812
O,14,8,2023-11-10,2024-01-05,13.0,6.651752948760986,0.0,18.570302963256836
O,14,8,2023-11-17,2024-01-12,7.0,6.3856916427612305,0.0,18.304241180419922
O,14,8,2023-11-24,2024-01-19,12.0,5.95368766784668,0.0,17.872238159179688
O,14,8,2023-12-01,2024-01-26,6.0,6.713357925415039,0.0,18.631908416748047
O,14,8,2023-12-08,2024-02-02,11.0,7.199551105499268,0.0,19.118101119995117
O,14,8,2023-12-15,2024-02-09,9.0,7.911555767059326,0.0,19.83010482788086
O,14,8,2023-12-22,2024-02-16,8.0,6.569929122924805,0.0,18.488479614257812
O,14,8,2023-12-29,2024-02-23,5.0,7.436763286590576,0.0,19.35531234741211
O,14,8,2024-01-05,2024-03-01,5.0,6.841631889343262,0.0,18.760181427001953
O,14,8,2024-01-12,2024-03-08,9.0,5.287208557128906,0.0,17.20575714111328
O,14,8,2024-01-19,2024-03-15,8.0,5.343820095062256,0.0,17.26236915588379
O,14,8,2024-01-26,2024-03-22,9.0,4.906673431396484,0.0,16.82522201538086
O,14,8,2024-02-02,2024-03-29,8.0,4.599320411682129,0.0,16.51786994934082
O,14,8,2024-02-09,2024-04-05,5.0,3.3961355686187744,0.0,15.314684867858887
O,14,8,2024-02-16,2024-04-12,3.0,2.7416775226593018,0.0,14.660226821899414
O,14,8,2024-02-23,2024-04-19,1.0,2.4193508625030518,0.0,14.337900161743164
O,14,8,2024-03-01,2024-04-26,0.0,2.866241216659546,0.0,14.784790992736816
O,14,8,2024-03-08,2024-05-03,3.0,2.674072504043579,0.0,14.592621803283691
O,14,8,2024-03-15,2024-05-10,4.0,3.0817933082580566,0.0,15.000343322753906
O,14,8,2024-03-22,2024-05-17,4.0,4.243441581726074,0.0,16.161991119384766
O,14,8,2024-03-29,2024-05-24,5.0,4.89559268951416,0.0,16.81414222717285
O,14,8,2024-04-05,2024-05-31,3.0,4.656757354736328,0.0,16.575305938720703
O,14,8,2024-04-12,2024-06-07,3.0,6.144139766693115,0.0,18.06268882751465
O,14,8,2024-04-19,2024-06-14,6.0,3.2386815547943115,0.0,15.157231330871582
O,14,8,2024-04-26,2024-06-21,5.0,3.2638449668884277,0.0,15.182394027709961
O,14,8,2024-05-03,2024-06-28,9.0,3.694429874420166,0.0,15.612979888916016
O,14,8,2024-05-10,2024-07-05,9.0,6.151411056518555,0.0,18.069961547851562
O,14,8,2024-05-17,2024-07-12,17.0,9.83970832824707,0.0,21.758258819580078
O,14,8,2024-05-24,2024-07-19,26.0,12.997902870178223,0.0,24.916452407836914
O,14,8,2024-05-31,2024-07-26,20.0,18.248456954956055,0.0,30.167007446289062
O,14,8,2024-06-07,2024-08-02,23.0,17.353178024291992,0.0,29.271728515625
O,14,8,2024-06-14,2024-08-09,26.0,16.88606834411621,0.0,28.80461883544922
O,14,8,2024-06-21,2024-08-16,48.0,23.90805435180664,0.0,35.826602935791016
O,14,8,2024-06-28,2024-08-23,22.0,32.90237808227539,6.855815887451172,44.820926666259766
O,14,8,2024-07-05,2024-08-30,23.0,33.21393585205078,7.1673736572265625,45.132484436035156
O,14,8,2024-07-12,2024-09-06,28.0,33.26535415649414,7.218791961669922,45.183902740478516
O,14,8,2024-07-19,2024-09-13,38.0,32.3130989074707,6.266536712646484,44.23164749145508
O,14,8,2024-07-26,2024-09-20,50.0,25.224838256835938,0.0,37.14338684082031
O,14,8,2024-08-02,2024-09-27,47.0,22.151878356933594,0.0,35.15397644042969
O,14,8,2024-08-09,2024-10-04,45.0,20.24473762512207,0.0,33.24683380126953
O,14,8,2024-08-16,2024-10-11,31.0,20.055604934692383,0.0,33.057701110839844
O,14,8,2024-08-23,2024-10-18,41.0,18.2283878326416,0.0,31.230484008789062
O,14,8,2024-08-30,2024-10-25,33.0,15.605118751525879,0.0,39.69706344604492
O,14,8,2024-09-06,2024-11-01,46.0,13.396489143371582,0.0,37.488433837890625
O,14,8,2024-09-13,2024-11-08,69.0,10.554197311401367,0.0,34.646141052246094
O,14,8,2024-09-20,2024-11-15,52.0,13.868332862854004,0.0,37.96027755737305
O,14,8,2024-09-27,2024-11-22,67.0,17.70856475830078,6.806186676025391,41.80051040649414
O,14,8,2024-10-04,2024-11-29,53.0,15.134965896606445,4.232587814331055,39.910125732421875
O,14,8,2024-10-11,2024-12-06,35.0,12.69972038269043,1.797342300415039,37.54784393310547
O,14,8,2024-10-18,2024-12-13,33.0,12.448226928710938,1.5458488464355469,37.296348571777344
O,14,8,2024-10-25,2024-12-20,22.0,11.935551643371582,1.0331735610961914,36.78367233276367
O,14,8,2024-11-01,2024-12-27,20.0,11.998430252075195,1.0960521697998047,36.84654998779297
O,14,8,2024-11-08,2025-01-03,25.0,15.167957305908203,4.2655792236328125,40.01607894897461
O,14,8,2024-11-15,2025-01-10,35.0,22.715007781982422,11.812629699707031,55.318519592285156
O,14,8,2024-11-22,2025-01-17,35.0,20.52406883239746,9.62169075012207,78.9698715209961
O,14,8,2024-11-29,2025-01-24,26.0,19.109920501708984,8.207542419433594,77.55572509765625
O,14,8,2024-12-06,2025-01-31,32.0,13.652554512023926,2.750176429748535,72.09835815429688
O,14,8,2024-12-13,2025-02-07,23.0,10.296123504638672,0.0,68.74192810058594
O,14,8,2024-12-20,2025-02-14,48.0,9.373126983642578,0.0,67.81892395019531
O,14,8,2024-12-27,2025-02-21,31.0,8.474832534790039,0.0,66.9206314086914
O,14,8,2025-01-03,2025-02-28,34.0,8.979393005371094,0.0,67.4251937866211
O,14,8,2025-01-10,2025-03-07,28.0,10.85133171081543,0.0,69.29713439941406
O,14,8,2025-01-17,2025-03-14,31.0,12.769617080688477,1.867238998413086,71.21541595458984
O,14,8,2025-01-24,2025-03-21,23.0,13.485074043273926,2.582695960998535,71.93087768554688
O,14,8,2025-01-31,2025-03-28,13.0,14.18309497833252,3.280716896057129,72.62889862060547
O,14,8,2025-02-07,2025-04-04,15.0,14.166547775268555,3.264169692993164,72.61235046386719
O,14,8,2025-02-14,2025-04-11,12.0,15.120976448059082,4.218598365783691,73.56678009033203
O,14,8,2025-02-21,2025-04-18,10.0,15.8739013671875,4.971523284912109,74.3197021484375
O,14,8,2025-02-28,2025-04-25,12.0,21.27130126953125,10.36892318725586,79.71710205078125
O,14,8,2025-03-07,2025-05-02,3.0,22.325023651123047,11.422645568847656,80.77082824707031
O,14,8,2025-03-14,2025-05-09,3.0,23.050378799438477,12.148000717163086,81.49617767333984
O,14,8,2025-03-21,2025-05-16,7.0,21.339696884155273,10.437318801879883,79.7854995727539
O,14,8,2025-03-28,2025-05-23,9.0,25.041351318359375,14.138973236083984,83.48715209960938
O,14,8,2025-04-04,2025-05-30,7.0,28.266231536865234,17.363853454589844,86.7120361328125
O,14,8,2025-04-11,2025-06-06,10.0,32.03215026855469,21.129772186279297,90.47795104980469
O,14,8,2025-04-18,2025-06-13,9.0,31.784475326538086,20.882097244262695,90.23027801513672
O,14,8,2025-04-25,2025-06-20,8.0,30.035398483276367,19.133020401000977,88.481201171875
O,14,8,2025-05-02,2025-06-27,16.0,30.943220138549805,20.040842056274414,89.38902282714844
O,14,8,2025-05-09,2025-07-04,8.0,31.76276969909668,20.86039161682129,90.20857238769531
O,14,8,2025-05-16,2025-07-11,17.0,31.759321212768555,12.434297561645508,90.20512390136719
O,14,8,2025-05-23,2025-07-18,18.0,30.777896881103516,10.727518081665039,89.22369384765625
O,14,8,2025-05-30,2025-07-25,14.0,31.612070083618164,11.561691284179688,90.05786895751953
O,14,8,2025-06-06,2025-08-01,19.0,32.51597213745117,12.465593338012695,90.96177673339844
O,14,8,2025-06-13,2025-08-08,24.0,33.09404754638672,11.827816009521484,91.53984832763672
O,14,8,2025-06-20,2025-08-15,14.0,33.09827423095703,11.066123962402344,91.54407501220703
O,14,8,2025-06-27,2025-08-22,20.0,33.18224334716797,10.397768020629883,91.62804412841797
O,14,8,2025-07-04,2025-08-29,19.0,19.169492721557617,0.0,77.61529541015625
O,14,8,2025-07-11,2025-09-05,,18.427963256835938,0.0,76.87376403808594
O,14,8,2025-07-18,2025-09-12,,16.489307403564453,0.0,74.93510437011719
O,14,8,2025-07-25,2025-09-19,,14.256983757019043,0.0,72.7027816772461
O,14,8,2025-08-01,2025-09-26,,12.592802047729492,0.0,71.03860473632812
O,14,8,2025-08-08,2025-10-03,,9.858261108398438,0.0,68.30406188964844
O,14,8,2025-08-15,2025-10-10,,8.991482734680176,0.0,67.43728637695312
O,14,8,2025-08-22,2025-10-17,,6.97498893737793,0.0,65.42079162597656
O,14,12,2023-02-17,2023-05-12,4.0,2.503446340560913,0.0,16.47823715209961
O,14,12,2023-02-24,2023-05-19,6.0,2.2694709300994873,0.0,16.2442626953125
O,14,12,2023-03-03,2023-05-26,10.0,2.156414031982422,0.0,16.131206512451172
O,14,12,2023-03-10,2023-06-02,7.0,2.230992555618286,0.0,16.20578384399414
O,14,12,2023-03-17,2023-06-09,14.0,2.62070369720459,0.0,16.595495223999023
O,14,12,2023-03-24,2023-06-16,13.0,3.8575923442840576,0.0,17.83238410949707
O,14,12,2023-03-31,2023-06-23,10.0,5.607539653778076,0.0,19.58233070373535
O,14,12,2023-04-07,2023-06-30,11.0,6.978167533874512,0.0,20.952959060668945
O,14,12,2023-04-14,2023-07-07,8.0,14.342911720275879,0.0,28.317703247070312
O,14,12,2023-04-21,2023-07-14,7.0,25.377586364746094,0.0,39.352378845214844
O,14,12,2023-04-28,2023-07-21,9.0,27.874889373779297,2.0355358123779297,41.84968185424805
O,14,12,2023-05-05,2023-07-28,8.0,33.001251220703125,7.161897659301758,46.976043701171875
O,14,12,2023-05-12,2023-08-04,16.0,33.304786682128906,7.465433120727539,47.279579162597656
O,14,12,2023-05-19,2023-08-11,14.0,33.30824279785156,7.468889236450195,47.28303527832031
O,14,12,2023-05-26,2023-08-18,16.0,33.30778503417969,7.46843147277832,47.28257751464844
O,14,12,2023-06-02,2023-08-25,18.0,33.307369232177734,7.468015670776367,47.282161712646484
O,14,12,2023-06-09,2023-09-01,18.0,33.300331115722656,7.460977554321289,47.275123596191406
O,14,12,2023-06-16,2023-09-08,12.0,33.30720138549805,7.46784782409668,47.2819938659668
O,14,12,2023-06-23,2023-09-15,12.0,33.30803298950195,7.468679428100586,47.2828254699707
O,14,12,2023-06-30,2023-09-22,17.0,33.30919647216797,7.469842910766602,47.28398895263672
O,14,12,2023-07-07,2023-09-29,19.0,33.30934143066406,7.469987869262695,47.28413391113281
O,14,12,2023-07-14,2023-10-06,25.0,33.306434631347656,7.467081069946289,47.281227111816406
O,14,12,2023-07-21,2023-10-13,17.0,20.249221801757812,0.0,34.22401428222656
O,14,12,2023-07-28,2023-10-20,18.0,16.83006477355957,0.0,30.804855346679688
O,14,12,2023-08-04,2023-10-27,7.0,14.154744148254395,0.0,28.129535675048828
O,14,12,2023-08-11,2023-11-03,14.0,10.176222801208496,0.0,23.24484634399414
O,14,12,2023-08-18,2023-11-10,19.0,12.501266479492188,0.0,25.569889068603516
O,14,12,2023-08-25,2023-11-17,15.0,13.978742599487305,0.0,27.047367095947266
O,14,12,2023-09-01,2023-11-24,6.0,15.423103332519531,0.0,28.49172592163086
O,14,12,2023-09-08,2023-12-01,5.0,14.385119438171387,0.0,27.45374298095703
O,14,12,2023-09-15,2023-12-08,8.0,9.800692558288574,0.0,22.86931610107422
O,14,12,2023-09-22,2023-12-15,7.0,8.9476957321167,0.0,22.016319274902344
O,14,12,2023-09-29,2023-12-22,10.0,5.374481678009033,0.0,18.443105697631836
O,14,12,2023-10-06,2023-12-29,9.0,5.608981609344482,0.0,18.67760467529297
O,14,12,2023-10-13,2024-01-05,13.0,8.872820854187012,0.0,21.941444396972656
O,14,12,2023-10-20,2024-01-12,7.0,8.121455192565918,0.0,21.190078735351562
O,14,12,2023-10-27,2024-01-19,12.0,9.047943115234375,0.0,22.116565704345703
O,14,12,2023-11-03,2024-01-26,6.0,14.91696834564209,0.0,27.985591888427734
O,14,12,2023-11-10,2024-02-02,11.0,12.07947826385498,0.0,25.148101806640625
O,14,12,2023-11-17,2024-02-09,9.0,9.504334449768066,0.0,20.883630752563477
O,14,12,2023-11-24,2024-02-16,8.0,8.226436614990234,0.0,19.605731964111328
O,14,12,2023-12-01,2024-02-23,5.0,10.158449172973633,0.0,21.53774642944336
O,14,12,2023-12-08,2024-03-01,5.0,11.653590202331543,0.0,23.032886505126953
O,14,12,2023-12-15,2024-03-08,9.0,13.216453552246094,0.0,24.595748901367188
O,14,12,2023-12-22,2024-03-15,8.0,8.072660446166992,0.0,19.45195770263672
O,14,12,2023-12-29,2024-03-22,9.0,9.049677848815918,0.0,20.428974151611328
O,14,12,2024-01-05,2024-03-29,8.0,7.292121887207031,0.0,18.671417236328125
O,14,12,2024-01-12,2024-04-05,5.0,4.9475226402282715,0.0,16.326818466186523
O,14,12,2024-01-19,2024-04-12,3.0,4.808112144470215,0.0,16.187408447265625
O,14,12,2024-01-26,2024-04-19,1.0,4.198946475982666,0.0,15.578243255615234
O,14,12,2024-02-02,2024-04-26,0.0,4.252806663513184,0.0,15.632102966308594
O,14,12,2024-02-09,2024-05-03,3.0,3.5012409687042236,0.0,14.880537033081055
O,14,12,2024-02-16,2024-05-10,4.0,3.3878231048583984,0.0,14.767119407653809
O,14,12,2024-02-23,2024-05-17,4.0,3.2768094539642334,0.0,14.656105995178223
O,14,12,2024-03-01,2024-05-24,5.0,4.445857048034668,0.0,15.825153350830078
O,14,12,2024-03-08,2024-05-31,3.0,4.258103847503662,0.0,15.637399673461914
O,14,12,2024-03-15,2024-06-07,3.0,5.040792465209961,0.0,16.420089721679688
O,14,12,2024-03-22,2024-06-14,6.0,7.387928485870361,0.0,18.76722526550293
O,14,12,2024-03-29,2024-06-21,5.0,8.62263298034668,0.0,20.001930236816406
O,14,12,2024-04-05,2024-06-28,9.0,8.419475555419922,0.0,19.798770904541016
O,14,12,2024-04-12,2024-07-05,9.0,11.317889213562012,0.0,22.697185516357422
O,14,12,2024-04-19,2024-07-12,17.0,6.455120086669922,0.0,17.834415435791016
O,14,12,2024-04-26,2024-07-19,26.0,6.681422233581543,0.0,18.060718536376953
O,14,12,2024-05-03,2024-07-26,20.0,7.537842273712158,0.0,18.917139053344727
O,14,12,2024-05-10,2024-08-02,23.0,12.554550170898438,0.0,23.93384552001953
O,14,12,2024-05-17,2024-08-09,26.0,21.098838806152344,0.0,32.47813415527344
O,14,12,2024-05-24,2024-08-16,48.0,25.025419235229492,0.024168014526367188,36.40471649169922
O,14,12,2024-05-31,2024-08-23,22.0,32.86219787597656,7.8609466552734375,44.241493225097656
O,14,12,2024-06-07,2024-08-30,23.0,31.79243278503418,6.791181564331055,43.171730041503906
O,14,12,2024-06-14,2024-09-06,28.0,27.374675750732422,2.373424530029297,38.753971099853516
O,14,12,2024-06-21,2024-09-13,38.0,31.51922607421875,6.517974853515625,40.6616325378418
O,14,12,2024-06-28,2024-09-20,50.0,33.3034782409668,8.302227020263672,39.80221176147461
O,14,12,2024-07-05,2024-09-27,47.0,33.30569839477539,8.304447174072266,39.8044319152832
O,14,12,2024-07-12,2024-10-04,45.0,33.30199432373047,8.300743103027344,39.80072784423828
O,14,12,2024-07-19,2024-10-11,31.0,19.067832946777344,0.0,25.566566467285156
O,14,12,2024-07-26,2024-10-18,41.0,16.112356185913086,0.0,26.657236099243164
O,14,12,2024-08-02,2024-10-25,33.0,13.342582702636719,0.0,32.66115951538086
O,14,12,2024-08-09,2024-11-01,46.0,11.226350784301758,0.0,30.5449275970459
O,14,12,2024-08-16,2024-11-08,69.0,11.492938041687012,0.0,30.81151580810547
O,14,12,2024-08-23,2024-11-15,52.0,10.056239128112793,0.0,29.37481689453125
O,14,12,2024-08-30,2024-11-22,67.0,9.01074504852295,0.0,31.98532485961914
O,14,12,2024-09-06,2024-11-29,53.0,7.877836227416992,0.0,30.8524169921875
O,14,12,2024-09-13,2024-12-06,35.0,5.801312446594238,0.0,28.775894165039062
O,14,12,2024-09-20,2024-12-13,33.0,9.273877143859863,0.0,32.24845886230469
O,14,12,2024-09-27,2024-12-20,22.0,12.061271667480469,0.0,35.035850524902344
O,14,12,2024-10-04,2024-12-27,20.0,10.596139907836914,0.0,33.57072067260742
O,14,12,2024-10-11,2025-01-03,25.0,8.189687728881836,0.0,31.164268493652344
O,14,12,2024-10-18,2025-01-10,35.0,7.992790222167969,0.0,30.967370986938477
O,14,12,2024-10-25,2025-01-17,35.0,7.722445487976074,0.0,30.697025299072266
O,14,12,2024-11-01,2025-01-24,26.0,8.236818313598633,0.0,33.12446212768555
O,14,12,2024-11-08,2025-01-31,32.0,14.147738456726074,3.2855405807495117,39.03538131713867
O,14,12,2024-11-15,2025-02-07,23.0,32.805442810058594,21.94324493408203,67.57909393310547
O,14,12,2024-11-22,2025-02-14,48.0,30.013620376586914,19.15142250061035,87.52068328857422
O,14,12,2024-11-29,2025-02-21,31.0,21.67876625061035,10.816568374633789,79.18582916259766
O,14,12,2024-12-06,2025-02-28,34.0,11.500823974609375,0.6386260986328125,69.49008178710938
O,14,12,2024-12-13,2025-03-07,28.0,7.851437091827393,0.0,65.84069061279297
O,14,12,2024-12-20,2025-03-14,31.0,8.334193229675293,0.0,66.32344818115234
O,14,12,2024-12-27,2025-03-21,23.0,9.656208992004395,0.0,67.64546203613281
O,14,12,2025-01-03,2025-03-28,13.0,12.056924819946289,1.1947269439697266,70.04618072509766
O,14,12,2025-01-10,2025-04-04,15.0,11.12516975402832,0.2629718780517578,69.11442565917969
O,14,12,2025-01-17,2025-04-11,12.0,12.562700271606445,1.7005023956298828,70.55195617675781
O,14,12,2025-01-24,2025-04-18,10.0,12.730588912963867,1.8683910369873047,70.71984100341797
O,14,12,2025-01-31,2025-04-25,12.0,13.207648277282715,2.3454504013061523,71.1968994140625
O,14,12,2025-02-07,2025-05-02,3.0,13.010612487792969,2.1484146118164062,70.99986267089844
O,14,12,2025-02-14,2025-05-09,3.0,13.594460487365723,2.73226261138916,71.5837173461914
O,14,12,2025-02-21,2025-05-16,7.0,14.595096588134766,3.732898712158203,72.5843505859375
O,14,12,2025-02-28,2025-05-23,9.0,30.69153594970703,19.82933807373047,88.6807861328125
O,14,12,2025-03-07,2025-05-30,7.0,32.07831573486328,21.21611785888672,90.06756591796875
O,14,12,2025-03-14,2025-06-06,10.0,32.88628387451172,22.024085998535156,90.87553405761719
O,14,12,2025-03-21,2025-06-13,9.0,32.94498062133789,22.082782745361328,90.93423461914062
O,14,12,2025-03-28,2025-06-20,8.0,33.28109359741211,22.418895721435547,91.27034759521484
O,14,12,2025-04-04,2025-06-27,16.0,33.30305099487305,22.440853118896484,91.29230499267578
O,14,12,2025-04-11,2025-07-04,8.0,33.30867385864258,22.446475982666016,91.29792785644531
O,14,12,2025-04-18,2025-07-11,17.0,33.3084602355957,22.44626235961914,91.29771423339844
O,14,12,2025-04-25,2025-07-18,18.0,33.30646514892578,22.44426727294922,91.29571533203125
O,14,12,2025-05-02,2025-07-25,14.0,33.30754470825195,22.44534683227539,91.29679870605469
O,14,12,2025-05-09,2025-08-01,19.0,33.308433532714844,22.44623565673828,91.29768371582031
O,14,12,2025-05-16,2025-08-08,24.0,33.30843734741211,22.446239471435547,91.29769134521484
O,14,12,2025-05-23,2025-08-15,14.0,33.30741882324219,22.445220947265625,91.29667663574219
O,14,12,2025-05-30,2025-08-22,20.0,33.30791091918945,22.44571304321289,91.29716491699219
O,14,12,2025-06-06,2025-08-29,19.0,33.307010650634766,11.615474700927734,91.2962646484375
O,14,12,2025-06-13,2025-09-05,,33.30915451049805,8.230838775634766,91.29840850830078
O,14,12,2025-06-20,2025-09-12,,33.30889892578125,8.230583190917969,91.29815673828125
O,14,12,2025-06-27,2025-09-19,,33.292179107666016,8.213863372802734,91.28143310546875
O,14,12,2025-07-04,2025-09-26,,16.2663631439209,0.0,74.255615234375
O,14,12,2025-07-11,2025-10-03,,14.569476127624512,0.0,72.55873107910156
O,14,12,2025-07-18,2025-10-10,,13.080265998840332,0.0,71.06951904296875
O,14,12,2025-07-25,2025-10-17,,9.797198295593262,0.0,67.78645324707031
O,14,12,2025-08-01,2025-10-24,,8.49008560180664,0.0,66.47933959960938
O,14,12,2025-08-08,2025-10-31,,6.621663570404053,0.0,64.61091613769531
O,14,12,2025-08-15,2025-11-07,,6.399604320526123,0.0,64.38885498046875
O,14,12,2025-08-22,2025-11-14,,5.342071533203125,0.0,63.33132553100586
