cluster,cluster_index,horizon,interval_start_at_inference_time,interval_start_when_prediction_relevant,true_count,prediction,lower,upper,forecast_start
A,0,1,2023-02-17,2023-02-24,3.0,7.0187229106874245,2.6985885364090745,14.884530181373398,2023-02-24
A,0,1,2023-02-24,2023-03-03,6.0,4.254142851340699,0.0,12.119950122026673,2023-03-03
A,0,1,2023-03-03,2023-03-10,5.0,4.102760650621397,0.0,11.96856792130737,2023-03-10
A,0,1,2023-03-10,2023-03-17,3.0,3.6963212763360875,0.0,11.562128547022061,2023-03-17
A,0,1,2023-03-17,2023-03-24,2.0,2.9473284825747808,0.0,10.813135753260754,2023-03-24
A,0,1,2023-03-24,2023-03-31,1.0,1.7381849900939539,0.0,9.603992260779927,2023-03-31
A,0,1,2023-03-31,2023-04-07,2.0,1.5382206903491245,0.0,9.404027961035098,2023-04-07
A,0,1,2023-04-07,2023-04-14,3.0,1.6659899402617544,0.0,9.531797210947728,2023-04-14
A,0,1,2023-04-14,2023-04-21,1.0,3.2662200852478662,0.0,11.13202735593384,2023-04-21
A,0,1,2023-04-21,2023-04-28,1.0,1.2210037552589856,0.0,9.086811025944959,2023-04-28
A,0,1,2023-04-28,2023-05-05,0.0,0.6869177313817509,0.0,8.552725002067724,2023-05-05
A,0,1,2023-05-05,2023-05-12,1.0,0.44276306772886187,0.0,8.308570338414835,2023-05-12
A,0,1,2023-05-12,2023-05-19,2.0,1.8024036203080414,0.0,9.668210890994015,2023-05-19
A,0,1,2023-05-19,2023-05-26,2.0,2.6849278521714623,0.0,10.550735122857436,2023-05-26
A,0,1,2023-05-26,2023-06-02,2.0,1.8917766434903527,0.0,9.757583914176326,2023-06-02
A,0,1,2023-06-02,2023-06-09,7.0,3.057763886774419,0.0,10.923571157460392,2023-06-09
A,0,1,2023-06-09,2023-06-16,3.0,5.733491685797699,1.4133573115193494,13.599298956483672,2023-06-16
A,0,1,2023-06-16,2023-06-23,12.0,4.029507867153427,0.0,11.8953151378394,2023-06-23
A,0,1,2023-06-23,2023-06-30,5.0,7.10843143767286,2.78829706339451,14.974238708358833,2023-06-30
A,0,1,2023-06-30,2023-07-07,9.0,4.685732503897749,0.3655981296193991,12.551539774583723,2023-07-07
A,0,1,2023-07-07,2023-07-14,13.0,7.457765673027176,3.1376312987488264,15.428257805873749,2023-07-14
A,0,1,2023-07-14,2023-07-21,13.0,9.825995845945199,5.505861471666849,17.796487978791774,2023-07-21
A,0,1,2023-07-21,2023-07-28,21.0,13.807841551849183,9.487707177570833,21.778333684695756,2023-07-28
A,0,1,2023-07-28,2023-08-04,13.0,17.800108630520377,13.479974256242027,25.77060076336695,2023-08-04
A,0,1,2023-08-04,2023-08-11,17.0,18.905984931756887,14.585850557478537,26.87647706460346,2023-08-11
A,0,1,2023-08-11,2023-08-18,22.0,16.965685245539063,12.645550871260713,24.936177378385636,2023-08-18
A,0,1,2023-08-18,2023-08-25,27.0,17.405446097169033,12.605337466648656,25.375938230015606,2023-08-25
A,0,1,2023-08-25,2023-09-01,17.0,20.580594195992425,15.780485565472048,28.551086328839,2023-09-01
A,0,1,2023-09-01,2023-09-08,22.0,22.537552906872843,17.737444276352466,30.508045039719416,2023-09-08
A,0,1,2023-09-08,2023-09-15,16.0,19.370070580334083,14.569961949813706,28.96462448316505,2023-09-15
A,0,1,2023-09-15,2023-09-22,16.0,16.1901024585219,11.389993828001522,25.784656361352866,2023-09-22
A,0,1,2023-09-22,2023-09-29,12.0,15.452638057713054,10.652529427192677,25.04719196054402,2023-09-29
A,0,1,2023-09-29,2023-10-06,26.0,13.18067203576629,8.380563405245914,22.77522593859726,2023-10-06
A,0,1,2023-10-06,2023-10-13,14.0,16.179713814409943,11.379605183889566,25.77426771724091,2023-10-13
A,0,1,2023-10-13,2023-10-20,17.0,13.30412320415437,8.504014573633993,22.89867710698534,2023-10-20
A,0,1,2023-10-20,2023-10-27,8.0,14.463580796570296,9.66347216604992,27.282908760804006,2023-10-27
A,0,1,2023-10-27,2023-11-03,18.0,10.45889464784781,5.658786017327433,23.27822261208152,2023-11-03
A,0,1,2023-11-03,2023-11-10,18.0,11.765429261771803,6.965320631251426,24.584757226005514,2023-11-10
A,0,1,2023-11-10,2023-11-17,15.0,11.688386818980401,5.224806022410105,24.507714783214112,2023-11-17
A,0,1,2023-11-17,2023-11-24,9.0,10.668588622309894,4.205007825739598,23.487916586543605,2023-11-24
A,0,1,2023-11-24,2023-12-01,7.0,9.906288846973741,3.4427080504034446,22.725616811207452,2023-12-01
A,0,1,2023-12-01,2023-12-08,6.0,8.281343794730379,1.8177629981600827,21.10067175896409,2023-12-08
A,0,1,2023-12-08,2023-12-15,7.0,6.607344599358629,0.14376380278833256,19.426672563592337,2023-12-15
A,0,1,2023-12-15,2023-12-22,6.0,5.918195577325033,0.0,18.737523541558744,2023-12-22
A,0,1,2023-12-22,2023-12-29,8.0,5.003610268973944,0.0,17.82293823320765,2023-12-29
A,0,1,2023-12-29,2024-01-05,12.0,5.496877428897899,0.0,18.316205393131607,2024-01-05
A,0,1,2024-01-05,2024-01-12,9.0,6.500444371951811,0.0368635753815143,19.31977233618552,2024-01-12
A,0,1,2024-01-12,2024-01-19,8.0,6.545372812181013,0.08179201561071636,19.364700776414722,2024-01-19
A,0,1,2024-01-19,2024-01-26,3.0,6.229934299341057,0.0,19.049262263574768,2024-01-26
A,0,1,2024-01-26,2024-02-02,3.0,5.070244227998849,0.0,17.889572192232556,2024-02-02
A,0,1,2024-02-02,2024-02-09,3.0,3.5617666798327132,0.0,16.381094644066422,2024-02-09
A,0,1,2024-02-09,2024-02-16,8.0,2.518719810614904,0.0,15.338047774848613,2024-02-16
A,0,1,2024-02-16,2024-02-23,7.0,3.0960773547993536,0.0,15.915405319033063,2024-02-23
A,0,1,2024-02-23,2024-03-01,5.0,3.25073158334261,0.0,16.07005954757632,2024-03-01
A,0,1,2024-03-01,2024-03-08,6.0,3.3428106599855667,0.0,16.162138624219274,2024-03-08
A,0,1,2024-03-08,2024-03-15,6.0,3.511037087902997,0.0,16.330365052136706,2024-03-15
A,0,1,2024-03-15,2024-03-22,4.0,3.2943011792932886,0.0,16.113629143527,2024-03-22
A,0,1,2024-03-22,2024-03-29,2.0,2.913031347017329,0.0,15.732359311251038,2024-03-29
A,0,1,2024-03-29,2024-04-05,3.0,2.2184117767116884,0.0,15.037739740945398,2024-04-05
A,0,1,2024-04-05,2024-04-12,10.0,1.8269103706990304,0.0,14.64623833493274,2024-04-12
A,0,1,2024-04-12,2024-04-19,5.0,3.628309928446571,0.0,16.44763789268028,2024-04-19
A,0,1,2024-04-19,2024-04-26,1.0,4.5596145954584,0.0,17.37894255969211,2024-04-26
A,0,1,2024-04-26,2024-05-03,6.0,3.0911649162132218,0.0,15.910492880446931,2024-05-03
A,0,1,2024-05-03,2024-05-10,3.0,3.3198335563798853,0.0,16.139161520613595,2024-05-10
A,0,1,2024-05-10,2024-05-17,8.0,2.4852586561766383,0.0,15.304586620410348,2024-05-17
A,0,1,2024-05-17,2024-05-24,2.0,3.4806259743034236,0.0,16.299953938537133,2024-05-24
A,0,1,2024-05-24,2024-05-31,4.0,5.249667236826479,0.0,18.06899520106019,2024-05-31
A,0,1,2024-05-31,2024-06-07,2.0,3.6266870441792793,0.0,16.44601500841299,2024-06-07
A,0,1,2024-06-07,2024-06-14,2.0,3.6000571268327235,0.0,16.41938509106643,2024-06-14
A,0,1,2024-06-14,2024-06-21,4.0,3.3188910423461806,0.0,16.138219006579888,2024-06-21
A,0,1,2024-06-21,2024-06-28,6.0,3.6053334179065555,0.0,16.424661382140265,2024-06-28
A,0,1,2024-06-28,2024-07-05,6.0,4.1758764535466995,0.0,16.995204417780407,2024-07-05
A,0,1,2024-07-05,2024-07-12,5.0,5.478590241840701,0.0,18.29791820607441,2024-07-12
A,0,1,2024-07-12,2024-07-19,11.0,5.972045734414117,0.0,18.791373698647824,2024-07-19
A,0,1,2024-07-19,2024-07-26,6.0,12.59088931316357,6.127308516593274,25.41021727739728,2024-07-26
A,0,1,2024-07-26,2024-08-02,16.0,7.813614085217987,1.3500332886476905,20.632942049451696,2024-08-02
A,0,1,2024-08-02,2024-08-09,8.0,11.317752458796486,4.8541716622261895,24.137080423030195,2024-08-09
A,0,1,2024-08-09,2024-08-16,13.0,9.71732015467528,3.1264308415117092,22.53664811890899,2024-08-16
A,0,1,2024-08-16,2024-08-23,7.0,10.71488237226063,4.12399305909706,23.53421033649434,2024-08-23
A,0,1,2024-08-23,2024-08-30,11.0,9.982279262281999,3.3913899491184285,22.801607226515706,2024-08-30
A,0,1,2024-08-30,2024-09-06,10.0,9.988250506332669,3.3973611931690986,22.807578470566376,2024-09-06
A,0,1,2024-09-06,2024-09-13,11.0,10.093824659583916,3.5029353464203457,22.913152623817624,2024-09-13
A,0,1,2024-09-13,2024-09-20,13.0,10.344638742849433,3.753749429685863,23.16396670708314,2024-09-20
A,0,1,2024-09-20,2024-09-27,10.0,12.90733381065857,6.3164444974950005,25.72666177489228,2024-09-27
A,0,1,2024-09-27,2024-10-04,11.0,12.248742474126319,5.657853160962748,25.068070438360028,2024-10-04
A,0,1,2024-10-04,2024-10-11,15.0,10.74339125070752,4.152501937543949,23.56271921494123,2024-10-11
A,0,1,2024-10-11,2024-10-18,11.0,10.479052585752349,3.8881632725887787,23.298380549986057,2024-10-18
A,0,1,2024-10-18,2024-10-25,22.0,10.393806411698229,3.8029170985346585,23.213134375931936,2024-10-25
A,0,1,2024-10-25,2024-11-01,32.0,15.272809356482771,8.6819200433192,28.092137320716482,2024-11-01
A,0,1,2024-11-01,2024-11-08,28.0,18.869609961831248,12.278720648667678,31.68893792606496,2024-11-08
A,0,1,2024-11-08,2024-11-15,20.0,21.623845544845302,15.032956231681732,34.44317350907901,2024-11-15
A,0,1,2024-11-15,2024-11-22,26.0,19.78259682463242,13.19170751146885,36.50978746814965,2024-11-22
A,0,1,2024-11-22,2024-11-29,26.0,18.437760517710615,11.846871204547044,35.16495116122785,2024-11-29
A,0,1,2024-11-29,2024-12-06,24.0,20.42540765642044,13.83451834325687,37.152598299937665,2024-12-06
A,0,1,2024-12-06,2024-12-13,21.0,19.96335651560346,13.372467202439891,36.69054715912069,2024-12-13
A,0,1,2024-12-13,2024-12-20,8.0,17.16406521885755,10.573175905693981,33.89125586237478,2024-12-20
A,0,1,2024-12-20,2024-12-27,7.0,12.91485929306586,6.323969979902289,29.64204993658309,2024-12-27
A,0,1,2024-12-27,2025-01-03,13.0,9.389437560788268,2.798548247624698,26.1166282043055,2025-01-03
A,0,1,2025-01-03,2025-01-10,22.0,8.527757795060698,0.0,25.254948438577927,2025-01-10
A,0,1,2025-01-10,2025-01-17,16.0,11.27850773488187,2.1144425160243188,28.0056983783991,2025-01-17
A,0,1,2025-01-17,2025-01-24,16.0,11.695165084678408,2.531099865820856,28.422355728195637,2025-01-24
A,0,1,2025-01-24,2025-01-31,16.0,11.441821156144542,2.27775593728699,28.16901179966177,2025-01-31
A,0,1,2025-01-31,2025-02-07,15.0,12.739153102673411,3.5750878838158595,29.46634374619064,2025-02-07
A,0,1,2025-02-07,2025-02-14,14.0,12.3932335303756,3.2291683115180483,29.12042417389283,2025-02-14
A,0,1,2025-02-14,2025-02-21,19.0,12.533688022286846,3.3696228034292943,29.260878665804075,2025-02-21
A,0,1,2025-02-21,2025-02-28,16.0,10.779502079786088,1.6154368609285363,27.506692723303317,2025-02-28
A,0,1,2025-02-28,2025-03-07,12.0,12.427342223541972,3.2632770046844204,29.154532867059203,2025-03-07
A,0,1,2025-03-07,2025-03-14,17.0,11.326893350125598,2.1628281312680464,28.054083993642827,2025-03-14
A,0,1,2025-03-14,2025-03-21,8.0,10.38743561624727,1.2233703973897185,27.1146262597645,2025-03-21
A,0,1,2025-03-21,2025-03-28,5.0,7.835474834203943,0.0,24.562665477721172,2025-03-28
A,0,1,2025-03-28,2025-04-04,12.0,6.822657464953762,0.0,23.54984810847099,2025-04-04
A,0,1,2025-04-04,2025-04-11,8.0,6.510782094343104,0.0,23.237972737860332,2025-04-11
A,0,1,2025-04-11,2025-04-18,2.0,5.618442292476734,0.0,22.34563293599396,2025-04-18
A,0,1,2025-04-18,2025-04-25,9.0,4.0446852957617345,0.0,20.771875939278964,2025-04-25
A,0,1,2025-04-25,2025-05-02,5.0,4.036497067723463,0.0,20.763687711240692,2025-05-02
A,0,1,2025-05-02,2025-05-09,5.0,4.552073309185241,0.0,21.279263952702472,2025-05-09
A,0,1,2025-05-09,2025-05-16,6.0,4.470235589340728,0.0,21.197426232857957,2025-05-16
A,0,1,2025-05-16,2025-05-23,3.0,3.6823874165202124,0.0,20.40957806003744,2025-05-23
A,0,1,2025-05-23,2025-05-30,3.0,3.2405350720381527,0.0,19.967725715555382,2025-05-30
A,0,1,2025-05-30,2025-06-06,3.0,4.99965126323646,0.0,21.72684190675369,2025-06-06
A,0,1,2025-06-06,2025-06-13,4.0,4.1417822050027,0.0,20.86897284851993,2025-06-13
A,0,1,2025-06-13,2025-06-20,8.0,3.8416550583818427,0.0,20.568845701899072,2025-06-20
A,0,1,2025-06-20,2025-06-27,6.0,5.871942824146666,0.0,22.599133467663897,2025-06-27
A,0,1,2025-06-27,2025-07-04,9.0,6.554925635900397,0.0,23.282116279417625,2025-07-04
A,0,1,2025-07-04,2025-07-11,11.0,10.966165955799049,1.8021007369414974,27.693356599316278,2025-07-11
A,0,1,2025-07-11,2025-07-18,9.0,10.849295212654026,1.685229993796474,27.576485856171253,2025-07-18
A,0,1,2025-07-18,2025-07-25,10.0,13.508200466437472,4.344135247579921,30.2353911099547,2025-07-25
A,0,1,2025-07-25,2025-08-01,24.0,20.138492300336758,10.974427081479206,36.86568294385398,2025-08-01
A,0,1,2025-08-01,2025-08-08,14.0,16.395747521234753,7.231682302377202,33.122938164751986,2025-08-08
A,0,1,2025-08-08,2025-08-15,20.0,13.715255501526944,4.551190282669392,30.442446145044173,2025-08-15
A,0,1,2025-08-15,2025-08-22,18.0,16.054574447546617,6.890509228689066,32.781765091063846,2025-08-22
A,0,1,2025-08-22,2025-08-29,10.0,15.811232977021453,6.647167758163901,32.53842362053868,2025-08-29
A,0,1,2025-08-29,2025-09-05,0.0,13.66783241972583,4.503767200868278,30.39502306324306,2025-09-05
B,1,1,2023-02-17,2023-02-24,2.0,6.128691735228711,0.0,16.758842375081755,2023-02-24
B,1,1,2023-02-24,2023-03-03,2.0,4.403125566107709,0.0,15.033276205960755,2023-03-03
B,1,1,2023-03-03,2023-03-10,2.0,3.770432160881837,0.0,14.400582800734883,2023-03-10
B,1,1,2023-03-10,2023-03-17,1.0,2.86499026186957,0.0,13.495140901722616,2023-03-17
B,1,1,2023-03-17,2023-03-24,6.0,1.5349988259149026,0.0,12.165149465767948,2023-03-24
B,1,1,2023-03-24,2023-03-31,0.0,1.7644135847982305,0.0,12.394564224651276,2023-03-31
B,1,1,2023-03-31,2023-04-07,5.0,1.0435581958315314,0.0,11.673708835684577,2023-04-07
B,1,1,2023-04-07,2023-04-14,1.0,2.9782571247796827,0.0,13.608407764632728,2023-04-14
B,1,1,2023-04-14,2023-04-21,3.0,2.4030262497513526,0.0,13.033176889604398,2023-04-21
B,1,1,2023-04-21,2023-04-28,4.0,1.9773599032956195,0.0,12.607510543148665,2023-04-28
B,1,1,2023-04-28,2023-05-05,5.0,2.2107259114444933,0.0,12.840876551297539,2023-05-05
B,1,1,2023-05-05,2023-05-12,4.0,3.7274437245759025,0.0,14.357594364428948,2023-05-12
B,1,1,2023-05-12,2023-05-19,4.0,5.487235510298669,0.0,16.117386150151717,2023-05-19
B,1,1,2023-05-19,2023-05-26,6.0,5.922583018578135,0.0,16.55273365843118,2023-05-26
B,1,1,2023-05-26,2023-06-02,8.0,6.028238077010706,0.0,16.65838871686375,2023-06-02
B,1,1,2023-06-02,2023-06-09,6.0,7.341989806894691,0.3790475796863184,17.972140446747737,2023-06-09
B,1,1,2023-06-09,2023-06-16,10.0,8.406450198947628,1.4435079717392547,19.036600838800673,2023-06-16
B,1,1,2023-06-16,2023-06-23,12.0,8.375389908131607,1.4124476809232345,19.00554054798465,2023-06-23
B,1,1,2023-06-23,2023-06-30,9.0,9.980532115249751,3.0175898880413783,20.610682755102797,2023-06-30
B,1,1,2023-06-30,2023-07-07,4.0,8.509890738390185,1.546948511181812,19.140041378243232,2023-07-07
B,1,1,2023-07-07,2023-07-14,3.0,8.381784625854305,1.418842398645932,19.01193526570735,2023-07-14
B,1,1,2023-07-14,2023-07-21,4.0,6.979451675233819,0.016509448025446183,17.609602315086864,2023-07-21
B,1,1,2023-07-21,2023-07-28,10.0,7.592812575948385,0.6298703487400124,18.222963215801432,2023-07-28
B,1,1,2023-07-28,2023-08-04,3.0,9.71969706992136,2.7567548427129864,20.349847709774405,2023-08-04
B,1,1,2023-08-04,2023-08-11,11.0,10.660817973009756,3.697875745801383,21.2909686128628,2023-08-11
B,1,1,2023-08-11,2023-08-18,11.0,10.244586886245308,3.2816446590369353,18.100538949944294,2023-08-18
B,1,1,2023-08-18,2023-08-25,10.0,10.116616260532142,3.153674033323769,17.972568324231126,2023-08-25
B,1,1,2023-08-25,2023-09-01,7.0,11.102379616943235,4.139437389734862,18.95833168064222,2023-09-01
B,1,1,2023-09-01,2023-09-08,18.0,12.747496842763061,5.784554615554688,20.60344890646205,2023-09-08
B,1,1,2023-09-08,2023-09-15,7.0,13.52803896023027,6.565096733021898,21.383991023929255,2023-09-15
B,1,1,2023-09-15,2023-09-22,13.0,11.244674349757812,4.281732122549439,19.100626413456798,2023-09-22
B,1,1,2023-09-22,2023-09-29,11.0,12.681018560025086,5.718076332816713,20.536970623724073,2023-09-29
B,1,1,2023-09-29,2023-10-06,14.0,11.72519619413497,4.762253966926597,19.581148257833956,2023-10-06
B,1,1,2023-10-06,2023-10-13,7.0,11.67857435827849,4.715632131070118,19.534526421977475,2023-10-13
B,1,1,2023-10-13,2023-10-20,13.0,9.853760838599992,2.8908186113916194,17.70971290229898,2023-10-20
B,1,1,2023-10-20,2023-10-27,8.0,11.399024455985039,4.436082228776666,19.254976519684025,2023-10-27
B,1,1,2023-10-27,2023-11-03,17.0,9.061621059771525,2.0986788325631522,16.91757312347051,2023-11-03
B,1,1,2023-11-03,2023-11-10,16.0,11.088274545725035,4.125332318516662,16.340777702961972,2023-11-10
B,1,1,2023-11-10,2023-11-17,16.0,11.248451095855595,4.528754025934235,16.500954253092534,2023-11-17
B,1,1,2023-11-17,2023-11-24,11.0,11.153845055545908,4.4341479856245485,19.092223995774383,2023-11-24
B,1,1,2023-11-24,2023-12-01,5.0,11.23034162194802,4.51064455202666,19.168720562176496,2023-12-01
B,1,1,2023-12-01,2023-12-08,8.0,8.996612534477451,2.276915464556092,16.934991474705924,2023-12-08
B,1,1,2023-12-08,2023-12-15,7.0,7.934872338983924,1.2151752690625646,15.873251279212399,2023-12-15
B,1,1,2023-12-15,2023-12-22,6.0,6.644298509090133,0.0,14.582677449318608,2023-12-22
B,1,1,2023-12-22,2023-12-29,3.0,5.723361107886721,0.0,13.661740048115195,2023-12-29
B,1,1,2023-12-29,2024-01-05,11.0,4.457966059315882,0.0,12.396344999544358,2024-01-05
B,1,1,2024-01-05,2024-01-12,20.0,6.33724780208389,0.0,14.275626742312365,2024-01-12
B,1,1,2024-01-12,2024-01-19,11.0,9.869948220792965,3.150251150871606,17.808327161021438,2024-01-19
B,1,1,2024-01-19,2024-01-26,15.0,9.447066757153424,2.7273696872320645,17.385445697381897,2024-01-26
B,1,1,2024-01-26,2024-02-02,20.0,10.129793616191398,3.4100965462700383,23.792545814107505,2024-02-02
B,1,1,2024-02-02,2024-02-09,8.0,12.720033060458666,6.000335990537307,26.382785258374774,2024-02-09
B,1,1,2024-02-09,2024-02-16,13.0,9.278911022127105,2.559213952205745,22.941663220043214,2024-02-16
B,1,1,2024-02-16,2024-02-23,2.0,9.052266703049069,2.3325696331277097,22.715018900965177,2024-02-23
B,1,1,2024-02-23,2024-03-01,10.0,5.931037357181369,0.0,19.59378955509748,2024-03-01
B,1,1,2024-03-01,2024-03-08,10.0,5.682725363646989,0.0,19.3454775615631,2024-03-08
B,1,1,2024-03-08,2024-03-15,5.0,5.953275678268111,0.0,19.61602787618422,2024-03-15
B,1,1,2024-03-15,2024-03-22,6.0,4.8137075414053125,0.0,18.47645973932142,2024-03-22
B,1,1,2024-03-22,2024-03-29,2.0,4.645429937544742,0.0,18.308182135460854,2024-03-29
B,1,1,2024-03-29,2024-04-05,4.0,2.3583750119000904,0.0,16.0211272098162,2024-04-05
B,1,1,2024-04-05,2024-04-12,2.0,2.477454816341792,0.0,16.140207014257903,2024-04-12
B,1,1,2024-04-12,2024-04-19,4.0,2.091672477052997,0.0,15.754424674969107,2024-04-19
B,1,1,2024-04-19,2024-04-26,2.0,2.0554283492002607,0.0,15.71818054711637,2024-04-26
B,1,1,2024-04-26,2024-05-03,0.0,1.587950699927033,0.0,15.250702897843142,2024-05-03
B,1,1,2024-05-03,2024-05-10,3.0,1.67342542894772,0.0,15.33617762686383,2024-05-10
B,1,1,2024-05-10,2024-05-17,5.0,1.7471947065639384,0.0,15.409946904480048,2024-05-17
B,1,1,2024-05-17,2024-05-24,3.0,2.1271657913377133,0.0,15.789917989253823,2024-05-24
B,1,1,2024-05-24,2024-05-31,3.0,5.704348443085112,0.0,19.367100641001223,2024-05-31
B,1,1,2024-05-31,2024-06-07,2.0,4.108893790414552,0.0,17.77164598833066,2024-06-07
B,1,1,2024-06-07,2024-06-14,3.0,4.7425816286540385,0.0,18.40533382657015,2024-06-14
B,1,1,2024-06-14,2024-06-21,3.0,4.894399085315723,0.0,18.557151283231832,2024-06-21
B,1,1,2024-06-21,2024-06-28,7.0,4.4012099201788155,0.0,18.063962118094924,2024-06-28
B,1,1,2024-06-28,2024-07-05,6.0,5.828310178534501,0.0,19.49106237645061,2024-07-05
B,1,1,2024-07-05,2024-07-12,18.0,6.354895461192534,0.0,20.017647659108643,2024-07-12
B,1,1,2024-07-12,2024-07-19,11.0,11.434628761952421,4.382362058903352,25.09738095986853,2024-07-19
B,1,1,2024-07-19,2024-07-26,9.0,14.677935160939118,7.625668457890049,28.340687358855227,2024-07-26
B,1,1,2024-07-26,2024-08-02,18.0,11.928078141914426,4.875811438865357,25.590830339830536,2024-08-02
B,1,1,2024-08-02,2024-08-09,16.0,14.961388597926875,7.909121894877806,28.624140795842983,2024-08-09
B,1,1,2024-08-09,2024-08-16,12.0,15.407937338190958,8.35567063514189,29.070689536107068,2024-08-16
B,1,1,2024-08-16,2024-08-23,12.0,13.336845360219757,6.284578657170687,26.999597558135868,2024-08-23
B,1,1,2024-08-23,2024-08-30,18.0,14.496841974043328,7.4445752709942585,28.159594171959437,2024-08-30
B,1,1,2024-08-30,2024-09-06,19.0,14.94668442815257,7.8944177251035015,28.60943662606868,2024-09-06
B,1,1,2024-09-06,2024-09-13,13.0,16.63486986872587,9.5826031656768,30.297622066641978,2024-09-13
B,1,1,2024-09-13,2024-09-20,7.0,14.710501332403174,7.658234629354105,28.373253530319282,2024-09-20
B,1,1,2024-09-20,2024-09-27,9.0,13.607727255977148,6.5554605529280785,27.27047945389326,2024-09-27
B,1,1,2024-09-27,2024-10-04,14.0,12.460568671790888,5.408301968741819,26.123320869706998,2024-10-04
B,1,1,2024-10-04,2024-10-11,17.0,11.544202270022188,3.833700937619014,25.206954467938296,2024-10-11
B,1,1,2024-10-11,2024-10-18,19.0,12.539086757223439,4.828585424820265,26.20183895513955,2024-10-18
B,1,1,2024-10-18,2024-10-25,17.0,14.548150030807573,6.837648698404399,28.210902228723683,2024-10-25
B,1,1,2024-10-25,2024-11-01,25.0,16.1033968140676,8.392895481664427,29.76614901198371,2024-11-01
B,1,1,2024-11-01,2024-11-08,19.0,18.405573664703514,10.69507233230034,32.06832586261962,2024-11-08
B,1,1,2024-11-08,2024-11-15,24.0,18.639524213328173,10.929022880924999,32.30227641124428,2024-11-15
B,1,1,2024-11-15,2024-11-22,27.0,19.732560441606317,12.022059109203143,33.39531263952243,2024-11-22
B,1,1,2024-11-22,2024-11-29,25.0,19.149475654275875,11.438974321872701,32.81222785219198,2024-11-29
B,1,1,2024-11-29,2024-12-06,21.0,20.634747199033285,12.92424586663011,34.29749939694939,2024-12-06
B,1,1,2024-12-06,2024-12-13,17.0,19.93219004689877,12.221688714495597,33.59494224481488,2024-12-13
B,1,1,2024-12-13,2024-12-20,20.0,16.382546091549443,8.672044759146269,30.045298289465553,2024-12-20
B,1,1,2024-12-20,2024-12-27,8.0,16.62485436548593,8.914353033082756,30.28760656340204,2024-12-27
B,1,1,2024-12-27,2025-01-03,26.0,11.803706044358226,4.093204711955051,25.466458242274335,2025-01-03
B,1,1,2025-01-03,2025-01-10,30.0,14.891438343709726,7.180937011306552,28.554190541625836,2025-01-10
B,1,1,2025-01-10,2025-01-17,29.0,17.160790563854817,8.535936198368887,30.823542761770927,2025-01-17
B,1,1,2025-01-17,2025-01-24,25.0,20.043956818430235,11.419102452944305,34.24025077407201,2025-01-24
B,1,1,2025-01-24,2025-01-31,19.0,18.729422455188256,10.104568089702326,33.837984111478534,2025-01-31
B,1,1,2025-01-31,2025-02-07,17.0,19.185930573244764,10.561076207758834,34.29449222953504,2025-02-07
B,1,1,2025-02-07,2025-02-14,39.0,16.409529373205235,7.784675007719304,31.51809102949551,2025-02-14
B,1,1,2025-02-14,2025-02-21,38.0,23.153348880398532,14.528494514912602,38.2619105366888,2025-02-21
B,1,1,2025-02-21,2025-02-28,28.0,21.589470542696333,12.964616177210402,36.69803219898661,2025-02-28
B,1,1,2025-02-28,2025-03-07,20.0,24.26877894032317,15.64392457483724,46.859249567117935,2025-03-07
B,1,1,2025-03-07,2025-03-14,15.0,21.259509979270568,12.634655613784638,43.84998060606533,2025-03-14
B,1,1,2025-03-14,2025-03-21,19.0,15.931399658216215,7.306545292730284,38.521870285010976,2025-03-21
B,1,1,2025-03-21,2025-03-28,8.0,14.134308540024946,5.509454174539016,36.724779166819715,2025-03-28
B,1,1,2025-03-28,2025-04-04,11.0,11.040425353519554,2.4155709880336236,33.63089598031432,2025-04-04
B,1,1,2025-04-04,2025-04-11,6.0,9.181946975475636,0.5570926099897058,31.7724176022704,2025-04-11
B,1,1,2025-04-11,2025-04-18,12.0,6.148003003833933,0.0,28.738473630628697,2025-04-18
B,1,1,2025-04-18,2025-04-25,8.0,5.652012717485298,0.0,28.242483344280064,2025-04-25
B,1,1,2025-04-25,2025-05-02,3.0,5.201152928420961,0.0,27.791623555215725,2025-05-02
B,1,1,2025-05-02,2025-05-09,4.0,5.536186314433372,0.0,28.126656941228138,2025-05-09
B,1,1,2025-05-09,2025-05-16,4.0,4.574012236140081,0.0,27.164482862934847,2025-05-16
B,1,1,2025-05-16,2025-05-23,9.0,3.3802094083897494,0.0,25.970680035184515,2025-05-23
B,1,1,2025-05-23,2025-05-30,1.0,4.031927457824835,0.0,26.6223980846196,2025-05-30
B,1,1,2025-05-30,2025-06-06,4.0,5.491325753147795,0.0,28.08179637994256,2025-06-06
B,1,1,2025-06-06,2025-06-13,4.0,5.445178983395747,0.0,28.03564961019051,2025-06-13
B,1,1,2025-06-13,2025-06-20,4.0,4.481436906462693,0.0,27.07190753325746,2025-06-20
B,1,1,2025-06-20,2025-06-27,8.0,5.588422639982278,0.0,28.178893266777045,2025-06-27
B,1,1,2025-06-27,2025-07-04,6.0,7.002530203204542,0.0,29.59300082999931,2025-07-04
B,1,1,2025-07-04,2025-07-11,7.0,10.852075107631883,2.2272207421459527,33.442545734426645,2025-07-11
B,1,1,2025-07-11,2025-07-18,7.0,9.613814082315853,0.9889597168299229,32.20428470911062,2025-07-18
B,1,1,2025-07-18,2025-07-25,6.0,12.674777850292548,4.049923484806618,35.26524847708731,2025-07-25
B,1,1,2025-07-25,2025-08-01,20.0,17.67999154461772,9.05513717913179,40.27046217141249,2025-08-01
B,1,1,2025-08-01,2025-08-08,15.0,14.484495215534142,5.859640850048212,37.07496584232891,2025-08-08
B,1,1,2025-08-08,2025-08-15,17.0,13.6443750714013,5.019520705915369,36.23484569819607,2025-08-15
B,1,1,2025-08-15,2025-08-22,11.0,15.758079700388315,7.133225334902384,38.34855032718308,2025-08-22
B,1,1,2025-08-22,2025-08-29,12.0,13.468115553134968,4.843261187649038,36.05858617992973,2025-08-29
B,1,1,2025-08-29,2025-09-05,0.0,13.843715650657705,5.218861285171775,36.43418627745247,2025-09-05
C,2,1,2023-02-17,2023-02-24,2.0,4.060026040148232,0.0,16.91692783968348,2023-02-24
C,2,1,2023-02-24,2023-03-03,1.0,2.7458961127504953,0.0,15.602797912285743,2023-03-03
C,2,1,2023-03-03,2023-03-10,0.0,3.3446297381717436,0.0,16.20153153770699,2023-03-10
C,2,1,2023-03-10,2023-03-17,3.0,2.55828279186791,0.0,15.415184591403158,2023-03-17
C,2,1,2023-03-17,2023-03-24,1.0,2.307322485313046,0.0,15.164224284848293,2023-03-24
C,2,1,2023-03-24,2023-03-31,0.0,1.1752842215411992,0.0,14.032186021076447,2023-03-31
C,2,1,2023-03-31,2023-04-07,2.0,0.7832425372248615,0.0,13.640144336760109,2023-04-07
C,2,1,2023-04-07,2023-04-14,1.0,1.6393430639323334,0.0,14.496244863467581,2023-04-14
C,2,1,2023-04-14,2023-04-21,10.0,2.3882044429823193,0.0,15.245106242517567,2023-04-21
C,2,1,2023-04-21,2023-04-28,2.0,5.363149644451911,0.0,18.22005144398716,2023-04-28
C,2,1,2023-04-28,2023-05-05,3.0,3.5784722054975777,0.0,16.435374005032827,2023-05-05
C,2,1,2023-05-05,2023-05-12,3.0,4.82780084064806,0.0,17.684702640183307,2023-05-12
C,2,1,2023-05-12,2023-05-19,4.0,5.429897874095852,0.0,18.2867996736311,2023-05-19
C,2,1,2023-05-19,2023-05-26,1.0,6.600464032344063,0.2586570612612311,19.45736583187931,2023-05-26
C,2,1,2023-05-26,2023-06-02,11.0,6.727782580699244,0.38597560961641175,19.584684380234492,2023-06-02
C,2,1,2023-06-02,2023-06-09,10.0,9.801122433944263,3.459315462861431,22.65802423347951,2023-06-09
C,2,1,2023-06-09,2023-06-16,5.0,10.540359287234939,4.198552316152107,23.397261086770186,2023-06-16
C,2,1,2023-06-16,2023-06-23,5.0,8.049216468670913,1.7074094975880811,20.90611826820616,2023-06-23
C,2,1,2023-06-23,2023-06-30,2.0,8.316278878431028,1.974471907348196,21.173180677966275,2023-06-30
C,2,1,2023-06-30,2023-07-07,6.0,5.879991993429251,0.0,18.736893792964498,2023-07-07
C,2,1,2023-07-07,2023-07-14,3.0,6.850929611193955,0.5091226401111228,19.707831410729202,2023-07-14
C,2,1,2023-07-14,2023-07-21,5.0,6.331229733266693,0.0,19.18813153280194,2023-07-21
C,2,1,2023-07-21,2023-07-28,2.0,9.812528745479263,3.4707217743964307,22.66943054501451,2023-07-28
C,2,1,2023-07-28,2023-08-04,2.0,7.332583125225332,0.9907761541425,20.189484924760578,2023-08-04
C,2,1,2023-08-04,2023-08-11,11.0,11.28614771384461,4.944340742761778,24.143049513379857,2023-08-11
C,2,1,2023-08-11,2023-08-18,7.0,11.566199954594365,3.7536712091151028,24.42310175412961,2023-08-18
C,2,1,2023-08-18,2023-08-25,7.0,8.782327836839574,0.9697990913603114,21.63922963637482,2023-08-25
C,2,1,2023-08-25,2023-09-01,9.0,10.65734944510063,2.8448206996213674,23.51425124463588,2023-09-01
C,2,1,2023-09-01,2023-09-08,7.0,12.8177937041784,5.0052649586991365,22.135921335768014,2023-09-08
C,2,1,2023-09-08,2023-09-15,12.0,10.82088818215892,3.0083594366796564,18.4326837391766,2023-09-15
C,2,1,2023-09-15,2023-09-22,12.0,11.845806031497347,4.033277286018084,19.457601588515026,2023-09-22
C,2,1,2023-09-22,2023-09-29,9.0,12.388504929696406,4.575976184217144,20.00030048671409,2023-09-29
C,2,1,2023-09-29,2023-10-06,6.0,11.927360555030871,4.1148318095516085,19.539156112048552,2023-10-06
C,2,1,2023-10-06,2023-10-13,8.0,9.375621953404956,1.563093207925693,16.987417510422638,2023-10-13
C,2,1,2023-10-13,2023-10-20,4.0,8.35328226694537,0.5407535214661081,15.965077823963052,2023-10-20
C,2,1,2023-10-20,2023-10-27,13.0,6.4143848252584235,0.0,14.026180382276104,2023-10-27
C,2,1,2023-10-27,2023-11-03,8.0,9.06838757977351,1.2558588342942478,16.680183136791193,2023-11-03
C,2,1,2023-11-03,2023-11-10,8.0,7.7509151520750015,0.0,15.362710709092681,2023-11-10
C,2,1,2023-11-10,2023-11-17,9.0,6.647787144351577,0.0,14.259582701369258,2023-11-17
C,2,1,2023-11-17,2023-11-24,8.0,7.062376508377613,0.0,14.674172065395293,2023-11-24
C,2,1,2023-11-24,2023-12-01,4.0,7.703066717209114,0.0,15.314862274226794,2023-12-01
C,2,1,2023-12-01,2023-12-08,10.0,6.6832871570449575,0.0,14.295082714062637,2023-12-08
C,2,1,2023-12-08,2023-12-15,7.0,7.116909080867937,0.0,14.728704637885617,2023-12-15
C,2,1,2023-12-15,2023-12-22,7.0,6.972630126437148,0.0,14.584425683454828,2023-12-22
C,2,1,2023-12-22,2023-12-29,5.0,6.280322313117369,0.0,13.89211787013505,2023-12-29
C,2,1,2023-12-29,2024-01-05,5.0,6.2225754158960225,0.0,13.834370972913703,2024-01-05
C,2,1,2024-01-05,2024-01-12,9.0,4.78147434722363,0.0,12.393269904241311,2024-01-12
C,2,1,2024-01-12,2024-01-19,4.0,6.291880842235567,0.0,13.903676399253248,2024-01-19
C,2,1,2024-01-19,2024-01-26,11.0,4.92911413136618,0.0,12.540909688383861,2024-01-26
C,2,1,2024-01-26,2024-02-02,7.0,6.69619599398811,0.0,14.307991551005792,2024-02-02
C,2,1,2024-02-02,2024-02-09,6.0,6.139616284396362,0.0,13.751411841414043,2024-02-09
C,2,1,2024-02-09,2024-02-16,10.0,5.336181524837042,0.0,12.947977081854724,2024-02-16
C,2,1,2024-02-16,2024-02-23,4.0,6.7618907056505275,0.0,14.373686262668208,2024-02-23
C,2,1,2024-02-23,2024-03-01,8.0,4.892012722866759,0.0,12.503808279884439,2024-03-01
C,2,1,2024-03-01,2024-03-08,5.0,5.270483358805765,0.0,12.882278915823445,2024-03-08
C,2,1,2024-03-08,2024-03-15,4.0,4.7066935055362755,0.0,12.318489062553956,2024-03-15
C,2,1,2024-03-15,2024-03-22,7.0,3.969788788169815,0.0,11.581584345187496,2024-03-22
C,2,1,2024-03-22,2024-03-29,1.0,4.800512964484738,0.0,12.412308521502418,2024-03-29
C,2,1,2024-03-29,2024-04-05,4.0,2.2368412432751565,0.0,9.848636800292837,2024-04-05
C,2,1,2024-04-05,2024-04-12,3.0,3.1962175052880575,0.0,10.808013062305738,2024-04-12
C,2,1,2024-04-12,2024-04-19,5.0,3.215161492697339,0.0,10.82695704971502,2024-04-19
C,2,1,2024-04-19,2024-04-26,4.0,3.23958706312842,0.0,10.8513826201461,2024-04-26
C,2,1,2024-04-26,2024-05-03,1.0,3.1640554391264217,0.0,10.775850996144102,2024-05-03
C,2,1,2024-05-03,2024-05-10,2.0,3.876849264420793,0.0,11.488644821438474,2024-05-10
C,2,1,2024-05-10,2024-05-17,2.0,3.6349948407299024,0.0,11.246790397747583,2024-05-17
C,2,1,2024-05-17,2024-05-24,1.0,2.7615697235612995,0.0,10.37336528057898,2024-05-24
C,2,1,2024-05-24,2024-05-31,0.0,5.27439263302041,0.0,12.88618819003809,2024-05-31
C,2,1,2024-05-31,2024-06-07,3.0,3.2845299940510078,0.0,10.896325551068688,2024-06-07
C,2,1,2024-06-07,2024-06-14,3.0,4.231882690689655,0.0,11.843678247707336,2024-06-14
C,2,1,2024-06-14,2024-06-21,3.0,5.067769035792922,0.0,11.653384210534497,2024-06-21
C,2,1,2024-06-21,2024-06-28,7.0,4.598419884257332,0.0,11.184035058998909,2024-06-28
C,2,1,2024-06-28,2024-07-05,5.0,6.539863786036465,0.0,13.125478960778041,2024-07-05
C,2,1,2024-07-05,2024-07-12,11.0,6.194973992362749,0.0,12.780589167104326,2024-07-12
C,2,1,2024-07-12,2024-07-19,17.0,9.629237383520449,1.8167086380411863,16.214852558262024,2024-07-19
C,2,1,2024-07-19,2024-07-26,14.0,17.098172406255202,9.28564366077594,23.68378758099678,2024-07-26
C,2,1,2024-07-26,2024-08-02,22.0,16.33742337334179,8.524894627862526,22.923038548083365,2024-08-02
C,2,1,2024-08-02,2024-08-09,24.0,20.479734910734436,12.667206165255173,27.85049752721399,2024-08-09
C,2,1,2024-08-09,2024-08-16,23.0,23.57755758232132,15.765028836842056,30.94832019880087,2024-08-16
C,2,1,2024-08-16,2024-08-23,37.0,22.221642145997244,14.409113400517981,29.592404762476797,2024-08-23
C,2,1,2024-08-23,2024-08-30,29.0,30.498183304358122,22.68565455887886,37.868945920837675,2024-08-30
C,2,1,2024-08-30,2024-09-06,24.0,27.73669233154207,19.924163586062807,35.10745494802162,2024-09-06
C,2,1,2024-09-06,2024-09-13,37.0,26.54649757685405,18.73396883137479,41.32485543085681,2024-09-13
C,2,1,2024-09-13,2024-09-20,24.0,31.921106788199552,24.10857804272029,46.69946464220231,2024-09-20
C,2,1,2024-09-20,2024-09-27,28.0,26.855262283702068,20.927901728671195,41.633620137704824,2024-09-27
C,2,1,2024-09-27,2024-10-04,34.0,25.981641951759343,20.05428139672847,40.7599998057621,2024-10-04
C,2,1,2024-10-04,2024-10-11,23.0,28.364827832358642,20.44372104415909,43.1431856863614,2024-10-11
C,2,1,2024-10-11,2024-10-18,30.0,23.612953019572227,15.691846231372676,38.39131087357498,2024-10-18
C,2,1,2024-10-18,2024-10-25,38.0,23.550154845093754,15.629048056894202,38.32851269909651,2024-10-25
C,2,1,2024-10-25,2024-11-01,35.0,30.188877307014415,22.267770518814864,44.96723516101717,2024-11-01
C,2,1,2024-11-01,2024-11-08,43.0,30.9503646491292,23.029257860929647,45.728722503131955,2024-11-08
C,2,1,2024-11-08,2024-11-15,52.0,35.315268914825815,27.394162126626263,50.09362676882857,2024-11-15
C,2,1,2024-11-15,2024-11-22,44.0,38.31199514838086,30.390888360181307,53.090353002383615,2024-11-22
C,2,1,2024-11-22,2024-11-29,39.0,34.34109791617238,26.41999112797283,49.119455770175136,2024-11-29
C,2,1,2024-11-29,2024-12-06,42.0,35.79862183193538,27.877515043735826,52.48335291710956,2024-12-06
C,2,1,2024-12-06,2024-12-13,30.0,35.89473897778761,27.97363218958806,52.579470062961796,2024-12-13
C,2,1,2024-12-13,2024-12-20,18.0,27.582335831188523,19.66122904298897,44.26706691636271,2024-12-20
C,2,1,2024-12-20,2024-12-27,8.0,19.409242536929604,11.488135748730052,36.09397362210379,2024-12-27
C,2,1,2024-12-27,2025-01-03,22.0,12.788804131545254,4.867697343345702,29.47353521671944,2025-01-03
C,2,1,2025-01-03,2025-01-10,34.0,13.340417929881381,3.7580820986928583,30.025149015055568,2025-01-10
C,2,1,2025-01-10,2025-01-17,22.0,17.79469968920769,6.385457152278086,34.479430774381875,2025-01-17
C,2,1,2025-01-17,2025-01-24,25.0,17.985251383576227,6.576008846646623,34.66998246875041,2025-01-24
C,2,1,2025-01-24,2025-01-31,32.0,17.71640630487778,6.307163767948175,38.375988374996396,2025-01-31
C,2,1,2025-01-31,2025-02-07,32.0,22.18440418149108,10.775161644561475,42.84398625160969,2025-02-07
C,2,1,2025-02-07,2025-02-14,51.0,23.29423549864501,11.884992961715405,43.953817568763625,2025-02-14
C,2,1,2025-02-14,2025-02-21,67.0,34.59810938782313,23.188866850893525,55.257691457941746,2025-02-21
C,2,1,2025-02-21,2025-02-28,43.0,32.81605767263167,21.406815135702068,53.47563974275029,2025-02-28
C,2,1,2025-02-28,2025-03-07,33.0,38.06339360606775,26.654151069138145,65.76915810742274,2025-03-07
C,2,1,2025-03-07,2025-03-14,25.0,31.634757778133945,20.22551524120434,64.03664839031082,2025-03-14
C,2,1,2025-03-14,2025-03-21,23.0,23.874021201613342,12.464778664683738,56.275911813790216,2025-03-21
C,2,1,2025-03-21,2025-03-28,11.0,20.542912692417055,9.13367015548745,52.944803304593925,2025-03-28
C,2,1,2025-03-28,2025-04-04,15.0,14.986410004648096,3.5771674677184926,47.388300616824964,2025-04-04
C,2,1,2025-04-04,2025-04-11,12.0,12.527503974516192,1.1182614375865878,44.929394586693064,2025-04-11
C,2,1,2025-04-11,2025-04-18,5.0,9.755839544870724,0.0,42.157730157047595,2025-04-18
C,2,1,2025-04-18,2025-04-25,4.0,6.265531905070808,0.0,38.66742251724768,2025-04-25
C,2,1,2025-04-25,2025-05-02,7.0,5.304514205139009,0.0,37.70640481731588,2025-05-02
C,2,1,2025-05-02,2025-05-09,6.0,6.69123869923836,0.0,39.09312931141523,2025-05-09
C,2,1,2025-05-09,2025-05-16,14.0,4.700260813182008,0.0,37.102151425358876,2025-05-16
C,2,1,2025-05-16,2025-05-23,3.0,7.886938485009492,0.0,40.288829097186365,2025-05-23
C,2,1,2025-05-23,2025-05-30,8.0,4.538488170916718,0.0,36.94037878309359,2025-05-30
C,2,1,2025-05-30,2025-06-06,6.0,9.850111675101848,0.0,42.25200228727872,2025-06-06
C,2,1,2025-06-06,2025-06-13,5.0,8.185988376266813,0.0,40.587878988443684,2025-06-13
C,2,1,2025-06-13,2025-06-20,7.0,7.725015439357404,0.0,40.12690605153428,2025-06-20
C,2,1,2025-06-20,2025-06-27,7.0,8.093350405374617,0.0,40.495241017551486,2025-06-27
C,2,1,2025-06-27,2025-07-04,11.0,8.913198232906941,0.0,41.315088845083814,2025-07-04
C,2,1,2025-07-04,2025-07-11,15.0,13.081784067175517,1.6725415302459137,45.48367467935239,2025-07-11
C,2,1,2025-07-11,2025-07-18,19.0,14.174228962938736,2.7649864260091324,46.576119575115605,2025-07-18
C,2,1,2025-07-18,2025-07-25,19.0,16.25376011037337,4.844517573443767,48.65565072255024,2025-07-25
C,2,1,2025-07-25,2025-08-01,34.0,21.504665826855664,10.09542328992606,53.906556439032535,2025-08-01
C,2,1,2025-08-01,2025-08-08,28.0,26.935759434038076,15.526516897108472,59.33765004621495,2025-08-08
C,2,1,2025-08-08,2025-08-15,24.0,26.302963358393114,14.89372082146351,58.704853970569985,2025-08-15
C,2,1,2025-08-15,2025-08-22,22.0,25.165237652304853,13.75599511537525,57.567128264481724,2025-08-22
C,2,1,2025-08-22,2025-08-29,16.0,22.212438779259386,10.803196242329783,54.61432939143626,2025-08-29
C,2,1,2025-08-29,2025-09-05,0.0,19.144812978153176,7.735570441223572,51.54670359033005,2025-09-05
D,3,1,2023-02-17,2023-02-24,2.0,2.9531264384535234,0.0,8.065753305308565,2023-02-24
D,3,1,2023-02-24,2023-03-03,2.0,2.066149152856923,0.0,7.1787760197119646,2023-03-03
D,3,1,2023-03-03,2023-03-10,0.0,2.0088210671372124,0.0,7.121447933992254,2023-03-10
D,3,1,2023-03-10,2023-03-17,2.0,1.6507813539141747,0.0,6.763408220769216,2023-03-17
D,3,1,2023-03-17,2023-03-24,2.0,1.7856565205293116,0.0,6.898283387384353,2023-03-24
D,3,1,2023-03-24,2023-03-31,2.0,1.0616637222616365,0.0,6.174290589116678,2023-03-31
D,3,1,2023-03-31,2023-04-07,1.0,1.446386601715382,0.0,6.5590134685704236,2023-04-07
D,3,1,2023-04-07,2023-04-14,2.0,1.9319414147781817,0.0,7.044568281633223,2023-04-14
D,3,1,2023-04-14,2023-04-21,1.0,2.4448187000974464,0.0,7.557445566952488,2023-04-21
D,3,1,2023-04-21,2023-04-28,0.0,1.7793009999391405,0.0,6.891927866794182,2023-04-28
D,3,1,2023-04-28,2023-05-05,0.0,1.559701883042102,0.0,6.672328749897144,2023-05-05
D,3,1,2023-05-05,2023-05-12,1.0,2.5382432327653834,0.0,7.650870099620425,2023-05-12
D,3,1,2023-05-12,2023-05-19,0.0,3.5439355808247743,0.0,8.656562447679816,2023-05-19
D,3,1,2023-05-19,2023-05-26,2.0,3.7887081690047157,0.0,8.901335035859757,2023-05-26
D,3,1,2023-05-26,2023-06-02,0.0,4.653758250438387,0.0,9.766385117293428,2023-06-02
D,3,1,2023-06-02,2023-06-09,0.0,4.374188031917393,0.0,9.486814898772435,2023-06-09
D,3,1,2023-06-09,2023-06-16,3.0,2.8406879915471777,0.0,7.953314858402219,2023-06-16
D,3,1,2023-06-16,2023-06-23,3.0,3.413949776227037,0.0,8.526576643082079,2023-06-23
D,3,1,2023-06-23,2023-06-30,2.0,4.411774765295507,0.0,9.52440163215055,2023-06-30
D,3,1,2023-06-30,2023-07-07,3.0,4.501014574521067,0.0,9.613641441376108,2023-07-07
D,3,1,2023-07-07,2023-07-14,1.0,5.559053738730414,0.0,9.85433184235307,2023-07-14
D,3,1,2023-07-14,2023-07-21,8.0,3.662696852235328,0.0,7.957974955857983,2023-07-21
D,3,1,2023-07-21,2023-07-28,3.0,7.145438275316652,0.0,11.440716378939307,2023-07-28
D,3,1,2023-07-28,2023-08-04,5.0,8.528578308633893,0.6374063982952931,12.823856412256548,2023-08-04
D,3,1,2023-08-04,2023-08-11,4.0,12.47071815966336,4.57954624932476,16.80802130742803,2023-08-11
D,3,1,2023-08-11,2023-08-18,2.0,7.104150135183721,0.0,11.441453282948393,2023-08-18
D,3,1,2023-08-18,2023-08-25,9.0,5.401317408979355,0.0,9.738620556744028,2023-08-25
D,3,1,2023-08-25,2023-09-01,1.0,6.601784271766469,0.0,10.939087419531141,2023-09-01
D,3,1,2023-09-01,2023-09-08,2.0,6.8919176037412635,0.0,11.229220751505935,2023-09-08
D,3,1,2023-09-08,2023-09-15,4.0,4.99403538544034,0.0,9.331338533205013,2023-09-15
D,3,1,2023-09-15,2023-09-22,4.0,6.6070518817128,0.0,10.944355029477471,2023-09-22
D,3,1,2023-09-22,2023-09-29,7.0,6.5368517105237105,0.0,10.874154858288382,2023-09-29
D,3,1,2023-09-29,2023-10-06,16.0,5.908530901133838,0.0,10.245834048898509,2023-10-06
D,3,1,2023-10-06,2023-10-13,8.0,10.3803778676582,1.909659707994841,14.717681015422873,2023-10-13
D,3,1,2023-10-13,2023-10-20,6.0,9.378427204333082,0.9077090446697227,13.715730352097754,2023-10-20
D,3,1,2023-10-20,2023-10-27,3.0,8.952063159956017,0.4813450002926576,19.043532258822182,2023-10-27
D,3,1,2023-10-27,2023-11-03,3.0,6.8135743033425555,0.0,16.90504340220872,2023-11-03
D,3,1,2023-11-03,2023-11-10,5.0,6.120621093901821,0.0,16.212090192767985,2023-11-10
D,3,1,2023-11-10,2023-11-17,2.0,5.169674989266581,0.0,15.261144088132745,2023-11-17
D,3,1,2023-11-17,2023-11-24,5.0,3.301774093469353,0.0,13.393243192335516,2023-11-24
D,3,1,2023-11-24,2023-12-01,7.0,3.6142525335503652,0.0,13.705721632416529,2023-12-01
D,3,1,2023-12-01,2023-12-08,3.0,4.874403317125495,0.0,14.965872415991658,2023-12-08
D,3,1,2023-12-08,2023-12-15,3.0,4.781475052817413,0.0,14.872944151683576,2023-12-15
D,3,1,2023-12-15,2023-12-22,2.0,4.087540254398805,0.0,14.179009353264968,2023-12-22
D,3,1,2023-12-22,2023-12-29,0.0,2.884803778355801,0.0,12.976272877221964,2023-12-29
D,3,1,2023-12-29,2024-01-05,3.0,2.614262562339839,0.0,12.705731661206002,2024-01-05
D,3,1,2024-01-05,2024-01-12,2.0,1.7724365312271075,0.0,11.86390563009327,2024-01-12
D,3,1,2024-01-12,2024-01-19,1.0,2.485184510793383,0.0,12.576653609659546,2024-01-19
D,3,1,2024-01-19,2024-01-26,2.0,2.278326531874402,0.0,12.369795630740565,2024-01-26
D,3,1,2024-01-26,2024-02-02,1.0,2.266626211873243,0.0,12.358095310739406,2024-02-02
D,3,1,2024-02-02,2024-02-09,1.0,1.6256356846463351,0.0,11.717104783512498,2024-02-09
D,3,1,2024-02-09,2024-02-16,0.0,1.2028347207245424,0.0,11.294303819590706,2024-02-16
D,3,1,2024-02-16,2024-02-23,2.0,0.8207465287263034,0.0,10.912215627592467,2024-02-23
D,3,1,2024-02-23,2024-03-01,1.0,0.8256891582246304,0.0,10.917158257090794,2024-03-01
D,3,1,2024-03-01,2024-03-08,2.0,1.0882882438709967,0.0,11.17975734273716,2024-03-08
D,3,1,2024-03-08,2024-03-15,2.0,0.9565482465186843,0.0,11.048017345384848,2024-03-15
D,3,1,2024-03-15,2024-03-22,1.0,0.83479498532534,0.0,10.926264084191503,2024-03-22
D,3,1,2024-03-22,2024-03-29,1.0,1.0455774419446016,0.0,11.137046540810765,2024-03-29
D,3,1,2024-03-29,2024-04-05,3.0,0.37986204035787985,0.0,10.471331139224043,2024-04-05
D,3,1,2024-04-05,2024-04-12,1.0,1.2474645982571033,0.0,11.338933697123267,2024-04-12
D,3,1,2024-04-12,2024-04-19,1.0,1.843139047906277,0.0,11.93460814677244,2024-04-19
D,3,1,2024-04-19,2024-04-26,2.0,1.4520165393733695,0.0,11.543485638239533,2024-04-26
D,3,1,2024-04-26,2024-05-03,2.0,2.1246008877116775,0.0,12.21606998657784,2024-05-03
D,3,1,2024-05-03,2024-05-10,1.0,2.4567214130042156,0.0,12.548190511870379,2024-05-10
D,3,1,2024-05-10,2024-05-17,1.0,2.709220169207404,0.0,12.800689268073567,2024-05-17
D,3,1,2024-05-17,2024-05-24,2.0,2.5346415621046052,0.0,12.626110660970769,2024-05-24
D,3,1,2024-05-24,2024-05-31,3.0,4.881115513358633,0.0,14.972584612224797,2024-05-31
D,3,1,2024-05-31,2024-06-07,2.0,4.780043999658471,0.0,14.871513098524634,2024-06-07
D,3,1,2024-06-07,2024-06-14,0.0,5.41651278879768,0.0,15.507981887663842,2024-06-14
D,3,1,2024-06-14,2024-06-21,2.0,4.755372143645253,0.0,14.846841242511417,2024-06-21
D,3,1,2024-06-21,2024-06-28,2.0,3.9065732841045993,0.0,13.998042382970763,2024-06-28
D,3,1,2024-06-28,2024-07-05,1.0,4.540197038321774,0.0,14.631666137187938,2024-07-05
D,3,1,2024-07-05,2024-07-12,6.0,4.00047101999105,0.0,14.091940118857213,2024-07-12
D,3,1,2024-07-12,2024-07-19,5.0,5.850018299156177,0.0,15.941487398022339,2024-07-19
D,3,1,2024-07-19,2024-07-26,5.0,8.965818403132868,0.4951002434695084,19.05728750199903,2024-07-26
D,3,1,2024-07-26,2024-08-02,13.0,7.457175315631265,0.0,17.548644414497428,2024-08-02
D,3,1,2024-08-02,2024-08-09,5.0,10.972927048615489,2.5022088889521292,21.064396147481652,2024-08-09
D,3,1,2024-08-09,2024-08-16,7.0,9.042418324402732,0.5717001647393722,19.133887423268895,2024-08-16
D,3,1,2024-08-16,2024-08-23,4.0,8.429776787906862,0.0,18.521245886773023,2024-08-23
D,3,1,2024-08-23,2024-08-30,6.0,7.2372084778472034,0.0,17.328677576713368,2024-08-30
D,3,1,2024-08-30,2024-09-06,5.0,6.657353555080447,0.0,16.74882265394661,2024-09-06
D,3,1,2024-09-06,2024-09-13,8.0,6.113420546829038,0.0,16.2048896456952,2024-09-13
D,3,1,2024-09-13,2024-09-20,10.0,7.02838539787254,0.0,17.119854496738704,2024-09-20
D,3,1,2024-09-20,2024-09-27,8.0,8.956757749541845,0.4860395898784855,19.048226848408007,2024-09-27
D,3,1,2024-09-27,2024-10-04,10.0,8.954189264614147,0.4834711049507874,19.04565836348031,2024-10-04
D,3,1,2024-10-04,2024-10-11,5.0,9.50056532491953,3.5276382763040406,19.59203442378569,2024-10-11
D,3,1,2024-10-11,2024-10-18,12.0,7.6312637756866115,1.6583367270711227,17.722732874552776,2024-10-18
D,3,1,2024-10-18,2024-10-25,3.0,9.371818889165274,3.398891840549785,19.46328798803144,2024-10-25
D,3,1,2024-10-25,2024-11-01,12.0,6.997881423901799,1.0249543752863097,17.089350522767962,2024-11-01
D,3,1,2024-11-01,2024-11-08,12.0,9.589556223503713,3.6166291748882244,19.681025322369877,2024-11-08
D,3,1,2024-11-08,2024-11-15,18.0,10.465687245467965,4.093868356302691,20.55715634433413,2024-11-15
D,3,1,2024-11-15,2024-11-22,10.0,12.171660220408974,5.7998413312437,22.263129319275137,2024-11-22
D,3,1,2024-11-22,2024-11-29,14.0,8.749359393439326,2.3775405042740516,18.84082849230549,2024-11-29
D,3,1,2024-11-29,2024-12-06,6.0,11.77166153076204,5.399842641596766,19.305974285294077,2024-12-06
D,3,1,2024-12-06,2024-12-13,6.0,9.346347114509603,2.9745282253443293,16.880659869041637,2024-12-13
D,3,1,2024-12-13,2024-12-20,12.0,6.598932133820261,0.22711324465498706,14.133244888352296,2024-12-20
D,3,1,2024-12-20,2024-12-27,1.0,7.850050053675795,1.4782311645105208,15.384362808207829,2024-12-27
D,3,1,2024-12-27,2025-01-03,8.0,5.031185565372376,0.0,12.56549831990441,2025-01-03
D,3,1,2025-01-03,2025-01-10,6.0,4.980089881080782,0.0,12.514402635612818,2025-01-10
D,3,1,2025-01-10,2025-01-17,8.0,4.428670159432756,0.0,11.96298291396479,2025-01-17
D,3,1,2025-01-17,2025-01-24,11.0,5.422653004505043,0.0,12.956965759037079,2025-01-24
D,3,1,2025-01-24,2025-01-31,10.0,6.016266287209105,0.0,13.550579041741141,2025-01-31
D,3,1,2025-01-31,2025-02-07,11.0,7.839202824227366,0.9891527705515708,15.3735155787594,2025-02-07
D,3,1,2025-02-07,2025-02-14,20.0,8.074470022601943,1.2244199689261483,15.608782777133978,2025-02-14
D,3,1,2025-02-14,2025-02-21,14.0,12.248790644864773,5.398740591188978,19.783103399396808,2025-02-21
D,3,1,2025-02-21,2025-02-28,16.0,9.264265517545102,2.414215463869307,16.798578272077137,2025-02-28
D,3,1,2025-02-28,2025-03-07,12.0,12.732815426223837,5.882765372548042,24.658345403621894,2025-03-07
D,3,1,2025-03-07,2025-03-14,10.0,10.754544514192563,3.9044944605167684,22.68007449159062,2025-03-14
D,3,1,2025-03-14,2025-03-21,2.0,8.393319932347929,1.5432698786721337,20.318849909745985,2025-03-21
D,3,1,2025-03-21,2025-03-28,4.0,5.069801403348184,0.0,16.99533138074624,2025-03-28
D,3,1,2025-03-28,2025-04-04,4.0,4.593472907495387,0.0,16.519002884893442,2025-04-04
D,3,1,2025-04-04,2025-04-11,0.0,3.34101447592081,0.0,15.266544453318867,2025-04-11
D,3,1,2025-04-11,2025-04-18,5.0,1.8826488336744003,0.0,13.808178811072457,2025-04-18
D,3,1,2025-04-18,2025-04-25,4.0,2.1754343951538626,0.0,14.10096437255192,2025-04-25
D,3,1,2025-04-25,2025-05-02,2.0,2.615727743980857,0.0,14.541257721378914,2025-05-02
D,3,1,2025-05-02,2025-05-09,0.0,2.656410013519517,0.0,14.581939990917574,2025-05-09
D,3,1,2025-05-09,2025-05-16,2.0,2.4121506351056965,0.0,14.337680612503753,2025-05-16
D,3,1,2025-05-16,2025-05-23,2.0,2.162586759239989,0.0,14.088116736638046,2025-05-23
D,3,1,2025-05-23,2025-05-30,1.0,1.8519672232960058,0.0,13.777497200694063,2025-05-30
D,3,1,2025-05-30,2025-06-06,2.0,3.873735397827435,0.0,15.799265375225492,2025-06-06
D,3,1,2025-06-06,2025-06-13,6.0,4.081412508280039,0.0,16.006942485678096,2025-06-13
D,3,1,2025-06-13,2025-06-20,3.0,6.37654446560491,0.0,18.302074443002965,2025-06-20
D,3,1,2025-06-20,2025-06-27,8.0,6.216096603560647,0.0,18.141626580958704,2025-06-27
D,3,1,2025-06-27,2025-07-04,5.0,7.044413005355345,0.1943629516795502,18.969942982753402,2025-07-04
D,3,1,2025-07-04,2025-07-11,7.0,10.12919929106709,3.2791492373912954,22.054729268465145,2025-07-11
D,3,1,2025-07-11,2025-07-18,4.0,9.664174687310133,2.8141246336343384,21.58970466470819,2025-07-18
D,3,1,2025-07-18,2025-07-25,4.0,11.906360290765383,5.056310237089588,23.83189026816344,2025-07-25
D,3,1,2025-07-25,2025-08-01,8.0,15.894614017308074,9.044563963632278,27.82014399470613,2025-08-01
D,3,1,2025-08-01,2025-08-08,15.0,6.936015821241159,0.085965767565364,18.861545798639217,2025-08-08
D,3,1,2025-08-08,2025-08-15,8.0,9.810429582418996,1.904069291653613,21.735959559817054,2025-08-15
D,3,1,2025-08-15,2025-08-22,2.0,9.502180033348282,1.5958197425828988,21.42771001074634,2025-08-22
D,3,1,2025-08-22,2025-08-29,7.0,5.9762220405250615,0.0,17.90175201792312,2025-08-29
D,3,1,2025-08-29,2025-09-05,0.0,8.032383737213959,0.12602344644857588,19.957913714612015,2025-09-05
E,4,1,2023-02-17,2023-02-24,2.0,3.6418156887156545,0.0,9.981978463661545,2023-02-24
E,4,1,2023-02-24,2023-03-03,1.0,2.2466609004570213,0.0,8.586823675402911,2023-03-03
E,4,1,2023-03-03,2023-03-10,0.0,2.947517349572893,0.0,9.287680124518783,2023-03-10
E,4,1,2023-03-10,2023-03-17,0.0,1.6629048761493088,0.0,8.003067651095199,2023-03-17
E,4,1,2023-03-17,2023-03-24,2.0,0.5447218780787271,0.0,6.884884653024617,2023-03-24
E,4,1,2023-03-24,2023-03-31,4.0,0.48446951441358266,0.0,6.824632289359473,2023-03-31
E,4,1,2023-03-31,2023-04-07,3.0,1.2871913918614784,0.0,7.627354166807368,2023-04-07
E,4,1,2023-04-07,2023-04-14,3.0,1.9622013843889796,0.0,8.30236415933487,2023-04-14
E,4,1,2023-04-14,2023-04-21,3.0,2.2402772978567658,0.0,8.580440072802656,2023-04-21
E,4,1,2023-04-21,2023-04-28,2.0,1.890187131654045,0.0,8.230349906599935,2023-04-28
E,4,1,2023-04-28,2023-05-05,0.0,2.7497616173542827,0.0,9.089924392300173,2023-05-05
E,4,1,2023-05-05,2023-05-12,1.0,2.3658472414918243,0.0,8.706010016437714,2023-05-12
E,4,1,2023-05-12,2023-05-19,1.0,2.019646839493568,0.0,8.359809614439458,2023-05-19
E,4,1,2023-05-19,2023-05-26,0.0,1.9569592336541248,0.0,8.297122008600015,2023-05-26
E,4,1,2023-05-26,2023-06-02,2.0,1.0529672499917986,0.0,7.393130024937689,2023-06-02
E,4,1,2023-06-02,2023-06-09,1.0,2.170199636166597,0.0,8.510362411112487,2023-06-09
E,4,1,2023-06-09,2023-06-16,2.0,2.05706521644057,0.0,8.39722799138646,2023-06-16
E,4,1,2023-06-16,2023-06-23,0.0,1.854791221720074,0.0,8.194953996665964,2023-06-23
E,4,1,2023-06-23,2023-06-30,3.0,1.5210418394796719,0.0,7.861204614425562,2023-06-30
E,4,1,2023-06-30,2023-07-07,3.0,2.347070123454687,0.0,8.687232898400577,2023-07-07
E,4,1,2023-07-07,2023-07-14,1.0,2.513980920380247,0.0,8.854143695326137,2023-07-14
E,4,1,2023-07-14,2023-07-21,3.0,1.391991686839388,0.0,7.732154461785278,2023-07-21
E,4,1,2023-07-21,2023-07-28,1.0,3.077051709590126,0.0,9.417214484536016,2023-07-28
E,4,1,2023-07-28,2023-08-04,3.0,3.7508385243549185,0.05086101167763424,10.091001299300808,2023-08-04
E,4,1,2023-08-04,2023-08-11,6.0,6.655694021452061,2.9557165087747768,12.995856796397952,2023-08-11
E,4,1,2023-08-11,2023-08-18,5.0,5.703876558072807,2.0038990453955225,12.044039333018697,2023-08-18
E,4,1,2023-08-18,2023-08-25,4.0,4.148520733811658,0.44854322113437384,10.488683508757548,2023-08-25
E,4,1,2023-08-25,2023-09-01,2.0,4.6927775839610675,0.9928000712837832,11.032940358906957,2023-09-01
E,4,1,2023-09-01,2023-09-08,3.0,4.825603753908557,1.1256262412312728,10.459890402534377,2023-09-08
E,4,1,2023-09-08,2023-09-15,4.0,3.136012386555892,0.0,8.770299035181711,2023-09-15
E,4,1,2023-09-15,2023-09-22,3.0,4.6962052863327,0.9962277736554155,10.33049193495852,2023-09-22
E,4,1,2023-09-22,2023-09-29,6.0,3.9993325983205974,0.29935508564331315,9.633619246946417,2023-09-29
E,4,1,2023-09-29,2023-10-06,2.0,3.700088266803162,0.00011075412587757683,9.334374915428981,2023-10-06
E,4,1,2023-10-06,2023-10-13,2.0,3.3631163402138107,0.0,8.99740298883963,2023-10-13
E,4,1,2023-10-13,2023-10-20,5.0,3.0669372861546442,0.0,8.701223934780463,2023-10-20
E,4,1,2023-10-20,2023-10-27,3.0,4.035832864852912,0.5350856140085156,9.670119513478731,2023-10-27
E,4,1,2023-10-27,2023-11-03,2.0,3.298870292474845,0.0,8.933156941100664,2023-11-03
E,4,1,2023-11-03,2023-11-10,4.0,3.2185696881673582,0.0,8.852856336793177,2023-11-10
E,4,1,2023-11-10,2023-11-17,5.0,2.6166136137025244,0.0,8.250900262328344,2023-11-17
E,4,1,2023-11-17,2023-11-24,4.0,3.9246604983441458,0.42391324749974935,9.558947146969965,2023-11-24
E,4,1,2023-11-24,2023-12-01,5.0,3.0872016706643937,0.0,8.721488319290213,2023-12-01
E,4,1,2023-12-01,2023-12-08,3.0,3.7667868516376366,0.2660396007932402,9.401073500263456,2023-12-08
E,4,1,2023-12-08,2023-12-15,3.0,3.0795708747000727,0.0,8.713857523325892,2023-12-15
E,4,1,2023-12-15,2023-12-22,2.0,2.757082971671066,0.0,8.391369620296885,2023-12-22
E,4,1,2023-12-22,2023-12-29,1.0,2.4555598021677714,0.0,8.08984645079359,2023-12-29
E,4,1,2023-12-29,2024-01-05,2.0,1.9152122888440424,0.0,7.549498937469862,2024-01-05
E,4,1,2024-01-05,2024-01-12,0.0,1.9369000439810176,0.0,7.571186692606837,2024-01-12
E,4,1,2024-01-12,2024-01-19,0.0,1.8407825140071417,0.0,7.475069162632961,2024-01-19
E,4,1,2024-01-19,2024-01-26,2.0,1.9636612025604236,0.0,7.597947851186243,2024-01-26
E,4,1,2024-01-26,2024-02-02,2.0,2.288224399394659,0.0,7.922511048020478,2024-02-02
E,4,1,2024-02-02,2024-02-09,1.0,1.51496315762844,0.0,7.149249806254259,2024-02-09
E,4,1,2024-02-09,2024-02-16,2.0,2.1886425181457483,0.0,7.8229291667715675,2024-02-16
E,4,1,2024-02-16,2024-02-23,3.0,1.728503972301871,0.0,7.36279062092769,2024-02-23
E,4,1,2024-02-23,2024-03-01,1.0,1.960626179610193,0.0,7.594912828236012,2024-03-01
E,4,1,2024-03-01,2024-03-08,2.0,1.521796630700866,0.0,7.156083279326685,2024-03-08
E,4,1,2024-03-08,2024-03-15,2.0,1.5313422796979133,0.0,7.165628928323732,2024-03-15
E,4,1,2024-03-15,2024-03-22,3.0,1.6926785672727966,0.0,7.326965215898616,2024-03-22
E,4,1,2024-03-22,2024-03-29,0.0,1.5043209337074632,0.0,7.138607582333282,2024-03-29
E,4,1,2024-03-29,2024-04-05,0.0,1.3862021900066424,0.0,7.0204888386324615,2024-04-05
E,4,1,2024-04-05,2024-04-12,3.0,1.1619552156460085,0.0,6.796241864271828,2024-04-12
E,4,1,2024-04-12,2024-04-19,0.0,1.6491730708881125,0.0,5.16470355647453,2024-04-19
E,4,1,2024-04-19,2024-04-26,2.0,1.6330523747496883,0.0,5.148582860336106,2024-04-26
E,4,1,2024-04-26,2024-05-03,0.0,2.981655675601944,0.034138326029051314,6.4971861611883615,2024-05-03
E,4,1,2024-05-03,2024-05-10,0.0,2.3402102186354714,0.0,5.855740704221889,2024-05-10
E,4,1,2024-05-10,2024-05-17,1.0,1.7830552914206468,0.0,5.298585777007064,2024-05-17
E,4,1,2024-05-17,2024-05-24,1.0,1.394732000066707,0.0,4.910262485653124,2024-05-24
E,4,1,2024-05-24,2024-05-31,1.0,1.8572795652006686,0.0,4.240665951498144,2024-05-31
E,4,1,2024-05-31,2024-06-07,2.0,1.8456146070793356,0.0,4.229000993376811,2024-06-07
E,4,1,2024-06-07,2024-06-14,7.0,2.279352232228609,0.0,4.662738618526085,2024-06-14
E,4,1,2024-06-14,2024-06-21,3.0,4.369769450372893,1.3881137747709493,6.753155836670369,2024-06-21
E,4,1,2024-06-21,2024-06-28,1.0,3.405825277201174,0.42416960159923,5.78921166349865,2024-06-28
E,4,1,2024-06-28,2024-07-05,1.0,3.165090128459058,0.18343445285711368,7.885737896230449,2024-07-05
E,4,1,2024-07-05,2024-07-12,4.0,2.578955422856735,0.0,7.299603190628126,2024-07-12
E,4,1,2024-07-12,2024-07-19,4.0,2.9844260309570405,0.002770355355096399,7.7050737987284315,2024-07-19
E,4,1,2024-07-19,2024-07-26,5.0,6.197046391167099,3.215390715565155,10.91769415893849,2024-07-26
E,4,1,2024-07-26,2024-08-02,8.0,4.4395554719466555,1.4578997963447113,9.160203239718047,2024-08-02
E,4,1,2024-08-02,2024-08-09,1.0,5.1097852483526935,2.1281295727507494,9.830433016124084,2024-08-09
E,4,1,2024-08-09,2024-08-16,1.0,3.390001873198832,0.40834619759688806,8.110649640970223,2024-08-16
E,4,1,2024-08-16,2024-08-23,11.0,2.5258215795997323,0.0,7.246469347371123,2024-08-23
E,4,1,2024-08-23,2024-08-30,6.0,5.518027212789368,1.4082419644366748,10.23867498056076,2024-08-30
E,4,1,2024-08-30,2024-09-06,6.0,4.663989075443865,0.5542038270911718,9.384636843215256,2024-09-06
E,4,1,2024-09-06,2024-09-13,15.0,5.650336641415974,1.5405513930632804,14.124515061816242,2024-09-13
E,4,1,2024-09-13,2024-09-20,8.0,9.36811065139361,5.258325403040917,17.84228907179388,2024-09-20
E,4,1,2024-09-20,2024-09-27,18.0,8.69038544493198,4.580600196579287,17.164563865332248,2024-09-27
E,4,1,2024-09-27,2024-10-04,15.0,12.724703628526338,8.614918380173645,22.074366987110366,2024-10-04
E,4,1,2024-10-04,2024-10-11,10.0,11.941734331551915,7.831949083199222,21.29139769013594,2024-10-11
E,4,1,2024-10-11,2024-10-18,11.0,9.27801003287033,5.168224784517637,18.62767339145436,2024-10-18
E,4,1,2024-10-18,2024-10-25,4.0,8.081085412858803,3.9713001645061095,17.43074877144283,2024-10-25
E,4,1,2024-10-25,2024-11-01,13.0,6.363016469156642,2.253231220803949,15.712679827740669,2024-11-01
E,4,1,2024-11-01,2024-11-08,10.0,8.041932949658388,3.932147701305695,17.391596308242413,2024-11-08
E,4,1,2024-11-08,2024-11-15,21.0,7.732150438403905,3.6223651900512115,17.08181379698793,2024-11-15
E,4,1,2024-11-15,2024-11-22,15.0,10.853016139440342,6.743230891087649,20.202679498024366,2024-11-22
E,4,1,2024-11-22,2024-11-29,17.0,9.73779552969957,5.628010281346876,19.087458888283596,2024-11-29
E,4,1,2024-11-29,2024-12-06,12.0,11.567781963384995,7.457996715032301,24.83563152498109,2024-12-06
E,4,1,2024-12-06,2024-12-13,10.0,9.848764432005037,5.738979183652344,23.11661399360113,2024-12-13
E,4,1,2024-12-13,2024-12-20,4.0,8.962552576744791,4.852767328392098,22.230402138340885,2024-12-20
E,4,1,2024-12-20,2024-12-27,2.0,6.003294474271885,1.8935092259191917,19.27114403586798,2024-12-27
E,4,1,2024-12-27,2025-01-03,15.0,3.480080811509314,0.0,16.747930373105408,2025-01-03
E,4,1,2025-01-03,2025-01-10,22.0,6.21574764028014,1.2531950635353493,19.483597201876236,2025-01-10
E,4,1,2025-01-10,2025-01-17,12.0,9.378473181912964,4.415920605168173,22.64632274350906,2025-01-17
E,4,1,2025-01-17,2025-01-24,16.0,9.412783472342689,4.4502308955978975,22.680633033938783,2025-01-24
E,4,1,2025-01-24,2025-01-31,24.0,10.100395329206743,5.137842752461951,25.884647688926602,2025-01-31
E,4,1,2025-01-31,2025-02-07,16.0,13.465137248146299,8.502584671401507,29.249389607866156,2025-02-07
E,4,1,2025-02-07,2025-02-14,35.0,12.385373916735775,7.422821339990984,28.169626276455634,2025-02-14
E,4,1,2025-02-14,2025-02-21,25.0,20.127228993561275,15.164676416816484,35.91148135328113,2025-02-21
E,4,1,2025-02-21,2025-02-28,23.0,15.78555582302363,10.823003246278839,31.56980818274349,2025-02-28
E,4,1,2025-02-28,2025-03-07,15.0,17.743614372798458,12.781061796053667,40.35824045606269,2025-03-07
E,4,1,2025-03-07,2025-03-14,17.0,13.526201252313605,8.563648675568814,36.14082733557783,2025-03-14
E,4,1,2025-03-14,2025-03-21,14.0,12.35968139098358,7.397128814238789,34.97430747424781,2025-03-21
E,4,1,2025-03-21,2025-03-28,15.0,10.211150199294085,5.248597622549294,32.82577628255831,2025-03-28
E,4,1,2025-03-28,2025-04-04,9.0,10.323867878348096,5.361315301603305,32.93849396161232,2025-04-04
E,4,1,2025-04-04,2025-04-11,3.0,7.6077969083126105,2.6452443315678194,30.22242299157684,2025-04-11
E,4,1,2025-04-11,2025-04-18,2.0,4.587311523062553,0.0,27.20193760632678,2025-04-18
E,4,1,2025-04-18,2025-04-25,4.0,2.719134707170408,0.0,25.333760790434635,2025-04-25
E,4,1,2025-04-25,2025-05-02,5.0,2.9330707892913424,0.0,25.54769687255557,2025-05-02
E,4,1,2025-05-02,2025-05-09,5.0,2.9370861707288523,0.0,25.55171225399308,2025-05-09
E,4,1,2025-05-09,2025-05-16,2.0,2.6950925101172345,0.0,25.30971859338146,2025-05-16
E,4,1,2025-05-16,2025-05-23,7.0,3.520283404242994,0.0,26.134909487507223,2025-05-23
E,4,1,2025-05-23,2025-05-30,10.0,3.8633280802226064,0.0,26.477954163486835,2025-05-30
E,4,1,2025-05-30,2025-06-06,5.0,6.240944642890934,1.278392066146143,28.85557072615516,2025-06-06
E,4,1,2025-06-06,2025-06-13,8.0,5.2865181761638365,0.32396559941904535,27.901144259428065,2025-06-13
E,4,1,2025-06-13,2025-06-20,5.0,6.913799874409169,1.951247297664378,29.528425957673395,2025-06-20
E,4,1,2025-06-20,2025-06-27,3.0,5.720118740018406,0.7575661632736148,28.334744823282634,2025-06-27
E,4,1,2025-06-27,2025-07-04,7.0,3.7683946471140235,0.0,26.38302073037825,2025-07-04
E,4,1,2025-07-04,2025-07-11,6.0,9.044685914988202,4.082133338243411,31.659311998252427,2025-07-11
E,4,1,2025-07-11,2025-07-18,7.0,6.09793373833828,1.1353811615934886,28.712559821602508,2025-07-18
E,4,1,2025-07-18,2025-07-25,5.0,8.582250050067973,3.619697473323182,31.1968761333322,2025-07-25
E,4,1,2025-07-25,2025-08-01,10.0,12.740379630957193,7.777827054212402,35.35500571422142,2025-08-01
E,4,1,2025-08-01,2025-08-08,14.0,5.754125787052516,0.7915732103077247,28.368751870316743,2025-08-08
E,4,1,2025-08-08,2025-08-15,16.0,8.632323614710083,3.669771037965292,31.24694969797431,2025-08-15
E,4,1,2025-08-15,2025-08-22,9.0,10.93851189716617,5.97595932042138,33.5531379804304,2025-08-22
E,4,1,2025-08-22,2025-08-29,12.0,8.60527292769024,3.6427203509454493,31.219899010954467,2025-08-29
E,4,1,2025-08-29,2025-09-05,0.0,9.685213370715061,4.72266079397027,32.29983945397929,2025-09-05
F,5,1,2023-02-17,2023-02-24,0.0,2.1632289274842336,0.0,4.870875879265794,2023-02-24
F,5,1,2023-02-24,2023-03-03,0.0,0.6977186123186563,0.0,3.405365564100217,2023-03-03
F,5,1,2023-03-03,2023-03-10,0.0,0.975016917630434,0.0,3.6826638694119946,2023-03-10
F,5,1,2023-03-10,2023-03-17,1.0,1.031112143654413,0.0,3.7387590954359737,2023-03-17
F,5,1,2023-03-17,2023-03-24,1.0,1.1651592426627353,0.0,3.872806194444296,2023-03-24
F,5,1,2023-03-24,2023-03-31,0.0,0.3585943294150393,0.0,3.0662412811966,2023-03-31
F,5,1,2023-03-31,2023-04-07,1.0,0.1919971156149458,0.0,2.8996440673965065,2023-04-07
F,5,1,2023-04-07,2023-04-14,1.0,1.6399102560313015,0.0,4.347557207812862,2023-04-14
F,5,1,2023-04-14,2023-04-21,1.0,1.0308227933307155,0.0,3.738469745112276,2023-04-21
F,5,1,2023-04-21,2023-04-28,0.0,0.9784939955556489,0.0,3.6861409473372095,2023-04-28
F,5,1,2023-04-28,2023-05-05,0.0,0.4785645267070038,0.0,3.1862114784885645,2023-05-05
F,5,1,2023-05-05,2023-05-12,3.0,0.8393480242072258,0.0,3.5469949759887864,2023-05-12
F,5,1,2023-05-12,2023-05-19,1.0,2.383145961989575,0.0,5.090792913771136,2023-05-19
F,5,1,2023-05-19,2023-05-26,1.0,2.6067322119657437,0.0,5.314379163747304,2023-05-26
F,5,1,2023-05-26,2023-06-02,2.0,2.839338511130789,0.0,5.54698546291235,2023-06-02
F,5,1,2023-06-02,2023-06-09,1.0,2.447342438857085,0.0,5.1549893906386455,2023-06-09
F,5,1,2023-06-09,2023-06-16,2.0,1.9554509947525798,0.0,4.6630979465341404,2023-06-16
F,5,1,2023-06-16,2023-06-23,5.0,3.1057237916629976,0.0,5.813370743444558,2023-06-23
F,5,1,2023-06-23,2023-06-30,4.0,4.137175093931873,0.8623592001198546,6.844822045713434,2023-06-30
F,5,1,2023-06-30,2023-07-07,1.0,4.308088107853128,1.0332722140411095,7.015735059634689,2023-07-07
F,5,1,2023-07-07,2023-07-14,1.0,4.0940946443664,0.8192787505543819,6.801741596147961,2023-07-14
F,5,1,2023-07-14,2023-07-21,1.0,2.710857513916375,0.0,5.418504465697936,2023-07-21
F,5,1,2023-07-21,2023-07-28,1.0,2.5475325871695826,0.0,5.255179538951143,2023-07-28
F,5,1,2023-07-28,2023-08-04,1.0,2.724995091787891,0.0,5.432642043569452,2023-08-04
F,5,1,2023-08-04,2023-08-11,2.0,7.704587155349396,4.396499047496268,10.412234107130956,2023-08-11
F,5,1,2023-08-11,2023-08-18,3.0,3.1849872849470238,0.0,5.892634236728584,2023-08-18
F,5,1,2023-08-18,2023-08-25,6.0,2.7888537356251053,0.0,5.496500687406666,2023-08-25
F,5,1,2023-08-25,2023-09-01,5.0,4.897905976494516,0.0,7.605552928276077,2023-09-01
F,5,1,2023-09-01,2023-09-08,5.0,7.078873311851837,1.3742861565024418,9.786520263633399,2023-09-08
F,5,1,2023-09-08,2023-09-15,3.0,5.038379657638766,0.0,8.24952592201366,2023-09-15
F,5,1,2023-09-15,2023-09-22,3.0,5.6698178257775,0.0,8.880964090152395,2023-09-22
F,5,1,2023-09-22,2023-09-29,2.0,5.181819640853037,0.0,8.392965905227932,2023-09-29
F,5,1,2023-09-29,2023-10-06,4.0,2.872233449981829,0.0,6.083379714356724,2023-10-06
F,5,1,2023-10-06,2023-10-13,7.0,3.5350317533688536,0.0,6.746178017743748,2023-10-13
F,5,1,2023-10-13,2023-10-20,3.0,5.062020039372424,0.0,8.273166303747319,2023-10-20
F,5,1,2023-10-20,2023-10-27,4.0,4.849406783305254,0.0,8.060553047680148,2023-10-27
F,5,1,2023-10-27,2023-11-03,3.0,5.275963629155423,0.0,8.740931875786568,2023-11-03
F,5,1,2023-11-03,2023-11-10,2.0,3.749493629852136,0.0,7.214461876483282,2023-11-10
F,5,1,2023-11-10,2023-11-17,2.0,2.9506355806283313,0.0,6.415603827259478,2023-11-17
F,5,1,2023-11-17,2023-11-24,3.0,2.7854865307279795,0.0,6.250454777359126,2023-11-24
F,5,1,2023-11-24,2023-12-01,2.0,2.5471616189251893,0.0,6.012129865556336,2023-12-01
F,5,1,2023-12-01,2023-12-08,5.0,2.240521241761078,0.0,5.7054894883922245,2023-12-08
F,5,1,2023-12-08,2023-12-15,4.0,3.086671872912957,0.0,6.551640119544103,2023-12-15
F,5,1,2023-12-15,2023-12-22,0.0,3.0135252393166123,0.0,6.478493485947759,2023-12-22
F,5,1,2023-12-22,2023-12-29,5.0,1.7118951569992298,0.0,5.176863403630376,2023-12-29
F,5,1,2023-12-29,2024-01-05,4.0,3.5878841445742715,0.0,7.052852391205418,2024-01-05
F,5,1,2024-01-05,2024-01-12,5.0,2.517018427036387,0.0,5.981986673667533,2024-01-12
F,5,1,2024-01-12,2024-01-19,3.0,3.604465959227827,0.0,7.069434205858974,2024-01-19
F,5,1,2024-01-19,2024-01-26,1.0,2.9287154088839706,0.0,6.393683655515117,2024-01-26
F,5,1,2024-01-26,2024-02-02,3.0,2.074396007680253,0.0,5.5393642543113994,2024-02-02
F,5,1,2024-02-02,2024-02-09,7.0,2.3273494515642845,0.0,5.792317698195431,2024-02-09
F,5,1,2024-02-09,2024-02-16,1.0,3.196525932047983,0.0,6.6614941786791295,2024-02-16
F,5,1,2024-02-16,2024-02-23,5.0,2.0521365346525755,0.0,5.517104781283722,2024-02-23
F,5,1,2024-02-23,2024-03-01,3.0,2.0972869206927083,0.0,6.769937469128424,2024-03-01
F,5,1,2024-03-01,2024-03-08,4.0,2.3404511882167647,0.0,7.01310173665248,2024-03-08
F,5,1,2024-03-08,2024-03-15,0.0,2.3258949442216164,0.0,6.998545492657332,2024-03-15
F,5,1,2024-03-15,2024-03-22,2.0,0.7532449514159545,0.0,5.42589549985167,2024-03-22
F,5,1,2024-03-22,2024-03-29,0.0,1.1197818940114903,0.0,5.792432442447206,2024-03-29
F,5,1,2024-03-29,2024-04-05,3.0,0.051638152032504436,0.0,4.72428870046822,2024-04-05
F,5,1,2024-04-05,2024-04-12,1.0,0.7634968644651785,0.0,5.436147412900894,2024-04-12
F,5,1,2024-04-12,2024-04-19,2.0,1.0465455713836018,0.0,5.719196119819317,2024-04-19
F,5,1,2024-04-19,2024-04-26,0.0,1.0248369240278699,0.0,5.697487472463585,2024-04-26
F,5,1,2024-04-26,2024-05-03,3.0,1.3808873420462184,0.0,6.053537890481934,2024-05-03
F,5,1,2024-05-03,2024-05-10,1.0,2.3665406160186286,0.0,7.039191164454344,2024-05-10
F,5,1,2024-05-10,2024-05-17,0.0,2.045384192478801,0.0,6.718034740914517,2024-05-17
F,5,1,2024-05-17,2024-05-24,1.0,0.98285756032789,0.0,5.655508108763605,2024-05-24
F,5,1,2024-05-24,2024-05-31,2.0,1.9531267409493687,0.0,6.625777289385084,2024-05-31
F,5,1,2024-05-31,2024-06-07,0.0,2.3213521103164343,0.0,6.99400265875215,2024-06-07
F,5,1,2024-06-07,2024-06-14,4.0,2.315639657584457,0.0,6.988290206020173,2024-06-14
F,5,1,2024-06-14,2024-06-21,1.0,3.263785794770291,0.0,7.936436343206006,2024-06-21
F,5,1,2024-06-21,2024-06-28,2.0,2.069197871808317,0.0,6.7418484202440325,2024-06-28
F,5,1,2024-06-28,2024-07-05,4.0,3.478513276783044,0.0,8.15116382521876,2024-07-05
F,5,1,2024-07-05,2024-07-12,5.0,4.400188562228642,0.0,9.072839110664358,2024-07-12
F,5,1,2024-07-12,2024-07-19,4.0,4.8185993149448,0.0,9.491249863380515,2024-07-19
F,5,1,2024-07-19,2024-07-26,4.0,4.660381328521253,0.0,9.33303187695697,2024-07-26
F,5,1,2024-07-26,2024-08-02,6.0,4.437277461901271,0.0,9.109928010336986,2024-08-02
F,5,1,2024-08-02,2024-08-09,8.0,4.614697502845254,0.0,9.287348051280969,2024-08-09
F,5,1,2024-08-09,2024-08-16,17.0,6.091187657204243,0.38660050185484707,10.763838205639958,2024-08-16
F,5,1,2024-08-16,2024-08-23,3.0,10.403577761160387,4.698990605810991,15.076228309596102,2024-08-23
F,5,1,2024-08-23,2024-08-30,4.0,7.65821528316976,1.9536281278203642,12.330865831605475,2024-08-30
F,5,1,2024-08-30,2024-09-06,9.0,5.966157404313471,0.261570248964075,16.874969747109226,2024-09-06
F,5,1,2024-09-06,2024-09-13,7.0,7.333137882671172,0.0,18.24195022546693,2024-09-13
F,5,1,2024-09-13,2024-09-20,10.0,6.162091407076155,0.0,17.070903749871913,2024-09-20
F,5,1,2024-09-20,2024-09-27,11.0,8.835383786583977,1.4318060254235903,19.744196129379734,2024-09-27
F,5,1,2024-09-27,2024-10-04,7.0,8.477187163380973,1.0736094022205869,19.38599950617673,2024-10-04
F,5,1,2024-10-04,2024-10-11,15.0,8.027573617526684,0.6239958563662977,18.93638596032244,2024-10-11
F,5,1,2024-10-11,2024-10-18,14.0,10.6139090141541,3.210331252993713,21.52272135694986,2024-10-18
F,5,1,2024-10-18,2024-10-25,7.0,11.098449470996144,3.6948717098357573,22.0072618137919,2024-10-25
F,5,1,2024-10-25,2024-11-01,16.0,8.754936309998563,1.351358548838176,19.663748652794318,2024-11-01
F,5,1,2024-11-01,2024-11-08,8.0,11.927110566614417,4.52353280545403,22.835922909410172,2024-11-08
F,5,1,2024-11-08,2024-11-15,13.0,9.245162309875296,1.8415845487149092,20.153974652671053,2024-11-15
F,5,1,2024-11-15,2024-11-22,14.0,9.726879989477341,2.3233022283169547,20.6356923322731,2024-11-22
F,5,1,2024-11-22,2024-11-29,11.0,9.042593591372967,1.6390158302125801,19.951405934168726,2024-11-29
F,5,1,2024-11-29,2024-12-06,12.0,9.402328664475242,1.9987509033148552,20.311141007270997,2024-12-06
F,5,1,2024-12-06,2024-12-13,6.0,9.28401491607519,1.8804371549148033,20.19282725887095,2024-12-13
F,5,1,2024-12-13,2024-12-20,3.0,6.500020356074774,0.0,17.408832698870533,2024-12-20
F,5,1,2024-12-20,2024-12-27,5.0,4.700601807767944,0.0,15.609414150563701,2024-12-27
F,5,1,2024-12-27,2025-01-03,9.0,4.311008124444135,0.0,15.219820467239892,2025-01-03
F,5,1,2025-01-03,2025-01-10,8.0,4.639884123624545,0.0,15.548696466420303,2025-01-10
F,5,1,2025-01-10,2025-01-17,4.0,4.727007939998516,0.0,15.635820282794274,2025-01-17
F,5,1,2025-01-17,2025-01-24,9.0,4.129195182672635,0.0,15.038007525468393,2025-01-24
F,5,1,2025-01-24,2025-01-31,6.0,5.184022127588857,0.0,16.092834470384616,2025-01-31
F,5,1,2025-01-31,2025-02-07,4.0,4.954465999391911,0.0,15.86327834218767,2025-02-07
F,5,1,2025-02-07,2025-02-14,10.0,4.36351611841492,0.0,15.272328461210677,2025-02-14
F,5,1,2025-02-14,2025-02-21,6.0,6.853861758152224,0.0,17.762674100947983,2025-02-21
F,5,1,2025-02-21,2025-02-28,7.0,4.014240182708132,0.0,14.92305252550389,2025-02-28
F,5,1,2025-02-28,2025-03-07,6.0,5.0331275804254965,0.0,15.941939923221254,2025-03-07
F,5,1,2025-03-07,2025-03-14,6.0,4.673064044122781,0.0,15.581876386918537,2025-03-14
F,5,1,2025-03-14,2025-03-21,5.0,4.067158561183822,0.0,14.97597090397958,2025-03-21
F,5,1,2025-03-21,2025-03-28,2.0,4.018328511411873,0.0,14.92714085420763,2025-03-28
F,5,1,2025-03-28,2025-04-04,3.0,3.0933843933741603,0.0,14.002196736169918,2025-04-04
F,5,1,2025-04-04,2025-04-11,2.0,2.922548172608785,0.0,13.831360515404542,2025-04-11
F,5,1,2025-04-11,2025-04-18,1.0,2.1661765573369376,0.0,13.074988900132695,2025-04-18
F,5,1,2025-04-18,2025-04-25,0.0,1.1321987959760182,0.0,12.041011138771776,2025-04-25
F,5,1,2025-04-25,2025-05-02,3.0,0.6644013289092303,0.0,11.573213671704988,2025-05-02
F,5,1,2025-05-02,2025-05-09,3.0,1.499548636370653,0.0,12.40836097916641,2025-05-09
F,5,1,2025-05-09,2025-05-16,2.0,1.3824722249617185,0.0,12.291284567757476,2025-05-16
F,5,1,2025-05-16,2025-05-23,7.0,1.7180026246151918,0.0,12.626814967410949,2025-05-23
F,5,1,2025-05-23,2025-05-30,3.0,2.6326437074527362,0.0,13.541456050248494,2025-05-30
F,5,1,2025-05-30,2025-06-06,3.0,4.382238439579301,0.0,15.29105078237506,2025-06-06
F,5,1,2025-06-06,2025-06-13,4.0,3.9681903794974396,0.0,14.877002722293197,2025-06-13
F,5,1,2025-06-13,2025-06-20,6.0,5.310529526858519,0.0,16.219341869654276,2025-06-20
F,5,1,2025-06-20,2025-06-27,3.0,6.321678173021807,0.0,17.230490515817564,2025-06-27
F,5,1,2025-06-27,2025-07-04,5.0,4.268944998013007,0.0,15.177757340808764,2025-07-04
F,5,1,2025-07-04,2025-07-11,8.0,7.657300681581044,0.2537229204206577,18.5661130243768,2025-07-11
F,5,1,2025-07-11,2025-07-18,2.0,7.2853752405247,0.0,18.194187583320456,2025-07-18
F,5,1,2025-07-18,2025-07-25,9.0,7.618825849194833,0.21524808803444628,18.52763819199059,2025-07-25
F,5,1,2025-07-25,2025-08-01,9.0,14.227819240571112,6.824241479410725,25.13663158336687,2025-08-01
F,5,1,2025-08-01,2025-08-08,16.0,12.060816044840102,4.657238283679716,22.969628387635858,2025-08-08
F,5,1,2025-08-08,2025-08-15,11.0,10.60120381095939,3.1976260497990037,21.510016153755146,2025-08-15
F,5,1,2025-08-15,2025-08-22,8.0,10.74315090228434,3.339573141123953,21.651963245080097,2025-08-22
F,5,1,2025-08-22,2025-08-29,9.0,8.643051596580484,1.2394738354200978,19.55186393937624,2025-08-29
F,5,1,2025-08-29,2025-09-05,0.0,9.682831930121981,2.279254168961595,20.59164427291774,2025-09-05
G,6,1,2023-02-17,2023-02-24,4.0,3.5774731930918033,0.0,10.896230746130062,2023-02-24
G,6,1,2023-02-24,2023-03-03,3.0,2.8964337457410743,0.0,10.215191298779333,2023-03-03
G,6,1,2023-03-03,2023-03-10,1.0,2.631329163175737,0.0,9.950086716213995,2023-03-10
G,6,1,2023-03-10,2023-03-17,0.0,1.6862207586598448,0.0,9.004978311698103,2023-03-17
G,6,1,2023-03-17,2023-03-24,3.0,1.211419776745366,0.0,8.530177329783625,2023-03-24
G,6,1,2023-03-24,2023-03-31,4.0,1.4634572596911006,0.0,8.782214812729359,2023-03-31
G,6,1,2023-03-31,2023-04-07,5.0,1.954246224680638,0.0,9.273003777718897,2023-04-07
G,6,1,2023-04-07,2023-04-14,1.0,3.322715415463298,0.0,10.641472968501557,2023-04-14
G,6,1,2023-04-14,2023-04-21,2.0,2.7974511792810173,0.0,10.116208732319276,2023-04-21
G,6,1,2023-04-21,2023-04-28,1.0,1.918140677256929,0.0,9.236898230295187,2023-04-28
G,6,1,2023-04-28,2023-05-05,2.0,1.9969035296265574,0.0,9.315661082664816,2023-05-05
G,6,1,2023-05-05,2023-05-12,2.0,2.828085928566347,0.0,10.146843481604606,2023-05-12
G,6,1,2023-05-12,2023-05-19,2.0,3.8824080695769574,0.0,11.201165622615216,2023-05-19
G,6,1,2023-05-19,2023-05-26,2.0,4.462144294574818,0.0,11.780901847613077,2023-05-26
G,6,1,2023-05-26,2023-06-02,6.0,6.924541754152113,0.0,14.243299307190371,2023-06-02
G,6,1,2023-06-02,2023-06-09,6.0,6.06407334996513,0.0,13.382830903003388,2023-06-09
G,6,1,2023-06-09,2023-06-16,6.0,9.074773919133909,0.9987147992254393,16.393531472172167,2023-06-16
G,6,1,2023-06-16,2023-06-23,8.0,7.630270740585289,0.0,14.949028293623549,2023-06-23
G,6,1,2023-06-23,2023-06-30,10.0,7.836565256047666,0.0,15.155322809085924,2023-06-30
G,6,1,2023-06-30,2023-07-07,3.0,8.352233879156142,0.276174759247672,15.6709914321944,2023-07-07
G,6,1,2023-07-07,2023-07-14,5.0,7.827380948121263,0.0,15.146138501159522,2023-07-14
G,6,1,2023-07-14,2023-07-21,4.0,7.325652705372512,0.0,14.64441025841077,2023-07-21
G,6,1,2023-07-21,2023-07-28,10.0,8.773333486902363,0.6972743669938932,16.09209103994062,2023-07-28
G,6,1,2023-07-28,2023-08-04,5.0,11.853784972592132,3.7777258526836626,19.17254252563039,2023-08-04
G,6,1,2023-08-04,2023-08-11,8.0,13.404233884637021,5.328174764728551,20.72299143767528,2023-08-11
G,6,1,2023-08-11,2023-08-18,14.0,11.540804876082605,3.4647457561741355,18.859562429120864,2023-08-18
G,6,1,2023-08-18,2023-08-25,13.0,12.024824786927677,3.9487656670192077,19.343582339965934,2023-08-25
G,6,1,2023-08-25,2023-09-01,10.0,14.648525846227201,6.572466726318732,21.96728339926546,2023-09-01
G,6,1,2023-09-01,2023-09-08,10.0,15.228974445070829,7.152915325162359,21.308054605771552,2023-09-08
G,6,1,2023-09-08,2023-09-15,10.0,12.043125326207386,3.9670662062989166,18.122205486908108,2023-09-15
G,6,1,2023-09-15,2023-09-22,14.0,12.069479747284676,3.9934206273762065,18.148559907985398,2023-09-22
G,6,1,2023-09-22,2023-09-29,8.0,13.567283910071179,5.491224790162709,19.646364070771902,2023-09-29
G,6,1,2023-09-29,2023-10-06,10.0,11.253014822187543,3.1769557022790735,17.332094982888265,2023-10-06
G,6,1,2023-10-06,2023-10-13,11.0,10.66943220826852,2.5933730883600496,16.74851236896924,2023-10-13
G,6,1,2023-10-13,2023-10-20,11.0,9.80175547715429,1.7256963572458197,15.88083563785501,2023-10-20
G,6,1,2023-10-20,2023-10-27,8.0,10.415299748206724,2.3392406282982545,16.494379908907447,2023-10-27
G,6,1,2023-10-27,2023-11-03,14.0,8.839398085765687,0.7633389658572174,14.918478246466409,2023-11-03
G,6,1,2023-11-03,2023-11-10,6.0,10.526151734466154,2.4500926145576845,16.605231895166874,2023-11-10
G,6,1,2023-11-10,2023-11-17,6.0,7.4150625868166085,0.0,10.765492749548946,2023-11-17
G,6,1,2023-11-17,2023-11-24,6.0,5.803174556403991,0.0,10.963776470638305,2023-11-24
G,6,1,2023-11-24,2023-12-01,3.0,5.854443240808883,0.0,11.015045155043197,2023-12-01
G,6,1,2023-12-01,2023-12-08,9.0,5.281212156760444,0.0,10.441814070994756,2023-12-08
G,6,1,2023-12-08,2023-12-15,7.0,5.746325734051055,0.0,10.906927648285368,2023-12-15
G,6,1,2023-12-15,2023-12-22,5.0,5.821807056309872,0.0,10.982408970544185,2023-12-22
G,6,1,2023-12-22,2023-12-29,1.0,5.2466682324102045,0.0,10.407270146644517,2023-12-29
G,6,1,2023-12-29,2024-01-05,2.0,3.86422312047627,0.0,9.024825034710583,2024-01-05
G,6,1,2024-01-05,2024-01-12,6.0,2.619622076049618,0.0,7.780223990283931,2024-01-12
G,6,1,2024-01-12,2024-01-19,4.0,4.280813790290204,0.0,9.441415704524516,2024-01-19
G,6,1,2024-01-19,2024-01-26,5.0,3.659574927805167,0.0,8.82017684203948,2024-01-26
G,6,1,2024-01-26,2024-02-02,4.0,4.237014994668112,0.0,9.397616908902425,2024-02-02
G,6,1,2024-02-02,2024-02-09,1.0,3.8095180794568044,0.0,8.970119993691117,2024-02-09
G,6,1,2024-02-09,2024-02-16,7.0,2.569391542114019,0.0,7.729993456348332,2024-02-16
G,6,1,2024-02-16,2024-02-23,5.0,3.3376095886830157,0.0,8.498211502917329,2024-02-23
G,6,1,2024-02-23,2024-03-01,3.0,4.366501551504721,0.0,9.527103465739035,2024-03-01
G,6,1,2024-03-01,2024-03-08,3.0,2.921393924871966,0.0,8.081995839106279,2024-03-08
G,6,1,2024-03-08,2024-03-15,3.0,3.0077398052308553,0.0,8.168341719465168,2024-03-15
G,6,1,2024-03-15,2024-03-22,2.0,2.1375733554056016,0.0,7.2981752696399145,2024-03-22
G,6,1,2024-03-22,2024-03-29,1.0,2.3179341451122237,0.0,7.478536059346537,2024-03-29
G,6,1,2024-03-29,2024-04-05,5.0,0.8072724897586898,0.0,5.967874403993003,2024-04-05
G,6,1,2024-04-05,2024-04-12,4.0,2.060563572948398,0.0,7.221165487182711,2024-04-12
G,6,1,2024-04-12,2024-04-19,3.0,2.9510715484615524,0.0,8.111673462695865,2024-04-19
G,6,1,2024-04-19,2024-04-26,4.0,1.4620494577227792,0.0,6.622651371957092,2024-04-26
G,6,1,2024-04-26,2024-05-03,3.0,2.5639711738734565,0.0,7.724573088107769,2024-05-03
G,6,1,2024-05-03,2024-05-10,1.0,3.280940576727925,0.0,8.441542490962238,2024-05-10
G,6,1,2024-05-10,2024-05-17,1.0,2.722677375601961,0.0,7.883279289836274,2024-05-17
G,6,1,2024-05-17,2024-05-24,4.0,2.0256196643903817,0.0,7.186221578624695,2024-05-24
G,6,1,2024-05-24,2024-05-31,0.0,6.765988726618234,0.0,11.926590640852547,2024-05-31
G,6,1,2024-05-31,2024-06-07,3.0,4.032872517941094,0.0,9.193474432175407,2024-06-07
G,6,1,2024-06-07,2024-06-14,0.0,4.650716013231847,0.0,9.81131792746616,2024-06-14
G,6,1,2024-06-14,2024-06-21,3.0,3.683566526556163,0.0,8.844168440790476,2024-06-21
G,6,1,2024-06-21,2024-06-28,4.0,4.130294035264912,0.0,9.290895949499225,2024-06-28
G,6,1,2024-06-28,2024-07-05,6.0,5.33149980770908,0.0,10.492101721943392,2024-07-05
G,6,1,2024-07-05,2024-07-12,12.0,6.07055919795376,0.0,11.231161112188072,2024-07-12
G,6,1,2024-07-12,2024-07-19,9.0,9.468647125854652,2.6148621532625196,14.629249040088965,2024-07-19
G,6,1,2024-07-19,2024-07-26,16.0,13.778413810002746,6.924628837410614,18.93901572423706,2024-07-26
G,6,1,2024-07-26,2024-08-02,20.0,13.687347737533168,6.8335627649410355,19.616788539579407,2024-08-02
G,6,1,2024-08-02,2024-08-09,26.0,16.78144911814239,9.927664145550258,22.71088992018863,2024-08-09
G,6,1,2024-08-09,2024-08-16,19.0,22.237588106026337,15.383803133434204,28.167028908072577,2024-08-16
G,6,1,2024-08-16,2024-08-23,20.0,18.905957632224382,12.05217265963225,25.218609894691213,2024-08-23
G,6,1,2024-08-23,2024-08-30,22.0,21.288195119270245,14.434410146678113,30.506746001127855,2024-08-30
G,6,1,2024-08-30,2024-09-06,16.0,18.694488572919205,11.840703600327073,27.913039454776815,2024-09-06
G,6,1,2024-09-06,2024-09-13,36.0,18.624311587734173,11.77052661514204,27.842862469591783,2024-09-13
G,6,1,2024-09-13,2024-09-20,27.0,24.933105390875465,18.07932041828333,34.15165627273308,2024-09-20
G,6,1,2024-09-20,2024-09-27,25.0,25.01521510729446,18.16143013470233,34.23376598915207,2024-09-27
G,6,1,2024-09-27,2024-10-04,32.0,26.43091741845729,19.66492869183906,43.806605830723115,2024-10-04
G,6,1,2024-10-04,2024-10-11,22.0,25.477254280994668,18.711265554376432,42.852942693260495,2024-10-11
G,6,1,2024-10-11,2024-10-18,20.0,21.87482461337227,15.108835886754035,39.2505130256381,2024-10-18
G,6,1,2024-10-18,2024-10-25,19.0,20.78416394614714,14.018175219528905,38.15985235841296,2024-10-25
G,6,1,2024-10-25,2024-11-01,30.0,20.54569248679443,13.779703760176195,37.92138089906025,2024-11-01
G,6,1,2024-11-01,2024-11-08,19.0,21.77394651916069,15.007957792542454,39.14963493142652,2024-11-08
G,6,1,2024-11-08,2024-11-15,15.0,19.286008108024042,12.520019381405808,36.661696520289865,2024-11-15
G,6,1,2024-11-15,2024-11-22,21.0,16.667821248903643,9.901832522285408,34.043509661169466,2024-11-22
G,6,1,2024-11-22,2024-11-29,28.0,14.59439678784057,7.828408061222335,31.970085200106396,2024-11-29
G,6,1,2024-11-29,2024-12-06,17.0,18.713239616881353,11.947250890263119,36.08892802914718,2024-12-06
G,6,1,2024-12-06,2024-12-13,16.0,17.13107324487567,10.365084518257435,34.506761657141496,2024-12-13
G,6,1,2024-12-13,2024-12-20,20.0,14.750247826663557,7.984259100045323,32.125936238929384,2024-12-20
G,6,1,2024-12-20,2024-12-27,7.0,14.619760448141713,7.853771721523479,31.995448860407542,2024-12-27
G,6,1,2024-12-27,2025-01-03,19.0,10.344973414168585,3.578984687550351,27.720661826434412,2025-01-03
G,6,1,2025-01-03,2025-01-10,28.0,11.665127884254531,4.899139157636297,29.040816296520358,2025-01-10
G,6,1,2025-01-10,2025-01-17,16.0,15.615467690430998,7.995707242289285,32.99115610269683,2025-01-17
G,6,1,2025-01-17,2025-01-24,12.0,14.65892814966114,7.0391677015194265,32.03461656192697,2025-01-24
G,6,1,2025-01-24,2025-01-31,13.0,12.008728637522973,4.388968189381259,29.3844170497888,2025-01-31
G,6,1,2025-01-31,2025-02-07,12.0,12.237131800649028,4.617371352507314,29.612820212914855,2025-02-07
G,6,1,2025-02-07,2025-02-14,17.0,10.642935952574769,3.0231755044330555,28.018624364840598,2025-02-14
G,6,1,2025-02-14,2025-02-21,26.0,13.007063398081437,5.387302949939723,30.382751810347266,2025-02-21
G,6,1,2025-02-21,2025-02-28,15.0,14.26941194494152,6.649651496799807,31.645100357207347,2025-02-28
G,6,1,2025-02-28,2025-03-07,11.0,14.279845799118851,6.660085350977138,31.655534211384676,2025-03-07
G,6,1,2025-03-07,2025-03-14,12.0,11.832709847391504,4.212949399249791,29.20839825965733,2025-03-14
G,6,1,2025-03-14,2025-03-21,5.0,9.698114189365283,2.0783537412235695,27.073802601631108,2025-03-21
G,6,1,2025-03-21,2025-03-28,5.0,7.42595276684713,0.0,24.801641179112956,2025-03-28
G,6,1,2025-03-28,2025-04-04,5.0,5.948543988592871,0.0,23.324232400858698,2025-04-04
G,6,1,2025-04-04,2025-04-11,7.0,4.59424596560893,0.0,21.969934377874758,2025-04-11
G,6,1,2025-04-11,2025-04-18,3.0,4.052917530715828,0.0,21.428605942981655,2025-04-18
G,6,1,2025-04-18,2025-04-25,5.0,2.1121155516155525,0.0,19.48780396388138,2025-04-25
G,6,1,2025-04-25,2025-05-02,2.0,2.8893396472801047,0.0,20.265028059545934,2025-05-02
G,6,1,2025-05-02,2025-05-09,6.0,3.4774354264818736,0.0,20.8531238387477,2025-05-09
G,6,1,2025-05-09,2025-05-16,1.0,3.801654144288946,0.0,21.177342556554773,2025-05-16
G,6,1,2025-05-16,2025-05-23,5.0,3.2208189537262673,0.0,20.596507365992096,2025-05-23
G,6,1,2025-05-23,2025-05-30,3.0,2.207143114489746,0.0,19.582831526755573,2025-05-30
G,6,1,2025-05-30,2025-06-06,3.0,5.949266658517856,0.0,23.324955070783684,2025-06-06
G,6,1,2025-06-06,2025-06-13,3.0,5.172400108100719,0.0,22.548088520366548,2025-06-13
G,6,1,2025-06-13,2025-06-20,1.0,4.759853430608777,0.0,22.135541842874602,2025-06-20
G,6,1,2025-06-20,2025-06-27,4.0,4.364556554817021,0.0,21.740244967082848,2025-06-27
G,6,1,2025-06-27,2025-07-04,6.0,5.231404297241929,0.0,22.607092709507757,2025-07-04
G,6,1,2025-07-04,2025-07-11,2.0,9.679796951989415,2.0600365038477015,27.05548536425524,2025-07-11
G,6,1,2025-07-11,2025-07-18,10.0,8.17236998959038,0.5526095414486658,25.548058401856206,2025-07-18
G,6,1,2025-07-18,2025-07-25,7.0,12.384332229380462,4.7645717812387485,29.76002064164629,2025-07-25
G,6,1,2025-07-25,2025-08-01,13.0,19.357675088988245,11.67787813699883,36.733363501254075,2025-08-01
G,6,1,2025-08-01,2025-08-08,16.0,10.919950203116016,3.2401532511266016,28.295638615381844,2025-08-08
G,6,1,2025-08-08,2025-08-15,9.0,13.090095989599696,5.410299037610281,30.465784401865523,2025-08-15
G,6,1,2025-08-15,2025-08-22,11.0,12.079470758480788,4.399673806491373,29.455159170746615,2025-08-22
G,6,1,2025-08-22,2025-08-29,12.0,11.243187770547449,3.563390818558034,28.618876182813274,2025-08-29
G,6,1,2025-08-29,2025-09-05,0.0,12.924367647790097,5.244570695800682,30.300056060055923,2025-09-05
H,7,1,2023-02-17,2023-02-24,3.0,6.570227754086736,0.979477203366776,16.650269818648166,2023-02-24
H,7,1,2023-02-24,2023-03-03,4.0,4.5514051162012565,0.0,14.631447180762688,2023-03-03
H,7,1,2023-03-03,2023-03-10,4.0,4.1777757768168655,0.0,14.257817841378296,2023-03-10
H,7,1,2023-03-10,2023-03-17,6.0,3.5624445228233537,0.0,13.642486587384784,2023-03-17
H,7,1,2023-03-17,2023-03-24,5.0,3.333067689479204,0.0,13.413109754040635,2023-03-24
H,7,1,2023-03-24,2023-03-31,2.0,2.7187846163352507,0.0,12.798826680896681,2023-03-31
H,7,1,2023-03-31,2023-04-07,3.0,2.298125339527747,0.0,12.378167404089178,2023-04-07
H,7,1,2023-04-07,2023-04-14,3.0,2.610189890424097,0.0,12.690231954985528,2023-04-14
H,7,1,2023-04-14,2023-04-21,4.0,3.1914441588825646,0.0,13.271486223443995,2023-04-21
H,7,1,2023-04-21,2023-04-28,3.0,2.473039490346199,0.0,12.55308155490763,2023-04-28
H,7,1,2023-04-28,2023-05-05,0.0,2.398863069659116,0.0,12.478905134220547,2023-05-05
H,7,1,2023-05-05,2023-05-12,3.0,2.40471890637944,0.0,12.48476097094087,2023-05-12
H,7,1,2023-05-12,2023-05-19,0.0,3.430880922787429,0.0,13.51092298734886,2023-05-19
H,7,1,2023-05-19,2023-05-26,7.0,2.8536964148789625,0.0,12.933738479440393,2023-05-26
H,7,1,2023-05-26,2023-06-02,3.0,5.11676134912002,0.0,15.196803413681451,2023-06-02
H,7,1,2023-06-02,2023-06-09,8.0,5.043948946728579,0.0,15.12399101129001,2023-06-09
H,7,1,2023-06-09,2023-06-16,11.0,8.33013321441346,2.7393826636934993,18.41017527897489,2023-06-16
H,7,1,2023-06-16,2023-06-23,6.0,7.141175991259251,1.550425440539291,17.22121805582068,2023-06-23
H,7,1,2023-06-23,2023-06-30,10.0,6.60000902373116,1.0092584730112,16.68005108829259,2023-06-30
H,7,1,2023-06-30,2023-07-07,3.0,7.288005902997681,1.697255352277721,17.36804796755911,2023-07-07
H,7,1,2023-07-07,2023-07-14,8.0,6.430595313405681,0.8398447626857211,16.51063737796711,2023-07-14
H,7,1,2023-07-14,2023-07-21,14.0,8.02660346523134,2.435852914511379,18.10664552979277,2023-07-21
H,7,1,2023-07-21,2023-07-28,11.0,12.343371754904826,6.752621204184866,22.423413819466255,2023-07-28
H,7,1,2023-07-28,2023-08-04,5.0,13.538068822993608,7.947318272273648,23.61811088755504,2023-08-04
H,7,1,2023-08-04,2023-08-11,8.0,14.939056257473549,9.348305706753589,25.019098322034978,2023-08-11
H,7,1,2023-08-11,2023-08-18,13.0,12.294298007846544,6.703547457126584,22.374340072407975,2023-08-18
H,7,1,2023-08-18,2023-08-25,9.0,10.488492420158956,1.9504235971653472,20.568534484720388,2023-08-25
H,7,1,2023-08-25,2023-09-01,5.0,11.251280890253378,2.7132120672597697,21.33132295481481,2023-09-01
H,7,1,2023-09-01,2023-09-08,9.0,12.526904736703568,3.988835913709959,22.606946801264996,2023-09-08
H,7,1,2023-09-08,2023-09-15,6.0,8.416006918351691,0.0,18.496048982913123,2023-09-15
H,7,1,2023-09-15,2023-09-22,13.0,6.809500911045005,0.0,16.889542975606435,2023-09-22
H,7,1,2023-09-22,2023-09-29,6.0,9.119934666432869,0.5818658434392603,19.1999767309943,2023-09-29
H,7,1,2023-09-29,2023-10-06,17.0,8.711612977293427,0.17354415429981884,18.79165504185486,2023-10-06
H,7,1,2023-10-06,2023-10-13,10.0,10.214866024391995,1.6767972013983865,20.294908088953427,2023-10-13
H,7,1,2023-10-13,2023-10-20,9.0,8.906006683212496,0.36793786021888764,18.98604874777393,2023-10-20
H,7,1,2023-10-20,2023-10-27,5.0,9.540293953273498,1.0022251302798892,19.62033601783493,2023-10-27
H,7,1,2023-10-27,2023-11-03,5.0,6.865499896106861,0.0,16.945541960668294,2023-11-03
H,7,1,2023-11-03,2023-11-10,13.0,5.893238813783437,0.0,15.973280878344868,2023-11-10
H,7,1,2023-11-10,2023-11-17,13.0,6.6706567144099065,0.0,16.750698778971337,2023-11-17
H,7,1,2023-11-17,2023-11-24,16.0,7.215769716473581,0.0,17.295811781035013,2023-11-24
H,7,1,2023-11-24,2023-12-01,5.0,10.242855755125024,1.704786932131416,20.322897819686453,2023-12-01
H,7,1,2023-12-01,2023-12-08,6.0,8.189329415770228,0.0,18.269371480331657,2023-12-08
H,7,1,2023-12-08,2023-12-15,10.0,6.949608127648327,0.0,17.029650192209758,2023-12-15
H,7,1,2023-12-15,2023-12-22,5.0,7.408865397372311,0.0,17.488907461933742,2023-12-22
H,7,1,2023-12-22,2023-12-29,8.0,5.800386419692564,0.0,15.880428484253994,2023-12-29
H,7,1,2023-12-29,2024-01-05,4.0,6.965591909116315,0.0,17.045633973677745,2024-01-05
H,7,1,2024-01-05,2024-01-12,9.0,4.801803224403756,0.0,14.881845288965186,2024-01-12
H,7,1,2024-01-12,2024-01-19,4.0,6.055604142123061,0.0,16.13564620668449,2024-01-19
H,7,1,2024-01-19,2024-01-26,4.0,4.794479331971,0.0,14.87452139653243,2024-01-26
H,7,1,2024-01-26,2024-02-02,1.0,4.795345561076025,0.0,14.875387625637455,2024-02-02
H,7,1,2024-02-02,2024-02-09,9.0,2.7289309589720503,0.0,12.80897302353348,2024-02-09
H,7,1,2024-02-09,2024-02-16,6.0,3.5994749641597927,0.0,13.679517028721223,2024-02-16
H,7,1,2024-02-16,2024-02-23,3.0,3.3233440334779942,0.0,13.403386098039425,2024-02-23
H,7,1,2024-02-23,2024-03-01,1.0,2.519832935916744,0.0,12.599875000478175,2024-03-01
H,7,1,2024-03-01,2024-03-08,1.0,2.2544083913802275,0.0,12.334450455941658,2024-03-08
H,7,1,2024-03-08,2024-03-15,4.0,1.1565700204261873,0.0,11.236612084987618,2024-03-15
H,7,1,2024-03-15,2024-03-22,2.0,1.5987735747835536,0.0,11.678815639344984,2024-03-22
H,7,1,2024-03-22,2024-03-29,1.0,1.4070846418439302,0.0,11.48712670640536,2024-03-29
H,7,1,2024-03-29,2024-04-05,3.0,1.0014924115231771,0.0,11.081534476084608,2024-04-05
H,7,1,2024-04-05,2024-04-12,2.0,1.1779425861982133,0.0,9.962172869724633,2024-04-12
H,7,1,2024-04-12,2024-04-19,0.0,1.6048074555758767,0.0,10.389037739102296,2024-04-19
H,7,1,2024-04-19,2024-04-26,2.0,1.5121904075225068,0.0,10.296420691048926,2024-04-26
H,7,1,2024-04-26,2024-05-03,4.0,2.7842288139316214,0.0,11.56845909745804,2024-05-03
H,7,1,2024-05-03,2024-05-10,0.0,3.369122511736652,0.0,12.153352795263071,2024-05-10
H,7,1,2024-05-10,2024-05-17,1.0,2.3958322932941964,0.0,11.180062576820616,2024-05-17
H,7,1,2024-05-17,2024-05-24,0.0,1.9991383730915793,0.0,10.783368656617998,2024-05-24
H,7,1,2024-05-24,2024-05-31,1.0,4.0189266740693395,0.0,12.803156957595759,2024-05-31
H,7,1,2024-05-31,2024-06-07,3.0,2.4946296643037638,0.0,11.278859947830183,2024-06-07
H,7,1,2024-06-07,2024-06-14,4.0,3.060739942271546,0.0,11.844970225797965,2024-06-14
H,7,1,2024-06-14,2024-06-21,1.0,3.80830243040924,0.0,12.59253271393566,2024-06-21
H,7,1,2024-06-21,2024-06-28,7.0,3.1904336465397503,0.0,11.97466393006617,2024-06-28
H,7,1,2024-06-28,2024-07-05,2.0,4.821214780289314,0.0,13.605445063815733,2024-07-05
H,7,1,2024-07-05,2024-07-12,5.0,3.8693911044103526,0.0,12.653621387936772,2024-07-12
H,7,1,2024-07-12,2024-07-19,5.0,5.3127503546005945,0.0,14.096980638127015,2024-07-19
H,7,1,2024-07-19,2024-07-26,8.0,9.748643152079566,1.2105743290859579,18.532873435605985,2024-07-26
H,7,1,2024-07-26,2024-08-02,14.0,8.40776455962846,0.0,17.19199484315488,2024-08-02
H,7,1,2024-08-02,2024-08-09,11.0,10.10359142450454,1.5655226015109314,18.88782170803096,2024-08-09
H,7,1,2024-08-09,2024-08-16,9.0,11.080657690961763,2.5425888679681545,19.864887974488184,2024-08-16
H,7,1,2024-08-16,2024-08-23,7.0,9.833046065676529,1.2949772426829202,18.617276349202946,2024-08-23
H,7,1,2024-08-23,2024-08-30,14.0,9.863809823557673,1.325741000564065,18.648040107084093,2024-08-30
H,7,1,2024-08-30,2024-09-06,15.0,12.423723128013116,3.885654305019507,21.207953411539535,2024-09-06
H,7,1,2024-09-06,2024-09-13,22.0,12.91618196856013,4.378113145566521,21.70041225208655,2024-09-13
H,7,1,2024-09-13,2024-09-20,15.0,15.975542038073893,7.437473215080285,24.759772321600312,2024-09-20
H,7,1,2024-09-20,2024-09-27,23.0,15.278136244740473,6.740067421746865,24.062366528266892,2024-09-27
H,7,1,2024-09-27,2024-10-04,29.0,19.12573349022365,12.1866772327501,28.20955152166352,2024-10-04
H,7,1,2024-10-04,2024-10-11,29.0,19.649186224651615,13.397905334398237,28.733004256091483,2024-10-11
H,7,1,2024-10-11,2024-10-18,22.0,20.17989556716438,13.928614676911002,29.263713598604248,2024-10-18
H,7,1,2024-10-18,2024-10-25,28.0,21.51533999912977,15.26405910887639,31.38960650890612,2024-10-25
H,7,1,2024-10-25,2024-11-01,45.0,24.063582523690513,18.82072676856549,33.93784903346686,2024-11-01
H,7,1,2024-11-01,2024-11-08,22.0,27.85267773489158,22.609821979766554,37.72694424466793,2024-11-08
H,7,1,2024-11-08,2024-11-15,35.0,24.040070768557023,18.797215013431998,33.91433727833338,2024-11-15
H,7,1,2024-11-15,2024-11-22,29.0,26.273019053036943,21.03016329791192,47.20943652934643,2024-11-22
H,7,1,2024-11-22,2024-11-29,22.0,21.67330351016055,15.820625775268972,42.60972098647004,2024-11-29
H,7,1,2024-11-29,2024-12-06,25.0,21.026455757134944,15.173778022243365,41.96287323344443,2024-12-06
H,7,1,2024-12-06,2024-12-13,16.0,21.235905455141538,15.383227720249959,42.17232293145102,2024-12-13
H,7,1,2024-12-13,2024-12-20,16.0,15.316722379459291,9.464044644567712,36.25313985576878,2024-12-20
H,7,1,2024-12-20,2024-12-27,4.0,14.618751719891744,8.766073985000165,35.555169196201234,2024-12-27
H,7,1,2024-12-27,2025-01-03,13.0,9.871815229887016,4.019137494995437,30.808232706196502,2025-01-03
H,7,1,2025-01-03,2025-01-10,24.0,9.428702268145916,3.576024533254337,30.365119744455402,2025-01-10
H,7,1,2025-01-10,2025-01-17,14.0,11.828454097427974,1.20970237753623,32.76487157373746,2025-01-17
H,7,1,2025-01-17,2025-01-24,23.0,11.649184789528432,1.030433069636688,32.58560226583792,2025-01-24
H,7,1,2025-01-24,2025-01-31,28.0,13.483550767265235,2.8647990473734914,34.41996824357472,2025-01-31
H,7,1,2025-01-31,2025-02-07,26.0,17.125445452862976,6.506693732971232,38.06186292917246,2025-02-07
H,7,1,2025-02-07,2025-02-14,26.0,17.981767783917675,7.363016064025931,38.91818526022716,2025-02-14
H,7,1,2025-02-14,2025-02-21,26.0,20.13791234448677,9.519160624595028,41.07432982079626,2025-02-21
H,7,1,2025-02-21,2025-02-28,22.0,16.583225322185054,5.96447360229331,37.519642798494544,2025-02-28
H,7,1,2025-02-28,2025-03-07,8.0,18.537625045044777,7.918873325153033,39.474042521354264,2025-03-07
H,7,1,2025-03-07,2025-03-14,13.0,13.016108723220807,2.3973570033290628,33.9525261995303,2025-03-14
H,7,1,2025-03-14,2025-03-21,13.0,10.674470307904041,0.05571858801229723,31.610887784213528,2025-03-21
H,7,1,2025-03-21,2025-03-28,18.0,9.280369116676727,0.0,30.216786592986214,2025-03-28
H,7,1,2025-03-28,2025-04-04,15.0,10.94297528870017,0.32422356880842607,31.879392765009655,2025-04-04
H,7,1,2025-04-04,2025-04-11,10.0,9.871479921193588,0.0,30.807897397503076,2025-04-11
H,7,1,2025-04-11,2025-04-18,9.0,8.4996923150393,0.0,29.436109791348784,2025-04-18
H,7,1,2025-04-18,2025-04-25,11.0,6.988935126521229,0.0,27.925352602830714,2025-04-25
H,7,1,2025-04-25,2025-05-02,8.0,6.87254673098192,0.0,27.808964207291407,2025-05-02
H,7,1,2025-05-02,2025-05-09,5.0,7.752861977068344,0.0,28.68927945337783,2025-05-09
H,7,1,2025-05-09,2025-05-16,3.0,5.904607398951731,0.0,26.84102487526122,2025-05-16
H,7,1,2025-05-16,2025-05-23,3.0,4.827428648165576,0.0,25.763846124475062,2025-05-23
H,7,1,2025-05-23,2025-05-30,4.0,3.548050058088421,0.0,24.484467534397908,2025-05-30
H,7,1,2025-05-30,2025-06-06,5.0,5.63971099967652,0.0,26.576128475986007,2025-06-06
H,7,1,2025-06-06,2025-06-13,6.0,5.45533624771253,0.0,26.391753724022017,2025-06-13
H,7,1,2025-06-13,2025-06-20,6.0,4.8468799896423285,0.0,25.783297465951815,2025-06-20
H,7,1,2025-06-20,2025-06-27,8.0,5.506133148387093,0.0,26.44255062469658,2025-06-27
H,7,1,2025-06-27,2025-07-04,9.0,7.086120045593623,0.0,28.02253752190311,2025-07-04
H,7,1,2025-07-04,2025-07-11,12.0,11.840935568068119,1.2221838481763747,32.777353044377605,2025-07-11
H,7,1,2025-07-11,2025-07-18,10.0,12.664954611634538,2.0462028917427943,33.60137208794403,2025-07-18
H,7,1,2025-07-18,2025-07-25,15.0,13.012762347731956,2.3940106278402116,33.949179824041444,2025-07-25
H,7,1,2025-07-25,2025-08-01,19.0,19.57949265061014,8.960740930718394,40.51591012691962,2025-08-01
H,7,1,2025-08-01,2025-08-08,20.0,15.761007113266697,5.142255393374953,36.69742458957619,2025-08-08
H,7,1,2025-08-08,2025-08-15,16.0,15.129334690770055,4.5105829708783105,36.06575216707954,2025-08-15
H,7,1,2025-08-15,2025-08-22,18.0,14.978088485824697,4.359336765932953,35.914505962134186,2025-08-22
H,7,1,2025-08-22,2025-08-29,20.0,15.480730840141925,4.861979120250181,36.41714831645141,2025-08-29
H,7,1,2025-08-29,2025-09-05,1.0,17.138029468887638,6.5192777489958935,38.074446945197124,2025-09-05
I,8,1,2023-02-17,2023-02-24,6.0,10.208916804481134,0.0,31.16715617948647,2023-02-24
I,8,1,2023-02-24,2023-03-03,8.0,7.524195679221093,0.0,28.48243505422643,2023-03-03
I,8,1,2023-03-03,2023-03-10,9.0,7.125452624451746,0.0,28.08369199945708,2023-03-10
I,8,1,2023-03-10,2023-03-17,4.0,7.055000637721331,0.0,28.013240012726666,2023-03-17
I,8,1,2023-03-17,2023-03-24,4.0,5.628188859491245,0.0,26.58642823449658,2023-03-24
I,8,1,2023-03-24,2023-03-31,1.0,3.899817951606053,0.0,24.858057326611387,2023-03-31
I,8,1,2023-03-31,2023-04-07,4.0,2.7057574530396558,0.0,23.66399682804499,2023-04-07
I,8,1,2023-04-07,2023-04-14,10.0,3.8375647849456147,0.0,24.795804159950947,2023-04-14
I,8,1,2023-04-14,2023-04-21,4.0,7.271804026081692,0.0,28.230043401087027,2023-04-21
I,8,1,2023-04-21,2023-04-28,3.0,4.737603390350961,0.0,25.695842765356296,2023-04-28
I,8,1,2023-04-28,2023-05-05,2.0,3.948563252821227,0.0,24.90680262782656,2023-05-05
I,8,1,2023-05-05,2023-05-12,7.0,4.225930745834294,0.0,25.184170120839628,2023-05-12
I,8,1,2023-05-12,2023-05-19,4.0,7.49485165840024,0.0,28.453091033405574,2023-05-19
I,8,1,2023-05-19,2023-05-26,3.0,7.534225837531304,0.0,28.492465212536636,2023-05-26
I,8,1,2023-05-26,2023-06-02,9.0,7.056107300504081,0.0,28.014346675509415,2023-06-02
I,8,1,2023-06-02,2023-06-09,8.0,8.818906125699165,0.0,29.7771455007045,2023-06-09
I,8,1,2023-06-09,2023-06-16,17.0,9.535491154419933,0.0,30.493730529425267,2023-06-16
I,8,1,2023-06-16,2023-06-23,34.0,12.497134753835528,0.015168048278223267,33.45537412884086,2023-06-23
I,8,1,2023-06-23,2023-06-30,15.0,21.963561486129404,9.481594780572099,42.92180086113474,2023-06-30
I,8,1,2023-06-30,2023-07-07,14.0,17.72052878313271,5.238562077575406,38.67876815813804,2023-07-07
I,8,1,2023-07-07,2023-07-14,12.0,18.97054935913973,6.4885826535824265,40.4734146053042,2023-07-14
I,8,1,2023-07-14,2023-07-21,5.0,16.625889556652094,4.143922851094789,38.128754802816566,2023-07-21
I,8,1,2023-07-21,2023-07-28,13.0,15.289609330518802,2.807642624961497,36.792474576683276,2023-07-28
I,8,1,2023-07-28,2023-08-04,20.0,16.2038458222073,3.721879116649994,37.706711068371774,2023-08-04
I,8,1,2023-08-04,2023-08-11,15.0,21.98068813527189,9.498721429714585,43.483553381436366,2023-08-11
I,8,1,2023-08-11,2023-08-18,11.0,19.393948252035255,6.91198154647795,40.89681349819973,2023-08-18
I,8,1,2023-08-18,2023-08-25,20.0,15.428390354667584,2.9464236491102795,36.93125560083206,2023-08-25
I,8,1,2023-08-25,2023-09-01,16.0,19.382627083306964,6.900660377749659,40.88549232947143,2023-09-01
I,8,1,2023-09-01,2023-09-08,22.0,21.82193695053025,9.339970244972946,43.32480219669472,2023-09-08
I,8,1,2023-09-08,2023-09-15,12.0,20.79985765613266,8.317890950575354,42.302722902297134,2023-09-15
I,8,1,2023-09-15,2023-09-22,14.0,17.839048336139733,5.357081630582428,39.3419135823042,2023-09-22
I,8,1,2023-09-22,2023-09-29,31.0,16.92934830796943,4.4473816024121255,38.4322135541339,2023-09-29
I,8,1,2023-09-29,2023-10-06,27.0,22.325045820914937,9.843079115357632,43.82791106707941,2023-10-06
I,8,1,2023-10-06,2023-10-13,19.0,23.77801259365426,11.296045888096955,45.28087783981873,2023-10-13
I,8,1,2023-10-13,2023-10-20,20.0,21.673435271973425,9.19146856641612,43.17630051813789,2023-10-20
I,8,1,2023-10-20,2023-10-27,16.0,21.001676829906614,8.51971012434931,42.50454207607109,2023-10-27
I,8,1,2023-10-27,2023-11-03,19.0,18.08065088024658,5.598684174689275,39.583516126411055,2023-11-03
I,8,1,2023-11-03,2023-11-10,21.0,17.920290652404805,5.4383239468475,39.42315589856928,2023-11-10
I,8,1,2023-11-10,2023-11-17,29.0,16.999280672213207,4.554404283433357,38.50214591837768,2023-11-17
I,8,1,2023-11-17,2023-11-24,15.0,19.399709869747618,6.954833480967768,40.902575115912086,2023-11-24
I,8,1,2023-11-24,2023-12-01,19.0,17.465090824530684,5.83920126787859,38.96795607069515,2023-12-01
I,8,1,2023-12-01,2023-12-08,17.0,18.370759403906117,6.744869847254023,39.87362465007059,2023-12-08
I,8,1,2023-12-08,2023-12-15,12.0,16.638710673491996,5.012821116839902,38.14157591965647,2023-12-15
I,8,1,2023-12-15,2023-12-22,20.0,14.237864074931416,2.6119745182793217,35.740729321095884,2023-12-22
I,8,1,2023-12-22,2023-12-29,18.0,15.042372722939684,3.4164831662875894,36.54523796910416,2023-12-29
I,8,1,2023-12-29,2024-01-05,28.0,16.303330602449368,4.6774410457972735,37.80619584861384,2024-01-05
I,8,1,2024-01-05,2024-01-12,16.0,18.48010586074932,6.854216304097225,39.982971106913794,2024-01-12
I,8,1,2024-01-12,2024-01-19,12.0,13.750670101995318,2.1247805453432242,35.25353534815979,2024-01-19
I,8,1,2024-01-19,2024-01-26,11.0,13.469438816267816,1.8435492596157221,34.972304062432286,2024-01-26
I,8,1,2024-01-26,2024-02-02,15.0,10.301475332322614,0.0,31.804340578487086,2024-02-02
I,8,1,2024-02-02,2024-02-09,11.0,11.89935743064603,0.27346787399393513,33.4022226768105,2024-02-09
I,8,1,2024-02-09,2024-02-16,12.0,9.885040240397839,0.0,31.38790548656231,2024-02-16
I,8,1,2024-02-16,2024-02-23,7.0,9.555295559261996,0.0,31.058160805426468,2024-02-23
I,8,1,2024-02-23,2024-03-01,9.0,7.635170076423717,0.0,29.138035322588188,2024-03-01
I,8,1,2024-03-01,2024-03-08,9.0,7.424776644635973,0.0,28.927641890800444,2024-03-08
I,8,1,2024-03-08,2024-03-15,9.0,6.786515572851056,0.0,28.289380819015527,2024-03-15
I,8,1,2024-03-15,2024-03-22,9.0,6.809077889216842,0.0,28.311943135381313,2024-03-22
I,8,1,2024-03-22,2024-03-29,4.0,6.9393590391316655,0.0,28.442224285296138,2024-03-29
I,8,1,2024-03-29,2024-04-05,4.0,4.3894224056937805,0.0,25.892287651858254,2024-04-05
I,8,1,2024-04-05,2024-04-12,8.0,3.8591779424787838,0.0,25.362043188643256,2024-04-12
I,8,1,2024-04-12,2024-04-19,4.0,4.952065250286514,0.0,26.454930496450984,2024-04-19
I,8,1,2024-04-19,2024-04-26,2.0,3.3238481480537114,0.0,24.82671339421818,2024-04-26
I,8,1,2024-04-26,2024-05-03,2.0,3.0880907842616896,0.0,24.590956030426163,2024-05-03
I,8,1,2024-05-03,2024-05-10,4.0,3.0745595422019996,0.0,24.57742478836647,2024-05-10
I,8,1,2024-05-10,2024-05-17,3.0,3.4519221568233203,0.0,24.95478740298779,2024-05-17
I,8,1,2024-05-17,2024-05-24,1.0,3.057712554750676,0.0,24.560577800915148,2024-05-24
I,8,1,2024-05-24,2024-05-31,10.0,5.523319810926884,0.0,27.026185057091354,2024-05-31
I,8,1,2024-05-31,2024-06-07,6.0,7.34362598835501,0.0,28.846491234519483,2024-06-07
I,8,1,2024-06-07,2024-06-14,8.0,8.149219169546765,0.0,29.652084415711236,2024-06-14
I,8,1,2024-06-14,2024-06-21,7.0,9.524886707419233,0.0,31.027751953583703,2024-06-21
I,8,1,2024-06-21,2024-06-28,12.0,8.875707933597438,0.0,30.378573179761908,2024-06-28
I,8,1,2024-06-28,2024-07-05,13.0,11.125986752401953,0.0,32.628851998566425,2024-07-05
I,8,1,2024-07-05,2024-07-12,8.0,12.960484075588962,1.3345945189368678,34.463349321753434,2024-07-12
I,8,1,2024-07-12,2024-07-19,8.0,12.21718372181684,0.5912941651647454,33.72004896798131,2024-07-19
I,8,1,2024-07-19,2024-07-26,19.0,13.069219048296628,1.4433294916445334,34.5720842944611,2024-07-26
I,8,1,2024-07-26,2024-08-02,18.0,16.105377783094443,4.479488226442349,37.608243029258915,2024-08-02
I,8,1,2024-08-02,2024-08-09,15.0,17.52076032762973,5.8948707709776365,39.023625573794206,2024-08-09
I,8,1,2024-08-09,2024-08-16,38.0,18.33575899436496,6.7098694377128645,39.83862424052943,2024-08-16
I,8,1,2024-08-16,2024-08-23,23.0,24.905115491095493,13.2792259344434,38.97576718312607,2024-08-23
I,8,1,2024-08-23,2024-08-30,21.0,26.429609952078998,14.803720395426904,40.50026164410957,2024-08-30
I,8,1,2024-08-30,2024-09-06,38.0,25.240708496273378,13.614818939621284,44.90494950190842,2024-09-06
I,8,1,2024-09-06,2024-09-13,54.0,31.86676421024248,20.240874653590385,51.53100521587752,2024-09-13
I,8,1,2024-09-13,2024-09-20,52.0,40.45508349133609,31.65522583520343,60.11932449697113,2024-09-20
I,8,1,2024-09-20,2024-09-27,56.0,43.55253567090953,34.75267801477687,63.21677667654457,2024-09-27
I,8,1,2024-09-27,2024-10-04,52.0,52.25636009797688,43.45650244184422,74.3895958877344,2024-10-04
I,8,1,2024-10-04,2024-10-11,63.0,48.356528890993374,39.556671234860715,70.4897646807509,2024-10-11
I,8,1,2024-10-11,2024-10-18,42.0,49.43867599038561,40.63881833425295,71.57191178014313,2024-10-18
I,8,1,2024-10-18,2024-10-25,56.0,46.00095575569371,37.20109809956105,68.13419154545123,2024-10-25
I,8,1,2024-10-25,2024-11-01,61.0,49.29612795476861,40.49627029863595,71.42936374452613,2024-11-01
I,8,1,2024-11-01,2024-11-08,63.0,49.23610131043662,40.43624365430396,71.36933710019414,2024-11-08
I,8,1,2024-11-08,2024-11-15,67.0,52.060601875535546,44.621925885149935,74.19383766529307,2024-11-15
I,8,1,2024-11-15,2024-11-22,87.0,53.2213921936836,45.78271620329799,75.35462798344112,2024-11-22
I,8,1,2024-11-22,2024-11-29,73.0,55.36126241276754,47.922586422381926,77.49449820252505,2024-11-29
I,8,1,2024-11-29,2024-12-06,42.0,59.0578545701249,51.61917857973929,81.19109035988242,2024-12-06
I,8,1,2024-12-06,2024-12-13,25.0,48.40512754554128,40.96645155515567,82.18373535185768,2024-12-13
I,8,1,2024-12-13,2024-12-20,34.0,32.63221057537919,25.19353458499358,66.41081838169559,2024-12-20
I,8,1,2024-12-20,2024-12-27,18.0,28.02396905569355,10.966114485568646,61.80257686200995,2024-12-27
I,8,1,2024-12-27,2025-01-03,38.0,21.560036335012235,0.0,55.338644141328636,2025-01-03
I,8,1,2025-01-03,2025-01-10,33.0,23.26635651996234,0.0,57.044964326278745,2025-01-10
I,8,1,2025-01-10,2025-01-17,42.0,22.016949290898996,0.0,55.795557097215394,2025-01-17
I,8,1,2025-01-17,2025-01-24,38.0,27.62538935974691,4.220261814205628,61.40399716606331,2025-01-24
I,8,1,2025-01-24,2025-01-31,45.0,26.638384803458806,3.233257257917522,60.41699260977521,2025-01-31
I,8,1,2025-01-31,2025-02-07,34.0,34.58622606183857,11.18109851629729,68.36483386815497,2025-02-07
I,8,1,2025-02-07,2025-02-14,94.0,31.08069505877161,7.675567513230327,64.85930286508801,2025-02-14
I,8,1,2025-02-14,2025-02-21,75.0,54.06457363691119,30.659446091369908,87.84318144322759,2025-02-21
I,8,1,2025-02-21,2025-02-28,50.0,44.68295629585898,21.277828750317695,78.46156410217537,2025-02-28
I,8,1,2025-02-28,2025-03-07,38.0,50.25553401227544,26.850406466734157,113.17483895350384,2025-03-07
I,8,1,2025-03-07,2025-03-14,22.0,41.75532707828301,18.350199532741726,104.67463201951139,2025-03-14
I,8,1,2025-03-14,2025-03-21,28.0,28.03788773302042,4.6327601874791355,90.9571926742488,2025-03-21
I,8,1,2025-03-21,2025-03-28,14.0,24.072801009322674,0.6676734637813908,86.99210595055106,2025-03-28
I,8,1,2025-03-28,2025-04-04,12.0,18.798136628941208,0.0,81.7174415701696,2025-04-04
I,8,1,2025-04-04,2025-04-11,12.0,14.798552315948124,0.0,77.71785725717652,2025-04-11
I,8,1,2025-04-11,2025-04-18,12.0,11.277137904010468,0.0,74.19644284523886,2025-04-18
I,8,1,2025-04-18,2025-04-25,6.0,8.82871997954403,0.0,71.74802492077242,2025-04-25
I,8,1,2025-04-25,2025-05-02,6.0,6.790400631459771,0.0,69.70970557268816,2025-05-02
I,8,1,2025-05-02,2025-05-09,8.0,7.311334126732508,0.0,70.2306390679609,2025-05-09
I,8,1,2025-05-09,2025-05-16,5.0,7.290006858877899,0.0,70.20931180010629,2025-05-16
I,8,1,2025-05-16,2025-05-23,11.0,4.885509329321307,0.0,67.8048142705497,2025-05-23
I,8,1,2025-05-23,2025-05-30,3.0,5.658497027094726,0.0,68.57780196832312,2025-05-30
I,8,1,2025-05-30,2025-06-06,10.0,8.604545611472737,0.0,71.52385055270113,2025-06-06
I,8,1,2025-06-06,2025-06-13,9.0,9.595218921276912,0.0,72.5145238625053,2025-06-13
I,8,1,2025-06-13,2025-06-20,13.0,9.939040223234834,0.0,72.85834516446323,2025-06-20
I,8,1,2025-06-20,2025-06-27,19.0,12.572596518031103,0.0,75.4919014592595,2025-06-27
I,8,1,2025-06-27,2025-07-04,13.0,15.906562301089107,0.0,78.8258672423175,2025-07-04
I,8,1,2025-07-04,2025-07-11,10.0,19.933561389003113,0.0,82.8528663302315,2025-07-11
I,8,1,2025-07-11,2025-07-18,9.0,17.901988222260325,0.0,80.82129316348872,2025-07-18
I,8,1,2025-07-18,2025-07-25,22.0,18.88569569166151,0.0,81.8050006328899,2025-07-25
I,8,1,2025-07-25,2025-08-01,24.0,26.44784302819874,3.0427154826574565,89.36714796942712,2025-08-01
I,8,1,2025-08-01,2025-08-08,36.0,22.477965704141823,0.0,85.39727064537021,2025-08-08
I,8,1,2025-08-08,2025-08-15,26.0,27.494627300070924,4.0894997545296405,90.4139322412993,2025-08-15
I,8,1,2025-08-15,2025-08-22,25.0,26.95909389933589,3.553966353794607,89.87839884056427,2025-08-22
I,8,1,2025-08-22,2025-08-29,23.0,25.66975080923025,2.264623263688968,88.58905575045864,2025-08-29
I,8,1,2025-08-29,2025-09-05,0.0,26.201972884283368,2.7968453387420844,89.12127782551175,2025-09-05
J,9,1,2023-02-17,2023-02-24,0.0,2.2762996688058763,0.0,15.87110620752534,2023-02-24
J,9,1,2023-02-24,2023-03-03,2.0,1.6138178225845135,0.0,15.208624361303977,2023-03-03
J,9,1,2023-03-03,2023-03-10,1.0,1.8088917337437582,0.0,15.403698272463222,2023-03-10
J,9,1,2023-03-10,2023-03-17,2.0,1.3972896382125537,0.0,14.992096176932018,2023-03-17
J,9,1,2023-03-17,2023-03-24,3.0,1.730864555946301,0.0,15.325671094665765,2023-03-24
J,9,1,2023-03-24,2023-03-31,0.0,1.6856561614514582,0.0,15.280462700170922,2023-03-31
J,9,1,2023-03-31,2023-04-07,1.0,1.828571354848382,0.0,15.423377893567846,2023-04-07
J,9,1,2023-04-07,2023-04-14,3.0,2.229028509484362,0.0,15.823835048203826,2023-04-14
J,9,1,2023-04-14,2023-04-21,5.0,3.793623610316871,0.0,17.388430149036335,2023-04-21
J,9,1,2023-04-21,2023-04-28,1.0,4.616348296720288,0.0,18.21115483543975,2023-04-28
J,9,1,2023-04-28,2023-05-05,3.0,3.931957795155185,0.0,17.52676433387465,2023-05-05
J,9,1,2023-05-05,2023-05-12,3.0,5.037779110507609,0.0,18.632585649227074,2023-05-12
J,9,1,2023-05-12,2023-05-19,5.0,6.2401552626844214,0.0,19.834961801403885,2023-05-19
J,9,1,2023-05-19,2023-05-26,5.0,7.007449891319918,0.0,20.602256430039382,2023-05-26
J,9,1,2023-05-26,2023-06-02,4.0,8.67405029605131,0.9695924834898211,22.268856834770773,2023-06-02
J,9,1,2023-06-02,2023-06-09,13.0,7.078280108155848,0.0,20.673086646875312,2023-06-09
J,9,1,2023-06-09,2023-06-16,6.0,8.387980986670774,0.6835231741092844,21.982787525390236,2023-06-16
J,9,1,2023-06-16,2023-06-23,6.0,10.285170798894487,2.5807129863329976,23.87997733761395,2023-06-23
J,9,1,2023-06-23,2023-06-30,8.0,9.279353820522418,1.5748960079609287,22.874160359241884,2023-06-30
J,9,1,2023-06-30,2023-07-07,7.0,9.874463498023205,2.1700056854617156,23.46927003674267,2023-07-07
J,9,1,2023-07-07,2023-07-14,7.0,10.046324573094394,2.3418667605329038,23.641131111813856,2023-07-14
J,9,1,2023-07-14,2023-07-21,1.0,8.555022923398734,0.8505651108372447,22.1498294621182,2023-07-21
J,9,1,2023-07-21,2023-07-28,6.0,7.964356067113966,0.2598982545524766,21.55916260583343,2023-07-28
J,9,1,2023-07-28,2023-08-04,3.0,7.9410731437286515,0.2366153311671617,21.535879682448115,2023-08-04
J,9,1,2023-08-04,2023-08-11,17.0,11.415582087445237,3.7111242748837476,25.0103886261647,2023-08-11
J,9,1,2023-08-11,2023-08-18,3.0,13.729678935126381,6.025221122564892,27.324485473845847,2023-08-18
J,9,1,2023-08-18,2023-08-25,6.0,8.486914447603251,0.7824566350417612,22.081720986322715,2023-08-25
J,9,1,2023-08-25,2023-09-01,7.0,9.588384577045247,1.883926764483757,23.18319111576471,2023-09-01
J,9,1,2023-09-01,2023-09-08,10.0,11.060664625919257,0.33098569079287543,24.65547116463872,2023-09-08
J,9,1,2023-09-08,2023-09-15,6.0,9.359920896046727,0.0,22.95472743476619,2023-09-15
J,9,1,2023-09-15,2023-09-22,9.0,9.517380785087544,0.0,23.112187323807007,2023-09-22
J,9,1,2023-09-22,2023-09-29,13.0,8.641886819179753,0.0,22.236693357899217,2023-09-29
J,9,1,2023-09-29,2023-10-06,8.0,11.45389516368897,0.7242162285625877,17.37561505553312,2023-10-06
J,9,1,2023-10-06,2023-10-13,11.0,9.79634360202164,0.0,15.718063493865792,2023-10-13
J,9,1,2023-10-13,2023-10-20,8.0,10.443533453807015,0.0,16.36525334565117,2023-10-20
J,9,1,2023-10-20,2023-10-27,6.0,9.177024979698569,0.0,15.09874487154272,2023-10-27
J,9,1,2023-10-27,2023-11-03,12.0,8.322323981226806,0.0,14.244043873070957,2023-11-03
J,9,1,2023-11-03,2023-11-10,2.0,10.054966524686899,0.0,15.97668641653105,2023-11-10
J,9,1,2023-11-10,2023-11-17,5.0,6.80353199953309,0.0,12.72525189137724,2023-11-17
J,9,1,2023-11-17,2023-11-24,9.0,5.78030645908291,0.0,11.702026350927062,2023-11-24
J,9,1,2023-11-24,2023-12-01,9.0,7.28657176383914,0.0,13.208291655683292,2023-12-01
J,9,1,2023-12-01,2023-12-08,8.0,8.551349495601478,0.0,14.47306938744563,2023-12-08
J,9,1,2023-12-08,2023-12-15,1.0,7.82221012769112,0.0,13.743930019535272,2023-12-15
J,9,1,2023-12-15,2023-12-22,7.0,5.071654471424973,0.0,10.993374363269126,2023-12-22
J,9,1,2023-12-22,2023-12-29,1.0,5.0373167595658375,0.0,10.959036651409988,2023-12-29
J,9,1,2023-12-29,2024-01-05,7.0,4.699752915486441,0.0,10.621472807330592,2024-01-05
J,9,1,2024-01-05,2024-01-12,4.0,4.6262028786309655,0.0,10.547922770475118,2024-01-12
J,9,1,2024-01-12,2024-01-19,6.0,4.158588260849658,0.0,10.08030815269381,2024-01-19
J,9,1,2024-01-19,2024-01-26,6.0,4.322452157573329,0.0,10.24417204941748,2024-01-26
J,9,1,2024-01-26,2024-02-02,7.0,3.997918578416991,0.0,9.919638470261143,2024-02-02
J,9,1,2024-02-02,2024-02-09,9.0,5.042345716280328,0.0,10.964065608124479,2024-02-09
J,9,1,2024-02-09,2024-02-16,12.0,4.300208177241982,0.0,10.221928069086132,2024-02-16
J,9,1,2024-02-16,2024-02-23,8.0,6.635794371119451,0.0,12.557514262963604,2024-02-23
J,9,1,2024-02-23,2024-03-01,9.0,4.774447013771977,0.0,10.696166905616128,2024-03-01
J,9,1,2024-03-01,2024-03-08,3.0,7.498245139556103,0.0,15.198036962314122,2024-03-08
J,9,1,2024-03-08,2024-03-15,4.0,3.9755325766816707,0.0,11.675324399439688,2024-03-15
J,9,1,2024-03-15,2024-03-22,4.0,4.2263784818768535,0.0,11.926170304634873,2024-03-22
J,9,1,2024-03-22,2024-03-29,3.0,3.953892138980427,0.0,11.653683961738444,2024-03-29
J,9,1,2024-03-29,2024-04-05,1.0,2.8020717509636164,0.0,10.501863573721636,2024-04-05
J,9,1,2024-04-05,2024-04-12,4.0,2.2268057875634675,0.0,9.926597610321487,2024-04-12
J,9,1,2024-04-12,2024-04-19,2.0,2.7407840794294103,0.0,10.44057590218743,2024-04-19
J,9,1,2024-04-19,2024-04-26,9.0,2.157111408204589,0.0,9.856903230962608,2024-04-26
J,9,1,2024-04-26,2024-05-03,10.0,3.5452790822592792,0.0,11.245070905017297,2024-05-03
J,9,1,2024-05-03,2024-05-10,2.0,5.027364947835973,0.0,12.727156770593991,2024-05-10
J,9,1,2024-05-10,2024-05-17,5.0,5.063064972597305,0.0,12.762856795355322,2024-05-17
J,9,1,2024-05-17,2024-05-24,4.0,5.283808133406657,0.0,12.983599956164674,2024-05-24
J,9,1,2024-05-24,2024-05-31,5.0,8.642325355425816,0.0,16.342117178183834,2024-05-31
J,9,1,2024-05-31,2024-06-07,6.0,7.969537866969321,0.0,15.66932968972734,2024-06-07
J,9,1,2024-06-07,2024-06-14,15.0,7.522205216839285,0.0,15.221997039597303,2024-06-14
J,9,1,2024-06-14,2024-06-21,18.0,11.071817383970838,0.342138448844457,18.771609206728858,2024-06-21
J,9,1,2024-06-21,2024-06-28,23.0,14.124505732725183,3.3948267975988013,21.824297555483202,2024-06-28
J,9,1,2024-06-28,2024-07-05,12.0,19.139813480922065,8.410134545795684,26.839605303680084,2024-07-05
J,9,1,2024-07-05,2024-07-12,13.0,15.789112267638245,5.059433332511864,23.488904090396264,2024-07-12
J,9,1,2024-07-12,2024-07-19,13.0,16.397823453663523,5.668144518537142,25.27331772093834,2024-07-19
J,9,1,2024-07-19,2024-07-26,30.0,15.997286885863758,5.267607950737377,24.872781153138575,2024-07-26
J,9,1,2024-07-26,2024-08-02,34.0,23.4245239715774,12.694845036451019,32.30001823885222,2024-08-02
J,9,1,2024-08-02,2024-08-09,26.0,27.007904616906778,16.2782256817804,35.883398884181595,2024-08-09
J,9,1,2024-08-09,2024-08-16,23.0,26.41322922941646,15.683550294290077,40.4159423435527,2024-08-16
J,9,1,2024-08-16,2024-08-23,28.0,24.18432886822982,13.454649933103438,38.18704198236606,2024-08-23
J,9,1,2024-08-23,2024-08-30,28.0,25.359732484728877,14.630053549602495,39.36244559886512,2024-08-30
J,9,1,2024-08-30,2024-09-06,27.0,24.154982044355492,13.42530310922911,38.157695158491734,2024-09-06
J,9,1,2024-09-06,2024-09-13,18.0,24.44284284452642,13.71316390940004,38.445555958662666,2024-09-13
J,9,1,2024-09-13,2024-09-20,24.0,21.433194639682597,10.703515704556215,35.43590775381884,2024-09-20
J,9,1,2024-09-20,2024-09-27,20.0,22.670589335443694,11.940910400317312,36.673302449579936,2024-09-27
J,9,1,2024-09-27,2024-10-04,13.0,22.36955672359046,11.639877788464078,36.372269837726705,2024-10-04
J,9,1,2024-10-04,2024-10-11,17.0,17.478414374749057,6.748735439622676,31.4811274888853,2024-10-11
J,9,1,2024-10-11,2024-10-18,24.0,15.960354624133988,7.905388099447089,29.96306773827023,2024-10-18
J,9,1,2024-10-18,2024-10-25,12.0,17.434413393230784,8.064856669640324,31.437126507367026,2024-10-25
J,9,1,2024-10-25,2024-11-01,21.0,15.130783517294166,5.761226793703706,29.133496631430408,2024-11-01
J,9,1,2024-11-01,2024-11-08,31.0,16.491753484723468,7.122196761133008,30.49446659885971,2024-11-08
J,9,1,2024-11-08,2024-11-15,33.0,21.861009846424132,12.491453122833672,35.863722960560374,2024-11-15
J,9,1,2024-11-15,2024-11-22,40.0,23.169887456669898,13.800330733079438,37.17260057080614,2024-11-22
J,9,1,2024-11-22,2024-11-29,25.0,25.846172338690955,16.476615615100496,40.35441885396749,2024-11-29
J,9,1,2024-11-29,2024-12-06,35.0,23.840874163039043,14.471317439448583,38.34912067831557,2024-12-06
J,9,1,2024-12-06,2024-12-13,21.0,27.739717024649785,18.370160301059325,44.56982956797989,2024-12-13
J,9,1,2024-12-13,2024-12-20,20.0,20.443438709527797,11.073881985937337,37.2735512528579,2024-12-20
J,9,1,2024-12-20,2024-12-27,6.0,19.00840506471776,9.6388483411273,35.838517608047866,2024-12-27
J,9,1,2024-12-27,2025-01-03,27.0,13.858554103955143,4.488997380364683,30.688666647285245,2025-01-03
J,9,1,2025-01-03,2025-01-10,28.0,16.876946314962787,7.507389591372327,33.70705885829289,2025-01-10
J,9,1,2025-01-10,2025-01-17,23.0,14.963926151344419,1.9555210866266588,31.79403869467452,2025-01-17
J,9,1,2025-01-17,2025-01-24,27.0,17.274737262167452,4.266332197449692,34.10484980549755,2025-01-24
J,9,1,2025-01-24,2025-01-31,28.0,17.244625739691248,4.236220674973488,34.07473828302135,2025-01-31
J,9,1,2025-01-31,2025-02-07,30.0,19.824947273148183,6.816542208430423,36.655059816478285,2025-02-07
J,9,1,2025-02-07,2025-02-14,87.0,20.467336916077734,7.458931851359974,37.29744945940784,2025-02-14
J,9,1,2025-02-14,2025-02-21,84.0,44.3128270605637,31.30442199584594,61.1429396038938,2025-02-21
J,9,1,2025-02-21,2025-02-28,47.0,35.215862508255476,22.207457443537717,52.04597505158558,2025-02-28
J,9,1,2025-02-28,2025-03-07,49.0,44.272562105059244,31.264157040341484,110.80522518898152,2025-03-07
J,9,1,2025-03-07,2025-03-14,39.0,42.040058850083334,29.031653785365574,108.57272193400561,2025-03-14
J,9,1,2025-03-14,2025-03-21,23.0,33.172805490408706,20.164400425690946,99.70546857433098,2025-03-21
J,9,1,2025-03-21,2025-03-28,14.0,27.14913187764955,14.140726812931788,93.68179496157182,2025-03-28
J,9,1,2025-03-28,2025-04-04,21.0,22.41639460014845,9.40798953543069,88.94905768407072,2025-04-04
J,9,1,2025-04-04,2025-04-11,9.0,18.003215583550435,4.994810518832676,84.5358786674727,2025-04-11
J,9,1,2025-04-11,2025-04-18,19.0,12.744725420181195,0.0,79.27738850410347,2025-04-18
J,9,1,2025-04-18,2025-04-25,11.0,11.370605675964041,0.0,77.90326875988632,2025-04-25
J,9,1,2025-04-25,2025-05-02,12.0,9.812937817521576,0.0,76.34560090144385,2025-05-02
J,9,1,2025-05-02,2025-05-09,9.0,11.43241763184447,0.0,77.96508071576675,2025-05-09
J,9,1,2025-05-09,2025-05-16,5.0,10.117296023122124,0.0,76.6499591070444,2025-05-16
J,9,1,2025-05-16,2025-05-23,6.0,7.303443222303833,0.0,73.8361063062261,2025-05-23
J,9,1,2025-05-23,2025-05-30,7.0,6.699107170027867,0.0,73.23177025395015,2025-05-30
J,9,1,2025-05-30,2025-06-06,6.0,9.524666305152405,0.0,76.05732938907468,2025-06-06
J,9,1,2025-06-06,2025-06-13,16.0,8.172101505312554,0.0,74.70476458923483,2025-06-13
J,9,1,2025-06-13,2025-06-20,20.0,11.963352367676466,0.0,78.49601545159874,2025-06-20
J,9,1,2025-06-20,2025-06-27,23.0,14.409355267524893,1.2602233898753443,80.94201835144716,2025-06-27
J,9,1,2025-06-27,2025-07-04,26.0,16.84395250971358,3.694820632064033,83.37661559363585,2025-07-04
J,9,1,2025-07-04,2025-07-11,35.0,20.11108296661559,6.9619510889660425,86.64374605053786,2025-07-11
J,9,1,2025-07-11,2025-07-18,38.0,27.566977987509738,14.41784610986019,94.09964107143202,2025-07-18
J,9,1,2025-07-18,2025-07-25,23.0,23.77898079490658,10.629848917257032,90.31164387882885,2025-07-25
J,9,1,2025-07-25,2025-08-01,41.0,23.83754274135582,10.68841086370627,90.37020582527809,2025-08-01
J,9,1,2025-08-01,2025-08-08,33.0,30.02966573182379,16.880533854174242,96.56232881574607,2025-08-08
J,9,1,2025-08-08,2025-08-15,27.0,29.86035135886147,16.711219481211923,96.39301444278374,2025-08-15
J,9,1,2025-08-15,2025-08-22,24.0,28.554563453393015,15.405431575743467,95.08722653731529,2025-08-22
J,9,1,2025-08-22,2025-08-29,22.0,23.06790632993887,9.918774452289323,89.60056941386114,2025-08-29
J,9,1,2025-08-29,2025-09-05,0.0,21.44973346242749,8.30060158477794,87.98239654634976,2025-09-05
K,10,1,2023-02-17,2023-02-24,1.0,1.427715580760358,0.0,7.697380146797924,2023-02-24
K,10,1,2023-02-24,2023-03-03,3.0,1.9003823869573413,0.0,8.170046952994907,2023-03-03
K,10,1,2023-03-03,2023-03-10,0.0,2.6797035624971546,0.0,8.94936812853472,2023-03-10
K,10,1,2023-03-10,2023-03-17,0.0,2.0525357785299096,0.0,8.322200344567475,2023-03-17
K,10,1,2023-03-17,2023-03-24,0.0,1.0235820398116378,0.0,7.293246605849204,2023-03-24
K,10,1,2023-03-24,2023-03-31,2.0,0.5836207150761279,0.0,6.853285281113694,2023-03-31
K,10,1,2023-03-31,2023-04-07,4.0,0.6342699298093439,0.0,6.90393449584691,2023-04-07
K,10,1,2023-04-07,2023-04-14,4.0,1.8107049143128098,0.0,8.080369480350376,2023-04-14
K,10,1,2023-04-14,2023-04-21,1.0,1.7819661071430986,0.0,8.051630673180664,2023-04-21
K,10,1,2023-04-21,2023-04-28,0.0,1.1735905171850547,0.0,7.4432550832226205,2023-04-28
K,10,1,2023-04-28,2023-05-05,1.0,1.5317411982516909,0.0,7.801405764289257,2023-05-05
K,10,1,2023-05-05,2023-05-12,3.0,1.6761576347255058,0.0,7.945822200763072,2023-05-12
K,10,1,2023-05-12,2023-05-19,3.0,3.3458840549775033,0.0,9.61554862101507,2023-05-19
K,10,1,2023-05-19,2023-05-26,4.0,3.304002464003389,0.0,9.573667030040955,2023-05-26
K,10,1,2023-05-26,2023-06-02,4.0,4.674997936415129,0.0,10.944662502452694,2023-06-02
K,10,1,2023-06-02,2023-06-09,1.0,4.460757335388412,0.0,10.730421901425977,2023-06-09
K,10,1,2023-06-09,2023-06-16,4.0,2.0012417247640073,0.0,8.270906290801573,2023-06-16
K,10,1,2023-06-16,2023-06-23,7.0,4.309961841240607,0.0,10.579626407278173,2023-06-23
K,10,1,2023-06-23,2023-06-30,0.0,4.835121191784601,0.0,11.104785757822167,2023-06-30
K,10,1,2023-06-30,2023-07-07,4.0,2.6303977554732043,0.0,8.90006232151077,2023-07-07
K,10,1,2023-07-07,2023-07-14,3.0,4.001259120970374,0.0,10.27092368700794,2023-07-14
K,10,1,2023-07-14,2023-07-21,6.0,3.189418927882423,0.0,9.459083493919989,2023-07-21
K,10,1,2023-07-21,2023-07-28,5.0,6.754870236312407,0.9642498263427148,13.024534802349972,2023-07-28
K,10,1,2023-07-28,2023-08-04,6.0,5.785566455704765,0.0,12.05523102174233,2023-08-04
K,10,1,2023-08-04,2023-08-11,7.0,8.234632844897574,2.444012434927881,14.50429741093514,2023-08-11
K,10,1,2023-08-11,2023-08-18,6.0,6.977684882148656,1.1870644721789638,13.247349448186222,2023-08-18
K,10,1,2023-08-18,2023-08-25,6.0,6.68300818491185,0.8923877749421578,12.952672750949416,2023-08-25
K,10,1,2023-08-25,2023-09-01,6.0,7.367968941001288,1.5773485310315953,13.637633507038853,2023-09-01
K,10,1,2023-09-01,2023-09-08,6.0,6.577461808796101,0.7868413988264082,12.847126374833667,2023-09-08
K,10,1,2023-09-08,2023-09-15,10.0,8.455147263026248,2.6645268530565556,14.724811829063814,2023-09-15
K,10,1,2023-09-15,2023-09-22,7.0,9.094503506148767,3.3038830961790744,15.090736441115176,2023-09-22
K,10,1,2023-09-22,2023-09-29,6.0,7.427041155317615,2.591919963533014,13.423274090284025,2023-09-29
K,10,1,2023-09-29,2023-10-06,5.0,6.794013831391184,1.9588926396065833,12.790246766357594,2023-10-06
K,10,1,2023-10-06,2023-10-13,3.0,6.725667718073057,1.890546526288456,12.721900653039466,2023-10-13
K,10,1,2023-10-13,2023-10-20,2.0,4.409975722086611,0.0,10.406208657053021,2023-10-20
K,10,1,2023-10-20,2023-10-27,6.0,2.9239139860430363,0.0,8.920146921009446,2023-10-27
K,10,1,2023-10-27,2023-11-03,7.0,4.035744412504458,0.0,10.031977347470868,2023-11-03
K,10,1,2023-11-03,2023-11-10,4.0,5.009024897162329,0.17390370537772792,11.005257832128738,2023-11-10
K,10,1,2023-11-10,2023-11-17,7.0,3.577927899099162,0.0,9.574160834065571,2023-11-17
K,10,1,2023-11-17,2023-11-24,6.0,4.901679710570063,0.06655851878546226,10.897912645536472,2023-11-24
K,10,1,2023-11-24,2023-12-01,3.0,4.733148033108015,0.0,10.729380968074423,2023-12-01
K,10,1,2023-12-01,2023-12-08,5.0,4.502165718375703,0.0,10.498398653342111,2023-12-08
K,10,1,2023-12-08,2023-12-15,3.0,4.651031583607589,0.0,10.647264518573998,2023-12-15
K,10,1,2023-12-15,2023-12-22,5.0,2.865717938664222,0.0,8.861950873630631,2023-12-22
K,10,1,2023-12-22,2023-12-29,3.0,3.3598473420681465,0.0,9.356080277034556,2023-12-29
K,10,1,2023-12-29,2024-01-05,3.0,3.4122769674827236,0.0,9.408509902449133,2024-01-05
K,10,1,2024-01-05,2024-01-12,5.0,3.77771847775068,0.0,9.77395141271709,2024-01-12
K,10,1,2024-01-12,2024-01-19,4.0,3.447222090365697,0.0,9.443455025332106,2024-01-19
K,10,1,2024-01-19,2024-01-26,6.0,3.2589260844416508,0.0,9.25515901940806,2024-01-26
K,10,1,2024-01-26,2024-02-02,5.0,4.285768680832993,0.0,10.282001615799402,2024-02-02
K,10,1,2024-02-02,2024-02-09,4.0,4.255754877492691,0.0,7.677826978393529,2024-02-09
K,10,1,2024-02-09,2024-02-16,9.0,4.385922189892571,0.0,7.807994290793409,2024-02-16
K,10,1,2024-02-16,2024-02-23,4.0,4.764096165714298,0.0,8.186168266615136,2024-02-23
K,10,1,2024-02-23,2024-03-01,3.0,3.3877900064364876,0.0,6.8098621073373256,2024-03-01
K,10,1,2024-03-01,2024-03-08,5.0,3.345582702388892,0.0,7.959660512496321,2024-03-08
K,10,1,2024-03-08,2024-03-15,7.0,3.0282282856016263,0.0,7.642306095709055,2024-03-15
K,10,1,2024-03-15,2024-03-22,2.0,3.9168357737286943,0.0,8.530913583836124,2024-03-22
K,10,1,2024-03-22,2024-03-29,3.0,2.4251465995237904,0.0,7.0392244096312195,2024-03-29
K,10,1,2024-03-29,2024-04-05,5.0,2.114948072885607,0.0,6.729025882993036,2024-04-05
K,10,1,2024-04-05,2024-04-12,1.0,2.0866536574566332,0.0,6.700731467564062,2024-04-12
K,10,1,2024-04-12,2024-04-19,7.0,1.5009860945407336,0.0,6.115063904648163,2024-04-19
K,10,1,2024-04-19,2024-04-26,3.0,2.4848556356834894,0.0,7.098933445790919,2024-04-26
K,10,1,2024-04-26,2024-05-03,1.0,2.0305132326496604,0.0,6.64459104275709,2024-05-03
K,10,1,2024-05-03,2024-05-10,2.0,3.152067178718127,0.0,8.651081084177394,2024-05-10
K,10,1,2024-05-10,2024-05-17,1.0,1.7848319322774824,0.0,7.283845837736749,2024-05-17
K,10,1,2024-05-17,2024-05-24,2.0,1.4149408083495114,0.0,6.913954713808778,2024-05-24
K,10,1,2024-05-24,2024-05-31,2.0,2.8993602107844474,0.0,8.398374116243714,2024-05-31
K,10,1,2024-05-31,2024-06-07,3.0,2.7411482673522816,0.0,8.240162172811548,2024-06-07
K,10,1,2024-06-07,2024-06-14,3.0,3.7603287344909972,0.0,9.259342639950264,2024-06-14
K,10,1,2024-06-14,2024-06-21,4.0,3.6064233620605624,0.0,9.105437267519829,2024-06-21
K,10,1,2024-06-21,2024-06-28,4.0,3.8374113407441293,0.0,9.336425246203396,2024-06-28
K,10,1,2024-06-28,2024-07-05,7.0,5.09332439180264,0.2582032000180394,10.592338297261907,2024-07-05
K,10,1,2024-07-05,2024-07-12,8.0,5.6284927436886845,0.7933715519040838,11.12750664914795,2024-07-12
K,10,1,2024-07-12,2024-07-19,8.0,6.786158863570685,1.951037671786084,12.285172769029952,2024-07-19
K,10,1,2024-07-19,2024-07-26,5.0,5.930715388751495,1.0955941969668945,11.429729294210762,2024-07-26
K,10,1,2024-07-26,2024-08-02,16.0,8.632710698046566,3.797589506261965,14.131724603505832,2024-08-02
K,10,1,2024-08-02,2024-08-09,23.0,11.409012932082925,6.573891740298325,16.90802683754219,2024-08-09
K,10,1,2024-08-09,2024-08-16,17.0,16.24011239350146,11.404991201716857,21.739126298960727,2024-08-16
K,10,1,2024-08-16,2024-08-23,12.0,14.057889745915118,9.222768554130518,21.425179047868554,2024-08-23
K,10,1,2024-08-23,2024-08-30,13.0,13.545825655151516,9.82015793707846,25.13681272306859,2024-08-30
K,10,1,2024-08-30,2024-09-06,15.0,11.17927567526653,7.453607957193473,22.770262743183604,2024-09-06
K,10,1,2024-09-06,2024-09-13,25.0,13.42901592901275,9.703348210939694,25.020002996929826,2024-09-13
K,10,1,2024-09-13,2024-09-20,20.0,18.032462111484715,14.306794393411659,29.62344917940179,2024-09-20
K,10,1,2024-09-20,2024-09-27,19.0,17.40142468538796,13.675756967314902,28.992411753305035,2024-09-27
K,10,1,2024-09-27,2024-10-04,16.0,17.77089893483367,14.045231216760614,29.361886002750744,2024-10-04
K,10,1,2024-10-04,2024-10-11,16.0,14.612929096077595,10.887261378004538,26.20391616399467,2024-10-11
K,10,1,2024-10-11,2024-10-18,23.0,13.504728926219308,9.779061208146251,25.095715994136384,2024-10-18
K,10,1,2024-10-18,2024-10-25,13.0,15.819381519573017,12.09371380149996,27.41036858749009,2024-10-25
K,10,1,2024-10-25,2024-11-01,16.0,12.671907821755445,8.946240103682388,24.26289488967252,2024-11-01
K,10,1,2024-11-01,2024-11-08,28.0,14.002370393711125,10.276702675638068,25.5933574616282,2024-11-08
K,10,1,2024-11-08,2024-11-15,20.0,19.748167022389616,16.02249930431656,31.339154090306693,2024-11-15
K,10,1,2024-11-15,2024-11-22,36.0,16.721776477911774,12.996108759838718,28.31276354582885,2024-11-22
K,10,1,2024-11-22,2024-11-29,29.0,22.817884216066677,19.09221649799362,36.815513822355555,2024-11-29
K,10,1,2024-11-29,2024-12-06,32.0,22.997734780921544,19.272067062848485,36.995364387210415,2024-12-06
K,10,1,2024-12-06,2024-12-13,22.0,24.296987428641206,21.47760590906819,43.57521095072943,2024-12-13
K,10,1,2024-12-13,2024-12-20,16.0,18.17876491510186,15.359383395528841,37.456988437190084,2024-12-20
K,10,1,2024-12-20,2024-12-27,5.0,14.836505918913463,12.017124399340446,34.114729441001685,2024-12-27
K,10,1,2024-12-27,2025-01-03,25.0,9.273133478586608,6.453751959013591,28.551357000674834,2025-01-03
K,10,1,2025-01-03,2025-01-10,30.0,13.33520991807983,10.515828398506812,32.61343344016805,2025-01-10
K,10,1,2025-01-10,2025-01-17,21.0,15.100704037528534,5.26419811861507,34.378927559616756,2025-01-17
K,10,1,2025-01-17,2025-01-24,14.0,15.991417714498025,6.154911795584562,35.26964123658625,2025-01-24
K,10,1,2025-01-24,2025-01-31,32.0,12.000343883408938,2.1638379644954746,31.278567405497164,2025-01-31
K,10,1,2025-01-31,2025-02-07,22.0,18.65105700403949,8.814551085126027,37.92928052612771,2025-02-07
K,10,1,2025-02-07,2025-02-14,60.0,15.665719693423625,5.829213774510162,34.94394321551185,2025-02-14
K,10,1,2025-02-14,2025-02-21,60.0,31.21342423186187,21.37691831294841,51.213080348452934,2025-02-21
K,10,1,2025-02-21,2025-02-28,29.0,26.359003750965485,16.52249783205202,46.35865986755655,2025-02-28
K,10,1,2025-02-28,2025-03-07,23.0,29.06308866476259,19.226582745849125,73.39736897133896,2025-03-07
K,10,1,2025-03-07,2025-03-14,15.0,24.11980299672447,14.283297077811007,68.45408330330085,2025-03-14
K,10,1,2025-03-14,2025-03-21,19.0,16.3386549442433,6.502149025329835,60.67293525081968,2025-03-21
K,10,1,2025-03-21,2025-03-28,15.0,14.467686298662507,4.631180379749043,58.80196660523888,2025-03-28
K,10,1,2025-03-28,2025-04-04,20.0,12.29916392570496,2.4626580067914965,56.633444232281335,2025-04-04
K,10,1,2025-04-04,2025-04-11,8.0,12.911724652269328,3.0752187333558645,57.2460049588457,2025-04-11
K,10,1,2025-04-11,2025-04-18,10.0,7.460469554825806,0.0,51.79474986140218,2025-04-18
K,10,1,2025-04-18,2025-04-25,9.0,7.011780913455415,0.0,51.34606122003179,2025-04-25
K,10,1,2025-04-25,2025-05-02,5.0,6.338950614143677,0.0,50.67323092072005,2025-05-02
K,10,1,2025-05-02,2025-05-09,6.0,4.845727604333166,0.0,49.18000791090954,2025-05-09
K,10,1,2025-05-09,2025-05-16,8.0,4.846826452450833,0.0,49.18110675902721,2025-05-16
K,10,1,2025-05-16,2025-05-23,7.0,4.57080870266156,0.0,48.90508900923793,2025-05-23
K,10,1,2025-05-23,2025-05-30,10.0,4.145160337655481,0.0,48.47944064423186,2025-05-30
K,10,1,2025-05-30,2025-06-06,5.0,7.600751173447086,0.0,51.93503148002346,2025-06-06
K,10,1,2025-06-06,2025-06-13,10.0,5.834529797019701,0.0,50.16881010359607,2025-06-13
K,10,1,2025-06-13,2025-06-20,8.0,8.246243957155913,0.0,52.580524263732286,2025-06-20
K,10,1,2025-06-20,2025-06-27,15.0,7.852089192809388,0.0,52.18636949938576,2025-06-27
K,10,1,2025-06-27,2025-07-04,15.0,9.918102478926365,0.08159656001290116,54.25238278550274,2025-07-04
K,10,1,2025-07-04,2025-07-11,22.0,11.824591429297897,1.9880855103844333,56.15887173587427,2025-07-11
K,10,1,2025-07-11,2025-07-18,22.0,16.459830220061754,6.6233243011482905,60.79411052663813,2025-07-18
K,10,1,2025-07-18,2025-07-25,28.0,15.53967507038012,5.703169151466657,59.873955376956495,2025-07-25
K,10,1,2025-07-25,2025-08-01,29.0,20.861112343282418,11.024606424368955,65.19539264985879,2025-08-01
K,10,1,2025-08-01,2025-08-08,21.0,24.232436034846266,14.395930115932803,68.56671634142265,2025-08-08
K,10,1,2025-08-08,2025-08-15,18.0,20.44229414434424,10.605788225430775,64.7765744509206,2025-08-15
K,10,1,2025-08-15,2025-08-22,17.0,19.23268925719706,9.396183338283596,63.56696956377343,2025-08-22
K,10,1,2025-08-22,2025-08-29,14.0,14.944274755891158,5.107768836977694,59.27855506246753,2025-08-29
K,10,1,2025-08-29,2025-09-05,0.0,13.526375873938784,3.689869955025321,57.86065618051516,2025-09-05
L,11,1,2023-02-17,2023-02-24,0.0,3.6484695757688606,0.0,9.943877904700463,2023-02-24
L,11,1,2023-02-24,2023-03-03,0.0,1.9841532672530047,0.0,8.279561596184607,2023-03-03
L,11,1,2023-03-03,2023-03-10,1.0,1.5172491740405665,0.0,7.8126575029721685,2023-03-10
L,11,1,2023-03-10,2023-03-17,5.0,1.5331388918674165,0.0,7.8285472207990185,2023-03-17
L,11,1,2023-03-17,2023-03-24,3.0,2.047772089025994,0.0,8.343180417957596,2023-03-24
L,11,1,2023-03-24,2023-03-31,0.0,1.7422958002372706,0.0,8.037704129168873,2023-03-31
L,11,1,2023-03-31,2023-04-07,0.0,1.3639476484883026,0.0,7.659355977419905,2023-04-07
L,11,1,2023-04-07,2023-04-14,1.0,1.0553118023948667,0.0,7.350720131326469,2023-04-14
L,11,1,2023-04-14,2023-04-21,0.0,0.5466942604326412,0.0,6.842102589364243,2023-04-21
L,11,1,2023-04-21,2023-04-28,1.0,0.49202243176678273,0.0,6.787430760698385,2023-04-28
L,11,1,2023-04-28,2023-05-05,1.0,0.6812584835270439,0.0,6.976666812458646,2023-05-05
L,11,1,2023-05-05,2023-05-12,0.0,0.7914051870704029,0.0,7.086813516002005,2023-05-12
L,11,1,2023-05-12,2023-05-19,3.0,0.9889015209797591,0.0,7.284309849911361,2023-05-19
L,11,1,2023-05-19,2023-05-26,4.0,2.279528238006371,0.0,8.574936566937973,2023-05-26
L,11,1,2023-05-26,2023-06-02,5.0,3.9686246669338416,0.0,10.264032995865444,2023-06-02
L,11,1,2023-06-02,2023-06-09,2.0,4.2538152420228705,0.0,10.549223570954473,2023-06-09
L,11,1,2023-06-09,2023-06-16,3.0,4.122515104779204,0.0,10.417923433710806,2023-06-16
L,11,1,2023-06-16,2023-06-23,2.0,3.619740507028144,0.0,9.915148835959746,2023-06-23
L,11,1,2023-06-23,2023-06-30,2.0,2.671007333868829,0.0,8.966415662800431,2023-06-30
L,11,1,2023-06-30,2023-07-07,4.0,1.711469057954691,0.0,8.006877386886293,2023-07-07
L,11,1,2023-07-07,2023-07-14,2.0,3.137128973392608,0.0,9.43253730232421,2023-07-14
L,11,1,2023-07-14,2023-07-21,5.0,3.143204903771357,0.0,9.43861323270296,2023-07-21
L,11,1,2023-07-21,2023-07-28,0.0,4.650568818165635,0.0,10.945977147097237,2023-07-28
L,11,1,2023-07-28,2023-08-04,4.0,4.0319824099758215,0.0,10.327390738907424,2023-08-04
L,11,1,2023-08-04,2023-08-11,7.0,7.490324767828798,2.60415176789079,13.7857330967604,2023-08-11
L,11,1,2023-08-11,2023-08-18,6.0,6.321030053563346,1.434857053625338,12.616438382494948,2023-08-18
L,11,1,2023-08-18,2023-08-25,3.0,5.1055158051536,0.21934280521559213,11.400924134085201,2023-08-25
L,11,1,2023-08-25,2023-09-01,5.0,6.1580708260233195,1.2718978260853113,12.453479154954922,2023-09-01
L,11,1,2023-09-01,2023-09-08,3.0,7.053294502223687,2.1671215022856787,13.34870283115529,2023-09-08
L,11,1,2023-09-08,2023-09-15,7.0,4.844672488400279,0.0,11.140080817331881,2023-09-15
L,11,1,2023-09-15,2023-09-22,2.0,5.060538898136036,0.17436589819802784,11.355947227067638,2023-09-22
L,11,1,2023-09-22,2023-09-29,1.0,4.609512878822336,0.0,10.904921207753938,2023-09-29
L,11,1,2023-09-29,2023-10-06,7.0,3.6967808928446413,0.0,9.992189221776243,2023-10-06
L,11,1,2023-10-06,2023-10-13,8.0,4.235141302161715,0.0,10.530549631093317,2023-10-13
L,11,1,2023-10-13,2023-10-20,4.0,5.127111463583843,0.2409384636458345,11.422519792515445,2023-10-20
L,11,1,2023-10-20,2023-10-27,3.0,5.570411393656929,0.6842383937189211,9.57904141927148,2023-10-27
L,11,1,2023-10-27,2023-11-03,8.0,4.071125235322157,0.0,8.079755260936707,2023-11-03
L,11,1,2023-11-03,2023-11-10,5.0,4.929456991640411,0.0432839917024026,8.938087017254961,2023-11-10
L,11,1,2023-11-10,2023-11-17,5.0,3.9211488176895593,0.0,7.92977884330411,2023-11-17
L,11,1,2023-11-17,2023-11-24,4.0,3.8270998670925476,0.0,7.835729892707098,2023-11-24
L,11,1,2023-11-24,2023-12-01,6.0,3.130457293868794,0.0,7.139087319483345,2023-12-01
L,11,1,2023-12-01,2023-12-08,3.0,4.2390990789282395,0.0,8.24772910454279,2023-12-08
L,11,1,2023-12-08,2023-12-15,1.0,3.164707571890842,0.0,7.173337597505393,2023-12-15
L,11,1,2023-12-15,2023-12-22,2.0,2.6174256159517046,0.0,6.626055641566255,2023-12-22
L,11,1,2023-12-22,2023-12-29,7.0,1.8900092090611214,0.0,5.898639234675672,2023-12-29
L,11,1,2023-12-29,2024-01-05,3.0,3.6198837803397463,0.0,7.628513805954297,2024-01-05
L,11,1,2024-01-05,2024-01-12,3.0,2.4596713773531267,0.0,6.468301402967677,2024-01-12
L,11,1,2024-01-12,2024-01-19,8.0,2.5944523948478295,0.0,7.704443185786708,2024-01-19
L,11,1,2024-01-19,2024-01-26,1.0,3.626164722740798,0.0,8.736155513679677,2024-01-26
L,11,1,2024-01-26,2024-02-02,3.0,2.508094530337152,0.0,7.61808532127603,2024-02-02
L,11,1,2024-02-02,2024-02-09,3.0,3.0025405308040174,0.0,8.408088135956188,2024-02-09
L,11,1,2024-02-09,2024-02-16,3.0,2.1062221396731395,0.0,7.51176974482531,2024-02-16
L,11,1,2024-02-16,2024-02-23,6.0,2.059931310832777,0.0,7.4654789159849475,2024-02-23
L,11,1,2024-02-23,2024-03-01,2.0,2.5817248843052916,0.0,7.987272489457462,2024-03-01
L,11,1,2024-03-01,2024-03-08,2.0,2.417891924455766,0.0,7.823439529607937,2024-03-08
L,11,1,2024-03-08,2024-03-15,2.0,1.9548771868719719,0.0,7.360424792024142,2024-03-15
L,11,1,2024-03-15,2024-03-22,0.0,1.5425652287120108,0.0,6.948112833864181,2024-03-22
L,11,1,2024-03-22,2024-03-29,1.0,0.7780635932028677,0.0,6.183611198355038,2024-03-29
L,11,1,2024-03-29,2024-04-05,1.0,0.46034142510164955,0.0,5.86588903025382,2024-04-05
L,11,1,2024-04-05,2024-04-12,1.0,0.7571619511614482,0.0,6.162709556313619,2024-04-12
L,11,1,2024-04-12,2024-04-19,2.0,1.031850713009927,0.0,6.4373983181620975,2024-04-19
L,11,1,2024-04-19,2024-04-26,1.0,2.2653991355645164,0.0,7.670946740716687,2024-04-26
L,11,1,2024-04-26,2024-05-03,0.0,1.4041428241850369,0.0,6.809690429337207,2024-05-03
L,11,1,2024-05-03,2024-05-10,0.0,2.15079896766127,0.0,7.556346572813441,2024-05-10
L,11,1,2024-05-10,2024-05-17,0.0,1.5886714400134352,0.0,6.994219045165606,2024-05-17
L,11,1,2024-05-17,2024-05-24,2.0,0.5756470301180077,0.0,5.981194635270178,2024-05-24
L,11,1,2024-05-24,2024-05-31,2.0,2.5380425707823306,0.0,7.943590175934501,2024-05-31
L,11,1,2024-05-31,2024-06-07,2.0,1.378843672140194,0.0,6.7843912772923645,2024-06-07
L,11,1,2024-06-07,2024-06-14,0.0,2.670122996633589,0.0,8.07567060178576,2024-06-14
L,11,1,2024-06-14,2024-06-21,1.0,2.2250398186892504,0.0,7.630587423841421,2024-06-21
L,11,1,2024-06-21,2024-06-28,0.0,2.1903474953769777,0.0,7.595895100529148,2024-06-28
L,11,1,2024-06-28,2024-07-05,2.0,1.188829403031562,0.0,6.5943770081837325,2024-07-05
L,11,1,2024-07-05,2024-07-12,2.0,1.667672118316295,0.0,7.0732197234684655,2024-07-12
L,11,1,2024-07-12,2024-07-19,3.0,2.9254521183794626,0.0,8.330999723531633,2024-07-19
L,11,1,2024-07-19,2024-07-26,5.0,4.937777893065822,0.2872090749001872,10.343325498217993,2024-07-26
L,11,1,2024-07-26,2024-08-02,5.0,4.972016449912971,0.32144763174733626,10.377564055065141,2024-08-02
L,11,1,2024-08-02,2024-08-09,3.0,4.610753428042402,0.0,10.016301033194573,2024-08-09
L,11,1,2024-08-09,2024-08-16,4.0,4.154486105572207,0.0,9.560033710724378,2024-08-16
L,11,1,2024-08-16,2024-08-23,3.0,3.8159424709018914,0.0,9.221490076054062,2024-08-23
L,11,1,2024-08-23,2024-08-30,4.0,4.522683008484796,0.0,9.928230613636966,2024-08-30
L,11,1,2024-08-30,2024-09-06,6.0,4.370086539243631,0.0,9.775634144395802,2024-09-06
L,11,1,2024-09-06,2024-09-13,12.0,5.4347895774691555,0.7842207593035209,10.840337182621326,2024-09-13
L,11,1,2024-09-13,2024-09-20,4.0,8.038404616543277,3.387835798377642,13.443952221695447,2024-09-20
L,11,1,2024-09-20,2024-09-27,1.0,5.870172773201224,1.8168782709775373,11.275720378353395,2024-09-27
L,11,1,2024-09-27,2024-10-04,4.0,4.952194020576547,0.8988995183528603,11.517404443107392,2024-10-04
L,11,1,2024-10-04,2024-10-11,10.0,5.1629857305967715,1.1096912283730846,11.728196153127616,2024-10-11
L,11,1,2024-10-11,2024-10-18,4.0,5.681143138234382,0.8109703650331577,12.246353560765225,2024-10-18
L,11,1,2024-10-18,2024-10-25,5.0,4.118883567834542,0.0,10.684093990365387,2024-10-25
L,11,1,2024-10-25,2024-11-01,10.0,5.077324027003649,0.20715125380242494,11.642534449534494,2024-11-01
L,11,1,2024-11-01,2024-11-08,6.0,6.693381774779621,1.8232090015783973,13.258592197310467,2024-11-08
L,11,1,2024-11-08,2024-11-15,8.0,5.884634610403114,1.0144618372018899,12.449845032933958,2024-11-15
L,11,1,2024-11-15,2024-11-22,15.0,6.040944653909347,1.1707718807081227,12.606155076440192,2024-11-22
L,11,1,2024-11-22,2024-11-29,7.0,7.657204016808017,2.787031243606793,14.222414439338863,2024-11-29
L,11,1,2024-11-29,2024-12-06,12.0,7.318643908240503,2.448471135039279,13.883854330771348,2024-12-06
L,11,1,2024-12-06,2024-12-13,12.0,8.080077008651411,3.209904235450187,17.039132354742065,2024-12-13
L,11,1,2024-12-13,2024-12-20,16.0,7.058111502118328,2.1879387289171035,16.01716684820898,2024-12-20
L,11,1,2024-12-20,2024-12-27,5.0,9.876091653971045,5.005918880769821,18.8351470000617,2024-12-27
L,11,1,2024-12-27,2025-01-03,8.0,7.368150680275739,2.4979779070745147,16.327206026366394,2025-01-03
L,11,1,2025-01-03,2025-01-10,9.0,6.350424849188277,1.4802520759870532,15.309480195278931,2025-01-10
L,11,1,2025-01-10,2025-01-17,14.0,6.015468270353043,1.1393766163819983,14.974523616443697,2025-01-17
L,11,1,2025-01-17,2025-01-24,6.0,7.866634316022718,2.9905426620516726,16.825689662113373,2025-01-24
L,11,1,2025-01-24,2025-01-31,13.0,5.802419483560741,0.9263278295896962,14.761474829651394,2025-01-31
L,11,1,2025-01-31,2025-02-07,9.0,7.868786567660055,2.99269491368901,16.82784191375071,2025-02-07
L,11,1,2025-02-07,2025-02-14,29.0,7.4344232561884045,2.5583316022173594,16.39347860227906,2025-02-14
L,11,1,2025-02-14,2025-02-21,10.0,14.235485556661612,9.359393902690567,23.194540902752266,2025-02-21
L,11,1,2025-02-21,2025-02-28,12.0,8.190847721510647,3.3147560675396015,17.1499030676013,2025-02-28
L,11,1,2025-02-28,2025-03-07,8.0,10.511432071561961,5.635340417590916,32.07700881537356,2025-03-07
L,11,1,2025-03-07,2025-03-14,7.0,8.064969281217012,3.188877627245967,29.630546025028607,2025-03-14
L,11,1,2025-03-14,2025-03-21,7.0,5.941718634930924,1.0656269809598786,27.50729537874252,2025-03-21
L,11,1,2025-03-21,2025-03-28,7.0,4.964385170611333,0.08829351664028806,26.52996191442293,2025-03-28
L,11,1,2025-03-28,2025-04-04,9.0,4.682570327964508,0.0,26.248147071776106,2025-04-04
L,11,1,2025-04-04,2025-04-11,8.0,4.864910346739509,0.0,26.430487090551107,2025-04-11
L,11,1,2025-04-11,2025-04-18,4.0,4.152827878480718,0.0,25.718404622292315,2025-04-18
L,11,1,2025-04-18,2025-04-25,4.0,3.091284119092059,0.0,24.656860862903656,2025-04-25
L,11,1,2025-04-25,2025-05-02,2.0,2.9836547728948535,0.0,24.54923151670645,2025-05-02
L,11,1,2025-05-02,2025-05-09,3.0,2.467538030031392,0.0,24.03311477384299,2025-05-09
L,11,1,2025-05-09,2025-05-16,5.0,1.8882525153537362,0.0,23.45382925916533,2025-05-16
L,11,1,2025-05-16,2025-05-23,1.0,2.8993209946887415,0.0,24.46489773850034,2025-05-23
L,11,1,2025-05-23,2025-05-30,2.0,1.6645199647793625,0.0,23.23009670859096,2025-05-30
L,11,1,2025-05-30,2025-06-06,6.0,3.082470740797648,0.0,24.648047484609243,2025-06-06
L,11,1,2025-06-06,2025-06-13,4.0,4.15605331264379,0.0,25.72163005645539,2025-06-13
L,11,1,2025-06-13,2025-06-20,1.0,3.74188410466844,0.0,25.307460848480037,2025-06-20
L,11,1,2025-06-20,2025-06-27,3.0,3.575130112172671,0.0,25.14070685598427,2025-06-27
L,11,1,2025-06-27,2025-07-04,8.0,3.7820796032646307,0.0,25.347656347076228,2025-07-04
L,11,1,2025-07-04,2025-07-11,7.0,6.260000739583631,1.3839090856125855,27.82557748339523,2025-07-11
L,11,1,2025-07-11,2025-07-18,12.0,6.140170221519154,1.2640785675481085,27.70574696533075,2025-07-18
L,11,1,2025-07-18,2025-07-25,11.0,8.94823676864693,4.072145114675886,30.513813512458526,2025-07-25
L,11,1,2025-07-25,2025-08-01,11.0,16.01606204013726,11.139970386166215,37.58163878394886,2025-08-01
L,11,1,2025-08-01,2025-08-08,14.0,9.375836540313276,4.499744886342231,30.941413284124874,2025-08-08
L,11,1,2025-08-08,2025-08-15,12.0,10.680793871709188,5.804702217738143,32.24637061552079,2025-08-15
L,11,1,2025-08-15,2025-08-22,10.0,10.862460573090718,5.846398532953458,32.42803731690232,2025-08-22
L,11,1,2025-08-22,2025-08-29,8.0,9.875890757066696,4.859828716929435,31.441467500878293,2025-08-29
L,11,1,2025-08-29,2025-09-05,0.0,8.799188028525078,3.783125988387818,30.364764772336677,2025-09-05
M,12,1,2023-02-17,2023-02-24,5.0,3.694761679707282,0.0,11.420367488065672,2023-02-24
M,12,1,2023-02-24,2023-03-03,3.0,3.363856534651065,0.0,11.089462343009455,2023-03-03
M,12,1,2023-03-03,2023-03-10,0.0,2.728436198254002,0.0,10.45404200661239,2023-03-10
M,12,1,2023-03-10,2023-03-17,5.0,1.7690567819735978,0.0,9.494662590331988,2023-03-17
M,12,1,2023-03-17,2023-03-24,2.0,2.6045326855116464,0.0,10.330138493870034,2023-03-24
M,12,1,2023-03-24,2023-03-31,2.0,1.7304568007055945,0.0,9.456062609063984,2023-03-31
M,12,1,2023-03-31,2023-04-07,2.0,1.7805914837817856,0.0,9.506197292140175,2023-04-07
M,12,1,2023-04-07,2023-04-14,2.0,1.9653526424531034,0.0,9.690958450811493,2023-04-14
M,12,1,2023-04-14,2023-04-21,1.0,2.996526066069226,0.0,10.722131874427614,2023-04-21
M,12,1,2023-04-21,2023-04-28,2.0,1.6996318857759132,0.0,9.425237694134303,2023-04-28
M,12,1,2023-04-28,2023-05-05,4.0,2.2163194479167068,0.0,9.941925256275095,2023-05-05
M,12,1,2023-05-05,2023-05-12,4.0,3.0318667348309436,0.0,10.757472543189333,2023-05-12
M,12,1,2023-05-12,2023-05-19,2.0,4.004175090703342,0.0,11.72978089906173,2023-05-19
M,12,1,2023-05-19,2023-05-26,2.0,3.905196083245329,0.0,11.630801891603717,2023-05-26
M,12,1,2023-05-26,2023-06-02,6.0,5.049084246223058,0.0,12.774690054581447,2023-06-02
M,12,1,2023-06-02,2023-06-09,7.0,4.676368900008586,0.0,12.401974708366975,2023-06-09
M,12,1,2023-06-09,2023-06-16,2.0,6.0184403182107795,0.212953656514828,13.744046126569168,2023-06-16
M,12,1,2023-06-16,2023-06-23,3.0,4.46897996838603,0.0,12.194585776744418,2023-06-23
M,12,1,2023-06-23,2023-06-30,3.0,4.424628289014806,0.0,12.150234097373195,2023-06-30
M,12,1,2023-06-30,2023-07-07,10.0,3.6299030729536383,0.0,11.355508881312026,2023-07-07
M,12,1,2023-07-07,2023-07-14,8.0,6.927188254076752,1.1217015923808002,14.652794062435142,2023-07-14
M,12,1,2023-07-14,2023-07-21,6.0,6.989123645049378,1.1836369833534262,14.714729453407767,2023-07-21
M,12,1,2023-07-21,2023-07-28,8.0,9.255843730314737,3.4503570686187857,16.981449538673125,2023-07-28
M,12,1,2023-07-28,2023-08-04,8.0,9.03051218038403,3.225025518688078,16.756117988742417,2023-08-04
M,12,1,2023-08-04,2023-08-11,14.0,13.001238331491987,7.195751669796035,20.726844139850375,2023-08-11
M,12,1,2023-08-11,2023-08-18,7.0,11.428563953681016,5.623077291985064,19.154169762039405,2023-08-18
M,12,1,2023-08-18,2023-08-25,10.0,9.099858157024823,3.294371495328871,15.469955084071184,2023-08-25
M,12,1,2023-08-25,2023-09-01,9.0,11.269771358020984,6.253852634679537,17.639868285067344,2023-09-01
M,12,1,2023-09-01,2023-09-08,10.0,10.520230011869513,5.504311288528066,16.890326938915877,2023-09-08
M,12,1,2023-09-08,2023-09-15,4.0,10.20016790626565,5.184249182924202,16.57026483331201,2023-09-15
M,12,1,2023-09-15,2023-09-22,7.0,8.019782697179952,3.003863973838505,14.389879624226314,2023-09-22
M,12,1,2023-09-22,2023-09-29,5.0,7.735566762640011,2.719648039298564,14.105663689686374,2023-09-29
M,12,1,2023-09-29,2023-10-06,9.0,5.498135343204797,0.0,11.86823227025116,2023-10-06
M,12,1,2023-10-06,2023-10-13,6.0,6.727347712041318,0.5271798057756687,13.09744463908768,2023-10-13
M,12,1,2023-10-13,2023-10-20,9.0,6.301262913893379,0.1010950076277295,12.67135984093974,2023-10-20
M,12,1,2023-10-20,2023-10-27,7.0,7.713508988400136,1.5133410821344864,14.083605915446498,2023-10-27
M,12,1,2023-10-27,2023-11-03,8.0,6.215597873274806,0.015429967009156442,12.585694800321168,2023-11-03
M,12,1,2023-11-03,2023-11-10,4.0,6.854469115354642,0.6543012090889926,13.224566042401005,2023-11-10
M,12,1,2023-11-10,2023-11-17,7.0,4.783543329288851,0.0,11.153640256335212,2023-11-17
M,12,1,2023-11-17,2023-11-24,5.0,5.109446083441566,0.0,11.479543010487927,2023-11-24
M,12,1,2023-11-24,2023-12-01,6.0,4.377987664714547,0.0,10.748084591760907,2023-12-01
M,12,1,2023-12-01,2023-12-08,5.0,4.8118160627391795,0.0,11.181912989785541,2023-12-08
M,12,1,2023-12-08,2023-12-15,5.0,4.537656529272297,0.0,10.907753456318659,2023-12-15
M,12,1,2023-12-15,2023-12-22,2.0,4.244475184224189,0.0,10.614572111270551,2023-12-22
M,12,1,2023-12-22,2023-12-29,5.0,3.0755970941350963,0.0,9.445694021181458,2023-12-29
M,12,1,2023-12-29,2024-01-05,7.0,3.9445704992446604,0.0,10.314667426291022,2024-01-05
M,12,1,2024-01-05,2024-01-12,7.0,4.412736985625591,0.0,10.782833912671952,2024-01-12
M,12,1,2024-01-12,2024-01-19,6.0,4.753206029933393,0.0,11.123302956979755,2024-01-19
M,12,1,2024-01-19,2024-01-26,5.0,4.620414205294927,0.0,10.99051113234129,2024-01-26
M,12,1,2024-01-26,2024-02-02,5.0,4.343510451070024,0.0,10.713607378116386,2024-02-02
M,12,1,2024-02-02,2024-02-09,7.0,3.8345841469681226,0.0,10.204681074014484,2024-02-09
M,12,1,2024-02-09,2024-02-16,4.0,4.513721748538246,0.0,10.883818675584607,2024-02-16
M,12,1,2024-02-16,2024-02-23,4.0,2.898548564160059,0.0,9.26864549120642,2024-02-23
M,12,1,2024-02-23,2024-03-01,4.0,2.6265347926150184,0.0,8.99663171966138,2024-03-01
M,12,1,2024-03-01,2024-03-08,4.0,3.136048810581814,0.0,9.506145737628175,2024-03-08
M,12,1,2024-03-08,2024-03-15,2.0,2.872914274717729,0.0,9.24301120176409,2024-03-15
M,12,1,2024-03-15,2024-03-22,1.0,2.078381201758498,0.0,8.44847812880486,2024-03-22
M,12,1,2024-03-22,2024-03-29,2.0,1.3351929838136023,0.0,7.705289910859964,2024-03-29
M,12,1,2024-03-29,2024-04-05,0.0,1.087942842880505,0.0,7.458039769926867,2024-04-05
M,12,1,2024-04-05,2024-04-12,1.0,0.7441070711447288,0.0,7.1142039981910905,2024-04-12
M,12,1,2024-04-12,2024-04-19,5.0,0.6650395161834375,0.0,7.035136443229799,2024-04-19
M,12,1,2024-04-19,2024-04-26,2.0,2.6631126123012887,0.0,9.03320953934765,2024-04-26
M,12,1,2024-04-26,2024-05-03,1.0,2.798843540822114,0.0,9.168940467868476,2024-05-03
M,12,1,2024-05-03,2024-05-10,2.0,3.0868073494672768,0.0,9.456904276513638,2024-05-10
M,12,1,2024-05-10,2024-05-17,1.0,2.43239355553221,0.0,8.802490482578571,2024-05-17
M,12,1,2024-05-17,2024-05-24,2.0,1.8905884155313455,0.0,8.260685342577707,2024-05-24
M,12,1,2024-05-24,2024-05-31,5.0,4.197424133712564,0.0,10.567521060758926,2024-05-31
M,12,1,2024-05-31,2024-06-07,4.0,3.3422844251101864,0.0,9.712381352156548,2024-06-07
M,12,1,2024-06-07,2024-06-14,2.0,4.142540863019441,0.0,10.512637790065803,2024-06-14
M,12,1,2024-06-14,2024-06-21,4.0,3.8151747850197317,0.0,10.185271712066093,2024-06-21
M,12,1,2024-06-21,2024-06-28,3.0,4.016756276504815,0.0,10.386853203551176,2024-06-28
M,12,1,2024-06-28,2024-07-05,4.0,3.6505692700050325,0.0,10.020666197051394,2024-07-05
M,12,1,2024-07-05,2024-07-12,8.0,4.742579986309675,0.0,11.112676913356037,2024-07-12
M,12,1,2024-07-12,2024-07-19,4.0,6.3913004773917494,0.19113257112609983,12.76139740443811,2024-07-19
M,12,1,2024-07-19,2024-07-26,8.0,7.813439756716668,1.6132718504510182,14.18353668376303,2024-07-26
M,12,1,2024-07-26,2024-08-02,13.0,7.118102277040496,0.9179343707748462,13.488199204086857,2024-08-02
M,12,1,2024-08-02,2024-08-09,15.0,9.828142949566402,3.6279750433007525,16.198239876612764,2024-08-09
M,12,1,2024-08-09,2024-08-16,9.0,12.881255063472297,6.6810871572066475,19.251351990518657,2024-08-16
M,12,1,2024-08-16,2024-08-23,18.0,10.688900337272848,4.4887324310071985,17.05899726431921,2024-08-23
M,12,1,2024-08-23,2024-08-30,10.0,14.739441954994835,8.539274048729185,21.109538882041196,2024-08-30
M,12,1,2024-08-30,2024-09-06,9.0,11.10651941891217,4.90635151264652,16.988417141871672,2024-09-06
M,12,1,2024-09-06,2024-09-13,8.0,10.810934726268822,4.610766820003173,18.122034388995974,2024-09-13
M,12,1,2024-09-13,2024-09-20,16.0,9.205522751964217,3.0053548456985677,16.51662241469137,2024-09-20
M,12,1,2024-09-20,2024-09-27,18.0,12.985594519944382,6.785426613678732,20.296694182671533,2024-09-27
M,12,1,2024-09-27,2024-10-04,13.0,15.340870343208268,9.140702436942618,22.651970005935418,2024-10-04
M,12,1,2024-10-04,2024-10-11,11.0,13.497508095613508,7.297340189347858,20.80860775834066,2024-10-11
M,12,1,2024-10-11,2024-10-18,11.0,11.748789623943136,5.548621717677486,19.059889286670288,2024-10-18
M,12,1,2024-10-18,2024-10-25,12.0,9.997641988392287,3.7974740821266373,17.30874165111944,2024-10-25
M,12,1,2024-10-25,2024-11-01,24.0,11.262285555339387,5.062117649073738,18.57338521806654,2024-11-01
M,12,1,2024-11-01,2024-11-08,15.0,16.565291491922444,10.365123585656795,23.876391154649596,2024-11-08
M,12,1,2024-11-08,2024-11-15,17.0,15.223992184622023,10.484550229627189,22.535091847349175,2024-11-15
M,12,1,2024-11-15,2024-11-22,19.0,15.222290145913721,10.482848190918887,27.960004590574336,2024-11-22
M,12,1,2024-11-22,2024-11-29,18.0,14.74183913792186,10.002397182927025,27.479553582582472,2024-11-29
M,12,1,2024-11-29,2024-12-06,15.0,15.164294589259123,10.424852634264289,27.902009033919736,2024-12-06
M,12,1,2024-12-06,2024-12-13,15.0,14.523303625261821,9.783861670266987,27.261018069922436,2024-12-13
M,12,1,2024-12-13,2024-12-20,8.0,12.228265100678748,7.488823145683913,24.96597954533936,2024-12-20
M,12,1,2024-12-20,2024-12-27,8.0,9.196188352562515,4.456746397567681,21.933902797223126,2024-12-27
M,12,1,2024-12-27,2025-01-03,13.0,7.457375051186255,2.7179330961914205,20.19508949584687,2025-01-03
M,12,1,2025-01-03,2025-01-10,16.0,8.03153130184733,3.292089346852496,20.76924574650794,2025-01-10
M,12,1,2025-01-10,2025-01-17,15.0,9.725362399474129,4.985920444479294,22.46307684413474,2025-01-17
M,12,1,2025-01-17,2025-01-24,10.0,10.966733892601786,6.227291937606951,23.7044483372624,2025-01-24
M,12,1,2025-01-24,2025-01-31,20.0,8.828155469118407,4.088713514123572,21.565869913779018,2025-01-31
M,12,1,2025-01-31,2025-02-07,18.0,12.896777181834182,8.157335226839347,25.634491626494793,2025-02-07
M,12,1,2025-02-07,2025-02-14,34.0,12.820111470244186,8.080669515249351,25.557825914904797,2025-02-14
M,12,1,2025-02-14,2025-02-21,33.0,23.011062484652754,18.27162052965792,35.748776929313365,2025-02-21
M,12,1,2025-02-21,2025-02-28,26.0,18.52513744612147,13.785695491126635,31.26285189078208,2025-02-28
M,12,1,2025-02-28,2025-03-07,22.0,23.90691232474517,19.167470369750337,45.086800854500986,2025-03-07
M,12,1,2025-03-07,2025-03-14,14.0,21.05728389983046,16.317841944835624,42.23717242958627,2025-03-14
M,12,1,2025-03-14,2025-03-21,11.0,15.34943555791493,10.609993602920095,36.529324087670744,2025-03-21
M,12,1,2025-03-21,2025-03-28,10.0,11.66129712821777,6.921855173222935,32.84118565797358,2025-03-28
M,12,1,2025-03-28,2025-04-04,9.0,8.74294392745433,1.6856600276238716,29.922832457210145,2025-04-04
M,12,1,2025-04-04,2025-04-11,4.0,7.723677081246339,0.6663931814158799,28.903565611002154,2025-04-11
M,12,1,2025-04-11,2025-04-18,7.0,5.009072216456666,0.0,26.18896074621248,2025-04-18
M,12,1,2025-04-18,2025-04-25,11.0,4.384631434445276,0.0,25.56451996420109,2025-04-25
M,12,1,2025-04-25,2025-05-02,4.0,5.224771767923035,0.0,26.40466029767885,2025-05-02
M,12,1,2025-05-02,2025-05-09,7.0,4.582463970774872,0.0,25.762352500530685,2025-05-09
M,12,1,2025-05-09,2025-05-16,2.0,5.676883379109267,0.0,26.85677190886508,2025-05-16
M,12,1,2025-05-16,2025-05-23,4.0,4.785059874418744,0.0,25.964948404174557,2025-05-23
M,12,1,2025-05-23,2025-05-30,5.0,4.281734527724736,0.0,25.46162305748055,2025-05-30
M,12,1,2025-05-30,2025-06-06,1.0,4.948764694847226,0.0,26.128653224603042,2025-06-06
M,12,1,2025-06-06,2025-06-13,7.0,3.019445660105328,0.0,24.19933418986114,2025-06-13
M,12,1,2025-06-13,2025-06-20,9.0,4.939983393635566,0.0,26.11987192339138,2025-06-20
M,12,1,2025-06-20,2025-06-27,9.0,6.917047530896711,0.0,28.096936060652524,2025-06-27
M,12,1,2025-06-27,2025-07-04,11.0,7.659619704666098,0.6023358048356391,28.839508234421913,2025-07-04
M,12,1,2025-07-04,2025-07-11,14.0,12.307078187239878,5.249794287409419,33.486966716995695,2025-07-11
M,12,1,2025-07-11,2025-07-18,22.0,13.680505807594525,6.623221907764066,34.86039433735034,2025-07-18
M,12,1,2025-07-18,2025-07-25,15.0,17.75654160226193,10.69925770243147,38.93643013201775,2025-07-25
M,12,1,2025-07-25,2025-08-01,19.0,21.159174360393656,14.101890460563197,42.33906289014947,2025-08-01
M,12,1,2025-08-01,2025-08-08,25.0,17.500755594382756,10.443471694552297,38.68064412413857,2025-08-08
M,12,1,2025-08-08,2025-08-15,17.0,19.980708501805513,12.923424601975054,41.16059703156132,2025-08-15
M,12,1,2025-08-15,2025-08-22,16.0,18.555465069754195,11.498181169923736,39.735353599510006,2025-08-22
M,12,1,2025-08-22,2025-08-29,16.0,15.660691187152885,8.603407287322426,36.8405797169087,2025-08-29
M,12,1,2025-08-29,2025-09-05,0.0,15.535022198219101,8.477738298388642,36.71491072797492,2025-09-05
N,13,1,2023-02-17,2023-02-24,5.0,7.697738055020691,0.0,18.854607069657376,2023-02-24
N,13,1,2023-02-24,2023-03-03,9.0,5.906794252385126,0.0,17.06366326702181,2023-03-03
N,13,1,2023-03-03,2023-03-10,5.0,6.336872812675095,0.0,17.49374182731178,2023-03-10
N,13,1,2023-03-10,2023-03-17,2.0,5.165456644761306,0.0,16.32232565939799,2023-03-17
N,13,1,2023-03-17,2023-03-24,4.0,4.08880767657522,0.0,15.245676691211903,2023-03-24
N,13,1,2023-03-24,2023-03-31,4.0,2.8225370756242256,0.0,13.979406090260909,2023-03-31
N,13,1,2023-03-31,2023-04-07,1.0,3.402484607367006,0.0,14.55935362200369,2023-04-07
N,13,1,2023-04-07,2023-04-14,6.0,2.5128921664552397,0.0,13.669761181091923,2023-04-14
N,13,1,2023-04-14,2023-04-21,2.0,4.538680732153055,0.0,15.695549746789737,2023-04-21
N,13,1,2023-04-21,2023-04-28,3.0,2.493096081323529,0.0,13.649965095960212,2023-04-28
N,13,1,2023-04-28,2023-05-05,6.0,2.3768398638227684,0.0,13.533708878459452,2023-05-05
N,13,1,2023-05-05,2023-05-12,5.0,4.189821983099442,0.0,15.346690997736125,2023-05-12
N,13,1,2023-05-12,2023-05-19,10.0,5.76371050083356,0.0,16.920579515470244,2023-05-19
N,13,1,2023-05-19,2023-05-26,2.0,8.32650476397971,0.0,19.483373778616393,2023-05-26
N,13,1,2023-05-26,2023-06-02,10.0,6.411620126816223,0.0,17.568489141452908,2023-06-02
N,13,1,2023-06-02,2023-06-09,5.0,8.697451019804117,0.0,19.8543200344408,2023-06-09
N,13,1,2023-06-09,2023-06-16,7.0,8.126869468654423,0.0,19.283738483291106,2023-06-16
N,13,1,2023-06-16,2023-06-23,15.0,7.9286516770291975,0.0,19.08552069166588,2023-06-23
N,13,1,2023-06-23,2023-06-30,9.0,10.494626597928,0.0,21.651495612564684,2023-06-30
N,13,1,2023-06-30,2023-07-07,8.0,8.452073764374344,0.0,19.608942779011027,2023-07-07
N,13,1,2023-07-07,2023-07-14,14.0,9.90515298780276,0.0,21.06202200243944,2023-07-14
N,13,1,2023-07-14,2023-07-21,4.0,11.665649288636905,0.0,22.82251830327359,2023-07-21
N,13,1,2023-07-21,2023-07-28,11.0,11.934692263241484,0.0,23.091561277878167,2023-07-28
N,13,1,2023-07-28,2023-08-04,11.0,12.651831557813791,0.0,23.808700572450476,2023-08-04
N,13,1,2023-08-04,2023-08-11,12.0,16.28454387428278,2.089877450251546,27.441412888919462,2023-08-11
N,13,1,2023-08-11,2023-08-18,10.0,14.55653427545485,0.3618678514236162,25.713403290091534,2023-08-18
N,13,1,2023-08-18,2023-08-25,11.0,11.660026668288475,0.0,22.816895682925157,2023-08-25
N,13,1,2023-08-25,2023-09-01,6.0,12.879838424441443,0.0,24.03670743907813,2023-09-01
N,13,1,2023-09-01,2023-09-08,18.0,13.216656242401008,0.0,24.37352525703769,2023-09-08
N,13,1,2023-09-08,2023-09-15,11.0,13.68134292764091,0.0,24.838211942277596,2023-09-15
N,13,1,2023-09-15,2023-09-22,23.0,12.236984103578028,0.0,23.39385311821471,2023-09-22
N,13,1,2023-09-22,2023-09-29,5.0,16.40277353211343,2.2081071080821957,27.559642546750112,2023-09-29
N,13,1,2023-09-29,2023-10-06,12.0,10.936544071180565,0.0,22.093413085817247,2023-10-06
N,13,1,2023-10-06,2023-10-13,14.0,11.826982331515559,0.0,22.983851346152242,2023-10-13
N,13,1,2023-10-13,2023-10-20,12.0,11.66605236833076,0.0,22.822921382967444,2023-10-20
N,13,1,2023-10-20,2023-10-27,11.0,11.746025723376976,0.0,22.902894738013657,2023-10-27
N,13,1,2023-10-27,2023-11-03,14.0,10.891714794471666,0.0,22.04858380910835,2023-11-03
N,13,1,2023-11-03,2023-11-10,14.0,11.235838065618372,0.0,21.998853962040343,2023-11-10
N,13,1,2023-11-10,2023-11-17,13.0,11.044231428908745,0.0,21.807247325330717,2023-11-17
N,13,1,2023-11-17,2023-11-24,9.0,9.831170445339719,0.0,20.59418634176169,2023-11-24
N,13,1,2023-11-24,2023-12-01,6.0,9.883607817489484,0.0,20.646623713911456,2023-12-01
N,13,1,2023-12-01,2023-12-08,12.0,8.552611047735699,0.0,19.31562694415767,2023-12-08
N,13,1,2023-12-08,2023-12-15,8.0,9.213850937391733,0.0,19.976866833813705,2023-12-15
N,13,1,2023-12-15,2023-12-22,1.0,8.085631208855188,0.0,18.84864710527716,2023-12-22
N,13,1,2023-12-22,2023-12-29,9.0,5.044338236383745,0.0,15.807354132805717,2023-12-29
N,13,1,2023-12-29,2024-01-05,11.0,6.953654482193193,0.0,17.716670378615166,2024-01-05
N,13,1,2024-01-05,2024-01-12,5.0,7.136109073177665,0.0,17.899124969599637,2024-01-12
N,13,1,2024-01-12,2024-01-19,10.0,6.420753539856538,0.0,17.18376943627851,2024-01-19
N,13,1,2024-01-19,2024-01-26,10.0,7.346356109614876,0.0,18.10937200603685,2024-01-26
N,13,1,2024-01-26,2024-02-02,12.0,7.089896047342156,0.0,17.852911943764127,2024-02-02
N,13,1,2024-02-02,2024-02-09,10.0,8.509099676138716,0.0,19.272115572560686,2024-02-09
N,13,1,2024-02-09,2024-02-16,4.0,7.293653002703445,0.0,18.05666889912542,2024-02-16
N,13,1,2024-02-16,2024-02-23,6.0,5.754415176170599,0.0,16.517431072592572,2024-02-23
N,13,1,2024-02-23,2024-03-01,11.0,4.903792010374483,0.0,15.666807906796455,2024-03-01
N,13,1,2024-03-01,2024-03-08,8.0,6.193057584272012,0.0,16.956073480693984,2024-03-08
N,13,1,2024-03-08,2024-03-15,5.0,5.811402617541381,0.0,16.57441851396335,2024-03-15
N,13,1,2024-03-15,2024-03-22,8.0,4.75075192565324,0.0,15.513767822075213,2024-03-22
N,13,1,2024-03-22,2024-03-29,3.0,5.458140962238238,0.0,16.22115685866021,2024-03-29
N,13,1,2024-03-29,2024-04-05,5.0,3.5425279807955565,0.0,14.305543877217529,2024-04-05
N,13,1,2024-04-05,2024-04-12,6.0,3.2774646922648873,0.0,14.04048058868686,2024-04-12
N,13,1,2024-04-12,2024-04-19,4.0,4.070580989626768,0.0,14.83359688604874,2024-04-19
N,13,1,2024-04-19,2024-04-26,6.0,2.9584893630680043,0.0,13.721505259489977,2024-04-26
N,13,1,2024-04-26,2024-05-03,2.0,3.314433832982651,0.0,14.077449729404623,2024-05-03
N,13,1,2024-05-03,2024-05-10,2.0,2.9456636484258034,0.0,13.708679544847776,2024-05-10
N,13,1,2024-05-10,2024-05-17,1.0,2.685139400846234,0.0,13.448155297268206,2024-05-17
N,13,1,2024-05-17,2024-05-24,4.0,1.7851797776443465,0.0,12.548195674066319,2024-05-24
N,13,1,2024-05-24,2024-05-31,5.0,5.280842979324883,0.0,16.043858875746857,2024-05-31
N,13,1,2024-05-31,2024-06-07,6.0,4.573324800106727,0.0,15.3363406965287,2024-06-07
N,13,1,2024-06-07,2024-06-14,7.0,6.157850880351164,0.0,16.92086677677314,2024-06-14
N,13,1,2024-06-14,2024-06-21,6.0,7.209393789215423,0.0,17.972409685637395,2024-06-21
N,13,1,2024-06-21,2024-06-28,11.0,7.078907865149995,0.0,17.84192376157197,2024-06-28
N,13,1,2024-06-28,2024-07-05,19.0,8.840553716629115,0.0,19.603569613051086,2024-07-05
N,13,1,2024-07-05,2024-07-12,26.0,12.951665790996422,1.5488922588829936,23.714681687418395,2024-07-12
N,13,1,2024-07-12,2024-07-19,11.0,18.462448131862825,7.059674599749396,29.225464028284797,2024-07-19
N,13,1,2024-07-19,2024-07-26,18.0,18.292249413702123,6.8894758815886945,29.055265310124096,2024-07-26
N,13,1,2024-07-26,2024-08-02,26.0,18.173000603662366,6.770227071548938,31.221334812665944,2024-08-02
N,13,1,2024-08-02,2024-08-09,19.0,20.678363609812475,9.275590077699047,33.72669781881605,2024-08-09
N,13,1,2024-08-09,2024-08-16,23.0,20.729981521948865,9.327207989835436,33.77831573095244,2024-08-16
N,13,1,2024-08-16,2024-08-23,31.0,20.677706914236303,9.274933382122875,33.72604112323988,2024-08-23
N,13,1,2024-08-23,2024-08-30,19.0,25.01604596690765,13.613272434794222,38.064380175911225,2024-08-30
N,13,1,2024-08-30,2024-09-06,19.0,21.468461144804543,10.065687612691114,34.51679535380812,2024-09-06
N,13,1,2024-09-06,2024-09-13,35.0,21.369349513051965,9.966575980938536,34.41768372205554,2024-09-13
N,13,1,2024-09-13,2024-09-20,46.0,25.465293147618585,14.062519615505156,38.513627356622166,2024-09-20
N,13,1,2024-09-20,2024-09-27,34.0,31.511421640981617,20.108648108868188,44.559755849985194,2024-09-27
N,13,1,2024-09-27,2024-10-04,40.0,34.55781427729324,23.15504074517981,48.188464764241274,2024-10-04
N,13,1,2024-10-04,2024-10-11,39.0,35.034625396211936,23.631851864098508,55.569332248593355,2024-10-11
N,13,1,2024-10-11,2024-10-18,32.0,32.73189842174633,21.3291248896329,53.26660527412774,2024-10-18
N,13,1,2024-10-18,2024-10-25,31.0,31.44810793079518,20.045334398681753,51.98281478317659,2024-10-25
N,13,1,2024-10-25,2024-11-01,52.0,31.464578441398587,20.061804909285158,51.999285293780005,2024-11-01
N,13,1,2024-11-01,2024-11-08,58.0,37.344315608216135,25.941542076102706,57.879022460597554,2024-11-08
N,13,1,2024-11-08,2024-11-15,58.0,41.65756375176133,30.2547902196479,62.19227060414275,2024-11-15
N,13,1,2024-11-15,2024-11-22,55.0,45.08569451623573,33.682920984122305,65.62111607483715,2024-11-22
N,13,1,2024-11-22,2024-11-29,57.0,42.12700854682092,34.66456041495809,62.78269293860478,2024-11-29
N,13,1,2024-11-29,2024-12-06,43.0,44.888894593708926,37.4264464618461,65.54457898549279,2024-12-06
N,13,1,2024-12-06,2024-12-13,33.0,41.61730376839837,34.154855636535544,62.27298816018224,2024-12-13
N,13,1,2024-12-13,2024-12-20,13.0,32.09144601955974,24.628997887696915,52.747130411343605,2024-12-20
N,13,1,2024-12-20,2024-12-27,19.0,22.279043646375506,14.81659551451268,42.93472803815937,2024-12-27
N,13,1,2024-12-27,2025-01-03,24.0,18.771724820736747,10.154421052338375,39.427409212520615,2025-01-03
N,13,1,2025-01-03,2025-01-10,45.0,16.427445009855845,0.0,37.08312940163971,2025-01-10
N,13,1,2025-01-10,2025-01-17,33.0,21.972417041305583,2.880971021745843,42.62810143308945,2025-01-17
N,13,1,2025-01-17,2025-01-24,37.0,24.609235199458112,5.517789179898372,45.26491959124198,2025-01-24
N,13,1,2025-01-24,2025-01-31,36.0,25.311387432806168,6.219941413246428,53.88394242295033,2025-01-31
N,13,1,2025-01-31,2025-02-07,34.0,28.72894768997734,9.637501670417599,57.301502680121494,2025-02-07
N,13,1,2025-02-07,2025-02-14,59.0,27.357178587606526,8.265732568046786,55.92973357775068,2025-02-14
N,13,1,2025-02-14,2025-02-21,35.0,39.1950628500855,20.10361683052576,67.76761784022966,2025-02-21
N,13,1,2025-02-21,2025-02-28,26.0,27.117409023976595,8.025963004416855,55.68996401412075,2025-02-28
N,13,1,2025-02-28,2025-03-07,24.0,29.80292523141396,10.711479211854218,61.44574664380743,2025-03-07
N,13,1,2025-03-07,2025-03-14,28.0,23.94559019263223,4.854144173072491,55.588411605025705,2025-03-14
N,13,1,2025-03-14,2025-03-21,22.0,21.451667108820384,2.3602210892606443,53.09448852121386,2025-03-21
N,13,1,2025-03-21,2025-03-28,14.0,18.765138912041426,0.0,50.407960324434896,2025-03-28
N,13,1,2025-03-28,2025-04-04,15.0,16.40458699003179,0.0,48.04740840242526,2025-04-04
N,13,1,2025-04-04,2025-04-11,20.0,13.437577033101956,0.0,45.08039844549543,2025-04-11
N,13,1,2025-04-11,2025-04-18,4.0,12.340744078321205,0.0,43.98356549071468,2025-04-18
N,13,1,2025-04-18,2025-04-25,7.0,7.511441724624164,0.0,39.15426313701764,2025-04-25
N,13,1,2025-04-25,2025-05-02,8.0,6.456177198943897,0.0,38.09899861133737,2025-05-02
N,13,1,2025-05-02,2025-05-09,4.0,7.44959889973543,0.0,39.0924203121289,2025-05-09
N,13,1,2025-05-09,2025-05-16,6.0,5.354771223183729,0.0,36.997592635577206,2025-05-16
N,13,1,2025-05-16,2025-05-23,5.0,4.233475295521998,0.0,35.87629670791547,2025-05-23
N,13,1,2025-05-23,2025-05-30,7.0,3.401905772412235,0.0,35.04472718480571,2025-05-30
N,13,1,2025-05-30,2025-06-06,6.0,7.450218007032074,0.0,39.09303941942555,2025-06-06
N,13,1,2025-06-06,2025-06-13,6.0,6.205618692579101,0.0,37.848440104972575,2025-06-13
N,13,1,2025-06-13,2025-06-20,3.0,7.002830705937359,0.0,38.64565211833083,2025-06-20
N,13,1,2025-06-20,2025-06-27,8.0,6.07431099643012,0.0,37.717132408823595,2025-06-27
N,13,1,2025-06-27,2025-07-04,11.0,7.028169887146312,0.0,38.670991299539786,2025-07-04
N,13,1,2025-07-04,2025-07-11,11.0,13.83486217813064,0.0,45.477683590524116,2025-07-11
N,13,1,2025-07-11,2025-07-18,11.0,12.79973984179447,0.0,44.44256125418794,2025-07-18
N,13,1,2025-07-18,2025-07-25,11.0,16.323736395134432,0.0,47.966557807527906,2025-07-25
N,13,1,2025-07-25,2025-08-01,17.0,21.971406915679584,2.8799608961198437,53.614228328073054,2025-08-01
N,13,1,2025-08-01,2025-08-08,17.0,15.387186488321056,0.0,47.03000790071453,2025-08-08
N,13,1,2025-08-08,2025-08-15,28.0,15.331308238159544,0.0,46.97412965055302,2025-08-15
N,13,1,2025-08-15,2025-08-22,21.0,20.581671264643724,1.490225245083984,52.2244926770372,2025-08-22
N,13,1,2025-08-22,2025-08-29,21.0,19.02988860857182,0.0,50.6727100209653,2025-08-29
N,13,1,2025-08-29,2025-09-05,0.0,20.504782926756278,1.4133369071965376,52.14760433914975,2025-09-05
O,14,1,2023-02-17,2023-02-24,6.0,4.8129714016740275,0.0,13.37805967279812,2023-02-24
O,14,1,2023-02-24,2023-03-03,4.0,4.831963383985731,0.0,13.397051655109824,2023-03-03
O,14,1,2023-03-03,2023-03-10,2.0,4.354993051514598,0.0,12.92008132263869,2023-03-10
O,14,1,2023-03-10,2023-03-17,2.0,3.634053930262958,0.0,12.199142201387051,2023-03-17
O,14,1,2023-03-17,2023-03-24,3.0,2.7750486403998362,0.0,11.34013691152393,2023-03-24
O,14,1,2023-03-24,2023-03-31,4.0,1.71776997276182,0.0,10.282858243885913,2023-03-31
O,14,1,2023-03-31,2023-04-07,3.0,2.8950286406177987,0.0,11.460116911741892,2023-04-07
O,14,1,2023-04-07,2023-04-14,3.0,3.4266460253363142,0.0,11.991734296460407,2023-04-14
O,14,1,2023-04-14,2023-04-21,3.0,4.04387074785352,0.0,12.608959018977613,2023-04-21
O,14,1,2023-04-21,2023-04-28,2.0,3.4934704928839295,0.0,12.058558764008023,2023-04-28
O,14,1,2023-04-28,2023-05-05,3.0,3.27818998159111,0.0,11.843278252715203,2023-05-05
O,14,1,2023-05-05,2023-05-12,4.0,4.678122389600987,0.0,13.24321066072508,2023-05-12
O,14,1,2023-05-12,2023-05-19,6.0,5.685394574254513,0.0,14.250482845378606,2023-05-19
O,14,1,2023-05-19,2023-05-26,10.0,7.1887261841279955,0.0,15.753814455252089,2023-05-26
O,14,1,2023-05-26,2023-06-02,7.0,9.283431944988827,1.7819735595576116,17.84852021611292,2023-06-02
O,14,1,2023-06-02,2023-06-09,14.0,9.440803746896263,1.9393453614650475,18.005892018020354,2023-06-09
O,14,1,2023-06-09,2023-06-16,13.0,12.311699754076995,4.81024136864578,20.876788025201087,2023-06-16
O,14,1,2023-06-16,2023-06-23,10.0,13.328833161967406,5.827374776536191,21.8939214330915,2023-06-23
O,14,1,2023-06-23,2023-06-30,11.0,13.249278532182649,5.747820146751433,21.81436680330674,2023-06-30
O,14,1,2023-06-30,2023-07-07,8.0,12.358924828557734,4.857466443126519,20.92401309968183,2023-07-07
O,14,1,2023-07-07,2023-07-14,7.0,12.308252706372127,4.806794320940911,20.87334097749622,2023-07-14
O,14,1,2023-07-14,2023-07-21,9.0,9.947021886202041,2.4455635007708256,18.512110157326134,2023-07-21
O,14,1,2023-07-21,2023-07-28,8.0,12.203176575458942,4.7017181900277265,20.768264846583037,2023-07-28
O,14,1,2023-07-28,2023-08-04,16.0,13.000130163150615,5.4986717777194,21.56521843427471,2023-08-04
O,14,1,2023-08-04,2023-08-11,14.0,18.406297031331746,10.904838645900531,26.97138530245584,2023-08-11
O,14,1,2023-08-11,2023-08-18,16.0,15.327940395417766,7.826482009986551,23.89302866654186,2023-08-18
O,14,1,2023-08-18,2023-08-25,18.0,16.808405904107754,9.30694751867654,25.373494175231848,2023-08-25
O,14,1,2023-08-25,2023-09-01,18.0,18.304698669631215,10.8032402842,26.869786940755308,2023-09-01
O,14,1,2023-09-01,2023-09-08,12.0,21.650344411236105,14.14888602580489,30.2154326823602,2023-09-08
O,14,1,2023-09-08,2023-09-15,12.0,17.33496761090489,9.833509225473675,25.900055882028983,2023-09-15
O,14,1,2023-09-15,2023-09-22,17.0,16.15475229515026,8.653293909719045,24.719840566274353,2023-09-22
O,14,1,2023-09-22,2023-09-29,19.0,16.345915986879106,6.695571575643001,24.9110042580032,2023-09-29
O,14,1,2023-09-29,2023-10-06,25.0,17.00548094548516,7.355136534249056,25.570569216609254,2023-10-06
O,14,1,2023-10-06,2023-10-13,17.0,19.984509984377457,10.334165573141352,26.842261975191754,2023-10-13
O,14,1,2023-10-13,2023-10-20,18.0,18.35737110517296,8.707026693936854,25.215123095987256,2023-10-20
O,14,1,2023-10-20,2023-10-27,7.0,18.186509171125664,8.536164759889559,26.181028225640503,2023-10-27
O,14,1,2023-10-27,2023-11-03,14.0,13.15469842499116,3.504354013755055,21.149217479506,2023-11-03
O,14,1,2023-11-03,2023-11-10,19.0,14.119623999803473,4.4692795885673675,22.114143054318312,2023-11-10
O,14,1,2023-11-10,2023-11-17,15.0,14.058006689361134,2.8714975182354703,22.052525743875975,2023-11-17
O,14,1,2023-11-17,2023-11-24,6.0,12.088054046524075,0.901544875398411,20.082573101038914,2023-11-24
O,14,1,2023-11-24,2023-12-01,5.0,10.258243627681901,0.0,18.25276268219674,2023-12-01
O,14,1,2023-12-01,2023-12-08,8.0,8.450873275337093,0.0,16.445392329851934,2023-12-08
O,14,1,2023-12-08,2023-12-15,7.0,7.468916348346631,0.0,15.463435402861471,2023-12-15
O,14,1,2023-12-15,2023-12-22,10.0,6.331592635487846,0.0,14.326111690002685,2023-12-22
O,14,1,2023-12-22,2023-12-29,9.0,7.851672748404736,0.0,15.846191802919575,2023-12-29
O,14,1,2023-12-29,2024-01-05,13.0,8.173454965684815,0.0,16.167974020199654,2024-01-05
O,14,1,2024-01-05,2024-01-12,7.0,8.740435420134176,0.0,16.734954474649015,2024-01-12
O,14,1,2024-01-12,2024-01-19,12.0,7.670489609570524,0.0,15.665008664085363,2024-01-19
O,14,1,2024-01-19,2024-01-26,6.0,9.515860870203522,0.0,17.51037992471836,2024-01-26
O,14,1,2024-01-26,2024-02-02,11.0,7.3462223161078235,0.0,15.340741370622663,2024-02-02
O,14,1,2024-02-02,2024-02-09,9.0,8.787399391410917,0.0,16.781918445925754,2024-02-09
O,14,1,2024-02-09,2024-02-16,8.0,7.124196769032302,0.0,15.118715823547141,2024-02-16
O,14,1,2024-02-16,2024-02-23,5.0,6.445044912604978,0.0,14.439563967119817,2024-02-23
O,14,1,2024-02-23,2024-03-01,5.0,5.220081858717632,0.0,13.21460091323247,2024-03-01
O,14,1,2024-03-01,2024-03-08,9.0,4.522394633252539,0.0,12.516913687767378,2024-03-08
O,14,1,2024-03-08,2024-03-15,8.0,5.922072929584538,0.0,13.916591984099377,2024-03-15
O,14,1,2024-03-15,2024-03-22,9.0,5.285810217965693,0.0,13.280329272480532,2024-03-22
O,14,1,2024-03-22,2024-03-29,8.0,6.813885347089658,0.0,14.808404401604498,2024-03-29
O,14,1,2024-03-29,2024-04-05,5.0,5.747053634415193,0.0,13.741572688930031,2024-04-05
O,14,1,2024-04-05,2024-04-12,3.0,5.154236609819236,0.0,13.148755664334075,2024-04-12
O,14,1,2024-04-12,2024-04-19,1.0,4.992248865692974,0.0,12.986767920207814,2024-04-19
O,14,1,2024-04-19,2024-04-26,0.0,3.2358127355551574,0.0,11.230331790069997,2024-04-26
O,14,1,2024-04-26,2024-05-03,3.0,2.8896310126531333,0.0,10.884150067167973,2024-05-03
O,14,1,2024-05-03,2024-05-10,4.0,2.892600293276196,0.0,10.887119347791035,2024-05-10
O,14,1,2024-05-10,2024-05-17,4.0,3.574149600764658,0.0,11.568668655279497,2024-05-17
O,14,1,2024-05-17,2024-05-24,5.0,3.826903028254433,0.0,11.821422082769272,2024-05-24
O,14,1,2024-05-24,2024-05-31,3.0,6.751157830062145,0.0,14.745676884576984,2024-05-31
O,14,1,2024-05-31,2024-06-07,3.0,6.018812259759596,0.0,14.013331314274435,2024-06-07
O,14,1,2024-06-07,2024-06-14,6.0,6.826627023897723,0.0,14.821146078412562,2024-06-14
O,14,1,2024-06-14,2024-06-21,5.0,7.705713483834858,0.0,15.700232538349697,2024-06-21
O,14,1,2024-06-21,2024-06-28,9.0,7.184991221156638,0.0,15.179510275671477,2024-06-28
O,14,1,2024-06-28,2024-07-05,9.0,9.568433728865255,0.0,17.562952783380094,2024-07-05
O,14,1,2024-07-05,2024-07-12,17.0,10.202653272937841,0.0,18.19717232745268,2024-07-12
O,14,1,2024-07-12,2024-07-19,26.0,13.909663028739574,2.7231538576139105,21.904182083254412,2024-07-19
O,14,1,2024-07-19,2024-07-26,20.0,23.166298249314764,11.9797890781891,31.160817303829603,2024-07-26
O,14,1,2024-07-26,2024-08-02,23.0,22.385692435800223,11.19918326467456,30.380211490315062,2024-08-02
O,14,1,2024-08-02,2024-08-09,26.0,23.938152180831118,12.751643009705454,36.028489152091545,2024-08-09
O,14,1,2024-08-09,2024-08-16,48.0,26.345003135108268,15.158493963982604,38.43534010636869,2024-08-16
O,14,1,2024-08-16,2024-08-23,22.0,34.37627624373455,23.189767072608888,46.46661321499498,2024-08-23
O,14,1,2024-08-23,2024-08-30,23.0,30.409217072360605,19.22270790123494,42.49955404362103,2024-08-30
O,14,1,2024-08-30,2024-09-06,28.0,28.312107302251178,17.125598131125514,49.96710416714291,2024-09-06
O,14,1,2024-09-06,2024-09-13,38.0,28.372566582545076,15.996290338810525,50.027563447436805,2024-09-13
O,14,1,2024-09-13,2024-09-20,50.0,30.61948213673452,18.243205892999967,52.27447900162625,2024-09-20
O,14,1,2024-09-20,2024-09-27,47.0,38.8909839389949,26.51470769526035,60.545980803886636,2024-09-27
O,14,1,2024-09-27,2024-10-04,45.0,45.74733962844586,33.371063384711306,67.40233649333759,2024-10-04
O,14,1,2024-10-04,2024-10-11,31.0,40.744628477735795,28.368352234001243,62.39962534262753,2024-10-11
O,14,1,2024-10-11,2024-10-18,41.0,34.770993411248966,22.394717167514415,56.425990276140695,2024-10-18
O,14,1,2024-10-18,2024-10-25,33.0,38.19195591393132,25.815679670196765,59.84695277882305,2024-10-25
O,14,1,2024-10-25,2024-11-01,46.0,34.006483030676584,21.630206786942033,55.66147989556832,2024-11-01
O,14,1,2024-11-01,2024-11-08,69.0,38.14128006914881,25.76500382541426,59.79627693404055,2024-11-08
O,14,1,2024-11-08,2024-11-15,52.0,50.04774585865389,37.67146961491934,71.70274272354563,2024-11-15
O,14,1,2024-11-15,2024-11-22,67.0,47.448799338719624,35.07252309498507,69.10379620361135,2024-11-22
O,14,1,2024-11-22,2024-11-29,53.0,49.3674842888547,36.991208045120146,80.22620421970589,2024-11-29
O,14,1,2024-11-29,2024-12-06,35.0,49.10409109243094,36.72781484869639,79.96281102328213,2024-12-06
O,14,1,2024-12-06,2024-12-13,33.0,41.701504110965594,29.325227867231042,72.56022404181678,2024-12-13
O,14,1,2024-12-13,2024-12-20,22.0,31.041041458313387,18.664765214578836,61.899761389164574,2024-12-20
O,14,1,2024-12-20,2024-12-27,20.0,24.247992149201053,10.143901056770112,55.10671208005224,2024-12-27
O,14,1,2024-12-27,2025-01-03,25.0,19.879129983199427,5.775038890768485,50.737849914050614,2025-01-03
O,14,1,2025-01-03,2025-01-10,35.0,16.91241240258003,2.80832131014909,47.77113233343122,2025-01-10
O,14,1,2025-01-10,2025-01-17,35.0,21.006286214749466,6.902195122318524,51.86500614560065,2025-01-17
O,14,1,2025-01-17,2025-01-24,26.0,23.88790702742878,9.78381593499784,54.74662695827997,2025-01-24
O,14,1,2025-01-24,2025-01-31,32.0,22.093156243840497,7.989065151409555,52.951876174691684,2025-01-31
O,14,1,2025-01-31,2025-02-07,23.0,25.582243453008193,11.478152360577251,56.44096338385938,2025-02-07
O,14,1,2025-02-07,2025-02-14,48.0,21.79244951550499,7.68835842307405,52.65116944635618,2025-02-14
O,14,1,2025-02-14,2025-02-21,31.0,33.34520328531987,19.241112192888927,64.20392321617106,2025-02-21
O,14,1,2025-02-21,2025-02-28,34.0,23.925672670521525,9.821581578090584,54.784392601372716,2025-02-28
O,14,1,2025-02-28,2025-03-07,28.0,30.954184634715922,16.85009354228498,61.81290456556711,2025-03-07
O,14,1,2025-03-07,2025-03-14,31.0,26.857151410301867,12.753060317870926,57.715871341153054,2025-03-14
O,14,1,2025-03-14,2025-03-21,23.0,24.548083944453275,10.443992852022333,55.40680387530446,2025-03-21
O,14,1,2025-03-21,2025-03-28,13.0,21.088511510572264,6.9844204181413225,51.947231441423455,2025-03-28
O,14,1,2025-03-28,2025-04-04,15.0,18.174662156196128,4.070571063765186,49.033382087047315,2025-04-04
O,14,1,2025-04-04,2025-04-11,12.0,14.89332466985164,0.7892335774206991,45.75204460070283,2025-04-11
O,14,1,2025-04-11,2025-04-18,10.0,11.502884089873412,0.0,42.3616040207246,2025-04-18
O,14,1,2025-04-18,2025-04-25,12.0,9.009140387638121,0.0,39.867860318489306,2025-04-25
O,14,1,2025-04-25,2025-05-02,3.0,8.007860389709633,0.0,38.86658032056082,2025-05-02
O,14,1,2025-05-02,2025-05-09,3.0,7.4734078191122055,0.0,38.33212774996339,2025-05-09
O,14,1,2025-05-09,2025-05-16,7.0,5.895929033650969,0.0,36.75464896450215,2025-05-16
O,14,1,2025-05-16,2025-05-23,9.0,5.305052275356569,0.0,36.16377220620775,2025-05-23
O,14,1,2025-05-23,2025-05-30,7.0,5.380661188326104,0.0,36.23938111917729,2025-05-30
O,14,1,2025-05-30,2025-06-06,10.0,9.318040166897998,0.0,40.17676009774918,2025-06-06
O,14,1,2025-06-06,2025-06-13,9.0,9.82703322545864,0.0,40.68575315630983,2025-06-13
O,14,1,2025-06-13,2025-06-20,8.0,11.034619969128578,0.0,41.893339899979765,2025-06-20
O,14,1,2025-06-20,2025-06-27,16.0,10.524242644527472,0.0,41.382962575378656,2025-06-27
O,14,1,2025-06-27,2025-07-04,8.0,13.112623793642321,0.0,43.97134372449351,2025-07-04
O,14,1,2025-07-04,2025-07-11,17.0,15.496288213379783,1.3921971209488415,46.35500814423097,2025-07-11
O,14,1,2025-07-11,2025-07-18,18.0,17.395123650362127,3.291032557931185,48.25384358121332,2025-07-18
O,14,1,2025-07-18,2025-07-25,14.0,20.664329424201973,6.560238331771032,51.52304935505316,2025-07-25
O,14,1,2025-07-25,2025-08-01,19.0,26.77796113423215,12.673870041801209,57.63668106508334,2025-08-01
O,14,1,2025-08-01,2025-08-08,24.0,17.812517208487694,3.708426116056753,48.671237139338885,2025-08-08
O,14,1,2025-08-08,2025-08-15,14.0,20.901902699817455,6.797811607386514,51.76062263066864,2025-08-15
O,14,1,2025-08-15,2025-08-22,20.0,19.000198490275103,4.896107397844162,49.85891842112629,2025-08-22
O,14,1,2025-08-22,2025-08-29,19.0,18.221104850832774,4.117013758401832,49.07982478168396,2025-08-29
O,14,1,2025-08-29,2025-09-05,1.0,19.664111670663523,5.560020578232582,50.52283160151471,2025-09-05
