cluster,cluster_index,horizon,interval_start_at_inference_time,interval_start_when_prediction_relevant,true_count,prediction,lower,upper,forecast_start
A,0,2,2023-02-17,2023-03-03,6.0,7.136048793792725,0.0,12.859553813934326,2023-03-03
A,0,2,2023-02-24,2023-03-10,5.0,4.659930229187012,0.0,10.383435249328613,2023-03-10
A,0,2,2023-03-03,2023-03-17,3.0,3.971649408340454,0.0,9.695154428482056,2023-03-17
A,0,2,2023-03-10,2023-03-24,2.0,4.488029479980469,0.0,10.21153450012207,2023-03-24
A,0,2,2023-03-17,2023-03-31,1.0,3.243324041366577,0.0,8.966829061508179,2023-03-31
A,0,2,2023-03-24,2023-04-07,2.0,2.2138917446136475,0.0,7.937396764755249,2023-04-07
A,0,2,2023-03-31,2023-04-14,3.0,1.9499244689941406,0.0,7.673429489135742,2023-04-14
A,0,2,2023-04-07,2023-04-21,1.0,1.921180248260498,0.0,7.6446852684021,2023-04-21
A,0,2,2023-04-14,2023-04-28,1.0,3.0828921794891357,0.0,8.806397199630737,2023-04-28
A,0,2,2023-04-21,2023-05-05,0.0,1.9510250091552734,0.0,7.674530029296875,2023-05-05
A,0,2,2023-04-28,2023-05-12,1.0,1.8996641635894775,0.0,7.623169183731079,2023-05-12
A,0,2,2023-05-05,2023-05-19,2.0,2.007566213607788,0.0,7.73107123374939,2023-05-19
A,0,2,2023-05-12,2023-05-26,2.0,3.353942394256592,0.0,9.077447414398193,2023-05-26
A,0,2,2023-05-19,2023-06-02,2.0,3.8812077045440674,0.0,9.604712724685669,2023-06-02
A,0,2,2023-05-26,2023-06-09,7.0,3.775839328765869,0.0,9.49934434890747,2023-06-09
A,0,2,2023-06-02,2023-06-16,3.0,4.331741809844971,0.0,10.055246829986572,2023-06-16
A,0,2,2023-06-09,2023-06-23,12.0,7.29580020904541,0.0,13.019305229187012,2023-06-23
A,0,2,2023-06-16,2023-06-30,5.0,4.903187274932861,0.0,10.626692295074463,2023-06-30
A,0,2,2023-06-23,2023-07-07,9.0,10.530488014221191,2.0697317123413086,16.253993034362793,2023-07-07
A,0,2,2023-06-30,2023-07-14,13.0,7.8057098388671875,0.0,13.529214859008789,2023-07-14
A,0,2,2023-07-07,2023-07-21,13.0,9.942832946777344,1.482076644897461,15.666337966918945,2023-07-21
A,0,2,2023-07-14,2023-07-28,21.0,14.54167652130127,6.080920219421387,20.26518154144287,2023-07-28
A,0,2,2023-07-21,2023-08-04,13.0,15.882996559143066,7.422240257263184,21.606501579284668,2023-08-04
A,0,2,2023-07-28,2023-08-11,17.0,21.301265716552734,12.840509414672852,27.024770736694336,2023-08-11
A,0,2,2023-08-04,2023-08-18,22.0,20.560009002685547,12.099252700805664,26.28351402282715,2023-08-18
A,0,2,2023-08-11,2023-08-25,27.0,19.283830642700195,10.823074340820312,25.742154121398926,2023-08-25
A,0,2,2023-08-18,2023-09-01,17.0,20.673330307006836,12.212574005126953,27.131653785705566,2023-09-01
A,0,2,2023-08-25,2023-09-08,22.0,25.456682205200195,16.995925903320312,31.915005683898926,2023-09-08
A,0,2,2023-09-01,2023-09-15,16.0,20.77153778076172,12.310781478881836,27.22986125946045,2023-09-15
A,0,2,2023-09-08,2023-09-22,16.0,19.575279235839844,11.114522933959961,27.29144859313965,2023-09-22
A,0,2,2023-09-15,2023-09-29,12.0,18.209135055541992,9.74837875366211,25.925304412841797,2023-09-29
A,0,2,2023-09-22,2023-10-06,26.0,17.046308517456055,8.585552215576172,24.76247787475586,2023-10-06
A,0,2,2023-09-29,2023-10-13,14.0,15.976725578308105,7.515969276428223,23.69289493560791,2023-10-13
A,0,2,2023-10-06,2023-10-20,17.0,17.845476150512695,9.384719848632812,25.5616455078125,2023-10-20
A,0,2,2023-10-13,2023-10-27,8.0,12.999922752380371,4.539166450500488,20.716092109680176,2023-10-27
A,0,2,2023-10-20,2023-11-03,18.0,12.281715393066406,3.8209590911865234,21.23540687561035,2023-11-03
A,0,2,2023-10-27,2023-11-10,18.0,8.528804779052734,0.06804847717285156,17.48249626159668,2023-11-10
A,0,2,2023-11-03,2023-11-17,15.0,11.29485034942627,2.8340940475463867,20.248541831970215,2023-11-17
A,0,2,2023-11-10,2023-11-24,9.0,10.21847915649414,2.3207168579101562,19.172170639038086,2023-11-24
A,0,2,2023-11-17,2023-12-01,7.0,9.399824142456055,3.1906890869140625,18.353515625,2023-12-01
A,0,2,2023-11-24,2023-12-08,6.0,8.350297927856445,2.141162872314453,17.82149314880371,2023-12-08
A,0,2,2023-12-01,2023-12-15,7.0,7.755127429962158,1.545992374420166,17.226322650909424,2023-12-15
A,0,2,2023-12-08,2023-12-22,6.0,6.044014930725098,0.0,15.515210151672363,2023-12-22
A,0,2,2023-12-15,2023-12-29,8.0,6.426856994628906,0.21772193908691406,15.898052215576172,2023-12-29
A,0,2,2023-12-22,2024-01-05,12.0,5.338641166687012,0.0,14.809836387634277,2024-01-05
A,0,2,2023-12-29,2024-01-12,9.0,6.386784076690674,0.17764902114868164,15.85797929763794,2024-01-12
A,0,2,2024-01-05,2024-01-19,8.0,7.53432035446167,1.3251852989196777,17.005515575408936,2024-01-19
A,0,2,2024-01-12,2024-01-26,3.0,7.352248191833496,1.143113136291504,16.82344341278076,2024-01-26
A,0,2,2024-01-19,2024-02-02,3.0,7.340605735778809,1.1314706802368164,16.811800956726074,2024-02-02
A,0,2,2024-01-26,2024-02-09,3.0,4.951422691345215,0.0,14.42261791229248,2024-02-09
A,0,2,2024-02-02,2024-02-16,8.0,3.2727444171905518,0.0,12.743939638137817,2024-02-16
A,0,2,2024-02-09,2024-02-23,7.0,2.8812808990478516,0.0,12.352476119995117,2024-02-23
A,0,2,2024-02-16,2024-03-01,5.0,4.733738899230957,0.0,14.204934120178223,2024-03-01
A,0,2,2024-02-23,2024-03-08,6.0,5.489358425140381,0.0,14.960553646087646,2024-03-08
A,0,2,2024-03-01,2024-03-15,6.0,4.664218902587891,0.0,14.135414123535156,2024-03-15
A,0,2,2024-03-08,2024-03-22,4.0,4.006720542907715,0.0,13.47791576385498,2024-03-22
A,0,2,2024-03-15,2024-03-29,2.0,4.33077335357666,0.0,13.801968574523926,2024-03-29
A,0,2,2024-03-22,2024-04-05,3.0,3.803056240081787,0.0,13.274251461029053,2024-04-05
A,0,2,2024-03-29,2024-04-12,10.0,2.7895281314849854,0.0,12.260723352432251,2024-04-12
A,0,2,2024-04-05,2024-04-19,5.0,2.3437283039093018,0.0,11.814923524856567,2024-04-19
A,0,2,2024-04-12,2024-04-26,1.0,4.671429634094238,0.0,14.142624855041504,2024-04-26
A,0,2,2024-04-19,2024-05-03,6.0,5.287700653076172,0.0,14.758895874023438,2024-05-03
A,0,2,2024-04-26,2024-05-10,3.0,3.35296368598938,0.0,12.824158906936646,2024-05-10
A,0,2,2024-05-03,2024-05-17,8.0,3.3567473888397217,0.0,12.827942609786987,2024-05-17
A,0,2,2024-05-10,2024-05-24,2.0,3.652729034423828,0.0,13.123924255371094,2024-05-24
A,0,2,2024-05-17,2024-05-31,4.0,6.276615619659424,0.06748056411743164,15.74781084060669,2024-05-31
A,0,2,2024-05-24,2024-06-07,2.0,6.962952136993408,0.753817081451416,16.434147357940674,2024-06-07
A,0,2,2024-05-31,2024-06-14,2.0,4.497152805328369,0.0,13.968348026275635,2024-06-14
A,0,2,2024-06-07,2024-06-21,4.0,4.340996742248535,0.0,13.8121919631958,2024-06-21
A,0,2,2024-06-14,2024-06-28,6.0,3.843372344970703,0.0,13.314567565917969,2024-06-28
A,0,2,2024-06-21,2024-07-05,6.0,4.568623065948486,0.0,14.039818286895752,2024-07-05
A,0,2,2024-06-28,2024-07-12,5.0,5.99976110458374,0.0,15.470956325531006,2024-07-12
A,0,2,2024-07-05,2024-07-19,11.0,7.048211574554443,0.8390765190124512,16.51940679550171,2024-07-19
A,0,2,2024-07-12,2024-07-26,6.0,7.183322906494141,0.9741878509521484,16.654518127441406,2024-07-26
A,0,2,2024-07-19,2024-08-02,16.0,11.914031982421875,5.704896926879883,21.38522720336914,2024-08-02
A,0,2,2024-07-26,2024-08-09,8.0,9.708640098571777,3.499505043029785,19.179835319519043,2024-08-09
A,0,2,2024-08-02,2024-08-16,13.0,14.978663444519043,8.76952838897705,24.44985866546631,2024-08-16
A,0,2,2024-08-09,2024-08-23,7.0,13.151750564575195,6.942615509033203,22.62294578552246,2024-08-23
A,0,2,2024-08-16,2024-08-30,11.0,15.997323989868164,9.788188934326172,25.46851921081543,2024-08-30
A,0,2,2024-08-23,2024-09-06,10.0,12.263282775878906,6.054147720336914,21.734477996826172,2024-09-06
A,0,2,2024-08-30,2024-09-13,11.0,12.30061149597168,6.0914764404296875,21.771806716918945,2024-09-13
A,0,2,2024-09-06,2024-09-20,13.0,12.72579288482666,6.516657829284668,22.196988105773926,2024-09-20
A,0,2,2024-09-13,2024-09-27,10.0,14.051299095153809,7.842164039611816,23.522494316101074,2024-09-27
A,0,2,2024-09-20,2024-10-04,11.0,15.489628791809082,9.28049373626709,24.960824012756348,2024-10-04
A,0,2,2024-09-27,2024-10-11,15.0,13.978499412536621,7.769364356994629,23.449694633483887,2024-10-11
A,0,2,2024-10-04,2024-10-18,11.0,12.834996223449707,6.625861167907715,22.306191444396973,2024-10-18
A,0,2,2024-10-11,2024-10-25,22.0,11.912368774414062,5.70323371887207,21.383563995361328,2024-10-25
A,0,2,2024-10-18,2024-11-01,32.0,13.035533905029297,6.826398849487305,22.506729125976562,2024-11-01
A,0,2,2024-10-25,2024-11-08,28.0,15.88707160949707,9.677936553955078,25.358266830444336,2024-11-08
A,0,2,2024-11-01,2024-11-15,20.0,23.506637573242188,17.297502517700195,32.97783279418945,2024-11-15
A,0,2,2024-11-08,2024-11-22,26.0,25.406688690185547,19.197553634643555,35.494319915771484,2024-11-22
A,0,2,2024-11-15,2024-11-29,26.0,18.948009490966797,12.738874435424805,37.9124755859375,2024-11-29
A,0,2,2024-11-22,2024-12-06,24.0,18.960084915161133,12.808334350585938,37.924551010131836,2024-12-06
A,0,2,2024-11-29,2024-12-13,21.0,22.400442123413086,16.24869155883789,41.36490821838379,2024-12-13
A,0,2,2024-12-06,2024-12-20,8.0,19.34679412841797,13.195043563842773,38.31126022338867,2024-12-20
A,0,2,2024-12-13,2024-12-27,7.0,16.92470932006836,10.772958755493164,35.88917541503906,2024-12-27
A,0,2,2024-12-20,2025-01-03,13.0,11.389745712280273,5.237995147705078,30.354211807250977,2025-01-03
A,0,2,2024-12-27,2025-01-10,22.0,9.00631332397461,2.854562759399414,27.970779418945312,2025-01-10
A,0,2,2025-01-03,2025-01-17,16.0,8.648984909057617,0.0,27.61345100402832,2025-01-17
A,0,2,2025-01-10,2025-01-24,16.0,12.95467758178711,1.6078834533691406,31.919143676757812,2025-01-24
A,0,2,2025-01-17,2025-01-31,16.0,11.980050086975098,0.6332559585571289,30.9445161819458,2025-01-31
A,0,2,2025-01-24,2025-02-07,15.0,10.654067993164062,0.0,29.618534088134766,2025-02-07
A,0,2,2025-01-31,2025-02-14,14.0,10.917433738708496,0.0,29.8818998336792,2025-02-14
A,0,2,2025-02-07,2025-02-21,19.0,10.91046142578125,0.0,29.874927520751953,2025-02-21
A,0,2,2025-02-14,2025-02-28,16.0,10.681800842285156,0.0,29.64626693725586,2025-02-28
A,0,2,2025-02-21,2025-03-07,12.0,12.119989395141602,0.7731952667236328,31.084455490112305,2025-03-07
A,0,2,2025-02-28,2025-03-14,17.0,10.537984848022461,0.0,29.502450942993164,2025-03-14
A,0,2,2025-03-07,2025-03-21,8.0,9.396657943725586,0.0,28.36112403869629,2025-03-21
A,0,2,2025-03-14,2025-03-28,5.0,10.061135292053223,0.0,29.025601387023926,2025-03-28
A,0,2,2025-03-21,2025-04-04,12.0,8.245147705078125,0.0,27.209613800048828,2025-04-04
A,0,2,2025-03-28,2025-04-11,8.0,6.1488261222839355,0.0,25.11329221725464,2025-04-11
A,0,2,2025-04-04,2025-04-18,2.0,7.382997035980225,0.0,26.347463130950928,2025-04-18
A,0,2,2025-04-11,2025-04-25,9.0,6.92978048324585,0.0,25.894246578216553,2025-04-25
A,0,2,2025-04-18,2025-05-02,5.0,4.617847919464111,0.0,23.582314014434814,2025-05-02
A,0,2,2025-04-25,2025-05-09,5.0,5.128742694854736,0.0,24.09320878982544,2025-05-09
A,0,2,2025-05-02,2025-05-16,6.0,6.736301422119141,0.0,25.700767517089844,2025-05-16
A,0,2,2025-05-09,2025-05-23,3.0,5.18629264831543,0.0,24.150758743286133,2025-05-23
A,0,2,2025-05-16,2025-05-30,3.0,4.502256393432617,0.0,23.46672248840332,2025-05-30
A,0,2,2025-05-23,2025-06-06,3.0,3.6233770847320557,0.0,22.58784317970276,2025-06-06
A,0,2,2025-05-30,2025-06-13,4.0,5.099579334259033,0.0,24.064045429229736,2025-06-13
A,0,2,2025-06-06,2025-06-20,8.0,5.074381351470947,0.0,24.03884744644165,2025-06-20
A,0,2,2025-06-13,2025-06-27,6.0,4.56660795211792,0.0,23.531074047088623,2025-06-27
A,0,2,2025-06-20,2025-07-04,9.0,8.415586471557617,0.0,27.38005256652832,2025-07-04
A,0,2,2025-06-27,2025-07-11,11.0,8.15491771697998,0.0,27.119383811950684,2025-07-11
A,0,2,2025-07-04,2025-07-18,9.0,11.745322227478027,0.3985280990600586,30.70978832244873,2025-07-18
A,0,2,2025-07-11,2025-07-25,10.0,13.309290885925293,1.9624967575073242,32.273756980895996,2025-07-25
A,0,2,2025-07-18,2025-08-01,24.0,13.962075233459473,2.615281105041504,32.926541328430176,2025-08-01
A,0,2,2025-07-25,2025-08-08,14.0,17.33669090270996,5.989896774291992,36.301156997680664,2025-08-08
A,0,2,2025-08-01,2025-08-15,20.0,21.98200798034668,10.635213851928711,40.94647407531738,2025-08-15
A,0,2,2025-08-08,2025-08-22,18.0,16.750091552734375,5.403297424316406,35.71455764770508,2025-08-22
A,0,2,2025-08-15,2025-08-29,10.0,18.390165328979492,7.043371200561523,37.354631423950195,2025-08-29
A,0,2,2025-08-22,2025-09-05,0.0,14.111410140991211,2.764616012573242,33.075876235961914,2025-09-05
B,1,2,2023-02-17,2023-03-03,2.0,6.62343692779541,0.0,17.868059158325195,2023-03-03
B,1,2,2023-02-24,2023-03-10,2.0,3.4977598190307617,0.0,14.742382049560547,2023-03-10
B,1,2,2023-03-03,2023-03-17,1.0,2.269995927810669,0.0,13.514618158340454,2023-03-17
B,1,2,2023-03-10,2023-03-24,6.0,2.068125009536743,0.0,13.312747240066528,2023-03-24
B,1,2,2023-03-17,2023-03-31,0.0,2.008711576461792,0.0,13.253333806991577,2023-03-31
B,1,2,2023-03-24,2023-04-07,5.0,3.2948660850524902,0.0,14.539488315582275,2023-04-07
B,1,2,2023-03-31,2023-04-14,1.0,3.0855417251586914,0.0,14.330163955688477,2023-04-14
B,1,2,2023-04-07,2023-04-21,3.0,3.4425854682922363,0.0,14.687207698822021,2023-04-21
B,1,2,2023-04-14,2023-04-28,4.0,3.1154375076293945,0.0,14.36005973815918,2023-04-28
B,1,2,2023-04-21,2023-05-05,5.0,2.4941117763519287,0.0,13.738734006881714,2023-05-05
B,1,2,2023-04-28,2023-05-12,4.0,2.9009780883789062,0.0,14.145600318908691,2023-05-12
B,1,2,2023-05-05,2023-05-19,4.0,4.497666358947754,0.0,15.742288589477539,2023-05-19
B,1,2,2023-05-12,2023-05-26,6.0,5.4652299880981445,0.0,16.70985221862793,2023-05-26
B,1,2,2023-05-19,2023-06-02,8.0,5.727543354034424,0.0,16.97216558456421,2023-06-02
B,1,2,2023-05-26,2023-06-09,6.0,6.139103412628174,0.0,17.38372564315796,2023-06-09
B,1,2,2023-06-02,2023-06-16,10.0,9.777103424072266,2.751077651977539,21.02172565460205,2023-06-16
B,1,2,2023-06-09,2023-06-23,12.0,9.083809852600098,2.057784080505371,20.328432083129883,2023-06-23
B,1,2,2023-06-16,2023-06-30,9.0,9.910905838012695,2.8848800659179688,21.15552806854248,2023-06-30
B,1,2,2023-06-23,2023-07-07,4.0,13.813383102416992,6.787357330322266,25.058005332946777,2023-07-07
B,1,2,2023-06-30,2023-07-14,3.0,12.158624649047852,5.132598876953125,23.403246879577637,2023-07-14
B,1,2,2023-07-07,2023-07-21,4.0,9.946836471557617,2.9208106994628906,21.191458702087402,2023-07-21
B,1,2,2023-07-14,2023-07-28,10.0,7.170046329498291,0.14402055740356445,18.414668560028076,2023-07-28
B,1,2,2023-07-21,2023-08-04,3.0,6.309796333312988,0.0,17.554418563842773,2023-08-04
B,1,2,2023-07-28,2023-08-11,11.0,11.107795715332031,1.294412612915039,22.352417945861816,2023-08-11
B,1,2,2023-08-04,2023-08-18,11.0,9.356149673461914,0.0,20.6007719039917,2023-08-18
B,1,2,2023-08-11,2023-08-25,10.0,13.292590141296387,3.4792070388793945,21.88798427581787,2023-08-25
B,1,2,2023-08-18,2023-09-01,7.0,13.82977294921875,4.016389846801758,22.425167083740234,2023-09-01
B,1,2,2023-08-25,2023-09-08,18.0,14.113337516784668,4.299954414367676,22.708731651306152,2023-09-08
B,1,2,2023-09-01,2023-09-15,7.0,12.279576301574707,2.466193199157715,20.87497043609619,2023-09-15
B,1,2,2023-09-08,2023-09-22,13.0,15.571885108947754,5.758502006530762,23.464329719543457,2023-09-22
B,1,2,2023-09-15,2023-09-29,11.0,11.906112670898438,2.0927295684814453,19.579530715942383,2023-09-29
B,1,2,2023-09-22,2023-10-06,14.0,13.10188102722168,3.2884979248046875,20.775299072265625,2023-10-06
B,1,2,2023-09-29,2023-10-13,7.0,14.198417663574219,4.385034561157227,21.871835708618164,2023-10-13
B,1,2,2023-10-06,2023-10-20,13.0,11.376136779785156,1.562753677368164,19.0495548248291,2023-10-20
B,1,2,2023-10-13,2023-10-27,8.0,8.346793174743652,0.0,16.020211219787598,2023-10-27
B,1,2,2023-10-20,2023-11-03,17.0,10.364322662353516,0.5509395599365234,18.03774070739746,2023-11-03
B,1,2,2023-10-27,2023-11-10,16.0,7.749684810638428,0.0,15.423102855682373,2023-11-10
B,1,2,2023-11-03,2023-11-17,16.0,10.74915885925293,0.9357757568359375,17.173229694366455,2023-11-17
B,1,2,2023-11-10,2023-11-24,11.0,10.020976066589355,0.20759296417236328,16.44504690170288,2023-11-24
B,1,2,2023-11-17,2023-12-01,5.0,9.88686466217041,0.07348155975341797,16.522541999816895,2023-12-01
B,1,2,2023-11-24,2023-12-08,8.0,8.98112964630127,0.0,17.231444835662842,2023-12-08
B,1,2,2023-12-01,2023-12-15,7.0,7.751992702484131,0.0,16.002307891845703,2023-12-15
B,1,2,2023-12-08,2023-12-22,6.0,7.191028118133545,0.0,15.441343307495117,2023-12-22
B,1,2,2023-12-15,2023-12-29,3.0,7.754599094390869,0.0,16.00491428375244,2023-12-29
B,1,2,2023-12-22,2024-01-05,11.0,6.113083362579346,0.0,14.363398551940918,2024-01-05
B,1,2,2023-12-29,2024-01-12,20.0,4.813018798828125,0.0,13.063333988189697,2024-01-12
B,1,2,2024-01-05,2024-01-19,11.0,5.958745002746582,0.0,14.209060192108154,2024-01-19
B,1,2,2024-01-12,2024-01-26,15.0,11.985280990600586,2.1718978881835938,20.235596179962158,2024-01-26
B,1,2,2024-01-19,2024-02-02,20.0,9.670762062072754,0.0,17.921077251434326,2024-02-02
B,1,2,2024-01-26,2024-02-09,8.0,10.55331802368164,0.7399349212646484,25.740299224853516,2024-02-09
B,1,2,2024-02-02,2024-02-16,13.0,15.202585220336914,5.389202117919922,30.38956642150879,2024-02-16
B,1,2,2024-02-09,2024-02-23,2.0,9.054088592529297,0.0,24.241069793701172,2024-02-23
B,1,2,2024-02-16,2024-03-01,10.0,9.260237693786621,0.0,24.447218894958496,2024-03-01
B,1,2,2024-02-23,2024-03-08,10.0,5.711320877075195,0.0,20.89830207824707,2024-03-08
B,1,2,2024-03-01,2024-03-15,5.0,5.651828765869141,0.0,20.838809967041016,2024-03-15
B,1,2,2024-03-08,2024-03-22,6.0,7.013647556304932,0.0,22.200628757476807,2024-03-22
B,1,2,2024-03-15,2024-03-29,2.0,6.225617408752441,0.0,21.412598609924316,2024-03-29
B,1,2,2024-03-22,2024-04-05,4.0,4.936367034912109,0.0,20.123348236083984,2024-04-05
B,1,2,2024-03-29,2024-04-12,2.0,3.6865344047546387,0.0,18.873515605926514,2024-04-12
B,1,2,2024-04-05,2024-04-19,4.0,2.9412808418273926,0.0,18.128262042999268,2024-04-19
B,1,2,2024-04-12,2024-04-26,2.0,2.9130022525787354,0.0,18.09998345375061,2024-04-26
B,1,2,2024-04-19,2024-05-03,0.0,2.905951976776123,0.0,18.092933177947998,2024-05-03
B,1,2,2024-04-26,2024-05-10,3.0,3.074604034423828,0.0,18.261585235595703,2024-05-10
B,1,2,2024-05-03,2024-05-17,5.0,2.455521583557129,0.0,17.642502784729004,2024-05-17
B,1,2,2024-05-10,2024-05-24,3.0,2.9856700897216797,0.0,18.172651290893555,2024-05-24
B,1,2,2024-05-17,2024-05-31,3.0,3.9935784339904785,0.0,19.180559635162354,2024-05-31
B,1,2,2024-05-24,2024-06-07,2.0,5.954809665679932,0.0,21.141790866851807,2024-06-07
B,1,2,2024-05-31,2024-06-14,3.0,4.580074310302734,0.0,19.76705551147461,2024-06-14
B,1,2,2024-06-07,2024-06-21,3.0,4.0200090408325195,0.0,19.206990242004395,2024-06-21
B,1,2,2024-06-14,2024-06-28,7.0,4.374197006225586,0.0,19.56117820739746,2024-06-28
B,1,2,2024-06-21,2024-07-05,6.0,4.811628818511963,0.0,19.998610019683838,2024-07-05
B,1,2,2024-06-28,2024-07-12,18.0,6.76606559753418,0.0,21.953046798706055,2024-07-12
B,1,2,2024-07-05,2024-07-19,11.0,6.530062675476074,0.0,21.71704387664795,2024-07-19
B,1,2,2024-07-12,2024-07-26,9.0,14.746036529541016,4.932653427124023,29.93301773071289,2024-07-26
B,1,2,2024-07-19,2024-08-02,18.0,14.79662036895752,4.983237266540527,29.983601570129395,2024-08-02
B,1,2,2024-07-26,2024-08-09,16.0,12.4150390625,2.601655960083008,27.602020263671875,2024-08-09
B,1,2,2024-08-02,2024-08-16,12.0,17.080707550048828,7.267324447631836,32.2676887512207,2024-08-16
B,1,2,2024-08-09,2024-08-23,12.0,19.352388381958008,9.539005279541016,34.53936958312988,2024-08-23
B,1,2,2024-08-16,2024-08-30,18.0,16.927799224853516,7.114416122436523,32.11478042602539,2024-08-30
B,1,2,2024-08-23,2024-09-06,19.0,15.837008476257324,6.023625373840332,31.0239896774292,2024-09-06
B,1,2,2024-08-30,2024-09-13,13.0,17.065614700317383,7.906990051269531,32.25259590148926,2024-09-13
B,1,2,2024-09-06,2024-09-20,7.0,18.33269691467285,10.980308532714844,33.51967811584473,2024-09-20
B,1,2,2024-09-13,2024-09-27,9.0,16.787200927734375,9.434812545776367,31.97418212890625,2024-09-27
B,1,2,2024-09-20,2024-10-04,14.0,15.572265625,8.219877243041992,30.759246826171875,2024-10-04
B,1,2,2024-09-27,2024-10-11,17.0,10.95884895324707,3.6064605712890625,26.145830154418945,2024-10-11
B,1,2,2024-10-04,2024-10-18,19.0,13.306357383728027,1.9736604690551758,28.493338584899902,2024-10-18
B,1,2,2024-10-11,2024-10-25,17.0,12.05524730682373,0.7225503921508789,27.242228507995605,2024-10-25
B,1,2,2024-10-18,2024-11-01,25.0,15.253485679626465,3.9207887649536133,30.44046688079834,2024-11-01
B,1,2,2024-10-25,2024-11-08,19.0,13.999049186706543,2.6663522720336914,29.186030387878418,2024-11-08
B,1,2,2024-11-01,2024-11-15,24.0,17.702333450317383,6.369636535644531,32.88931465148926,2024-11-15
B,1,2,2024-11-08,2024-11-22,27.0,17.9265193939209,6.593822479248047,33.11350059509277,2024-11-22
B,1,2,2024-11-15,2024-11-29,25.0,17.253950119018555,5.921253204345703,32.44093132019043,2024-11-29
B,1,2,2024-11-22,2024-12-06,21.0,20.625211715698242,9.29251480102539,35.81219291687012,2024-12-06
B,1,2,2024-11-29,2024-12-13,17.0,21.132648468017578,9.799951553344727,36.31962966918945,2024-12-13
B,1,2,2024-12-06,2024-12-20,20.0,16.991355895996094,5.658658981323242,32.17833709716797,2024-12-20
B,1,2,2024-12-13,2024-12-27,8.0,13.303668022155762,1.9709711074829102,28.490649223327637,2024-12-27
B,1,2,2024-12-20,2025-01-03,26.0,14.037001609802246,2.7043046951293945,29.22398281097412,2025-01-03
B,1,2,2024-12-27,2025-01-10,30.0,10.45244026184082,0.0,25.639421463012695,2025-01-10
B,1,2,2025-01-03,2025-01-17,29.0,15.038579940795898,3.705883026123047,30.225561141967773,2025-01-17
B,1,2,2025-01-10,2025-01-24,25.0,21.52324867248535,10.1905517578125,36.71022987365723,2025-01-24
B,1,2,2025-01-17,2025-01-31,19.0,21.285322189331055,9.952625274658203,36.47230339050293,2025-01-31
B,1,2,2025-01-24,2025-02-07,17.0,20.55896759033203,9.22627067565918,40.10652732849121,2025-02-07
B,1,2,2025-01-31,2025-02-14,39.0,16.253231048583984,4.920534133911133,35.800790786743164,2025-02-14
B,1,2,2025-02-07,2025-02-21,38.0,12.422948837280273,1.0902519226074219,31.970508575439453,2025-02-21
B,1,2,2025-02-14,2025-02-28,28.0,21.04922103881836,9.716524124145508,40.59678077697754,2025-02-28
B,1,2,2025-02-21,2025-03-07,20.0,25.212446212768555,13.879749298095703,44.760005950927734,2025-03-07
B,1,2,2025-02-28,2025-03-14,15.0,21.391788482666016,10.059091567993164,44.13855743408203,2025-03-14
B,1,2,2025-03-07,2025-03-21,19.0,17.05872917175293,5.726032257080078,42.635780334472656,2025-03-21
B,1,2,2025-03-14,2025-03-28,8.0,11.494966506958008,0.16226959228515625,37.072017669677734,2025-03-28
B,1,2,2025-03-21,2025-04-04,11.0,12.341083526611328,1.0083866119384766,37.918134689331055,2025-04-04
B,1,2,2025-03-28,2025-04-11,6.0,8.674615859985352,0.0,34.25166702270508,2025-04-11
B,1,2,2025-04-04,2025-04-18,12.0,7.706896781921387,0.0,33.28394794464111,2025-04-18
B,1,2,2025-04-11,2025-04-25,8.0,6.32694149017334,0.0,31.903992652893066,2025-04-25
B,1,2,2025-04-18,2025-05-02,3.0,7.58155632019043,0.0,33.158607482910156,2025-05-02
B,1,2,2025-04-25,2025-05-09,4.0,6.903764724731445,0.0,32.48081588745117,2025-05-09
B,1,2,2025-05-02,2025-05-16,4.0,6.452184200286865,0.0,32.02923536300659,2025-05-16
B,1,2,2025-05-09,2025-05-23,9.0,4.1195454597473145,0.0,29.69659662246704,2025-05-23
B,1,2,2025-05-16,2025-05-30,1.0,3.852234363555908,0.0,29.429285526275635,2025-05-30
B,1,2,2025-05-23,2025-06-06,4.0,5.538309097290039,0.0,31.115360260009766,2025-06-06
B,1,2,2025-05-30,2025-06-13,4.0,8.069668769836426,0.0,33.64671993255615,2025-06-13
B,1,2,2025-06-06,2025-06-20,4.0,6.399192810058594,0.0,31.97624397277832,2025-06-20
B,1,2,2025-06-13,2025-06-27,8.0,5.643112659454346,0.0,31.220163822174072,2025-06-27
B,1,2,2025-06-20,2025-07-04,6.0,6.101219177246094,0.0,31.67827033996582,2025-07-04
B,1,2,2025-06-27,2025-07-11,7.0,8.73998737335205,0.0,34.31703853607178,2025-07-11
B,1,2,2025-07-04,2025-07-18,7.0,10.878963470458984,0.0,36.45601463317871,2025-07-18
B,1,2,2025-07-11,2025-07-25,6.0,9.391875267028809,0.0,34.968926429748535,2025-07-25
B,1,2,2025-07-18,2025-08-01,20.0,10.203751564025879,0.0,35.780802726745605,2025-08-01
B,1,2,2025-07-25,2025-08-08,15.0,9.364633560180664,0.0,34.94168472290039,2025-08-08
B,1,2,2025-08-01,2025-08-15,17.0,17.078149795532227,5.745452880859375,42.65520095825195,2025-08-15
B,1,2,2025-08-08,2025-08-22,11.0,14.916092872619629,3.5833959579467773,40.493144035339355,2025-08-22
B,1,2,2025-08-15,2025-08-29,12.0,16.56804084777832,5.235343933105469,42.14509201049805,2025-08-29
B,1,2,2025-08-22,2025-09-05,0.0,10.55026912689209,0.0,36.127320289611816,2025-09-05
C,2,2,2023-02-17,2023-03-03,1.0,4.582728385925293,0.0,21.4650297164917,2023-03-03
C,2,2,2023-02-24,2023-03-10,0.0,3.0206191539764404,0.0,19.902920484542847,2023-03-10
C,2,2,2023-03-03,2023-03-17,3.0,2.614949941635132,0.0,19.497251272201538,2023-03-17
C,2,2,2023-03-10,2023-03-24,1.0,2.578958511352539,0.0,19.461259841918945,2023-03-24
C,2,2,2023-03-17,2023-03-31,0.0,2.865522861480713,0.0,19.74782419204712,2023-03-31
C,2,2,2023-03-24,2023-04-07,2.0,2.6582655906677246,0.0,19.54056692123413,2023-04-07
C,2,2,2023-03-31,2023-04-14,1.0,2.562169313430786,0.0,19.444470643997192,2023-04-14
C,2,2,2023-04-07,2023-04-21,10.0,2.57304310798645,0.0,19.455344438552856,2023-04-21
C,2,2,2023-04-14,2023-04-28,2.0,2.843350648880005,0.0,19.72565197944641,2023-04-28
C,2,2,2023-04-21,2023-05-05,3.0,5.347011089324951,0.0,22.229312419891357,2023-05-05
C,2,2,2023-04-28,2023-05-12,3.0,4.697079181671143,0.0,21.57938051223755,2023-05-12
C,2,2,2023-05-05,2023-05-19,4.0,4.265719890594482,0.0,21.14802122116089,2023-05-19
C,2,2,2023-05-12,2023-05-26,1.0,5.218393802642822,0.0,22.10069513320923,2023-05-26
C,2,2,2023-05-19,2023-06-02,11.0,6.56123685836792,0.0,23.443538188934326,2023-06-02
C,2,2,2023-05-26,2023-06-09,10.0,5.324066162109375,0.0,22.20636749267578,2023-06-09
C,2,2,2023-06-02,2023-06-16,5.0,11.302262306213379,0.8240995407104492,28.184563636779785,2023-06-16
C,2,2,2023-06-09,2023-06-23,5.0,13.401348114013672,2.923185348510742,30.283649444580078,2023-06-23
C,2,2,2023-06-16,2023-06-30,2.0,10.464874267578125,0.0,27.34717559814453,2023-06-30
C,2,2,2023-06-23,2023-07-07,6.0,8.066537857055664,0.0,24.94883918762207,2023-07-07
C,2,2,2023-06-30,2023-07-14,3.0,5.516237258911133,0.0,22.39853858947754,2023-07-14
C,2,2,2023-07-07,2023-07-21,5.0,7.6649909019470215,0.0,24.547292232513428,2023-07-21
C,2,2,2023-07-14,2023-07-28,2.0,7.517955303192139,0.0,24.400256633758545,2023-07-28
C,2,2,2023-07-21,2023-08-04,2.0,8.230544090270996,0.0,25.112845420837402,2023-08-04
C,2,2,2023-07-28,2023-08-11,11.0,8.17983627319336,0.0,25.062137603759766,2023-08-11
C,2,2,2023-08-04,2023-08-18,7.0,7.365799903869629,0.0,24.248101234436035,2023-08-18
C,2,2,2023-08-11,2023-08-25,7.0,12.71466064453125,2.2364978790283203,29.596961975097656,2023-08-25
C,2,2,2023-08-18,2023-09-01,9.0,12.049918174743652,1.5717554092407227,28.93221950531006,2023-09-01
C,2,2,2023-08-25,2023-09-08,7.0,11.554471015930176,1.076308250427246,28.436772346496582,2023-09-08
C,2,2,2023-09-01,2023-09-15,12.0,11.904948234558105,1.4267854690551758,28.78724956512451,2023-09-15
C,2,2,2023-09-08,2023-09-22,12.0,11.653623580932617,1.1754608154296875,19.080580472946167,2023-09-22
C,2,2,2023-09-15,2023-09-29,9.0,14.090579986572266,3.612417221069336,21.517536878585815,2023-09-29
C,2,2,2023-09-22,2023-10-06,6.0,16.346555709838867,5.8683929443359375,23.773512601852417,2023-10-06
C,2,2,2023-09-29,2023-10-13,8.0,14.344733238220215,5.87985897064209,21.771690130233765,2023-10-13
C,2,2,2023-10-06,2023-10-20,4.0,9.455667495727539,0.9907932281494141,16.88262438774109,2023-10-20
C,2,2,2023-10-13,2023-10-27,13.0,7.596982479095459,0.0,15.023939371109009,2023-10-27
C,2,2,2023-10-20,2023-11-03,8.0,6.446351528167725,0.0,13.873308420181274,2023-11-03
C,2,2,2023-10-27,2023-11-10,8.0,8.50494384765625,0.0,15.9319007396698,2023-11-10
C,2,2,2023-11-03,2023-11-17,9.0,9.219000816345215,0.0,16.645957708358765,2023-11-17
C,2,2,2023-11-10,2023-11-24,8.0,7.276564598083496,0.0,14.703521490097046,2023-11-24
C,2,2,2023-11-17,2023-12-01,4.0,7.502562046051025,0.0,14.929518938064575,2023-12-01
C,2,2,2023-11-24,2023-12-08,10.0,8.049403190612793,0.0,15.476360082626343,2023-12-08
C,2,2,2023-12-01,2023-12-15,7.0,6.526756763458252,0.0,13.953713655471802,2023-12-15
C,2,2,2023-12-08,2023-12-22,7.0,6.837590217590332,0.0,14.264547109603882,2023-12-22
C,2,2,2023-12-15,2023-12-29,5.0,7.644657611846924,0.0,15.071614503860474,2023-12-29
C,2,2,2023-12-22,2024-01-05,5.0,6.968742847442627,0.0,14.395699739456177,2024-01-05
C,2,2,2023-12-29,2024-01-12,9.0,6.045565128326416,0.0,13.472522020339966,2024-01-12
C,2,2,2024-01-05,2024-01-19,4.0,4.894369602203369,0.0,12.321326494216919,2024-01-19
C,2,2,2024-01-12,2024-01-26,11.0,6.443774223327637,0.0,13.870731115341187,2024-01-26
C,2,2,2024-01-19,2024-02-02,7.0,5.4050116539001465,0.0,12.831968545913696,2024-02-02
C,2,2,2024-01-26,2024-02-09,6.0,7.178138732910156,0.0,14.605095624923706,2024-02-09
C,2,2,2024-02-02,2024-02-16,10.0,6.974536418914795,0.0,14.401493310928345,2024-02-16
C,2,2,2024-02-09,2024-02-23,4.0,5.829170227050781,0.0,13.256127119064331,2024-02-23
C,2,2,2024-02-16,2024-03-01,8.0,6.73917293548584,0.0,14.16612982749939,2024-03-01
C,2,2,2024-02-23,2024-03-08,5.0,5.742081642150879,0.0,13.169038534164429,2024-03-08
C,2,2,2024-03-01,2024-03-15,4.0,6.5450873374938965,0.0,13.972044229507446,2024-03-15
C,2,2,2024-03-08,2024-03-22,7.0,5.908639907836914,0.0,13.335596799850464,2024-03-22
C,2,2,2024-03-15,2024-03-29,1.0,4.5411787033081055,0.0,11.968135595321655,2024-03-29
C,2,2,2024-03-22,2024-04-05,4.0,5.457352161407471,0.0,12.88430905342102,2024-04-05
C,2,2,2024-03-29,2024-04-12,3.0,3.7139694690704346,0.0,11.140926361083984,2024-04-12
C,2,2,2024-04-05,2024-04-19,5.0,3.266652822494507,0.0,10.693609714508057,2024-04-19
C,2,2,2024-04-12,2024-04-26,4.0,3.8442091941833496,0.0,11.2711660861969,2024-04-26
C,2,2,2024-04-19,2024-05-03,1.0,4.587668418884277,0.0,12.014625310897827,2024-05-03
C,2,2,2024-04-26,2024-05-10,2.0,4.270565986633301,0.0,11.69752287864685,2024-05-10
C,2,2,2024-05-03,2024-05-17,2.0,3.663703203201294,0.0,11.090660095214844,2024-05-17
C,2,2,2024-05-10,2024-05-24,1.0,3.2229092121124268,0.0,10.649866104125977,2024-05-24
C,2,2,2024-05-17,2024-05-31,0.0,3.1241350173950195,0.0,10.55109190940857,2024-05-31
C,2,2,2024-05-24,2024-06-07,3.0,5.734560966491699,0.0,13.161517858505249,2024-06-07
C,2,2,2024-05-31,2024-06-14,3.0,4.405109405517578,0.0,11.832066297531128,2024-06-14
C,2,2,2024-06-07,2024-06-21,3.0,4.8913445472717285,0.0,12.318301439285278,2024-06-21
C,2,2,2024-06-14,2024-06-28,7.0,5.220724582672119,0.0,10.62374210357666,2024-06-28
C,2,2,2024-06-21,2024-07-05,5.0,5.007437229156494,0.0,10.410454750061035,2024-07-05
C,2,2,2024-06-28,2024-07-12,11.0,7.501818656921387,0.0,12.904836177825928,2024-07-12
C,2,2,2024-07-05,2024-07-19,17.0,7.084233283996582,0.0,12.487250804901123,2024-07-19
C,2,2,2024-07-12,2024-07-26,14.0,11.772699356079102,1.4261436462402344,17.175716876983643,2024-07-26
C,2,2,2024-07-19,2024-08-02,22.0,19.171388626098633,8.824832916259766,24.574406147003174,2024-08-02
C,2,2,2024-07-26,2024-08-09,24.0,18.398202896118164,8.051647186279297,23.801220417022705,2024-08-09
C,2,2,2024-08-02,2024-08-16,23.0,22.2484073638916,11.901851654052734,32.16417407989502,2024-08-16
C,2,2,2024-08-09,2024-08-23,37.0,26.681682586669922,16.335126876831055,36.59744930267334,2024-08-23
C,2,2,2024-08-16,2024-08-30,29.0,25.138254165649414,14.791698455810547,35.05402088165283,2024-08-30
C,2,2,2024-08-23,2024-09-06,24.0,31.093425750732422,20.746870040893555,41.00919246673584,2024-09-06
C,2,2,2024-08-30,2024-09-13,37.0,31.485307693481445,21.138751983642578,41.40107440948486,2024-09-13
C,2,2,2024-09-06,2024-09-20,24.0,26.471019744873047,16.12446403503418,36.789337158203125,2024-09-20
C,2,2,2024-09-13,2024-09-27,28.0,30.785648345947266,20.4390926361084,41.103965759277344,2024-09-27
C,2,2,2024-09-20,2024-10-04,34.0,28.68981170654297,18.3432559967041,39.00812911987305,2024-10-04
C,2,2,2024-09-27,2024-10-11,23.0,25.339038848876953,14.992483139038086,35.65735626220703,2024-10-11
C,2,2,2024-10-04,2024-10-18,30.0,26.728397369384766,16.3818416595459,37.046714782714844,2024-10-18
C,2,2,2024-10-11,2024-10-25,38.0,19.417057037353516,9.070501327514648,29.735374450683594,2024-10-25
C,2,2,2024-10-18,2024-11-01,35.0,22.931262969970703,12.584707260131836,33.24958038330078,2024-11-01
C,2,2,2024-10-25,2024-11-08,43.0,27.57143783569336,17.224882125854492,37.88975524902344,2024-11-08
C,2,2,2024-11-01,2024-11-15,52.0,26.785724639892578,16.43916893005371,37.104042053222656,2024-11-15
C,2,2,2024-11-08,2024-11-22,44.0,31.964519500732422,21.617963790893555,50.547462463378906,2024-11-22
C,2,2,2024-11-15,2024-11-29,39.0,37.17112731933594,26.82457160949707,55.75407028198242,2024-11-29
C,2,2,2024-11-22,2024-12-06,42.0,32.43660354614258,22.09004783630371,51.01954650878906,2024-12-06
C,2,2,2024-11-29,2024-12-13,30.0,28.323707580566406,21.230281829833984,53.53798294067383,2024-12-13
C,2,2,2024-12-06,2024-12-20,18.0,30.408130645751953,23.31470489501953,55.622406005859375,2024-12-20
C,2,2,2024-12-13,2024-12-27,8.0,25.76910400390625,18.675678253173828,50.98337936401367,2024-12-27
C,2,2,2024-12-20,2025-01-03,22.0,16.803552627563477,9.710126876831055,42.0178279876709,2025-01-03
C,2,2,2024-12-27,2025-01-10,34.0,11.416585922241211,4.323160171508789,36.63086128234863,2025-01-10
C,2,2,2025-01-03,2025-01-17,22.0,13.361857414245605,0.9537267684936523,38.57613277435303,2025-01-17
C,2,2,2025-01-10,2025-01-24,25.0,22.127696990966797,4.358592987060547,47.34197235107422,2025-01-24
C,2,2,2025-01-17,2025-01-31,32.0,18.44412612915039,0.6750221252441406,43.65840148925781,2025-01-31
C,2,2,2025-01-24,2025-02-07,32.0,18.387615203857422,0.6185111999511719,43.601890563964844,2025-02-07
C,2,2,2025-01-31,2025-02-14,51.0,24.492033004760742,6.722929000854492,49.706308364868164,2025-02-14
C,2,2,2025-02-07,2025-02-21,67.0,26.65232276916504,8.883218765258789,51.86659812927246,2025-02-21
C,2,2,2025-02-14,2025-02-28,43.0,36.675392150878906,18.906288146972656,61.88966751098633,2025-02-28
C,2,2,2025-02-21,2025-03-07,33.0,45.51390075683594,27.744796752929688,70.72817611694336,2025-03-07
C,2,2,2025-02-28,2025-03-14,25.0,43.16656494140625,25.3974609375,69.67453193664551,2025-03-14
C,2,2,2025-03-07,2025-03-21,23.0,29.46345329284668,11.69434928894043,69.81113052368164,2025-03-21
C,2,2,2025-03-14,2025-03-28,11.0,21.277324676513672,3.508220672607422,61.62500190734863,2025-03-28
C,2,2,2025-03-21,2025-04-04,15.0,18.281614303588867,0.5125102996826172,58.62929153442383,2025-04-04
C,2,2,2025-03-28,2025-04-11,12.0,13.099743843078613,0.0,53.447421073913574,2025-04-11
C,2,2,2025-04-04,2025-04-18,5.0,10.807330131530762,0.0,51.15500736236572,2025-04-18
C,2,2,2025-04-11,2025-04-25,4.0,10.075916290283203,0.0,50.423593521118164,2025-04-25
C,2,2,2025-04-18,2025-05-02,7.0,7.159391403198242,0.0,47.5070686340332,2025-05-02
C,2,2,2025-04-25,2025-05-09,6.0,4.910730361938477,0.0,45.25840759277344,2025-05-09
C,2,2,2025-05-02,2025-05-16,14.0,6.793873310089111,0.0,47.14155054092407,2025-05-16
C,2,2,2025-05-09,2025-05-23,3.0,5.392727375030518,0.0,45.74040460586548,2025-05-23
C,2,2,2025-05-16,2025-05-30,8.0,8.659760475158691,0.0,49.00743770599365,2025-05-30
C,2,2,2025-05-23,2025-06-06,6.0,5.797059059143066,0.0,46.14473628997803,2025-06-06
C,2,2,2025-05-30,2025-06-13,5.0,10.684152603149414,0.0,51.031829833984375,2025-06-13
C,2,2,2025-06-06,2025-06-20,7.0,10.166823387145996,0.0,50.51450061798096,2025-06-20
C,2,2,2025-06-13,2025-06-27,7.0,7.555924892425537,0.0,47.9036021232605,2025-06-27
C,2,2,2025-06-20,2025-07-04,11.0,8.53730583190918,0.0,48.88498306274414,2025-07-04
C,2,2,2025-06-27,2025-07-11,15.0,9.076852798461914,0.0,49.424530029296875,2025-07-11
C,2,2,2025-07-04,2025-07-18,19.0,14.47412395477295,0.0,54.82180118560791,2025-07-18
C,2,2,2025-07-11,2025-07-25,19.0,17.221498489379883,0.0,57.569175720214844,2025-07-25
C,2,2,2025-07-18,2025-08-01,34.0,21.396026611328125,3.229461669921875,61.743703842163086,2025-08-01
C,2,2,2025-07-25,2025-08-08,28.0,21.93594741821289,3.7693824768066406,62.28362464904785,2025-08-08
C,2,2,2025-08-01,2025-08-15,24.0,29.450340270996094,11.283775329589844,69.79801750183105,2025-08-15
C,2,2,2025-08-08,2025-08-22,22.0,27.30756187438965,9.140996932983398,67.65523910522461,2025-08-22
C,2,2,2025-08-15,2025-08-29,16.0,24.955326080322266,6.788761138916016,65.30300331115723,2025-08-29
C,2,2,2025-08-22,2025-09-05,0.0,20.630754470825195,2.4641895294189453,60.978431701660156,2025-09-05
D,3,2,2023-02-17,2023-03-03,2.0,2.5508933067321777,0.0,7.857352375984192,2023-03-03
D,3,2,2023-02-24,2023-03-10,0.0,1.6880111694335938,0.0,6.994470238685608,2023-03-10
D,3,2,2023-03-03,2023-03-17,2.0,1.8147348165512085,0.0,7.121193885803223,2023-03-17
D,3,2,2023-03-10,2023-03-24,2.0,1.725603699684143,0.0,7.032062768936157,2023-03-24
D,3,2,2023-03-17,2023-03-31,2.0,1.8061952590942383,0.0,7.112654328346252,2023-03-31
D,3,2,2023-03-24,2023-04-07,1.0,1.761954665184021,0.0,7.068413734436035,2023-04-07
D,3,2,2023-03-31,2023-04-14,2.0,1.735484004020691,0.0,7.041943073272705,2023-04-14
D,3,2,2023-04-07,2023-04-21,1.0,1.6587753295898438,0.0,6.965234398841858,2023-04-21
D,3,2,2023-04-14,2023-04-28,0.0,2.3860530853271484,0.0,7.692512154579163,2023-04-28
D,3,2,2023-04-21,2023-05-05,0.0,1.725603699684143,0.0,7.032062768936157,2023-05-05
D,3,2,2023-04-28,2023-05-12,1.0,1.699133038520813,0.0,7.005592107772827,2023-05-12
D,3,2,2023-05-05,2023-05-19,0.0,2.0257761478424072,0.0,7.332235217094421,2023-05-19
D,3,2,2023-05-12,2023-05-26,2.0,2.8957715034484863,0.0,8.2022305727005,2023-05-26
D,3,2,2023-05-19,2023-06-02,0.0,3.073660373687744,0.0,8.380119442939758,2023-06-02
D,3,2,2023-05-26,2023-06-09,0.0,3.070479154586792,0.0,8.376938223838806,2023-06-09
D,3,2,2023-06-02,2023-06-16,3.0,3.23293399810791,0.0,8.539393067359924,2023-06-16
D,3,2,2023-06-09,2023-06-23,3.0,3.451448440551758,0.0,8.757907509803772,2023-06-23
D,3,2,2023-06-16,2023-06-30,2.0,3.0510201454162598,0.0,8.357479214668274,2023-06-30
D,3,2,2023-06-23,2023-07-07,3.0,3.5181684494018555,0.0,8.82462751865387,2023-07-07
D,3,2,2023-06-30,2023-07-14,1.0,3.159564256668091,0.0,8.466023325920105,2023-07-14
D,3,2,2023-07-07,2023-07-21,8.0,3.824401617050171,0.0,8.523478031158447,2023-07-21
D,3,2,2023-07-14,2023-07-28,3.0,3.7452268600463867,0.0,8.444303274154663,2023-07-28
D,3,2,2023-07-21,2023-08-04,5.0,7.4179205894470215,0.0,12.116997003555298,2023-08-04
D,3,2,2023-07-28,2023-08-11,4.0,8.29286003112793,0.5343317985534668,12.991936445236206,2023-08-11
D,3,2,2023-08-04,2023-08-18,2.0,7.613772869110107,0.0,12.312849283218384,2023-08-18
D,3,2,2023-08-11,2023-08-25,9.0,5.002632141113281,0.0,9.701708555221558,2023-08-25
D,3,2,2023-08-18,2023-09-01,1.0,4.5354323387146,0.0,9.234508752822876,2023-09-01
D,3,2,2023-08-25,2023-09-08,2.0,8.47215461730957,0.7136263847351074,13.171231031417847,2023-09-08
D,3,2,2023-09-01,2023-09-15,4.0,7.060556888580322,0.0,11.629558563232422,2023-09-15
D,3,2,2023-09-08,2023-09-22,4.0,4.308309555053711,0.0,8.87731122970581,2023-09-22
D,3,2,2023-09-15,2023-09-29,7.0,4.085005283355713,0.0,8.654006958007812,2023-09-29
D,3,2,2023-09-22,2023-10-06,16.0,5.020485877990723,0.0,9.589487552642822,2023-10-06
D,3,2,2023-09-29,2023-10-13,8.0,7.041439533233643,0.0,11.217037916183472,2023-10-13
D,3,2,2023-10-06,2023-10-20,6.0,10.810239791870117,3.0517115592956543,14.985838174819946,2023-10-20
D,3,2,2023-10-13,2023-10-27,3.0,7.179143905639648,0.0,11.354742288589478,2023-10-27
D,3,2,2023-10-20,2023-11-03,3.0,6.892702102661133,0.0,17.87221622467041,2023-11-03
D,3,2,2023-10-27,2023-11-10,5.0,4.470580101013184,0.0,15.450094223022461,2023-11-10
D,3,2,2023-11-03,2023-11-17,2.0,3.0976479053497314,0.0,14.077162027359009,2023-11-17
D,3,2,2023-11-10,2023-11-24,5.0,3.290431261062622,0.0,14.2699453830719,2023-11-24
D,3,2,2023-11-17,2023-12-01,7.0,2.563920021057129,0.0,13.543434143066406,2023-12-01
D,3,2,2023-11-24,2023-12-08,3.0,3.476677894592285,0.0,14.456192016601562,2023-12-08
D,3,2,2023-12-01,2023-12-15,3.0,4.872744083404541,0.0,15.852258205413818,2023-12-15
D,3,2,2023-12-08,2023-12-22,2.0,3.9181787967681885,0.0,14.897692918777466,2023-12-22
D,3,2,2023-12-15,2023-12-29,0.0,3.3755948543548584,0.0,14.355108976364136,2023-12-29
D,3,2,2023-12-22,2024-01-05,3.0,2.646620035171509,0.0,13.626134157180786,2024-01-05
D,3,2,2023-12-29,2024-01-12,2.0,2.5971333980560303,0.0,13.576647520065308,2024-01-12
D,3,2,2024-01-05,2024-01-19,1.0,2.4215216636657715,0.0,13.401035785675049,2024-01-19
D,3,2,2024-01-12,2024-01-26,2.0,2.2906031608581543,0.0,13.270117282867432,2024-01-26
D,3,2,2024-01-19,2024-02-02,1.0,1.9353331327438354,0.0,12.914847254753113,2024-02-02
D,3,2,2024-01-26,2024-02-09,1.0,1.7727917432785034,0.0,12.75230586528778,2024-02-09
D,3,2,2024-02-02,2024-02-16,0.0,1.7430685758590698,0.0,12.722582697868347,2024-02-16
D,3,2,2024-02-09,2024-02-23,2.0,1.699133038520813,0.0,12.67864716053009,2024-02-23
D,3,2,2024-02-16,2024-03-01,1.0,1.695623517036438,0.0,12.675137639045715,2024-03-01
D,3,2,2024-02-23,2024-03-08,2.0,1.8056386709213257,0.0,12.785152792930603,2024-03-08
D,3,2,2024-03-01,2024-03-15,2.0,1.669152855873108,0.0,12.648666977882385,2024-03-15
D,3,2,2024-03-08,2024-03-22,1.0,1.9853016138076782,0.0,12.964815735816956,2024-03-22
D,3,2,2024-03-15,2024-03-29,1.0,1.7393670082092285,0.0,12.718881130218506,2024-03-29
D,3,2,2024-03-22,2024-04-05,3.0,1.6742478609085083,0.0,12.653761982917786,2024-04-05
D,3,2,2024-03-29,2024-04-12,1.0,1.6813629865646362,0.0,12.660877108573914,2024-04-12
D,3,2,2024-04-05,2024-04-19,1.0,2.0793144702911377,0.0,13.058828592300415,2024-04-19
D,3,2,2024-04-12,2024-04-26,2.0,1.8617712259292603,0.0,12.841285347938538,2024-04-26
D,3,2,2024-04-19,2024-05-03,2.0,1.844682216644287,0.0,12.824196338653564,2024-05-03
D,3,2,2024-04-26,2024-05-10,1.0,1.8334733247756958,0.0,12.812987446784973,2024-05-10
D,3,2,2024-05-03,2024-05-17,1.0,1.7797245979309082,0.0,12.759238719940186,2024-05-17
D,3,2,2024-05-10,2024-05-24,2.0,1.991140604019165,0.0,12.970654726028442,2024-05-24
D,3,2,2024-05-17,2024-05-31,3.0,2.0570180416107178,0.0,13.036532163619995,2024-05-31
D,3,2,2024-05-24,2024-06-07,2.0,3.439727306365967,0.0,14.419241428375244,2024-06-07
D,3,2,2024-05-31,2024-06-14,0.0,3.0363922119140625,0.0,14.01590633392334,2024-06-14
D,3,2,2024-06-07,2024-06-21,2.0,3.240877628326416,0.0,14.220391750335693,2024-06-21
D,3,2,2024-06-14,2024-06-28,2.0,2.906695604324341,0.0,13.886209726333618,2024-06-28
D,3,2,2024-06-21,2024-07-05,1.0,2.883859634399414,0.0,13.863373756408691,2024-07-05
D,3,2,2024-06-28,2024-07-12,6.0,2.9734225273132324,0.0,13.95293664932251,2024-07-12
D,3,2,2024-07-05,2024-07-19,5.0,2.9699625968933105,0.0,13.949476718902588,2024-07-19
D,3,2,2024-07-12,2024-07-26,5.0,4.375094890594482,0.0,15.35460901260376,2024-07-26
D,3,2,2024-07-19,2024-08-02,13.0,6.826681137084961,0.3545265197753906,17.80619525909424,2024-08-02
D,3,2,2024-07-26,2024-08-09,5.0,5.6920247077941895,0.0,16.671538829803467,2024-08-09
D,3,2,2024-08-02,2024-08-16,7.0,11.701001167297363,5.228846549987793,22.68051528930664,2024-08-16
D,3,2,2024-08-09,2024-08-23,4.0,8.985230445861816,2.513075828552246,19.964744567871094,2024-08-23
D,3,2,2024-08-16,2024-08-30,6.0,8.631749153137207,2.1595945358276367,19.611263275146484,2024-08-30
D,3,2,2024-08-23,2024-09-06,5.0,6.015696048736572,0.0,16.99521017074585,2024-09-06
D,3,2,2024-08-30,2024-09-13,8.0,6.123228549957275,0.0,17.102742671966553,2024-09-13
D,3,2,2024-09-06,2024-09-20,10.0,5.87959623336792,0.0,16.859110355377197,2024-09-20
D,3,2,2024-09-13,2024-09-27,8.0,8.240889549255371,1.7687349319458008,19.22040367126465,2024-09-27
D,3,2,2024-09-20,2024-10-04,10.0,13.244683265686035,6.772528648376465,24.224197387695312,2024-10-04
D,3,2,2024-09-27,2024-10-11,5.0,11.247265815734863,4.775111198425293,22.22677993774414,2024-10-11
D,3,2,2024-10-04,2024-10-18,12.0,10.035392761230469,3.5632381439208984,21.014906883239746,2024-10-18
D,3,2,2024-10-11,2024-10-25,3.0,7.912057876586914,1.4399032592773438,18.89157199859619,2024-10-25
D,3,2,2024-10-18,2024-11-01,12.0,10.507555961608887,4.035401344299316,21.487070083618164,2024-11-01
D,3,2,2024-10-25,2024-11-08,12.0,6.6390767097473145,0.16692209243774414,17.618590831756592,2024-11-08
D,3,2,2024-11-01,2024-11-15,18.0,8.4337739944458,2.1865081787109375,19.413288116455078,2024-11-15
D,3,2,2024-11-08,2024-11-22,10.0,12.947650909423828,6.700385093688965,23.927165031433105,2024-11-22
D,3,2,2024-11-15,2024-11-29,14.0,12.959647178649902,6.712381362915039,23.93916130065918,2024-11-29
D,3,2,2024-11-22,2024-12-06,6.0,7.717530250549316,1.4702644348144531,18.697044372558594,2024-12-06
D,3,2,2024-11-29,2024-12-13,6.0,11.187891006469727,4.940625190734863,20.754117012023926,2024-12-13
D,3,2,2024-12-06,2024-12-20,12.0,6.990456581115723,0.7431907653808594,16.556682586669922,2024-12-20
D,3,2,2024-12-13,2024-12-27,1.0,5.539114952087402,0.0,15.105340957641602,2024-12-27
D,3,2,2024-12-20,2025-01-03,8.0,8.15571117401123,1.9084453582763672,17.72193717956543,2025-01-03
D,3,2,2024-12-27,2025-01-10,6.0,5.16804838180542,0.0,14.73427438735962,2025-01-10
D,3,2,2025-01-03,2025-01-17,8.0,5.206204414367676,0.0,14.772430419921875,2025-01-17
D,3,2,2025-01-10,2025-01-24,11.0,5.434656143188477,0.0,15.000882148742676,2025-01-24
D,3,2,2025-01-17,2025-01-31,10.0,5.959959030151367,0.0,15.526185035705566,2025-01-31
D,3,2,2025-01-24,2025-02-07,11.0,6.759166240692139,0.5119004249572754,16.325392246246338,2025-02-07
D,3,2,2025-01-31,2025-02-14,20.0,7.297770977020264,1.0505051612854004,16.863996982574463,2025-02-14
D,3,2,2025-02-07,2025-02-21,14.0,8.034960746765137,1.7876949310302734,17.601186752319336,2025-02-21
D,3,2,2025-02-14,2025-02-28,16.0,13.933610916137695,7.686345100402832,23.499836921691895,2025-02-28
D,3,2,2025-02-21,2025-03-07,12.0,11.133112907409668,4.885847091674805,20.699338912963867,2025-03-07
D,3,2,2025-02-28,2025-03-14,10.0,11.128561973571777,4.881296157836914,23.830790996551514,2025-03-14
D,3,2,2025-03-07,2025-03-21,2.0,9.439661979675293,3.1923961639404297,22.14189100265503,2025-03-21
D,3,2,2025-03-14,2025-03-28,4.0,7.246174335479736,0.998908519744873,19.948403358459473,2025-03-28
D,3,2,2025-03-21,2025-04-04,4.0,4.999457836151123,0.0,17.70168685913086,2025-04-04
D,3,2,2025-03-28,2025-04-11,0.0,3.2761166095733643,0.0,15.9783456325531,2025-04-11
D,3,2,2025-04-04,2025-04-18,5.0,3.291171073913574,0.0,15.99340009689331,2025-04-18
D,3,2,2025-04-11,2025-04-25,4.0,2.6551711559295654,0.0,15.357400178909302,2025-04-25
D,3,2,2025-04-18,2025-05-02,2.0,2.949953317642212,0.0,15.652182340621948,2025-05-02
D,3,2,2025-04-25,2025-05-09,0.0,3.0665602684020996,0.0,15.768789291381836,2025-05-09
D,3,2,2025-05-02,2025-05-16,2.0,2.79032826423645,0.0,15.492557287216187,2025-05-16
D,3,2,2025-05-09,2025-05-23,2.0,2.148670196533203,0.0,14.85089921951294,2025-05-23
D,3,2,2025-05-16,2025-05-30,1.0,1.9217023849487305,0.0,14.623931407928467,2025-05-30
D,3,2,2025-05-23,2025-06-06,2.0,1.7868398427963257,0.0,14.489068865776062,2025-06-06
D,3,2,2025-05-30,2025-06-13,6.0,3.29976224899292,0.0,16.001991271972656,2025-06-13
D,3,2,2025-06-06,2025-06-20,3.0,3.469599723815918,0.0,16.171828746795654,2025-06-20
D,3,2,2025-06-13,2025-06-27,8.0,4.112158298492432,0.0,16.814387321472168,2025-06-27
D,3,2,2025-06-20,2025-07-04,5.0,4.636574745178223,0.0,17.33880376815796,2025-07-04
D,3,2,2025-06-27,2025-07-11,7.0,7.1740522384643555,0.0,19.876281261444092,2025-07-11
D,3,2,2025-07-04,2025-07-18,4.0,9.867289543151855,2.4276275634765625,22.569518566131592,2025-07-18
D,3,2,2025-07-11,2025-07-25,4.0,7.90912389755249,0.46946191787719727,20.611352920532227,2025-07-25
D,3,2,2025-07-18,2025-08-01,8.0,7.403777599334717,0.0,20.106006622314453,2025-08-01
D,3,2,2025-07-25,2025-08-08,15.0,6.405847549438477,0.0,19.108076572418213,2025-08-08
D,3,2,2025-08-01,2025-08-15,8.0,8.160106658935547,0.7204446792602539,20.862335681915283,2025-08-15
D,3,2,2025-08-08,2025-08-22,2.0,12.361059188842773,4.9213972091674805,25.06328821182251,2025-08-22
D,3,2,2025-08-15,2025-08-29,7.0,11.005134582519531,3.5654726028442383,23.707363605499268,2025-08-29
D,3,2,2025-08-22,2025-09-05,0.0,5.703749179840088,0.0,18.405978202819824,2025-09-05
E,4,2,2023-02-17,2023-03-03,1.0,4.295681476593018,0.0,10.13007116317749,2023-03-03
E,4,2,2023-02-24,2023-03-10,0.0,3.04034161567688,0.0,8.874731302261353,2023-03-10
E,4,2,2023-03-03,2023-03-17,0.0,2.012726068496704,0.0,7.847115755081177,2023-03-17
E,4,2,2023-03-10,2023-03-24,2.0,1.6949249505996704,0.0,7.529314637184143,2023-03-24
E,4,2,2023-03-17,2023-03-31,4.0,1.7327699661254883,0.0,7.567159652709961,2023-03-31
E,4,2,2023-03-24,2023-04-07,3.0,1.658473253250122,0.0,7.492862939834595,2023-04-07
E,4,2,2023-03-31,2023-04-14,3.0,2.3263161182403564,0.0,8.160705804824829,2023-04-14
E,4,2,2023-04-07,2023-04-21,3.0,2.809062957763672,0.0,8.643452644348145,2023-04-21
E,4,2,2023-04-14,2023-04-28,2.0,2.8887522220611572,0.0,8.72314190864563,2023-04-28
E,4,2,2023-04-21,2023-05-05,0.0,2.4554944038391113,0.0,8.289884090423584,2023-05-05
E,4,2,2023-04-28,2023-05-12,1.0,2.063566207885742,0.0,7.897955894470215,2023-05-12
E,4,2,2023-05-05,2023-05-19,1.0,2.183359146118164,0.0,8.017748832702637,2023-05-19
E,4,2,2023-05-12,2023-05-26,0.0,2.777531147003174,0.0,8.611920833587646,2023-05-26
E,4,2,2023-05-19,2023-06-02,2.0,3.1744866371154785,0.0,9.008876323699951,2023-06-02
E,4,2,2023-05-26,2023-06-09,1.0,2.814258098602295,0.0,8.648647785186768,2023-06-09
E,4,2,2023-06-02,2023-06-16,2.0,3.2607641220092773,0.0,9.09515380859375,2023-06-16
E,4,2,2023-06-09,2023-06-23,0.0,3.420769691467285,0.0,9.255159378051758,2023-06-23
E,4,2,2023-06-16,2023-06-30,3.0,2.683257579803467,0.0,8.51764726638794,2023-06-30
E,4,2,2023-06-23,2023-07-07,3.0,2.7575478553771973,0.0,8.59193754196167,2023-07-07
E,4,2,2023-06-30,2023-07-14,1.0,2.547211170196533,0.0,8.381600856781006,2023-07-14
E,4,2,2023-07-07,2023-07-21,3.0,3.701333999633789,0.0,9.535723686218262,2023-07-21
E,4,2,2023-07-14,2023-07-28,1.0,3.7825896739959717,0.0,9.616979360580444,2023-07-28
E,4,2,2023-07-21,2023-08-04,3.0,4.207292079925537,0.0,10.04168176651001,2023-08-04
E,4,2,2023-07-28,2023-08-11,6.0,5.297746181488037,0.0,11.13213586807251,2023-08-11
E,4,2,2023-08-04,2023-08-18,5.0,4.765380859375,0.0,10.599770545959473,2023-08-18
E,4,2,2023-08-11,2023-08-25,4.0,5.097250938415527,0.0,10.931640625,2023-08-25
E,4,2,2023-08-18,2023-09-01,2.0,5.873043537139893,0.0,11.707433223724365,2023-09-01
E,4,2,2023-08-25,2023-09-08,3.0,5.659823894500732,0.0,11.494213581085205,2023-09-08
E,4,2,2023-09-01,2023-09-15,4.0,4.834095478057861,0.0,10.668485164642334,2023-09-15
E,4,2,2023-09-08,2023-09-22,3.0,3.873220682144165,0.0,8.968212723731995,2023-09-22
E,4,2,2023-09-15,2023-09-29,6.0,4.093745708465576,0.0,9.188737750053406,2023-09-29
E,4,2,2023-09-22,2023-10-06,2.0,4.787154674530029,0.0,9.882146716117859,2023-10-06
E,4,2,2023-09-29,2023-10-13,2.0,5.138390064239502,0.0,10.233382105827332,2023-10-13
E,4,2,2023-10-06,2023-10-20,5.0,4.0418548583984375,0.0,9.136846899986267,2023-10-20
E,4,2,2023-10-13,2023-10-27,3.0,2.542696714401245,0.0,7.637688755989075,2023-10-27
E,4,2,2023-10-20,2023-11-03,2.0,4.231578826904297,0.0,9.326570868492126,2023-11-03
E,4,2,2023-10-27,2023-11-10,4.0,3.3341479301452637,0.0,8.429139971733093,2023-11-10
E,4,2,2023-11-03,2023-11-17,5.0,2.707369565963745,0.0,7.802361607551575,2023-11-17
E,4,2,2023-11-10,2023-11-24,4.0,2.696624994277954,0.0,7.791617035865784,2023-11-24
E,4,2,2023-11-17,2023-12-01,5.0,3.668111562728882,0.0,8.763103604316711,2023-12-01
E,4,2,2023-11-24,2023-12-08,3.0,3.7641236782073975,0.0,8.859115719795227,2023-12-08
E,4,2,2023-12-01,2023-12-15,3.0,4.435295104980469,0.5589687824249268,9.530287146568298,2023-12-15
E,4,2,2023-12-08,2023-12-22,2.0,3.489952325820923,0.0,8.584944367408752,2023-12-22
E,4,2,2023-12-15,2023-12-29,1.0,3.1473329067230225,0.0,8.242324948310852,2023-12-29
E,4,2,2023-12-22,2024-01-05,2.0,2.7002675533294678,0.0,7.795259594917297,2024-01-05
E,4,2,2023-12-29,2024-01-12,0.0,2.4395763874053955,0.0,7.534568428993225,2024-01-12
E,4,2,2024-01-05,2024-01-19,0.0,2.1192126274108887,0.0,7.214204668998718,2024-01-19
E,4,2,2024-01-12,2024-01-26,2.0,1.9896527528762817,0.0,7.084644794464111,2024-01-26
E,4,2,2024-01-19,2024-02-02,2.0,2.0132768154144287,0.0,7.108268857002258,2024-02-02
E,4,2,2024-01-26,2024-02-09,1.0,1.8089412450790405,0.0,6.90393328666687,2024-02-09
E,4,2,2024-02-02,2024-02-16,2.0,1.7378551959991455,0.0,6.832847237586975,2024-02-16
E,4,2,2024-02-09,2024-02-23,3.0,1.601625919342041,0.0,6.696617960929871,2024-02-23
E,4,2,2024-02-16,2024-03-01,1.0,1.7410218715667725,0.0,6.836013913154602,2024-03-01
E,4,2,2024-02-23,2024-03-08,2.0,2.1934850215911865,0.0,7.288477063179016,2024-03-08
E,4,2,2024-03-01,2024-03-15,2.0,1.8310924768447876,0.0,6.926084518432617,2024-03-15
E,4,2,2024-03-08,2024-03-22,3.0,1.921191692352295,0.0,7.0161837339401245,2024-03-22
E,4,2,2024-03-15,2024-03-29,0.0,1.8101364374160767,0.0,6.905128479003906,2024-03-29
E,4,2,2024-03-22,2024-04-05,0.0,2.296433448791504,0.0,7.3914254903793335,2024-04-05
E,4,2,2024-03-29,2024-04-12,3.0,1.8681875467300415,0.0,6.963179588317871,2024-04-12
E,4,2,2024-04-05,2024-04-19,0.0,1.7710002660751343,0.0,6.865992307662964,2024-04-19
E,4,2,2024-04-12,2024-04-26,2.0,2.07861590385437,0.0,4.371246337890625,2024-04-26
E,4,2,2024-04-19,2024-05-03,0.0,1.9490357637405396,0.0,4.241666197776794,2024-05-03
E,4,2,2024-04-26,2024-05-10,0.0,1.8232041597366333,0.0,4.115834593772888,2024-05-10
E,4,2,2024-05-03,2024-05-17,1.0,1.6087411642074585,0.0,3.9013715982437134,2024-05-17
E,4,2,2024-05-10,2024-05-24,1.0,1.978951096534729,0.0,4.271581530570984,2024-05-24
E,4,2,2024-05-17,2024-05-31,1.0,1.900748610496521,0.0,4.193379044532776,2024-05-31
E,4,2,2024-05-24,2024-06-07,2.0,3.201894760131836,0.0,5.494525194168091,2024-06-07
E,4,2,2024-05-31,2024-06-14,7.0,2.5029349327087402,0.0,4.795565366744995,2024-06-14
E,4,2,2024-06-07,2024-06-21,3.0,2.7598824501037598,0.0,5.052512884140015,2024-06-21
E,4,2,2024-06-14,2024-06-28,1.0,5.559463977813721,1.6864204406738281,7.852094411849976,2024-06-28
E,4,2,2024-06-21,2024-07-05,1.0,4.458895683288574,0.5858521461486816,6.751526117324829,2024-07-05
E,4,2,2024-06-28,2024-07-12,4.0,3.3135058879852295,0.0,7.810570955276489,2024-07-12
E,4,2,2024-07-05,2024-07-19,4.0,3.205782651901245,0.0,7.702847719192505,2024-07-19
E,4,2,2024-07-12,2024-07-26,5.0,3.779572010040283,0.0,8.276637077331543,2024-07-26
E,4,2,2024-07-19,2024-08-02,8.0,5.519286632537842,0.9598226547241211,10.016351699829102,2024-08-02
E,4,2,2024-07-26,2024-08-09,1.0,5.742541790008545,1.1830778121948242,10.239606857299805,2024-08-09
E,4,2,2024-08-02,2024-08-16,1.0,8.175901412963867,3.6164374351501465,12.672966480255127,2024-08-16
E,4,2,2024-08-09,2024-08-23,11.0,6.3959269523620605,1.8364629745483398,10.89299201965332,2024-08-23
E,4,2,2024-08-16,2024-08-30,6.0,3.690385580062866,0.0,8.187450647354126,2024-08-30
E,4,2,2024-08-23,2024-09-06,6.0,8.898935317993164,4.156393527984619,13.396000385284424,2024-09-06
E,4,2,2024-08-30,2024-09-13,15.0,8.82005500793457,1.6441535949707031,13.31712007522583,2024-09-13
E,4,2,2024-09-06,2024-09-20,8.0,6.558865547180176,0.0,11.162938594818115,2024-09-20
E,4,2,2024-09-13,2024-09-27,18.0,12.92726993560791,5.751368522644043,17.53134298324585,2024-09-27
E,4,2,2024-09-20,2024-10-04,15.0,11.987442970275879,4.811541557312012,16.59151601791382,2024-10-04
E,4,2,2024-09-27,2024-10-11,10.0,15.1965913772583,8.020689964294434,21.37653636932373,2024-10-11
E,4,2,2024-10-04,2024-10-18,11.0,12.770731925964355,5.594830513000488,18.950676918029785,2024-10-18
E,4,2,2024-10-11,2024-10-25,4.0,9.74622917175293,2.5703277587890625,15.92617416381836,2024-10-25
E,4,2,2024-10-18,2024-11-01,13.0,10.569395065307617,3.39349365234375,16.749340057373047,2024-11-01
E,4,2,2024-10-25,2024-11-08,10.0,6.884095668792725,0.0,13.064040660858154,2024-11-08
E,4,2,2024-11-01,2024-11-15,21.0,8.710833549499512,1.5349321365356445,14.890778541564941,2024-11-15
E,4,2,2024-11-08,2024-11-22,15.0,10.821791648864746,3.645890235900879,17.001736640930176,2024-11-22
E,4,2,2024-11-15,2024-11-29,17.0,13.807417869567871,6.631516456604004,19.9873628616333,2024-11-29
E,4,2,2024-11-22,2024-12-06,12.0,11.106913566589355,3.9310121536254883,17.286858558654785,2024-12-06
E,4,2,2024-11-29,2024-12-13,10.0,12.936902046203613,5.761000633239746,25.2260684967041,2024-12-13
E,4,2,2024-12-06,2024-12-20,4.0,9.73072624206543,2.5548248291015625,22.019892692565918,2024-12-20
E,4,2,2024-12-13,2024-12-27,2.0,7.450955390930176,0.2750539779663086,19.740121841430664,2024-12-27
E,4,2,2024-12-20,2025-01-03,15.0,6.5174994468688965,0.0,18.806665897369385,2025-01-03
E,4,2,2024-12-27,2025-01-10,22.0,4.398654937744141,0.0,16.68782138824463,2025-01-10
E,4,2,2025-01-03,2025-01-17,12.0,6.9950666427612305,0.0,19.28423309326172,2025-01-17
E,4,2,2025-01-10,2025-01-24,16.0,12.5468111038208,5.370909690856934,24.83597755432129,2025-01-24
E,4,2,2025-01-17,2025-01-31,24.0,10.451167106628418,3.275265693664551,22.740333557128906,2025-01-31
E,4,2,2025-01-24,2025-02-07,16.0,10.376551628112793,3.200650215148926,27.977896690368652,2025-02-07
E,4,2,2025-01-31,2025-02-14,35.0,16.325393676757812,9.149492263793945,33.92673873901367,2025-02-14
E,4,2,2025-02-07,2025-02-21,25.0,13.69483757019043,6.5189361572265625,31.29618263244629,2025-02-21
E,4,2,2025-02-14,2025-02-28,23.0,23.080097198486328,15.904195785522461,40.68144226074219,2025-02-28
E,4,2,2025-02-21,2025-03-07,15.0,23.541690826416016,16.36578941345215,41.143035888671875,2025-03-07
E,4,2,2025-02-28,2025-03-14,17.0,16.870962142944336,9.695060729980469,35.54556846618652,2025-03-14
E,4,2,2025-03-07,2025-03-21,14.0,13.244908332824707,6.06900691986084,31.919514656066895,2025-03-21
E,4,2,2025-03-14,2025-03-28,15.0,10.979641914367676,3.8037405014038086,29.654248237609863,2025-03-28
E,4,2,2025-03-21,2025-04-04,9.0,9.63018798828125,1.0884971618652344,28.304794311523438,2025-04-04
E,4,2,2025-03-28,2025-04-11,3.0,9.316319465637207,0.7746286392211914,27.990925788879395,2025-04-11
E,4,2,2025-04-04,2025-04-18,2.0,7.91887903213501,0.0,26.593485355377197,2025-04-18
E,4,2,2025-04-11,2025-04-25,4.0,5.346482753753662,0.0,24.02108907699585,2025-04-25
E,4,2,2025-04-18,2025-05-02,5.0,2.8721091747283936,0.0,21.54671549797058,2025-05-02
E,4,2,2025-04-25,2025-05-09,5.0,2.5880544185638428,0.0,21.26266074180603,2025-05-09
E,4,2,2025-05-02,2025-05-16,2.0,3.7953803539276123,0.0,22.4699866771698,2025-05-16
E,4,2,2025-05-09,2025-05-23,7.0,3.98846435546875,0.0,22.663070678710938,2025-05-23
E,4,2,2025-05-16,2025-05-30,10.0,2.71358323097229,0.0,21.388189554214478,2025-05-30
E,4,2,2025-05-23,2025-06-06,5.0,3.8326778411865234,0.0,22.50728416442871,2025-06-06
E,4,2,2025-05-30,2025-06-13,8.0,8.610079765319824,0.0683889389038086,27.28468608856201,2025-06-13
E,4,2,2025-06-06,2025-06-20,5.0,8.607024192810059,0.06533336639404297,27.281630516052246,2025-06-20
E,4,2,2025-06-13,2025-06-27,3.0,8.578925132751465,0.03723430633544922,27.253531455993652,2025-06-27
E,4,2,2025-06-20,2025-07-04,7.0,7.414510250091553,0.0,26.08911657333374,2025-07-04
E,4,2,2025-06-27,2025-07-11,6.0,4.972554683685303,0.0,23.64716100692749,2025-07-11
E,4,2,2025-07-04,2025-07-18,7.0,9.451313018798828,0.9096221923828125,28.125919342041016,2025-07-18
E,4,2,2025-07-11,2025-07-25,5.0,6.016457557678223,0.0,24.69106388092041,2025-07-25
E,4,2,2025-07-18,2025-08-01,10.0,8.741918563842773,0.2002277374267578,27.41652488708496,2025-08-01
E,4,2,2025-07-25,2025-08-08,14.0,9.227117538452148,0.6854267120361328,27.901723861694336,2025-08-08
E,4,2,2025-08-01,2025-08-15,16.0,8.355184555053711,0.0,27.0297908782959,2025-08-15
E,4,2,2025-08-08,2025-08-22,9.0,12.385501861572266,3.84381103515625,31.060108184814453,2025-08-22
E,4,2,2025-08-15,2025-08-29,12.0,16.367979049682617,7.826288223266602,35.042585372924805,2025-08-29
E,4,2,2025-08-22,2025-09-05,0.0,8.904871940612793,0.36318111419677734,27.57947826385498,2025-09-05
F,5,2,2023-02-17,2023-03-03,0.0,2.574345111846924,0.0,5.750089406967163,2023-03-03
F,5,2,2023-02-24,2023-03-10,0.0,1.6036144495010376,0.0,4.779358744621277,2023-03-10
F,5,2,2023-03-03,2023-03-17,1.0,1.6243784427642822,0.0,4.8001227378845215,2023-03-17
F,5,2,2023-03-10,2023-03-24,1.0,1.5505961179733276,0.0,4.726340413093567,2023-03-24
F,5,2,2023-03-17,2023-03-31,0.0,1.6135889291763306,0.0,4.78933322429657,2023-03-31
F,5,2,2023-03-24,2023-04-07,1.0,1.5522903203964233,0.0,4.728034615516663,2023-04-07
F,5,2,2023-03-31,2023-04-14,1.0,1.5522903203964233,0.0,4.728034615516663,2023-04-14
F,5,2,2023-04-07,2023-04-21,1.0,1.5849056243896484,0.0,4.760649919509888,2023-04-21
F,5,2,2023-04-14,2023-04-28,0.0,1.9833282232284546,0.0,5.159072518348694,2023-04-28
F,5,2,2023-04-21,2023-05-05,0.0,1.6384741067886353,0.0,4.8142184019088745,2023-05-05
F,5,2,2023-04-28,2023-05-12,3.0,1.571645736694336,0.0,4.747390031814575,2023-05-12
F,5,2,2023-05-05,2023-05-19,1.0,1.8418079614639282,0.0,5.0175522565841675,2023-05-19
F,5,2,2023-05-12,2023-05-26,1.0,3.1805624961853027,0.0,6.356306791305542,2023-05-26
F,5,2,2023-05-19,2023-06-02,2.0,3.4252867698669434,0.0,6.601031064987183,2023-06-02
F,5,2,2023-05-26,2023-06-09,1.0,2.9883296489715576,0.0,6.164073944091797,2023-06-09
F,5,2,2023-06-02,2023-06-16,2.0,3.3186306953430176,0.0,6.494374990463257,2023-06-16
F,5,2,2023-06-09,2023-06-23,5.0,3.4900107383728027,0.0,6.665755033493042,2023-06-23
F,5,2,2023-06-16,2023-06-30,4.0,2.769639492034912,0.0,5.945383787155151,2023-06-30
F,5,2,2023-06-23,2023-07-07,1.0,4.168437957763672,0.03902626037597656,7.344182252883911,2023-07-07
F,5,2,2023-06-30,2023-07-14,1.0,3.67539644241333,0.0,6.851140737533569,2023-07-14
F,5,2,2023-07-07,2023-07-21,1.0,4.189224720001221,0.05981302261352539,7.36496901512146,2023-07-21
F,5,2,2023-07-14,2023-07-28,1.0,3.8301827907562256,0.0,7.005927085876465,2023-07-28
F,5,2,2023-07-21,2023-08-04,1.0,3.6346893310546875,0.0,6.810433626174927,2023-08-04
F,5,2,2023-07-28,2023-08-11,2.0,4.728538513183594,0.5991268157958984,7.904282808303833,2023-08-11
F,5,2,2023-08-04,2023-08-18,3.0,4.163455963134766,0.03404426574707031,7.339200258255005,2023-08-18
F,5,2,2023-08-11,2023-08-25,6.0,3.3589887619018555,0.0,6.534733057022095,2023-08-25
F,5,2,2023-08-18,2023-09-01,5.0,3.7364282608032227,0.0,6.912172555923462,2023-09-01
F,5,2,2023-08-25,2023-09-08,5.0,5.812936782836914,1.6835250854492188,8.988681077957153,2023-09-08
F,5,2,2023-09-01,2023-09-15,3.0,6.207056522369385,2.0776448249816895,9.382800817489624,2023-09-15
F,5,2,2023-09-08,2023-09-22,3.0,5.567525386810303,1.4381136894226074,8.743269681930542,2023-09-22
F,5,2,2023-09-15,2023-09-29,2.0,4.625173568725586,0.4957618713378906,7.297653436660767,2023-09-29
F,5,2,2023-09-22,2023-10-06,4.0,4.372341156005859,0.24292945861816406,7.04482102394104,2023-10-06
F,5,2,2023-09-29,2023-10-13,7.0,3.9204585552215576,0.0,6.592938423156738,2023-10-13
F,5,2,2023-10-06,2023-10-20,3.0,3.4238102436065674,0.0,6.096290111541748,2023-10-20
F,5,2,2023-10-13,2023-10-27,4.0,4.885593414306641,1.3434433937072754,7.558073282241821,2023-10-27
F,5,2,2023-10-20,2023-11-03,3.0,4.678739070892334,1.1365890502929688,7.351218938827515,2023-11-03
F,5,2,2023-10-27,2023-11-10,2.0,3.8139145374298096,0.27176451683044434,6.893455982208252,2023-11-10
F,5,2,2023-11-03,2023-11-17,2.0,3.5933921337127686,0.05124211311340332,6.672933578491211,2023-11-17
F,5,2,2023-11-10,2023-11-24,3.0,2.5401129722595215,0.0,5.619654417037964,2023-11-24
F,5,2,2023-11-17,2023-12-01,2.0,1.7997303009033203,0.0,4.879271745681763,2023-12-01
F,5,2,2023-11-24,2023-12-08,5.0,2.597290515899658,0.0,5.676831960678101,2023-12-08
F,5,2,2023-12-01,2023-12-15,4.0,2.7377848625183105,0.0,5.817326307296753,2023-12-15
F,5,2,2023-12-08,2023-12-22,0.0,3.533951997756958,0.22086453437805176,6.6134934425354,2023-12-22
F,5,2,2023-12-15,2023-12-29,5.0,3.6397151947021484,0.3266277313232422,6.719256639480591,2023-12-29
F,5,2,2023-12-22,2024-01-05,4.0,3.181473970413208,0.0,6.26101541519165,2024-01-05
F,5,2,2023-12-29,2024-01-12,5.0,3.7377779483795166,0.42469048500061035,6.817319393157959,2024-01-12
F,5,2,2024-01-05,2024-01-19,3.0,3.467318058013916,0.0,6.546859502792358,2024-01-19
F,5,2,2024-01-12,2024-01-26,1.0,3.8649065494537354,0.33095455169677734,6.944447994232178,2024-01-26
F,5,2,2024-01-19,2024-02-02,3.0,3.054870367050171,0.0,6.134411811828613,2024-02-02
F,5,2,2024-01-26,2024-02-09,7.0,2.0597524642944336,0.0,5.139293909072876,2024-02-09
F,5,2,2024-02-02,2024-02-16,1.0,2.14406681060791,0.0,5.2236082553863525,2024-02-16
F,5,2,2024-02-09,2024-02-23,5.0,3.843646287918091,0.3096942901611328,6.923187732696533,2024-02-23
F,5,2,2024-02-16,2024-03-01,3.0,2.9126667976379395,0.0,5.992208242416382,2024-03-01
F,5,2,2024-02-23,2024-03-08,4.0,3.078584671020508,0.0,8.018832206726074,2024-03-08
F,5,2,2024-03-01,2024-03-15,0.0,2.788724184036255,0.0,7.728971719741821,2024-03-15
F,5,2,2024-03-08,2024-03-22,2.0,2.5972390174865723,0.0,7.537486553192139,2024-03-22
F,5,2,2024-03-15,2024-03-29,0.0,2.4098925590515137,0.0,7.35014009475708,2024-03-29
F,5,2,2024-03-22,2024-04-05,3.0,1.9013409614562988,0.0,6.841588497161865,2024-04-05
F,5,2,2024-03-29,2024-04-12,1.0,1.683434247970581,0.0,6.6236817836761475,2024-04-12
F,5,2,2024-04-05,2024-04-19,2.0,1.9972797632217407,0.0,6.937527298927307,2024-04-19
F,5,2,2024-04-12,2024-04-26,0.0,1.8030107021331787,0.0,6.743258237838745,2024-04-26
F,5,2,2024-04-19,2024-05-03,3.0,1.8002362251281738,0.0,6.74048376083374,2024-05-03
F,5,2,2024-04-26,2024-05-10,1.0,1.6078543663024902,0.0,6.548101902008057,2024-05-10
F,5,2,2024-05-03,2024-05-17,0.0,2.0239803791046143,0.0,6.964227914810181,2024-05-17
F,5,2,2024-05-10,2024-05-24,1.0,2.1016218662261963,0.0,7.041869401931763,2024-05-24
F,5,2,2024-05-17,2024-05-31,2.0,2.0154290199279785,0.0,6.955676555633545,2024-05-31
F,5,2,2024-05-24,2024-06-07,0.0,3.01969051361084,0.0,7.959938049316406,2024-06-07
F,5,2,2024-05-31,2024-06-14,4.0,2.8428821563720703,0.0,7.783129692077637,2024-06-14
F,5,2,2024-06-07,2024-06-21,1.0,2.937873363494873,0.0,7.8781208992004395,2024-06-21
F,5,2,2024-06-14,2024-06-28,2.0,3.3879051208496094,0.0,8.328152656555176,2024-06-28
F,5,2,2024-06-21,2024-07-05,4.0,3.6832637786865234,0.14931178092956543,8.62351131439209,2024-07-05
F,5,2,2024-06-28,2024-07-12,5.0,3.0548107624053955,0.0,7.995058298110962,2024-07-12
F,5,2,2024-07-05,2024-07-19,4.0,3.64044189453125,0.10648989677429199,8.580689430236816,2024-07-19
F,5,2,2024-07-12,2024-07-26,4.0,5.015386581420898,1.4814345836639404,9.955634117126465,2024-07-26
F,5,2,2024-07-19,2024-08-02,6.0,5.452369689941406,1.9184176921844482,10.392617225646973,2024-08-02
F,5,2,2024-07-26,2024-08-09,8.0,5.132005214691162,1.598053216934204,10.072252750396729,2024-08-09
F,5,2,2024-08-02,2024-08-16,17.0,5.745422840118408,2.21147084236145,10.685670375823975,2024-08-16
F,5,2,2024-08-09,2024-08-23,3.0,8.275211334228516,4.741259336471558,13.215458869934082,2024-08-23
F,5,2,2024-08-16,2024-08-30,4.0,15.960396766662598,12.42644476890564,20.900644302368164,2024-08-30
F,5,2,2024-08-23,2024-09-06,9.0,9.037579536437988,5.50362753868103,13.977827072143555,2024-09-06
F,5,2,2024-08-30,2024-09-13,7.0,5.905195236206055,2.3712432384490967,17.159772396087646,2024-09-13
F,5,2,2024-09-06,2024-09-20,10.0,8.400790214538574,3.1255788803100586,19.655367374420166,2024-09-20
F,5,2,2024-09-13,2024-09-27,11.0,9.768386840820312,0.0,21.022964000701904,2024-09-27
F,5,2,2024-09-20,2024-10-04,7.0,11.80130386352539,0.0,23.055881023406982,2024-10-04
F,5,2,2024-09-27,2024-10-11,15.0,12.704254150390625,0.7438573837280273,23.958831310272217,2024-10-11
F,5,2,2024-10-04,2024-10-18,14.0,9.401201248168945,0.0,20.655778408050537,2024-10-18
F,5,2,2024-10-11,2024-10-25,7.0,10.151394844055176,0.0,21.405972003936768,2024-10-25
F,5,2,2024-10-18,2024-11-01,16.0,13.35664176940918,1.396245002746582,24.61121892929077,2024-11-01
F,5,2,2024-10-25,2024-11-08,8.0,10.253986358642578,0.0,21.50856351852417,2024-11-08
F,5,2,2024-11-01,2024-11-15,13.0,10.234223365783691,0.0,21.488800525665283,2024-11-15
F,5,2,2024-11-08,2024-11-22,14.0,10.240514755249023,0.0,21.495091915130615,2024-11-22
F,5,2,2024-11-15,2024-11-29,11.0,9.043322563171387,0.0,20.29789972305298,2024-11-29
F,5,2,2024-11-22,2024-12-06,12.0,9.326315879821777,0.0,20.58089303970337,2024-12-06
F,5,2,2024-11-29,2024-12-13,6.0,9.209568977355957,0.0,20.46414613723755,2024-12-13
F,5,2,2024-12-06,2024-12-20,3.0,9.00326156616211,0.0,20.2578387260437,2024-12-20
F,5,2,2024-12-13,2024-12-27,5.0,6.426146030426025,0.0,17.680723190307617,2024-12-27
F,5,2,2024-12-20,2025-01-03,9.0,5.132303714752197,0.0,16.38688087463379,2025-01-03
F,5,2,2024-12-27,2025-01-10,8.0,4.502842903137207,0.0,15.757420063018799,2025-01-10
F,5,2,2025-01-03,2025-01-17,4.0,5.223029613494873,0.0,16.477606773376465,2025-01-17
F,5,2,2025-01-10,2025-01-24,9.0,6.865612983703613,0.0,18.120190143585205,2025-01-24
F,5,2,2025-01-17,2025-01-31,6.0,5.335113048553467,0.0,16.58969020843506,2025-01-31
F,5,2,2025-01-24,2025-02-07,4.0,5.717231273651123,0.0,16.971808433532715,2025-02-07
F,5,2,2025-01-31,2025-02-14,10.0,5.63376522064209,0.0,16.88834238052368,2025-02-14
F,5,2,2025-02-07,2025-02-21,6.0,5.094943523406982,0.0,16.349520683288574,2025-02-21
F,5,2,2025-02-14,2025-02-28,7.0,5.68563985824585,0.0,16.94021701812744,2025-02-28
F,5,2,2025-02-21,2025-03-07,6.0,5.198009490966797,0.0,16.45258665084839,2025-03-07
F,5,2,2025-02-28,2025-03-14,6.0,5.386475086212158,0.0,16.64105224609375,2025-03-14
F,5,2,2025-03-07,2025-03-21,5.0,4.29388952255249,0.0,15.548466682434082,2025-03-21
F,5,2,2025-03-14,2025-03-28,2.0,4.316684246063232,0.0,15.571261405944824,2025-03-28
F,5,2,2025-03-21,2025-04-04,3.0,4.186659336090088,0.0,15.44123649597168,2025-04-04
F,5,2,2025-03-28,2025-04-11,2.0,2.6154961585998535,0.0,13.870073318481445,2025-04-11
F,5,2,2025-04-04,2025-04-18,1.0,2.0817158222198486,0.0,13.33629298210144,2025-04-18
F,5,2,2025-04-11,2025-04-25,0.0,1.9505703449249268,0.0,13.205147504806519,2025-04-25
F,5,2,2025-04-18,2025-05-02,3.0,1.778865098953247,0.0,13.033442258834839,2025-05-02
F,5,2,2025-04-25,2025-05-09,3.0,1.6474045515060425,0.0,12.901981711387634,2025-05-09
F,5,2,2025-05-02,2025-05-16,2.0,2.35390305519104,0.0,13.608480215072632,2025-05-16
F,5,2,2025-05-09,2025-05-23,7.0,2.4819061756134033,0.0,13.736483335494995,2025-05-23
F,5,2,2025-05-16,2025-05-30,3.0,1.9822300672531128,0.0,13.236807227134705,2025-05-30
F,5,2,2025-05-23,2025-06-06,3.0,3.703372001647949,0.0,14.957949161529541,2025-06-06
F,5,2,2025-05-30,2025-06-13,4.0,5.098649024963379,0.0,16.35322618484497,2025-06-13
F,5,2,2025-06-06,2025-06-20,6.0,4.433420181274414,0.0,15.687997341156006,2025-06-20
F,5,2,2025-06-13,2025-06-27,3.0,3.8170583248138428,0.0,15.071635484695435,2025-06-27
F,5,2,2025-06-20,2025-07-04,5.0,5.26381778717041,0.0,16.518394947052002,2025-07-04
F,5,2,2025-06-27,2025-07-11,8.0,4.990695476531982,0.0,16.245272636413574,2025-07-11
F,5,2,2025-07-04,2025-07-18,2.0,8.199399948120117,0.0,19.45397710800171,2025-07-18
F,5,2,2025-07-11,2025-07-25,9.0,8.146924018859863,0.0,19.401501178741455,2025-07-25
F,5,2,2025-07-18,2025-08-01,9.0,8.102301597595215,0.0,19.356878757476807,2025-08-01
F,5,2,2025-07-25,2025-08-08,16.0,10.240099906921387,0.0,21.49467706680298,2025-08-08
F,5,2,2025-08-01,2025-08-15,11.0,10.68059253692627,0.0,21.93516969680786,2025-08-15
F,5,2,2025-08-08,2025-08-22,8.0,13.334027290344238,1.3736305236816406,24.58860445022583,2025-08-22
F,5,2,2025-08-15,2025-08-29,9.0,13.249748229980469,1.289351463317871,24.50432538986206,2025-08-29
F,5,2,2025-08-22,2025-09-05,0.0,8.290617942810059,0.0,19.54519510269165,2025-09-05
G,6,2,2023-02-17,2023-03-03,3.0,4.688962936401367,0.0,12.13296890258789,2023-03-03
G,6,2,2023-02-24,2023-03-10,1.0,3.5705463886260986,0.0,11.014552354812622,2023-03-10
G,6,2,2023-03-03,2023-03-17,0.0,3.3453941345214844,0.0,10.789400100708008,2023-03-17
G,6,2,2023-03-10,2023-03-24,3.0,2.366712808609009,0.0,9.810718774795532,2023-03-24
G,6,2,2023-03-17,2023-03-31,4.0,2.118140935897827,0.0,9.56214690208435,2023-03-31
G,6,2,2023-03-24,2023-04-07,5.0,2.463855504989624,0.0,9.907861471176147,2023-04-07
G,6,2,2023-03-31,2023-04-14,1.0,2.831509828567505,0.0,10.275515794754028,2023-04-14
G,6,2,2023-04-07,2023-04-21,2.0,4.380950927734375,0.0,11.824956893920898,2023-04-21
G,6,2,2023-04-14,2023-04-28,1.0,3.8152177333831787,0.0,11.259223699569702,2023-04-28
G,6,2,2023-04-21,2023-05-05,2.0,2.487736701965332,0.0,9.931742668151855,2023-05-05
G,6,2,2023-04-28,2023-05-12,2.0,2.045344829559326,0.0,9.48935079574585,2023-05-12
G,6,2,2023-05-05,2023-05-19,2.0,2.4926681518554688,0.0,9.936674118041992,2023-05-19
G,6,2,2023-05-12,2023-05-26,2.0,3.900624990463257,0.0,11.34463095664978,2023-05-26
G,6,2,2023-05-19,2023-06-02,6.0,4.692150592803955,0.0,12.136156558990479,2023-06-02
G,6,2,2023-05-26,2023-06-09,6.0,4.1034369468688965,0.0,11.54744291305542,2023-06-09
G,6,2,2023-06-02,2023-06-16,6.0,6.115650177001953,0.0,13.559656143188477,2023-06-16
G,6,2,2023-06-09,2023-06-23,8.0,6.928528785705566,0.0,14.37253475189209,2023-06-23
G,6,2,2023-06-16,2023-06-30,10.0,7.208034515380859,0.0,14.652040481567383,2023-06-30
G,6,2,2023-06-23,2023-07-07,3.0,8.222983360290527,0.03073596954345703,15.66698932647705,2023-07-07
G,6,2,2023-06-30,2023-07-14,5.0,10.670991897583008,2.4787445068359375,18.11499786376953,2023-07-14
G,6,2,2023-07-07,2023-07-21,4.0,9.038329124450684,0.8460817337036133,16.482335090637207,2023-07-21
G,6,2,2023-07-14,2023-07-28,10.0,7.1112961769104,0.0,14.555302143096924,2023-07-28
G,6,2,2023-07-21,2023-08-04,5.0,6.641244411468506,0.0,14.08525037765503,2023-08-04
G,6,2,2023-07-28,2023-08-11,8.0,11.605663299560547,3.4134159088134766,19.04966926574707,2023-08-11
G,6,2,2023-08-04,2023-08-18,14.0,10.717659950256348,2.5254125595092773,18.16166591644287,2023-08-18
G,6,2,2023-08-11,2023-08-25,13.0,10.876733779907227,2.6844863891601562,18.32073974609375,2023-08-25
G,6,2,2023-08-18,2023-09-01,10.0,15.029661178588867,6.837413787841797,22.47366714477539,2023-09-01
G,6,2,2023-08-25,2023-09-08,10.0,16.50721549987793,8.31496810913086,23.951221466064453,2023-09-08
G,6,2,2023-09-01,2023-09-15,10.0,14.173617362976074,5.981369972229004,18.441569328308105,2023-09-15
G,6,2,2023-09-08,2023-09-22,14.0,13.139474868774414,4.947227478027344,16.446452140808105,2023-09-22
G,6,2,2023-09-15,2023-09-29,8.0,13.735835075378418,5.543587684631348,17.04281234741211,2023-09-29
G,6,2,2023-09-22,2023-10-06,10.0,16.633987426757812,8.441740036010742,19.940964698791504,2023-10-06
G,6,2,2023-09-29,2023-10-13,11.0,13.68528938293457,5.4930419921875,16.99226665496826,2023-10-13
G,6,2,2023-10-06,2023-10-20,11.0,11.83346939086914,3.6412220001220703,15.140446662902832,2023-10-20
G,6,2,2023-10-13,2023-10-27,8.0,9.090438842773438,0.8981914520263672,12.397416114807129,2023-10-27
G,6,2,2023-10-20,2023-11-03,14.0,10.0802583694458,1.8880109786987305,13.387235641479492,2023-11-03
G,6,2,2023-10-27,2023-11-10,6.0,8.015156745910645,0.0,11.322134017944336,2023-11-10
G,6,2,2023-11-03,2023-11-17,6.0,12.02440071105957,3.8321533203125,15.331377983093262,2023-11-17
G,6,2,2023-11-10,2023-11-24,6.0,7.043642044067383,0.0,10.325982093811035,2023-11-24
G,6,2,2023-11-17,2023-12-01,3.0,5.817521095275879,0.0,9.737262725830078,2023-12-01
G,6,2,2023-11-24,2023-12-08,9.0,5.8249430656433105,0.0,9.74468469619751,2023-12-08
G,6,2,2023-12-01,2023-12-15,7.0,4.909696578979492,0.0,8.829438209533691,2023-12-15
G,6,2,2023-12-08,2023-12-22,5.0,5.604979038238525,0.0,9.524720668792725,2023-12-22
G,6,2,2023-12-15,2023-12-29,1.0,6.961654186248779,0.3276667594909668,10.881395816802979,2023-12-29
G,6,2,2023-12-22,2024-01-05,2.0,5.918747425079346,0.0,9.838489055633545,2024-01-05
G,6,2,2023-12-29,2024-01-12,6.0,4.21558141708374,0.0,8.13532304763794,2024-01-12
G,6,2,2024-01-05,2024-01-19,4.0,2.3524019718170166,0.0,6.272143602371216,2024-01-19
G,6,2,2024-01-12,2024-01-26,5.0,3.5885558128356934,0.0,7.508297443389893,2024-01-26
G,6,2,2024-01-19,2024-02-02,4.0,4.016190528869629,0.0,7.935932159423828,2024-02-02
G,6,2,2024-01-26,2024-02-09,1.0,4.248112201690674,0.0,8.167853832244873,2024-02-09
G,6,2,2024-02-02,2024-02-16,7.0,3.7014689445495605,0.0,7.62121057510376,2024-02-16
G,6,2,2024-02-09,2024-02-23,5.0,2.9942896366119385,0.0,6.914031267166138,2024-02-23
G,6,2,2024-02-16,2024-03-01,3.0,4.129797458648682,0.0,8.04953908920288,2024-03-01
G,6,2,2024-02-23,2024-03-08,3.0,4.390222072601318,0.0,8.309963703155518,2024-03-08
G,6,2,2024-03-01,2024-03-15,3.0,3.3465776443481445,0.0,7.266319274902344,2024-03-15
G,6,2,2024-03-08,2024-03-22,2.0,2.8245019912719727,0.0,6.744243621826172,2024-03-22
G,6,2,2024-03-15,2024-03-29,1.0,2.6759610176086426,0.0,6.595702648162842,2024-03-29
G,6,2,2024-03-22,2024-04-05,5.0,2.376141309738159,0.0,6.295882940292358,2024-04-05
G,6,2,2024-03-29,2024-04-12,4.0,2.1214206218719482,0.0,6.0411622524261475,2024-04-12
G,6,2,2024-04-05,2024-04-19,3.0,3.2324209213256836,0.0,7.152162551879883,2024-04-19
G,6,2,2024-04-12,2024-04-26,4.0,3.4529716968536377,0.0,7.372713327407837,2024-04-26
G,6,2,2024-04-19,2024-05-03,3.0,3.4138309955596924,0.0,7.333572626113892,2024-05-03
G,6,2,2024-04-26,2024-05-10,1.0,3.325608253479004,0.0,7.245349884033203,2024-05-10
G,6,2,2024-05-03,2024-05-17,1.0,3.5041770935058594,0.0,7.423918724060059,2024-05-17
G,6,2,2024-05-10,2024-05-24,4.0,2.868994951248169,0.0,6.788736581802368,2024-05-24
G,6,2,2024-05-17,2024-05-31,0.0,2.669785737991333,0.0,6.589527368545532,2024-05-31
G,6,2,2024-05-24,2024-06-07,3.0,5.229313373565674,0.0,9.149055004119873,2024-06-07
G,6,2,2024-05-31,2024-06-14,0.0,4.634781360626221,0.0,8.55452299118042,2024-06-14
G,6,2,2024-06-07,2024-06-21,3.0,4.129383087158203,0.0,8.049124717712402,2024-06-21
G,6,2,2024-06-14,2024-06-28,4.0,3.960787534713745,0.0,7.880529165267944,2024-06-28
G,6,2,2024-06-21,2024-07-05,6.0,4.258163928985596,0.0,8.177905559539795,2024-07-05
G,6,2,2024-06-28,2024-07-12,12.0,4.639791011810303,0.0,8.559532642364502,2024-07-12
G,6,2,2024-07-05,2024-07-19,9.0,6.159353733062744,0.0,10.079095363616943,2024-07-19
G,6,2,2024-07-12,2024-07-26,16.0,11.90473461151123,5.270747184753418,15.82447624206543,2024-07-26
G,6,2,2024-07-19,2024-08-02,20.0,12.681963920593262,6.047976493835449,16.60170555114746,2024-08-02
G,6,2,2024-07-26,2024-08-09,26.0,15.953630447387695,9.319643020629883,23.313839435577393,2024-08-09
G,6,2,2024-08-02,2024-08-16,19.0,21.499000549316406,14.865013122558594,28.859209537506104,2024-08-16
G,6,2,2024-08-09,2024-08-23,20.0,27.622615814208984,20.988628387451172,34.98282480239868,2024-08-23
G,6,2,2024-08-16,2024-08-30,22.0,22.822128295898438,16.188140869140625,30.182337284088135,2024-08-30
G,6,2,2024-08-23,2024-09-06,16.0,21.150232315063477,14.516244888305664,31.19660186767578,2024-09-06
G,6,2,2024-08-30,2024-09-13,36.0,21.18755340576172,14.553565979003906,31.233922958374023,2024-09-13
G,6,2,2024-09-06,2024-09-20,27.0,18.967025756835938,11.344409942626953,29.013395309448242,2024-09-20
G,6,2,2024-09-13,2024-09-27,25.0,28.026731491088867,20.404115676879883,38.07310104370117,2024-09-27
G,6,2,2024-09-20,2024-10-04,32.0,30.3891544342041,22.766538619995117,40.435523986816406,2024-10-04
G,6,2,2024-09-27,2024-10-11,22.0,24.18584442138672,16.563228607177734,38.998291015625,2024-10-11
G,6,2,2024-10-04,2024-10-18,20.0,24.741008758544922,17.118392944335938,39.5534553527832,2024-10-18
G,6,2,2024-10-11,2024-10-25,19.0,20.132169723510742,12.509553909301758,34.94461631774902,2024-10-25
G,6,2,2024-10-18,2024-11-01,30.0,18.685001373291016,11.062385559082031,33.4974479675293,2024-11-01
G,6,2,2024-10-25,2024-11-08,19.0,17.025680541992188,9.403064727783203,31.83812713623047,2024-11-08
G,6,2,2024-11-01,2024-11-15,15.0,20.365673065185547,12.743057250976562,35.17811965942383,2024-11-15
G,6,2,2024-11-08,2024-11-22,21.0,19.27800941467285,11.655393600463867,34.09045600891113,2024-11-22
G,6,2,2024-11-15,2024-11-29,28.0,11.360576629638672,3.7379608154296875,26.173023223876953,2024-11-29
G,6,2,2024-11-22,2024-12-06,17.0,13.244996070861816,5.622380256652832,28.057442665100098,2024-12-06
G,6,2,2024-11-29,2024-12-13,16.0,18.57339096069336,10.950775146484375,33.38583755493164,2024-12-13
G,6,2,2024-12-06,2024-12-20,20.0,14.607327461242676,6.984711647033691,29.419774055480957,2024-12-20
G,6,2,2024-12-13,2024-12-27,7.0,11.005539894104004,3.3829240798950195,27.644963264465332,2024-12-27
G,6,2,2024-12-20,2025-01-03,19.0,14.442572593688965,6.8199567794799805,31.081995964050293,2025-01-03
G,6,2,2024-12-27,2025-01-10,28.0,10.419173240661621,2.7965574264526367,27.05859661102295,2025-01-10
G,6,2,2025-01-03,2025-01-17,16.0,10.942668914794922,3.3200531005859375,27.58209228515625,2025-01-17
G,6,2,2025-01-10,2025-01-24,12.0,17.4755859375,9.852970123291016,34.11500930786133,2025-01-24
G,6,2,2025-01-17,2025-01-31,13.0,13.480685234069824,5.85806941986084,30.120108604431152,2025-01-31
G,6,2,2025-01-24,2025-02-07,12.0,10.288837432861328,2.6662216186523438,27.869664192199707,2025-02-07
G,6,2,2025-01-31,2025-02-14,17.0,9.645777702331543,2.0231618881225586,27.226604461669922,2025-02-14
G,6,2,2025-02-07,2025-02-21,26.0,10.191378593444824,2.56876277923584,27.772205352783203,2025-02-21
G,6,2,2025-02-14,2025-02-28,15.0,10.932992935180664,3.3103771209716797,28.513819694519043,2025-02-28
G,6,2,2025-02-21,2025-03-07,11.0,16.970001220703125,9.34738540649414,34.550827980041504,2025-03-07
G,6,2,2025-02-28,2025-03-14,12.0,13.15817642211914,5.535560607910156,30.73900318145752,2025-03-14
G,6,2,2025-03-07,2025-03-21,5.0,10.008415222167969,2.3857994079589844,27.589241981506348,2025-03-21
G,6,2,2025-03-14,2025-03-28,5.0,9.288515090942383,1.6658992767333984,26.86934185028076,2025-03-28
G,6,2,2025-03-21,2025-04-04,5.0,6.635695457458496,0.0,24.216522216796875,2025-04-04
G,6,2,2025-03-28,2025-04-11,7.0,5.151643753051758,0.0,22.732470512390137,2025-04-11
G,6,2,2025-04-04,2025-04-18,3.0,4.4849138259887695,0.0,22.06574058532715,2025-04-18
G,6,2,2025-04-11,2025-04-25,5.0,5.103937149047852,0.0,22.68476390838623,2025-04-25
G,6,2,2025-04-18,2025-05-02,2.0,3.8161537647247314,0.0,21.39698052406311,2025-05-02
G,6,2,2025-04-25,2025-05-09,6.0,3.7158567905426025,0.0,21.29668354988098,2025-05-09
G,6,2,2025-05-02,2025-05-16,1.0,3.4062492847442627,0.0,20.98707604408264,2025-05-16
G,6,2,2025-05-09,2025-05-23,5.0,3.829926013946533,0.0,21.410752773284912,2025-05-23
G,6,2,2025-05-16,2025-05-30,3.0,3.3463335037231445,0.0,20.927160263061523,2025-05-30
G,6,2,2025-05-23,2025-06-06,3.0,3.6941163539886475,0.0,21.274943113327026,2025-06-06
G,6,2,2025-05-30,2025-06-13,3.0,5.89825963973999,0.0,23.47908639907837,2025-06-13
G,6,2,2025-06-06,2025-06-20,1.0,5.7906999588012695,0.0,23.37152671813965,2025-06-20
G,6,2,2025-06-13,2025-06-27,4.0,4.618373870849609,0.0,22.19920063018799,2025-06-27
G,6,2,2025-06-20,2025-07-04,6.0,4.601882457733154,0.0,22.182709217071533,2025-07-04
G,6,2,2025-06-27,2025-07-11,2.0,4.982199668884277,0.0,22.563026428222656,2025-07-11
G,6,2,2025-07-04,2025-07-18,10.0,8.44238567352295,0.8197698593139648,26.023212432861328,2025-07-18
G,6,2,2025-07-11,2025-07-25,7.0,6.9342169761657715,0.0,24.51504373550415,2025-07-25
G,6,2,2025-07-18,2025-08-01,13.0,11.026294708251953,3.4036788940429688,28.607121467590332,2025-08-01
G,6,2,2025-07-25,2025-08-08,16.0,14.828032493591309,7.205416679382324,32.40885925292969,2025-08-08
G,6,2,2025-08-01,2025-08-15,9.0,12.845196723937988,5.222580909729004,30.426023483276367,2025-08-15
G,6,2,2025-08-08,2025-08-22,11.0,15.174347877502441,7.551732063293457,32.75517463684082,2025-08-22
G,6,2,2025-08-15,2025-08-29,12.0,12.636674880981445,5.014059066772461,30.217501640319824,2025-08-29
G,6,2,2025-08-22,2025-09-05,0.0,10.46700382232666,2.844388008117676,28.04783058166504,2025-09-05
H,7,2,2023-02-17,2023-03-03,4.0,7.285338878631592,0.0,16.690994262695312,2023-03-03
H,7,2,2023-02-24,2023-03-10,4.0,3.967761278152466,0.0,13.373416662216187,2023-03-10
H,7,2,2023-03-03,2023-03-17,6.0,3.074978828430176,0.0,12.480634212493896,2023-03-17
H,7,2,2023-03-10,2023-03-24,5.0,3.518023729324341,0.0,12.923679113388062,2023-03-24
H,7,2,2023-03-17,2023-03-31,2.0,3.9957356452941895,0.0,13.40139102935791,2023-03-31
H,7,2,2023-03-24,2023-04-07,3.0,4.455502033233643,0.0,13.861157417297363,2023-04-07
H,7,2,2023-03-31,2023-04-14,3.0,2.800246477127075,0.0,12.205901861190796,2023-04-14
H,7,2,2023-04-07,2023-04-21,4.0,2.453131675720215,0.0,11.858787059783936,2023-04-21
H,7,2,2023-04-14,2023-04-28,3.0,3.14397931098938,0.0,12.5496346950531,2023-04-28
H,7,2,2023-04-21,2023-05-05,0.0,2.8818118572235107,0.0,12.287467241287231,2023-05-05
H,7,2,2023-04-28,2023-05-12,3.0,3.098440170288086,0.0,12.504095554351807,2023-05-12
H,7,2,2023-05-05,2023-05-19,0.0,2.5957705974578857,0.0,12.001425981521606,2023-05-19
H,7,2,2023-05-12,2023-05-26,7.0,3.8206064701080322,0.0,13.226261854171753,2023-05-26
H,7,2,2023-05-19,2023-06-02,3.0,3.916822671890259,0.0,13.32247805595398,2023-06-02
H,7,2,2023-05-26,2023-06-09,8.0,6.481998920440674,0.0,15.887654304504395,2023-06-09
H,7,2,2023-06-02,2023-06-16,11.0,5.688522815704346,0.0,15.094178199768066,2023-06-16
H,7,2,2023-06-09,2023-06-23,6.0,8.511117935180664,0.0,17.916773319244385,2023-06-23
H,7,2,2023-06-16,2023-06-30,10.0,11.247292518615723,2.708974838256836,20.652947902679443,2023-06-30
H,7,2,2023-06-23,2023-07-07,3.0,8.566232681274414,0.027915000915527344,17.971888065338135,2023-07-07
H,7,2,2023-06-30,2023-07-14,8.0,9.201869010925293,0.6635513305664062,18.607524394989014,2023-07-14
H,7,2,2023-07-07,2023-07-21,14.0,8.58769702911377,0.04937934875488281,17.99335241317749,2023-07-21
H,7,2,2023-07-14,2023-07-28,11.0,9.131796836853027,0.5934791564941406,18.537452220916748,2023-07-28
H,7,2,2023-07-21,2023-08-04,5.0,15.660379409790039,7.122061729431152,25.06603479385376,2023-08-04
H,7,2,2023-07-28,2023-08-11,8.0,15.843202590942383,7.304884910583496,25.248857975006104,2023-08-11
H,7,2,2023-08-04,2023-08-18,13.0,12.456622123718262,3.918304443359375,21.862277507781982,2023-08-18
H,7,2,2023-08-11,2023-08-25,9.0,10.842851638793945,2.3045339584350586,20.248507022857666,2023-08-25
H,7,2,2023-08-18,2023-09-01,5.0,14.020869255065918,3.360489845275879,23.42652463912964,2023-09-01
H,7,2,2023-08-25,2023-09-08,9.0,13.602167129516602,2.9417877197265625,23.007822513580322,2023-09-08
H,7,2,2023-09-01,2023-09-15,6.0,10.86197280883789,0.20159339904785156,20.26762819290161,2023-09-15
H,7,2,2023-09-08,2023-09-22,13.0,10.467134475708008,0.0,19.87278985977173,2023-09-22
H,7,2,2023-09-15,2023-09-29,6.0,9.175623893737793,0.0,18.581279277801514,2023-09-29
H,7,2,2023-09-22,2023-10-06,17.0,12.873539924621582,2.213160514831543,22.279195308685303,2023-10-06
H,7,2,2023-09-29,2023-10-13,10.0,10.306750297546387,0.0,19.712405681610107,2023-10-13
H,7,2,2023-10-06,2023-10-20,9.0,11.987054824829102,1.3266754150390625,21.392710208892822,2023-10-20
H,7,2,2023-10-13,2023-10-27,5.0,8.119300842285156,0.0,17.524956226348877,2023-10-27
H,7,2,2023-10-20,2023-11-03,5.0,9.31815242767334,0.0,18.72380781173706,2023-11-03
H,7,2,2023-10-27,2023-11-10,13.0,7.005090713500977,0.0,16.410746097564697,2023-11-10
H,7,2,2023-11-03,2023-11-17,13.0,6.356921195983887,0.0,15.762576580047607,2023-11-17
H,7,2,2023-11-10,2023-11-24,16.0,7.215083122253418,0.0,16.62073850631714,2023-11-24
H,7,2,2023-11-17,2023-12-01,5.0,8.409590721130371,0.0,17.815246105194092,2023-12-01
H,7,2,2023-11-24,2023-12-08,6.0,10.193503379821777,0.0,19.599158763885498,2023-12-08
H,7,2,2023-12-01,2023-12-15,10.0,7.979738712310791,0.0,17.38539409637451,2023-12-15
H,7,2,2023-12-08,2023-12-22,5.0,6.056374549865723,0.0,15.462029933929443,2023-12-22
H,7,2,2023-12-15,2023-12-29,8.0,6.981233596801758,0.0,16.38688898086548,2023-12-29
H,7,2,2023-12-22,2024-01-05,4.0,6.353409767150879,0.0,15.7590651512146,2024-01-05
H,7,2,2023-12-29,2024-01-12,9.0,6.949923992156982,0.0,16.355579376220703,2024-01-12
H,7,2,2024-01-05,2024-01-19,4.0,4.986499786376953,0.0,14.392155170440674,2024-01-19
H,7,2,2024-01-12,2024-01-26,4.0,6.0793256759643555,0.0,15.484981060028076,2024-01-26
H,7,2,2024-01-19,2024-02-02,1.0,5.203293323516846,0.0,14.608948707580566,2024-02-02
H,7,2,2024-01-26,2024-02-09,9.0,4.2875800132751465,0.0,13.693235397338867,2024-02-09
H,7,2,2024-02-02,2024-02-16,6.0,2.891082525253296,0.0,12.296737909317017,2024-02-16
H,7,2,2024-02-09,2024-02-23,3.0,5.1890339851379395,0.0,14.59468936920166,2024-02-23
H,7,2,2024-02-16,2024-03-01,1.0,5.353541851043701,0.0,14.759197235107422,2024-03-01
H,7,2,2024-02-23,2024-03-08,1.0,4.127285957336426,0.0,13.532941341400146,2024-03-08
H,7,2,2024-03-01,2024-03-15,4.0,2.2829153537750244,0.0,11.688570737838745,2024-03-15
H,7,2,2024-03-08,2024-03-22,2.0,1.9774008989334106,0.0,11.383056282997131,2024-03-22
H,7,2,2024-03-15,2024-03-29,1.0,2.5089263916015625,0.0,11.914581775665283,2024-03-29
H,7,2,2024-03-22,2024-04-05,3.0,2.6540849208831787,0.0,12.0597403049469,2024-04-05
H,7,2,2024-03-29,2024-04-12,2.0,1.941688060760498,0.0,11.347343444824219,2024-04-12
H,7,2,2024-04-05,2024-04-19,0.0,2.24717116355896,0.0,11.032088041305542,2024-04-19
H,7,2,2024-04-12,2024-04-26,2.0,2.104918956756592,0.0,10.889835834503174,2024-04-26
H,7,2,2024-04-19,2024-05-03,4.0,1.9507880210876465,0.0,10.735704898834229,2024-05-03
H,7,2,2024-04-26,2024-05-10,0.0,1.892945647239685,0.0,10.677862524986267,2024-05-10
H,7,2,2024-05-03,2024-05-17,1.0,2.5089263916015625,0.0,11.293843269348145,2024-05-17
H,7,2,2024-05-10,2024-05-24,0.0,2.8461453914642334,0.0,11.631062269210815,2024-05-24
H,7,2,2024-05-17,2024-05-31,1.0,2.2230045795440674,0.0,11.00792145729065,2024-05-31
H,7,2,2024-05-24,2024-06-07,3.0,3.9389595985412598,0.0,12.723876476287842,2024-06-07
H,7,2,2024-05-31,2024-06-14,4.0,3.17842173576355,0.0,11.963338613510132,2024-06-14
H,7,2,2024-06-07,2024-06-21,1.0,3.901848554611206,0.0,12.686765432357788,2024-06-21
H,7,2,2024-06-14,2024-06-28,7.0,4.8377485275268555,0.0,13.622665405273438,2024-06-28
H,7,2,2024-06-21,2024-07-05,2.0,4.302524566650391,0.0,13.087441444396973,2024-07-05
H,7,2,2024-06-28,2024-07-12,5.0,6.465644359588623,0.0,15.250561237335205,2024-07-12
H,7,2,2024-07-05,2024-07-19,5.0,5.051623821258545,0.0,13.836540699005127,2024-07-19
H,7,2,2024-07-12,2024-07-26,8.0,5.652969837188721,0.0,14.437886714935303,2024-07-26
H,7,2,2024-07-19,2024-08-02,14.0,7.432009696960449,0.0,16.21692657470703,2024-08-02
H,7,2,2024-07-26,2024-08-09,11.0,9.241300582885742,0.0,18.026217460632324,2024-08-09
H,7,2,2024-08-02,2024-08-16,9.0,14.567788124084473,3.9074087142944336,23.352705001831055,2024-08-16
H,7,2,2024-08-09,2024-08-23,7.0,15.179826736450195,4.519447326660156,23.964743614196777,2024-08-23
H,7,2,2024-08-16,2024-08-30,14.0,13.706631660461426,3.0462522506713867,22.491548538208008,2024-08-30
H,7,2,2024-08-23,2024-09-06,15.0,11.706803321838379,1.0464239120483398,20.49172019958496,2024-09-06
H,7,2,2024-08-30,2024-09-13,22.0,14.173820495605469,3.5134410858154297,22.95873737335205,2024-09-13
H,7,2,2024-09-06,2024-09-20,15.0,16.50995635986328,5.849576950073242,25.294873237609863,2024-09-20
H,7,2,2024-09-13,2024-09-27,23.0,20.594663619995117,9.934284210205078,29.3795804977417,2024-09-27
H,7,2,2024-09-20,2024-10-04,29.0,18.576858520507812,7.916479110717773,27.361775398254395,2024-10-04
H,7,2,2024-09-27,2024-10-11,29.0,21.543472290039062,12.522603034973145,30.328389167785645,2024-10-11
H,7,2,2024-10-04,2024-10-18,22.0,25.150869369506836,16.130000114440918,33.93578624725342,2024-10-18
H,7,2,2024-10-11,2024-10-25,28.0,25.866209030151367,16.84533977508545,34.65112590789795,2024-10-25
H,7,2,2024-10-18,2024-11-01,45.0,21.787006378173828,12.76613712310791,32.210147857666016,2024-11-01
H,7,2,2024-10-25,2024-11-08,22.0,22.01827621459961,13.838449478149414,32.4414176940918,2024-11-08
H,7,2,2024-11-01,2024-11-15,35.0,31.476232528686523,23.296405792236328,41.89937400817871,2024-11-15
H,7,2,2024-11-08,2024-11-22,29.0,24.180898666381836,16.00107192993164,34.60404014587402,2024-11-22
H,7,2,2024-11-15,2024-11-29,22.0,22.632503509521484,14.452676773071289,45.845497131347656,2024-11-29
H,7,2,2024-11-22,2024-12-06,25.0,22.296199798583984,14.116373062133789,45.509193420410156,2024-12-06
H,7,2,2024-11-29,2024-12-13,16.0,18.14263153076172,9.962804794311523,41.35562515258789,2024-12-13
H,7,2,2024-12-06,2024-12-20,16.0,18.178686141967773,9.998859405517578,41.391679763793945,2024-12-20
H,7,2,2024-12-13,2024-12-27,4.0,13.344396591186523,5.164569854736328,36.557390213012695,2024-12-27
H,7,2,2024-12-20,2025-01-03,13.0,11.535009384155273,3.355182647705078,34.748003005981445,2025-01-03
H,7,2,2024-12-27,2025-01-10,24.0,8.1719388961792,0.0,31.38493251800537,2025-01-10
H,7,2,2025-01-03,2025-01-17,14.0,8.42270565032959,0.24287891387939453,31.63569927215576,2025-01-17
H,7,2,2025-01-10,2025-01-24,23.0,13.693496704101562,4.349100112915039,36.906490325927734,2025-01-24
H,7,2,2025-01-17,2025-01-31,28.0,12.432646751403809,3.088250160217285,35.64564037322998,2025-01-31
H,7,2,2025-01-24,2025-02-07,26.0,14.345503807067871,5.001107215881348,37.55849742889404,2025-02-07
H,7,2,2025-01-31,2025-02-14,26.0,22.05775260925293,12.713356018066406,45.2707462310791,2025-02-14
H,7,2,2025-02-07,2025-02-21,26.0,22.669031143188477,13.324634552001953,45.88202476501465,2025-02-21
H,7,2,2025-02-14,2025-02-28,22.0,22.160079956054688,12.815683364868164,45.37307357788086,2025-02-28
H,7,2,2025-02-21,2025-03-07,8.0,21.944684982299805,12.600288391113281,45.15767860412598,2025-03-07
H,7,2,2025-02-28,2025-03-14,13.0,17.543807983398438,8.199411392211914,40.75680160522461,2025-03-14
H,7,2,2025-03-07,2025-03-21,13.0,10.995094299316406,1.6506977081298828,34.20808792114258,2025-03-21
H,7,2,2025-03-14,2025-03-28,18.0,8.944256782531738,0.0,32.15725040435791,2025-03-28
H,7,2,2025-03-21,2025-04-04,15.0,9.044584274291992,0.0,32.257577896118164,2025-04-04
H,7,2,2025-03-28,2025-04-11,10.0,10.01012897491455,0.0,33.22312259674072,2025-04-11
H,7,2,2025-04-04,2025-04-18,9.0,9.62265396118164,0.0,32.83564758300781,2025-04-18
H,7,2,2025-04-11,2025-04-25,11.0,8.2573823928833,0.0,31.470376014709473,2025-04-25
H,7,2,2025-04-18,2025-05-02,8.0,7.716229438781738,0.0,30.92922306060791,2025-05-02
H,7,2,2025-04-25,2025-05-09,5.0,8.03491497039795,0.0,31.24790859222412,2025-05-09
H,7,2,2025-05-02,2025-05-16,3.0,10.498173713684082,0.0,33.711167335510254,2025-05-16
H,7,2,2025-05-09,2025-05-23,3.0,7.456296443939209,0.0,30.66929006576538,2025-05-23
H,7,2,2025-05-16,2025-05-30,4.0,3.8921120166778564,0.0,27.10510563850403,2025-05-30
H,7,2,2025-05-23,2025-06-06,5.0,2.8747377395629883,0.0,26.08773136138916,2025-06-06
H,7,2,2025-05-30,2025-06-13,6.0,5.261332035064697,0.0,28.47432565689087,2025-06-13
H,7,2,2025-06-06,2025-06-20,6.0,6.644760608673096,0.0,29.857754230499268,2025-06-20
H,7,2,2025-06-13,2025-06-27,8.0,5.811953544616699,0.0,29.02494716644287,2025-06-27
H,7,2,2025-06-20,2025-07-04,9.0,6.62646484375,0.0,29.839458465576172,2025-07-04
H,7,2,2025-06-27,2025-07-11,12.0,8.90136432647705,0.0,32.11435794830322,2025-07-11
H,7,2,2025-07-04,2025-07-18,10.0,13.452261924743652,0.0,36.665255546569824,2025-07-18
H,7,2,2025-07-11,2025-07-25,15.0,15.12384033203125,1.1791553497314453,38.33683395385742,2025-07-25
H,7,2,2025-07-18,2025-08-01,19.0,13.760050773620605,0.0,36.97304439544678,2025-08-01
H,7,2,2025-07-25,2025-08-08,20.0,18.570682525634766,4.625997543334961,41.78367614746094,2025-08-08
H,7,2,2025-08-01,2025-08-15,16.0,19.324203491210938,5.379518508911133,42.53719711303711,2025-08-15
H,7,2,2025-08-08,2025-08-22,18.0,17.894365310668945,3.9496803283691406,41.10735893249512,2025-08-22
H,7,2,2025-08-15,2025-08-29,20.0,15.962693214416504,2.018008232116699,39.175686836242676,2025-08-29
H,7,2,2025-08-22,2025-09-05,1.0,13.588768005371094,0.0,36.801761627197266,2025-09-05
I,8,2,2023-02-17,2023-03-03,8.0,9.384185791015625,0.0,29.998615264892578,2023-03-03
I,8,2,2023-02-24,2023-03-10,9.0,6.28161096572876,0.0,26.896040439605713,2023-03-10
I,8,2,2023-03-03,2023-03-17,4.0,6.885440826416016,0.0,27.49987030029297,2023-03-17
I,8,2,2023-03-10,2023-03-24,4.0,7.2373199462890625,0.0,27.851749420166016,2023-03-24
I,8,2,2023-03-17,2023-03-31,1.0,6.098535060882568,0.0,26.71296453475952,2023-03-31
I,8,2,2023-03-24,2023-04-07,4.0,5.337782859802246,0.0,25.9522123336792,2023-04-07
I,8,2,2023-03-31,2023-04-14,10.0,4.2807817459106445,0.0,24.895211219787598,2023-04-14
I,8,2,2023-04-07,2023-04-21,4.0,4.139965534210205,0.0,24.754395008087158,2023-04-21
I,8,2,2023-04-14,2023-04-28,3.0,7.873035430908203,0.0,28.487464904785156,2023-04-28
I,8,2,2023-04-21,2023-05-05,2.0,6.215859889984131,0.0,26.830289363861084,2023-05-05
I,8,2,2023-04-28,2023-05-12,7.0,5.174352169036865,0.0,25.78878164291382,2023-05-12
I,8,2,2023-05-05,2023-05-19,4.0,4.441068172454834,0.0,25.055497646331787,2023-05-19
I,8,2,2023-05-12,2023-05-26,3.0,7.526031970977783,0.0,28.140461444854736,2023-05-26
I,8,2,2023-05-19,2023-06-02,9.0,7.598368167877197,0.0,28.21279764175415,2023-06-02
I,8,2,2023-05-26,2023-06-09,8.0,6.510951042175293,0.0,27.125380516052246,2023-06-09
I,8,2,2023-06-02,2023-06-16,17.0,10.919855117797852,1.1296920776367188,31.534284591674805,2023-06-16
I,8,2,2023-06-09,2023-06-23,34.0,13.594959259033203,3.8047962188720703,34.209388732910156,2023-06-23
I,8,2,2023-06-16,2023-06-30,15.0,16.313936233520508,6.523773193359375,36.92836570739746,2023-06-30
I,8,2,2023-06-23,2023-07-07,14.0,29.13628578186035,19.34612274169922,49.750715255737305,2023-07-07
I,8,2,2023-06-30,2023-07-14,12.0,22.260845184326172,12.470682144165039,42.875274658203125,2023-07-14
I,8,2,2023-07-07,2023-07-21,5.0,21.040786743164062,11.25062370300293,41.655216217041016,2023-07-21
I,8,2,2023-07-14,2023-07-28,13.0,17.592247009277344,7.802083969116211,38.2066764831543,2023-07-28
I,8,2,2023-07-21,2023-08-04,20.0,13.3548583984375,0.0,33.96928787231445,2023-08-04
I,8,2,2023-07-28,2023-08-11,15.0,16.727493286132812,1.591207504272461,37.341922760009766,2023-08-11
I,8,2,2023-08-04,2023-08-18,11.0,25.10508918762207,9.064302444458008,45.71951866149902,2023-08-18
I,8,2,2023-08-11,2023-08-25,20.0,21.59552001953125,5.5547332763671875,42.2099494934082,2023-08-25
I,8,2,2023-08-18,2023-09-01,16.0,18.828170776367188,2.787384033203125,39.44260025024414,2023-09-01
I,8,2,2023-08-25,2023-09-08,22.0,23.40024185180664,7.359455108642578,44.014671325683594,2023-09-08
I,8,2,2023-09-01,2023-09-15,12.0,19.737184524536133,3.6963977813720703,40.351613998413086,2023-09-15
I,8,2,2023-09-08,2023-09-22,14.0,22.224042892456055,6.183256149291992,42.83847236633301,2023-09-22
I,8,2,2023-09-15,2023-09-29,31.0,20.344377517700195,4.303590774536133,40.95880699157715,2023-09-29
I,8,2,2023-09-22,2023-10-06,27.0,19.033185958862305,2.992399215698242,39.64761543273926,2023-10-06
I,8,2,2023-09-29,2023-10-13,19.0,27.965702056884766,11.924915313720703,48.37074279785156,2023-10-13
I,8,2,2023-10-06,2023-10-20,20.0,24.820348739624023,8.779561996459961,45.22538948059082,2023-10-20
I,8,2,2023-10-13,2023-10-27,16.0,16.629940032958984,0.5891532897949219,37.03498077392578,2023-10-27
I,8,2,2023-10-20,2023-11-03,19.0,16.56330108642578,0.5225143432617188,36.96834182739258,2023-11-03
I,8,2,2023-10-27,2023-11-10,21.0,12.146864891052246,0.0,32.55190563201904,2023-11-10
I,8,2,2023-11-03,2023-11-17,29.0,15.050386428833008,0.0,35.455427169799805,2023-11-17
I,8,2,2023-11-10,2023-11-24,15.0,14.723082542419434,0.0,35.12812328338623,2023-11-24
I,8,2,2023-11-17,2023-12-01,19.0,20.973445892333984,4.932659149169922,41.37848663330078,2023-12-01
I,8,2,2023-11-24,2023-12-08,17.0,15.700467109680176,0.0,36.10550785064697,2023-12-08
I,8,2,2023-12-01,2023-12-15,12.0,13.423213005065918,0.0,33.828253746032715,2023-12-15
I,8,2,2023-12-08,2023-12-22,20.0,11.985149383544922,0.0,32.39019012451172,2023-12-22
I,8,2,2023-12-15,2023-12-29,18.0,10.781792640686035,0.0,31.186833381652832,2023-12-29
I,8,2,2023-12-22,2024-01-05,28.0,13.517799377441406,0.0,33.9228401184082,2024-01-05
I,8,2,2023-12-29,2024-01-12,16.0,12.918477058410645,0.0,33.32351779937744,2024-01-12
I,8,2,2024-01-05,2024-01-19,12.0,18.21265983581543,2.171873092651367,38.61770057678223,2024-01-19
I,8,2,2024-01-12,2024-01-26,11.0,15.588068962097168,0.0,35.993109703063965,2024-01-26
I,8,2,2024-01-19,2024-02-02,15.0,11.087838172912598,0.0,31.492878913879395,2024-02-02
I,8,2,2024-01-26,2024-02-09,11.0,9.146952629089355,0.0,29.551993370056152,2024-02-09
I,8,2,2024-02-02,2024-02-16,12.0,10.346297264099121,0.0,30.751338005065918,2024-02-16
I,8,2,2024-02-09,2024-02-23,7.0,9.597210884094238,0.0,30.002251625061035,2024-02-23
I,8,2,2024-02-16,2024-03-01,9.0,9.614777565002441,0.0,30.01981830596924,2024-03-01
I,8,2,2024-02-23,2024-03-08,9.0,7.962733745574951,0.0,28.367774486541748,2024-03-08
I,8,2,2024-03-01,2024-03-15,9.0,7.544137001037598,0.0,27.949177742004395,2024-03-15
I,8,2,2024-03-08,2024-03-22,9.0,7.921347618103027,0.0,28.326388359069824,2024-03-22
I,8,2,2024-03-15,2024-03-29,4.0,8.150041580200195,0.0,28.555082321166992,2024-03-29
I,8,2,2024-03-22,2024-04-05,4.0,8.22339153289795,0.0,28.628432273864746,2024-04-05
I,8,2,2024-03-29,2024-04-12,8.0,6.494538307189941,0.0,26.89957904815674,2024-04-12
I,8,2,2024-04-05,2024-04-19,4.0,5.568092346191406,0.0,25.973133087158203,2024-04-19
I,8,2,2024-04-12,2024-04-26,2.0,6.930566310882568,0.0,27.335607051849365,2024-04-26
I,8,2,2024-04-19,2024-05-03,2.0,5.842691421508789,0.0,26.247732162475586,2024-05-03
I,8,2,2024-04-26,2024-05-10,4.0,4.643786430358887,0.0,25.048827171325684,2024-05-10
I,8,2,2024-05-03,2024-05-17,3.0,3.635251760482788,0.0,24.040292501449585,2024-05-17
I,8,2,2024-05-10,2024-05-24,1.0,4.396794319152832,0.0,24.80183506011963,2024-05-24
I,8,2,2024-05-17,2024-05-31,10.0,4.770943641662598,0.0,25.175984382629395,2024-05-31
I,8,2,2024-05-24,2024-06-07,6.0,6.951592445373535,0.0,27.356633186340332,2024-06-07
I,8,2,2024-05-31,2024-06-14,8.0,9.213486671447754,0.0,29.61852741241455,2024-06-14
I,8,2,2024-06-07,2024-06-21,7.0,9.890275955200195,0.0,30.295316696166992,2024-06-21
I,8,2,2024-06-14,2024-06-28,12.0,12.931775093078613,0.0,33.33681583404541,2024-06-28
I,8,2,2024-06-21,2024-07-05,13.0,13.475485801696777,0.0,33.880526542663574,2024-07-05
I,8,2,2024-06-28,2024-07-12,8.0,13.8021821975708,0.0,34.2072229385376,2024-07-12
I,8,2,2024-07-05,2024-07-19,8.0,16.617525100708008,0.5767383575439453,37.022565841674805,2024-07-19
I,8,2,2024-07-12,2024-07-26,19.0,14.857418060302734,0.0,35.26245880126953,2024-07-26
I,8,2,2024-07-19,2024-08-02,18.0,13.82306957244873,0.0,34.22811031341553,2024-08-02
I,8,2,2024-07-26,2024-08-09,15.0,19.658885955810547,3.6180992126464844,40.063926696777344,2024-08-09
I,8,2,2024-08-02,2024-08-16,38.0,20.454740524291992,4.41395378112793,40.85978126525879,2024-08-16
I,8,2,2024-08-09,2024-08-23,23.0,20.09864616394043,4.057859420776367,40.50368690490723,2024-08-23
I,8,2,2024-08-16,2024-08-30,21.0,29.586580276489258,13.545793533325195,44.06878089904785,2024-08-30
I,8,2,2024-08-23,2024-09-06,38.0,25.970600128173828,9.929813385009766,40.45280075073242,2024-09-06
I,8,2,2024-08-30,2024-09-13,54.0,25.127092361450195,9.086305618286133,42.6723518371582,2024-09-13
I,8,2,2024-09-06,2024-09-20,52.0,29.11940574645996,13.078619003295898,46.66466522216797,2024-09-20
I,8,2,2024-09-13,2024-09-27,56.0,46.42554473876953,32.32045555114746,63.97080421447754,2024-09-27
I,8,2,2024-09-20,2024-10-04,52.0,52.34174346923828,38.23665428161621,69.88700294494629,2024-10-04
I,8,2,2024-09-27,2024-10-11,63.0,59.318824768066406,45.213735580444336,88.19173240661621,2024-10-11
I,8,2,2024-10-04,2024-10-18,42.0,41.36872482299805,27.263635635375977,70.24163246154785,2024-10-18
I,8,2,2024-10-11,2024-10-25,56.0,41.020751953125,32.055049896240234,69.8936595916748,2024-10-25
I,8,2,2024-10-18,2024-11-01,61.0,36.083744049072266,27.1180419921875,64.95665168762207,2024-11-01
I,8,2,2024-10-25,2024-11-08,63.0,44.148719787597656,35.18301773071289,73.02162742614746,2024-11-08
I,8,2,2024-11-01,2024-11-15,67.0,51.751522064208984,42.78582000732422,80.62442970275879,2024-11-15
I,8,2,2024-11-08,2024-11-22,87.0,54.746395111083984,45.78069305419922,83.61930274963379,2024-11-22
I,8,2,2024-11-15,2024-11-29,73.0,51.165863037109375,42.20016098022461,80.03877067565918,2024-11-29
I,8,2,2024-11-22,2024-12-06,42.0,47.38032150268555,38.41461944580078,76.25322914123535,2024-12-06
I,8,2,2024-11-29,2024-12-13,25.0,44.30718994140625,35.341487884521484,73.18009757995605,2024-12-13
I,8,2,2024-12-06,2024-12-20,34.0,38.21404266357422,29.59651756286621,70.46764755249023,2024-12-20
I,8,2,2024-12-13,2024-12-27,18.0,24.216211318969727,15.598686218261719,56.46981620788574,2024-12-27
I,8,2,2024-12-20,2025-01-03,38.0,26.70534896850586,18.08782386779785,58.958953857421875,2025-01-03
I,8,2,2024-12-27,2025-01-10,33.0,18.847604751586914,0.0,51.10120964050293,2025-01-10
I,8,2,2025-01-03,2025-01-17,42.0,22.41033363342285,3.1031436920166016,54.66393852233887,2025-01-17
I,8,2,2025-01-10,2025-01-24,38.0,25.958637237548828,6.651447296142578,58.212242126464844,2025-01-24
I,8,2,2025-01-17,2025-01-31,45.0,27.50505256652832,8.19786262512207,59.758657455444336,2025-01-31
I,8,2,2025-01-24,2025-02-07,34.0,26.794296264648438,7.4871063232421875,59.04790115356445,2025-02-07
I,8,2,2025-01-31,2025-02-14,94.0,34.76865768432617,15.461467742919922,67.02226257324219,2025-02-14
I,8,2,2025-02-07,2025-02-21,75.0,33.62554931640625,14.318359375,65.87915420532227,2025-02-21
I,8,2,2025-02-14,2025-02-28,50.0,50.104026794433594,30.796836853027344,82.35763168334961,2025-02-28
I,8,2,2025-02-21,2025-03-07,38.0,51.508602142333984,32.201412200927734,83.76220703125,2025-03-07
I,8,2,2025-02-28,2025-03-14,22.0,53.31991195678711,34.01272201538086,112.55125427246094,2025-03-14
I,8,2,2025-03-07,2025-03-21,28.0,31.5302791595459,12.223089218139648,90.76162147521973,2025-03-21
I,8,2,2025-03-14,2025-03-28,14.0,19.70317268371582,0.3959827423095703,78.93451499938965,2025-03-28
I,8,2,2025-03-21,2025-04-04,12.0,20.60924530029297,1.3020553588867188,79.8405876159668,2025-04-04
I,8,2,2025-03-28,2025-04-11,12.0,15.089327812194824,0.0,74.32067012786865,2025-04-11
I,8,2,2025-04-04,2025-04-18,12.0,11.399454116821289,0.0,70.63079643249512,2025-04-18
I,8,2,2025-04-11,2025-04-25,6.0,10.249217987060547,0.0,69.48056030273438,2025-04-25
I,8,2,2025-04-18,2025-05-02,6.0,9.989384651184082,0.0,69.22072696685791,2025-05-02
I,8,2,2025-04-25,2025-05-09,8.0,7.723095893859863,0.0,66.95443820953369,2025-05-09
I,8,2,2025-05-02,2025-05-16,5.0,7.238412380218506,0.0,66.46975469589233,2025-05-16
I,8,2,2025-05-09,2025-05-23,11.0,8.774889945983887,0.0,68.00623226165771,2025-05-23
I,8,2,2025-05-16,2025-05-30,3.0,6.58957576751709,0.0,65.82091808319092,2025-05-30
I,8,2,2025-05-23,2025-06-06,10.0,7.703988552093506,0.0,66.93533086776733,2025-06-06
I,8,2,2025-05-30,2025-06-13,9.0,11.166191101074219,0.0,70.39753341674805,2025-06-13
I,8,2,2025-06-06,2025-06-20,13.0,12.172688484191895,0.0,71.40403079986572,2025-06-20
I,8,2,2025-06-13,2025-06-27,19.0,12.722536087036133,0.0,71.95387840270996,2025-06-27
I,8,2,2025-06-20,2025-07-04,13.0,15.683099746704102,0.0,74.91444206237793,2025-07-04
I,8,2,2025-06-27,2025-07-11,10.0,17.83122444152832,0.0,77.06256675720215,2025-07-11
I,8,2,2025-07-04,2025-07-18,9.0,21.039243698120117,0.0,80.27058601379395,2025-07-18
I,8,2,2025-07-11,2025-07-25,22.0,19.989482879638672,0.0,79.2208251953125,2025-07-25
I,8,2,2025-07-18,2025-08-01,24.0,19.083919525146484,0.0,78.31526184082031,2025-08-01
I,8,2,2025-07-25,2025-08-08,36.0,22.878440856933594,0.0,82.10978317260742,2025-08-08
I,8,2,2025-08-01,2025-08-15,26.0,25.173479080200195,0.0,84.40482139587402,2025-08-15
I,8,2,2025-08-08,2025-08-22,25.0,27.371118545532227,0.0,86.60246086120605,2025-08-22
I,8,2,2025-08-15,2025-08-29,23.0,27.29885482788086,0.0,86.53019714355469,2025-08-29
I,8,2,2025-08-22,2025-09-05,0.0,24.398483276367188,0.0,83.62982559204102,2025-09-05
J,9,2,2023-02-17,2023-03-03,2.0,3.0892984867095947,0.0,15.154838800430298,2023-03-03
J,9,2,2023-02-24,2023-03-10,1.0,2.0746657848358154,0.0,14.140206098556519,2023-03-10
J,9,2,2023-03-03,2023-03-17,2.0,2.01827335357666,0.0,14.083813667297363,2023-03-17
J,9,2,2023-03-10,2023-03-24,3.0,1.9824596643447876,0.0,14.04799997806549,2023-03-24
J,9,2,2023-03-17,2023-03-31,0.0,1.9583779573440552,0.0,14.023918271064758,2023-03-31
J,9,2,2023-03-24,2023-04-07,1.0,2.287947177886963,0.0,14.353487491607666,2023-04-07
J,9,2,2023-03-31,2023-04-14,3.0,2.11787748336792,0.0,14.183417797088623,2023-04-14
J,9,2,2023-04-07,2023-04-21,5.0,2.074681043624878,0.0,14.140221357345581,2023-04-21
J,9,2,2023-04-14,2023-04-28,1.0,2.8294665813446045,0.0,14.895006895065308,2023-04-28
J,9,2,2023-04-21,2023-05-05,3.0,3.491114854812622,0.0,15.556655168533325,2023-05-05
J,9,2,2023-04-28,2023-05-12,3.0,2.808300256729126,0.0,14.873840570449829,2023-05-12
J,9,2,2023-05-05,2023-05-19,5.0,3.144382953643799,0.0,15.209923267364502,2023-05-19
J,9,2,2023-05-12,2023-05-26,5.0,3.940655469894409,0.0,16.006195783615112,2023-05-26
J,9,2,2023-05-19,2023-06-02,4.0,5.840479373931885,0.0,17.906019687652588,2023-06-02
J,9,2,2023-05-26,2023-06-09,13.0,6.49483585357666,0.0,18.560376167297363,2023-06-09
J,9,2,2023-06-02,2023-06-16,6.0,6.2791266441345215,0.0,18.344666957855225,2023-06-16
J,9,2,2023-06-09,2023-06-23,6.0,13.44060230255127,1.001997947692871,25.506142616271973,2023-06-23
J,9,2,2023-06-16,2023-06-30,8.0,9.426344871520996,0.0,21.4918851852417,2023-06-30
J,9,2,2023-06-23,2023-07-07,7.0,7.060851097106934,0.0,19.126391410827637,2023-07-07
J,9,2,2023-06-30,2023-07-14,7.0,8.948188781738281,0.0,21.013729095458984,2023-07-14
J,9,2,2023-07-07,2023-07-21,1.0,9.872689247131348,0.0,21.93822956085205,2023-07-21
J,9,2,2023-07-14,2023-07-28,6.0,10.165894508361816,0.0,22.23143482208252,2023-07-28
J,9,2,2023-07-21,2023-08-04,3.0,6.110453128814697,0.0,18.1759934425354,2023-08-04
J,9,2,2023-07-28,2023-08-11,17.0,9.17810344696045,0.0,21.243643760681152,2023-08-11
J,9,2,2023-08-04,2023-08-18,3.0,7.7249836921691895,0.0,19.790524005889893,2023-08-18
J,9,2,2023-08-11,2023-08-25,6.0,15.621978759765625,3.1833744049072266,27.687519073486328,2023-08-25
J,9,2,2023-08-18,2023-09-01,7.0,8.973572731018066,0.0,21.03911304473877,2023-09-01
J,9,2,2023-08-25,2023-09-08,10.0,8.17830753326416,0.0,20.243847846984863,2023-09-08
J,9,2,2023-09-01,2023-09-15,6.0,8.78952407836914,0.0,20.855064392089844,2023-09-15
J,9,2,2023-09-08,2023-09-22,9.0,10.881373405456543,0.0,22.946913719177246,2023-09-22
J,9,2,2023-09-15,2023-09-29,13.0,10.918253898620605,0.0,22.98379421234131,2023-09-29
J,9,2,2023-09-22,2023-10-06,8.0,10.613361358642578,0.0,22.67890167236328,2023-10-06
J,9,2,2023-09-29,2023-10-13,11.0,16.070035934448242,3.6314315795898438,23.891932487487793,2023-10-13
J,9,2,2023-10-06,2023-10-20,8.0,10.280921936035156,0.0,18.102818489074707,2023-10-20
J,9,2,2023-10-13,2023-10-27,6.0,8.7185640335083,0.0,16.54046058654785,2023-10-27
J,9,2,2023-10-20,2023-11-03,12.0,9.94986629486084,0.32788753509521484,17.77176284790039,2023-11-03
J,9,2,2023-10-27,2023-11-10,2.0,6.2724223136901855,0.0,14.094318866729736,2023-11-10
J,9,2,2023-11-03,2023-11-17,5.0,10.545639038085938,0.9236602783203125,18.36753559112549,2023-11-17
J,9,2,2023-11-10,2023-11-24,9.0,4.552602767944336,0.0,12.374499320983887,2023-11-24
J,9,2,2023-11-17,2023-12-01,9.0,4.178918361663818,0.0,12.00081491470337,2023-12-01
J,9,2,2023-11-24,2023-12-08,8.0,6.605022430419922,0.0,14.426918983459473,2023-12-08
J,9,2,2023-12-01,2023-12-15,1.0,7.778970241546631,0.0,15.600866794586182,2023-12-15
J,9,2,2023-12-08,2023-12-22,7.0,8.156091690063477,0.0,15.977988243103027,2023-12-22
J,9,2,2023-12-15,2023-12-29,1.0,5.7709059715271,0.0,13.59280252456665,2023-12-29
J,9,2,2023-12-22,2024-01-05,7.0,4.78982400894165,0.0,12.611720561981201,2024-01-05
J,9,2,2023-12-29,2024-01-12,4.0,3.9119975566864014,0.0,11.733894109725952,2024-01-12
J,9,2,2024-01-05,2024-01-19,6.0,4.376287937164307,0.0,12.198184490203857,2024-01-19
J,9,2,2024-01-12,2024-01-26,6.0,4.236943244934082,0.0,12.058839797973633,2024-01-26
J,9,2,2024-01-19,2024-02-02,7.0,4.54147481918335,0.0,12.3633713722229,2024-02-02
J,9,2,2024-01-26,2024-02-09,9.0,5.730913162231445,0.0,13.552809715270996,2024-02-09
J,9,2,2024-02-02,2024-02-16,12.0,5.909248352050781,0.0,13.731144905090332,2024-02-16
J,9,2,2024-02-09,2024-02-23,8.0,5.632081985473633,0.0,13.453978538513184,2024-02-23
J,9,2,2024-02-16,2024-03-01,9.0,9.072202682495117,0.0,16.894099235534668,2024-03-01
J,9,2,2024-02-23,2024-03-08,3.0,7.492623329162598,0.0,15.314519882202148,2024-03-08
J,9,2,2024-03-01,2024-03-15,4.0,7.825873851776123,0.0,15.647770404815674,2024-03-15
J,9,2,2024-03-08,2024-03-22,4.0,5.057657241821289,0.0,12.87955379486084,2024-03-22
J,9,2,2024-03-15,2024-03-29,3.0,4.472969055175781,0.0,12.294865608215332,2024-03-29
J,9,2,2024-03-22,2024-04-05,1.0,3.8201136589050293,0.0,11.64201021194458,2024-04-05
J,9,2,2024-03-29,2024-04-12,4.0,3.445517063140869,0.0,11.26741361618042,2024-04-12
J,9,2,2024-04-05,2024-04-19,2.0,2.216447353363037,0.0,10.038343906402588,2024-04-19
J,9,2,2024-04-12,2024-04-26,9.0,2.721405267715454,0.0,10.543301820755005,2024-04-26
J,9,2,2024-04-19,2024-05-03,10.0,2.870048999786377,0.0,10.691945552825928,2024-05-03
J,9,2,2024-04-26,2024-05-10,2.0,5.773608207702637,0.0,13.595504760742188,2024-05-10
J,9,2,2024-05-03,2024-05-17,5.0,7.378003120422363,0.0,15.199899673461914,2024-05-17
J,9,2,2024-05-10,2024-05-24,4.0,6.4270477294921875,0.0,14.248944282531738,2024-05-24
J,9,2,2024-05-17,2024-05-31,5.0,5.416518211364746,0.0,13.238414764404297,2024-05-31
J,9,2,2024-05-24,2024-06-07,6.0,6.091513633728027,0.0,13.913410186767578,2024-06-07
J,9,2,2024-05-31,2024-06-14,15.0,6.395676136016846,0.0,14.217572689056396,2024-06-14
J,9,2,2024-06-07,2024-06-21,18.0,6.376256465911865,0.0,14.198153018951416,2024-06-21
J,9,2,2024-06-14,2024-06-28,23.0,13.896178245544434,4.274199485778809,21.718074798583984,2024-06-28
J,9,2,2024-06-21,2024-07-05,12.0,17.887840270996094,8.265861511230469,25.709736824035645,2024-07-05
J,9,2,2024-06-28,2024-07-12,13.0,22.557493209838867,12.935514450073242,31.16181707382202,2024-07-12
J,9,2,2024-07-05,2024-07-19,13.0,19.153261184692383,9.531282424926758,30.777004718780518,2024-07-19
J,9,2,2024-07-12,2024-07-26,30.0,17.781997680664062,8.160018920898438,29.405741214752197,2024-07-26
J,9,2,2024-07-19,2024-08-02,34.0,17.67237091064453,8.050392150878906,29.296114444732666,2024-08-02
J,9,2,2024-07-26,2024-08-09,26.0,26.33884048461914,16.716861724853516,37.962584018707275,2024-08-09
J,9,2,2024-08-02,2024-08-16,23.0,33.516761779785156,23.89478302001953,45.14050531387329,2024-08-16
J,9,2,2024-08-09,2024-08-23,28.0,29.86534881591797,20.243370056152344,42.083351135253906,2024-08-23
J,9,2,2024-08-16,2024-08-30,28.0,24.243453979492188,14.621475219726562,40.571083068847656,2024-08-30
J,9,2,2024-08-23,2024-09-06,27.0,27.677968978881836,18.05599021911621,44.005598068237305,2024-09-06
J,9,2,2024-08-30,2024-09-13,18.0,27.741365432739258,17.2246036529541,44.06899452209473,2024-09-13
J,9,2,2024-09-06,2024-09-20,24.0,26.929365158081055,16.4126033782959,43.25699424743652,2024-09-20
J,9,2,2024-09-13,2024-09-27,20.0,21.139028549194336,10.62226676940918,37.466657638549805,2024-09-27
J,9,2,2024-09-20,2024-10-04,13.0,24.916339874267578,14.399578094482422,41.24396896362305,2024-10-04
J,9,2,2024-09-27,2024-10-11,17.0,23.223899841308594,12.707138061523438,39.55152893066406,2024-10-11
J,9,2,2024-10-04,2024-10-18,24.0,14.553587913513184,4.036826133728027,30.881217002868652,2024-10-18
J,9,2,2024-10-11,2024-10-25,12.0,12.849214553833008,2.3324527740478516,29.176843643188477,2024-10-25
J,9,2,2024-10-18,2024-11-01,21.0,18.31671905517578,6.400379180908203,34.64434814453125,2024-11-01
J,9,2,2024-10-25,2024-11-08,31.0,16.059337615966797,4.142997741699219,32.386966705322266,2024-11-08
J,9,2,2024-11-01,2024-11-15,33.0,15.83580207824707,3.919462203979492,32.16343116760254,2024-11-15
J,9,2,2024-11-08,2024-11-22,40.0,24.587247848510742,12.670907974243164,40.91487693786621,2024-11-22
J,9,2,2024-11-15,2024-11-29,25.0,27.105491638183594,15.189151763916016,43.43312072753906,2024-11-29
J,9,2,2024-11-22,2024-12-06,35.0,32.496368408203125,20.580028533935547,48.823997497558594,2024-12-06
J,9,2,2024-11-29,2024-12-13,21.0,24.990222930908203,13.073883056640625,42.15442085266113,2024-12-13
J,9,2,2024-12-06,2024-12-20,20.0,25.836170196533203,13.919830322265625,43.00036811828613,2024-12-20
J,9,2,2024-12-13,2024-12-27,6.0,21.071041107177734,9.154701232910156,38.235239028930664,2024-12-27
J,9,2,2024-12-20,2025-01-03,27.0,17.213424682617188,5.297084808349609,34.37762260437012,2025-01-03
J,9,2,2024-12-27,2025-01-10,28.0,9.557964324951172,0.0,26.7221622467041,2025-01-10
J,9,2,2025-01-03,2025-01-17,23.0,15.110671043395996,3.194331169128418,32.274868965148926,2025-01-17
J,9,2,2025-01-10,2025-01-24,27.0,19.75282859802246,4.681787490844727,36.91702651977539,2025-01-24
J,9,2,2025-01-17,2025-01-31,28.0,17.75472640991211,2.683685302734375,34.91892433166504,2025-01-31
J,9,2,2025-01-24,2025-02-07,30.0,19.060443878173828,3.9894027709960938,37.502479553222656,2025-02-07
J,9,2,2025-01-31,2025-02-14,87.0,22.03704261779785,6.966001510620117,40.47907829284668,2025-02-14
J,9,2,2025-02-07,2025-02-21,84.0,25.285478591918945,10.214437484741211,43.72751426696777,2025-02-21
J,9,2,2025-02-14,2025-02-28,47.0,49.202125549316406,34.13108444213867,67.64416122436523,2025-02-28
J,9,2,2025-02-21,2025-03-07,49.0,60.040775299072266,44.96973419189453,78.4828109741211,2025-03-07
J,9,2,2025-02-28,2025-03-14,39.0,53.290035247802734,38.218994140625,118.25299263000488,2025-03-14
J,9,2,2025-03-07,2025-03-21,23.0,50.23500442504883,35.163963317871094,115.19796180725098,2025-03-21
J,9,2,2025-03-14,2025-03-28,14.0,32.45169448852539,17.380653381347656,97.41465187072754,2025-03-28
J,9,2,2025-03-21,2025-04-04,21.0,21.049545288085938,5.978504180908203,86.01250267028809,2025-04-04
J,9,2,2025-03-28,2025-04-11,9.0,14.128901481628418,0.0,79.09185886383057,2025-04-11
J,9,2,2025-04-04,2025-04-18,19.0,14.965365409851074,0.0,79.92832279205322,2025-04-18
J,9,2,2025-04-11,2025-04-25,11.0,11.037707328796387,0.0,76.00066471099854,2025-04-25
J,9,2,2025-04-18,2025-05-02,12.0,12.19234848022461,0.0,77.15530586242676,2025-05-02
J,9,2,2025-04-25,2025-05-09,9.0,9.814108848571777,0.0,74.77706623077393,2025-05-09
J,9,2,2025-05-02,2025-05-16,5.0,13.302386283874512,0.0,78.26534366607666,2025-05-16
J,9,2,2025-05-09,2025-05-23,6.0,9.847456932067871,0.0,74.81041431427002,2025-05-23
J,9,2,2025-05-16,2025-05-30,7.0,6.335009574890137,0.0,71.29796695709229,2025-05-30
J,9,2,2025-05-23,2025-06-06,6.0,5.190936088562012,0.0,70.15389347076416,2025-06-06
J,9,2,2025-05-30,2025-06-13,16.0,8.846713066101074,0.0,73.80967044830322,2025-06-13
J,9,2,2025-06-06,2025-06-20,20.0,7.1819586753845215,0.0,72.14491605758667,2025-06-20
J,9,2,2025-06-13,2025-06-27,23.0,13.177642822265625,0.0,78.14060020446777,2025-06-27
J,9,2,2025-06-20,2025-07-04,26.0,18.414892196655273,0.0,83.37784957885742,2025-07-04
J,9,2,2025-06-27,2025-07-11,35.0,19.821340560913086,0.0,84.78429794311523,2025-07-11
J,9,2,2025-07-04,2025-07-18,38.0,29.04673194885254,1.811727523803711,94.00968933105469,2025-07-18
J,9,2,2025-07-11,2025-07-25,23.0,33.91736602783203,6.682361602783203,98.88032341003418,2025-07-25
J,9,2,2025-07-18,2025-08-01,41.0,37.456111907958984,10.221107482910156,102.41906929016113,2025-08-01
J,9,2,2025-07-25,2025-08-08,33.0,30.213768005371094,2.9787635803222656,95.17672538757324,2025-08-08
J,9,2,2025-08-01,2025-08-15,27.0,38.01556396484375,10.780559539794922,102.9785213470459,2025-08-15
J,9,2,2025-08-08,2025-08-22,24.0,32.08566665649414,4.8506622314453125,97.04862403869629,2025-08-22
J,9,2,2025-08-15,2025-08-29,22.0,26.162376403808594,0.0,91.12533378601074,2025-08-29
J,9,2,2025-08-22,2025-09-05,0.0,21.222257614135742,0.0,86.18521499633789,2025-09-05
K,10,2,2023-02-17,2023-03-03,3.0,2.8362441062927246,0.0,9.14634919166565,2023-03-03
K,10,2,2023-02-24,2023-03-10,0.0,1.7359700202941895,0.0,8.046075105667114,2023-03-10
K,10,2,2023-03-03,2023-03-17,0.0,2.2576873302459717,0.0,8.567792415618896,2023-03-17
K,10,2,2023-03-10,2023-03-24,0.0,1.907538652420044,0.0,8.217643737792969,2023-03-24
K,10,2,2023-03-17,2023-03-31,2.0,1.7504558563232422,0.0,8.060560941696167,2023-03-31
K,10,2,2023-03-24,2023-04-07,4.0,1.6667793989181519,0.0,7.976884484291077,2023-04-07
K,10,2,2023-03-31,2023-04-14,4.0,1.6862804889678955,0.0,7.99638557434082,2023-04-14
K,10,2,2023-04-07,2023-04-21,1.0,2.450147867202759,0.0,8.760252952575684,2023-04-21
K,10,2,2023-04-14,2023-04-28,0.0,3.762218952178955,0.0,10.07232403755188,2023-04-28
K,10,2,2023-04-21,2023-05-05,1.0,2.653074264526367,0.0,8.963179349899292,2023-05-05
K,10,2,2023-04-28,2023-05-12,3.0,1.8848203420639038,0.0,8.194925427436829,2023-05-12
K,10,2,2023-05-05,2023-05-19,3.0,2.0708091259002686,0.0,8.380914211273193,2023-05-19
K,10,2,2023-05-12,2023-05-26,4.0,3.34916353225708,0.0,9.659268617630005,2023-05-26
K,10,2,2023-05-19,2023-06-02,4.0,4.04884147644043,0.0,10.358946561813354,2023-06-02
K,10,2,2023-05-26,2023-06-09,1.0,4.245547771453857,0.0,10.555652856826782,2023-06-09
K,10,2,2023-06-02,2023-06-16,4.0,5.361495494842529,0.0,11.671600580215454,2023-06-16
K,10,2,2023-06-09,2023-06-23,7.0,4.772351264953613,0.0,11.082456350326538,2023-06-23
K,10,2,2023-06-16,2023-06-30,0.0,3.827564001083374,0.0,10.137669086456299,2023-06-30
K,10,2,2023-06-23,2023-07-07,4.0,6.749059200286865,0.04526472091674805,13.05916428565979,2023-07-07
K,10,2,2023-06-30,2023-07-14,3.0,3.6442534923553467,0.0,9.954358577728271,2023-07-14
K,10,2,2023-07-07,2023-07-21,6.0,4.625454902648926,0.0,10.93555998802185,2023-07-21
K,10,2,2023-07-14,2023-07-28,5.0,5.296082019805908,0.0,11.606187105178833,2023-07-28
K,10,2,2023-07-21,2023-08-04,6.0,6.102132320404053,0.0,12.412237405776978,2023-08-04
K,10,2,2023-07-28,2023-08-11,7.0,7.57979679107666,0.876002311706543,13.889901876449585,2023-08-11
K,10,2,2023-08-04,2023-08-18,6.0,7.117760181427002,0.41396570205688477,13.427865266799927,2023-08-18
K,10,2,2023-08-11,2023-08-25,6.0,7.964968681335449,1.261174201965332,14.275073766708374,2023-08-25
K,10,2,2023-08-18,2023-09-01,6.0,6.669949531555176,0.0,12.9800546169281,2023-09-01
K,10,2,2023-08-25,2023-09-08,6.0,7.669325351715088,0.9655308723449707,13.979430437088013,2023-09-08
K,10,2,2023-09-01,2023-09-15,10.0,6.7569427490234375,0.05314826965332031,13.067047834396362,2023-09-15
K,10,2,2023-09-08,2023-09-22,7.0,6.667570114135742,0.0,12.977675199508667,2023-09-22
K,10,2,2023-09-15,2023-09-29,6.0,9.606789588928223,2.9029951095581055,15.916894674301147,2023-09-29
K,10,2,2023-09-22,2023-10-06,5.0,10.237836837768555,3.5340423583984375,16.54794192314148,2023-10-06
K,10,2,2023-09-29,2023-10-13,3.0,7.390034198760986,0.6862397193908691,13.700139284133911,2023-10-13
K,10,2,2023-10-06,2023-10-20,2.0,6.9840922355651855,0.28029775619506836,13.29419732093811,2023-10-20
K,10,2,2023-10-13,2023-10-27,6.0,3.9417638778686523,0.0,10.251868963241577,2023-10-27
K,10,2,2023-10-20,2023-11-03,7.0,3.5832536220550537,0.0,9.893358707427979,2023-11-03
K,10,2,2023-10-27,2023-11-10,4.0,3.6936123371124268,0.0,10.003717422485352,2023-11-10
K,10,2,2023-11-03,2023-11-17,7.0,6.037190914154053,0.0,12.347295999526978,2023-11-17
K,10,2,2023-11-10,2023-11-24,6.0,3.758585214614868,0.0,10.068690299987793,2023-11-24
K,10,2,2023-11-17,2023-12-01,3.0,4.828258037567139,0.0,11.138363122940063,2023-12-01
K,10,2,2023-11-24,2023-12-08,5.0,4.95158052444458,0.0,11.261685609817505,2023-12-08
K,10,2,2023-12-01,2023-12-15,3.0,4.475944519042969,0.0,10.786049604415894,2023-12-15
K,10,2,2023-12-08,2023-12-22,5.0,4.13115930557251,0.0,10.441264390945435,2023-12-22
K,10,2,2023-12-15,2023-12-29,3.0,4.2509565353393555,0.0,10.56106162071228,2023-12-29
K,10,2,2023-12-22,2024-01-05,3.0,4.036930561065674,0.0,10.347035646438599,2024-01-05
K,10,2,2023-12-29,2024-01-12,5.0,3.956943988800049,0.0,10.267049074172974,2024-01-12
K,10,2,2024-01-05,2024-01-19,4.0,2.6829683780670166,0.0,8.993073463439941,2024-01-19
K,10,2,2024-01-12,2024-01-26,6.0,3.4952316284179688,0.0,9.805336713790894,2024-01-26
K,10,2,2024-01-19,2024-02-02,5.0,3.511558771133423,0.0,9.821663856506348,2024-02-02
K,10,2,2024-01-26,2024-02-09,4.0,4.114965915679932,0.0,10.425071001052856,2024-02-09
K,10,2,2024-02-02,2024-02-16,9.0,4.497879505157471,0.0,7.914625883102417,2024-02-16
K,10,2,2024-02-09,2024-02-23,4.0,3.5142059326171875,0.0,6.930952310562134,2024-02-23
K,10,2,2024-02-16,2024-03-01,3.0,5.366624355316162,0.12878751754760742,8.783370733261108,2024-03-01
K,10,2,2024-02-23,2024-03-08,5.0,4.857155799865723,0.0,8.273902177810669,2024-03-08
K,10,2,2024-03-01,2024-03-15,7.0,3.628629684448242,0.0,8.130750179290771,2024-03-15
K,10,2,2024-03-08,2024-03-22,2.0,3.749760866165161,0.0,8.25188136100769,2024-03-22
K,10,2,2024-03-15,2024-03-29,3.0,4.678294658660889,0.0,9.180415153503418,2024-03-29
K,10,2,2024-03-22,2024-04-05,5.0,3.246690273284912,0.0,7.748810768127441,2024-04-05
K,10,2,2024-03-29,2024-04-12,1.0,2.269960403442383,0.0,6.772080898284912,2024-04-12
K,10,2,2024-04-05,2024-04-19,7.0,3.243605375289917,0.0,7.745725870132446,2024-04-19
K,10,2,2024-04-12,2024-04-26,3.0,2.6147966384887695,0.0,7.116917133331299,2024-04-26
K,10,2,2024-04-19,2024-05-03,1.0,3.9744954109191895,0.0,8.476615905761719,2024-05-03
K,10,2,2024-04-26,2024-05-10,2.0,3.4667999744415283,0.0,7.968920469284058,2024-05-10
K,10,2,2024-05-03,2024-05-17,1.0,2.0723915100097656,0.0,6.574512004852295,2024-05-17
K,10,2,2024-05-10,2024-05-24,2.0,2.1970458030700684,0.0,6.699166297912598,2024-05-24
K,10,2,2024-05-17,2024-05-31,2.0,1.9508384466171265,0.0,6.452958941459656,2024-05-31
K,10,2,2024-05-24,2024-06-07,3.0,3.716885805130005,0.0,8.219006299972534,2024-06-07
K,10,2,2024-05-31,2024-06-14,3.0,2.9719200134277344,0.0,7.474040508270264,2024-06-14
K,10,2,2024-06-07,2024-06-21,4.0,3.5536112785339355,0.0,8.055731773376465,2024-06-21
K,10,2,2024-06-14,2024-06-28,4.0,3.806529998779297,0.0,8.308650493621826,2024-06-28
K,10,2,2024-06-21,2024-07-05,7.0,4.000168800354004,0.0,8.502289295196533,2024-07-05
K,10,2,2024-06-28,2024-07-12,8.0,4.9971184730529785,0.0,9.499238967895508,2024-07-12
K,10,2,2024-07-05,2024-07-19,8.0,7.107332706451416,1.8694958686828613,11.609453201293945,2024-07-19
K,10,2,2024-07-12,2024-07-26,5.0,8.524554252624512,3.286717414855957,13.026674747467041,2024-07-26
K,10,2,2024-07-19,2024-08-02,16.0,11.151775360107422,5.913938522338867,15.653895854949951,2024-08-02
K,10,2,2024-07-26,2024-08-09,23.0,9.060498237609863,3.8226613998413086,13.562618732452393,2024-08-09
K,10,2,2024-08-02,2024-08-16,17.0,15.30288314819336,10.065046310424805,19.80500364303589,2024-08-16
K,10,2,2024-08-09,2024-08-23,12.0,22.56068229675293,17.322845458984375,27.06280279159546,2024-08-23
K,10,2,2024-08-16,2024-08-30,13.0,19.85346794128418,14.615631103515625,24.701692581176758,2024-08-30
K,10,2,2024-08-23,2024-09-06,15.0,17.65280532836914,12.414968490600586,31.592307090759277,2024-09-06
K,10,2,2024-08-30,2024-09-13,25.0,20.021995544433594,14.784158706665039,33.96149730682373,2024-09-13
K,10,2,2024-09-06,2024-09-20,20.0,17.73197364807129,7.171291351318359,31.671475410461426,2024-09-20
K,10,2,2024-09-13,2024-09-27,19.0,24.16082191467285,13.600139617919922,38.10032367706299,2024-09-27
K,10,2,2024-09-20,2024-10-04,16.0,23.514087677001953,12.953405380249023,37.45358943939209,2024-10-04
K,10,2,2024-09-27,2024-10-11,16.0,20.80913734436035,10.248455047607422,34.74863910675049,2024-10-11
K,10,2,2024-10-04,2024-10-18,23.0,15.933387756347656,5.372705459594727,29.872889518737793,2024-10-18
K,10,2,2024-10-11,2024-10-25,13.0,12.813231468200684,2.252549171447754,26.75273323059082,2024-10-25
K,10,2,2024-10-18,2024-11-01,16.0,18.542301177978516,7.981618881225586,32.48180294036865,2024-11-01
K,10,2,2024-10-25,2024-11-08,28.0,15.45971393585205,4.899031639099121,29.399215698242188,2024-11-08
K,10,2,2024-11-01,2024-11-15,20.0,12.695838928222656,2.1351566314697266,26.635340690612793,2024-11-15
K,10,2,2024-11-08,2024-11-22,36.0,20.895809173583984,10.335126876831055,34.83531093597412,2024-11-22
K,10,2,2024-11-15,2024-11-29,29.0,17.55360221862793,6.992919921875,31.493103981018066,2024-11-29
K,10,2,2024-11-22,2024-12-06,32.0,24.77117156982422,14.210489273071289,38.710673332214355,2024-12-06
K,10,2,2024-11-29,2024-12-13,22.0,28.057899475097656,17.497217178344727,41.99740123748779,2024-12-13
K,10,2,2024-12-06,2024-12-20,16.0,27.223115921020508,16.662433624267578,42.32730674743652,2024-12-20
K,10,2,2024-12-13,2024-12-27,5.0,19.37969207763672,8.819009780883789,34.483882904052734,2024-12-27
K,10,2,2024-12-20,2025-01-03,25.0,14.461277961730957,3.9005956649780273,29.565468788146973,2025-01-03
K,10,2,2024-12-27,2025-01-10,30.0,8.281713485717773,0.0,23.38590431213379,2025-01-10
K,10,2,2025-01-03,2025-01-17,21.0,14.227370262145996,3.0042543411254883,29.33156108856201,2025-01-17
K,10,2,2025-01-10,2025-01-24,14.0,20.791568756103516,6.411876678466797,35.89575958251953,2025-01-24
K,10,2,2025-01-17,2025-01-31,32.0,18.276838302612305,3.897146224975586,33.38102912902832,2025-01-31
K,10,2,2025-01-24,2025-02-07,22.0,12.944348335266113,0.0,34.66263484954834,2025-02-07
K,10,2,2025-01-31,2025-02-14,60.0,23.227092742919922,8.847400665283203,44.94537925720215,2025-02-14
K,10,2,2025-02-07,2025-02-21,60.0,19.34980010986328,4.9701080322265625,41.06808662414551,2025-02-21
K,10,2,2025-02-14,2025-02-28,29.0,42.48915100097656,28.109458923339844,64.20743751525879,2025-02-28
K,10,2,2025-02-21,2025-03-07,23.0,51.135337829589844,36.755645751953125,72.85362434387207,2025-03-07
K,10,2,2025-02-28,2025-03-14,15.0,33.6131591796875,19.23346710205078,70.38606643676758,2025-03-14
K,10,2,2025-03-07,2025-03-21,19.0,22.71625328063965,8.33656120300293,63.36645317077637,2025-03-21
K,10,2,2025-03-14,2025-03-28,15.0,14.827610969543457,0.4479188919067383,55.477810859680176,2025-03-28
K,10,2,2025-03-21,2025-04-04,20.0,13.108071327209473,0.0,53.75827121734619,2025-04-04
K,10,2,2025-03-28,2025-04-11,8.0,10.86816120147705,0.0,51.51836109161377,2025-04-11
K,10,2,2025-04-04,2025-04-18,10.0,13.858380317687988,0.0,54.50858020782471,2025-04-18
K,10,2,2025-04-11,2025-04-25,9.0,9.099039077758789,0.0,49.74923896789551,2025-04-25
K,10,2,2025-04-18,2025-05-02,5.0,7.759354114532471,0.0,48.40955400466919,2025-05-02
K,10,2,2025-04-25,2025-05-09,6.0,7.272202968597412,0.0,47.92240285873413,2025-05-09
K,10,2,2025-05-02,2025-05-16,8.0,7.537507057189941,0.0,48.18770694732666,2025-05-16
K,10,2,2025-05-09,2025-05-23,7.0,5.305984020233154,0.0,45.95618391036987,2025-05-23
K,10,2,2025-05-16,2025-05-30,10.0,5.849947452545166,0.0,46.500147342681885,2025-05-30
K,10,2,2025-05-23,2025-06-06,5.0,5.561334609985352,0.0,46.21153450012207,2025-06-06
K,10,2,2025-05-30,2025-06-13,10.0,9.576355934143066,0.0,50.226555824279785,2025-06-13
K,10,2,2025-06-06,2025-06-20,8.0,8.92560863494873,0.0,49.57580852508545,2025-06-20
K,10,2,2025-06-13,2025-06-27,15.0,9.307207107543945,0.0,49.957406997680664,2025-06-27
K,10,2,2025-06-20,2025-07-04,15.0,10.240607261657715,0.0,50.890807151794434,2025-07-04
K,10,2,2025-06-27,2025-07-11,22.0,14.556382179260254,0.0,55.20658206939697,2025-07-11
K,10,2,2025-07-04,2025-07-18,22.0,21.344202041625977,0.0,61.994401931762695,2025-07-18
K,10,2,2025-07-11,2025-07-25,28.0,22.853647232055664,0.0,63.50384712219238,2025-07-25
K,10,2,2025-07-18,2025-08-01,29.0,22.874923706054688,0.0,63.525123596191406,2025-08-01
K,10,2,2025-07-25,2025-08-08,21.0,32.20562744140625,4.070289611816406,72.85582733154297,2025-08-08
K,10,2,2025-08-01,2025-08-15,18.0,29.903635025024414,1.7682971954345703,70.55383491516113,2025-08-15
K,10,2,2025-08-08,2025-08-22,17.0,23.427507400512695,0.0,64.07770729064941,2025-08-22
K,10,2,2025-08-15,2025-08-29,14.0,18.70374870300293,0.0,59.35394859313965,2025-08-29
K,10,2,2025-08-22,2025-09-05,0.0,14.133970260620117,0.0,54.784170150756836,2025-09-05
L,11,2,2023-02-17,2023-03-03,0.0,4.051749229431152,0.0,8.692962646484375,2023-03-03
L,11,2,2023-02-24,2023-03-10,1.0,2.560833692550659,0.0,7.202047109603882,2023-03-10
L,11,2,2023-03-03,2023-03-17,5.0,1.8828742504119873,0.0,6.52408766746521,2023-03-17
L,11,2,2023-03-10,2023-03-24,3.0,1.753539800643921,0.0,6.3947532176971436,2023-03-24
L,11,2,2023-03-17,2023-03-31,0.0,2.9379210472106934,0.0,7.579134464263916,2023-03-31
L,11,2,2023-03-24,2023-04-07,0.0,2.8159215450286865,0.0,7.457134962081909,2023-04-07
L,11,2,2023-03-31,2023-04-14,1.0,2.022711753845215,0.0,6.6639251708984375,2023-04-14
L,11,2,2023-04-07,2023-04-21,0.0,1.796190619468689,0.0,6.437404036521912,2023-04-21
L,11,2,2023-04-14,2023-04-28,1.0,2.369640588760376,0.0,7.010854005813599,2023-04-28
L,11,2,2023-04-21,2023-05-05,1.0,1.7314893007278442,0.0,6.372702717781067,2023-05-05
L,11,2,2023-04-28,2023-05-12,0.0,1.6268161535263062,0.0,6.268029570579529,2023-05-12
L,11,2,2023-05-05,2023-05-19,3.0,1.9968503713607788,0.0,6.6380637884140015,2023-05-19
L,11,2,2023-05-12,2023-05-26,4.0,3.066073417663574,0.0,7.707286834716797,2023-05-26
L,11,2,2023-05-19,2023-06-02,5.0,3.8860538005828857,0.0,8.527267217636108,2023-06-02
L,11,2,2023-05-26,2023-06-09,2.0,4.0781636238098145,0.0,8.719377040863037,2023-06-09
L,11,2,2023-06-02,2023-06-16,3.0,5.882257461547852,0.21160888671875,10.523470878601074,2023-06-16
L,11,2,2023-06-09,2023-06-23,2.0,5.211752891540527,0.0,9.85296630859375,2023-06-23
L,11,2,2023-06-16,2023-06-30,2.0,3.6199288368225098,0.0,8.261142253875732,2023-06-30
L,11,2,2023-06-23,2023-07-07,4.0,3.4622232913970947,0.0,8.103436708450317,2023-07-07
L,11,2,2023-06-30,2023-07-14,2.0,2.7540433406829834,0.0,7.395256757736206,2023-07-14
L,11,2,2023-07-07,2023-07-21,5.0,4.082637786865234,0.0,8.723851203918457,2023-07-21
L,11,2,2023-07-14,2023-07-28,0.0,4.778090953826904,0.0,9.419304370880127,2023-07-28
L,11,2,2023-07-21,2023-08-04,4.0,5.58165168762207,0.0,10.222865104675293,2023-08-04
L,11,2,2023-07-28,2023-08-11,7.0,5.936092853546143,0.265444278717041,10.577306270599365,2023-08-11
L,11,2,2023-08-04,2023-08-18,6.0,5.781900405883789,0.1112518310546875,10.423113822937012,2023-08-18
L,11,2,2023-08-11,2023-08-25,3.0,7.733506679534912,2.0628581047058105,12.374720096588135,2023-08-25
L,11,2,2023-08-18,2023-09-01,5.0,6.853480339050293,1.1828317642211914,11.494693756103516,2023-09-01
L,11,2,2023-08-25,2023-09-08,3.0,7.263134956359863,1.5924863815307617,11.904348373413086,2023-09-08
L,11,2,2023-09-01,2023-09-15,7.0,5.983711242675781,0.3130626678466797,10.624924659729004,2023-09-15
L,11,2,2023-09-08,2023-09-22,2.0,5.454235076904297,0.0,10.09544849395752,2023-09-22
L,11,2,2023-09-15,2023-09-29,1.0,7.199142932891846,1.5284943580627441,11.840356349945068,2023-09-29
L,11,2,2023-09-22,2023-10-06,7.0,6.001091480255127,0.3304429054260254,10.64230489730835,2023-10-06
L,11,2,2023-09-29,2023-10-13,8.0,4.218684673309326,0.0,8.859898090362549,2023-10-13
L,11,2,2023-10-06,2023-10-20,4.0,5.400771617889404,0.0,10.041985034942627,2023-10-20
L,11,2,2023-10-13,2023-10-27,3.0,6.017869472503662,0.0,10.659082889556885,2023-10-27
L,11,2,2023-10-20,2023-11-03,8.0,5.9708967208862305,0.0,9.961480140686035,2023-11-03
L,11,2,2023-10-27,2023-11-10,5.0,4.1060872077941895,0.0,8.096670627593994,2023-11-10
L,11,2,2023-11-03,2023-11-17,5.0,5.248739719390869,0.0,9.239323139190674,2023-11-17
L,11,2,2023-11-10,2023-11-24,4.0,4.865984916687012,0.0,8.856568336486816,2023-11-24
L,11,2,2023-11-17,2023-12-01,6.0,4.1385908126831055,0.0,8.12917423248291,2023-12-01
L,11,2,2023-11-24,2023-12-08,3.0,4.07858419418335,0.0,8.069167613983154,2023-12-08
L,11,2,2023-12-01,2023-12-15,1.0,4.78815221786499,0.0,8.778735637664795,2023-12-15
L,11,2,2023-12-08,2023-12-22,2.0,4.167133808135986,0.0,8.157717227935791,2023-12-22
L,11,2,2023-12-15,2023-12-29,7.0,3.3925869464874268,0.0,7.3831703662872314,2023-12-29
L,11,2,2023-12-22,2024-01-05,3.0,2.7864320278167725,0.0,6.777015447616577,2024-01-05
L,11,2,2023-12-29,2024-01-12,3.0,4.4660115242004395,0.0,8.456594944000244,2024-01-12
L,11,2,2024-01-05,2024-01-19,8.0,3.5965259075164795,0.0,7.587109327316284,2024-01-19
L,11,2,2024-01-12,2024-01-26,1.0,2.787015438079834,0.0,6.777598857879639,2024-01-26
L,11,2,2024-01-19,2024-02-02,3.0,4.603131294250488,0.0,8.593714714050293,2024-02-02
L,11,2,2024-01-26,2024-02-09,3.0,3.749156951904297,0.0,7.739740371704102,2024-02-09
L,11,2,2024-02-02,2024-02-16,3.0,2.6044859886169434,0.0,7.007960081100464,2024-02-16
L,11,2,2024-02-09,2024-02-23,6.0,2.315779447555542,0.0,6.7192535400390625,2024-02-23
L,11,2,2024-02-16,2024-03-01,2.0,2.8848838806152344,0.0,7.288357973098755,2024-03-01
L,11,2,2024-02-23,2024-03-08,2.0,3.268785238265991,0.0,7.672259330749512,2024-03-08
L,11,2,2024-03-01,2024-03-15,2.0,3.061939239501953,0.0,7.465413331985474,2024-03-15
L,11,2,2024-03-08,2024-03-22,0.0,1.9371557235717773,0.0,6.340629816055298,2024-03-22
L,11,2,2024-03-15,2024-03-29,1.0,1.8007067441940308,0.0,6.204180836677551,2024-03-29
L,11,2,2024-03-22,2024-04-05,1.0,1.7579599618911743,0.0,6.161434054374695,2024-04-05
L,11,2,2024-03-29,2024-04-12,1.0,1.7007595300674438,0.0,6.104233622550964,2024-04-12
L,11,2,2024-04-05,2024-04-19,2.0,1.7233946323394775,0.0,6.126868724822998,2024-04-19
L,11,2,2024-04-12,2024-04-26,1.0,1.7162795066833496,0.0,6.11975359916687,2024-04-26
L,11,2,2024-04-19,2024-05-03,0.0,1.7801611423492432,0.0,6.183635234832764,2024-05-03
L,11,2,2024-04-26,2024-05-10,0.0,1.7437623739242554,0.0,6.147236466407776,2024-05-10
L,11,2,2024-05-03,2024-05-17,0.0,1.6936442852020264,0.0,6.097118377685547,2024-05-17
L,11,2,2024-05-10,2024-05-24,2.0,1.789384126663208,0.0,6.1928582191467285,2024-05-24
L,11,2,2024-05-17,2024-05-31,2.0,1.9927078485488892,0.0,6.39618194103241,2024-05-31
L,11,2,2024-05-24,2024-06-07,2.0,3.722151041030884,0.0,8.125625133514404,2024-06-07
L,11,2,2024-05-31,2024-06-14,0.0,3.097515344619751,0.0,7.5009894371032715,2024-06-14
L,11,2,2024-06-07,2024-06-21,1.0,3.1127398014068604,0.0,7.516213893890381,2024-06-21
L,11,2,2024-06-14,2024-06-28,0.0,3.3056881427764893,0.0,7.70916223526001,2024-06-28
L,11,2,2024-06-21,2024-07-05,2.0,3.249295949935913,0.0,7.652770042419434,2024-07-05
L,11,2,2024-06-28,2024-07-12,2.0,3.742126226425171,0.0,8.145600318908691,2024-07-12
L,11,2,2024-07-05,2024-07-19,3.0,4.057452201843262,0.0,8.460926294326782,2024-07-19
L,11,2,2024-07-12,2024-07-26,5.0,3.416278600692749,0.0,7.8197526931762695,2024-07-26
L,11,2,2024-07-19,2024-08-02,5.0,4.482395648956299,0.0,8.88586974143982,2024-08-02
L,11,2,2024-07-26,2024-08-09,3.0,5.373766899108887,0.0,9.777240991592407,2024-08-09
L,11,2,2024-08-02,2024-08-16,4.0,6.115400791168213,0.0,10.518874883651733,2024-08-16
L,11,2,2024-08-09,2024-08-23,3.0,5.288955211639404,0.0,9.692429304122925,2024-08-23
L,11,2,2024-08-16,2024-08-30,4.0,4.315405368804932,0.0,8.718879461288452,2024-08-30
L,11,2,2024-08-23,2024-09-06,6.0,5.193916320800781,0.0,9.597390413284302,2024-09-06
L,11,2,2024-08-30,2024-09-13,12.0,4.927449703216553,0.0,9.330923795700073,2024-09-13
L,11,2,2024-09-06,2024-09-20,4.0,5.911660671234131,0.0,10.315134763717651,2024-09-20
L,11,2,2024-09-13,2024-09-27,1.0,11.737942695617676,5.53879976272583,16.141416788101196,2024-09-27
L,11,2,2024-09-20,2024-10-04,4.0,11.11677074432373,4.917627811431885,15.520244836807251,2024-10-04
L,11,2,2024-09-27,2024-10-11,10.0,5.752124786376953,0.0,12.8246750831604,2024-10-11
L,11,2,2024-10-04,2024-10-18,4.0,4.573179244995117,0.0,11.645729541778564,2024-10-18
L,11,2,2024-10-11,2024-10-25,5.0,7.601324558258057,0.0,14.673874855041504,2024-10-25
L,11,2,2024-10-18,2024-11-01,10.0,7.579400539398193,0.0,14.65195083618164,2024-11-01
L,11,2,2024-10-25,2024-11-08,6.0,6.2982096672058105,0.0,13.370759963989258,2024-11-08
L,11,2,2024-11-01,2024-11-15,8.0,6.525515556335449,0.0,13.598065853118896,2024-11-15
L,11,2,2024-11-08,2024-11-22,15.0,8.25517463684082,0.0,15.327724933624268,2024-11-22
L,11,2,2024-11-15,2024-11-29,7.0,6.736242294311523,0.0,13.80879259109497,2024-11-29
L,11,2,2024-11-22,2024-12-06,12.0,8.99731159210205,0.0,16.069861888885498,2024-12-06
L,11,2,2024-11-29,2024-12-13,12.0,8.14238166809082,0.0,15.214931964874268,2024-12-13
L,11,2,2024-12-06,2024-12-20,16.0,8.35465145111084,0.0,15.427201747894287,2024-12-20
L,11,2,2024-12-13,2024-12-27,5.0,8.768908500671387,0.0,15.841458797454834,2024-12-27
L,11,2,2024-12-20,2025-01-03,8.0,10.742045402526855,0.0041027069091796875,17.814595699310303,2025-01-03
L,11,2,2024-12-27,2025-01-10,9.0,7.7514777183532715,0.0,14.824028015136719,2025-01-10
L,11,2,2025-01-03,2025-01-17,14.0,6.275486946105957,0.0,13.920835494995117,2025-01-17
L,11,2,2025-01-10,2025-01-24,6.0,7.119359016418457,0.0,14.764707565307617,2025-01-24
L,11,2,2025-01-17,2025-01-31,13.0,9.013084411621094,0.0,16.658432960510254,2025-01-31
L,11,2,2025-01-24,2025-02-07,9.0,6.737058639526367,0.0,14.382407188415527,2025-02-07
L,11,2,2025-01-31,2025-02-14,29.0,8.201421737670898,0.0,15.925934791564941,2025-02-14
L,11,2,2025-02-07,2025-02-21,10.0,7.6254048347473145,0.0,15.349917888641357,2025-02-21
L,11,2,2025-02-14,2025-02-28,12.0,19.181474685668945,8.44353199005127,26.90598773956299,2025-02-28
L,11,2,2025-02-21,2025-03-07,8.0,12.722744941711426,1.98480224609375,20.44725799560547,2025-03-07
L,11,2,2025-02-28,2025-03-14,7.0,9.548283576965332,0.0,30.346861839294434,2025-03-14
L,11,2,2025-03-07,2025-03-21,7.0,7.449087619781494,0.0,28.247665882110596,2025-03-21
L,11,2,2025-03-14,2025-03-28,7.0,6.413747787475586,0.0,27.212326049804688,2025-03-28
L,11,2,2025-03-21,2025-04-04,9.0,5.9213995933532715,0.0,26.719977855682373,2025-04-04
L,11,2,2025-03-28,2025-04-11,8.0,5.272237777709961,0.0,26.070816040039062,2025-04-11
L,11,2,2025-04-04,2025-04-18,4.0,5.672954082489014,0.0,26.471532344818115,2025-04-18
L,11,2,2025-04-11,2025-04-25,4.0,6.609004497528076,0.0,27.407582759857178,2025-04-25
L,11,2,2025-04-18,2025-05-02,2.0,4.908789157867432,0.0,25.707367420196533,2025-05-02
L,11,2,2025-04-25,2025-05-09,3.0,3.7227938175201416,0.0,24.521372079849243,2025-05-09
L,11,2,2025-05-02,2025-05-16,5.0,3.044395923614502,0.0,23.842974185943604,2025-05-16
L,11,2,2025-05-09,2025-05-23,1.0,2.516791820526123,0.0,23.315370082855225,2025-05-23
L,11,2,2025-05-16,2025-05-30,2.0,3.163102388381958,0.0,23.96168065071106,2025-05-30
L,11,2,2025-05-23,2025-06-06,6.0,2.624924659729004,0.0,23.423502922058105,2025-06-06
L,11,2,2025-05-30,2025-06-13,4.0,4.081568717956543,0.0,24.880146980285645,2025-06-13
L,11,2,2025-06-06,2025-06-20,1.0,5.195795059204102,0.0,25.994373321533203,2025-06-20
L,11,2,2025-06-13,2025-06-27,3.0,5.038466453552246,0.0,25.837044715881348,2025-06-27
L,11,2,2025-06-20,2025-07-04,8.0,4.394338607788086,0.0,25.192916870117188,2025-07-04
L,11,2,2025-06-27,2025-07-11,7.0,4.216490745544434,0.0,25.015069007873535,2025-07-11
L,11,2,2025-07-04,2025-07-18,12.0,8.1631498336792,0.0,28.9617280960083,2025-07-18
L,11,2,2025-07-11,2025-07-25,11.0,9.303108215332031,0.0,30.101686477661133,2025-07-25
L,11,2,2025-07-18,2025-08-01,11.0,12.875587463378906,2.1376447677612305,33.67416572570801,2025-08-01
L,11,2,2025-07-25,2025-08-08,14.0,16.96250343322754,6.224560737609863,37.76108169555664,2025-08-08
L,11,2,2025-08-01,2025-08-15,12.0,13.02203369140625,2.284090995788574,33.82061195373535,2025-08-15
L,11,2,2025-08-08,2025-08-22,10.0,12.287290573120117,1.5493478775024414,33.08586883544922,2025-08-22
L,11,2,2025-08-15,2025-08-29,8.0,14.46562385559082,3.7276811599731445,35.26420211791992,2025-08-29
L,11,2,2025-08-22,2025-09-05,0.0,8.957534790039062,0.0,29.756113052368164,2025-09-05
M,12,2,2023-02-17,2023-03-03,3.0,4.110235214233398,0.0,14.211023330688477,2023-03-03
M,12,2,2023-02-24,2023-03-10,0.0,3.4388973712921143,0.0,13.539685487747192,2023-03-10
M,12,2,2023-03-03,2023-03-17,5.0,3.0317628383636475,0.0,13.132550954818726,2023-03-17
M,12,2,2023-03-10,2023-03-24,2.0,2.11787486076355,0.0,12.218662977218628,2023-03-24
M,12,2,2023-03-17,2023-03-31,2.0,3.2552292346954346,0.0,13.356017351150513,2023-03-31
M,12,2,2023-03-24,2023-04-07,2.0,2.5311174392700195,0.0,12.631905555725098,2023-04-07
M,12,2,2023-03-31,2023-04-14,2.0,1.8921972513198853,0.0,11.992985367774963,2023-04-14
M,12,2,2023-04-07,2023-04-21,1.0,1.7692309617996216,0.0,11.8700190782547,2023-04-21
M,12,2,2023-04-14,2023-04-28,2.0,2.3748295307159424,0.0,12.47561764717102,2023-04-28
M,12,2,2023-04-21,2023-05-05,4.0,1.756492018699646,0.0,11.857280135154724,2023-05-05
M,12,2,2023-04-28,2023-05-12,4.0,1.9676886796951294,0.0,12.068476796150208,2023-05-12
M,12,2,2023-05-05,2023-05-19,2.0,2.728469133377075,0.0,12.829257249832153,2023-05-19
M,12,2,2023-05-12,2023-05-26,2.0,4.67788028717041,0.0,14.778668403625488,2023-05-26
M,12,2,2023-05-19,2023-06-02,6.0,4.497688293457031,0.0,14.59847640991211,2023-06-02
M,12,2,2023-05-26,2023-06-09,7.0,3.3323445320129395,0.0,13.433132648468018,2023-06-09
M,12,2,2023-06-02,2023-06-16,2.0,4.945562362670898,0.0,15.046350479125977,2023-06-16
M,12,2,2023-06-09,2023-06-23,3.0,7.744210243225098,1.0904474258422852,17.844998359680176,2023-06-23
M,12,2,2023-06-16,2023-06-30,3.0,4.490560531616211,0.0,14.591348648071289,2023-06-30
M,12,2,2023-06-23,2023-07-07,10.0,4.328487873077393,0.0,14.42927598953247,2023-07-07
M,12,2,2023-06-30,2023-07-14,8.0,3.1112220287323,0.0,13.212010145187378,2023-07-14
M,12,2,2023-07-07,2023-07-21,6.0,8.29226016998291,1.6384973526000977,18.39304828643799,2023-07-21
M,12,2,2023-07-14,2023-07-28,8.0,11.501035690307617,4.847272872924805,21.601823806762695,2023-07-28
M,12,2,2023-07-21,2023-08-04,8.0,9.565751075744629,2.9119882583618164,19.666539192199707,2023-08-04
M,12,2,2023-07-28,2023-08-11,14.0,11.046202659606934,4.392439842224121,21.14699077606201,2023-08-11
M,12,2,2023-08-04,2023-08-18,7.0,11.835174560546875,5.1814117431640625,21.935962677001953,2023-08-18
M,12,2,2023-08-11,2023-08-25,10.0,14.892589569091797,8.238826751708984,24.993377685546875,2023-08-25
M,12,2,2023-08-18,2023-09-01,9.0,11.562675476074219,4.908912658691406,17.234187602996826,2023-09-01
M,12,2,2023-08-25,2023-09-08,10.0,10.97414493560791,4.320382118225098,16.645657062530518,2023-09-08
M,12,2,2023-09-01,2023-09-15,4.0,11.906330108642578,5.252567291259766,17.577842235565186,2023-09-15
M,12,2,2023-09-08,2023-09-22,7.0,12.960965156555176,6.307202339172363,18.632477283477783,2023-09-22
M,12,2,2023-09-15,2023-09-29,5.0,9.406109809875488,2.752346992492676,15.077621936798096,2023-09-29
M,12,2,2023-09-22,2023-10-06,9.0,8.560628890991211,1.9068660736083984,14.232141017913818,2023-10-06
M,12,2,2023-09-29,2023-10-13,6.0,6.9989728927612305,0.0,12.670485019683838,2023-10-13
M,12,2,2023-10-06,2023-10-20,9.0,8.468929290771484,0.5625991821289062,14.140441417694092,2023-10-20
M,12,2,2023-10-13,2023-10-27,7.0,5.9745306968688965,0.0,11.646042823791504,2023-10-27
M,12,2,2023-10-20,2023-11-03,8.0,7.689505577087402,0.0,13.36101770401001,2023-11-03
M,12,2,2023-10-27,2023-11-10,4.0,6.288513660430908,0.0,11.960025787353516,2023-11-10
M,12,2,2023-11-03,2023-11-17,7.0,8.054443359375,0.14811325073242188,13.725955486297607,2023-11-17
M,12,2,2023-11-10,2023-11-24,5.0,4.527467250823975,0.0,10.198979377746582,2023-11-24
M,12,2,2023-11-17,2023-12-01,6.0,5.056935787200928,0.0,10.728447914123535,2023-12-01
M,12,2,2023-11-24,2023-12-08,5.0,4.758752822875977,0.0,10.430264949798584,2023-12-08
M,12,2,2023-12-01,2023-12-15,5.0,4.898941516876221,0.0,10.570453643798828,2023-12-15
M,12,2,2023-12-08,2023-12-22,2.0,4.942667007446289,0.0,10.614179134368896,2023-12-22
M,12,2,2023-12-15,2023-12-29,5.0,4.4634246826171875,0.0,10.134936809539795,2023-12-29
M,12,2,2023-12-22,2024-01-05,7.0,3.560783863067627,0.0,9.232295989990234,2024-01-05
M,12,2,2023-12-29,2024-01-12,7.0,4.04866886138916,0.0,9.720180988311768,2024-01-12
M,12,2,2024-01-05,2024-01-19,6.0,4.637827396392822,0.0,10.30933952331543,2024-01-19
M,12,2,2024-01-12,2024-01-26,5.0,5.493414878845215,0.0,11.164927005767822,2024-01-26
M,12,2,2024-01-19,2024-02-02,5.0,4.376952648162842,0.0,10.04846477508545,2024-02-02
M,12,2,2024-01-26,2024-02-09,7.0,4.322671413421631,0.0,9.994183540344238,2024-02-09
M,12,2,2024-02-02,2024-02-16,4.0,4.047821521759033,0.0,9.71933364868164,2024-02-16
M,12,2,2024-02-09,2024-02-23,4.0,4.7282843589782715,0.0,10.399796485900879,2024-02-23
M,12,2,2024-02-16,2024-03-01,4.0,3.978522300720215,0.0,9.650034427642822,2024-03-01
M,12,2,2024-02-23,2024-03-08,4.0,3.4951059818267822,0.0,9.16661810874939,2024-03-08
M,12,2,2024-03-01,2024-03-15,2.0,3.4868171215057373,0.0,9.158329248428345,2024-03-15
M,12,2,2024-03-08,2024-03-22,1.0,3.2917120456695557,0.0,8.963224172592163,2024-03-22
M,12,2,2024-03-15,2024-03-29,2.0,2.6894800662994385,0.0,8.360992193222046,2024-03-29
M,12,2,2024-03-22,2024-04-05,0.0,1.895276427268982,0.0,7.566788554191589,2024-04-05
M,12,2,2024-03-29,2024-04-12,1.0,1.7628629207611084,0.0,7.434375047683716,2024-04-12
M,12,2,2024-04-05,2024-04-19,5.0,1.7749813795089722,0.0,7.44649350643158,2024-04-19
M,12,2,2024-04-12,2024-04-26,2.0,1.730021357536316,0.0,7.401533484458923,2024-04-26
M,12,2,2024-04-19,2024-05-03,1.0,3.2348012924194336,0.0,8.906313419342041,2024-05-03
M,12,2,2024-04-26,2024-05-10,2.0,2.6061453819274902,0.0,8.277657508850098,2024-05-10
M,12,2,2024-05-03,2024-05-17,1.0,1.8486648797988892,0.0,7.520177006721497,2024-05-17
M,12,2,2024-05-10,2024-05-24,2.0,2.0934176445007324,0.0,7.76492977142334,2024-05-24
M,12,2,2024-05-17,2024-05-31,5.0,2.12575101852417,0.0,7.797263145446777,2024-05-31
M,12,2,2024-05-24,2024-06-07,4.0,3.610806703567505,0.0,9.282318830490112,2024-06-07
M,12,2,2024-05-31,2024-06-14,2.0,4.227694511413574,0.0,9.899206638336182,2024-06-14
M,12,2,2024-06-07,2024-06-21,4.0,4.535744667053223,0.0,10.20725679397583,2024-06-21
M,12,2,2024-06-14,2024-06-28,3.0,4.5573954582214355,0.0,10.228907585144043,2024-06-28
M,12,2,2024-06-21,2024-07-05,4.0,4.057900428771973,0.0,9.72941255569458,2024-07-05
M,12,2,2024-06-28,2024-07-12,8.0,4.225729465484619,0.0,9.897241592407227,2024-07-12
M,12,2,2024-07-05,2024-07-19,4.0,4.855237007141113,0.0,10.52674913406372,2024-07-19
M,12,2,2024-07-12,2024-07-26,8.0,8.461210250854492,0.5548801422119141,14.1327223777771,2024-07-26
M,12,2,2024-07-19,2024-08-02,13.0,8.031495094299316,0.12516498565673828,13.703007221221924,2024-08-02
M,12,2,2024-07-26,2024-08-09,15.0,9.444507598876953,1.538177490234375,15.11601972579956,2024-08-09
M,12,2,2024-08-02,2024-08-16,9.0,13.44078254699707,5.534452438354492,19.112294673919678,2024-08-16
M,12,2,2024-08-09,2024-08-23,18.0,16.64048957824707,8.734159469604492,22.312001705169678,2024-08-23
M,12,2,2024-08-16,2024-08-30,10.0,12.680644989013672,4.774314880371094,18.35215711593628,2024-08-30
M,12,2,2024-08-23,2024-09-06,9.0,18.75843620300293,10.852106094360352,24.429948329925537,2024-09-06
M,12,2,2024-08-30,2024-09-13,8.0,13.423528671264648,5.51719856262207,18.979021072387695,2024-09-13
M,12,2,2024-09-06,2024-09-20,16.0,12.410449981689453,4.504119873046875,17.9659423828125,2024-09-20
M,12,2,2024-09-13,2024-09-27,18.0,12.184496879577637,4.278166770935059,17.739989280700684,2024-09-27
M,12,2,2024-09-20,2024-10-04,13.0,18.514272689819336,8.755836486816406,24.069765090942383,2024-10-04
M,12,2,2024-09-27,2024-10-11,11.0,16.961700439453125,7.203264236450195,22.517192840576172,2024-10-11
M,12,2,2024-10-04,2024-10-18,11.0,13.113370895385742,3.3549346923828125,18.66886329650879,2024-10-18
M,12,2,2024-10-11,2024-10-25,12.0,10.652579307556152,0.8941431045532227,16.468082427978516,2024-10-25
M,12,2,2024-10-18,2024-11-01,24.0,12.65585708618164,2.897420883178711,18.471360206604004,2024-11-01
M,12,2,2024-10-25,2024-11-08,15.0,13.301822662353516,3.543386459350586,19.11732578277588,2024-11-08
M,12,2,2024-11-01,2024-11-15,17.0,16.45160484313965,6.693168640136719,22.26710796356201,2024-11-15
M,12,2,2024-11-08,2024-11-22,19.0,16.519920349121094,6.761484146118164,22.335423469543457,2024-11-22
M,12,2,2024-11-15,2024-11-29,18.0,11.171907424926758,1.4134712219238281,22.516050338745117,2024-11-29
M,12,2,2024-11-22,2024-12-06,15.0,11.676029205322266,1.917593002319336,23.020172119140625,2024-12-06
M,12,2,2024-11-29,2024-12-13,15.0,11.741499900817871,1.9830636978149414,23.08564281463623,2024-12-13
M,12,2,2024-12-06,2024-12-20,8.0,10.178590774536133,0.4201545715332031,21.522733688354492,2024-12-20
M,12,2,2024-12-13,2024-12-27,8.0,10.020588874816895,0.26215267181396484,21.364731788635254,2024-12-27
M,12,2,2024-12-20,2025-01-03,13.0,8.584798812866211,0.0,19.92894172668457,2025-01-03
M,12,2,2024-12-27,2025-01-10,16.0,7.9251556396484375,0.0,19.269298553466797,2025-01-10
M,12,2,2025-01-03,2025-01-17,15.0,8.085675239562988,0.0,19.429818153381348,2025-01-17
M,12,2,2025-01-10,2025-01-24,10.0,9.57163143157959,0.0,20.91577434539795,2025-01-24
M,12,2,2025-01-17,2025-01-31,20.0,9.23851203918457,0.0,20.58265495300293,2025-01-31
M,12,2,2025-01-24,2025-02-07,18.0,8.059403419494629,0.0,19.40354633331299,2025-02-07
M,12,2,2025-01-31,2025-02-14,34.0,12.59997272491455,2.841536521911621,23.94411563873291,2025-02-14
M,12,2,2025-02-07,2025-02-21,33.0,12.32608699798584,2.56765079498291,23.6702299118042,2025-02-21
M,12,2,2025-02-14,2025-02-28,26.0,23.833742141723633,14.075305938720703,35.17788505554199,2025-02-28
M,12,2,2025-02-21,2025-03-07,22.0,28.720340728759766,18.961904525756836,40.064483642578125,2025-03-07
M,12,2,2025-02-28,2025-03-14,14.0,23.627042770385742,13.868606567382812,45.02707004547119,2025-03-14
M,12,2,2025-03-07,2025-03-21,11.0,18.900880813598633,9.142444610595703,40.30090808868408,2025-03-21
M,12,2,2025-03-14,2025-03-28,10.0,12.26962947845459,2.51119327545166,33.66965675354004,2025-03-28
M,12,2,2025-03-21,2025-04-04,9.0,9.281232833862305,0.0,30.681260108947754,2025-04-04
M,12,2,2025-03-28,2025-04-11,4.0,7.93742036819458,0.0,29.33744764328003,2025-04-11
M,12,2,2025-04-04,2025-04-18,7.0,7.408328533172607,0.0,28.808355808258057,2025-04-18
M,12,2,2025-04-11,2025-04-25,11.0,5.565445423126221,0.0,26.96547269821167,2025-04-25
M,12,2,2025-04-18,2025-05-02,4.0,5.5527663230896,0.0,26.95279359817505,2025-05-02
M,12,2,2025-04-25,2025-05-09,7.0,6.279900550842285,0.0,27.679927825927734,2025-05-09
M,12,2,2025-05-02,2025-05-16,2.0,6.144326686859131,0.0,27.54435396194458,2025-05-16
M,12,2,2025-05-09,2025-05-23,4.0,6.4679951667785645,0.0,27.868022441864014,2025-05-23
M,12,2,2025-05-16,2025-05-30,5.0,3.4270052909851074,0.0,24.827032566070557,2025-05-30
M,12,2,2025-05-23,2025-06-06,1.0,2.9188926219940186,0.0,24.318919897079468,2025-06-06
M,12,2,2025-05-30,2025-06-13,7.0,5.250622749328613,0.0,26.650650024414062,2025-06-13
M,12,2,2025-06-06,2025-06-20,9.0,4.7949347496032715,0.0,26.19496202468872,2025-06-20
M,12,2,2025-06-13,2025-06-27,9.0,6.046641826629639,0.0,27.446669101715088,2025-06-27
M,12,2,2025-06-20,2025-07-04,11.0,8.26463508605957,0.0,29.66466236114502,2025-07-04
M,12,2,2025-06-27,2025-07-11,14.0,10.526067733764648,0.7676315307617188,31.926095008850098,2025-07-11
M,12,2,2025-07-04,2025-07-18,22.0,15.222508430480957,5.464072227478027,36.622535705566406,2025-07-18
M,12,2,2025-07-11,2025-07-25,15.0,16.39682960510254,6.638393402099609,37.79685688018799,2025-07-25
M,12,2,2025-07-18,2025-08-01,19.0,22.313318252563477,12.554882049560547,43.713345527648926,2025-08-01
M,12,2,2025-07-25,2025-08-08,25.0,22.770219802856445,13.011783599853516,44.170247077941895,2025-08-08
M,12,2,2025-08-01,2025-08-15,17.0,19.160789489746094,9.402353286743164,40.56081676483154,2025-08-15
M,12,2,2025-08-08,2025-08-22,16.0,21.831737518310547,12.073301315307617,43.231764793395996,2025-08-22
M,12,2,2025-08-15,2025-08-29,16.0,19.894611358642578,10.136175155639648,41.29463863372803,2025-08-29
M,12,2,2025-08-22,2025-09-05,0.0,12.46030044555664,2.701864242553711,33.86032772064209,2025-09-05
N,13,2,2023-02-17,2023-03-03,9.0,8.065010070800781,0.0,16.31199836730957,2023-03-03
N,13,2,2023-02-24,2023-03-10,5.0,6.489304065704346,0.0,14.736292362213135,2023-03-10
N,13,2,2023-03-03,2023-03-17,2.0,6.5581793785095215,0.0,14.80516767501831,2023-03-17
N,13,2,2023-03-10,2023-03-24,4.0,5.955297470092773,0.0,14.202285766601562,2023-03-24
N,13,2,2023-03-17,2023-03-31,4.0,3.8806204795837402,0.0,12.12760877609253,2023-03-31
N,13,2,2023-03-24,2023-04-07,1.0,3.2117841243743896,0.0,11.458772420883179,2023-04-07
N,13,2,2023-03-31,2023-04-14,6.0,3.672922134399414,0.0,11.919910430908203,2023-04-14
N,13,2,2023-04-07,2023-04-21,2.0,3.2798736095428467,0.0,11.526861906051636,2023-04-21
N,13,2,2023-04-14,2023-04-28,3.0,4.2282843589782715,0.0,12.47527265548706,2023-04-28
N,13,2,2023-04-21,2023-05-05,6.0,3.5325915813446045,0.0,11.779579877853394,2023-05-05
N,13,2,2023-04-28,2023-05-12,5.0,2.8503501415252686,0.0,11.097338438034058,2023-05-12
N,13,2,2023-05-05,2023-05-19,10.0,4.272207736968994,0.0,12.519196033477783,2023-05-19
N,13,2,2023-05-12,2023-05-26,2.0,6.829031467437744,0.0,15.076019763946533,2023-05-26
N,13,2,2023-05-19,2023-06-02,10.0,9.906343460083008,0.0,18.153331756591797,2023-06-02
N,13,2,2023-05-26,2023-06-09,5.0,8.070396423339844,0.0,16.317384719848633,2023-06-09
N,13,2,2023-06-02,2023-06-16,7.0,10.533900260925293,0.0,18.780888557434082,2023-06-16
N,13,2,2023-06-09,2023-06-23,15.0,10.254411697387695,0.0,18.501399993896484,2023-06-23
N,13,2,2023-06-16,2023-06-30,9.0,9.199612617492676,0.0,17.446600914001465,2023-06-30
N,13,2,2023-06-23,2023-07-07,8.0,13.109111785888672,1.1452083587646484,21.35610008239746,2023-07-07
N,13,2,2023-06-30,2023-07-14,14.0,12.322604179382324,0.3587007522583008,20.569592475891113,2023-07-14
N,13,2,2023-07-07,2023-07-21,4.0,13.270927429199219,1.3070240020751953,21.517915725708008,2023-07-21
N,13,2,2023-07-14,2023-07-28,11.0,16.53023910522461,4.566335678100586,24.7772274017334,2023-07-28
N,13,2,2023-07-21,2023-08-04,11.0,11.772943496704102,0.0,20.01993179321289,2023-08-04
N,13,2,2023-07-28,2023-08-11,12.0,13.308819770812988,1.3449163436889648,21.555808067321777,2023-08-11
N,13,2,2023-08-04,2023-08-18,10.0,16.192058563232422,4.228155136108398,24.43904685974121,2023-08-18
N,13,2,2023-08-11,2023-08-25,11.0,17.997459411621094,6.03355598449707,26.244447708129883,2023-08-25
N,13,2,2023-08-18,2023-09-01,6.0,14.282552719116211,2.3186492919921875,22.529541015625,2023-09-01
N,13,2,2023-08-25,2023-09-08,18.0,16.05965232849121,4.0957489013671875,24.306640625,2023-09-08
N,13,2,2023-09-01,2023-09-15,11.0,11.898509979248047,0.0,20.145498275756836,2023-09-15
N,13,2,2023-09-08,2023-09-22,23.0,14.903321266174316,2.939417839050293,23.150309562683105,2023-09-22
N,13,2,2023-09-15,2023-09-29,5.0,15.356605529785156,3.392702102661133,23.603593826293945,2023-09-29
N,13,2,2023-09-22,2023-10-06,12.0,21.361440658569336,9.397537231445312,29.608428955078125,2023-10-06
N,13,2,2023-09-29,2023-10-13,14.0,14.248644828796387,2.2847414016723633,22.495633125305176,2023-10-13
N,13,2,2023-10-06,2023-10-20,12.0,11.258055686950684,0.0,19.505043983459473,2023-10-20
N,13,2,2023-10-13,2023-10-27,11.0,10.234564781188965,0.0,18.481553077697754,2023-10-27
N,13,2,2023-10-20,2023-11-03,14.0,11.921339988708496,0.0,20.168328285217285,2023-11-03
N,13,2,2023-10-27,2023-11-10,14.0,8.736310958862305,0.0,16.983299255371094,2023-11-10
N,13,2,2023-11-03,2023-11-17,13.0,13.736639976501465,3.3800344467163086,21.983628273010254,2023-11-17
N,13,2,2023-11-10,2023-11-24,9.0,10.291069030761719,0.0,18.538057327270508,2023-11-24
N,13,2,2023-11-17,2023-12-01,6.0,9.543035507202148,0.0,17.790023803710938,2023-12-01
N,13,2,2023-11-24,2023-12-08,12.0,8.959057807922363,0.0,17.206046104431152,2023-12-08
N,13,2,2023-12-01,2023-12-15,8.0,7.913967609405518,0.0,16.160955905914307,2023-12-15
N,13,2,2023-12-08,2023-12-22,1.0,8.548097610473633,0.0,16.795085906982422,2023-12-22
N,13,2,2023-12-15,2023-12-29,9.0,8.059831619262695,0.0,16.306819915771484,2023-12-29
N,13,2,2023-12-22,2024-01-05,11.0,5.930050373077393,0.0,14.177038669586182,2024-01-05
N,13,2,2023-12-29,2024-01-12,5.0,6.4302802085876465,0.0,14.677268505096436,2024-01-12
N,13,2,2024-01-05,2024-01-19,10.0,7.71456241607666,0.0,15.96155071258545,2024-01-19
N,13,2,2024-01-12,2024-01-26,10.0,6.643012046813965,0.0,14.890000343322754,2024-01-26
N,13,2,2024-01-19,2024-02-02,12.0,6.995493412017822,0.0,15.242481708526611,2024-02-02
N,13,2,2024-01-26,2024-02-09,10.0,7.686981201171875,0.0,15.933969497680664,2024-02-09
N,13,2,2024-02-02,2024-02-16,4.0,8.814177513122559,0.0,17.061165809631348,2024-02-16
N,13,2,2024-02-09,2024-02-23,6.0,8.003087997436523,0.0,16.250076293945312,2024-02-23
N,13,2,2024-02-16,2024-03-01,11.0,6.349874019622803,0.0,14.596862316131592,2024-03-01
N,13,2,2024-02-23,2024-03-08,8.0,5.269383430480957,0.0,13.516371726989746,2024-03-08
N,13,2,2024-03-01,2024-03-15,5.0,7.0229926109313965,0.0,15.269980907440186,2024-03-15
N,13,2,2024-03-08,2024-03-22,8.0,7.060215950012207,0.0,15.307204246520996,2024-03-22
N,13,2,2024-03-15,2024-03-29,3.0,6.077871322631836,0.0,14.324859619140625,2024-03-29
N,13,2,2024-03-22,2024-04-05,5.0,6.109045028686523,0.0,14.205723762512207,2024-04-05
N,13,2,2024-03-29,2024-04-12,6.0,4.679251670837402,0.0,12.775930404663086,2024-04-12
N,13,2,2024-04-05,2024-04-19,4.0,4.178530216217041,0.0,12.275208950042725,2024-04-19
N,13,2,2024-04-12,2024-04-26,6.0,4.360347270965576,0.0,12.45702600479126,2024-04-26
N,13,2,2024-04-19,2024-05-03,2.0,4.248908042907715,0.0,12.345586776733398,2024-05-03
N,13,2,2024-04-26,2024-05-10,2.0,4.42760705947876,0.0,12.524285793304443,2024-05-10
N,13,2,2024-05-03,2024-05-17,1.0,3.688396453857422,0.0,11.785075187683105,2024-05-17
N,13,2,2024-05-10,2024-05-24,4.0,3.06162428855896,0.0,11.158303022384644,2024-05-24
N,13,2,2024-05-17,2024-05-31,5.0,3.032869815826416,0.0,11.1295485496521,2024-05-31
N,13,2,2024-05-24,2024-06-07,6.0,5.968647480010986,0.0,14.06532621383667,2024-06-07
N,13,2,2024-05-31,2024-06-14,7.0,6.44201135635376,0.0,14.538690090179443,2024-06-14
N,13,2,2024-06-07,2024-06-21,6.0,6.295987606048584,0.0,14.392666339874268,2024-06-21
N,13,2,2024-06-14,2024-06-28,11.0,8.404745101928711,0.0,16.501423835754395,2024-06-28
N,13,2,2024-06-21,2024-07-05,19.0,7.495596408843994,0.0,15.592275142669678,2024-07-05
N,13,2,2024-06-28,2024-07-12,26.0,11.110494613647461,0.7538890838623047,19.207173347473145,2024-07-12
N,13,2,2024-07-05,2024-07-19,11.0,19.057035446166992,8.700429916381836,27.153714179992676,2024-07-19
N,13,2,2024-07-12,2024-07-26,18.0,25.368152618408203,15.011547088623047,33.46483135223389,2024-07-26
N,13,2,2024-07-19,2024-08-02,26.0,18.183250427246094,7.8266448974609375,29.6876540184021,2024-08-02
N,13,2,2024-07-26,2024-08-09,19.0,19.162187576293945,8.805582046508789,34.051692962646484,2024-08-09
N,13,2,2024-08-02,2024-08-16,23.0,24.46430778503418,14.107702255249023,39.35381317138672,2024-08-16
N,13,2,2024-08-09,2024-08-23,31.0,24.1290225982666,13.772417068481445,39.01852798461914,2024-08-23
N,13,2,2024-08-16,2024-08-30,19.0,23.771474838256836,13.41486930847168,38.660980224609375,2024-08-30
N,13,2,2024-08-23,2024-09-06,19.0,27.401670455932617,17.04506492614746,42.291175842285156,2024-09-06
N,13,2,2024-08-30,2024-09-13,35.0,22.249494552612305,11.892889022827148,37.138999938964844,2024-09-13
N,13,2,2024-09-06,2024-09-20,46.0,19.844615936279297,9.48801040649414,34.734121322631836,2024-09-20
N,13,2,2024-09-13,2024-09-27,34.0,26.355159759521484,15.998554229736328,41.24466514587402,2024-09-27
N,13,2,2024-09-20,2024-10-04,40.0,35.72087860107422,25.364273071289062,50.61038398742676,2024-10-04
N,13,2,2024-09-27,2024-10-11,39.0,33.43132781982422,23.074722290039062,48.32083320617676,2024-10-11
N,13,2,2024-10-04,2024-10-18,32.0,28.635709762573242,18.279104232788086,54.791093826293945,2024-10-18
N,13,2,2024-10-11,2024-10-25,31.0,25.659399032592773,15.302793502807617,51.81478309631348,2024-10-25
N,13,2,2024-10-18,2024-11-01,52.0,27.701444625854492,17.344839096069336,53.856828689575195,2024-11-01
N,13,2,2024-10-25,2024-11-08,58.0,26.396713256835938,16.04010772705078,52.55209732055664,2024-11-08
N,13,2,2024-11-01,2024-11-15,58.0,37.70818328857422,27.351577758789062,63.86356735229492,2024-11-15
N,13,2,2024-11-08,2024-11-22,55.0,41.23599624633789,30.879390716552734,67.3913803100586,2024-11-22
N,13,2,2024-11-15,2024-11-29,57.0,39.74345397949219,29.38684844970703,65.89883804321289,2024-11-29
N,13,2,2024-11-22,2024-12-06,43.0,34.444618225097656,25.08317756652832,66.04790496826172,2024-12-06
N,13,2,2024-11-29,2024-12-13,33.0,36.127838134765625,27.726167678833008,67.73112487792969,2024-12-13
N,13,2,2024-12-06,2024-12-20,13.0,30.331462860107422,21.929792404174805,61.934749603271484,2024-12-20
N,13,2,2024-12-13,2024-12-27,19.0,26.38788604736328,17.986215591430664,57.991172790527344,2024-12-27
N,13,2,2024-12-20,2025-01-03,24.0,15.730599403381348,7.3289289474487305,47.33388614654541,2025-01-03
N,13,2,2024-12-27,2025-01-10,45.0,13.495985984802246,5.094315528869629,45.09927272796631,2025-01-10
N,13,2,2025-01-03,2025-01-17,33.0,14.650721549987793,0.0,46.254008293151855,2025-01-17
N,13,2,2025-01-10,2025-01-24,37.0,27.233356475830078,9.901893615722656,58.83664321899414,2025-01-24
N,13,2,2025-01-17,2025-01-31,36.0,25.1054744720459,7.774011611938477,56.70876121520996,2025-01-31
N,13,2,2025-01-24,2025-02-07,34.0,23.412126541137695,6.080663681030273,55.01541328430176,2025-02-07
N,13,2,2025-01-31,2025-02-14,59.0,25.875593185424805,8.544130325317383,57.47887992858887,2025-02-14
N,13,2,2025-02-07,2025-02-21,35.0,26.220182418823242,8.88871955871582,57.823469161987305,2025-02-21
N,13,2,2025-02-14,2025-02-28,26.0,39.82079315185547,22.489330291748047,71.42407989501953,2025-02-28
N,13,2,2025-02-21,2025-03-07,24.0,29.503761291503906,12.172298431396484,61.10704803466797,2025-03-07
N,13,2,2025-02-28,2025-03-14,28.0,22.625444412231445,5.293981552124023,55.74985122680664,2025-03-14
N,13,2,2025-03-07,2025-03-21,22.0,18.794055938720703,1.4625930786132812,51.9184627532959,2025-03-21
N,13,2,2025-03-14,2025-03-28,14.0,19.78605079650879,2.454587936401367,52.910457611083984,2025-03-28
N,13,2,2025-03-21,2025-04-04,15.0,17.654634475708008,0.32317161560058594,50.7790412902832,2025-04-04
N,13,2,2025-03-28,2025-04-11,20.0,12.691558837890625,0.0,45.81596565246582,2025-04-11
N,13,2,2025-04-04,2025-04-18,4.0,10.579645156860352,0.0,43.70405197143555,2025-04-18
N,13,2,2025-04-11,2025-04-25,7.0,13.582040786743164,0.0,46.70644760131836,2025-04-25
N,13,2,2025-04-18,2025-05-02,8.0,7.972255706787109,0.0,41.096662521362305,2025-05-02
N,13,2,2025-04-25,2025-05-09,4.0,6.648512840270996,0.0,39.77291965484619,2025-05-09
N,13,2,2025-05-02,2025-05-16,6.0,8.513134002685547,0.0,41.63754081726074,2025-05-16
N,13,2,2025-05-09,2025-05-23,5.0,6.259750843048096,0.0,39.38415765762329,2025-05-23
N,13,2,2025-05-16,2025-05-30,7.0,4.766912460327148,0.0,37.891319274902344,2025-05-30
N,13,2,2025-05-23,2025-06-06,6.0,4.808396339416504,0.0,37.9328031539917,2025-06-06
N,13,2,2025-05-30,2025-06-13,6.0,8.568056106567383,0.0,41.69246292114258,2025-06-13
N,13,2,2025-06-06,2025-06-20,3.0,8.090588569641113,0.0,41.21499538421631,2025-06-20
N,13,2,2025-06-13,2025-06-27,8.0,7.13505220413208,0.0,40.259459018707275,2025-06-27
N,13,2,2025-06-20,2025-07-04,11.0,6.7196269035339355,0.0,39.84403371810913,2025-07-04
N,13,2,2025-06-27,2025-07-11,11.0,8.910027503967285,0.0,42.03443431854248,2025-07-11
N,13,2,2025-07-04,2025-07-18,11.0,16.002105712890625,0.0,49.12651252746582,2025-07-18
N,13,2,2025-07-11,2025-07-25,11.0,14.948904991149902,0.0,48.0733118057251,2025-07-25
N,13,2,2025-07-18,2025-08-01,17.0,15.323041915893555,0.0,48.44744873046875,2025-08-01
N,13,2,2025-07-25,2025-08-08,17.0,18.665359497070312,1.3338966369628906,51.78976631164551,2025-08-08
N,13,2,2025-08-01,2025-08-15,28.0,18.59367561340332,1.2622127532958984,51.718082427978516,2025-08-15
N,13,2,2025-08-08,2025-08-22,21.0,15.872320175170898,0.0,48.996726989746094,2025-08-22
N,13,2,2025-08-15,2025-08-29,21.0,23.56224822998047,6.230785369873047,56.686655044555664,2025-08-29
N,13,2,2025-08-22,2025-09-05,0.0,20.115442276000977,2.7839794158935547,53.23984909057617,2025-09-05
O,14,2,2023-02-17,2023-03-03,4.0,5.296708106994629,0.0,12.287680625915527,2023-03-03
O,14,2,2023-02-24,2023-03-10,2.0,5.078121662139893,0.0,12.069094181060791,2023-03-10
O,14,2,2023-03-03,2023-03-17,2.0,4.958831310272217,0.0,11.949803829193115,2023-03-17
O,14,2,2023-03-10,2023-03-24,3.0,3.947432041168213,0.0,10.938404560089111,2023-03-24
O,14,2,2023-03-17,2023-03-31,4.0,3.2195656299591064,0.0,10.210538148880005,2023-03-31
O,14,2,2023-03-24,2023-04-07,3.0,3.812593460083008,0.0,10.803565979003906,2023-04-07
O,14,2,2023-03-31,2023-04-14,3.0,4.205570697784424,0.0,11.196543216705322,2023-04-14
O,14,2,2023-04-07,2023-04-21,3.0,4.560159206390381,0.0,11.55113172531128,2023-04-21
O,14,2,2023-04-14,2023-04-28,2.0,4.2681708335876465,0.0,11.259143352508545,2023-04-28
O,14,2,2023-04-21,2023-05-05,3.0,4.030121326446533,0.0,11.021093845367432,2023-05-05
O,14,2,2023-04-28,2023-05-12,4.0,3.772233247756958,0.0,10.763205766677856,2023-05-12
O,14,2,2023-05-05,2023-05-19,6.0,4.245973110198975,0.0,11.236945629119873,2023-05-19
O,14,2,2023-05-12,2023-05-26,10.0,6.108327865600586,0.0,13.099300384521484,2023-05-26
O,14,2,2023-05-19,2023-06-02,7.0,8.674439430236816,0.0,15.665411949157715,2023-06-02
O,14,2,2023-05-26,2023-06-09,14.0,10.663511276245117,1.2183055877685547,17.654483795166016,2023-06-09
O,14,2,2023-06-02,2023-06-16,13.0,13.429736137390137,3.984530448913574,20.420708656311035,2023-06-16
O,14,2,2023-06-09,2023-06-23,10.0,16.059404373168945,6.614198684692383,23.050376892089844,2023-06-23
O,14,2,2023-06-16,2023-06-30,11.0,16.077560424804688,6.632354736328125,23.068532943725586,2023-06-30
O,14,2,2023-06-23,2023-07-07,8.0,14.041274070739746,4.596068382263184,21.032246589660645,2023-07-07
O,14,2,2023-06-30,2023-07-14,7.0,15.020383834838867,5.575178146362305,22.011356353759766,2023-07-14
O,14,2,2023-07-07,2023-07-21,9.0,15.340662002563477,5.895456314086914,22.331634521484375,2023-07-21
O,14,2,2023-07-14,2023-07-28,8.0,13.29012680053711,3.844921112060547,20.281099319458008,2023-07-28
O,14,2,2023-07-21,2023-08-04,16.0,12.75711727142334,3.3119115829467773,19.74808979034424,2023-08-04
O,14,2,2023-07-28,2023-08-11,14.0,16.075464248657227,6.630258560180664,23.066436767578125,2023-08-11
O,14,2,2023-08-04,2023-08-18,16.0,20.507143020629883,11.06193733215332,27.49811553955078,2023-08-18
O,14,2,2023-08-11,2023-08-25,18.0,20.610326766967773,11.165121078491211,27.601299285888672,2023-08-25
O,14,2,2023-08-18,2023-09-01,18.0,19.71159553527832,10.266389846801758,26.70256805419922,2023-09-01
O,14,2,2023-08-25,2023-09-08,12.0,20.92384910583496,11.478643417358398,27.91482162475586,2023-09-08
O,14,2,2023-09-01,2023-09-15,12.0,20.364044189453125,10.918838500976562,27.355016708374023,2023-09-15
O,14,2,2023-09-08,2023-09-22,17.0,17.836105346679688,8.390899658203125,24.827077865600586,2023-09-22
O,14,2,2023-09-15,2023-09-29,19.0,18.391864776611328,8.946659088134766,25.382837295532227,2023-09-29
O,14,2,2023-09-22,2023-10-06,25.0,19.44968605041504,10.004480361938477,26.440658569335938,2023-10-06
O,14,2,2023-09-29,2023-10-13,17.0,19.94879913330078,10.503593444824219,26.93977165222168,2023-10-13
O,14,2,2023-10-06,2023-10-20,18.0,20.800073623657227,11.354867935180664,27.791046142578125,2023-10-20
O,14,2,2023-10-13,2023-10-27,7.0,14.473644256591797,5.028438568115234,21.464616775512695,2023-10-27
O,14,2,2023-10-20,2023-11-03,14.0,14.029343605041504,4.584137916564941,21.020316123962402,2023-11-03
O,14,2,2023-10-27,2023-11-10,19.0,9.307927131652832,0.0,16.29889965057373,2023-11-10
O,14,2,2023-11-03,2023-11-17,15.0,12.482118606567383,3.0369129180908203,19.47309112548828,2023-11-17
O,14,2,2023-11-10,2023-11-24,6.0,11.996574401855469,3.072725296020508,18.987546920776367,2023-11-24
O,14,2,2023-11-17,2023-12-01,5.0,11.015789985656738,2.0919408798217773,18.006762504577637,2023-12-01
O,14,2,2023-11-24,2023-12-08,8.0,9.177022933959961,0.253173828125,18.86909580230713,2023-12-08
O,14,2,2023-12-01,2023-12-15,7.0,8.255508422851562,0.0,17.94758129119873,2023-12-15
O,14,2,2023-12-08,2023-12-22,10.0,7.485016345977783,0.0,17.17708921432495,2023-12-22
O,14,2,2023-12-15,2023-12-29,9.0,8.515097618103027,0.0,18.207170486450195,2023-12-29
O,14,2,2023-12-22,2024-01-05,13.0,7.6882805824279785,0.0,17.380353450775146,2024-01-05
O,14,2,2023-12-29,2024-01-12,7.0,8.646149635314941,0.0,18.33822250366211,2024-01-12
O,14,2,2024-01-05,2024-01-19,12.0,10.028987884521484,1.1051387786865234,19.721060752868652,2024-01-19
O,14,2,2024-01-12,2024-01-26,6.0,8.700742721557617,0.0,18.392815589904785,2024-01-26
O,14,2,2024-01-19,2024-02-02,11.0,9.01314926147461,0.08930015563964844,18.705222129821777,2024-02-02
O,14,2,2024-01-26,2024-02-09,9.0,7.077821254730225,0.0,16.769894123077393,2024-02-09
O,14,2,2024-02-02,2024-02-16,8.0,7.750799655914307,0.0,17.442872524261475,2024-02-16
O,14,2,2024-02-09,2024-02-23,5.0,7.742404937744141,0.0,17.43447780609131,2024-02-23
O,14,2,2024-02-16,2024-03-01,5.0,8.210769653320312,0.0,17.90284252166748,2024-03-01
O,14,2,2024-02-23,2024-03-08,9.0,6.857363700866699,0.0,16.549436569213867,2024-03-08
O,14,2,2024-03-01,2024-03-15,8.0,5.5143513679504395,0.0,15.206424236297607,2024-03-15
O,14,2,2024-03-08,2024-03-22,9.0,6.275850296020508,0.0,15.967923164367676,2024-03-22
O,14,2,2024-03-15,2024-03-29,8.0,7.45469331741333,0.0,17.146766185760498,2024-03-29
O,14,2,2024-03-22,2024-04-05,5.0,8.108268737792969,0.0,17.800341606140137,2024-04-05
O,14,2,2024-03-29,2024-04-12,3.0,8.229837417602539,0.0,17.921910285949707,2024-04-12
O,14,2,2024-04-05,2024-04-19,1.0,6.579516887664795,0.0,16.271589756011963,2024-04-19
O,14,2,2024-04-12,2024-04-26,0.0,4.571984767913818,0.0,14.264057636260986,2024-04-26
O,14,2,2024-04-19,2024-05-03,3.0,3.740163803100586,0.0,13.432236671447754,2024-05-03
O,14,2,2024-04-26,2024-05-10,4.0,3.6112825870513916,0.0,13.30335545539856,2024-05-10
O,14,2,2024-05-03,2024-05-17,4.0,3.861929178237915,0.0,13.554002046585083,2024-05-17
O,14,2,2024-05-10,2024-05-24,5.0,4.55814266204834,0.0,14.250215530395508,2024-05-24
O,14,2,2024-05-17,2024-05-31,3.0,5.2594804763793945,0.0,14.951553344726562,2024-05-31
O,14,2,2024-05-24,2024-06-07,3.0,8.943514823913574,0.01966571807861328,18.635587692260742,2024-06-07
O,14,2,2024-05-31,2024-06-14,6.0,6.283174514770508,0.0,15.975247383117676,2024-06-14
O,14,2,2024-06-07,2024-06-21,5.0,6.830097198486328,0.0,16.522170066833496,2024-06-21
O,14,2,2024-06-14,2024-06-28,9.0,8.156694412231445,0.0,17.848767280578613,2024-06-28
O,14,2,2024-06-21,2024-07-05,9.0,7.97772741317749,0.0,17.669800281524658,2024-07-05
O,14,2,2024-06-28,2024-07-12,17.0,10.378908157348633,1.4550590515136719,20.0709810256958,2024-07-12
O,14,2,2024-07-05,2024-07-19,26.0,13.874229431152344,4.950380325317383,23.56630229949951,2024-07-19
O,14,2,2024-07-12,2024-07-26,20.0,19.690383911132812,10.766534805297852,29.38245677947998,2024-07-26
O,14,2,2024-07-19,2024-08-02,23.0,26.76876449584961,17.84491539001465,36.46083736419678,2024-08-02
O,14,2,2024-07-26,2024-08-09,26.0,25.5387020111084,16.614852905273438,35.230774879455566,2024-08-09
O,14,2,2024-08-02,2024-08-16,48.0,25.51275062561035,16.58890151977539,37.63852119445801,2024-08-16
O,14,2,2024-08-09,2024-08-23,22.0,29.322324752807617,20.398475646972656,41.44809532165527,2024-08-23
O,14,2,2024-08-16,2024-08-30,23.0,42.135799407958984,33.21195030212402,54.26156997680664,2024-08-30
O,14,2,2024-08-23,2024-09-06,28.0,31.180034637451172,22.25618553161621,43.30580520629883,2024-09-06
O,14,2,2024-08-30,2024-09-13,38.0,25.185497283935547,16.261648178100586,47.672746658325195,2024-09-13
O,14,2,2024-09-06,2024-09-20,50.0,26.8835506439209,17.959701538085938,49.37080001831055,2024-09-20
O,14,2,2024-09-13,2024-09-27,47.0,30.20136833190918,11.065568923950195,52.68861770629883,2024-09-27
O,14,2,2024-09-20,2024-10-04,45.0,45.6988525390625,26.563053131103516,68.18610191345215,2024-10-04
O,14,2,2024-09-27,2024-10-11,31.0,43.796260833740234,24.66046142578125,66.28351020812988,2024-10-11
O,14,2,2024-10-04,2024-10-18,41.0,33.79282760620117,14.657028198242188,56.90927696228027,2024-10-18
O,14,2,2024-10-11,2024-10-25,33.0,27.855188369750977,8.719388961791992,50.97163772583008,2024-10-25
O,14,2,2024-10-18,2024-11-01,46.0,30.554174423217773,11.418375015258789,53.670623779296875,2024-11-01
O,14,2,2024-10-25,2024-11-08,69.0,30.222333908081055,11.08653450012207,53.338783264160156,2024-11-08
O,14,2,2024-11-01,2024-11-15,52.0,34.52076721191406,15.384967803955078,57.637216567993164,2024-11-15
O,14,2,2024-11-08,2024-11-22,67.0,53.839115142822266,34.70331573486328,76.95556449890137,2024-11-22
O,14,2,2024-11-15,2024-11-29,53.0,46.017696380615234,26.88189697265625,69.13414573669434,2024-11-29
O,14,2,2024-11-22,2024-12-06,35.0,39.41786575317383,20.282066345214844,78.19553184509277,2024-12-06
O,14,2,2024-11-29,2024-12-13,33.0,42.01994323730469,22.884143829345703,80.79760932922363,2024-12-13
O,14,2,2024-12-06,2024-12-20,22.0,31.84850311279297,12.712703704833984,70.62616920471191,2024-12-20
O,14,2,2024-12-13,2024-12-27,20.0,27.421022415161133,8.285223007202148,66.19868850708008,2024-12-27
O,14,2,2024-12-20,2025-01-03,25.0,21.002965927124023,1.867166519165039,59.78063201904297,2025-01-03
O,14,2,2024-12-27,2025-01-10,35.0,18.384868621826172,0.0,57.16253471374512,2025-01-10
O,14,2,2025-01-03,2025-01-17,35.0,18.472898483276367,0.0,57.25056457519531,2025-01-17
O,14,2,2025-01-10,2025-01-24,26.0,24.70261573791504,5.566816329956055,63.480281829833984,2025-01-24
O,14,2,2025-01-17,2025-01-31,32.0,26.871984481811523,7.736185073852539,65.64965057373047,2025-01-31
O,14,2,2025-01-24,2025-02-07,23.0,21.66742515563965,2.531625747680664,60.445091247558594,2025-02-07
O,14,2,2025-01-31,2025-02-14,48.0,25.26929473876953,6.133495330810547,64.04696083068848,2025-02-14
O,14,2,2025-02-07,2025-02-21,31.0,20.152652740478516,1.0168533325195312,58.93031883239746,2025-02-21
O,14,2,2025-02-14,2025-02-28,34.0,34.30140686035156,15.165607452392578,73.07907295227051,2025-02-28
O,14,2,2025-02-21,2025-03-07,28.0,30.350833892822266,11.215034484863281,69.12849998474121,2025-03-07
O,14,2,2025-02-28,2025-03-14,31.0,26.81890296936035,7.683103561401367,65.5965690612793,2025-03-14
O,14,2,2025-03-07,2025-03-21,23.0,23.915908813476562,4.780109405517578,62.69357490539551,2025-03-21
O,14,2,2025-03-14,2025-03-28,13.0,24.578798294067383,5.442998886108398,63.35646438598633,2025-03-28
O,14,2,2025-03-21,2025-04-04,15.0,19.720613479614258,0.5848140716552734,58.4982795715332,2025-04-04
O,14,2,2025-03-28,2025-04-11,12.0,13.926267623901367,0.0,52.70393371582031,2025-04-11
O,14,2,2025-04-04,2025-04-18,10.0,11.757083892822266,0.0,50.53474998474121,2025-04-18
O,14,2,2025-04-11,2025-04-25,12.0,11.3201322555542,0.0,50.097798347473145,2025-04-25
O,14,2,2025-04-18,2025-05-02,3.0,9.061902046203613,0.0,47.83956813812256,2025-05-02
O,14,2,2025-04-25,2025-05-09,3.0,9.490972518920898,0.0,48.268638610839844,2025-05-09
O,14,2,2025-05-02,2025-05-16,7.0,8.209817886352539,0.0,46.987483978271484,2025-05-16
O,14,2,2025-05-09,2025-05-23,9.0,5.190816402435303,0.0,43.96848249435425,2025-05-23
O,14,2,2025-05-16,2025-05-30,7.0,5.758310317993164,0.0,44.53597640991211,2025-05-30
O,14,2,2025-05-23,2025-06-06,10.0,7.130054950714111,0.0,45.90772104263306,2025-06-06
O,14,2,2025-05-30,2025-06-13,9.0,13.25900936126709,0.0,52.036675453186035,2025-06-13
O,14,2,2025-06-06,2025-06-20,8.0,13.178826332092285,0.0,51.95649242401123,2025-06-20
O,14,2,2025-06-13,2025-06-27,16.0,13.1019868850708,0.0,51.879652976989746,2025-06-27
O,14,2,2025-06-20,2025-07-04,8.0,13.756730079650879,0.0,52.534396171569824,2025-07-04
O,14,2,2025-06-27,2025-07-11,17.0,16.905845642089844,0.0,55.68351173400879,2025-07-11
O,14,2,2025-07-04,2025-07-18,18.0,19.364883422851562,0.22908401489257812,58.14254951477051,2025-07-18
O,14,2,2025-07-11,2025-07-25,14.0,19.11234474182129,0.0,57.890010833740234,2025-07-25
O,14,2,2025-07-18,2025-08-01,19.0,20.450756072998047,1.3149566650390625,59.22842216491699,2025-08-01
O,14,2,2025-07-25,2025-08-08,24.0,20.672637939453125,1.5368385314941406,59.45030403137207,2025-08-08
O,14,2,2025-08-01,2025-08-15,14.0,18.98038101196289,0.0,57.758047103881836,2025-08-15
O,14,2,2025-08-08,2025-08-22,20.0,20.88931655883789,1.7535171508789062,59.666982650756836,2025-08-22
O,14,2,2025-08-15,2025-08-29,19.0,19.094051361083984,0.0,57.87171745300293,2025-08-29
O,14,2,2025-08-22,2025-09-05,1.0,17.489728927612305,0.0,56.26739501953125,2025-09-05
