cluster,cluster_index,horizon,interval_start_at_inference_time,interval_start_when_prediction_relevant,true_count,prediction,lower,upper
A,0,1,2023-02-17,2023-02-24,0.0,0.0,0.0,3.0
A,0,1,2023-02-24,2023-03-03,0.0,0.0,0.0,3.0
A,0,1,2023-03-03,2023-03-10,0.0,0.0,0.0,3.0
A,0,1,2023-03-10,2023-03-17,0.0,0.0,0.0,3.0
A,0,1,2023-03-17,2023-03-24,0.0,0.0,0.0,3.0
A,0,1,2023-03-24,2023-03-31,0.0,0.0,0.0,3.0
A,0,1,2023-03-31,2023-04-07,1.0,0.0,0.0,3.0
A,0,1,2023-04-07,2023-04-14,0.0,0.0,0.0,3.0
A,0,1,2023-04-14,2023-04-21,0.0,0.0,0.0,3.0
A,0,1,2023-04-21,2023-04-28,0.0,0.0,0.0,3.0
A,0,1,2023-04-28,2023-05-05,0.0,0.0,0.0,3.0
A,0,1,2023-05-05,2023-05-12,0.0,0.0,0.0,3.0
A,0,1,2023-05-12,2023-05-19,0.0,0.0,0.0,3.0
A,0,1,2023-05-19,2023-05-26,1.0,0.0,0.0,3.0
A,0,1,2023-05-26,2023-06-02,0.0,0.0,0.0,3.0
A,0,1,2023-06-02,2023-06-09,0.0,0.0,0.0,3.0
A,0,1,2023-06-09,2023-06-16,1.0,0.0,0.0,3.0
A,0,1,2023-06-16,2023-06-23,1.0,0.0,0.0,3.0
A,0,1,2023-06-23,2023-06-30,0.0,0.0,0.0,3.0
A,0,1,2023-06-30,2023-07-07,0.0,0.0,0.0,3.0
A,0,1,2023-07-07,2023-07-14,2.0,0.0,0.0,3.0
A,0,1,2023-07-14,2023-07-21,0.0,0.0,0.0,3.0
A,0,1,2023-07-21,2023-07-28,0.0,0.7958646416664124,0.6083618998527527,3.7958645820617676
A,0,1,2023-07-28,2023-08-04,0.0,3.167062997817993,2.979560375213623,6.167062759399414
A,0,1,2023-08-04,2023-08-11,7.0,2.7373886108398438,2.5498859882354736,5.737388610839844
A,0,1,2023-08-11,2023-08-18,1.0,0.33192873001098633,0.0,2.3319287300109863
A,0,1,2023-08-18,2023-08-25,1.0,0.0,0.0,2.0
A,0,1,2023-08-25,2023-09-01,0.0,0.0,0.0,4.262611389160156
A,0,1,2023-09-01,2023-09-08,1.0,0.0,0.0,4.262611389160156
A,0,1,2023-09-08,2023-09-15,4.0,1.2016481161117554,0.0,5.464259624481201
A,0,1,2023-09-15,2023-09-22,0.0,0.0,0.0,4.262611389160156
A,0,1,2023-09-22,2023-09-29,1.0,0.0,0.0,4.262611389160156
A,0,1,2023-09-29,2023-10-06,0.0,0.0,0.0,4.262611389160156
A,0,1,2023-10-06,2023-10-13,1.0,0.0,0.0,4.262611389160156
A,0,1,2023-10-13,2023-10-20,0.0,0.0,0.0,4.262611389160156
A,0,1,2023-10-20,2023-10-27,0.0,0.0,0.0,4.262611389160156
A,0,1,2023-10-27,2023-11-03,0.0,0.0,0.0,4.262611389160156
A,0,1,2023-11-03,2023-11-10,0.0,0.0,0.0,4.262611389160156
A,0,1,2023-11-10,2023-11-17,0.0,0.0,0.0,4.262611389160156
A,0,1,2023-11-17,2023-11-24,0.0,0.0,0.0,4.262611389160156
A,0,1,2023-11-24,2023-12-01,0.0,0.0,0.0,4.262611389160156
A,0,1,2023-12-01,2023-12-08,0.0,0.0,0.0,4.262611389160156
A,0,1,2023-12-08,2023-12-15,0.0,0.0,0.0,4.262611389160156
A,0,1,2023-12-15,2023-12-22,0.0,0.0,0.0,4.262611389160156
A,0,1,2023-12-22,2023-12-29,1.0,0.0,0.0,4.262611389160156
A,0,1,2023-12-29,2024-01-05,0.0,0.0,0.0,4.262611389160156
A,0,1,2024-01-05,2024-01-12,0.0,0.0,0.0,4.262611389160156
A,0,1,2024-01-12,2024-01-19,0.0,0.0,0.0,4.262611389160156
A,0,1,2024-01-19,2024-01-26,1.0,0.0,0.0,4.262611389160156
A,0,1,2024-01-26,2024-02-02,0.0,0.0,0.0,4.262611389160156
A,0,1,2024-02-02,2024-02-09,0.0,0.0,0.0,4.262611389160156
A,0,1,2024-02-09,2024-02-16,0.0,0.0,0.0,4.262611389160156
A,0,1,2024-02-16,2024-02-23,0.0,0.0,0.0,4.262611389160156
A,0,1,2024-02-23,2024-03-01,0.0,0.0,0.0,4.262611389160156
A,0,1,2024-03-01,2024-03-08,0.0,0.0,0.0,4.262611389160156
A,0,1,2024-03-08,2024-03-15,0.0,0.0,0.0,4.262611389160156
A,0,1,2024-03-15,2024-03-22,0.0,0.0,0.0,4.262611389160156
A,0,1,2024-03-22,2024-03-29,0.0,0.0,0.0,4.262611389160156
A,0,1,2024-03-29,2024-04-05,0.0,0.0,0.0,4.262611389160156
A,0,1,2024-04-05,2024-04-12,0.0,0.0,0.0,4.262611389160156
A,0,1,2024-04-12,2024-04-19,0.0,0.0,0.0,4.262611389160156
A,0,1,2024-04-19,2024-04-26,0.0,0.0,0.0,4.262611389160156
A,0,1,2024-04-26,2024-05-03,1.0,0.0,0.0,4.262611389160156
A,0,1,2024-05-03,2024-05-10,0.0,0.0,0.0,4.262611389160156
A,0,1,2024-05-10,2024-05-17,0.0,0.0,0.0,4.262611389160156
A,0,1,2024-05-17,2024-05-24,1.0,0.0,0.0,4.262611389160156
A,0,1,2024-05-24,2024-05-31,0.0,0.0,0.0,4.262611389160156
A,0,1,2024-05-31,2024-06-07,0.0,0.0,0.0,4.262611389160156
A,0,1,2024-06-07,2024-06-14,0.0,0.0,0.0,4.262611389160156
A,0,1,2024-06-14,2024-06-21,0.0,0.0,0.0,4.262611389160156
A,0,1,2024-06-21,2024-06-28,0.0,0.0,0.0,4.262611389160156
A,0,1,2024-06-28,2024-07-05,1.0,0.0,0.0,4.262611389160156
A,0,1,2024-07-05,2024-07-12,0.0,0.0,0.0,4.262611389160156
A,0,1,2024-07-12,2024-07-19,2.0,0.0,0.0,4.262611389160156
A,0,1,2024-07-19,2024-07-26,5.0,1.000606894493103,0.0,5.263218402862549
A,0,1,2024-07-26,2024-08-02,8.0,2.8678081035614014,0.0,7.130419731140137
A,0,1,2024-08-02,2024-08-09,18.0,2.4873876571655273,0.0,6.749999046325684
A,0,1,2024-08-09,2024-08-16,2.0,4.189655303955078,1.022592306137085,8.452266693115234
A,0,1,2024-08-16,2024-08-23,1.0,0.19270895421504974,0.19270895421504974,5.3249006271362305
A,0,1,2024-08-23,2024-08-30,1.0,0.5246732831001282,0.5246732831001282,16.03728485107422
A,0,1,2024-08-30,2024-09-06,1.0,1.308977484703064,0.0,16.821590423583984
A,0,1,2024-09-06,2024-09-13,2.0,3.884493827819824,1.694838523864746,19.397106170654297
A,0,1,2024-09-13,2024-09-20,2.0,2.1201305389404297,0.0,17.63274383544922
A,0,1,2024-09-20,2024-09-27,0.0,0.0,0.0,15.512612342834473
A,0,1,2024-09-27,2024-10-04,0.0,0.0,0.0,15.512612342834473
A,0,1,2024-10-04,2024-10-11,0.0,0.0,0.0,15.512612342834473
A,0,1,2024-10-11,2024-10-18,0.0,0.0,0.0,15.512612342834473
A,0,1,2024-10-18,2024-10-25,0.0,0.0,0.0,15.512612342834473
A,0,1,2024-10-25,2024-11-01,1.0,0.15875576436519623,0.0,15.671367645263672
A,0,1,2024-11-01,2024-11-08,0.0,0.029612168669700623,0.0,15.542224884033203
A,0,1,2024-11-08,2024-11-15,0.0,0.0,0.0,15.512612342834473
A,0,1,2024-11-15,2024-11-22,0.0,0.0,0.0,15.512612342834473
A,0,1,2024-11-22,2024-11-29,1.0,0.0,0.0,15.512612342834473
A,0,1,2024-11-29,2024-12-06,0.0,0.0,0.0,15.512612342834473
A,0,1,2024-12-06,2024-12-13,0.0,0.0,0.0,15.512612342834473
A,0,1,2024-12-13,2024-12-20,0.0,0.0,0.0,15.512612342834473
A,0,1,2024-12-20,2024-12-27,0.0,0.0,0.0,15.512612342834473
A,0,1,2024-12-27,2025-01-03,0.0,0.0,0.0,15.512612342834473
A,0,1,2025-01-03,2025-01-10,0.0,0.0,0.0,15.512612342834473
A,0,1,2025-01-10,2025-01-17,0.0,0.0,0.0,15.512612342834473
A,0,1,2025-01-17,2025-01-24,0.0,0.0,0.0,15.512612342834473
A,0,1,2025-01-24,2025-01-31,0.0,0.0,0.0,15.512612342834473
A,0,1,2025-01-31,2025-02-07,1.0,0.0,0.0,15.512612342834473
A,0,1,2025-02-07,2025-02-14,0.0,0.0,0.0,15.512612342834473
A,0,1,2025-02-14,2025-02-21,0.0,0.0,0.0,15.512612342834473
A,0,1,2025-02-21,2025-02-28,1.0,0.0,0.0,15.512612342834473
A,0,1,2025-02-28,2025-03-07,0.0,0.0,0.0,15.512612342834473
A,0,1,2025-03-07,2025-03-14,0.0,0.0,0.0,15.512612342834473
A,0,1,2025-03-14,2025-03-21,0.0,0.0,0.0,15.512612342834473
A,0,1,2025-03-21,2025-03-28,0.0,0.0,0.0,15.512612342834473
A,0,1,2025-03-28,2025-04-04,0.0,0.0,0.0,15.512612342834473
A,0,1,2025-04-04,2025-04-11,0.0,0.0,0.0,15.512612342834473
A,0,1,2025-04-11,2025-04-18,0.0,0.0,0.0,15.512612342834473
A,0,1,2025-04-18,2025-04-25,0.0,0.0,0.0,15.512612342834473
A,0,1,2025-04-25,2025-05-02,0.0,0.0,0.0,15.512612342834473
A,0,1,2025-05-02,2025-05-09,0.0,0.0,0.0,15.512612342834473
A,0,1,2025-05-09,2025-05-16,0.0,0.0,0.0,15.512612342834473
A,0,1,2025-05-16,2025-05-23,0.0,0.0,0.0,15.512612342834473
A,0,1,2025-05-23,2025-05-30,0.0,0.0,0.0,15.512612342834473
A,0,1,2025-05-30,2025-06-06,0.0,0.0,0.0,15.512612342834473
A,0,1,2025-06-06,2025-06-13,0.0,0.0,0.0,15.512612342834473
A,0,1,2025-06-13,2025-06-20,1.0,0.0,0.0,15.512612342834473
A,0,1,2025-06-20,2025-06-27,0.0,0.0,0.0,15.512612342834473
A,0,1,2025-06-27,2025-07-04,0.0,0.0,0.0,15.512612342834473
A,0,1,2025-07-04,2025-07-11,2.0,0.00030303746461868286,0.0,15.51291561126709
A,0,1,2025-07-11,2025-07-18,2.0,0.6802502870559692,0.0,16.19286346435547
A,0,1,2025-07-18,2025-07-25,2.0,4.577905654907227,2.3882503509521484,20.090518951416016
A,0,1,2025-07-25,2025-08-01,13.0,6.868119716644287,4.678464412689209,22.3807315826416
A,0,1,2025-08-01,2025-08-08,8.0,6.941665172576904,4.752009868621826,22.45427703857422
A,0,1,2025-08-08,2025-08-15,1.0,2.47956919670105,0.0,17.9921817779541
A,0,1,2025-08-15,2025-08-22,1.0,0.0,0.0,15.512612342834473
A,0,1,2025-08-22,2025-08-29,0.0,0.0,0.0,6.131880283355713
A,0,2,2023-02-17,2023-03-03,0.0,0.0,0.0,2.687883138656616
A,0,2,2023-02-24,2023-03-10,0.0,0.0,0.0,2.687883138656616
A,0,2,2023-03-03,2023-03-17,0.0,0.0,0.0,2.687883138656616
A,0,2,2023-03-10,2023-03-24,0.0,0.0,0.0,2.687883138656616
A,0,2,2023-03-17,2023-03-31,0.0,0.0,0.0,2.687883138656616
A,0,2,2023-03-24,2023-04-07,1.0,0.0,0.0,2.687883138656616
A,0,2,2023-03-31,2023-04-14,0.0,0.0,0.0,2.687883138656616
A,0,2,2023-04-07,2023-04-21,0.0,0.0,0.0,2.687883138656616
A,0,2,2023-04-14,2023-04-28,0.0,0.0,0.0,2.687883138656616
A,0,2,2023-04-21,2023-05-05,0.0,0.0,0.0,2.687883138656616
A,0,2,2023-04-28,2023-05-12,0.0,0.0,0.0,2.687883138656616
A,0,2,2023-05-05,2023-05-19,0.0,0.0,0.0,2.687883138656616
A,0,2,2023-05-12,2023-05-26,1.0,0.0,0.0,2.687883138656616
A,0,2,2023-05-19,2023-06-02,0.0,0.028870802372694016,0.0,2.7167539596557617
A,0,2,2023-05-26,2023-06-09,0.0,0.20500031113624573,0.0,2.892883539199829
A,0,2,2023-06-02,2023-06-16,1.0,0.2313101589679718,0.0,2.9191932678222656
A,0,2,2023-06-09,2023-06-23,1.0,0.9811951518058777,0.2330799102783203,3.6690783500671387
A,0,2,2023-06-16,2023-06-30,0.0,0.44431519508361816,0.0,3.1321983337402344
A,0,2,2023-06-23,2023-07-07,0.0,0.6760335564613342,0.0,3.3639166355133057
A,0,2,2023-06-30,2023-07-14,2.0,0.5155091881752014,0.0,3.203392267227173
A,0,2,2023-07-07,2023-07-21,0.0,0.5532625317573547,0.0,3.241145610809326
A,0,2,2023-07-14,2023-07-28,0.0,1.4693553447723389,0.7212401032447815,4.157238483428955
A,0,2,2023-07-21,2023-08-04,0.0,1.6982367038726807,0.9501214623451233,4.386119842529297
A,0,2,2023-07-28,2023-08-11,7.0,3.103315830230713,2.3552005290985107,5.79119873046875
A,0,2,2023-08-04,2023-08-18,1.0,1.0754613876342773,0.32734614610671997,3.7633445262908936
A,0,2,2023-08-11,2023-08-25,1.0,0.02727391943335533,0.0,2.0272738933563232
A,0,2,2023-08-18,2023-09-01,0.0,0.19278477132320404,0.0,2.1927847862243652
A,0,2,2023-08-25,2023-09-08,1.0,0.8774155974388123,0.0,4.774099826812744
A,0,2,2023-09-01,2023-09-15,4.0,1.6051650047302246,0.0,5.501849174499512
A,0,2,2023-09-08,2023-09-22,0.0,1.140425682067871,0.0,5.037109851837158
A,0,2,2023-09-15,2023-09-29,1.0,0.34860748052597046,0.0,4.245291709899902
A,0,2,2023-09-22,2023-10-06,0.0,0.6284423470497131,0.0,4.5251264572143555
A,0,2,2023-09-29,2023-10-13,1.0,1.095005989074707,0.0,4.991690158843994
A,0,2,2023-10-06,2023-10-20,0.0,0.2919367551803589,0.0,4.1886210441589355
A,0,2,2023-10-13,2023-10-27,0.0,0.11994995176792145,0.0,4.016633987426758
A,0,2,2023-10-20,2023-11-03,0.0,0.10740026831626892,0.0,4.004084587097168
A,0,2,2023-10-27,2023-11-10,0.0,0.03793292120099068,0.0,3.934617042541504
A,0,2,2023-11-03,2023-11-17,0.0,0.0021728016436100006,0.0,3.8988568782806396
A,0,2,2023-11-10,2023-11-24,0.0,0.0,0.0,3.896684169769287
A,0,2,2023-11-17,2023-12-01,0.0,0.0,0.0,3.896684169769287
A,0,2,2023-11-24,2023-12-08,0.0,0.0,0.0,3.896684169769287
A,0,2,2023-12-01,2023-12-15,0.0,0.0,0.0,3.896684169769287
A,0,2,2023-12-08,2023-12-22,0.0,0.0,0.0,3.896684169769287
A,0,2,2023-12-15,2023-12-29,1.0,0.0,0.0,3.896684169769287
A,0,2,2023-12-22,2024-01-05,0.0,0.18888679146766663,0.0,4.085570812225342
A,0,2,2023-12-29,2024-01-12,0.0,0.0,0.0,3.896684169769287
A,0,2,2024-01-05,2024-01-19,0.0,0.0,0.0,3.896684169769287
A,0,2,2024-01-12,2024-01-26,1.0,0.031900521367788315,0.0,3.928584575653076
A,0,2,2024-01-19,2024-02-02,0.0,0.0,0.0,3.896684169769287
A,0,2,2024-01-26,2024-02-09,0.0,0.0,0.0,3.896684169769287
A,0,2,2024-02-02,2024-02-16,0.0,0.0,0.0,3.896684169769287
A,0,2,2024-02-09,2024-02-23,0.0,0.0,0.0,3.896684169769287
A,0,2,2024-02-16,2024-03-01,0.0,0.0,0.0,3.896684169769287
A,0,2,2024-02-23,2024-03-08,0.0,0.0,0.0,3.896684169769287
A,0,2,2024-03-01,2024-03-15,0.0,0.0,0.0,3.896684169769287
A,0,2,2024-03-08,2024-03-22,0.0,0.0,0.0,3.896684169769287
A,0,2,2024-03-15,2024-03-29,0.0,0.0,0.0,3.896684169769287
A,0,2,2024-03-22,2024-04-05,0.0,0.0,0.0,3.896684169769287
A,0,2,2024-03-29,2024-04-12,0.0,0.0,0.0,3.896684169769287
A,0,2,2024-04-05,2024-04-19,0.0,0.0,0.0,3.896684169769287
A,0,2,2024-04-12,2024-04-26,0.0,0.0,0.0,3.896684169769287
A,0,2,2024-04-19,2024-05-03,1.0,0.0,0.0,3.896684169769287
A,0,2,2024-04-26,2024-05-10,0.0,0.0,0.0,3.896684169769287
A,0,2,2024-05-03,2024-05-17,0.0,0.0,0.0,3.896684169769287
A,0,2,2024-05-10,2024-05-24,1.0,0.0,0.0,3.896684169769287
A,0,2,2024-05-17,2024-05-31,0.0,0.0,0.0,3.896684169769287
A,0,2,2024-05-24,2024-06-07,0.0,0.3794800043106079,0.0,4.2761640548706055
A,0,2,2024-05-31,2024-06-14,0.0,0.07960611581802368,0.0,3.976290225982666
A,0,2,2024-06-07,2024-06-21,0.0,0.2669430673122406,0.0,4.1636271476745605
A,0,2,2024-06-14,2024-06-28,0.0,0.4590336084365845,0.0,4.355717658996582
A,0,2,2024-06-21,2024-07-05,1.0,0.8042199015617371,0.0,4.70090389251709
A,0,2,2024-06-28,2024-07-12,0.0,0.55179363489151,0.0,4.448477745056152
A,0,2,2024-07-05,2024-07-19,2.0,0.6477445960044861,0.0,4.544428825378418
A,0,2,2024-07-12,2024-07-26,5.0,0.8304983973503113,0.0,4.727182388305664
A,0,2,2024-07-19,2024-08-02,8.0,2.089761972427368,0.3915252685546875,5.986446380615234
A,0,2,2024-07-26,2024-08-09,18.0,1.3441742658615112,0.0,5.240858554840088
A,0,2,2024-08-02,2024-08-16,2.0,1.5781590938568115,0.0,5.4748430252075195
A,0,2,2024-08-09,2024-08-23,1.0,2.50475811958313,0.8065214157104492,6.674260139465332
A,0,2,2024-08-16,2024-08-30,1.0,1.7807716131210327,0.6403459310531616,7.691009998321533
A,0,2,2024-08-23,2024-09-06,1.0,1.954879879951477,0.814454197883606,18.610706329345703
A,0,2,2024-08-30,2024-09-13,2.0,3.1874170303344727,2.0469913482666016,19.843242645263672
A,0,2,2024-09-06,2024-09-20,2.0,2.7953968048095703,1.2906386852264404,19.451223373413086
A,0,2,2024-09-13,2024-09-27,0.0,1.0620663166046143,0.0,17.717893600463867
A,0,2,2024-09-20,2024-10-04,0.0,0.13621193170547485,0.0,16.792037963867188
A,0,2,2024-09-27,2024-10-11,0.0,0.18703442811965942,0.0,16.84286117553711
A,0,2,2024-10-04,2024-10-18,0.0,0.0,0.0,16.655826568603516
A,0,2,2024-10-11,2024-10-25,0.0,0.16775453090667725,0.0,16.82358169555664
A,0,2,2024-10-18,2024-11-01,1.0,0.5758594274520874,0.0,17.231685638427734
A,0,2,2024-10-25,2024-11-08,0.0,0.47640860080718994,0.0,17.132234573364258
A,0,2,2024-11-01,2024-11-15,0.0,0.030250761657953262,0.0,16.686077117919922
A,0,2,2024-11-08,2024-11-22,0.0,0.0,0.0,16.655826568603516
A,0,2,2024-11-15,2024-11-29,1.0,0.0,0.0,16.655826568603516
A,0,2,2024-11-22,2024-12-06,0.0,0.0,0.0,16.655826568603516
A,0,2,2024-11-29,2024-12-13,0.0,0.0602000467479229,0.0,16.716026306152344
A,0,2,2024-12-06,2024-12-20,0.0,0.18942558765411377,0.0,16.845252990722656
A,0,2,2024-12-13,2024-12-27,0.0,0.02959297224879265,0.0,16.6854190826416
A,0,2,2024-12-20,2025-01-03,0.0,0.0,0.0,16.655826568603516
A,0,2,2024-12-27,2025-01-10,0.0,0.0,0.0,16.655826568603516
A,0,2,2025-01-03,2025-01-17,0.0,0.0,0.0,16.655826568603516
A,0,2,2025-01-10,2025-01-24,0.0,0.0,0.0,16.655826568603516
A,0,2,2025-01-17,2025-01-31,0.0,0.0,0.0,16.655826568603516
A,0,2,2025-01-24,2025-02-07,1.0,0.0,0.0,16.655826568603516
A,0,2,2025-01-31,2025-02-14,0.0,0.0,0.0,16.655826568603516
A,0,2,2025-02-07,2025-02-21,0.0,0.0,0.0,16.655826568603516
A,0,2,2025-02-14,2025-02-28,1.0,0.0,0.0,16.655826568603516
A,0,2,2025-02-21,2025-03-07,0.0,0.0,0.0,16.655826568603516
A,0,2,2025-02-28,2025-03-14,0.0,0.0,0.0,16.655826568603516
A,0,2,2025-03-07,2025-03-21,0.0,0.0,0.0,16.655826568603516
A,0,2,2025-03-14,2025-03-28,0.0,0.0,0.0,16.655826568603516
A,0,2,2025-03-21,2025-04-04,0.0,0.0,0.0,16.655826568603516
A,0,2,2025-03-28,2025-04-11,0.0,0.0,0.0,16.655826568603516
A,0,2,2025-04-04,2025-04-18,0.0,0.0,0.0,16.655826568603516
A,0,2,2025-04-11,2025-04-25,0.0,0.0,0.0,16.655826568603516
A,0,2,2025-04-18,2025-05-02,0.0,0.0,0.0,16.655826568603516
A,0,2,2025-04-25,2025-05-09,0.0,0.0,0.0,16.655826568603516
A,0,2,2025-05-02,2025-05-16,0.0,0.0,0.0,16.655826568603516
A,0,2,2025-05-09,2025-05-23,0.0,0.0,0.0,16.655826568603516
A,0,2,2025-05-16,2025-05-30,0.0,0.0,0.0,16.655826568603516
A,0,2,2025-05-23,2025-06-06,0.0,0.0,0.0,16.655826568603516
A,0,2,2025-05-30,2025-06-13,0.0,0.12058281898498535,0.0,16.776409149169922
A,0,2,2025-06-06,2025-06-20,1.0,0.3829217553138733,0.0,17.038747787475586
A,0,2,2025-06-13,2025-06-27,0.0,0.007824819535017014,0.0,16.663650512695312
A,0,2,2025-06-20,2025-07-04,0.0,0.28322070837020874,0.0,16.93904685974121
A,0,2,2025-06-27,2025-07-11,2.0,0.6518697738647461,0.0,17.307697296142578
A,0,2,2025-07-04,2025-07-18,2.0,2.3447535037994385,0.8399953842163086,19.000579833984375
A,0,2,2025-07-11,2025-07-25,2.0,2.079258680343628,0.574500560760498,18.735084533691406
A,0,2,2025-07-18,2025-08-01,13.0,4.193355083465576,2.6885969638824463,20.84918212890625
A,0,2,2025-07-25,2025-08-08,8.0,3.982573986053467,2.477815866470337,20.63840103149414
A,0,2,2025-08-01,2025-08-15,1.0,2.8903698921203613,1.3856117725372314,19.54619598388672
A,0,2,2025-08-08,2025-08-22,1.0,1.2711857557296753,0.0,17.927011489868164
A,0,2,2025-08-15,2025-08-29,0.0,0.8785386085510254,0.0,17.534364700317383
A,0,2,2025-08-22,2025-09-05,,1.9930541515350342,0.4882960319519043,10.799698829650879
A,0,4,2023-02-17,2023-03-17,0.0,0.0,0.0,2.5602948665618896
A,0,4,2023-02-24,2023-03-24,0.0,0.0,0.0,2.5602948665618896
A,0,4,2023-03-03,2023-03-31,0.0,0.0,0.0,2.5602948665618896
A,0,4,2023-03-10,2023-04-07,1.0,0.0,0.0,2.5602948665618896
A,0,4,2023-03-17,2023-04-14,0.0,0.0,0.0,2.5602948665618896
A,0,4,2023-03-24,2023-04-21,0.0,0.0,0.0,2.5602948665618896
A,0,4,2023-03-31,2023-04-28,0.0,0.0,0.0,2.5602948665618896
A,0,4,2023-04-07,2023-05-05,0.0,0.0,0.0,2.5602948665618896
A,0,4,2023-04-14,2023-05-12,0.0,0.0,0.0,2.5602948665618896
A,0,4,2023-04-21,2023-05-19,0.0,0.0,0.0,2.5602948665618896
A,0,4,2023-04-28,2023-05-26,1.0,0.0,0.0,2.5602948665618896
A,0,4,2023-05-05,2023-06-02,0.0,0.6157627701759338,0.0,3.1760575771331787
A,0,4,2023-05-12,2023-06-09,0.0,0.3278517425060272,0.0,2.8881466388702393
A,0,4,2023-05-19,2023-06-16,1.0,0.0,0.0,2.5602948665618896
A,0,4,2023-05-26,2023-06-23,1.0,0.5407015681266785,0.0,3.100996494293213
A,0,4,2023-06-02,2023-06-30,0.0,0.6293094158172607,0.0,3.1896042823791504
A,0,4,2023-06-09,2023-07-07,0.0,0.947863757610321,0.0,3.5081586837768555
A,0,4,2023-06-16,2023-07-14,2.0,0.4582373797893524,0.0,3.0185322761535645
A,0,4,2023-06-23,2023-07-21,0.0,2.2133514881134033,0.7909584045410156,4.773646354675293
A,0,4,2023-06-30,2023-07-28,0.0,1.5888785123825073,0.16648542881011963,4.149173259735107
A,0,4,2023-07-07,2023-08-04,0.0,1.9334523677825928,0.5110592842102051,4.493747234344482
A,0,4,2023-07-14,2023-08-11,7.0,3.298372745513916,1.8759796619415283,5.858667373657227
A,0,4,2023-07-21,2023-08-18,1.0,0.646020770072937,0.0,3.206315517425537
A,0,4,2023-07-28,2023-08-25,1.0,0.8053958415985107,0.0,3.3656907081604004
A,0,4,2023-08-04,2023-09-01,0.0,0.6295411586761475,0.0,3.189836025238037
A,0,4,2023-08-11,2023-09-08,1.0,0.9017196297645569,0.0,2.901719570159912
A,0,4,2023-08-18,2023-09-15,4.0,1.3602769374847412,0.0,3.360276937484741
A,0,4,2023-08-25,2023-09-22,0.0,0.6894658207893372,0.0,4.3910932540893555
A,0,4,2023-09-01,2023-09-29,1.0,0.6960567831993103,0.0,4.397684097290039
A,0,4,2023-09-08,2023-10-06,0.0,0.9532705545425415,0.0,4.654897689819336
A,0,4,2023-09-15,2023-10-13,1.0,0.6243333220481873,0.0,4.325960636138916
A,0,4,2023-09-22,2023-10-20,0.0,1.0212149620056152,0.0,4.722842216491699
A,0,4,2023-09-29,2023-10-27,0.0,0.6468907594680786,0.0,4.348517894744873
A,0,4,2023-10-06,2023-11-03,0.0,0.47223183512687683,0.0,4.173859119415283
A,0,4,2023-10-13,2023-11-10,0.0,0.38149765133857727,0.0,4.083125114440918
A,0,4,2023-10-20,2023-11-17,0.0,0.0,0.0,3.701627254486084
A,0,4,2023-10-27,2023-11-24,0.0,0.0,0.0,3.701627254486084
A,0,4,2023-11-03,2023-12-01,0.0,0.0,0.0,3.701627254486084
A,0,4,2023-11-10,2023-12-08,0.0,0.0,0.0,3.701627254486084
A,0,4,2023-11-17,2023-12-15,0.0,0.0,0.0,3.701627254486084
A,0,4,2023-11-24,2023-12-22,0.0,0.0,0.0,3.701627254486084
A,0,4,2023-12-01,2023-12-29,1.0,0.0,0.0,3.701627254486084
A,0,4,2023-12-08,2024-01-05,0.0,0.0,0.0,3.701627254486084
A,0,4,2023-12-15,2024-01-12,0.0,0.17289578914642334,0.0,3.874523162841797
A,0,4,2023-12-22,2024-01-19,0.0,0.1851421743631363,0.0,3.8867695331573486
A,0,4,2023-12-29,2024-01-26,1.0,0.19818821549415588,0.0,3.899815559387207
A,0,4,2024-01-05,2024-02-02,0.0,0.019245630130171776,0.0,3.7208728790283203
A,0,4,2024-01-12,2024-02-09,0.0,0.17305973172187805,0.0,3.8746869564056396
A,0,4,2024-01-19,2024-02-16,0.0,0.0,0.0,3.701627254486084
A,0,4,2024-01-26,2024-02-23,0.0,0.0,0.0,3.701627254486084
A,0,4,2024-02-02,2024-03-01,0.0,0.0,0.0,3.701627254486084
A,0,4,2024-02-09,2024-03-08,0.0,0.0,0.0,3.701627254486084
A,0,4,2024-02-16,2024-03-15,0.0,0.0,0.0,3.701627254486084
A,0,4,2024-02-23,2024-03-22,0.0,0.0,0.0,3.701627254486084
A,0,4,2024-03-01,2024-03-29,0.0,0.0,0.0,3.701627254486084
A,0,4,2024-03-08,2024-04-05,0.0,0.0,0.0,3.701627254486084
A,0,4,2024-03-15,2024-04-12,0.0,0.0,0.0,3.701627254486084
A,0,4,2024-03-22,2024-04-19,0.0,0.0,0.0,3.701627254486084
A,0,4,2024-03-29,2024-04-26,0.0,0.0,0.0,3.701627254486084
A,0,4,2024-04-05,2024-05-03,1.0,0.0,0.0,3.701627254486084
A,0,4,2024-04-12,2024-05-10,0.0,0.0,0.0,3.701627254486084
A,0,4,2024-04-19,2024-05-17,0.0,0.0,0.0,3.701627254486084
A,0,4,2024-04-26,2024-05-24,1.0,0.0,0.0,3.701627254486084
A,0,4,2024-05-03,2024-05-31,0.0,0.04904220998287201,0.0,3.750669479370117
A,0,4,2024-05-10,2024-06-07,0.0,0.2844967246055603,0.0,3.986124038696289
A,0,4,2024-05-17,2024-06-14,0.0,0.12034043669700623,0.0,3.821967601776123
A,0,4,2024-05-24,2024-06-21,0.0,0.14210814237594604,0.0,3.843735456466675
A,0,4,2024-05-31,2024-06-28,0.0,0.18467292189598083,0.0,3.8863000869750977
A,0,4,2024-06-07,2024-07-05,1.0,0.6842395067214966,0.0,4.385866641998291
A,0,4,2024-06-14,2024-07-12,0.0,2.028533935546875,0.0,5.730161190032959
A,0,4,2024-06-21,2024-07-19,2.0,3.9527909755706787,1.7394394874572754,7.654417991638184
A,0,4,2024-06-28,2024-07-26,5.0,1.8384183645248413,0.0,5.540045738220215
A,0,4,2024-07-05,2024-08-02,8.0,1.7463141679763794,0.0,5.447941303253174
A,0,4,2024-07-12,2024-08-09,18.0,2.512993335723877,0.29964184761047363,6.214620590209961
A,0,4,2024-07-19,2024-08-16,2.0,1.452745795249939,0.0,5.1543731689453125
A,0,4,2024-07-26,2024-08-23,1.0,1.618055820465088,0.0,5.319683074951172
A,0,4,2024-08-02,2024-08-30,1.0,3.345155715942383,1.3166217803955078,7.046782970428467
A,0,4,2024-08-09,2024-09-06,1.0,4.336843967437744,2.308310031890869,8.038471221923828
A,0,4,2024-08-16,2024-09-13,2.0,5.179290771484375,3.1507568359375,11.432976722717285
A,0,4,2024-08-23,2024-09-20,2.0,3.1412065029144287,1.1126725673675537,18.62821388244629
A,0,4,2024-08-30,2024-09-27,0.0,2.286271333694458,0.257737398147583,17.773279190063477
A,0,4,2024-09-06,2024-10-04,0.0,1.6428993940353394,0.0,17.129905700683594
A,0,4,2024-09-13,2024-10-11,0.0,0.7445986270904541,0.0,16.231605529785156
A,0,4,2024-09-20,2024-10-18,0.0,0.0,0.0,15.487007141113281
A,0,4,2024-09-27,2024-10-25,0.0,0.0,0.0,15.487007141113281
A,0,4,2024-10-04,2024-11-01,1.0,0.0,0.0,15.487007141113281
A,0,4,2024-10-11,2024-11-08,0.0,0.0,0.0,15.487007141113281
A,0,4,2024-10-18,2024-11-15,0.0,0.0,0.0,15.487007141113281
A,0,4,2024-10-25,2024-11-22,0.0,0.0,0.0,15.487007141113281
A,0,4,2024-11-01,2024-11-29,1.0,0.0,0.0,15.487007141113281
A,0,4,2024-11-08,2024-12-06,0.0,0.0,0.0,15.487007141113281
A,0,4,2024-11-15,2024-12-13,0.0,0.0,0.0,15.487007141113281
A,0,4,2024-11-22,2024-12-20,0.0,0.21831321716308594,0.0,15.705320358276367
A,0,4,2024-11-29,2024-12-27,0.0,0.0,0.0,15.487007141113281
A,0,4,2024-12-06,2025-01-03,0.0,0.0,0.0,15.487007141113281
A,0,4,2024-12-13,2025-01-10,0.0,0.0,0.0,15.487007141113281
A,0,4,2024-12-20,2025-01-17,0.0,0.0,0.0,15.487007141113281
A,0,4,2024-12-27,2025-01-24,0.0,0.010845551267266273,0.0,15.497852325439453
A,0,4,2025-01-03,2025-01-31,0.0,0.0,0.0,15.487007141113281
A,0,4,2025-01-10,2025-02-07,1.0,0.0,0.0,15.487007141113281
A,0,4,2025-01-17,2025-02-14,0.0,0.0,0.0,15.487007141113281
A,0,4,2025-01-24,2025-02-21,0.0,0.0,0.0,15.487007141113281
A,0,4,2025-01-31,2025-02-28,1.0,0.0,0.0,15.487007141113281
A,0,4,2025-02-07,2025-03-07,0.0,0.0,0.0,15.487007141113281
A,0,4,2025-02-14,2025-03-14,0.0,0.0,0.0,15.487007141113281
A,0,4,2025-02-21,2025-03-21,0.0,0.0,0.0,15.487007141113281
A,0,4,2025-02-28,2025-03-28,0.0,0.0,0.0,15.487007141113281
A,0,4,2025-03-07,2025-04-04,0.0,0.0,0.0,15.487007141113281
A,0,4,2025-03-14,2025-04-11,0.0,0.0,0.0,15.487007141113281
A,0,4,2025-03-21,2025-04-18,0.0,0.0,0.0,15.487007141113281
A,0,4,2025-03-28,2025-04-25,0.0,0.0,0.0,15.487007141113281
A,0,4,2025-04-04,2025-05-02,0.0,0.0,0.0,15.487007141113281
A,0,4,2025-04-11,2025-05-09,0.0,0.0,0.0,15.487007141113281
A,0,4,2025-04-18,2025-05-16,0.0,0.0,0.0,15.487007141113281
A,0,4,2025-04-25,2025-05-23,0.0,0.0,0.0,15.487007141113281
A,0,4,2025-05-02,2025-05-30,0.0,0.0065018776804208755,0.0,15.493509292602539
A,0,4,2025-05-09,2025-06-06,0.0,0.013025587424635887,0.0,15.500032424926758
A,0,4,2025-05-16,2025-06-13,0.0,0.15147580206394196,0.0,15.638483047485352
A,0,4,2025-05-23,2025-06-20,1.0,0.0,0.0,15.487007141113281
A,0,4,2025-05-30,2025-06-27,0.0,0.042700283229351044,0.0,15.529706954956055
A,0,4,2025-06-06,2025-07-04,0.0,0.0,0.0,15.487007141113281
A,0,4,2025-06-13,2025-07-11,2.0,0.19564472138881683,0.0,15.68265151977539
A,0,4,2025-06-20,2025-07-18,2.0,1.4565985202789307,0.0,16.943605422973633
A,0,4,2025-06-27,2025-07-25,2.0,2.120330572128296,0.0,17.607337951660156
A,0,4,2025-07-04,2025-08-01,13.0,3.819553852081299,0.4827098846435547,19.306560516357422
A,0,4,2025-07-11,2025-08-08,8.0,2.243685483932495,0.0,17.73069190979004
A,0,4,2025-07-18,2025-08-15,1.0,3.3233187198638916,0.0,18.810325622558594
A,0,4,2025-07-25,2025-08-22,1.0,1.1730899810791016,0.0,16.660097122192383
A,0,4,2025-08-01,2025-08-29,0.0,1.4496098756790161,0.0,16.936616897583008
A,0,4,2025-08-08,2025-09-05,,2.896732807159424,0.0,18.383739471435547
A,0,4,2025-08-15,2025-09-12,,2.256108283996582,0.0,17.743114471435547
A,0,4,2025-08-22,2025-09-19,,2.126763343811035,0.0,11.307209968566895
A,0,8,2023-02-17,2023-04-14,0.0,0.0,0.0,2.9890692234039307
A,0,8,2023-02-24,2023-04-21,0.0,0.0,0.0,2.9890692234039307
A,0,8,2023-03-03,2023-04-28,0.0,0.0,0.0,2.9890692234039307
A,0,8,2023-03-10,2023-05-05,0.0,0.0,0.0,2.9890692234039307
A,0,8,2023-03-17,2023-05-12,0.0,0.0,0.0,2.9890692234039307
A,0,8,2023-03-24,2023-05-19,0.0,0.0,0.0,2.9890692234039307
A,0,8,2023-03-31,2023-05-26,1.0,0.0,0.0,2.9890692234039307
A,0,8,2023-04-07,2023-06-02,0.0,0.0,0.0,2.9890692234039307
A,0,8,2023-04-14,2023-06-09,0.0,0.12841403484344482,0.0,3.117483139038086
A,0,8,2023-04-21,2023-06-16,1.0,0.04560570418834686,0.0,3.034674882888794
A,0,8,2023-04-28,2023-06-23,1.0,0.0612480491399765,0.0,3.0503172874450684
A,0,8,2023-05-05,2023-06-30,0.0,0.0,0.0,2.9890692234039307
A,0,8,2023-05-12,2023-07-07,0.0,0.49485155940055847,0.0,3.4839208126068115
A,0,8,2023-05-19,2023-07-14,2.0,0.4139986038208008,0.0,3.4030678272247314
A,0,8,2023-05-26,2023-07-21,0.0,0.7036789655685425,0.0,3.6927480697631836
A,0,8,2023-06-02,2023-07-28,0.0,1.0015449523925781,0.0,3.990614175796509
A,0,8,2023-06-09,2023-08-04,0.0,2.4998321533203125,0.5056016445159912,5.488901138305664
A,0,8,2023-06-16,2023-08-11,7.0,3.64811635017395,1.653885841369629,6.637185573577881
A,0,8,2023-06-23,2023-08-18,1.0,3.012491226196289,1.0182607173919678,6.001560211181641
A,0,8,2023-06-30,2023-08-25,1.0,6.860366344451904,4.866135597229004,9.849435806274414
A,0,8,2023-07-07,2023-09-01,0.0,2.0221261978149414,0.027895689010620117,5.011195182800293
A,0,8,2023-07-14,2023-09-08,1.0,1.7878694534301758,0.0,4.776938438415527
A,0,8,2023-07-21,2023-09-15,4.0,1.0204277038574219,0.0,4.009496688842773
A,0,8,2023-07-28,2023-09-22,0.0,2.9131155014038086,1.3378138542175293,5.90218448638916
A,0,8,2023-08-04,2023-09-29,1.0,3.7256970405578613,2.150395393371582,6.714766502380371
A,0,8,2023-08-11,2023-10-06,0.0,2.182743549346924,0.6074419021606445,4.182743549346924
A,0,8,2023-08-18,2023-10-13,1.0,1.0009002685546875,0.0,3.0009002685546875
A,0,8,2023-08-25,2023-10-20,0.0,0.1087120994925499,0.0,3.4605958461761475
A,0,8,2023-09-01,2023-10-27,0.0,0.0,0.0,3.35188364982605
A,0,8,2023-09-08,2023-11-03,0.0,0.07231975346803665,0.0,3.424203395843506
A,0,8,2023-09-15,2023-11-10,0.0,0.18169456720352173,0.0,3.5335781574249268
A,0,8,2023-09-22,2023-11-17,0.0,0.3448692262172699,0.0,3.6967527866363525
A,0,8,2023-09-29,2023-11-24,0.0,0.0,0.0,3.35188364982605
A,0,8,2023-10-06,2023-12-01,0.0,0.0,0.0,3.35188364982605
A,0,8,2023-10-13,2023-12-08,0.0,0.0,0.0,3.35188364982605
A,0,8,2023-10-20,2023-12-15,0.0,0.0,0.0,3.35188364982605
A,0,8,2023-10-27,2023-12-22,0.0,0.0,0.0,3.35188364982605
A,0,8,2023-11-03,2023-12-29,1.0,0.0,0.0,3.35188364982605
A,0,8,2023-11-10,2024-01-05,0.0,0.047582320868968964,0.0,3.399466037750244
A,0,8,2023-11-17,2024-01-12,0.0,0.0,0.0,3.35188364982605
A,0,8,2023-11-24,2024-01-19,0.0,0.0015512704849243164,0.0,3.3534350395202637
A,0,8,2023-12-01,2024-01-26,1.0,0.04616302251815796,0.0,3.3980467319488525
A,0,8,2023-12-08,2024-02-02,0.0,0.0,0.0,3.35188364982605
A,0,8,2023-12-15,2024-02-09,0.0,0.10413207113742828,0.0,3.4560158252716064
A,0,8,2023-12-22,2024-02-16,0.0,0.0,0.0,3.35188364982605
A,0,8,2023-12-29,2024-02-23,0.0,0.0,0.0,3.35188364982605
A,0,8,2024-01-05,2024-03-01,0.0,0.10478240251541138,0.0,3.4566659927368164
A,0,8,2024-01-12,2024-03-08,0.0,0.0,0.0,3.35188364982605
A,0,8,2024-01-19,2024-03-15,0.0,0.0,0.0,3.35188364982605
A,0,8,2024-01-26,2024-03-22,0.0,0.0,0.0,3.35188364982605
A,0,8,2024-02-02,2024-03-29,0.0,0.0,0.0,3.35188364982605
A,0,8,2024-02-09,2024-04-05,0.0,0.0,0.0,3.35188364982605
A,0,8,2024-02-16,2024-04-12,0.0,0.0,0.0,3.35188364982605
A,0,8,2024-02-23,2024-04-19,0.0,0.0,0.0,3.35188364982605
A,0,8,2024-03-01,2024-04-26,0.0,0.0,0.0,3.35188364982605
A,0,8,2024-03-08,2024-05-03,1.0,0.0,0.0,3.35188364982605
A,0,8,2024-03-15,2024-05-10,0.0,0.0,0.0,3.35188364982605
A,0,8,2024-03-22,2024-05-17,0.0,0.14206315577030182,0.0,3.4939467906951904
A,0,8,2024-03-29,2024-05-24,1.0,0.5309518575668335,0.0,3.8828353881835938
A,0,8,2024-04-05,2024-05-31,0.0,0.9539656639099121,0.0,4.305849075317383
A,0,8,2024-04-12,2024-06-07,0.0,1.195099115371704,0.0,4.546982765197754
A,0,8,2024-04-19,2024-06-14,0.0,0.6126372218132019,0.0,3.9645209312438965
A,0,8,2024-04-26,2024-06-21,0.0,0.4860599935054779,0.0,3.8379435539245605
A,0,8,2024-05-03,2024-06-28,0.0,0.47830966114997864,0.0,3.830193281173706
A,0,8,2024-05-10,2024-07-05,1.0,0.38076460361480713,0.0,3.7326483726501465
A,0,8,2024-05-17,2024-07-12,0.0,0.7999141216278076,0.0,4.151797771453857
A,0,8,2024-05-24,2024-07-19,2.0,1.2245690822601318,0.0,4.576452732086182
A,0,8,2024-05-31,2024-07-26,5.0,0.8139091730117798,0.0,4.165792942047119
A,0,8,2024-06-07,2024-08-02,8.0,1.2568097114562988,0.0,4.6086931228637695
A,0,8,2024-06-14,2024-08-09,18.0,3.196491241455078,0.0,6.548375129699707
A,0,8,2024-06-21,2024-08-16,2.0,2.02390456199646,0.0,5.37578821182251
A,0,8,2024-06-28,2024-08-23,1.0,2.4235262870788574,0.0,5.775409698486328
A,0,8,2024-07-05,2024-08-30,1.0,3.308889150619507,0.0,6.660772800445557
A,0,8,2024-07-12,2024-09-06,1.0,5.3605170249938965,0.0,8.712400436401367
A,0,8,2024-07-19,2024-09-13,2.0,5.798218727111816,0.0,9.150102615356445
A,0,8,2024-07-26,2024-09-20,2.0,3.70658016204834,0.0,7.058464050292969
A,0,8,2024-08-02,2024-09-27,0.0,5.928979873657227,0.06861352920532227,9.280863761901855
A,0,8,2024-08-09,2024-10-04,0.0,10.340038299560547,4.479671955108643,14.526128768920898
A,0,8,2024-08-16,2024-10-11,0.0,1.5975005626678467,0.0,8.340690612792969
A,0,8,2024-08-23,2024-10-18,0.0,1.1103003025054932,0.0,15.913808822631836
A,0,8,2024-08-30,2024-10-25,0.0,1.9303991794586182,0.0,16.73390769958496
A,0,8,2024-09-06,2024-11-01,1.0,1.3264155387878418,0.0,16.129924774169922
A,0,8,2024-09-13,2024-11-08,0.0,1.5603914260864258,0.0,16.36389923095703
A,0,8,2024-09-20,2024-11-15,0.0,0.0,0.0,14.803508758544922
A,0,8,2024-09-27,2024-11-22,0.0,0.0,0.0,14.803508758544922
A,0,8,2024-10-04,2024-11-29,1.0,0.0,0.0,14.803508758544922
A,0,8,2024-10-11,2024-12-06,0.0,0.0,0.0,14.803508758544922
A,0,8,2024-10-18,2024-12-13,0.0,0.0,0.0,14.803508758544922
A,0,8,2024-10-25,2024-12-20,0.0,0.0,0.0,14.803508758544922
A,0,8,2024-11-01,2024-12-27,0.0,0.0,0.0,14.803508758544922
A,0,8,2024-11-08,2025-01-03,0.0,0.0,0.0,14.803508758544922
A,0,8,2024-11-15,2025-01-10,0.0,0.0,0.0,14.803508758544922
A,0,8,2024-11-22,2025-01-17,0.0,0.0,0.0,14.803508758544922
A,0,8,2024-11-29,2025-01-24,0.0,0.027073070406913757,0.0,14.830581665039062
A,0,8,2024-12-06,2025-01-31,0.0,0.25475022196769714,0.0,15.058259010314941
A,0,8,2024-12-13,2025-02-07,1.0,0.24488280713558197,0.0,15.048391342163086
A,0,8,2024-12-20,2025-02-14,0.0,0.0,0.0,14.803508758544922
A,0,8,2024-12-27,2025-02-21,0.0,0.0,0.0,14.803508758544922
A,0,8,2025-01-03,2025-02-28,1.0,0.0,0.0,14.803508758544922
A,0,8,2025-01-10,2025-03-07,0.0,0.0,0.0,14.803508758544922
A,0,8,2025-01-17,2025-03-14,0.0,0.0,0.0,14.803508758544922
A,0,8,2025-01-24,2025-03-21,0.0,0.0,0.0,14.803508758544922
A,0,8,2025-01-31,2025-03-28,0.0,0.0,0.0,14.803508758544922
A,0,8,2025-02-07,2025-04-04,0.0,0.0,0.0,14.803508758544922
A,0,8,2025-02-14,2025-04-11,0.0,0.0,0.0,14.803508758544922
A,0,8,2025-02-21,2025-04-18,0.0,0.0,0.0,14.803508758544922
A,0,8,2025-02-28,2025-04-25,0.0,0.0,0.0,14.803508758544922
A,0,8,2025-03-07,2025-05-02,0.0,0.0,0.0,14.803508758544922
A,0,8,2025-03-14,2025-05-09,0.0,0.0,0.0,14.803508758544922
A,0,8,2025-03-21,2025-05-16,0.0,0.0,0.0,14.803508758544922
A,0,8,2025-03-28,2025-05-23,0.0,0.02045387774705887,0.0,14.823962211608887
A,0,8,2025-04-04,2025-05-30,0.0,0.0,0.0,14.803508758544922
A,0,8,2025-04-11,2025-06-06,0.0,0.0,0.0,14.803508758544922
A,0,8,2025-04-18,2025-06-13,0.0,0.0,0.0,14.803508758544922
A,0,8,2025-04-25,2025-06-20,1.0,0.21504002809524536,0.0,15.018548965454102
A,0,8,2025-05-02,2025-06-27,0.0,0.29959797859191895,0.0,15.103106498718262
A,0,8,2025-05-09,2025-07-04,0.0,0.11371614038944244,0.0,14.917224884033203
A,0,8,2025-05-16,2025-07-11,2.0,0.409304678440094,0.0,15.212813377380371
A,0,8,2025-05-23,2025-07-18,2.0,0.6288477778434753,0.0,15.432356834411621
A,0,8,2025-05-30,2025-07-25,2.0,0.760476291179657,0.0,15.563984870910645
A,0,8,2025-06-06,2025-08-01,13.0,1.3954684734344482,0.0,16.198976516723633
A,0,8,2025-06-13,2025-08-08,8.0,0.4350093901157379,0.0,15.238517761230469
A,0,8,2025-06-20,2025-08-15,1.0,0.9525752663612366,0.0,15.756084442138672
A,0,8,2025-06-27,2025-08-22,1.0,1.3695611953735352,0.0,16.17306900024414
A,0,8,2025-07-04,2025-08-29,0.0,0.5061001777648926,0.0,15.309608459472656
A,0,8,2025-07-11,2025-09-05,,1.493962049484253,0.0,16.297470092773438
A,0,8,2025-07-18,2025-09-12,,3.890688419342041,0.0,18.694196701049805
A,0,8,2025-07-25,2025-09-19,,1.6397652626037598,0.0,16.443273544311523
A,0,8,2025-08-01,2025-09-26,,0.9925267696380615,0.0,15.796035766601562
A,0,8,2025-08-08,2025-10-03,,0.4250108599662781,0.0,15.228519439697266
A,0,8,2025-08-15,2025-10-10,,0.0,0.0,14.803508758544922
A,0,8,2025-08-22,2025-10-17,,0.0,0.0,11.604531288146973
A,0,12,2023-02-17,2023-05-12,0.0,0.0,0.0,3.0
A,0,12,2023-02-24,2023-05-19,0.0,0.0,0.0,3.0
A,0,12,2023-03-03,2023-05-26,1.0,0.0,0.0,3.0
A,0,12,2023-03-10,2023-06-02,0.0,0.0,0.0,3.0
A,0,12,2023-03-17,2023-06-09,0.0,0.0,0.0,3.0
A,0,12,2023-03-24,2023-06-16,1.0,0.0,0.0,3.0
A,0,12,2023-03-31,2023-06-23,1.0,0.0,0.0,3.0
A,0,12,2023-04-07,2023-06-30,0.0,0.0,0.0,3.0
A,0,12,2023-04-14,2023-07-07,0.0,0.0,0.0,3.0
A,0,12,2023-04-21,2023-07-14,2.0,0.0,0.0,3.0
A,0,12,2023-04-28,2023-07-21,0.0,0.0,0.0,3.0
A,0,12,2023-05-05,2023-07-28,0.0,0.0,0.0,3.0
A,0,12,2023-05-12,2023-08-04,0.0,0.0,0.0,3.0
A,0,12,2023-05-19,2023-08-11,7.0,0.0,0.0,3.0
A,0,12,2023-05-26,2023-08-18,1.0,0.0,0.0,3.0
A,0,12,2023-06-02,2023-08-25,1.0,0.0,0.0,3.0
A,0,12,2023-06-09,2023-09-01,0.0,0.0,0.0,3.0
A,0,12,2023-06-16,2023-09-08,1.0,0.0,0.0,3.0
A,0,12,2023-06-23,2023-09-15,4.0,0.0,0.0,3.0
A,0,12,2023-06-30,2023-09-22,0.0,0.0,0.0,3.0
A,0,12,2023-07-07,2023-09-29,1.0,0.0,0.0,3.0
A,0,12,2023-07-14,2023-10-06,0.0,0.0,0.0,3.0
A,0,12,2023-07-21,2023-10-13,1.0,0.0,0.0,3.0
A,0,12,2023-07-28,2023-10-20,0.0,0.0,0.0,3.0
A,0,12,2023-08-04,2023-10-27,0.0,0.0,0.0,3.0
A,0,12,2023-08-11,2023-11-03,0.0,0.0,0.0,2.0
A,0,12,2023-08-18,2023-11-10,0.0,0.0,0.0,2.0
A,0,12,2023-08-25,2023-11-17,0.0,0.0,0.0,7.0
A,0,12,2023-09-01,2023-11-24,0.0,0.0,0.0,7.0
A,0,12,2023-09-08,2023-12-01,0.0,0.0,0.0,7.0
A,0,12,2023-09-15,2023-12-08,0.0,0.0,0.0,7.0
A,0,12,2023-09-22,2023-12-15,0.0,0.0,0.0,7.0
A,0,12,2023-09-29,2023-12-22,0.0,0.0,0.0,7.0
A,0,12,2023-10-06,2023-12-29,1.0,0.0,0.0,7.0
A,0,12,2023-10-13,2024-01-05,0.0,0.0,0.0,7.0
A,0,12,2023-10-20,2024-01-12,0.0,0.0,0.0,7.0
A,0,12,2023-10-27,2024-01-19,0.0,0.0,0.0,7.0
A,0,12,2023-11-03,2024-01-26,1.0,0.0,0.0,7.0
A,0,12,2023-11-10,2024-02-02,0.0,0.0,0.0,7.0
A,0,12,2023-11-17,2024-02-09,0.0,0.0,0.0,7.0
A,0,12,2023-11-24,2024-02-16,0.0,0.0,0.0,7.0
A,0,12,2023-12-01,2024-02-23,0.0,0.0,0.0,7.0
A,0,12,2023-12-08,2024-03-01,0.0,0.0,0.0,7.0
A,0,12,2023-12-15,2024-03-08,0.0,0.0,0.0,7.0
A,0,12,2023-12-22,2024-03-15,0.0,0.0,0.0,7.0
A,0,12,2023-12-29,2024-03-22,0.0,0.0,0.0,7.0
A,0,12,2024-01-05,2024-03-29,0.0,0.0,0.0,7.0
A,0,12,2024-01-12,2024-04-05,0.0,0.0,0.0,7.0
A,0,12,2024-01-19,2024-04-12,0.0,0.0,0.0,7.0
A,0,12,2024-01-26,2024-04-19,0.0,0.0,0.0,7.0
A,0,12,2024-02-02,2024-04-26,0.0,0.0,0.0,7.0
A,0,12,2024-02-09,2024-05-03,1.0,0.0,0.0,7.0
A,0,12,2024-02-16,2024-05-10,0.0,0.0,0.0,7.0
A,0,12,2024-02-23,2024-05-17,0.0,0.0,0.0,7.0
A,0,12,2024-03-01,2024-05-24,1.0,0.0,0.0,7.0
A,0,12,2024-03-08,2024-05-31,0.0,0.0,0.0,7.0
A,0,12,2024-03-15,2024-06-07,0.0,0.0,0.0,7.0
A,0,12,2024-03-22,2024-06-14,0.0,0.0,0.0,7.0
A,0,12,2024-03-29,2024-06-21,0.0,0.0,0.0,7.0
A,0,12,2024-04-05,2024-06-28,0.0,0.0,0.0,7.0
A,0,12,2024-04-12,2024-07-05,1.0,0.0,0.0,7.0
A,0,12,2024-04-19,2024-07-12,0.0,0.0,0.0,7.0
A,0,12,2024-04-26,2024-07-19,2.0,0.0,0.0,7.0
A,0,12,2024-05-03,2024-07-26,5.0,0.0,0.0,7.0
A,0,12,2024-05-10,2024-08-02,8.0,0.0,0.0,7.0
A,0,12,2024-05-17,2024-08-09,18.0,0.0,0.0,7.0
A,0,12,2024-05-24,2024-08-16,2.0,0.0,0.0,7.0
A,0,12,2024-05-31,2024-08-23,1.0,0.0,0.0,7.0
A,0,12,2024-06-07,2024-08-30,1.0,0.0,0.0,7.0
A,0,12,2024-06-14,2024-09-06,1.0,0.0,0.0,7.0
A,0,12,2024-06-21,2024-09-13,2.0,0.0,0.0,7.0
A,0,12,2024-06-28,2024-09-20,2.0,0.0,0.0,7.0
A,0,12,2024-07-05,2024-09-27,0.0,0.0,0.0,7.0
A,0,12,2024-07-12,2024-10-04,0.0,0.0,0.0,7.0
A,0,12,2024-07-19,2024-10-11,0.0,0.0,0.0,7.0
A,0,12,2024-07-26,2024-10-18,0.0,0.0,0.0,7.0
A,0,12,2024-08-02,2024-10-25,0.0,0.0,0.0,7.0
A,0,12,2024-08-09,2024-11-01,1.0,0.0,0.0,7.0
A,0,12,2024-08-16,2024-11-08,0.0,0.0,0.0,8.0
A,0,12,2024-08-23,2024-11-15,0.0,0.0,0.0,18.0
A,0,12,2024-08-30,2024-11-22,0.0,0.0,0.0,18.0
A,0,12,2024-09-06,2024-11-29,1.0,0.0,0.0,18.0
A,0,12,2024-09-13,2024-12-06,0.0,0.0,0.0,18.0
A,0,12,2024-09-20,2024-12-13,0.0,0.0,0.0,18.0
A,0,12,2024-09-27,2024-12-20,0.0,0.0,0.0,18.0
A,0,12,2024-10-04,2024-12-27,0.0,0.0,0.0,18.0
A,0,12,2024-10-11,2025-01-03,0.0,0.0,0.0,18.0
A,0,12,2024-10-18,2025-01-10,0.0,0.0,0.0,18.0
A,0,12,2024-10-25,2025-01-17,0.0,0.0,0.0,18.0
A,0,12,2024-11-01,2025-01-24,0.0,0.0,0.0,18.0
A,0,12,2024-11-08,2025-01-31,0.0,0.0,0.0,18.0
A,0,12,2024-11-15,2025-02-07,1.0,0.0,0.0,18.0
A,0,12,2024-11-22,2025-02-14,0.0,0.0,0.0,18.0
A,0,12,2024-11-29,2025-02-21,0.0,0.0,0.0,18.0
A,0,12,2024-12-06,2025-02-28,1.0,0.0,0.0,18.0
A,0,12,2024-12-13,2025-03-07,0.0,0.0,0.0,18.0
A,0,12,2024-12-20,2025-03-14,0.0,0.0,0.0,18.0
A,0,12,2024-12-27,2025-03-21,0.0,0.0,0.0,18.0
A,0,12,2025-01-03,2025-03-28,0.0,0.0,0.0,18.0
A,0,12,2025-01-10,2025-04-04,0.0,0.0,0.0,18.0
A,0,12,2025-01-17,2025-04-11,0.0,0.0,0.0,18.0
A,0,12,2025-01-24,2025-04-18,0.0,0.0,0.0,18.0
A,0,12,2025-01-31,2025-04-25,0.0,0.0,0.0,18.0
A,0,12,2025-02-07,2025-05-02,0.0,0.0,0.0,18.0
A,0,12,2025-02-14,2025-05-09,0.0,0.0,0.0,18.0
A,0,12,2025-02-21,2025-05-16,0.0,0.0,0.0,18.0
A,0,12,2025-02-28,2025-05-23,0.0,0.0,0.0,18.0
A,0,12,2025-03-07,2025-05-30,0.0,0.0,0.0,18.0
A,0,12,2025-03-14,2025-06-06,0.0,0.0,0.0,18.0
A,0,12,2025-03-21,2025-06-13,0.0,0.0,0.0,18.0
A,0,12,2025-03-28,2025-06-20,1.0,0.0,0.0,18.0
A,0,12,2025-04-04,2025-06-27,0.0,0.0,0.0,18.0
A,0,12,2025-04-11,2025-07-04,0.0,0.0,0.0,18.0
A,0,12,2025-04-18,2025-07-11,2.0,0.0,0.0,18.0
A,0,12,2025-04-25,2025-07-18,2.0,0.0,0.0,18.0
A,0,12,2025-05-02,2025-07-25,2.0,0.0,0.0,18.0
A,0,12,2025-05-09,2025-08-01,13.0,0.0,0.0,18.0
A,0,12,2025-05-16,2025-08-08,8.0,0.0,0.0,18.0
A,0,12,2025-05-23,2025-08-15,1.0,0.0,0.0,18.0
A,0,12,2025-05-30,2025-08-22,1.0,0.0,0.0,18.0
A,0,12,2025-06-06,2025-08-29,0.0,0.0,0.0,18.0
A,0,12,2025-06-13,2025-09-05,,0.0,0.0,18.0
A,0,12,2025-06-20,2025-09-12,,0.0,0.0,18.0
A,0,12,2025-06-27,2025-09-19,,0.0,0.0,18.0
A,0,12,2025-07-04,2025-09-26,,0.0,0.0,18.0
A,0,12,2025-07-11,2025-10-03,,0.0,0.0,18.0
A,0,12,2025-07-18,2025-10-10,,0.0,0.0,18.0
A,0,12,2025-07-25,2025-10-17,,0.0,0.0,18.0
A,0,12,2025-08-01,2025-10-24,,0.0,0.0,18.0
A,0,12,2025-08-08,2025-10-31,,0.0,0.0,18.0
A,0,12,2025-08-15,2025-11-07,,0.0,0.0,18.0
A,0,12,2025-08-22,2025-11-14,,0.0,0.0,13.0
B,1,1,2023-02-17,2023-02-24,0.0,0.0,0.0,2.0
B,1,1,2023-02-24,2023-03-03,0.0,0.0,0.0,2.0
B,1,1,2023-03-03,2023-03-10,0.0,0.0,0.0,2.0
B,1,1,2023-03-10,2023-03-17,0.0,0.0,0.0,1.0
B,1,1,2023-03-17,2023-03-24,0.0,0.0,0.0,1.0
B,1,1,2023-03-24,2023-03-31,0.0,0.0,0.0,1.0
B,1,1,2023-03-31,2023-04-07,0.0,0.0,0.0,1.0
B,1,1,2023-04-07,2023-04-14,0.0,0.0,0.0,1.0
B,1,1,2023-04-14,2023-04-21,0.0,0.0,0.0,1.0
B,1,1,2023-04-21,2023-04-28,0.0,0.0,0.0,1.0
B,1,1,2023-04-28,2023-05-05,0.0,0.0,0.0,1.0
B,1,1,2023-05-05,2023-05-12,0.0,0.0,0.0,1.0
B,1,1,2023-05-12,2023-05-19,0.0,0.0,0.0,1.0
B,1,1,2023-05-19,2023-05-26,0.0,0.0,0.0,1.0
B,1,1,2023-05-26,2023-06-02,0.0,0.0,0.0,1.0
B,1,1,2023-06-02,2023-06-09,0.0,0.0,0.0,1.0
B,1,1,2023-06-09,2023-06-16,0.0,0.0,0.0,1.0
B,1,1,2023-06-16,2023-06-23,1.0,0.0,0.0,1.0
B,1,1,2023-06-23,2023-06-30,1.0,0.0,0.0,1.0
B,1,1,2023-06-30,2023-07-07,0.0,0.0,0.0,1.0
B,1,1,2023-07-07,2023-07-14,0.0,0.0,0.0,1.0
B,1,1,2023-07-14,2023-07-21,0.0,0.0,0.0,1.0
B,1,1,2023-07-21,2023-07-28,2.0,0.4404414892196655,0.4404414892196655,1.4404414892196655
B,1,1,2023-07-28,2023-08-04,1.0,2.6105964183807373,2.6105964183807373,3.6105964183807373
B,1,1,2023-08-04,2023-08-11,6.0,1.5095605850219727,1.5095605850219727,2.5095605850219727
B,1,1,2023-08-11,2023-08-18,2.0,0.0,0.0,1.5595585107803345
B,1,1,2023-08-18,2023-08-25,1.0,0.0,0.0,1.5595585107803345
B,1,1,2023-08-25,2023-09-01,1.0,0.0,0.0,4.490439414978027
B,1,1,2023-09-01,2023-09-08,1.0,0.2214340716600418,0.0,4.711873531341553
B,1,1,2023-09-08,2023-09-15,2.0,0.8808264136314392,0.0,5.371265888214111
B,1,1,2023-09-15,2023-09-22,0.0,0.0,0.0,4.490439414978027
B,1,1,2023-09-22,2023-09-29,1.0,0.0,0.0,4.490439414978027
B,1,1,2023-09-29,2023-10-06,2.0,0.0,0.0,4.490439414978027
B,1,1,2023-10-06,2023-10-13,2.0,0.0,0.0,4.490439414978027
B,1,1,2023-10-13,2023-10-20,1.0,0.0,0.0,4.490439414978027
B,1,1,2023-10-20,2023-10-27,0.0,0.0,0.0,4.490439414978027
B,1,1,2023-10-27,2023-11-03,1.0,0.0,0.0,4.490439414978027
B,1,1,2023-11-03,2023-11-10,1.0,0.0,0.0,4.490439414978027
B,1,1,2023-11-10,2023-11-17,1.0,0.0,0.0,4.490439414978027
B,1,1,2023-11-17,2023-11-24,0.0,0.0,0.0,4.490439414978027
B,1,1,2023-11-24,2023-12-01,0.0,0.0,0.0,4.490439414978027
B,1,1,2023-12-01,2023-12-08,0.0,0.0,0.0,4.490439414978027
B,1,1,2023-12-08,2023-12-15,0.0,0.0,0.0,4.490439414978027
B,1,1,2023-12-15,2023-12-22,0.0,0.0,0.0,4.490439414978027
B,1,1,2023-12-22,2023-12-29,0.0,0.0,0.0,4.490439414978027
B,1,1,2023-12-29,2024-01-05,0.0,0.0,0.0,4.490439414978027
B,1,1,2024-01-05,2024-01-12,0.0,0.0,0.0,4.490439414978027
B,1,1,2024-01-12,2024-01-19,0.0,0.0,0.0,4.490439414978027
B,1,1,2024-01-19,2024-01-26,1.0,0.0,0.0,4.490439414978027
B,1,1,2024-01-26,2024-02-02,0.0,0.0,0.0,4.490439414978027
B,1,1,2024-02-02,2024-02-09,0.0,0.0,0.0,4.490439414978027
B,1,1,2024-02-09,2024-02-16,0.0,0.0,0.0,4.490439414978027
B,1,1,2024-02-16,2024-02-23,0.0,0.0,0.0,4.490439414978027
B,1,1,2024-02-23,2024-03-01,0.0,0.0,0.0,4.490439414978027
B,1,1,2024-03-01,2024-03-08,0.0,0.0,0.0,4.490439414978027
B,1,1,2024-03-08,2024-03-15,0.0,0.0,0.0,4.490439414978027
B,1,1,2024-03-15,2024-03-22,0.0,0.0,0.0,4.490439414978027
B,1,1,2024-03-22,2024-03-29,0.0,0.0,0.0,4.490439414978027
B,1,1,2024-03-29,2024-04-05,0.0,0.0,0.0,4.490439414978027
B,1,1,2024-04-05,2024-04-12,0.0,0.0,0.0,4.490439414978027
B,1,1,2024-04-12,2024-04-19,0.0,0.0,0.0,4.490439414978027
B,1,1,2024-04-19,2024-04-26,0.0,0.0,0.0,4.490439414978027
B,1,1,2024-04-26,2024-05-03,0.0,0.0,0.0,4.490439414978027
B,1,1,2024-05-03,2024-05-10,0.0,0.0,0.0,4.490439414978027
B,1,1,2024-05-10,2024-05-17,0.0,0.0,0.0,4.490439414978027
B,1,1,2024-05-17,2024-05-24,1.0,0.0,0.0,4.490439414978027
B,1,1,2024-05-24,2024-05-31,0.0,0.0,0.0,4.490439414978027
B,1,1,2024-05-31,2024-06-07,0.0,0.0,0.0,4.490439414978027
B,1,1,2024-06-07,2024-06-14,0.0,0.0,0.0,4.490439414978027
B,1,1,2024-06-14,2024-06-21,0.0,0.0,0.0,4.490439414978027
B,1,1,2024-06-21,2024-06-28,0.0,0.0,0.0,4.490439414978027
B,1,1,2024-06-28,2024-07-05,1.0,0.0,0.0,4.490439414978027
B,1,1,2024-07-05,2024-07-12,0.0,0.0,0.0,4.490439414978027
B,1,1,2024-07-12,2024-07-19,0.0,0.0,0.0,4.490439414978027
B,1,1,2024-07-19,2024-07-26,8.0,0.3957851529121399,0.0,4.886224746704102
B,1,1,2024-07-26,2024-08-02,7.0,2.939526081085205,1.3289296627044678,7.429965496063232
B,1,1,2024-08-02,2024-08-09,6.0,2.3692803382873535,0.7586839199066162,6.859719753265381
B,1,1,2024-08-09,2024-08-16,2.0,1.822177529335022,0.21158111095428467,9.426392555236816
B,1,1,2024-08-16,2024-08-23,2.0,0.0,0.0,7.604214668273926
B,1,1,2024-08-23,2024-08-30,1.0,0.0,0.0,7.604214668273926
B,1,1,2024-08-30,2024-09-06,0.0,2.0796492099761963,2.0796492099761963,9.683863639831543
B,1,1,2024-09-06,2024-09-13,2.0,3.200843572616577,3.200843572616577,10.805058479309082
B,1,1,2024-09-13,2024-09-20,1.0,2.3533480167388916,2.3533480167388916,9.957562446594238
B,1,1,2024-09-20,2024-09-27,1.0,1.0427254438400269,0.0,8.646940231323242
B,1,1,2024-09-27,2024-10-04,0.0,0.0,0.0,7.604214668273926
B,1,1,2024-10-04,2024-10-11,1.0,0.0,0.0,7.604214668273926
B,1,1,2024-10-11,2024-10-18,0.0,0.0,0.0,7.604214668273926
B,1,1,2024-10-18,2024-10-25,1.0,0.0,0.0,7.604214668273926
B,1,1,2024-10-25,2024-11-01,0.0,0.9291789531707764,0.0,8.533393859863281
B,1,1,2024-11-01,2024-11-08,0.0,0.5514711141586304,0.0,8.155685424804688
B,1,1,2024-11-08,2024-11-15,0.0,0.0,0.0,7.604214668273926
B,1,1,2024-11-15,2024-11-22,0.0,0.0,0.0,7.604214668273926
B,1,1,2024-11-22,2024-11-29,0.0,0.0,0.0,7.604214668273926
B,1,1,2024-11-29,2024-12-06,0.0,0.0,0.0,7.604214668273926
B,1,1,2024-12-06,2024-12-13,0.0,0.0,0.0,7.604214668273926
B,1,1,2024-12-13,2024-12-20,0.0,0.0,0.0,7.604214668273926
B,1,1,2024-12-20,2024-12-27,0.0,0.0,0.0,7.604214668273926
B,1,1,2024-12-27,2025-01-03,0.0,0.0,0.0,7.604214668273926
B,1,1,2025-01-03,2025-01-10,0.0,0.0,0.0,7.604214668273926
B,1,1,2025-01-10,2025-01-17,1.0,0.0,0.0,7.604214668273926
B,1,1,2025-01-17,2025-01-24,0.0,0.0,0.0,7.604214668273926
B,1,1,2025-01-24,2025-01-31,0.0,0.0,0.0,7.604214668273926
B,1,1,2025-01-31,2025-02-07,0.0,0.0,0.0,7.604214668273926
B,1,1,2025-02-07,2025-02-14,0.0,0.0,0.0,7.604214668273926
B,1,1,2025-02-14,2025-02-21,0.0,0.0,0.0,7.604214668273926
B,1,1,2025-02-21,2025-02-28,0.0,0.0,0.0,7.604214668273926
B,1,1,2025-02-28,2025-03-07,0.0,0.0,0.0,7.604214668273926
B,1,1,2025-03-07,2025-03-14,0.0,0.0,0.0,7.604214668273926
B,1,1,2025-03-14,2025-03-21,0.0,0.0,0.0,7.604214668273926
B,1,1,2025-03-21,2025-03-28,0.0,0.0,0.0,7.604214668273926
B,1,1,2025-03-28,2025-04-04,0.0,0.0,0.0,7.604214668273926
B,1,1,2025-04-04,2025-04-11,0.0,0.0,0.0,7.604214668273926
B,1,1,2025-04-11,2025-04-18,0.0,0.0,0.0,7.604214668273926
B,1,1,2025-04-18,2025-04-25,0.0,0.0,0.0,7.604214668273926
B,1,1,2025-04-25,2025-05-02,1.0,0.0,0.0,7.604214668273926
B,1,1,2025-05-02,2025-05-09,0.0,0.0,0.0,7.604214668273926
B,1,1,2025-05-09,2025-05-16,0.0,0.0,0.0,7.604214668273926
B,1,1,2025-05-16,2025-05-23,0.0,0.0,0.0,7.604214668273926
B,1,1,2025-05-23,2025-05-30,0.0,0.0,0.0,7.604214668273926
B,1,1,2025-05-30,2025-06-06,0.0,0.0,0.0,7.604214668273926
B,1,1,2025-06-06,2025-06-13,2.0,0.0,0.0,7.604214668273926
B,1,1,2025-06-13,2025-06-20,0.0,0.0,0.0,7.604214668273926
B,1,1,2025-06-20,2025-06-27,0.0,0.0,0.0,7.604214668273926
B,1,1,2025-06-27,2025-07-04,4.0,0.0,0.0,7.604214668273926
B,1,1,2025-07-04,2025-07-11,0.0,0.1380711793899536,0.0,7.74228572845459
B,1,1,2025-07-11,2025-07-18,3.0,0.8307326436042786,0.0,8.43494701385498
B,1,1,2025-07-18,2025-07-25,4.0,5.19219970703125,3.1125504970550537,12.796414375305176
B,1,1,2025-07-25,2025-08-01,9.0,6.528431415557861,4.448781967163086,14.132646560668945
B,1,1,2025-08-01,2025-08-08,4.0,7.031933307647705,4.95228385925293,14.636148452758789
B,1,1,2025-08-08,2025-08-15,0.0,0.9506485462188721,0.0,5.011122703552246
B,1,1,2025-08-15,2025-08-22,1.0,0.0,0.0,4.0
B,1,1,2025-08-22,2025-08-29,0.0,0.0,0.0,4.0
B,1,2,2023-02-17,2023-03-03,0.0,0.0,0.0,1.0
B,1,2,2023-02-24,2023-03-10,0.0,0.0,0.0,1.0
B,1,2,2023-03-03,2023-03-17,0.0,0.0,0.0,1.0
B,1,2,2023-03-10,2023-03-24,0.0,0.0,0.0,1.0
B,1,2,2023-03-17,2023-03-31,0.0,0.0,0.0,1.0
B,1,2,2023-03-24,2023-04-07,0.0,0.0,0.0,1.0
B,1,2,2023-03-31,2023-04-14,0.0,0.0,0.0,1.0
B,1,2,2023-04-07,2023-04-21,0.0,0.0,0.0,1.0
B,1,2,2023-04-14,2023-04-28,0.0,0.0,0.0,1.0
B,1,2,2023-04-21,2023-05-05,0.0,0.0,0.0,1.0
B,1,2,2023-04-28,2023-05-12,0.0,0.0,0.0,1.0
B,1,2,2023-05-05,2023-05-19,0.0,0.0,0.0,1.0
B,1,2,2023-05-12,2023-05-26,0.0,0.02760336920619011,0.0,1.0276033878326416
B,1,2,2023-05-19,2023-06-02,0.0,0.02218646928668022,0.0,1.022186517715454
B,1,2,2023-05-26,2023-06-09,0.0,0.09421902894973755,0.0,1.0942189693450928
B,1,2,2023-06-02,2023-06-16,0.0,0.035345520824193954,0.0,1.0353455543518066
B,1,2,2023-06-09,2023-06-23,1.0,0.449001669883728,0.00685197114944458,1.449001669883728
B,1,2,2023-06-16,2023-06-30,1.0,0.08207425475120544,0.0,1.0820742845535278
B,1,2,2023-06-23,2023-07-07,0.0,0.26034653186798096,0.0,1.260346531867981
B,1,2,2023-06-30,2023-07-14,0.0,0.18531931936740875,0.0,1.1853193044662476
B,1,2,2023-07-07,2023-07-21,0.0,0.38184624910354614,0.0,1.3818461894989014
B,1,2,2023-07-14,2023-07-28,2.0,1.0799031257629395,0.637753427028656,2.0799031257629395
B,1,2,2023-07-21,2023-08-04,1.0,0.8981459140777588,0.45599621534347534,1.8981459140777588
B,1,2,2023-07-28,2023-08-11,6.0,2.0046260356903076,1.562476396560669,3.0046260356903076
B,1,2,2023-08-04,2023-08-18,2.0,0.36031675338745117,0.0,1.3603167533874512
B,1,2,2023-08-11,2023-08-25,1.0,0.0,0.0,1.0
B,1,2,2023-08-18,2023-09-01,1.0,0.16782605648040771,0.0,1.1678260564804077
B,1,2,2023-08-25,2023-09-08,1.0,0.7809945940971375,0.338844895362854,4.776368618011475
B,1,2,2023-09-01,2023-09-15,2.0,1.5399391651153564,1.158092975616455,5.535313129425049
B,1,2,2023-09-08,2023-09-22,0.0,1.0080862045288086,0.6262399554252625,5.003459930419922
B,1,2,2023-09-15,2023-09-29,1.0,0.3033720850944519,0.0,4.298746109008789
B,1,2,2023-09-22,2023-10-06,2.0,0.49059391021728516,0.10874766111373901,4.485967636108398
B,1,2,2023-09-29,2023-10-13,2.0,0.6895930767059326,0.3077468276023865,4.684967041015625
B,1,2,2023-10-06,2023-10-20,1.0,0.08091183006763458,0.0,4.0762858390808105
B,1,2,2023-10-13,2023-10-27,0.0,0.02664756402373314,0.0,4.022021293640137
B,1,2,2023-10-20,2023-11-03,1.0,0.11249622702598572,0.0,4.107870101928711
B,1,2,2023-10-27,2023-11-10,1.0,0.08001482486724854,0.0,4.0753889083862305
B,1,2,2023-11-03,2023-11-17,1.0,0.03987821564078331,0.0,4.035252094268799
B,1,2,2023-11-10,2023-11-24,0.0,0.0,0.0,3.9953739643096924
B,1,2,2023-11-17,2023-12-01,0.0,0.0,0.0,3.9953739643096924
B,1,2,2023-11-24,2023-12-08,0.0,0.0,0.0,3.9953739643096924
B,1,2,2023-12-01,2023-12-15,0.0,0.0,0.0,3.9953739643096924
B,1,2,2023-12-08,2023-12-22,0.0,0.0,0.0,3.9953739643096924
B,1,2,2023-12-15,2023-12-29,0.0,0.0,0.0,3.9953739643096924
B,1,2,2023-12-22,2024-01-05,0.0,0.15715031325817108,0.0,4.152524471282959
B,1,2,2023-12-29,2024-01-12,0.0,0.0,0.0,3.9953739643096924
B,1,2,2024-01-05,2024-01-19,0.0,0.0,0.0,3.9953739643096924
B,1,2,2024-01-12,2024-01-26,1.0,0.0,0.0,3.9953739643096924
B,1,2,2024-01-19,2024-02-02,0.0,0.0,0.0,3.9953739643096924
B,1,2,2024-01-26,2024-02-09,0.0,0.0,0.0,3.9953739643096924
B,1,2,2024-02-02,2024-02-16,0.0,0.0,0.0,3.9953739643096924
B,1,2,2024-02-09,2024-02-23,0.0,0.0,0.0,3.9953739643096924
B,1,2,2024-02-16,2024-03-01,0.0,0.0,0.0,3.9953739643096924
B,1,2,2024-02-23,2024-03-08,0.0,0.0,0.0,3.9953739643096924
B,1,2,2024-03-01,2024-03-15,0.0,0.0,0.0,3.9953739643096924
B,1,2,2024-03-08,2024-03-22,0.0,0.0,0.0,3.9953739643096924
B,1,2,2024-03-15,2024-03-29,0.0,0.0,0.0,3.9953739643096924
B,1,2,2024-03-22,2024-04-05,0.0,0.0,0.0,3.9953739643096924
B,1,2,2024-03-29,2024-04-12,0.0,0.0,0.0,3.9953739643096924
B,1,2,2024-04-05,2024-04-19,0.0,0.0,0.0,3.9953739643096924
B,1,2,2024-04-12,2024-04-26,0.0,0.0,0.0,3.9953739643096924
B,1,2,2024-04-19,2024-05-03,0.0,0.0,0.0,3.9953739643096924
B,1,2,2024-04-26,2024-05-10,0.0,0.0,0.0,3.9953739643096924
B,1,2,2024-05-03,2024-05-17,0.0,0.0,0.0,3.9953739643096924
B,1,2,2024-05-10,2024-05-24,1.0,0.0,0.0,3.9953739643096924
B,1,2,2024-05-17,2024-05-31,0.0,0.0,0.0,3.9953739643096924
B,1,2,2024-05-24,2024-06-07,0.0,0.4111548066139221,0.0,4.406528949737549
B,1,2,2024-05-31,2024-06-14,0.0,0.05318501219153404,0.0,4.048559188842773
B,1,2,2024-06-07,2024-06-21,0.0,0.20815864205360413,0.0,4.203532695770264
B,1,2,2024-06-14,2024-06-28,0.0,0.34563887119293213,0.0,4.341012954711914
B,1,2,2024-06-21,2024-07-05,1.0,0.6071694493293762,0.0,4.602543354034424
B,1,2,2024-06-28,2024-07-12,0.0,0.43030816316604614,0.0,4.425682067871094
B,1,2,2024-07-05,2024-07-19,0.0,0.40592658519744873,0.0,4.401300430297852
B,1,2,2024-07-12,2024-07-26,8.0,0.4167950749397278,0.0,4.412168979644775
B,1,2,2024-07-19,2024-08-02,7.0,0.9343411922454834,0.0,4.929715156555176
B,1,2,2024-07-26,2024-08-09,6.0,0.9139586091041565,0.0,4.909332752227783
B,1,2,2024-08-02,2024-08-16,2.0,0.9709959030151367,0.0,4.96636962890625
B,1,2,2024-08-09,2024-08-23,2.0,1.235027551651001,0.22694134712219238,8.818232536315918
B,1,2,2024-08-16,2024-08-30,1.0,0.9174980521202087,0.0,8.500702857971191
B,1,2,2024-08-23,2024-09-06,0.0,1.3609464168548584,0.3528602123260498,8.944150924682617
B,1,2,2024-08-30,2024-09-13,2.0,3.4377195835113525,2.429633378982544,11.02092456817627
B,1,2,2024-09-06,2024-09-20,1.0,2.1489145755767822,1.1408283710479736,9.7321195602417
B,1,2,2024-09-13,2024-09-27,1.0,1.4131120443344116,0.405025839805603,8.996316909790039
B,1,2,2024-09-20,2024-10-04,0.0,0.1468174159526825,0.0,7.730021953582764
B,1,2,2024-09-27,2024-10-11,1.0,0.11100289225578308,0.0,7.694207668304443
B,1,2,2024-10-04,2024-10-18,0.0,0.18728642165660858,0.0,7.770491123199463
B,1,2,2024-10-11,2024-10-25,1.0,0.21538682281970978,0.0,7.798591613769531
B,1,2,2024-10-18,2024-11-01,0.0,0.5065386295318604,0.0,8.089743614196777
B,1,2,2024-10-25,2024-11-08,0.0,0.8395773768424988,0.0,8.422781944274902
B,1,2,2024-11-01,2024-11-15,0.0,0.08817213773727417,0.0,7.671376705169678
B,1,2,2024-11-08,2024-11-22,0.0,0.0,0.0,7.583204746246338
B,1,2,2024-11-15,2024-11-29,0.0,0.0,0.0,7.583204746246338
B,1,2,2024-11-22,2024-12-06,0.0,0.0,0.0,7.583204746246338
B,1,2,2024-11-29,2024-12-13,0.0,0.0,0.0,7.583204746246338
B,1,2,2024-12-06,2024-12-20,0.0,0.016910340636968613,0.0,7.6001152992248535
B,1,2,2024-12-13,2024-12-27,0.0,0.0,0.0,7.583204746246338
B,1,2,2024-12-20,2025-01-03,0.0,0.0,0.0,7.583204746246338
B,1,2,2024-12-27,2025-01-10,0.0,0.0,0.0,7.583204746246338
B,1,2,2025-01-03,2025-01-17,1.0,0.0,0.0,7.583204746246338
B,1,2,2025-01-10,2025-01-24,0.0,0.0,0.0,7.583204746246338
B,1,2,2025-01-17,2025-01-31,0.0,0.0,0.0,7.583204746246338
B,1,2,2025-01-24,2025-02-07,0.0,0.0,0.0,7.583204746246338
B,1,2,2025-01-31,2025-02-14,0.0,0.0,0.0,7.583204746246338
B,1,2,2025-02-07,2025-02-21,0.0,0.0,0.0,7.583204746246338
B,1,2,2025-02-14,2025-02-28,0.0,0.0,0.0,7.583204746246338
B,1,2,2025-02-21,2025-03-07,0.0,0.0,0.0,7.583204746246338
B,1,2,2025-02-28,2025-03-14,0.0,0.0,0.0,7.583204746246338
B,1,2,2025-03-07,2025-03-21,0.0,0.0,0.0,7.583204746246338
B,1,2,2025-03-14,2025-03-28,0.0,0.0,0.0,7.583204746246338
B,1,2,2025-03-21,2025-04-04,0.0,0.0,0.0,7.583204746246338
B,1,2,2025-03-28,2025-04-11,0.0,0.0,0.0,7.583204746246338
B,1,2,2025-04-04,2025-04-18,0.0,0.0,0.0,7.583204746246338
B,1,2,2025-04-11,2025-04-25,0.0,0.0,0.0,7.583204746246338
B,1,2,2025-04-18,2025-05-02,1.0,0.0,0.0,7.583204746246338
B,1,2,2025-04-25,2025-05-09,0.0,0.0,0.0,7.583204746246338
B,1,2,2025-05-02,2025-05-16,0.0,0.0,0.0,7.583204746246338
B,1,2,2025-05-09,2025-05-23,0.0,0.0,0.0,7.583204746246338
B,1,2,2025-05-16,2025-05-30,0.0,0.0,0.0,7.583204746246338
B,1,2,2025-05-23,2025-06-06,0.0,0.0,0.0,7.583204746246338
B,1,2,2025-05-30,2025-06-13,2.0,0.18536736071109772,0.0,7.7685723304748535
B,1,2,2025-06-06,2025-06-20,0.0,0.31697753071784973,0.0,7.900182247161865
B,1,2,2025-06-13,2025-06-27,0.0,0.0,0.0,7.583204746246338
B,1,2,2025-06-20,2025-07-04,4.0,0.19873467087745667,0.0,7.781939506530762
B,1,2,2025-06-27,2025-07-11,0.0,0.5484578609466553,0.0,8.131662368774414
B,1,2,2025-07-04,2025-07-18,3.0,2.237842321395874,0.8001227378845215,9.821046829223633
B,1,2,2025-07-11,2025-07-25,4.0,1.9792683124542236,0.5415487289428711,9.56247329711914
B,1,2,2025-07-18,2025-08-01,9.0,3.840866804122925,2.4031472206115723,11.424071311950684
B,1,2,2025-07-25,2025-08-08,4.0,3.625291109085083,2.1875715255737305,11.20849609375
B,1,2,2025-08-01,2025-08-15,0.0,2.7765519618988037,1.3388323783874512,10.359756469726562
B,1,2,2025-08-08,2025-08-22,1.0,0.3499719500541687,0.0,6.415630340576172
B,1,2,2025-08-15,2025-08-29,0.0,0.6716272234916687,0.0,5.8307600021362305
B,1,2,2025-08-22,2025-09-05,,1.629711627960205,0.19199204444885254,6.788844585418701
B,1,4,2023-02-17,2023-03-17,0.0,0.0,0.0,1.0
B,1,4,2023-02-24,2023-03-24,0.0,0.0,0.0,1.0
B,1,4,2023-03-03,2023-03-31,0.0,0.0,0.0,1.0
B,1,4,2023-03-10,2023-04-07,0.0,0.0,0.0,1.0
B,1,4,2023-03-17,2023-04-14,0.0,0.0,0.0,1.0
B,1,4,2023-03-24,2023-04-21,0.0,0.0,0.0,1.0
B,1,4,2023-03-31,2023-04-28,0.0,0.0,0.0,1.0
B,1,4,2023-04-07,2023-05-05,0.0,0.0,0.0,1.0
B,1,4,2023-04-14,2023-05-12,0.0,0.0,0.0,1.0
B,1,4,2023-04-21,2023-05-19,0.0,0.0,0.0,1.0
B,1,4,2023-04-28,2023-05-26,0.0,0.0,0.0,1.0
B,1,4,2023-05-05,2023-06-02,0.0,0.49865803122520447,0.0,1.4986580610275269
B,1,4,2023-05-12,2023-06-09,0.0,0.40314894914627075,0.0,1.403148889541626
B,1,4,2023-05-19,2023-06-16,0.0,0.0,0.0,1.0
B,1,4,2023-05-26,2023-06-23,1.0,0.3784058392047882,0.0,1.3784058094024658
B,1,4,2023-06-02,2023-06-30,1.0,0.41331997513771057,0.0,1.4133199453353882
B,1,4,2023-06-09,2023-07-07,0.0,0.5100401639938354,0.0,1.5100401639938354
B,1,4,2023-06-16,2023-07-14,0.0,0.1868041455745697,0.0,1.186804175376892
B,1,4,2023-06-23,2023-07-21,0.0,1.4612374305725098,0.483548641204834,2.4612374305725098
B,1,4,2023-06-30,2023-07-28,2.0,1.3590244054794312,0.38133561611175537,2.3590245246887207
B,1,4,2023-07-07,2023-08-04,1.0,1.9260780811309814,0.9483892917633057,2.9260780811309814
B,1,4,2023-07-14,2023-08-11,6.0,1.8563792705535889,0.8786904811859131,2.856379270553589
B,1,4,2023-07-21,2023-08-18,2.0,0.2843458354473114,0.0,1.2843458652496338
B,1,4,2023-07-28,2023-08-25,1.0,0.8411760330200195,0.0,1.8411760330200195
B,1,4,2023-08-04,2023-09-01,1.0,0.6792188882827759,0.0,1.6792188882827759
B,1,4,2023-08-11,2023-09-08,1.0,1.0226027965545654,0.0,2.0226027965545654
B,1,4,2023-08-18,2023-09-15,2.0,1.4654306173324585,0.0041931867599487305,2.465430736541748
B,1,4,2023-08-25,2023-09-22,0.0,1.0868040323257446,0.0,5.230424404144287
B,1,4,2023-09-01,2023-09-29,1.0,1.3738096952438354,0.0,5.517430305480957
B,1,4,2023-09-08,2023-10-06,2.0,1.0872963666915894,0.0,5.230916976928711
B,1,4,2023-09-15,2023-10-13,2.0,0.6058267951011658,0.0,4.749447345733643
B,1,4,2023-09-22,2023-10-20,1.0,0.6830751299858093,0.0,4.826695442199707
B,1,4,2023-09-29,2023-10-27,0.0,0.3279089629650116,0.0,4.471529483795166
B,1,4,2023-10-06,2023-11-03,1.0,0.1788875013589859,0.0,4.322507858276367
B,1,4,2023-10-13,2023-11-10,1.0,0.30520936846733093,0.0,4.448829650878906
B,1,4,2023-10-20,2023-11-17,1.0,0.0,0.0,4.143620491027832
B,1,4,2023-10-27,2023-11-24,0.0,0.026707982644438744,0.0,4.170328617095947
B,1,4,2023-11-03,2023-12-01,0.0,0.0,0.0,4.143620491027832
B,1,4,2023-11-10,2023-12-08,0.0,0.0,0.0,4.143620491027832
B,1,4,2023-11-17,2023-12-15,0.0,0.0,0.0,4.143620491027832
B,1,4,2023-11-24,2023-12-22,0.0,0.0,0.0,4.143620491027832
B,1,4,2023-12-01,2023-12-29,0.0,0.0,0.0,4.143620491027832
B,1,4,2023-12-08,2024-01-05,0.0,0.0,0.0,4.143620491027832
B,1,4,2023-12-15,2024-01-12,0.0,0.035858094692230225,0.0,4.179478645324707
B,1,4,2023-12-22,2024-01-19,0.0,0.0,0.0,4.143620491027832
B,1,4,2023-12-29,2024-01-26,1.0,0.0,0.0,4.143620491027832
B,1,4,2024-01-05,2024-02-02,0.0,0.0,0.0,4.143620491027832
B,1,4,2024-01-12,2024-02-09,0.0,0.0,0.0,4.143620491027832
B,1,4,2024-01-19,2024-02-16,0.0,0.0,0.0,4.143620491027832
B,1,4,2024-01-26,2024-02-23,0.0,0.0,0.0,4.143620491027832
B,1,4,2024-02-02,2024-03-01,0.0,0.0,0.0,4.143620491027832
B,1,4,2024-02-09,2024-03-08,0.0,0.0,0.0,4.143620491027832
B,1,4,2024-02-16,2024-03-15,0.0,0.0,0.0,4.143620491027832
B,1,4,2024-02-23,2024-03-22,0.0,0.0,0.0,4.143620491027832
B,1,4,2024-03-01,2024-03-29,0.0,0.0,0.0,4.143620491027832
B,1,4,2024-03-08,2024-04-05,0.0,0.0,0.0,4.143620491027832
B,1,4,2024-03-15,2024-04-12,0.0,0.0,0.0,4.143620491027832
B,1,4,2024-03-22,2024-04-19,0.0,0.0,0.0,4.143620491027832
B,1,4,2024-03-29,2024-04-26,0.0,0.0,0.0,4.143620491027832
B,1,4,2024-04-05,2024-05-03,0.0,0.0,0.0,4.143620491027832
B,1,4,2024-04-12,2024-05-10,0.0,0.0,0.0,4.143620491027832
B,1,4,2024-04-19,2024-05-17,0.0,0.0,0.0,4.143620491027832
B,1,4,2024-04-26,2024-05-24,1.0,0.0,0.0,4.143620491027832
B,1,4,2024-05-03,2024-05-31,0.0,0.0,0.0,4.143620491027832
B,1,4,2024-05-10,2024-06-07,0.0,0.3710471987724304,0.0,4.514667510986328
B,1,4,2024-05-17,2024-06-14,0.0,0.06152040511369705,0.0,4.205141067504883
B,1,4,2024-05-24,2024-06-21,0.0,0.18919169902801514,0.0,4.332812309265137
B,1,4,2024-05-31,2024-06-28,0.0,0.12009043991565704,0.0,4.263710975646973
B,1,4,2024-06-07,2024-07-05,1.0,0.7264860272407532,0.0,4.8701066970825195
B,1,4,2024-06-14,2024-07-12,0.0,1.8959041833877563,0.4346667528152466,6.039524555206299
B,1,4,2024-06-21,2024-07-19,0.0,2.79020619392395,1.3289687633514404,6.933826446533203
B,1,4,2024-06-28,2024-07-26,8.0,1.6689581871032715,0.20772075653076172,5.8125786781311035
B,1,4,2024-07-05,2024-08-02,7.0,1.3373907804489136,0.0,5.481011390686035
B,1,4,2024-07-12,2024-08-09,6.0,1.3611968755722046,0.0,5.504817485809326
B,1,4,2024-07-19,2024-08-16,2.0,0.8927140235900879,0.0,5.03633451461792
B,1,4,2024-07-26,2024-08-23,2.0,1.3477193117141724,0.0,5.491339683532715
B,1,4,2024-08-02,2024-08-30,1.0,2.665409564971924,0.0,6.809030055999756
B,1,4,2024-08-09,2024-09-06,0.0,3.3765952587127686,0.5863890647888184,9.707636833190918
B,1,4,2024-08-16,2024-09-13,2.0,3.8698415756225586,1.0796353816986084,10.200883865356445
B,1,4,2024-08-23,2024-09-20,1.0,3.7024128437042236,0.9122066497802734,10.033454895019531
B,1,4,2024-08-30,2024-09-27,1.0,2.8925068378448486,0.10230064392089844,9.223548889160156
B,1,4,2024-09-06,2024-10-04,0.0,1.2013702392578125,0.0,7.532412052154541
B,1,4,2024-09-13,2024-10-11,1.0,0.36040768027305603,0.0,6.6914496421813965
B,1,4,2024-09-20,2024-10-18,0.0,0.0,0.0,6.3310418128967285
B,1,4,2024-09-27,2024-10-25,1.0,0.0,0.0,6.3310418128967285
B,1,4,2024-10-04,2024-11-01,0.0,0.0,0.0,6.3310418128967285
B,1,4,2024-10-11,2024-11-08,0.0,0.0,0.0,6.3310418128967285
B,1,4,2024-10-18,2024-11-15,0.0,0.0,0.0,6.3310418128967285
B,1,4,2024-10-25,2024-11-22,0.0,0.0,0.0,6.3310418128967285
B,1,4,2024-11-01,2024-11-29,0.0,0.0,0.0,6.3310418128967285
B,1,4,2024-11-08,2024-12-06,0.0,0.0,0.0,6.3310418128967285
B,1,4,2024-11-15,2024-12-13,0.0,0.0,0.0,6.3310418128967285
B,1,4,2024-11-22,2024-12-20,0.0,0.0,0.0,6.3310418128967285
B,1,4,2024-11-29,2024-12-27,0.0,0.0,0.0,6.3310418128967285
B,1,4,2024-12-06,2025-01-03,0.0,0.0,0.0,6.3310418128967285
B,1,4,2024-12-13,2025-01-10,0.0,0.0,0.0,6.3310418128967285
B,1,4,2024-12-20,2025-01-17,1.0,0.0,0.0,6.3310418128967285
B,1,4,2024-12-27,2025-01-24,0.0,0.0,0.0,6.3310418128967285
B,1,4,2025-01-03,2025-01-31,0.0,0.0,0.0,6.3310418128967285
B,1,4,2025-01-10,2025-02-07,0.0,0.0,0.0,6.3310418128967285
B,1,4,2025-01-17,2025-02-14,0.0,0.0,0.0,6.3310418128967285
B,1,4,2025-01-24,2025-02-21,0.0,0.0,0.0,6.3310418128967285
B,1,4,2025-01-31,2025-02-28,0.0,0.0,0.0,6.3310418128967285
B,1,4,2025-02-07,2025-03-07,0.0,0.0,0.0,6.3310418128967285
B,1,4,2025-02-14,2025-03-14,0.0,0.0,0.0,6.3310418128967285
B,1,4,2025-02-21,2025-03-21,0.0,0.0,0.0,6.3310418128967285
B,1,4,2025-02-28,2025-03-28,0.0,0.0,0.0,6.3310418128967285
B,1,4,2025-03-07,2025-04-04,0.0,0.0,0.0,6.3310418128967285
B,1,4,2025-03-14,2025-04-11,0.0,0.0,0.0,6.3310418128967285
B,1,4,2025-03-21,2025-04-18,0.0,0.0,0.0,6.3310418128967285
B,1,4,2025-03-28,2025-04-25,0.0,0.0,0.0,6.3310418128967285
B,1,4,2025-04-04,2025-05-02,1.0,0.0,0.0,6.3310418128967285
B,1,4,2025-04-11,2025-05-09,0.0,0.0,0.0,6.3310418128967285
B,1,4,2025-04-18,2025-05-16,0.0,0.0,0.0,6.3310418128967285
B,1,4,2025-04-25,2025-05-23,0.0,0.0,0.0,6.3310418128967285
B,1,4,2025-05-02,2025-05-30,0.0,0.0,0.0,6.3310418128967285
B,1,4,2025-05-09,2025-06-06,0.0,0.0,0.0,6.3310418128967285
B,1,4,2025-05-16,2025-06-13,2.0,0.07589253038167953,0.0,6.4069342613220215
B,1,4,2025-05-23,2025-06-20,0.0,0.0,0.0,6.3310418128967285
B,1,4,2025-05-30,2025-06-27,0.0,0.1240367740392685,0.0,6.455078601837158
B,1,4,2025-06-06,2025-07-04,4.0,0.0,0.0,6.3310418128967285
B,1,4,2025-06-13,2025-07-11,0.0,0.35415542125701904,0.0,6.685197353363037
B,1,4,2025-06-20,2025-07-18,3.0,1.9277012348175049,0.0,8.258743286132812
B,1,4,2025-06-27,2025-07-25,4.0,2.3558859825134277,0.0,8.686927795410156
B,1,4,2025-07-04,2025-08-01,9.0,3.42170786857605,0.04511260986328125,9.7527494430542
B,1,4,2025-07-11,2025-08-08,4.0,2.493516445159912,0.0,8.82455825805664
B,1,4,2025-07-18,2025-08-15,0.0,3.185814619064331,0.0,9.51685619354248
B,1,4,2025-07-25,2025-08-22,1.0,1.2405537366867065,0.0,7.571595668792725
B,1,4,2025-08-01,2025-08-29,0.0,1.4023984670639038,0.0,7.733440399169922
B,1,4,2025-08-08,2025-09-05,,2.2655131816864014,0.0,7.928122520446777
B,1,4,2025-08-15,2025-09-12,,1.1950613260269165,0.0,6.773353099822998
B,1,4,2025-08-22,2025-09-19,,0.8004412651062012,0.0,6.378733158111572
B,1,8,2023-02-17,2023-04-14,0.0,0.0,0.0,1.0
B,1,8,2023-02-24,2023-04-21,0.0,0.0,0.0,1.0
B,1,8,2023-03-03,2023-04-28,0.0,0.0,0.0,1.0
B,1,8,2023-03-10,2023-05-05,0.0,0.0,0.0,1.0
B,1,8,2023-03-17,2023-05-12,0.0,0.0,0.0,1.0
B,1,8,2023-03-24,2023-05-19,0.0,0.0,0.0,1.0
B,1,8,2023-03-31,2023-05-26,0.0,0.0,0.0,1.0
B,1,8,2023-04-07,2023-06-02,0.0,0.0,0.0,1.0
B,1,8,2023-04-14,2023-06-09,0.0,0.057892583310604095,0.0,1.0578925609588623
B,1,8,2023-04-21,2023-06-16,0.0,0.0,0.0,1.0
B,1,8,2023-04-28,2023-06-23,1.0,0.0,0.0,1.0
B,1,8,2023-05-05,2023-06-30,1.0,0.07790455222129822,0.0,1.0779045820236206
B,1,8,2023-05-12,2023-07-07,0.0,0.5298415422439575,0.0,1.5298415422439575
B,1,8,2023-05-19,2023-07-14,0.0,0.5198874473571777,0.0,1.5198874473571777
B,1,8,2023-05-26,2023-07-21,0.0,0.764652669429779,0.0,1.7646527290344238
B,1,8,2023-06-02,2023-07-28,2.0,0.9265531301498413,0.0,1.9265531301498413
B,1,8,2023-06-09,2023-08-04,1.0,1.733119010925293,0.2589285373687744,2.733119010925293
B,1,8,2023-06-16,2023-08-11,6.0,2.585695743560791,1.1115052700042725,3.585695743560791
B,1,8,2023-06-23,2023-08-18,2.0,1.3449387550354004,0.0,2.3449387550354004
B,1,8,2023-06-30,2023-08-25,1.0,2.682203769683838,1.2080132961273193,3.682203769683838
B,1,8,2023-07-07,2023-09-01,1.0,1.1732983589172363,0.0,2.1732983589172363
B,1,8,2023-07-14,2023-09-08,1.0,1.4057621955871582,0.27990078926086426,2.405762195587158
B,1,8,2023-07-21,2023-09-15,2.0,0.717133641242981,0.0,1.717133641242981
B,1,8,2023-07-28,2023-09-22,0.0,2.084897041320801,0.9590356349945068,3.084897041320801
B,1,8,2023-08-04,2023-09-29,1.0,3.1389667987823486,2.0131053924560547,4.1389665603637695
B,1,8,2023-08-11,2023-10-06,2.0,1.5930724143981934,0.4672110080718994,2.6665191650390625
B,1,8,2023-08-18,2023-10-13,2.0,0.7169610857963562,0.0,1.7904078960418701
B,1,8,2023-08-25,2023-10-20,1.0,0.0667429268360138,0.0,3.4810471534729004
B,1,8,2023-09-01,2023-10-27,0.0,0.006308414041996002,0.0,3.4206125736236572
B,1,8,2023-09-08,2023-11-03,1.0,0.1233648806810379,0.0,3.5376691818237305
B,1,8,2023-09-15,2023-11-10,1.0,0.28888139128685,0.0,3.703185558319092
B,1,8,2023-09-22,2023-11-17,1.0,0.24399061501026154,0.0,3.658294916152954
B,1,8,2023-09-29,2023-11-24,0.0,0.0,0.0,3.414304256439209
B,1,8,2023-10-06,2023-12-01,0.0,0.0,0.0,3.414304256439209
B,1,8,2023-10-13,2023-12-08,0.0,0.0,0.0,3.414304256439209
B,1,8,2023-10-20,2023-12-15,0.0,0.0,0.0,3.414304256439209
B,1,8,2023-10-27,2023-12-22,0.0,0.0,0.0,3.414304256439209
B,1,8,2023-11-03,2023-12-29,0.0,0.0,0.0,3.414304256439209
B,1,8,2023-11-10,2024-01-05,0.0,0.12933078408241272,0.0,3.543635129928589
B,1,8,2023-11-17,2024-01-12,0.0,0.0,0.0,3.414304256439209
B,1,8,2023-11-24,2024-01-19,0.0,0.0,0.0,3.414304256439209
B,1,8,2023-12-01,2024-01-26,1.0,0.0,0.0,3.414304256439209
B,1,8,2023-12-08,2024-02-02,0.0,0.0,0.0,3.414304256439209
B,1,8,2023-12-15,2024-02-09,0.0,0.0,0.0,3.414304256439209
B,1,8,2023-12-22,2024-02-16,0.0,0.0,0.0,3.414304256439209
B,1,8,2023-12-29,2024-02-23,0.0,0.0,0.0,3.414304256439209
B,1,8,2024-01-05,2024-03-01,0.0,0.0,0.0,3.414304256439209
B,1,8,2024-01-12,2024-03-08,0.0,0.0,0.0,3.414304256439209
B,1,8,2024-01-19,2024-03-15,0.0,0.0,0.0,3.414304256439209
B,1,8,2024-01-26,2024-03-22,0.0,0.0,0.0,3.414304256439209
B,1,8,2024-02-02,2024-03-29,0.0,0.0,0.0,3.414304256439209
B,1,8,2024-02-09,2024-04-05,0.0,0.0,0.0,3.414304256439209
B,1,8,2024-02-16,2024-04-12,0.0,0.0,0.0,3.414304256439209
B,1,8,2024-02-23,2024-04-19,0.0,0.0,0.0,3.414304256439209
B,1,8,2024-03-01,2024-04-26,0.0,0.0,0.0,3.414304256439209
B,1,8,2024-03-08,2024-05-03,0.0,0.0,0.0,3.414304256439209
B,1,8,2024-03-15,2024-05-10,0.0,0.0,0.0,3.414304256439209
B,1,8,2024-03-22,2024-05-17,0.0,0.10562850534915924,0.0,3.519932746887207
B,1,8,2024-03-29,2024-05-24,1.0,0.20968198776245117,0.0,3.62398624420166
B,1,8,2024-04-05,2024-05-31,0.0,0.36616626381874084,0.0,3.780470609664917
B,1,8,2024-04-12,2024-06-07,0.0,0.49329081177711487,0.0,3.907595157623291
B,1,8,2024-04-19,2024-06-14,0.0,0.39904966950416565,0.0,3.813354015350342
B,1,8,2024-04-26,2024-06-21,0.0,0.17880314588546753,0.0,3.5931074619293213
B,1,8,2024-05-03,2024-06-28,0.0,0.2523502707481384,0.0,3.666654586791992
B,1,8,2024-05-10,2024-07-05,1.0,0.4843136668205261,0.0,3.89861798286438
B,1,8,2024-05-17,2024-07-12,0.0,0.8520511984825134,0.0,4.266355514526367
B,1,8,2024-05-24,2024-07-19,0.0,1.5052719116210938,0.0,4.919576168060303
B,1,8,2024-05-31,2024-07-26,8.0,0.9027596712112427,0.0,4.317063808441162
B,1,8,2024-06-07,2024-08-02,7.0,1.0638830661773682,0.0,4.478187561035156
B,1,8,2024-06-14,2024-08-09,6.0,2.5589640140533447,0.4199972152709961,5.973268508911133
B,1,8,2024-06-21,2024-08-16,2.0,1.585179090499878,0.0,4.999483108520508
B,1,8,2024-06-28,2024-08-23,2.0,1.5809614658355713,0.0,4.995265960693359
B,1,8,2024-07-05,2024-08-30,1.0,2.213151216506958,0.07418441772460938,5.627455711364746
B,1,8,2024-07-12,2024-09-06,0.0,2.8027002811431885,0.6637334823608398,6.217004776000977
B,1,8,2024-07-19,2024-09-13,2.0,3.574354410171509,1.4353876113891602,6.988658905029297
B,1,8,2024-07-26,2024-09-20,1.0,3.2720072269439697,1.133040428161621,6.686311721801758
B,1,8,2024-08-02,2024-09-27,1.0,3.7302021980285645,1.5912353992462158,7.144506454467773
B,1,8,2024-08-09,2024-10-04,0.0,4.876317024230957,2.7373502254486084,11.973557472229004
B,1,8,2024-08-16,2024-10-11,1.0,1.1413097381591797,0.0,8.238550186157227
B,1,8,2024-08-23,2024-10-18,0.0,0.8959060907363892,0.0,7.9931464195251465
B,1,8,2024-08-30,2024-10-25,1.0,1.8736023902893066,0.0,8.970842361450195
B,1,8,2024-09-06,2024-11-01,0.0,1.5539848804473877,0.0,8.651225090026855
B,1,8,2024-09-13,2024-11-08,0.0,1.2954580783843994,0.0,8.392698287963867
B,1,8,2024-09-20,2024-11-15,0.0,0.2514662742614746,0.0,7.3487067222595215
B,1,8,2024-09-27,2024-11-22,0.0,0.0,0.0,7.097240447998047
B,1,8,2024-10-04,2024-11-29,0.0,0.0,0.0,7.097240447998047
B,1,8,2024-10-11,2024-12-06,0.0,0.0,0.0,7.097240447998047
B,1,8,2024-10-18,2024-12-13,0.0,0.023320622742176056,0.0,7.120561122894287
B,1,8,2024-10-25,2024-12-20,0.0,0.040339455008506775,0.0,7.137579917907715
B,1,8,2024-11-01,2024-12-27,0.0,0.0,0.0,7.097240447998047
B,1,8,2024-11-08,2025-01-03,0.0,0.0,0.0,7.097240447998047
B,1,8,2024-11-15,2025-01-10,0.0,0.0,0.0,7.097240447998047
B,1,8,2024-11-22,2025-01-17,1.0,0.0,0.0,7.097240447998047
B,1,8,2024-11-29,2025-01-24,0.0,0.0,0.0,7.097240447998047
B,1,8,2024-12-06,2025-01-31,0.0,0.0,0.0,7.097240447998047
B,1,8,2024-12-13,2025-02-07,0.0,0.0,0.0,7.097240447998047
B,1,8,2024-12-20,2025-02-14,0.0,0.0,0.0,7.097240447998047
B,1,8,2024-12-27,2025-02-21,0.0,0.0,0.0,7.097240447998047
B,1,8,2025-01-03,2025-02-28,0.0,0.0,0.0,7.097240447998047
B,1,8,2025-01-10,2025-03-07,0.0,0.0,0.0,7.097240447998047
B,1,8,2025-01-17,2025-03-14,0.0,0.0,0.0,7.097240447998047
B,1,8,2025-01-24,2025-03-21,0.0,0.0,0.0,7.097240447998047
B,1,8,2025-01-31,2025-03-28,0.0,0.0,0.0,7.097240447998047
B,1,8,2025-02-07,2025-04-04,0.0,0.0,0.0,7.097240447998047
B,1,8,2025-02-14,2025-04-11,0.0,0.0,0.0,7.097240447998047
B,1,8,2025-02-21,2025-04-18,0.0,0.0,0.0,7.097240447998047
B,1,8,2025-02-28,2025-04-25,0.0,0.0,0.0,7.097240447998047
B,1,8,2025-03-07,2025-05-02,1.0,0.0,0.0,7.097240447998047
B,1,8,2025-03-14,2025-05-09,0.0,0.0,0.0,7.097240447998047
B,1,8,2025-03-21,2025-05-16,0.0,0.0,0.0,7.097240447998047
B,1,8,2025-03-28,2025-05-23,0.0,0.0,0.0,7.097240447998047
B,1,8,2025-04-04,2025-05-30,0.0,0.0,0.0,7.097240447998047
B,1,8,2025-04-11,2025-06-06,0.0,0.0,0.0,7.097240447998047
B,1,8,2025-04-18,2025-06-13,2.0,0.0,0.0,7.097240447998047
B,1,8,2025-04-25,2025-06-20,0.0,0.0,0.0,7.097240447998047
B,1,8,2025-05-02,2025-06-27,0.0,0.11094185709953308,0.0,7.208182334899902
B,1,8,2025-05-09,2025-07-04,4.0,0.14253152906894684,0.0,7.239771842956543
B,1,8,2025-05-16,2025-07-11,0.0,0.4461296498775482,0.0,7.543370246887207
B,1,8,2025-05-23,2025-07-18,3.0,0.8121282458305359,0.0,7.909368515014648
B,1,8,2025-05-30,2025-07-25,4.0,0.738427460193634,0.0,7.835668087005615
B,1,8,2025-06-06,2025-08-01,9.0,1.219637393951416,0.0,8.316877365112305
B,1,8,2025-06-13,2025-08-08,4.0,0.47273701429367065,0.0,7.569977283477783
B,1,8,2025-06-20,2025-08-15,0.0,0.8329900503158569,0.0,7.930230617523193
B,1,8,2025-06-27,2025-08-22,1.0,1.0815198421478271,0.0,8.178760528564453
B,1,8,2025-07-04,2025-08-29,0.0,0.6595498919487,0.0,7.7567901611328125
B,1,8,2025-07-11,2025-09-05,,1.1255261898040771,0.0,8.222766876220703
B,1,8,2025-07-18,2025-09-12,,2.1263089179992676,0.0,9.223548889160156
B,1,8,2025-07-25,2025-09-19,,1.319141149520874,0.0,8.4163818359375
B,1,8,2025-08-01,2025-09-26,,0.38535478711128235,0.0,7.482595443725586
B,1,8,2025-08-08,2025-10-03,,0.0,0.0,5.936117172241211
B,1,8,2025-08-15,2025-10-10,,0.0,0.0,7.780362606048584
B,1,8,2025-08-22,2025-10-17,,0.0,0.0,7.780362606048584
B,1,12,2023-02-17,2023-05-12,0.0,0.0,0.0,1.0
B,1,12,2023-02-24,2023-05-19,0.0,0.0,0.0,1.0
B,1,12,2023-03-03,2023-05-26,0.0,0.0,0.0,1.0
B,1,12,2023-03-10,2023-06-02,0.0,0.0,0.0,1.0
B,1,12,2023-03-17,2023-06-09,0.0,0.0,0.0,1.0
B,1,12,2023-03-24,2023-06-16,0.0,0.0,0.0,1.0
B,1,12,2023-03-31,2023-06-23,1.0,0.0,0.0,1.0
B,1,12,2023-04-07,2023-06-30,1.0,0.0,0.0,1.0
B,1,12,2023-04-14,2023-07-07,0.0,0.0,0.0,1.0
B,1,12,2023-04-21,2023-07-14,0.0,0.0,0.0,1.0
B,1,12,2023-04-28,2023-07-21,0.0,0.0,0.0,1.0
B,1,12,2023-05-05,2023-07-28,2.0,0.0,0.0,1.0
B,1,12,2023-05-12,2023-08-04,1.0,0.0,0.0,1.0
B,1,12,2023-05-19,2023-08-11,6.0,0.0,0.0,1.0
B,1,12,2023-05-26,2023-08-18,2.0,0.0,0.0,1.0
B,1,12,2023-06-02,2023-08-25,1.0,0.0,0.0,1.0
B,1,12,2023-06-09,2023-09-01,1.0,0.0,0.0,1.0
B,1,12,2023-06-16,2023-09-08,1.0,0.0,0.0,1.0
B,1,12,2023-06-23,2023-09-15,2.0,0.0,0.0,1.0
B,1,12,2023-06-30,2023-09-22,0.0,0.0,0.0,1.0
B,1,12,2023-07-07,2023-09-29,1.0,0.0,0.0,1.0
B,1,12,2023-07-14,2023-10-06,2.0,0.0,0.0,1.0
B,1,12,2023-07-21,2023-10-13,2.0,0.0,0.0,1.0
B,1,12,2023-07-28,2023-10-20,1.0,0.0,0.0,1.0
B,1,12,2023-08-04,2023-10-27,0.0,0.0,0.0,1.0
B,1,12,2023-08-11,2023-11-03,1.0,0.0,0.0,2.0
B,1,12,2023-08-18,2023-11-10,1.0,0.0,0.0,2.0
B,1,12,2023-08-25,2023-11-17,1.0,0.0,0.0,6.0
B,1,12,2023-09-01,2023-11-24,0.0,0.0,0.0,6.0
B,1,12,2023-09-08,2023-12-01,0.0,0.0,0.0,6.0
B,1,12,2023-09-15,2023-12-08,0.0,0.0,0.0,6.0
B,1,12,2023-09-22,2023-12-15,0.0,0.0,0.0,6.0
B,1,12,2023-09-29,2023-12-22,0.0,0.0,0.0,6.0
B,1,12,2023-10-06,2023-12-29,0.0,0.0,0.0,6.0
B,1,12,2023-10-13,2024-01-05,0.0,0.0,0.0,6.0
B,1,12,2023-10-20,2024-01-12,0.0,0.0,0.0,6.0
B,1,12,2023-10-27,2024-01-19,0.0,0.0,0.0,6.0
B,1,12,2023-11-03,2024-01-26,1.0,0.0,0.0,6.0
B,1,12,2023-11-10,2024-02-02,0.0,0.0,0.0,6.0
B,1,12,2023-11-17,2024-02-09,0.0,0.0,0.0,6.0
B,1,12,2023-11-24,2024-02-16,0.0,0.0,0.0,6.0
B,1,12,2023-12-01,2024-02-23,0.0,0.0,0.0,6.0
B,1,12,2023-12-08,2024-03-01,0.0,0.0,0.0,6.0
B,1,12,2023-12-15,2024-03-08,0.0,0.0,0.0,6.0
B,1,12,2023-12-22,2024-03-15,0.0,0.0,0.0,6.0
B,1,12,2023-12-29,2024-03-22,0.0,0.0,0.0,6.0
B,1,12,2024-01-05,2024-03-29,0.0,0.0,0.0,6.0
B,1,12,2024-01-12,2024-04-05,0.0,0.0,0.0,6.0
B,1,12,2024-01-19,2024-04-12,0.0,0.0,0.0,6.0
B,1,12,2024-01-26,2024-04-19,0.0,0.0,0.0,6.0
B,1,12,2024-02-02,2024-04-26,0.0,0.0,0.0,6.0
B,1,12,2024-02-09,2024-05-03,0.0,0.0,0.0,6.0
B,1,12,2024-02-16,2024-05-10,0.0,0.0,0.0,6.0
B,1,12,2024-02-23,2024-05-17,0.0,0.0,0.0,6.0
B,1,12,2024-03-01,2024-05-24,1.0,0.0,0.0,6.0
B,1,12,2024-03-08,2024-05-31,0.0,0.0,0.0,6.0
B,1,12,2024-03-15,2024-06-07,0.0,0.0,0.0,6.0
B,1,12,2024-03-22,2024-06-14,0.0,0.0,0.0,6.0
B,1,12,2024-03-29,2024-06-21,0.0,0.0,0.0,6.0
B,1,12,2024-04-05,2024-06-28,0.0,0.0,0.0,6.0
B,1,12,2024-04-12,2024-07-05,1.0,0.0,0.0,6.0
B,1,12,2024-04-19,2024-07-12,0.0,0.0,0.0,6.0
B,1,12,2024-04-26,2024-07-19,0.0,0.0,0.0,6.0
B,1,12,2024-05-03,2024-07-26,8.0,0.0,0.0,6.0
B,1,12,2024-05-10,2024-08-02,7.0,0.0,0.0,6.0
B,1,12,2024-05-17,2024-08-09,6.0,0.0,0.0,6.0
B,1,12,2024-05-24,2024-08-16,2.0,0.0,0.0,6.0
B,1,12,2024-05-31,2024-08-23,2.0,0.0,0.0,6.0
B,1,12,2024-06-07,2024-08-30,1.0,0.0,0.0,6.0
B,1,12,2024-06-14,2024-09-06,0.0,0.0,0.0,6.0
B,1,12,2024-06-21,2024-09-13,2.0,0.0,0.0,6.0
B,1,12,2024-06-28,2024-09-20,1.0,0.0,0.0,6.0
B,1,12,2024-07-05,2024-09-27,1.0,0.0,0.0,6.0
B,1,12,2024-07-12,2024-10-04,0.0,0.0,0.0,6.0
B,1,12,2024-07-19,2024-10-11,1.0,0.0,0.0,6.0
B,1,12,2024-07-26,2024-10-18,0.0,0.0,0.0,6.0
B,1,12,2024-08-02,2024-10-25,1.0,0.0,0.0,6.0
B,1,12,2024-08-09,2024-11-01,0.0,0.0,0.0,8.0
B,1,12,2024-08-16,2024-11-08,0.0,0.0,0.0,8.0
B,1,12,2024-08-23,2024-11-15,0.0,0.0,0.0,8.0
B,1,12,2024-08-30,2024-11-22,0.0,0.0,0.0,8.0
B,1,12,2024-09-06,2024-11-29,0.0,0.0,0.0,8.0
B,1,12,2024-09-13,2024-12-06,0.0,0.0,0.0,8.0
B,1,12,2024-09-20,2024-12-13,0.0,0.0,0.0,8.0
B,1,12,2024-09-27,2024-12-20,0.0,0.0,0.0,8.0
B,1,12,2024-10-04,2024-12-27,0.0,0.0,0.0,8.0
B,1,12,2024-10-11,2025-01-03,0.0,0.0,0.0,8.0
B,1,12,2024-10-18,2025-01-10,0.0,0.0,0.0,8.0
B,1,12,2024-10-25,2025-01-17,1.0,0.0,0.0,8.0
B,1,12,2024-11-01,2025-01-24,0.0,0.0,0.0,8.0
B,1,12,2024-11-08,2025-01-31,0.0,0.0,0.0,8.0
B,1,12,2024-11-15,2025-02-07,0.0,0.0,0.0,8.0
B,1,12,2024-11-22,2025-02-14,0.0,0.0,0.0,8.0
B,1,12,2024-11-29,2025-02-21,0.0,0.0,0.0,8.0
B,1,12,2024-12-06,2025-02-28,0.0,0.0,0.0,8.0
B,1,12,2024-12-13,2025-03-07,0.0,0.0,0.0,8.0
B,1,12,2024-12-20,2025-03-14,0.0,0.0,0.0,8.0
B,1,12,2024-12-27,2025-03-21,0.0,0.0,0.0,8.0
B,1,12,2025-01-03,2025-03-28,0.0,0.0,0.0,8.0
B,1,12,2025-01-10,2025-04-04,0.0,0.0,0.0,8.0
B,1,12,2025-01-17,2025-04-11,0.0,0.0,0.0,8.0
B,1,12,2025-01-24,2025-04-18,0.0,0.0,0.0,8.0
B,1,12,2025-01-31,2025-04-25,0.0,0.0,0.0,8.0
B,1,12,2025-02-07,2025-05-02,1.0,0.0,0.0,8.0
B,1,12,2025-02-14,2025-05-09,0.0,0.0,0.0,8.0
B,1,12,2025-02-21,2025-05-16,0.0,0.0,0.0,8.0
B,1,12,2025-02-28,2025-05-23,0.0,0.0,0.0,8.0
B,1,12,2025-03-07,2025-05-30,0.0,0.0,0.0,8.0
B,1,12,2025-03-14,2025-06-06,0.0,0.0,0.0,8.0
B,1,12,2025-03-21,2025-06-13,2.0,0.0,0.0,8.0
B,1,12,2025-03-28,2025-06-20,0.0,0.0,0.0,8.0
B,1,12,2025-04-04,2025-06-27,0.0,0.0,0.0,8.0
B,1,12,2025-04-11,2025-07-04,4.0,0.0,0.0,8.0
B,1,12,2025-04-18,2025-07-11,0.0,0.0,0.0,8.0
B,1,12,2025-04-25,2025-07-18,3.0,0.0,0.0,8.0
B,1,12,2025-05-02,2025-07-25,4.0,0.0,0.0,8.0
B,1,12,2025-05-09,2025-08-01,9.0,0.0,0.0,8.0
B,1,12,2025-05-16,2025-08-08,4.0,0.0,0.0,8.0
B,1,12,2025-05-23,2025-08-15,0.0,0.0,0.0,8.0
B,1,12,2025-05-30,2025-08-22,1.0,0.0,0.0,8.0
B,1,12,2025-06-06,2025-08-29,0.0,0.0,0.0,8.0
B,1,12,2025-06-13,2025-09-05,,0.0,0.0,8.0
B,1,12,2025-06-20,2025-09-12,,0.0,0.0,8.0
B,1,12,2025-06-27,2025-09-19,,0.0,0.0,8.0
B,1,12,2025-07-04,2025-09-26,,0.0,0.0,8.0
B,1,12,2025-07-11,2025-10-03,,0.0,0.0,8.0
B,1,12,2025-07-18,2025-10-10,,0.0,0.0,8.0
B,1,12,2025-07-25,2025-10-17,,0.0,0.0,8.0
B,1,12,2025-08-01,2025-10-24,,0.0,0.0,8.0
B,1,12,2025-08-08,2025-10-31,,0.0,0.0,7.0
B,1,12,2025-08-15,2025-11-07,,0.0,0.0,9.0
B,1,12,2025-08-22,2025-11-14,,0.0,0.0,9.0
C,2,1,2023-02-17,2023-02-24,0.0,0.0,0.0,2.6150524616241455
C,2,1,2023-02-24,2023-03-03,0.0,0.0,0.0,2.6150524616241455
C,2,1,2023-03-03,2023-03-10,0.0,0.0,0.0,2.6150524616241455
C,2,1,2023-03-10,2023-03-17,0.0,0.0,0.0,2.6150524616241455
C,2,1,2023-03-17,2023-03-24,0.0,0.0,0.0,2.6150524616241455
C,2,1,2023-03-24,2023-03-31,0.0,0.0,0.0,2.6150524616241455
C,2,1,2023-03-31,2023-04-07,0.0,0.0,0.0,2.6150524616241455
C,2,1,2023-04-07,2023-04-14,0.0,0.0,0.0,2.6150524616241455
C,2,1,2023-04-14,2023-04-21,0.0,0.0,0.0,2.6150524616241455
C,2,1,2023-04-21,2023-04-28,0.0,0.0,0.0,2.6150524616241455
C,2,1,2023-04-28,2023-05-05,0.0,0.0,0.0,2.6150524616241455
C,2,1,2023-05-05,2023-05-12,0.0,0.0,0.0,2.6150524616241455
C,2,1,2023-05-12,2023-05-19,0.0,0.0,0.0,2.6150524616241455
C,2,1,2023-05-19,2023-05-26,0.0,0.0,0.0,2.6150524616241455
C,2,1,2023-05-26,2023-06-02,1.0,0.05053932964801788,0.0,2.6655917167663574
C,2,1,2023-06-02,2023-06-09,1.0,0.4229646325111389,0.0,3.0380170345306396
C,2,1,2023-06-09,2023-06-16,0.0,0.6610382199287415,0.0,3.276090621948242
C,2,1,2023-06-16,2023-06-23,2.0,0.3231944441795349,0.0,2.938246965408325
C,2,1,2023-06-23,2023-06-30,0.0,0.0,0.0,2.6150524616241455
C,2,1,2023-06-30,2023-07-07,0.0,0.0,0.0,2.6150524616241455
C,2,1,2023-07-07,2023-07-14,0.0,0.0,0.0,2.6150524616241455
C,2,1,2023-07-14,2023-07-21,1.0,0.40880006551742554,0.0,3.023852586746216
C,2,1,2023-07-21,2023-07-28,2.0,2.6618094444274902,1.524993658065796,5.276862144470215
C,2,1,2023-07-28,2023-08-04,4.0,4.858390808105469,3.7215750217437744,7.473443031311035
C,2,1,2023-08-04,2023-08-11,11.0,3.9003794193267822,2.763563632965088,6.515431880950928
C,2,1,2023-08-11,2023-08-18,2.0,1.716444969177246,0.5796291828155518,4.3314971923828125
C,2,1,2023-08-18,2023-08-25,0.0,0.0757838785648346,0.0,2.6908364295959473
C,2,1,2023-08-25,2023-09-01,1.0,0.9217743873596191,0.0,8.021394729614258
C,2,1,2023-09-01,2023-09-08,3.0,2.1856789588928223,1.3272881507873535,9.285299301147461
C,2,1,2023-09-08,2023-09-15,7.0,3.265249252319336,2.406858444213867,10.364870071411133
C,2,1,2023-09-15,2023-09-22,4.0,1.6838865280151367,0.825495719909668,8.783507347106934
C,2,1,2023-09-22,2023-09-29,2.0,0.19010423123836517,0.0,7.289724826812744
C,2,1,2023-09-29,2023-10-06,0.0,1.6078689098358154,0.7494781017303467,8.707489967346191
C,2,1,2023-10-06,2023-10-13,0.0,2.211900234222412,1.3535094261169434,9.311521530151367
C,2,1,2023-10-13,2023-10-20,1.0,0.0,0.0,7.099620819091797
C,2,1,2023-10-20,2023-10-27,1.0,0.0,0.0,7.099620819091797
C,2,1,2023-10-27,2023-11-03,1.0,0.0,0.0,7.099620819091797
C,2,1,2023-11-03,2023-11-10,2.0,0.0,0.0,7.099620819091797
C,2,1,2023-11-10,2023-11-17,0.0,0.202659472823143,0.0,7.302280426025391
C,2,1,2023-11-17,2023-11-24,0.0,0.0,0.0,7.099620819091797
C,2,1,2023-11-24,2023-12-01,0.0,0.0,0.0,7.099620819091797
C,2,1,2023-12-01,2023-12-08,1.0,0.26484525203704834,0.0,7.364466190338135
C,2,1,2023-12-08,2023-12-15,0.0,0.0,0.0,7.099620819091797
C,2,1,2023-12-15,2023-12-22,1.0,0.0,0.0,7.099620819091797
C,2,1,2023-12-22,2023-12-29,2.0,0.0,0.0,7.099620819091797
C,2,1,2023-12-29,2024-01-05,0.0,0.0,0.0,7.099620819091797
C,2,1,2024-01-05,2024-01-12,1.0,0.0,0.0,7.099620819091797
C,2,1,2024-01-12,2024-01-19,0.0,0.12115062773227692,0.0,7.220771312713623
C,2,1,2024-01-19,2024-01-26,0.0,0.0,0.0,7.099620819091797
C,2,1,2024-01-26,2024-02-02,0.0,0.0,0.0,7.099620819091797
C,2,1,2024-02-02,2024-02-09,0.0,0.0,0.0,7.099620819091797
C,2,1,2024-02-09,2024-02-16,0.0,0.0,0.0,7.099620819091797
C,2,1,2024-02-16,2024-02-23,0.0,0.0,0.0,7.099620819091797
C,2,1,2024-02-23,2024-03-01,0.0,0.0,0.0,7.099620819091797
C,2,1,2024-03-01,2024-03-08,0.0,0.0,0.0,7.099620819091797
C,2,1,2024-03-08,2024-03-15,0.0,0.0,0.0,7.099620819091797
C,2,1,2024-03-15,2024-03-22,0.0,0.0,0.0,7.099620819091797
C,2,1,2024-03-22,2024-03-29,0.0,0.0,0.0,7.099620819091797
C,2,1,2024-03-29,2024-04-05,0.0,0.0,0.0,7.099620819091797
C,2,1,2024-04-05,2024-04-12,1.0,0.0,0.0,7.099620819091797
C,2,1,2024-04-12,2024-04-19,0.0,0.0,0.0,7.099620819091797
C,2,1,2024-04-19,2024-04-26,0.0,0.0,0.0,7.099620819091797
C,2,1,2024-04-26,2024-05-03,1.0,0.0,0.0,7.099620819091797
C,2,1,2024-05-03,2024-05-10,0.0,0.0,0.0,7.099620819091797
C,2,1,2024-05-10,2024-05-17,0.0,0.0,0.0,7.099620819091797
C,2,1,2024-05-17,2024-05-24,0.0,0.0,0.0,7.099620819091797
C,2,1,2024-05-24,2024-05-31,0.0,0.0,0.0,7.099620819091797
C,2,1,2024-05-31,2024-06-07,2.0,0.0,0.0,7.099620819091797
C,2,1,2024-06-07,2024-06-14,2.0,0.0,0.0,7.099620819091797
C,2,1,2024-06-14,2024-06-21,0.0,0.0,0.0,7.099620819091797
C,2,1,2024-06-21,2024-06-28,0.0,0.3364282250404358,0.0,7.436048984527588
C,2,1,2024-06-28,2024-07-05,0.0,0.3662872314453125,0.0,7.465908050537109
C,2,1,2024-07-05,2024-07-12,1.0,0.5340206623077393,0.0,7.633641242980957
C,2,1,2024-07-12,2024-07-19,0.0,0.6303361654281616,0.0,7.729957103729248
C,2,1,2024-07-19,2024-07-26,3.0,1.4209251403808594,0.0,8.520545959472656
C,2,1,2024-07-26,2024-08-02,6.0,2.621701717376709,0.4098014831542969,9.721323013305664
C,2,1,2024-08-02,2024-08-09,9.0,3.19651460647583,0.984614372253418,10.296134948730469
C,2,1,2024-08-09,2024-08-16,0.0,2.502495765686035,0.29059553146362305,9.602116584777832
C,2,1,2024-08-16,2024-08-23,2.0,0.030294358730316162,0.0,7.129915237426758
C,2,1,2024-08-23,2024-08-30,0.0,0.31444162130355835,0.0,6.117927074432373
C,2,1,2024-08-30,2024-09-06,0.0,1.8278988599777222,0.0,7.631384372711182
C,2,1,2024-09-06,2024-09-13,5.0,5.359192371368408,2.856696605682373,11.162677764892578
C,2,1,2024-09-13,2024-09-20,6.0,4.055243968963623,1.552748203277588,9.858729362487793
C,2,1,2024-09-20,2024-09-27,0.0,1.7039949893951416,0.0,7.507480621337891
C,2,1,2024-09-27,2024-10-04,2.0,1.7475029230117798,0.0,7.55098819732666
C,2,1,2024-10-04,2024-10-11,2.0,2.0823814868927,0.0,7.885867118835449
C,2,1,2024-10-11,2024-10-18,0.0,0.0,0.0,5.80348539352417
C,2,1,2024-10-18,2024-10-25,2.0,0.9853897094726562,0.0,6.788875102996826
C,2,1,2024-10-25,2024-11-01,1.0,2.0970919132232666,0.0,7.900577545166016
C,2,1,2024-11-01,2024-11-08,4.0,1.110032558441162,0.0,6.913517951965332
C,2,1,2024-11-08,2024-11-15,1.0,1.799133539199829,0.0,7.602619171142578
C,2,1,2024-11-15,2024-11-22,0.0,0.23543758690357208,0.0,6.0389227867126465
C,2,1,2024-11-22,2024-11-29,0.0,0.0,0.0,5.80348539352417
C,2,1,2024-11-29,2024-12-06,0.0,0.16735686361789703,0.0,5.970842361450195
C,2,1,2024-12-06,2024-12-13,0.0,0.6689362525939941,0.0,6.472421646118164
C,2,1,2024-12-13,2024-12-20,0.0,0.5381962060928345,0.0,6.341681480407715
C,2,1,2024-12-20,2024-12-27,1.0,0.0,0.0,5.80348539352417
C,2,1,2024-12-27,2025-01-03,0.0,0.0,0.0,5.80348539352417
C,2,1,2025-01-03,2025-01-10,0.0,0.0,0.0,5.80348539352417
C,2,1,2025-01-10,2025-01-17,1.0,0.0,0.0,5.80348539352417
C,2,1,2025-01-17,2025-01-24,0.0,0.0,0.0,5.80348539352417
C,2,1,2025-01-24,2025-01-31,0.0,0.0,0.0,5.80348539352417
C,2,1,2025-01-31,2025-02-07,0.0,0.0,0.0,5.80348539352417
C,2,1,2025-02-07,2025-02-14,0.0,0.0,0.0,5.80348539352417
C,2,1,2025-02-14,2025-02-21,0.0,0.0,0.0,5.80348539352417
C,2,1,2025-02-21,2025-02-28,0.0,0.0,0.0,5.80348539352417
C,2,1,2025-02-28,2025-03-07,0.0,0.0,0.0,5.80348539352417
C,2,1,2025-03-07,2025-03-14,0.0,0.0,0.0,5.80348539352417
C,2,1,2025-03-14,2025-03-21,1.0,0.0,0.0,5.80348539352417
C,2,1,2025-03-21,2025-03-28,0.0,0.0,0.0,5.80348539352417
C,2,1,2025-03-28,2025-04-04,1.0,0.0,0.0,5.80348539352417
C,2,1,2025-04-04,2025-04-11,0.0,0.0,0.0,5.80348539352417
C,2,1,2025-04-11,2025-04-18,0.0,0.0,0.0,5.80348539352417
C,2,1,2025-04-18,2025-04-25,1.0,0.0,0.0,5.80348539352417
C,2,1,2025-04-25,2025-05-02,1.0,0.0,0.0,5.80348539352417
C,2,1,2025-05-02,2025-05-09,0.0,0.0,0.0,5.80348539352417
C,2,1,2025-05-09,2025-05-16,3.0,0.0,0.0,5.80348539352417
C,2,1,2025-05-16,2025-05-23,0.0,0.0,0.0,5.80348539352417
C,2,1,2025-05-23,2025-05-30,0.0,0.0,0.0,5.80348539352417
C,2,1,2025-05-30,2025-06-06,0.0,0.0,0.0,5.80348539352417
C,2,1,2025-06-06,2025-06-13,1.0,1.5910041332244873,0.0,7.394489288330078
C,2,1,2025-06-13,2025-06-20,3.0,0.890008807182312,0.0,6.6934943199157715
C,2,1,2025-06-20,2025-06-27,2.0,0.4099581241607666,0.0,6.213443756103516
C,2,1,2025-06-27,2025-07-04,2.0,0.030497342348098755,0.0,5.833982944488525
C,2,1,2025-07-04,2025-07-11,3.0,1.2623704671859741,0.0,7.065855979919434
C,2,1,2025-07-11,2025-07-18,3.0,2.109321117401123,0.0,7.912806510925293
C,2,1,2025-07-18,2025-07-25,8.0,6.711846828460693,4.209351062774658,12.515332221984863
C,2,1,2025-07-25,2025-08-01,26.0,8.322333335876465,5.81983757019043,14.125818252563477
C,2,1,2025-08-01,2025-08-08,16.0,10.036314964294434,7.533819198608398,15.839799880981445
C,2,1,2025-08-08,2025-08-15,0.0,6.21114444732666,3.708648681640625,12.014629364013672
C,2,1,2025-08-15,2025-08-22,3.0,1.189123511314392,0.0,18.866788864135742
C,2,1,2025-08-22,2025-08-29,1.0,1.1040188074111938,0.0,18.78168487548828
C,2,2,2023-02-17,2023-03-03,0.0,0.0,0.0,1.9407814741134644
C,2,2,2023-02-24,2023-03-10,0.0,0.0,0.0,1.9407814741134644
C,2,2,2023-03-03,2023-03-17,0.0,0.0,0.0,1.9407814741134644
C,2,2,2023-03-10,2023-03-24,0.0,0.0,0.0,1.9407814741134644
C,2,2,2023-03-17,2023-03-31,0.0,0.0,0.0,1.9407814741134644
C,2,2,2023-03-24,2023-04-07,0.0,0.0,0.0,1.9407814741134644
C,2,2,2023-03-31,2023-04-14,0.0,0.0,0.0,1.9407814741134644
C,2,2,2023-04-07,2023-04-21,0.0,0.0,0.0,1.9407814741134644
C,2,2,2023-04-14,2023-04-28,0.0,0.0,0.0,1.9407814741134644
C,2,2,2023-04-21,2023-05-05,0.0,0.0,0.0,1.9407814741134644
C,2,2,2023-04-28,2023-05-12,0.0,0.0,0.0,1.9407814741134644
C,2,2,2023-05-05,2023-05-19,0.0,0.0,0.0,1.9407814741134644
C,2,2,2023-05-12,2023-05-26,0.0,0.14605969190597534,0.0,2.086841106414795
C,2,2,2023-05-19,2023-06-02,1.0,0.2114432156085968,0.0,2.1522247791290283
C,2,2,2023-05-26,2023-06-09,1.0,0.39515262842178345,0.0,2.3359341621398926
C,2,2,2023-06-02,2023-06-16,0.0,0.36916273832321167,0.0,2.3099441528320312
C,2,2,2023-06-09,2023-06-23,2.0,1.0349096059799194,0.06763654947280884,2.975691080093384
C,2,2,2023-06-16,2023-06-30,0.0,0.37979280948638916,0.0,2.3205742835998535
C,2,2,2023-06-23,2023-07-07,0.0,0.5329933166503906,0.0,2.4737749099731445
C,2,2,2023-06-30,2023-07-14,0.0,0.36879581212997437,0.0,2.309577226638794
C,2,2,2023-07-07,2023-07-21,1.0,0.6351553797721863,0.0,2.575936794281006
C,2,2,2023-07-14,2023-07-28,2.0,2.0118489265441895,1.0445759296417236,3.9526305198669434
C,2,2,2023-07-21,2023-08-04,4.0,2.5722625255584717,1.6049895286560059,4.5130438804626465
C,2,2,2023-07-28,2023-08-11,11.0,3.4102776050567627,2.443004608154297,5.3510589599609375
C,2,2,2023-08-04,2023-08-18,2.0,1.7124613523483276,0.745188295841217,3.653242826461792
C,2,2,2023-08-11,2023-08-25,0.0,0.6602697372436523,0.0,2.6010513305664062
C,2,2,2023-08-18,2023-09-01,1.0,0.9808619022369385,0.01358884572982788,2.9216432571411133
C,2,2,2023-08-25,2023-09-08,3.0,2.7523462772369385,1.7850732803344727,10.342068672180176
C,2,2,2023-09-01,2023-09-15,7.0,3.590949296951294,2.8524389266967773,11.180671691894531
C,2,2,2023-09-08,2023-09-22,4.0,2.7771875858306885,2.038677215576172,10.366909980773926
C,2,2,2023-09-15,2023-09-29,2.0,1.223130702972412,0.48462045192718506,8.81285285949707
C,2,2,2023-09-22,2023-10-06,0.0,1.497314214706421,0.7588039636611938,9.087037086486816
C,2,2,2023-09-29,2023-10-13,0.0,2.6004562377929688,1.8619459867477417,10.190178871154785
C,2,2,2023-10-06,2023-10-20,1.0,1.5584028959274292,0.8198926448822021,9.148125648498535
C,2,2,2023-10-13,2023-10-27,1.0,0.8133795261383057,0.15310978889465332,8.403101921081543
C,2,2,2023-10-20,2023-11-03,1.0,0.8141027688980103,0.0,8.403825759887695
C,2,2,2023-10-27,2023-11-10,2.0,0.5673205256462097,0.0,8.15704345703125
C,2,2,2023-11-03,2023-11-17,0.0,0.37784498929977417,0.0,7.967567443847656
C,2,2,2023-11-10,2023-11-24,0.0,0.1424056887626648,0.0,7.732128143310547
C,2,2,2023-11-17,2023-12-01,0.0,0.29542186856269836,0.0,7.8851447105407715
C,2,2,2023-11-24,2023-12-08,1.0,0.4271567463874817,0.0,8.016879081726074
C,2,2,2023-12-01,2023-12-15,0.0,0.6056712865829468,0.0,8.195393562316895
C,2,2,2023-12-08,2023-12-22,1.0,0.4020706117153168,0.0,7.991793155670166
C,2,2,2023-12-15,2023-12-29,2.0,0.4291379451751709,0.0,8.018860816955566
C,2,2,2023-12-22,2024-01-05,0.0,0.6865710020065308,0.0,8.276293754577637
C,2,2,2023-12-29,2024-01-12,1.0,0.2705889940261841,0.0,7.860311508178711
C,2,2,2024-01-05,2024-01-19,0.0,0.5741938948631287,0.0,8.16391658782959
C,2,2,2024-01-12,2024-01-26,0.0,0.9202165007591248,0.0,8.509939193725586
C,2,2,2024-01-19,2024-02-02,0.0,0.3694532513618469,0.0,7.959176063537598
C,2,2,2024-01-26,2024-02-09,0.0,0.1356492042541504,0.0,7.725371837615967
C,2,2,2024-02-02,2024-02-16,0.0,0.0,0.0,7.589722633361816
C,2,2,2024-02-09,2024-02-23,0.0,0.0,0.0,7.589722633361816
C,2,2,2024-02-16,2024-03-01,0.0,0.0,0.0,7.589722633361816
C,2,2,2024-02-23,2024-03-08,0.0,0.0,0.0,7.589722633361816
C,2,2,2024-03-01,2024-03-15,0.0,0.0,0.0,7.589722633361816
C,2,2,2024-03-08,2024-03-22,0.0,0.0,0.0,7.589722633361816
C,2,2,2024-03-15,2024-03-29,0.0,0.0,0.0,7.589722633361816
C,2,2,2024-03-22,2024-04-05,0.0,0.0,0.0,7.589722633361816
C,2,2,2024-03-29,2024-04-12,1.0,0.0,0.0,7.589722633361816
C,2,2,2024-04-05,2024-04-19,0.0,0.04264267906546593,0.0,7.6323652267456055
C,2,2,2024-04-12,2024-04-26,0.0,0.0,0.0,7.589722633361816
C,2,2,2024-04-19,2024-05-03,1.0,0.0,0.0,7.589722633361816
C,2,2,2024-04-26,2024-05-10,0.0,0.0,0.0,7.589722633361816
C,2,2,2024-05-03,2024-05-17,0.0,0.0,0.0,7.589722633361816
C,2,2,2024-05-10,2024-05-24,0.0,0.0,0.0,7.589722633361816
C,2,2,2024-05-17,2024-05-31,0.0,0.07240583002567291,0.0,7.662128448486328
C,2,2,2024-05-24,2024-06-07,2.0,0.7828633189201355,0.0,8.372586250305176
C,2,2,2024-05-31,2024-06-14,2.0,0.33827081322669983,0.0,7.927993297576904
C,2,2,2024-06-07,2024-06-21,0.0,0.4749023914337158,0.0,8.064624786376953
C,2,2,2024-06-14,2024-06-28,0.0,0.7415199279785156,0.0,8.331242561340332
C,2,2,2024-06-21,2024-07-05,0.0,1.9463586807250977,0.0,9.536081314086914
C,2,2,2024-06-28,2024-07-12,1.0,1.238731861114502,0.0,8.828454971313477
C,2,2,2024-07-05,2024-07-19,0.0,1.2353383302688599,0.0,8.825060844421387
C,2,2,2024-07-12,2024-07-26,3.0,0.9541575908660889,0.0,8.543880462646484
C,2,2,2024-07-19,2024-08-02,6.0,2.2432303428649902,0.0,9.832952499389648
C,2,2,2024-07-26,2024-08-09,9.0,1.7519077062606812,0.0,9.341629981994629
C,2,2,2024-08-02,2024-08-16,0.0,1.516040563583374,0.0,9.10576343536377
C,2,2,2024-08-09,2024-08-23,2.0,1.8807247877120972,0.0,9.470447540283203
C,2,2,2024-08-16,2024-08-30,0.0,1.3785221576690674,0.0,8.968244552612305
C,2,2,2024-08-23,2024-09-06,0.0,2.0452780723571777,0.0,9.293370246887207
C,2,2,2024-08-30,2024-09-13,5.0,3.6423420906066895,1.0418858528137207,10.890434265136719
C,2,2,2024-09-06,2024-09-20,6.0,3.60563588142395,1.0051796436309814,10.853728294372559
C,2,2,2024-09-13,2024-09-27,0.0,2.4260921478271484,0.0,9.674184799194336
C,2,2,2024-09-20,2024-10-04,2.0,1.182034969329834,0.0,8.430127143859863
C,2,2,2024-09-27,2024-10-11,2.0,1.6697732210159302,0.0,8.917865753173828
C,2,2,2024-10-04,2024-10-18,0.0,1.2959566116333008,0.0,8.544048309326172
C,2,2,2024-10-11,2024-10-25,2.0,1.0933347940444946,0.0,8.341426849365234
C,2,2,2024-10-18,2024-11-01,1.0,1.744161605834961,0.0,8.992254257202148
C,2,2,2024-10-25,2024-11-08,4.0,2.112748861312866,0.0,9.360840797424316
C,2,2,2024-11-01,2024-11-15,1.0,0.7190911173820496,0.0,7.9671831130981445
C,2,2,2024-11-08,2024-11-22,0.0,0.5332352519035339,0.0,7.781327247619629
C,2,2,2024-11-15,2024-11-29,0.0,0.5183349251747131,0.0,7.766427040100098
C,2,2,2024-11-22,2024-12-06,0.0,0.9724789261817932,0.0,8.220571517944336
C,2,2,2024-11-29,2024-12-13,0.0,0.8702331185340881,0.0,8.118325233459473
C,2,2,2024-12-06,2024-12-20,0.0,1.4234392642974854,0.0,8.671531677246094
C,2,2,2024-12-13,2024-12-27,1.0,0.6471139788627625,0.0,7.895205974578857
C,2,2,2024-12-20,2025-01-03,0.0,0.3100753426551819,0.0,7.558167457580566
C,2,2,2024-12-27,2025-01-10,0.0,0.23443280160427094,0.0,7.482524871826172
C,2,2,2025-01-03,2025-01-17,1.0,0.28749507665634155,0.0,7.535587310791016
C,2,2,2025-01-10,2025-01-24,0.0,0.3118976950645447,0.0,7.559989929199219
C,2,2,2025-01-17,2025-01-31,0.0,0.15481163561344147,0.0,7.402904033660889
C,2,2,2025-01-24,2025-02-07,0.0,0.0951799750328064,0.0,7.3432722091674805
C,2,2,2025-01-31,2025-02-14,0.0,0.0,0.0,7.248092174530029
C,2,2,2025-02-07,2025-02-21,0.0,0.0,0.0,7.248092174530029
C,2,2,2025-02-14,2025-02-28,0.0,0.0,0.0,7.248092174530029
C,2,2,2025-02-21,2025-03-07,0.0,0.0,0.0,7.248092174530029
C,2,2,2025-02-28,2025-03-14,0.0,0.0,0.0,7.248092174530029
C,2,2,2025-03-07,2025-03-21,1.0,0.04702853038907051,0.0,7.295120716094971
C,2,2,2025-03-14,2025-03-28,0.0,0.0,0.0,7.248092174530029
C,2,2,2025-03-21,2025-04-04,1.0,0.006340760737657547,0.0,7.2544331550598145
C,2,2,2025-03-28,2025-04-11,0.0,0.0,0.0,7.248092174530029
C,2,2,2025-04-04,2025-04-18,0.0,0.0,0.0,7.248092174530029
C,2,2,2025-04-11,2025-04-25,1.0,0.0,0.0,7.248092174530029
C,2,2,2025-04-18,2025-05-02,1.0,0.032326724380254745,0.0,7.280418872833252
C,2,2,2025-04-25,2025-05-09,0.0,0.08478310704231262,0.0,7.3328752517700195
C,2,2,2025-05-02,2025-05-16,3.0,0.28874626755714417,0.0,7.536838531494141
C,2,2,2025-05-09,2025-05-23,0.0,0.17918342351913452,0.0,7.427275657653809
C,2,2,2025-05-16,2025-05-30,0.0,0.1530642956495285,0.0,7.401156425476074
C,2,2,2025-05-23,2025-06-06,0.0,0.14279694855213165,0.0,7.3908891677856445
C,2,2,2025-05-30,2025-06-13,1.0,0.8942433595657349,0.0,8.142335891723633
C,2,2,2025-06-06,2025-06-20,3.0,1.6179649829864502,0.0,8.866057395935059
C,2,2,2025-06-13,2025-06-27,2.0,0.7445221543312073,0.0,7.992614269256592
C,2,2,2025-06-20,2025-07-04,2.0,0.5234899520874023,0.0,7.771582126617432
C,2,2,2025-06-27,2025-07-11,3.0,1.4355376958847046,0.0,8.683629989624023
C,2,2,2025-07-04,2025-07-18,3.0,3.6156365871429443,1.189544439315796,10.863728523254395
C,2,2,2025-07-11,2025-07-25,8.0,3.562863349914551,1.1367712020874023,10.810955047607422
C,2,2,2025-07-18,2025-08-01,26.0,5.6508259773254395,3.224733829498291,12.898918151855469
C,2,2,2025-07-25,2025-08-08,16.0,5.2444844245910645,2.818392276763916,12.492576599121094
C,2,2,2025-08-01,2025-08-15,0.0,4.726790428161621,2.3006982803344727,11.974882125854492
C,2,2,2025-08-08,2025-08-22,3.0,3.883206844329834,1.4571146965026855,11.131299018859863
C,2,2,2025-08-15,2025-08-29,1.0,2.798642873764038,0.37255072593688965,23.147817611694336
C,2,2,2025-08-22,2025-09-05,,4.605504035949707,2.1794118881225586,24.95467758178711
C,2,4,2023-02-17,2023-03-17,0.0,0.0,0.0,1.609080195426941
C,2,4,2023-02-24,2023-03-24,0.0,0.0,0.0,1.609080195426941
C,2,4,2023-03-03,2023-03-31,0.0,0.0,0.0,1.609080195426941
C,2,4,2023-03-10,2023-04-07,0.0,0.0,0.0,1.609080195426941
C,2,4,2023-03-17,2023-04-14,0.0,0.0,0.0,1.609080195426941
C,2,4,2023-03-24,2023-04-21,0.0,0.0,0.0,1.609080195426941
C,2,4,2023-03-31,2023-04-28,0.0,0.0,0.0,1.609080195426941
C,2,4,2023-04-07,2023-05-05,0.0,0.0,0.0,1.609080195426941
C,2,4,2023-04-14,2023-05-12,0.0,0.0,0.0,1.609080195426941
C,2,4,2023-04-21,2023-05-19,0.0,0.0,0.0,1.609080195426941
C,2,4,2023-04-28,2023-05-26,0.0,0.09640446305274963,0.0,1.7054846286773682
C,2,4,2023-05-05,2023-06-02,1.0,1.0124564170837402,0.0,2.6215367317199707
C,2,4,2023-05-12,2023-06-09,1.0,1.137274980545044,0.0,2.7463550567626953
C,2,4,2023-05-19,2023-06-16,0.0,0.2233436107635498,0.0,1.8324238061904907
C,2,4,2023-05-26,2023-06-23,2.0,0.6499896049499512,0.0,2.2590699195861816
C,2,4,2023-06-02,2023-06-30,0.0,0.6803741455078125,0.0,2.289454460144043
C,2,4,2023-06-09,2023-07-07,0.0,1.2596275806427002,0.0,2.8687076568603516
C,2,4,2023-06-16,2023-07-14,0.0,1.1003451347351074,0.0,2.709425449371338
C,2,4,2023-06-23,2023-07-21,1.0,3.5511221885681152,1.2576727867126465,5.160202503204346
C,2,4,2023-06-30,2023-07-28,2.0,2.499429702758789,0.2059803009033203,4.1085100173950195
C,2,4,2023-07-07,2023-08-04,4.0,2.965503215789795,0.6720538139343262,4.574583530426025
C,2,4,2023-07-14,2023-08-11,11.0,3.2629072666168213,1.0462591648101807,4.871987342834473
C,2,4,2023-07-21,2023-08-18,2.0,1.3220851421356201,0.0,2.9311652183532715
C,2,4,2023-07-28,2023-08-25,0.0,1.8859760761260986,0.0,3.49505615234375
C,2,4,2023-08-04,2023-09-01,1.0,1.7592380046844482,0.0,3.3683180809020996
C,2,4,2023-08-11,2023-09-08,3.0,3.2827587127685547,0.7316365242004395,4.891839027404785
C,2,4,2023-08-18,2023-09-15,7.0,4.923251628875732,2.372129440307617,6.532331943511963
C,2,4,2023-08-25,2023-09-22,4.0,3.543649911880493,0.9925277233123779,11.280742645263672
C,2,4,2023-09-01,2023-09-29,2.0,2.347980260848999,0.0,10.085073471069336
C,2,4,2023-09-08,2023-10-06,0.0,2.5222315788269043,0.0,10.25932502746582
C,2,4,2023-09-15,2023-10-13,0.0,1.7922494411468506,0.0,9.529342651367188
C,2,4,2023-09-22,2023-10-20,1.0,1.6485166549682617,0.0,9.38560962677002
C,2,4,2023-09-29,2023-10-27,1.0,1.3703718185424805,0.0,9.107464790344238
C,2,4,2023-10-06,2023-11-03,1.0,1.1624709367752075,0.0,8.899563789367676
C,2,4,2023-10-13,2023-11-10,2.0,1.047869086265564,0.0,8.784961700439453
C,2,4,2023-10-20,2023-11-17,0.0,0.6098374128341675,0.0,8.346930503845215
C,2,4,2023-10-27,2023-11-24,0.0,0.0,0.0,7.737092971801758
C,2,4,2023-11-03,2023-12-01,0.0,0.0,0.0,7.737092971801758
C,2,4,2023-11-10,2023-12-08,1.0,0.0,0.0,7.737092971801758
C,2,4,2023-11-17,2023-12-15,0.0,0.7103431224822998,0.0,8.447436332702637
C,2,4,2023-11-24,2023-12-22,1.0,0.6739959716796875,0.0,8.411088943481445
C,2,4,2023-12-01,2023-12-29,2.0,0.27877193689346313,0.0,8.015865325927734
C,2,4,2023-12-08,2024-01-05,0.0,0.4587848484516144,0.0,8.195878028869629
C,2,4,2023-12-15,2024-01-12,1.0,0.6249477863311768,0.0,8.362040519714355
C,2,4,2023-12-22,2024-01-19,0.0,0.6961555480957031,0.0,8.433248519897461
C,2,4,2023-12-29,2024-01-26,0.0,0.5165880918502808,0.0,8.253681182861328
C,2,4,2024-01-05,2024-02-02,0.0,0.7231972813606262,0.0,8.46028995513916
C,2,4,2024-01-12,2024-02-09,0.0,0.781126081943512,0.0,8.518218994140625
C,2,4,2024-01-19,2024-02-16,0.0,0.0,0.0,7.737092971801758
C,2,4,2024-01-26,2024-02-23,0.0,0.0,0.0,7.737092971801758
C,2,4,2024-02-02,2024-03-01,0.0,0.0,0.0,7.737092971801758
C,2,4,2024-02-09,2024-03-08,0.0,0.0,0.0,7.737092971801758
C,2,4,2024-02-16,2024-03-15,0.0,0.0,0.0,7.737092971801758
C,2,4,2024-02-23,2024-03-22,0.0,0.0,0.0,7.737092971801758
C,2,4,2024-03-01,2024-03-29,0.0,0.0,0.0,7.737092971801758
C,2,4,2024-03-08,2024-04-05,0.0,0.0,0.0,7.737092971801758
C,2,4,2024-03-15,2024-04-12,1.0,0.0,0.0,7.737092971801758
C,2,4,2024-03-22,2024-04-19,0.0,0.0,0.0,7.737092971801758
C,2,4,2024-03-29,2024-04-26,0.0,0.0,0.0,7.737092971801758
C,2,4,2024-04-05,2024-05-03,1.0,0.0,0.0,7.737092971801758
C,2,4,2024-04-12,2024-05-10,0.0,0.0,0.0,7.737092971801758
C,2,4,2024-04-19,2024-05-17,0.0,0.0,0.0,7.737092971801758
C,2,4,2024-04-26,2024-05-24,0.0,0.0,0.0,7.737092971801758
C,2,4,2024-05-03,2024-05-31,0.0,0.33037447929382324,0.0,8.06746768951416
C,2,4,2024-05-10,2024-06-07,2.0,0.820492148399353,0.0,8.557584762573242
C,2,4,2024-05-17,2024-06-14,2.0,0.40233802795410156,0.0,8.13943099975586
C,2,4,2024-05-24,2024-06-21,0.0,0.45251473784446716,0.0,8.189607620239258
C,2,4,2024-05-31,2024-06-28,0.0,0.8361349701881409,0.0,8.573227882385254
C,2,4,2024-06-07,2024-07-05,0.0,1.7677842378616333,0.0,9.504877090454102
C,2,4,2024-06-14,2024-07-12,1.0,4.1971893310546875,1.6460671424865723,11.934282302856445
C,2,4,2024-06-21,2024-07-19,0.0,6.3826069831848145,3.831484794616699,14.119699478149414
C,2,4,2024-06-28,2024-07-26,3.0,3.3606510162353516,0.8095288276672363,11.09774398803711
C,2,4,2024-07-05,2024-08-02,6.0,2.9571352005004883,0.40601301193237305,10.694228172302246
C,2,4,2024-07-12,2024-08-09,9.0,2.287976026535034,0.0,10.025069236755371
C,2,4,2024-07-19,2024-08-16,0.0,1.4746456146240234,0.0,9.211738586425781
C,2,4,2024-07-26,2024-08-23,2.0,1.2076114416122437,0.0,8.944704055786133
C,2,4,2024-08-02,2024-08-30,0.0,3.2593982219696045,0.0,10.996491432189941
C,2,4,2024-08-09,2024-09-06,0.0,5.444260597229004,0.0,13.181353569030762
C,2,4,2024-08-16,2024-09-13,5.0,6.85577392578125,0.47316694259643555,14.592866897583008
C,2,4,2024-08-23,2024-09-20,6.0,4.958253383636475,0.0,11.670276641845703
C,2,4,2024-08-30,2024-09-27,0.0,3.0374553203582764,0.0,9.749479293823242
C,2,4,2024-09-06,2024-10-04,2.0,2.8282315731048584,0.0,9.540255546569824
C,2,4,2024-09-13,2024-10-11,2.0,2.1698691844940186,0.0,8.881893157958984
C,2,4,2024-09-20,2024-10-18,0.0,1.0524460077285767,0.0,7.764469623565674
C,2,4,2024-09-27,2024-10-25,2.0,2.070664405822754,0.0,8.78268814086914
C,2,4,2024-10-04,2024-11-01,1.0,1.6313056945800781,0.0,8.343329429626465
C,2,4,2024-10-11,2024-11-08,4.0,1.4403609037399292,0.0,8.152384757995605
C,2,4,2024-10-18,2024-11-15,1.0,1.4425115585327148,0.0,8.154535293579102
C,2,4,2024-10-25,2024-11-22,0.0,0.4002082049846649,0.0,7.112231731414795
C,2,4,2024-11-01,2024-11-29,0.0,0.0,0.0,6.712023735046387
C,2,4,2024-11-08,2024-12-06,0.0,0.4427589476108551,0.0,7.154782772064209
C,2,4,2024-11-15,2024-12-13,0.0,1.0740076303482056,0.0,7.786031246185303
C,2,4,2024-11-22,2024-12-20,0.0,1.111754298210144,0.0,7.82377815246582
C,2,4,2024-11-29,2024-12-27,1.0,0.5925024151802063,0.0,7.304526329040527
C,2,4,2024-12-06,2025-01-03,0.0,0.4439445436000824,0.0,7.155968189239502
C,2,4,2024-12-13,2025-01-10,0.0,0.0,0.0,6.712023735046387
C,2,4,2024-12-20,2025-01-17,1.0,0.0,0.0,6.712023735046387
C,2,4,2024-12-27,2025-01-24,0.0,0.43276703357696533,0.0,7.1447906494140625
C,2,4,2025-01-03,2025-01-31,0.0,0.8126354813575745,0.0,7.524659156799316
C,2,4,2025-01-10,2025-02-07,0.0,0.4323292672634125,0.0,7.144352912902832
C,2,4,2025-01-17,2025-02-14,0.0,0.0,0.0,6.712023735046387
C,2,4,2025-01-24,2025-02-21,0.0,0.0,0.0,6.712023735046387
C,2,4,2025-01-31,2025-02-28,0.0,0.0,0.0,6.712023735046387
C,2,4,2025-02-07,2025-03-07,0.0,0.0,0.0,6.712023735046387
C,2,4,2025-02-14,2025-03-14,0.0,0.0,0.0,6.712023735046387
C,2,4,2025-02-21,2025-03-21,1.0,0.0,0.0,6.712023735046387
C,2,4,2025-02-28,2025-03-28,0.0,0.0,0.0,6.712023735046387
C,2,4,2025-03-07,2025-04-04,1.0,0.0,0.0,6.712023735046387
C,2,4,2025-03-14,2025-04-11,0.0,0.0,0.0,6.712023735046387
C,2,4,2025-03-21,2025-04-18,0.0,0.0,0.0,6.712023735046387
C,2,4,2025-03-28,2025-04-25,1.0,0.0,0.0,6.712023735046387
C,2,4,2025-04-04,2025-05-02,1.0,0.0951814204454422,0.0,6.8072052001953125
C,2,4,2025-04-11,2025-05-09,0.0,0.5611855387687683,0.0,7.273209095001221
C,2,4,2025-04-18,2025-05-16,3.0,0.6316153407096863,0.0,7.343638896942139
C,2,4,2025-04-25,2025-05-23,0.0,0.6441331505775452,0.0,7.356156826019287
C,2,4,2025-05-02,2025-05-30,0.0,0.8069955110549927,0.0,7.51901912689209
C,2,4,2025-05-09,2025-06-06,0.0,0.6603507399559021,0.0,7.372374534606934
C,2,4,2025-05-16,2025-06-13,1.0,0.8352622389793396,0.0,7.547286033630371
C,2,4,2025-05-23,2025-06-20,3.0,0.6297873258590698,0.0,7.341811180114746
C,2,4,2025-05-30,2025-06-27,2.0,1.3326469659805298,0.0,8.044671058654785
C,2,4,2025-06-06,2025-07-04,2.0,0.9832009673118591,0.0,7.695224761962891
C,2,4,2025-06-13,2025-07-11,3.0,2.0908594131469727,0.0,8.80288314819336
C,2,4,2025-06-20,2025-07-18,3.0,3.3814609050750732,0.0,10.093484878540039
C,2,4,2025-06-27,2025-07-25,8.0,4.584280490875244,0.0,11.296304702758789
C,2,4,2025-07-04,2025-08-01,26.0,9.008098602294922,2.6254916191101074,15.720122337341309
C,2,4,2025-07-11,2025-08-08,16.0,5.463245391845703,0.0,12.17526912689209
C,2,4,2025-07-18,2025-08-15,0.0,6.3028435707092285,0.0,13.014867782592773
C,2,4,2025-07-25,2025-08-22,3.0,2.9502320289611816,0.0,9.662256240844727
C,2,4,2025-08-01,2025-08-29,1.0,5.283023834228516,0.0,11.995047569274902
C,2,4,2025-08-08,2025-09-05,,6.225220203399658,0.7809596061706543,12.937244415283203
C,2,4,2025-08-15,2025-09-12,,4.732183456420898,0.0,21.724084854125977
C,2,4,2025-08-22,2025-09-19,,4.358941555023193,0.0,21.35084342956543
C,2,8,2023-02-17,2023-04-14,0.0,0.0,0.0,1.447693943977356
C,2,8,2023-02-24,2023-04-21,0.0,0.0,0.0,1.447693943977356
C,2,8,2023-03-03,2023-04-28,0.0,0.0,0.0,1.447693943977356
C,2,8,2023-03-10,2023-05-05,0.0,0.0,0.0,1.447693943977356
C,2,8,2023-03-17,2023-05-12,0.0,0.0,0.0,1.447693943977356
C,2,8,2023-03-24,2023-05-19,0.0,0.0,0.0,1.447693943977356
C,2,8,2023-03-31,2023-05-26,0.0,0.0,0.0,1.447693943977356
C,2,8,2023-04-07,2023-06-02,1.0,0.22990991175174713,0.0,1.677603840827942
C,2,8,2023-04-14,2023-06-09,1.0,0.5211427211761475,0.0,1.9688366651535034
C,2,8,2023-04-21,2023-06-16,0.0,0.4670585095882416,0.0,1.91475248336792
C,2,8,2023-04-28,2023-06-23,2.0,0.4075053334236145,0.0,1.8551993370056152
C,2,8,2023-05-05,2023-06-30,0.0,0.4707036018371582,0.0,1.9183975458145142
C,2,8,2023-05-12,2023-07-07,0.0,1.3829243183135986,0.0,2.830618381500244
C,2,8,2023-05-19,2023-07-14,0.0,1.6178512573242188,0.0,3.065545082092285
C,2,8,2023-05-26,2023-07-21,1.0,2.0420570373535156,0.0,3.489750862121582
C,2,8,2023-06-02,2023-07-28,2.0,2.6733806133270264,0.11742281913757324,4.121074676513672
C,2,8,2023-06-09,2023-08-04,4.0,4.636771202087402,2.080813407897949,6.084465026855469
C,2,8,2023-06-16,2023-08-11,11.0,4.990139961242676,2.4341821670532227,6.437833786010742
C,2,8,2023-06-23,2023-08-18,2.0,3.1690640449523926,0.6131062507629395,4.616757869720459
C,2,8,2023-06-30,2023-08-25,0.0,3.469322443008423,0.9133646488189697,4.917016506195068
C,2,8,2023-07-07,2023-09-01,1.0,2.1757383346557617,0.0,3.768233060836792
C,2,8,2023-07-14,2023-09-08,3.0,5.311373233795166,2.755415439605713,6.903867721557617
C,2,8,2023-07-21,2023-09-15,7.0,3.564934730529785,1.008976936340332,5.1574296951293945
C,2,8,2023-07-28,2023-09-22,4.0,6.655020236968994,4.099062442779541,8.247514724731445
C,2,8,2023-08-04,2023-09-29,2.0,7.446394920349121,4.890437126159668,9.03888988494873
C,2,8,2023-08-11,2023-10-06,0.0,5.138233661651611,2.582275867462158,6.7307281494140625
C,2,8,2023-08-18,2023-10-13,0.0,2.609117269515991,0.053159475326538086,4.2016119956970215
C,2,8,2023-08-25,2023-10-20,1.0,1.5122556686401367,0.0,7.522115707397461
C,2,8,2023-09-01,2023-10-27,1.0,1.2000758647918701,0.0,7.209936141967773
C,2,8,2023-09-08,2023-11-03,1.0,1.2885468006134033,0.0,7.298406600952148
C,2,8,2023-09-15,2023-11-10,2.0,2.376927614212036,0.0,8.386787414550781
C,2,8,2023-09-22,2023-11-17,0.0,2.104031801223755,0.0,8.1138916015625
C,2,8,2023-09-29,2023-11-24,0.0,0.6344510316848755,0.0,6.64431095123291
C,2,8,2023-10-06,2023-12-01,0.0,0.44407379627227783,0.0,6.4539337158203125
C,2,8,2023-10-13,2023-12-08,1.0,0.008399598300457,0.0,6.018259525299072
C,2,8,2023-10-20,2023-12-15,0.0,0.5705704689025879,0.0,6.580430507659912
C,2,8,2023-10-27,2023-12-22,1.0,0.4237664043903351,0.0,6.433626651763916
C,2,8,2023-11-03,2023-12-29,2.0,0.4049086570739746,0.0,6.414768695831299
C,2,8,2023-11-10,2024-01-05,0.0,0.5187381505966187,0.0,6.528598308563232
C,2,8,2023-11-17,2024-01-12,1.0,0.3287392556667328,0.0,6.33859920501709
C,2,8,2023-11-24,2024-01-19,0.0,0.4555622637271881,0.0,6.4654221534729
C,2,8,2023-12-01,2024-01-26,0.0,0.9794438481330872,0.0,6.989304065704346
C,2,8,2023-12-08,2024-02-02,0.0,0.22527828812599182,0.0,6.235138416290283
C,2,8,2023-12-15,2024-02-09,0.0,0.6308493614196777,0.0,6.640709400177002
C,2,8,2023-12-22,2024-02-16,0.0,0.6556164026260376,0.0,6.665476322174072
C,2,8,2023-12-29,2024-02-23,0.0,0.037601202726364136,0.0,6.047461032867432
C,2,8,2024-01-05,2024-03-01,0.0,0.2497979700565338,0.0,6.259657859802246
C,2,8,2024-01-12,2024-03-08,0.0,0.35542288422584534,0.0,6.365283012390137
C,2,8,2024-01-19,2024-03-15,0.0,0.0,0.0,6.009860038757324
C,2,8,2024-01-26,2024-03-22,0.0,0.0,0.0,6.009860038757324
C,2,8,2024-02-02,2024-03-29,0.0,0.0,0.0,6.009860038757324
C,2,8,2024-02-09,2024-04-05,0.0,0.0,0.0,6.009860038757324
C,2,8,2024-02-16,2024-04-12,1.0,0.0,0.0,6.009860038757324
C,2,8,2024-02-23,2024-04-19,0.0,0.0,0.0,6.009860038757324
C,2,8,2024-03-01,2024-04-26,0.0,0.0,0.0,6.009860038757324
C,2,8,2024-03-08,2024-05-03,1.0,0.04394783079624176,0.0,6.053807735443115
C,2,8,2024-03-15,2024-05-10,0.0,0.27316907048225403,0.0,6.283029079437256
C,2,8,2024-03-22,2024-05-17,0.0,0.733870804309845,0.0,6.7437310218811035
C,2,8,2024-03-29,2024-05-24,0.0,0.531558096408844,0.0,6.541418075561523
C,2,8,2024-04-05,2024-05-31,0.0,1.0255014896392822,0.0,7.035361289978027
C,2,8,2024-04-12,2024-06-07,2.0,0.8637780547142029,0.0,6.873638153076172
C,2,8,2024-04-19,2024-06-14,2.0,0.26965761184692383,0.0,6.279517650604248
C,2,8,2024-04-26,2024-06-21,0.0,0.7172327637672424,0.0,6.727092742919922
C,2,8,2024-05-03,2024-06-28,0.0,1.2937846183776855,0.0,7.30364465713501
C,2,8,2024-05-10,2024-07-05,0.0,1.3574085235595703,0.0,7.3672685623168945
C,2,8,2024-05-17,2024-07-12,1.0,1.7384037971496582,0.0,7.748263835906982
C,2,8,2024-05-24,2024-07-19,0.0,3.2640905380249023,0.0,9.273950576782227
C,2,8,2024-05-31,2024-07-26,3.0,1.5508184432983398,0.0,7.560678482055664
C,2,8,2024-06-07,2024-08-02,6.0,2.4710564613342285,0.0,8.480916976928711
C,2,8,2024-06-14,2024-08-09,9.0,4.838993549346924,0.0,10.848854064941406
C,2,8,2024-06-21,2024-08-16,0.0,3.7104601860046387,0.0,9.720319747924805
C,2,8,2024-06-28,2024-08-23,2.0,3.777888059616089,0.0,9.787748336791992
C,2,8,2024-07-05,2024-08-30,0.0,5.835379123687744,0.38898420333862305,11.845239639282227
C,2,8,2024-07-12,2024-09-06,0.0,5.32845401763916,0.0,11.338314056396484
C,2,8,2024-07-19,2024-09-13,5.0,6.331462383270264,0.8850674629211426,12.34132194519043
C,2,8,2024-07-26,2024-09-20,6.0,4.075958251953125,0.0,10.08581829071045
C,2,8,2024-08-02,2024-09-27,0.0,4.503034591674805,0.0,10.512894630432129
C,2,8,2024-08-09,2024-10-04,2.0,6.8430047035217285,1.3966097831726074,12.852865219116211
C,2,8,2024-08-16,2024-10-11,2.0,1.247021198272705,0.0,7.256881237030029
C,2,8,2024-08-23,2024-10-18,0.0,0.977027177810669,0.0,5.138033866882324
C,2,8,2024-08-30,2024-10-25,2.0,2.6124517917633057,0.0,6.773458480834961
C,2,8,2024-09-06,2024-11-01,1.0,3.2660021781921387,0.0,7.427008628845215
C,2,8,2024-09-13,2024-11-08,4.0,3.8209471702575684,0.0,7.9819536209106445
C,2,8,2024-09-20,2024-11-15,1.0,1.242185354232788,0.0,5.403191566467285
C,2,8,2024-09-27,2024-11-22,0.0,0.10492399334907532,0.0,4.265930652618408
C,2,8,2024-10-04,2024-11-29,0.0,0.7039998173713684,0.0,4.865006446838379
C,2,8,2024-10-11,2024-12-06,0.0,0.011359721422195435,0.0,4.172366142272949
C,2,8,2024-10-18,2024-12-13,0.0,0.6579514145851135,0.0,4.818957805633545
C,2,8,2024-10-25,2024-12-20,0.0,0.8822703957557678,0.0,5.043276786804199
C,2,8,2024-11-01,2024-12-27,1.0,0.2955242991447449,0.0,4.456530570983887
C,2,8,2024-11-08,2025-01-03,0.0,0.4413243532180786,0.0,4.602330684661865
C,2,8,2024-11-15,2025-01-10,0.0,0.8753764629364014,0.0,5.036382675170898
C,2,8,2024-11-22,2025-01-17,1.0,0.7262845635414124,0.0,4.887290954589844
C,2,8,2024-11-29,2025-01-24,0.0,0.702429473400116,0.0,4.863435745239258
C,2,8,2024-12-06,2025-01-31,0.0,1.1459310054779053,0.0,5.306937217712402
C,2,8,2024-12-13,2025-02-07,0.0,1.4234619140625,0.0,5.584468364715576
C,2,8,2024-12-20,2025-02-14,0.0,0.16047970950603485,0.0,4.321485996246338
C,2,8,2024-12-27,2025-02-21,0.0,0.0,0.0,4.161006450653076
C,2,8,2025-01-03,2025-02-28,0.0,0.0,0.0,4.161006450653076
C,2,8,2025-01-10,2025-03-07,0.0,0.0,0.0,4.161006450653076
C,2,8,2025-01-17,2025-03-14,0.0,0.0,0.0,4.161006450653076
C,2,8,2025-01-24,2025-03-21,1.0,0.0,0.0,4.161006450653076
C,2,8,2025-01-31,2025-03-28,0.0,0.0,0.0,4.161006450653076
C,2,8,2025-02-07,2025-04-04,1.0,0.0,0.0,4.161006450653076
C,2,8,2025-02-14,2025-04-11,0.0,0.0,0.0,4.161006450653076
C,2,8,2025-02-21,2025-04-18,0.0,0.0,0.0,4.161006450653076
C,2,8,2025-02-28,2025-04-25,1.0,0.0,0.0,4.161006450653076
C,2,8,2025-03-07,2025-05-02,1.0,0.0,0.0,4.161006450653076
C,2,8,2025-03-14,2025-05-09,0.0,0.0,0.0,4.161006450653076
C,2,8,2025-03-21,2025-05-16,3.0,0.01873151957988739,0.0,4.1797380447387695
C,2,8,2025-03-28,2025-05-23,0.0,0.2544782757759094,0.0,4.41548490524292
C,2,8,2025-04-04,2025-05-30,0.0,0.0,0.0,4.161006450653076
C,2,8,2025-04-11,2025-06-06,0.0,0.19535572826862335,0.0,4.356362342834473
C,2,8,2025-04-18,2025-06-13,1.0,0.2958862781524658,0.0,4.456892967224121
C,2,8,2025-04-25,2025-06-20,3.0,1.0474450588226318,0.0,5.208451271057129
C,2,8,2025-05-02,2025-06-27,2.0,1.8408126831054688,0.0,6.001819133758545
C,2,8,2025-05-09,2025-07-04,2.0,1.3348307609558105,0.0,5.495837211608887
C,2,8,2025-05-16,2025-07-11,3.0,2.459543466567993,0.0,6.620550155639648
C,2,8,2025-05-23,2025-07-18,3.0,2.2149953842163086,0.0,6.376001834869385
C,2,8,2025-05-30,2025-07-25,8.0,2.3570446968078613,0.0,6.5180511474609375
C,2,8,2025-06-06,2025-08-01,26.0,4.361983299255371,0.0,8.522989273071289
C,2,8,2025-06-13,2025-08-08,16.0,2.2630972862243652,0.0,6.424103736877441
C,2,8,2025-06-20,2025-08-15,0.0,2.56221079826355,0.0,6.723217010498047
C,2,8,2025-06-27,2025-08-22,3.0,2.409470796585083,0.0,6.570477485656738
C,2,8,2025-07-04,2025-08-29,1.0,1.0501155853271484,0.0,5.211122035980225
C,2,8,2025-07-11,2025-09-05,,2.512458562850952,0.0,6.673464775085449
C,2,8,2025-07-18,2025-09-12,,5.033823013305664,0.0,9.194829940795898
C,2,8,2025-07-25,2025-09-19,,3.988983631134033,0.0,8.14999008178711
C,2,8,2025-08-01,2025-09-26,,3.043818473815918,0.0,7.204824924468994
C,2,8,2025-08-08,2025-10-03,,2.5907435417175293,0.0,8.233698844909668
C,2,8,2025-08-15,2025-10-10,,0.7145035266876221,0.0,22.352519989013672
C,2,8,2025-08-22,2025-10-17,,1.2094733715057373,0.0,22.847488403320312
C,2,12,2023-02-17,2023-05-12,0.0,0.0,0.0,3.0
C,2,12,2023-02-24,2023-05-19,0.0,0.0,0.0,3.0
C,2,12,2023-03-03,2023-05-26,0.0,0.0,0.0,3.0
C,2,12,2023-03-10,2023-06-02,1.0,0.0,0.0,3.0
C,2,12,2023-03-17,2023-06-09,1.0,0.0,0.0,3.0
C,2,12,2023-03-24,2023-06-16,0.0,0.0,0.0,3.0
C,2,12,2023-03-31,2023-06-23,2.0,0.0,0.0,3.0
C,2,12,2023-04-07,2023-06-30,0.0,0.0,0.0,3.0
C,2,12,2023-04-14,2023-07-07,0.0,0.0,0.0,3.0
C,2,12,2023-04-21,2023-07-14,0.0,0.0,0.0,3.0
C,2,12,2023-04-28,2023-07-21,1.0,0.0,0.0,3.0
C,2,12,2023-05-05,2023-07-28,2.0,0.0,0.0,3.0
C,2,12,2023-05-12,2023-08-04,4.0,0.0,0.0,3.0
C,2,12,2023-05-19,2023-08-11,11.0,0.0,0.0,3.0
C,2,12,2023-05-26,2023-08-18,2.0,0.0,0.0,3.0
C,2,12,2023-06-02,2023-08-25,0.0,0.0,0.0,3.0
C,2,12,2023-06-09,2023-09-01,1.0,0.0,0.0,3.0
C,2,12,2023-06-16,2023-09-08,3.0,0.0,0.0,3.0
C,2,12,2023-06-23,2023-09-15,7.0,0.0,0.0,3.0
C,2,12,2023-06-30,2023-09-22,4.0,0.0,0.0,3.0
C,2,12,2023-07-07,2023-09-29,2.0,0.0,0.0,3.0
C,2,12,2023-07-14,2023-10-06,0.0,0.0,0.0,3.0
C,2,12,2023-07-21,2023-10-13,0.0,0.0,0.0,3.0
C,2,12,2023-07-28,2023-10-20,1.0,0.0,0.0,3.0
C,2,12,2023-08-04,2023-10-27,1.0,0.0,0.0,3.0
C,2,12,2023-08-11,2023-11-03,1.0,0.0,0.0,3.0
C,2,12,2023-08-18,2023-11-10,2.0,0.0,0.0,4.0
C,2,12,2023-08-25,2023-11-17,0.0,0.0,0.0,11.0
C,2,12,2023-09-01,2023-11-24,0.0,0.0,0.0,11.0
C,2,12,2023-09-08,2023-12-01,0.0,0.0,0.0,11.0
C,2,12,2023-09-15,2023-12-08,1.0,0.0,0.0,11.0
C,2,12,2023-09-22,2023-12-15,0.0,0.0,0.0,11.0
C,2,12,2023-09-29,2023-12-22,1.0,0.0,0.0,11.0
C,2,12,2023-10-06,2023-12-29,2.0,0.0,0.0,11.0
C,2,12,2023-10-13,2024-01-05,0.0,0.0,0.0,11.0
C,2,12,2023-10-20,2024-01-12,1.0,0.0,0.0,11.0
C,2,12,2023-10-27,2024-01-19,0.0,0.0,0.0,11.0
C,2,12,2023-11-03,2024-01-26,0.0,0.0,0.0,11.0
C,2,12,2023-11-10,2024-02-02,0.0,0.0,0.0,11.0
C,2,12,2023-11-17,2024-02-09,0.0,0.0,0.0,11.0
C,2,12,2023-11-24,2024-02-16,0.0,0.0,0.0,11.0
C,2,12,2023-12-01,2024-02-23,0.0,0.0,0.0,11.0
C,2,12,2023-12-08,2024-03-01,0.0,0.0,0.0,11.0
C,2,12,2023-12-15,2024-03-08,0.0,0.0,0.0,11.0
C,2,12,2023-12-22,2024-03-15,0.0,0.0,0.0,11.0
C,2,12,2023-12-29,2024-03-22,0.0,0.0,0.0,11.0
C,2,12,2024-01-05,2024-03-29,0.0,0.0,0.0,11.0
C,2,12,2024-01-12,2024-04-05,0.0,0.0,0.0,11.0
C,2,12,2024-01-19,2024-04-12,1.0,0.0,0.0,11.0
C,2,12,2024-01-26,2024-04-19,0.0,0.0,0.0,11.0
C,2,12,2024-02-02,2024-04-26,0.0,0.0,0.0,11.0
C,2,12,2024-02-09,2024-05-03,1.0,0.0,0.0,11.0
C,2,12,2024-02-16,2024-05-10,0.0,0.0,0.0,11.0
C,2,12,2024-02-23,2024-05-17,0.0,0.0,0.0,11.0
C,2,12,2024-03-01,2024-05-24,0.0,0.0,0.0,11.0
C,2,12,2024-03-08,2024-05-31,0.0,0.0,0.0,11.0
C,2,12,2024-03-15,2024-06-07,2.0,0.0,0.0,11.0
C,2,12,2024-03-22,2024-06-14,2.0,0.0,0.0,11.0
C,2,12,2024-03-29,2024-06-21,0.0,0.0,0.0,11.0
C,2,12,2024-04-05,2024-06-28,0.0,0.0,0.0,11.0
C,2,12,2024-04-12,2024-07-05,0.0,0.0,0.0,11.0
C,2,12,2024-04-19,2024-07-12,1.0,0.0,0.0,11.0
C,2,12,2024-04-26,2024-07-19,0.0,0.0,0.0,11.0
C,2,12,2024-05-03,2024-07-26,3.0,0.0,0.0,11.0
C,2,12,2024-05-10,2024-08-02,6.0,0.0,0.0,11.0
C,2,12,2024-05-17,2024-08-09,9.0,0.0,0.0,11.0
C,2,12,2024-05-24,2024-08-16,0.0,0.0,0.0,11.0
C,2,12,2024-05-31,2024-08-23,2.0,0.0,0.0,11.0
C,2,12,2024-06-07,2024-08-30,0.0,0.0,0.0,11.0
C,2,12,2024-06-14,2024-09-06,0.0,0.0,0.0,11.0
C,2,12,2024-06-21,2024-09-13,5.0,0.0,0.0,11.0
C,2,12,2024-06-28,2024-09-20,6.0,0.0,0.0,11.0
C,2,12,2024-07-05,2024-09-27,0.0,0.0,0.0,11.0
C,2,12,2024-07-12,2024-10-04,2.0,0.0,0.0,11.0
C,2,12,2024-07-19,2024-10-11,2.0,0.0,0.0,11.0
C,2,12,2024-07-26,2024-10-18,0.0,0.0,0.0,11.0
C,2,12,2024-08-02,2024-10-25,2.0,0.0,0.0,11.0
C,2,12,2024-08-09,2024-11-01,1.0,0.0,0.0,11.0
C,2,12,2024-08-16,2024-11-08,4.0,0.0,0.0,11.0
C,2,12,2024-08-23,2024-11-15,1.0,0.0,0.0,9.0
C,2,12,2024-08-30,2024-11-22,0.0,0.0,0.0,9.0
C,2,12,2024-09-06,2024-11-29,0.0,0.0,0.0,9.0
C,2,12,2024-09-13,2024-12-06,0.0,0.0,0.0,9.0
C,2,12,2024-09-20,2024-12-13,0.0,0.0,0.0,9.0
C,2,12,2024-09-27,2024-12-20,0.0,0.0,0.0,9.0
C,2,12,2024-10-04,2024-12-27,1.0,0.0,0.0,9.0
C,2,12,2024-10-11,2025-01-03,0.0,0.0,0.0,9.0
C,2,12,2024-10-18,2025-01-10,0.0,0.0,0.0,9.0
C,2,12,2024-10-25,2025-01-17,1.0,0.0,0.0,9.0
C,2,12,2024-11-01,2025-01-24,0.0,0.0,0.0,9.0
C,2,12,2024-11-08,2025-01-31,0.0,0.0,0.0,9.0
C,2,12,2024-11-15,2025-02-07,0.0,0.0,0.0,9.0
C,2,12,2024-11-22,2025-02-14,0.0,0.0,0.0,9.0
C,2,12,2024-11-29,2025-02-21,0.0,0.0,0.0,9.0
C,2,12,2024-12-06,2025-02-28,0.0,0.0,0.0,9.0
C,2,12,2024-12-13,2025-03-07,0.0,0.0,0.0,9.0
C,2,12,2024-12-20,2025-03-14,0.0,0.0,0.0,9.0
C,2,12,2024-12-27,2025-03-21,1.0,0.0,0.0,9.0
C,2,12,2025-01-03,2025-03-28,0.0,0.0,0.0,9.0
C,2,12,2025-01-10,2025-04-04,1.0,0.0,0.0,9.0
C,2,12,2025-01-17,2025-04-11,0.0,0.0,0.0,9.0
C,2,12,2025-01-24,2025-04-18,0.0,0.0,0.0,9.0
C,2,12,2025-01-31,2025-04-25,1.0,0.0,0.0,9.0
C,2,12,2025-02-07,2025-05-02,1.0,0.0,0.0,9.0
C,2,12,2025-02-14,2025-05-09,0.0,0.0,0.0,9.0
C,2,12,2025-02-21,2025-05-16,3.0,0.0,0.0,9.0
C,2,12,2025-02-28,2025-05-23,0.0,0.0,0.0,9.0
C,2,12,2025-03-07,2025-05-30,0.0,0.0,0.0,9.0
C,2,12,2025-03-14,2025-06-06,0.0,0.0,0.0,9.0
C,2,12,2025-03-21,2025-06-13,1.0,0.0,0.0,9.0
C,2,12,2025-03-28,2025-06-20,3.0,0.0,0.0,9.0
C,2,12,2025-04-04,2025-06-27,2.0,0.0,0.0,9.0
C,2,12,2025-04-11,2025-07-04,2.0,0.0,0.0,9.0
C,2,12,2025-04-18,2025-07-11,3.0,0.0,0.0,9.0
C,2,12,2025-04-25,2025-07-18,3.0,0.0,0.0,9.0
C,2,12,2025-05-02,2025-07-25,8.0,0.0,0.0,9.0
C,2,12,2025-05-09,2025-08-01,26.0,0.0,0.0,9.0
C,2,12,2025-05-16,2025-08-08,16.0,0.0,0.0,9.0
C,2,12,2025-05-23,2025-08-15,0.0,0.0,0.0,9.0
C,2,12,2025-05-30,2025-08-22,3.0,0.0,0.0,9.0
C,2,12,2025-06-06,2025-08-29,1.0,0.0,0.0,9.0
C,2,12,2025-06-13,2025-09-05,,0.0,0.0,9.0
C,2,12,2025-06-20,2025-09-12,,0.0,0.0,9.0
C,2,12,2025-06-27,2025-09-19,,0.0,0.0,9.0
C,2,12,2025-07-04,2025-09-26,,0.0,0.0,9.0
C,2,12,2025-07-11,2025-10-03,,0.0,0.0,9.0
C,2,12,2025-07-18,2025-10-10,,0.0,0.0,9.0
C,2,12,2025-07-25,2025-10-17,,0.0,0.0,9.0
C,2,12,2025-08-01,2025-10-24,,0.0,0.0,9.0
C,2,12,2025-08-08,2025-10-31,,0.0,0.0,9.0
C,2,12,2025-08-15,2025-11-07,,0.0,0.0,26.0
C,2,12,2025-08-22,2025-11-14,,0.0,0.0,26.0
D,3,1,2023-02-17,2023-02-24,0.0,0.0,0.0,1.0
D,3,1,2023-02-24,2023-03-03,0.0,0.0,0.0,1.0
D,3,1,2023-03-03,2023-03-10,0.0,0.0,0.0,1.0
D,3,1,2023-03-10,2023-03-17,0.0,0.0,0.0,1.0
D,3,1,2023-03-17,2023-03-24,0.0,0.0,0.0,1.0
D,3,1,2023-03-24,2023-03-31,0.0,0.0,0.0,1.0
D,3,1,2023-03-31,2023-04-07,0.0,0.0,0.0,1.0
D,3,1,2023-04-07,2023-04-14,0.0,0.0,0.0,1.0
D,3,1,2023-04-14,2023-04-21,0.0,0.0,0.0,1.0
D,3,1,2023-04-21,2023-04-28,0.0,0.0,0.0,1.0
D,3,1,2023-04-28,2023-05-05,0.0,0.0,0.0,1.0
D,3,1,2023-05-05,2023-05-12,0.0,0.0,0.0,1.0
D,3,1,2023-05-12,2023-05-19,1.0,0.0,0.0,1.0
D,3,1,2023-05-19,2023-05-26,0.0,0.0,0.0,1.0
D,3,1,2023-05-26,2023-06-02,0.0,0.0,0.0,1.0
D,3,1,2023-06-02,2023-06-09,0.0,0.0,0.0,1.0
D,3,1,2023-06-09,2023-06-16,1.0,0.0,0.0,1.0
D,3,1,2023-06-16,2023-06-23,0.0,0.0,0.0,1.0
D,3,1,2023-06-23,2023-06-30,0.0,0.0,0.0,1.0
D,3,1,2023-06-30,2023-07-07,0.0,0.0,0.0,1.0
D,3,1,2023-07-07,2023-07-14,0.0,0.0,0.0,1.0
D,3,1,2023-07-14,2023-07-21,0.0,0.0,0.0,1.0
D,3,1,2023-07-21,2023-07-28,0.0,0.0,0.0,1.0
D,3,1,2023-07-28,2023-08-04,1.0,0.6507910490036011,0.6507910490036011,1.650791049003601
D,3,1,2023-08-04,2023-08-11,1.0,0.9966162443161011,0.9966162443161011,1.996616244316101
D,3,1,2023-08-11,2023-08-18,0.0,0.0,0.0,1.0
D,3,1,2023-08-18,2023-08-25,0.0,0.0,0.0,1.0
D,3,1,2023-08-25,2023-09-01,0.0,0.0,0.0,1.0
D,3,1,2023-09-01,2023-09-08,0.0,0.0,0.0,1.0
D,3,1,2023-09-08,2023-09-15,1.0,0.0,0.0,1.0
D,3,1,2023-09-15,2023-09-22,0.0,0.0,0.0,1.0
D,3,1,2023-09-22,2023-09-29,0.0,0.0,0.0,1.0
D,3,1,2023-09-29,2023-10-06,0.0,0.0,0.0,1.0
D,3,1,2023-10-06,2023-10-13,0.0,0.0,0.0,1.0
D,3,1,2023-10-13,2023-10-20,0.0,0.0,0.0,1.0
D,3,1,2023-10-20,2023-10-27,0.0,0.0,0.0,1.0
D,3,1,2023-10-27,2023-11-03,1.0,0.0,0.0,1.0
D,3,1,2023-11-03,2023-11-10,0.0,0.0,0.0,1.0
D,3,1,2023-11-10,2023-11-17,0.0,0.0,0.0,1.0
D,3,1,2023-11-17,2023-11-24,0.0,0.0,0.0,1.0
D,3,1,2023-11-24,2023-12-01,0.0,0.0,0.0,1.0
D,3,1,2023-12-01,2023-12-08,0.0,0.0,0.0,1.0
D,3,1,2023-12-08,2023-12-15,0.0,0.0,0.0,1.0
D,3,1,2023-12-15,2023-12-22,0.0,0.0,0.0,1.0
D,3,1,2023-12-22,2023-12-29,0.0,0.0,0.0,1.0
D,3,1,2023-12-29,2024-01-05,0.0,0.0,0.0,1.0
D,3,1,2024-01-05,2024-01-12,0.0,0.0,0.0,1.0
D,3,1,2024-01-12,2024-01-19,0.0,0.0,0.0,1.0
D,3,1,2024-01-19,2024-01-26,0.0,0.0,0.0,1.0
D,3,1,2024-01-26,2024-02-02,0.0,0.0,0.0,1.0
D,3,1,2024-02-02,2024-02-09,0.0,0.0,0.0,1.0
D,3,1,2024-02-09,2024-02-16,0.0,0.0,0.0,1.0
D,3,1,2024-02-16,2024-02-23,0.0,0.0,0.0,1.0
D,3,1,2024-02-23,2024-03-01,0.0,0.0,0.0,1.0
D,3,1,2024-03-01,2024-03-08,0.0,0.0,0.0,1.0
D,3,1,2024-03-08,2024-03-15,0.0,0.0,0.0,1.0
D,3,1,2024-03-15,2024-03-22,0.0,0.0,0.0,1.0
D,3,1,2024-03-22,2024-03-29,0.0,0.0,0.0,1.0
D,3,1,2024-03-29,2024-04-05,0.0,0.0,0.0,1.0
D,3,1,2024-04-05,2024-04-12,0.0,0.0,0.0,1.0
D,3,1,2024-04-12,2024-04-19,0.0,0.0,0.0,1.0
D,3,1,2024-04-19,2024-04-26,0.0,0.0,0.0,1.0
D,3,1,2024-04-26,2024-05-03,0.0,0.0,0.0,1.0
D,3,1,2024-05-03,2024-05-10,0.0,0.0,0.0,1.0
D,3,1,2024-05-10,2024-05-17,0.0,0.0,0.0,1.0
D,3,1,2024-05-17,2024-05-24,0.0,0.0,0.0,1.0
D,3,1,2024-05-24,2024-05-31,0.0,0.0,0.0,1.0
D,3,1,2024-05-31,2024-06-07,1.0,0.0,0.0,1.0
D,3,1,2024-06-07,2024-06-14,0.0,0.0,0.0,1.0
D,3,1,2024-06-14,2024-06-21,0.0,0.0,0.0,1.0
D,3,1,2024-06-21,2024-06-28,0.0,0.0,0.0,1.0
D,3,1,2024-06-28,2024-07-05,0.0,0.0,0.0,1.0
D,3,1,2024-07-05,2024-07-12,0.0,0.0,0.0,1.0
D,3,1,2024-07-12,2024-07-19,0.0,0.0,0.0,1.0
D,3,1,2024-07-19,2024-07-26,1.0,0.0,0.0,1.0
D,3,1,2024-07-26,2024-08-02,0.0,0.21746031939983368,0.21746031939983368,1.21746027469635
D,3,1,2024-08-02,2024-08-09,2.0,0.0,0.0,1.0
D,3,1,2024-08-09,2024-08-16,1.0,0.0,0.0,1.0
D,3,1,2024-08-16,2024-08-23,1.0,0.0,0.0,1.0
D,3,1,2024-08-23,2024-08-30,0.0,0.0,0.0,2.0
D,3,1,2024-08-30,2024-09-06,0.0,0.0,0.0,2.0
D,3,1,2024-09-06,2024-09-13,0.0,0.8546476364135742,0.6371873021125793,2.854647636413574
D,3,1,2024-09-13,2024-09-20,2.0,0.9072635173797607,0.6898031830787659,2.9072635173797607
D,3,1,2024-09-20,2024-09-27,1.0,0.0,0.0,2.0
D,3,1,2024-09-27,2024-10-04,2.0,0.0,0.0,2.0
D,3,1,2024-10-04,2024-10-11,0.0,0.0,0.0,2.0
D,3,1,2024-10-11,2024-10-18,0.0,0.0,0.0,2.0
D,3,1,2024-10-18,2024-10-25,0.0,0.0,0.0,2.0
D,3,1,2024-10-25,2024-11-01,0.0,0.19558466970920563,0.0,2.195584774017334
D,3,1,2024-11-01,2024-11-08,1.0,0.05150006711483002,0.0,2.051500082015991
D,3,1,2024-11-08,2024-11-15,0.0,0.0,0.0,2.0
D,3,1,2024-11-15,2024-11-22,0.0,0.0,0.0,2.0
D,3,1,2024-11-22,2024-11-29,0.0,0.0,0.0,2.0
D,3,1,2024-11-29,2024-12-06,0.0,0.0,0.0,2.0
D,3,1,2024-12-06,2024-12-13,0.0,0.0,0.0,2.0
D,3,1,2024-12-13,2024-12-20,0.0,0.0,0.0,2.0
D,3,1,2024-12-20,2024-12-27,0.0,0.0,0.0,2.0
D,3,1,2024-12-27,2025-01-03,0.0,0.0,0.0,2.0
D,3,1,2025-01-03,2025-01-10,0.0,0.0,0.0,2.0
D,3,1,2025-01-10,2025-01-17,0.0,0.0,0.0,2.0
D,3,1,2025-01-17,2025-01-24,0.0,0.0,0.0,2.0
D,3,1,2025-01-24,2025-01-31,0.0,0.0,0.0,2.0
D,3,1,2025-01-31,2025-02-07,0.0,0.0,0.0,2.0
D,3,1,2025-02-07,2025-02-14,0.0,0.0,0.0,2.0
D,3,1,2025-02-14,2025-02-21,0.0,0.0,0.0,2.0
D,3,1,2025-02-21,2025-02-28,1.0,0.0,0.0,2.0
D,3,1,2025-02-28,2025-03-07,0.0,0.0,0.0,2.0
D,3,1,2025-03-07,2025-03-14,0.0,0.0,0.0,2.0
D,3,1,2025-03-14,2025-03-21,0.0,0.0,0.0,2.0
D,3,1,2025-03-21,2025-03-28,0.0,0.0,0.0,2.0
D,3,1,2025-03-28,2025-04-04,0.0,0.0,0.0,2.0
D,3,1,2025-04-04,2025-04-11,0.0,0.0,0.0,2.0
D,3,1,2025-04-11,2025-04-18,1.0,0.0,0.0,2.0
D,3,1,2025-04-18,2025-04-25,0.0,0.0,0.0,2.0
D,3,1,2025-04-25,2025-05-02,0.0,0.0,0.0,2.0
D,3,1,2025-05-02,2025-05-09,0.0,0.0,0.0,2.0
D,3,1,2025-05-09,2025-05-16,0.0,0.0,0.0,2.0
D,3,1,2025-05-16,2025-05-23,0.0,0.0,0.0,2.0
D,3,1,2025-05-23,2025-05-30,0.0,0.0,0.0,2.0
D,3,1,2025-05-30,2025-06-06,0.0,0.0,0.0,2.0
D,3,1,2025-06-06,2025-06-13,0.0,0.0,0.0,2.0
D,3,1,2025-06-13,2025-06-20,0.0,0.0,0.0,2.0
D,3,1,2025-06-20,2025-06-27,1.0,0.0,0.0,2.0
D,3,1,2025-06-27,2025-07-04,0.0,0.0,0.0,2.0
D,3,1,2025-07-04,2025-07-11,2.0,0.0,0.0,2.0
D,3,1,2025-07-11,2025-07-18,2.0,0.0,0.0,2.0
D,3,1,2025-07-18,2025-07-25,0.0,3.3109147548675537,2.4562671184539795,5.310914993286133
D,3,1,2025-07-25,2025-08-01,6.0,3.8400468826293945,2.9853992462158203,5.8400468826293945
D,3,1,2025-08-01,2025-08-08,2.0,1.4956004619598389,0.6409528255462646,3.495600461959839
D,3,1,2025-08-08,2025-08-15,0.0,0.0,0.0,2.0
D,3,1,2025-08-15,2025-08-22,0.0,0.0,0.0,2.1599531173706055
D,3,1,2025-08-22,2025-08-29,0.0,0.0,0.0,2.1599531173706055
D,3,2,2023-02-17,2023-03-03,0.0,0.0,0.0,1.0
D,3,2,2023-02-24,2023-03-10,0.0,0.0,0.0,1.0
D,3,2,2023-03-03,2023-03-17,0.0,0.0,0.0,1.0
D,3,2,2023-03-10,2023-03-24,0.0,0.0,0.0,1.0
D,3,2,2023-03-17,2023-03-31,0.0,0.0,0.0,1.0
D,3,2,2023-03-24,2023-04-07,0.0,0.0,0.0,1.0
D,3,2,2023-03-31,2023-04-14,0.0,0.0,0.0,1.0
D,3,2,2023-04-07,2023-04-21,0.0,0.0,0.0,1.0
D,3,2,2023-04-14,2023-04-28,0.0,0.0,0.0,1.0
D,3,2,2023-04-21,2023-05-05,0.0,0.0,0.0,1.0
D,3,2,2023-04-28,2023-05-12,0.0,0.0,0.0,1.0
D,3,2,2023-05-05,2023-05-19,1.0,0.0,0.0,1.0
D,3,2,2023-05-12,2023-05-26,0.0,0.0,0.0,1.0
D,3,2,2023-05-19,2023-06-02,0.0,0.0,0.0,1.0
D,3,2,2023-05-26,2023-06-09,0.0,0.0,0.0,1.0
D,3,2,2023-06-02,2023-06-16,1.0,0.028117720037698746,0.0,1.0281177759170532
D,3,2,2023-06-09,2023-06-23,0.0,0.26969650387763977,0.10794028639793396,1.2696964740753174
D,3,2,2023-06-16,2023-06-30,0.0,0.0,0.0,1.0
D,3,2,2023-06-23,2023-07-07,0.0,0.09622372686862946,0.0,1.0962237119674683
D,3,2,2023-06-30,2023-07-14,0.0,0.045356635004282,0.0,1.0453566312789917
D,3,2,2023-07-07,2023-07-21,0.0,0.20779363811016083,0.0,1.2077935934066772
D,3,2,2023-07-14,2023-07-28,0.0,0.3540629744529724,0.08436647057533264,1.3540630340576172
D,3,2,2023-07-21,2023-08-04,1.0,0.39171722531318665,0.12202072143554688,1.3917171955108643
D,3,2,2023-07-28,2023-08-11,1.0,0.779032289981842,0.5093357563018799,1.7790322303771973
D,3,2,2023-08-04,2023-08-18,0.0,0.2692373991012573,0.0,1.2692373991012573
D,3,2,2023-08-11,2023-08-25,0.0,0.0,0.0,1.0
D,3,2,2023-08-18,2023-09-01,0.0,0.05826142057776451,0.0,1.0582613945007324
D,3,2,2023-08-25,2023-09-08,0.0,0.3442837595939636,0.0,1.3442838191986084
D,3,2,2023-09-01,2023-09-15,1.0,0.7803806662559509,0.4263176918029785,1.7803807258605957
D,3,2,2023-09-08,2023-09-22,0.0,0.2615237534046173,0.0,1.261523723602295
D,3,2,2023-09-15,2023-09-29,0.0,0.0,0.0,1.0
D,3,2,2023-09-22,2023-10-06,0.0,0.3058690130710602,0.0,1.3058689832687378
D,3,2,2023-09-29,2023-10-13,0.0,0.4557283818721771,0.10166540741920471,1.4557284116744995
D,3,2,2023-10-06,2023-10-20,0.0,0.0351729653775692,0.0,1.035172939300537
D,3,2,2023-10-13,2023-10-27,0.0,0.027293357998132706,0.0,1.02729332447052
D,3,2,2023-10-20,2023-11-03,1.0,0.0493682436645031,0.0,1.0493682622909546
D,3,2,2023-10-27,2023-11-10,0.0,0.0,0.0,1.0
D,3,2,2023-11-03,2023-11-17,0.0,0.0,0.0,1.0
D,3,2,2023-11-10,2023-11-24,0.0,0.0,0.0,1.0
D,3,2,2023-11-17,2023-12-01,0.0,0.0,0.0,1.0
D,3,2,2023-11-24,2023-12-08,0.0,0.0,0.0,1.0
D,3,2,2023-12-01,2023-12-15,0.0,0.0,0.0,1.0
D,3,2,2023-12-08,2023-12-22,0.0,0.0,0.0,1.0
D,3,2,2023-12-15,2023-12-29,0.0,0.0,0.0,1.0
D,3,2,2023-12-22,2024-01-05,0.0,0.0,0.0,1.0
D,3,2,2023-12-29,2024-01-12,0.0,0.0,0.0,1.0
D,3,2,2024-01-05,2024-01-19,0.0,0.0,0.0,1.0
D,3,2,2024-01-12,2024-01-26,0.0,0.0,0.0,1.0
D,3,2,2024-01-19,2024-02-02,0.0,0.0,0.0,1.0
D,3,2,2024-01-26,2024-02-09,0.0,0.0,0.0,1.0
D,3,2,2024-02-02,2024-02-16,0.0,0.0,0.0,1.0
D,3,2,2024-02-09,2024-02-23,0.0,0.0,0.0,1.0
D,3,2,2024-02-16,2024-03-01,0.0,0.0,0.0,1.0
D,3,2,2024-02-23,2024-03-08,0.0,0.0,0.0,1.0
D,3,2,2024-03-01,2024-03-15,0.0,0.0,0.0,1.0
D,3,2,2024-03-08,2024-03-22,0.0,0.0,0.0,1.0
D,3,2,2024-03-15,2024-03-29,0.0,0.0,0.0,1.0
D,3,2,2024-03-22,2024-04-05,0.0,0.0,0.0,1.0
D,3,2,2024-03-29,2024-04-12,0.0,0.0,0.0,1.0
D,3,2,2024-04-05,2024-04-19,0.0,0.0,0.0,1.0
D,3,2,2024-04-12,2024-04-26,0.0,0.0,0.0,1.0
D,3,2,2024-04-19,2024-05-03,0.0,0.0,0.0,1.0
D,3,2,2024-04-26,2024-05-10,0.0,0.0,0.0,1.0
D,3,2,2024-05-03,2024-05-17,0.0,0.0,0.0,1.0
D,3,2,2024-05-10,2024-05-24,0.0,0.0,0.0,1.0
D,3,2,2024-05-17,2024-05-31,0.0,0.0,0.0,1.0
D,3,2,2024-05-24,2024-06-07,1.0,0.19888737797737122,0.0,1.1988873481750488
D,3,2,2024-05-31,2024-06-14,0.0,0.032539885491132736,0.0,1.0044221878051758
D,3,2,2024-06-07,2024-06-21,0.0,0.1308380663394928,0.0,1.1027203798294067
D,3,2,2024-06-14,2024-06-28,0.0,0.28982678055763245,0.0,1.2617090940475464
D,3,2,2024-06-21,2024-07-05,0.0,0.3863445222377777,0.0,1.3582267761230469
D,3,2,2024-06-28,2024-07-12,0.0,0.26275503635406494,0.0,1.2133867740631104
D,3,2,2024-07-05,2024-07-19,0.0,0.3020061254501343,0.0,1.2526378631591797
D,3,2,2024-07-12,2024-07-26,1.0,0.2927895486354828,0.0,1.2434213161468506
D,3,2,2024-07-19,2024-08-02,0.0,1.0169949531555176,0.5612665414810181,1.967626690864563
D,3,2,2024-07-26,2024-08-09,2.0,0.07997933030128479,0.0,1.0306110382080078
D,3,2,2024-08-02,2024-08-16,1.0,0.1028214693069458,0.0,1.0534532070159912
D,3,2,2024-08-09,2024-08-23,1.0,0.07158717513084412,0.0,1.022218942642212
D,3,2,2024-08-16,2024-08-30,0.0,0.18181677162647247,0.0,1.1324485540390015
D,3,2,2024-08-23,2024-09-06,0.0,0.2416195422410965,0.0,2.161640167236328
D,3,2,2024-08-30,2024-09-13,0.0,0.8435711860656738,0.0,2.763591766357422
D,3,2,2024-09-06,2024-09-20,2.0,0.34124746918678284,0.0,2.261268138885498
D,3,2,2024-09-13,2024-09-27,1.0,0.3639872670173645,0.0,2.284008026123047
D,3,2,2024-09-20,2024-10-04,2.0,0.06997071206569672,0.0,1.9899914264678955
D,3,2,2024-09-27,2024-10-11,0.0,0.27320361137390137,0.0,2.1932244300842285
D,3,2,2024-10-04,2024-10-18,0.0,0.034885358065366745,0.0,1.9549061059951782
D,3,2,2024-10-11,2024-10-25,0.0,0.11700375378131866,0.0,2.03702449798584
D,3,2,2024-10-18,2024-11-01,0.0,0.396903932094574,0.0,2.3269331455230713
D,3,2,2024-10-25,2024-11-08,1.0,0.333302766084671,0.0,2.2633321285247803
D,3,2,2024-11-01,2024-11-15,0.0,0.00807001069188118,0.0,1.9380992650985718
D,3,2,2024-11-08,2024-11-22,0.0,0.0,0.0,1.930029273033142
D,3,2,2024-11-15,2024-11-29,0.0,0.0,0.0,1.930029273033142
D,3,2,2024-11-22,2024-12-06,0.0,0.0,0.0,1.930029273033142
D,3,2,2024-11-29,2024-12-13,0.0,0.0,0.0,1.930029273033142
D,3,2,2024-12-06,2024-12-20,0.0,0.02707633003592491,0.0,1.9571056365966797
D,3,2,2024-12-13,2024-12-27,0.0,0.0,0.0,1.930029273033142
D,3,2,2024-12-20,2025-01-03,0.0,0.0,0.0,1.930029273033142
D,3,2,2024-12-27,2025-01-10,0.0,0.0,0.0,1.930029273033142
D,3,2,2025-01-03,2025-01-17,0.0,0.0,0.0,1.930029273033142
D,3,2,2025-01-10,2025-01-24,0.0,0.0,0.0,1.930029273033142
D,3,2,2025-01-17,2025-01-31,0.0,0.0,0.0,1.930029273033142
D,3,2,2025-01-24,2025-02-07,0.0,0.0,0.0,1.930029273033142
D,3,2,2025-01-31,2025-02-14,0.0,0.0,0.0,1.930029273033142
D,3,2,2025-02-07,2025-02-21,0.0,0.0,0.0,1.930029273033142
D,3,2,2025-02-14,2025-02-28,1.0,0.0,0.0,1.930029273033142
D,3,2,2025-02-21,2025-03-07,0.0,0.0,0.0,1.930029273033142
D,3,2,2025-02-28,2025-03-14,0.0,0.0,0.0,1.930029273033142
D,3,2,2025-03-07,2025-03-21,0.0,0.0,0.0,1.930029273033142
D,3,2,2025-03-14,2025-03-28,0.0,0.0,0.0,1.930029273033142
D,3,2,2025-03-21,2025-04-04,0.0,0.0,0.0,1.930029273033142
D,3,2,2025-03-28,2025-04-11,0.0,0.0,0.0,1.930029273033142
D,3,2,2025-04-04,2025-04-18,1.0,0.0,0.0,1.930029273033142
D,3,2,2025-04-11,2025-04-25,0.0,0.0,0.0,1.930029273033142
D,3,2,2025-04-18,2025-05-02,0.0,0.0,0.0,1.930029273033142
D,3,2,2025-04-25,2025-05-09,0.0,0.0,0.0,1.930029273033142
D,3,2,2025-05-02,2025-05-16,0.0,0.0,0.0,1.930029273033142
D,3,2,2025-05-09,2025-05-23,0.0,0.0,0.0,1.930029273033142
D,3,2,2025-05-16,2025-05-30,0.0,0.0,0.0,1.930029273033142
D,3,2,2025-05-23,2025-06-06,0.0,0.0,0.0,1.930029273033142
D,3,2,2025-05-30,2025-06-13,0.0,0.18367789685726166,0.0,2.1137070655822754
D,3,2,2025-06-06,2025-06-20,0.0,0.3819894790649414,0.0,2.312018871307373
D,3,2,2025-06-13,2025-06-27,1.0,0.0,0.0,1.930029273033142
D,3,2,2025-06-20,2025-07-04,0.0,0.15398313105106354,0.0,2.084012508392334
D,3,2,2025-06-27,2025-07-11,2.0,0.29122379422187805,0.0,2.2212531566619873
D,3,2,2025-07-04,2025-07-18,2.0,0.8952040672302246,0.0,2.8252334594726562
D,3,2,2025-07-11,2025-07-25,0.0,0.7637134790420532,0.0,2.6937427520751953
D,3,2,2025-07-18,2025-08-01,6.0,2.29469895362854,1.2777040004730225,4.224728107452393
D,3,2,2025-07-25,2025-08-08,2.0,1.2895933389663696,0.27259838581085205,3.2196226119995117
D,3,2,2025-08-01,2025-08-15,0.0,0.023276399821043015,0.0,1.953305721282959
D,3,2,2025-08-08,2025-08-22,0.0,0.0,0.0,1.930029273033142
D,3,2,2025-08-15,2025-08-29,0.0,0.37070125341415405,0.0,4.07600212097168
D,3,2,2025-08-22,2025-09-05,,0.9820160865783691,0.1384449005126953,4.68731689453125
D,3,4,2023-02-17,2023-03-17,0.0,0.0,0.0,1.0
D,3,4,2023-02-24,2023-03-24,0.0,0.0,0.0,1.0
D,3,4,2023-03-03,2023-03-31,0.0,0.0,0.0,1.0
D,3,4,2023-03-10,2023-04-07,0.0,0.0,0.0,1.0
D,3,4,2023-03-17,2023-04-14,0.0,0.0,0.0,1.0
D,3,4,2023-03-24,2023-04-21,0.0,0.0,0.0,1.0
D,3,4,2023-03-31,2023-04-28,0.0,0.0,0.0,1.0
D,3,4,2023-04-07,2023-05-05,0.0,0.0,0.0,1.0
D,3,4,2023-04-14,2023-05-12,0.0,0.0,0.0,1.0
D,3,4,2023-04-21,2023-05-19,1.0,0.0,0.0,1.0
D,3,4,2023-04-28,2023-05-26,0.0,0.0,0.0,1.0
D,3,4,2023-05-05,2023-06-02,0.0,0.0,0.0,1.0
D,3,4,2023-05-12,2023-06-09,0.0,0.043353304266929626,0.0,1.0433533191680908
D,3,4,2023-05-19,2023-06-16,1.0,0.0,0.0,1.0
D,3,4,2023-05-26,2023-06-23,0.0,0.07650918513536453,0.0,1.0765092372894287
D,3,4,2023-06-02,2023-06-30,0.0,0.12659715116024017,0.0,1.1265971660614014
D,3,4,2023-06-09,2023-07-07,0.0,0.28631463646888733,0.0,1.286314606666565
D,3,4,2023-06-16,2023-07-14,0.0,0.0642274022102356,0.0,1.0642273426055908
D,3,4,2023-06-23,2023-07-21,0.0,0.6802241206169128,0.0,1.6802241802215576
D,3,4,2023-06-30,2023-07-28,0.0,0.6935636401176453,0.0,1.69356369972229
D,3,4,2023-07-07,2023-08-04,1.0,0.7292485237121582,0.0,1.7292485237121582
D,3,4,2023-07-14,2023-08-11,1.0,0.667251706123352,0.0,1.667251706123352
D,3,4,2023-07-21,2023-08-18,0.0,0.0,0.0,1.0
D,3,4,2023-07-28,2023-08-25,0.0,0.0,0.0,1.0
D,3,4,2023-08-04,2023-09-01,0.0,0.25367429852485657,0.0,1.2536742687225342
D,3,4,2023-08-11,2023-09-08,0.0,0.40415090322494507,0.0,1.4041509628295898
D,3,4,2023-08-18,2023-09-15,1.0,0.8642635345458984,0.17069989442825317,1.8642635345458984
D,3,4,2023-08-25,2023-09-22,0.0,0.5270183682441711,0.0,1.5270183086395264
D,3,4,2023-09-01,2023-09-29,0.0,0.5030562877655029,0.0,1.503056287765503
D,3,4,2023-09-08,2023-10-06,0.0,0.003984728828072548,0.0,1.0039846897125244
D,3,4,2023-09-15,2023-10-13,0.0,0.0,0.0,1.0
D,3,4,2023-09-22,2023-10-20,0.0,0.5940988659858704,0.0,1.5940988063812256
D,3,4,2023-09-29,2023-10-27,0.0,0.5175089836120605,0.0,1.5175089836120605
D,3,4,2023-10-06,2023-11-03,1.0,0.04177388548851013,0.0,1.0417739152908325
D,3,4,2023-10-13,2023-11-10,0.0,0.1514340043067932,0.0,1.1514339447021484
D,3,4,2023-10-20,2023-11-17,0.0,0.0,0.0,1.0
D,3,4,2023-10-27,2023-11-24,0.0,0.0,0.0,1.0
D,3,4,2023-11-03,2023-12-01,0.0,0.0,0.0,1.0
D,3,4,2023-11-10,2023-12-08,0.0,0.0,0.0,1.0
D,3,4,2023-11-17,2023-12-15,0.0,0.0,0.0,1.0
D,3,4,2023-11-24,2023-12-22,0.0,0.0,0.0,1.0
D,3,4,2023-12-01,2023-12-29,0.0,0.0,0.0,1.0
D,3,4,2023-12-08,2024-01-05,0.0,0.0,0.0,1.0
D,3,4,2023-12-15,2024-01-12,0.0,0.0,0.0,1.0
D,3,4,2023-12-22,2024-01-19,0.0,0.0,0.0,1.0
D,3,4,2023-12-29,2024-01-26,0.0,0.0,0.0,1.0
D,3,4,2024-01-05,2024-02-02,0.0,0.0,0.0,1.0
D,3,4,2024-01-12,2024-02-09,0.0,0.0,0.0,1.0
D,3,4,2024-01-19,2024-02-16,0.0,0.0,0.0,1.0
D,3,4,2024-01-26,2024-02-23,0.0,0.0,0.0,1.0
D,3,4,2024-02-02,2024-03-01,0.0,0.0,0.0,1.0
D,3,4,2024-02-09,2024-03-08,0.0,0.0,0.0,1.0
D,3,4,2024-02-16,2024-03-15,0.0,0.0,0.0,1.0
D,3,4,2024-02-23,2024-03-22,0.0,0.0,0.0,1.0
D,3,4,2024-03-01,2024-03-29,0.0,0.0,0.0,1.0
D,3,4,2024-03-08,2024-04-05,0.0,0.0,0.0,1.0
D,3,4,2024-03-15,2024-04-12,0.0,0.0,0.0,1.0
D,3,4,2024-03-22,2024-04-19,0.0,0.0,0.0,1.0
D,3,4,2024-03-29,2024-04-26,0.0,0.0,0.0,1.0
D,3,4,2024-04-05,2024-05-03,0.0,0.0,0.0,1.0
D,3,4,2024-04-12,2024-05-10,0.0,0.0,0.0,1.0
D,3,4,2024-04-19,2024-05-17,0.0,0.0,0.0,1.0
D,3,4,2024-04-26,2024-05-24,0.0,0.0,0.0,1.0
D,3,4,2024-05-03,2024-05-31,0.0,0.0,0.0,1.0
D,3,4,2024-05-10,2024-06-07,1.0,0.0,0.0,1.0
D,3,4,2024-05-17,2024-06-14,0.0,0.0,0.0,1.0
D,3,4,2024-05-24,2024-06-21,0.0,0.0,0.0,1.0
D,3,4,2024-05-31,2024-06-28,0.0,0.055249765515327454,0.0,1.055249810218811
D,3,4,2024-06-07,2024-07-05,0.0,0.6196033358573914,0.0,1.6196033954620361
D,3,4,2024-06-14,2024-07-12,0.0,1.5795416831970215,0.8859780430793762,2.5795416831970215
D,3,4,2024-06-21,2024-07-19,0.0,1.8580517768859863,1.1644880771636963,2.8580517768859863
D,3,4,2024-06-28,2024-07-26,1.0,1.2571340799331665,0.5635704398155212,2.257133960723877
D,3,4,2024-07-05,2024-08-02,0.0,0.9475140571594238,0.25395041704177856,1.9475140571594238
D,3,4,2024-07-12,2024-08-09,2.0,0.9857697486877441,0.2922061085700989,1.9857697486877441
D,3,4,2024-07-19,2024-08-16,1.0,0.41774746775627136,0.0,1.4177474975585938
D,3,4,2024-07-26,2024-08-23,1.0,0.30107399821281433,0.0,1.3010740280151367
D,3,4,2024-08-02,2024-08-30,0.0,1.0373358726501465,0.0,2.0373358726501465
D,3,4,2024-08-09,2024-09-06,0.0,0.9469376802444458,0.0,1.9469376802444458
D,3,4,2024-08-16,2024-09-13,0.0,1.212597370147705,0.0,2.212597370147705
D,3,4,2024-08-23,2024-09-20,2.0,0.6217226386070251,0.0,1.6359529495239258
D,3,4,2024-08-30,2024-09-27,1.0,0.46275410056114197,0.0,1.4769843816757202
D,3,4,2024-09-06,2024-10-04,2.0,0.0,0.0,1.0142302513122559
D,3,4,2024-09-13,2024-10-11,0.0,0.3767743408679962,0.0,1.3910045623779297
D,3,4,2024-09-20,2024-10-18,0.0,0.4869402348995209,0.0,1.5011705160140991
D,3,4,2024-09-27,2024-10-25,0.0,0.5939143896102905,0.0,1.6081446409225464
D,3,4,2024-10-04,2024-11-01,0.0,0.5114638209342957,0.0,1.8897411823272705
D,3,4,2024-10-11,2024-11-08,1.0,0.3502393066883087,0.0,1.7285165786743164
D,3,4,2024-10-18,2024-11-15,0.0,0.13142181932926178,0.0,2.1314218044281006
D,3,4,2024-10-25,2024-11-22,0.0,0.0,0.0,2.0
D,3,4,2024-11-01,2024-11-29,0.0,0.0,0.0,2.0
D,3,4,2024-11-08,2024-12-06,0.0,0.0,0.0,2.0
D,3,4,2024-11-15,2024-12-13,0.0,0.0,0.0,2.0
D,3,4,2024-11-22,2024-12-20,0.0,0.0,0.0,2.0
D,3,4,2024-11-29,2024-12-27,0.0,0.0,0.0,2.0
D,3,4,2024-12-06,2025-01-03,0.0,0.0,0.0,2.0
D,3,4,2024-12-13,2025-01-10,0.0,0.0,0.0,2.0
D,3,4,2024-12-20,2025-01-17,0.0,0.0,0.0,2.0
D,3,4,2024-12-27,2025-01-24,0.0,0.0,0.0,2.0
D,3,4,2025-01-03,2025-01-31,0.0,0.0,0.0,2.0
D,3,4,2025-01-10,2025-02-07,0.0,0.0,0.0,2.0
D,3,4,2025-01-17,2025-02-14,0.0,0.0,0.0,2.0
D,3,4,2025-01-24,2025-02-21,0.0,0.0,0.0,2.0
D,3,4,2025-01-31,2025-02-28,1.0,0.0,0.0,2.0
D,3,4,2025-02-07,2025-03-07,0.0,0.0,0.0,2.0
D,3,4,2025-02-14,2025-03-14,0.0,0.0,0.0,2.0
D,3,4,2025-02-21,2025-03-21,0.0,0.0,0.0,2.0
D,3,4,2025-02-28,2025-03-28,0.0,0.0,0.0,2.0
D,3,4,2025-03-07,2025-04-04,0.0,0.0,0.0,2.0
D,3,4,2025-03-14,2025-04-11,0.0,0.0,0.0,2.0
D,3,4,2025-03-21,2025-04-18,1.0,0.0,0.0,2.0
D,3,4,2025-03-28,2025-04-25,0.0,0.0,0.0,2.0
D,3,4,2025-04-04,2025-05-02,0.0,0.0,0.0,2.0
D,3,4,2025-04-11,2025-05-09,0.0,0.0,0.0,2.0
D,3,4,2025-04-18,2025-05-16,0.0,0.0,0.0,2.0
D,3,4,2025-04-25,2025-05-23,0.0,0.0,0.0,2.0
D,3,4,2025-05-02,2025-05-30,0.0,0.0,0.0,2.0
D,3,4,2025-05-09,2025-06-06,0.0,0.0,0.0,2.0
D,3,4,2025-05-16,2025-06-13,0.0,0.0,0.0,2.0
D,3,4,2025-05-23,2025-06-20,0.0,0.0,0.0,2.0
D,3,4,2025-05-30,2025-06-27,1.0,0.02346794866025448,0.0,2.023468017578125
D,3,4,2025-06-06,2025-07-04,0.0,0.07209213078022003,0.0,2.072092056274414
D,3,4,2025-06-13,2025-07-11,2.0,0.3276048004627228,0.0,2.3276047706604004
D,3,4,2025-06-20,2025-07-18,2.0,1.3954808712005615,0.0,3.3954808712005615
D,3,4,2025-06-27,2025-07-25,0.0,1.6686112880706787,0.0,3.6686112880706787
D,3,4,2025-07-04,2025-08-01,6.0,1.8524681329727173,0.0,3.8524680137634277
D,3,4,2025-07-11,2025-08-08,2.0,0.8856876492500305,0.0,2.8856875896453857
D,3,4,2025-07-18,2025-08-15,0.0,1.5357261896133423,0.0,3.5357260704040527
D,3,4,2025-07-25,2025-08-22,0.0,0.5236358642578125,0.0,2.5236358642578125
D,3,4,2025-08-01,2025-08-29,0.0,0.6652984023094177,0.0,2.6652984619140625
D,3,4,2025-08-08,2025-09-05,,1.1284054517745972,0.0,3.1284055709838867
D,3,4,2025-08-15,2025-09-12,,0.6418465971946716,0.0,4.789378643035889
D,3,4,2025-08-22,2025-09-19,,0.5290236473083496,0.0,4.676555633544922
D,3,8,2023-02-17,2023-04-14,0.0,0.0,0.0,1.0
D,3,8,2023-02-24,2023-04-21,0.0,0.0,0.0,1.0
D,3,8,2023-03-03,2023-04-28,0.0,0.0,0.0,1.0
D,3,8,2023-03-10,2023-05-05,0.0,0.0,0.0,1.0
D,3,8,2023-03-17,2023-05-12,0.0,0.0,0.0,1.0
D,3,8,2023-03-24,2023-05-19,1.0,0.0,0.0,1.0
D,3,8,2023-03-31,2023-05-26,0.0,0.0,0.0,1.0
D,3,8,2023-04-07,2023-06-02,0.0,0.0,0.0,1.0
D,3,8,2023-04-14,2023-06-09,0.0,0.0,0.0,1.0
D,3,8,2023-04-21,2023-06-16,1.0,0.0,0.0,1.0
D,3,8,2023-04-28,2023-06-23,0.0,0.0,0.0,1.0
D,3,8,2023-05-05,2023-06-30,0.0,0.0,0.0,1.0
D,3,8,2023-05-12,2023-07-07,0.0,0.14635132253170013,0.0,1.1463513374328613
D,3,8,2023-05-19,2023-07-14,0.0,0.15942206978797913,0.0,1.1594220399856567
D,3,8,2023-05-26,2023-07-21,0.0,0.1909174621105194,0.0,1.1909174919128418
D,3,8,2023-06-02,2023-07-28,0.0,0.4105321764945984,0.0,1.4105322360992432
D,3,8,2023-06-09,2023-08-04,1.0,0.6721144318580627,0.0,1.672114372253418
D,3,8,2023-06-16,2023-08-11,1.0,1.026019811630249,0.3439481854438782,2.026019811630249
D,3,8,2023-06-23,2023-08-18,0.0,0.5703100562095642,0.0,1.570310115814209
D,3,8,2023-06-30,2023-08-25,0.0,0.8485261797904968,0.16645455360412598,1.8485262393951416
D,3,8,2023-07-07,2023-09-01,0.0,0.2974095642566681,0.0,1.2974095344543457
D,3,8,2023-07-14,2023-09-08,0.0,0.4358876347541809,0.0,1.4358875751495361
D,3,8,2023-07-21,2023-09-15,1.0,0.3962286710739136,0.06376546621322632,1.3962286710739136
D,3,8,2023-07-28,2023-09-22,0.0,0.8711830973625183,0.538719892501831,1.871183156967163
D,3,8,2023-08-04,2023-09-29,0.0,1.4938664436340332,1.1614031791687012,2.493866443634033
D,3,8,2023-08-11,2023-10-06,0.0,0.6685017943382263,0.25796961784362793,1.668501853942871
D,3,8,2023-08-18,2023-10-13,0.0,0.376132071018219,0.0,1.3761320114135742
D,3,8,2023-08-25,2023-10-20,0.0,0.0,0.0,1.0
D,3,8,2023-09-01,2023-10-27,0.0,0.0,0.0,1.0
D,3,8,2023-09-08,2023-11-03,1.0,0.0,0.0,1.0
D,3,8,2023-09-15,2023-11-10,0.0,0.0,0.0,1.0
D,3,8,2023-09-22,2023-11-17,0.0,0.05431754142045975,0.0,1.054317593574524
D,3,8,2023-09-29,2023-11-24,0.0,0.0,0.0,1.0
D,3,8,2023-10-06,2023-12-01,0.0,0.0,0.0,1.0
D,3,8,2023-10-13,2023-12-08,0.0,0.0,0.0,1.0
D,3,8,2023-10-20,2023-12-15,0.0,0.0,0.0,1.0
D,3,8,2023-10-27,2023-12-22,0.0,0.0,0.0,1.0
D,3,8,2023-11-03,2023-12-29,0.0,0.0,0.0,1.0
D,3,8,2023-11-10,2024-01-05,0.0,0.0,0.0,1.0
D,3,8,2023-11-17,2024-01-12,0.0,0.0,0.0,1.0
D,3,8,2023-11-24,2024-01-19,0.0,0.0,0.0,1.0
D,3,8,2023-12-01,2024-01-26,0.0,0.0,0.0,1.0
D,3,8,2023-12-08,2024-02-02,0.0,0.0,0.0,1.0
D,3,8,2023-12-15,2024-02-09,0.0,0.0,0.0,1.0
D,3,8,2023-12-22,2024-02-16,0.0,0.0,0.0,1.0
D,3,8,2023-12-29,2024-02-23,0.0,0.0,0.0,1.0
D,3,8,2024-01-05,2024-03-01,0.0,0.0,0.0,1.0
D,3,8,2024-01-12,2024-03-08,0.0,0.0,0.0,1.0
D,3,8,2024-01-19,2024-03-15,0.0,0.0,0.0,1.0
D,3,8,2024-01-26,2024-03-22,0.0,0.0,0.0,1.0
D,3,8,2024-02-02,2024-03-29,0.0,0.0,0.0,1.0
D,3,8,2024-02-09,2024-04-05,0.0,0.0,0.0,1.0
D,3,8,2024-02-16,2024-04-12,0.0,0.0,0.0,1.0
D,3,8,2024-02-23,2024-04-19,0.0,0.0,0.0,1.0
D,3,8,2024-03-01,2024-04-26,0.0,0.0,0.0,1.0
D,3,8,2024-03-08,2024-05-03,0.0,0.0,0.0,1.0
D,3,8,2024-03-15,2024-05-10,0.0,0.0,0.0,1.0
D,3,8,2024-03-22,2024-05-17,0.0,0.0,0.0,1.0
D,3,8,2024-03-29,2024-05-24,0.0,0.0,0.0,1.0
D,3,8,2024-04-05,2024-05-31,0.0,0.0,0.0,1.0
D,3,8,2024-04-12,2024-06-07,1.0,0.0,0.0,1.0
D,3,8,2024-04-19,2024-06-14,0.0,0.0,0.0,1.0
D,3,8,2024-04-26,2024-06-21,0.0,0.0,0.0,1.0
D,3,8,2024-05-03,2024-06-28,0.0,0.011644065380096436,0.0,1.0116441249847412
D,3,8,2024-05-10,2024-07-05,0.0,0.10112415999174118,0.0,1.1011241674423218
D,3,8,2024-05-17,2024-07-12,0.0,0.5996431112289429,0.0,1.5996431112289429
D,3,8,2024-05-24,2024-07-19,0.0,0.8573699593544006,0.0,1.8573698997497559
D,3,8,2024-05-31,2024-07-26,1.0,0.5018829107284546,0.0,1.5018829107284546
D,3,8,2024-06-07,2024-08-02,0.0,0.7982867360115051,0.0,1.7982866764068604
D,3,8,2024-06-14,2024-08-09,2.0,1.3571958541870117,0.0,2.3571958541870117
D,3,8,2024-06-21,2024-08-16,1.0,0.6821929812431335,0.0,1.6821930408477783
D,3,8,2024-06-28,2024-08-23,1.0,0.9153178334236145,0.0,1.9153177738189697
D,3,8,2024-07-05,2024-08-30,0.0,1.2646732330322266,0.0,2.2646732330322266
D,3,8,2024-07-12,2024-09-06,0.0,1.8402509689331055,0.34638452529907227,2.8402509689331055
D,3,8,2024-07-19,2024-09-13,0.0,2.4194138050079346,0.9255473613739014,3.4194138050079346
D,3,8,2024-07-26,2024-09-20,2.0,0.6461191177368164,0.0,1.6461191177368164
D,3,8,2024-08-02,2024-09-27,1.0,0.8637929558753967,0.0,1.863792896270752
D,3,8,2024-08-09,2024-10-04,2.0,0.6537180542945862,0.0,1.6537179946899414
D,3,8,2024-08-16,2024-10-11,0.0,0.0,0.0,1.0
D,3,8,2024-08-23,2024-10-18,0.0,0.0,0.0,1.0
D,3,8,2024-08-30,2024-10-25,0.0,0.19197770953178406,0.0,1.1919777393341064
D,3,8,2024-09-06,2024-11-01,0.0,0.24073339998722076,0.0,1.2407333850860596
D,3,8,2024-09-13,2024-11-08,1.0,0.542979896068573,0.0,1.5429799556732178
D,3,8,2024-09-20,2024-11-15,0.0,0.1840185821056366,0.0,1.184018611907959
D,3,8,2024-09-27,2024-11-22,0.0,0.0,0.0,1.0
D,3,8,2024-10-04,2024-11-29,0.0,0.05012117326259613,0.0,1.404002070426941
D,3,8,2024-10-11,2024-12-06,0.0,0.0,0.0,1.3538808822631836
D,3,8,2024-10-18,2024-12-13,0.0,0.024483419954776764,0.0,1.3783643245697021
D,3,8,2024-10-25,2024-12-20,0.0,0.0,0.0,1.3538808822631836
D,3,8,2024-11-01,2024-12-27,0.0,0.0,0.0,1.3538808822631836
D,3,8,2024-11-08,2025-01-03,0.0,0.0,0.0,1.3538808822631836
D,3,8,2024-11-15,2025-01-10,0.0,0.0,0.0,1.3538808822631836
D,3,8,2024-11-22,2025-01-17,0.0,0.0,0.0,1.3538808822631836
D,3,8,2024-11-29,2025-01-24,0.0,0.0,0.0,1.3538808822631836
D,3,8,2024-12-06,2025-01-31,0.0,0.0,0.0,1.3538808822631836
D,3,8,2024-12-13,2025-02-07,0.0,0.0,0.0,1.3538808822631836
D,3,8,2024-12-20,2025-02-14,0.0,0.0,0.0,1.3538808822631836
D,3,8,2024-12-27,2025-02-21,0.0,0.0,0.0,1.3538808822631836
D,3,8,2025-01-03,2025-02-28,1.0,0.0,0.0,1.3538808822631836
D,3,8,2025-01-10,2025-03-07,0.0,0.0,0.0,1.3538808822631836
D,3,8,2025-01-17,2025-03-14,0.0,0.0,0.0,1.3538808822631836
D,3,8,2025-01-24,2025-03-21,0.0,0.0,0.0,1.3538808822631836
D,3,8,2025-01-31,2025-03-28,0.0,0.0,0.0,1.3538808822631836
D,3,8,2025-02-07,2025-04-04,0.0,0.0,0.0,1.3538808822631836
D,3,8,2025-02-14,2025-04-11,0.0,0.0,0.0,1.3538808822631836
D,3,8,2025-02-21,2025-04-18,1.0,0.0,0.0,1.3538808822631836
D,3,8,2025-02-28,2025-04-25,0.0,0.0,0.0,1.3538808822631836
D,3,8,2025-03-07,2025-05-02,0.0,0.0,0.0,1.3538808822631836
D,3,8,2025-03-14,2025-05-09,0.0,0.0,0.0,1.3538808822631836
D,3,8,2025-03-21,2025-05-16,0.0,0.0,0.0,1.3538808822631836
D,3,8,2025-03-28,2025-05-23,0.0,0.0,0.0,1.3538808822631836
D,3,8,2025-04-04,2025-05-30,0.0,0.0,0.0,1.3538808822631836
D,3,8,2025-04-11,2025-06-06,0.0,0.0,0.0,1.3538808822631836
D,3,8,2025-04-18,2025-06-13,0.0,0.0,0.0,1.3538808822631836
D,3,8,2025-04-25,2025-06-20,0.0,0.0,0.0,1.3538808822631836
D,3,8,2025-05-02,2025-06-27,1.0,0.0,0.0,1.3538808822631836
D,3,8,2025-05-09,2025-07-04,0.0,0.029283389449119568,0.0,1.3831642866134644
D,3,8,2025-05-16,2025-07-11,2.0,0.27466219663619995,0.0,1.6285431385040283
D,3,8,2025-05-23,2025-07-18,2.0,0.4515305459499359,0.0,1.805411458015442
D,3,8,2025-05-30,2025-07-25,0.0,0.42439302802085876,0.0,1.7782739400863647
D,3,8,2025-06-06,2025-08-01,6.0,0.8509291410446167,0.0,2.20481014251709
D,3,8,2025-06-13,2025-08-08,2.0,0.163283109664917,0.0,1.5171639919281006
D,3,8,2025-06-20,2025-08-15,0.0,0.4019140899181366,0.0,1.7557950019836426
D,3,8,2025-06-27,2025-08-22,0.0,0.31943291425704956,0.0,1.673313856124878
D,3,8,2025-07-04,2025-08-29,0.0,0.0,0.0,1.3538808822631836
D,3,8,2025-07-11,2025-09-05,,0.33208879828453064,0.0,1.6859697103500366
D,3,8,2025-07-18,2025-09-12,,0.8699433207511902,0.0,2.2238242626190186
D,3,8,2025-07-25,2025-09-19,,0.3600318133831024,0.0,2.08536958694458
D,3,8,2025-08-01,2025-09-26,,0.0,0.0,1.7253377437591553
D,3,8,2025-08-08,2025-10-03,,0.0,0.0,1.7253377437591553
D,3,8,2025-08-15,2025-10-10,,0.0,0.0,5.149070739746094
D,3,8,2025-08-22,2025-10-17,,0.0,0.0,5.149070739746094
D,3,12,2023-02-17,2023-05-12,0.0,0.0,0.0,1.0
D,3,12,2023-02-24,2023-05-19,1.0,0.0,0.0,1.0
D,3,12,2023-03-03,2023-05-26,0.0,0.0,0.0,1.0
D,3,12,2023-03-10,2023-06-02,0.0,0.0,0.0,1.0
D,3,12,2023-03-17,2023-06-09,0.0,0.0,0.0,1.0
D,3,12,2023-03-24,2023-06-16,1.0,0.0,0.0,1.0
D,3,12,2023-03-31,2023-06-23,0.0,0.0,0.0,1.0
D,3,12,2023-04-07,2023-06-30,0.0,0.0,0.0,1.0
D,3,12,2023-04-14,2023-07-07,0.0,0.0,0.0,1.0
D,3,12,2023-04-21,2023-07-14,0.0,0.0,0.0,1.0
D,3,12,2023-04-28,2023-07-21,0.0,0.0,0.0,1.0
D,3,12,2023-05-05,2023-07-28,0.0,0.0,0.0,1.0
D,3,12,2023-05-12,2023-08-04,1.0,0.0,0.0,1.0
D,3,12,2023-05-19,2023-08-11,1.0,0.0,0.0,1.0
D,3,12,2023-05-26,2023-08-18,0.0,0.0,0.0,1.0
D,3,12,2023-06-02,2023-08-25,0.0,0.0,0.0,1.0
D,3,12,2023-06-09,2023-09-01,0.0,0.0,0.0,1.0
D,3,12,2023-06-16,2023-09-08,0.0,0.0,0.0,1.0
D,3,12,2023-06-23,2023-09-15,1.0,0.0,0.0,1.0
D,3,12,2023-06-30,2023-09-22,0.0,0.0,0.0,1.0
D,3,12,2023-07-07,2023-09-29,0.0,0.0,0.0,1.0
D,3,12,2023-07-14,2023-10-06,0.0,0.0,0.0,1.0
D,3,12,2023-07-21,2023-10-13,0.0,0.0,0.0,1.0
D,3,12,2023-07-28,2023-10-20,0.0,0.0,0.0,1.0
D,3,12,2023-08-04,2023-10-27,0.0,0.0,0.0,1.0
D,3,12,2023-08-11,2023-11-03,1.0,0.0,0.0,1.0
D,3,12,2023-08-18,2023-11-10,0.0,0.0,0.0,1.0
D,3,12,2023-08-25,2023-11-17,0.0,0.0,0.0,1.0
D,3,12,2023-09-01,2023-11-24,0.0,0.0,0.0,1.0
D,3,12,2023-09-08,2023-12-01,0.0,0.0,0.0,1.0
D,3,12,2023-09-15,2023-12-08,0.0,0.0,0.0,1.0
D,3,12,2023-09-22,2023-12-15,0.0,0.0,0.0,1.0
D,3,12,2023-09-29,2023-12-22,0.0,0.0,0.0,1.0
D,3,12,2023-10-06,2023-12-29,0.0,0.0,0.0,1.0
D,3,12,2023-10-13,2024-01-05,0.0,0.0,0.0,1.0
D,3,12,2023-10-20,2024-01-12,0.0,0.0,0.0,1.0
D,3,12,2023-10-27,2024-01-19,0.0,0.0,0.0,1.0
D,3,12,2023-11-03,2024-01-26,0.0,0.0,0.0,1.0
D,3,12,2023-11-10,2024-02-02,0.0,0.0,0.0,1.0
D,3,12,2023-11-17,2024-02-09,0.0,0.0,0.0,1.0
D,3,12,2023-11-24,2024-02-16,0.0,0.0,0.0,1.0
D,3,12,2023-12-01,2024-02-23,0.0,0.0,0.0,1.0
D,3,12,2023-12-08,2024-03-01,0.0,0.0,0.0,1.0
D,3,12,2023-12-15,2024-03-08,0.0,0.0,0.0,1.0
D,3,12,2023-12-22,2024-03-15,0.0,0.0,0.0,1.0
D,3,12,2023-12-29,2024-03-22,0.0,0.0,0.0,1.0
D,3,12,2024-01-05,2024-03-29,0.0,0.0,0.0,1.0
D,3,12,2024-01-12,2024-04-05,0.0,0.0,0.0,1.0
D,3,12,2024-01-19,2024-04-12,0.0,0.0,0.0,1.0
D,3,12,2024-01-26,2024-04-19,0.0,0.0,0.0,1.0
D,3,12,2024-02-02,2024-04-26,0.0,0.0,0.0,1.0
D,3,12,2024-02-09,2024-05-03,0.0,0.0,0.0,1.0
D,3,12,2024-02-16,2024-05-10,0.0,0.0,0.0,1.0
D,3,12,2024-02-23,2024-05-17,0.0,0.0,0.0,1.0
D,3,12,2024-03-01,2024-05-24,0.0,0.0,0.0,1.0
D,3,12,2024-03-08,2024-05-31,0.0,0.0,0.0,1.0
D,3,12,2024-03-15,2024-06-07,1.0,0.0,0.0,1.0
D,3,12,2024-03-22,2024-06-14,0.0,0.0,0.0,1.0
D,3,12,2024-03-29,2024-06-21,0.0,0.0,0.0,1.0
D,3,12,2024-04-05,2024-06-28,0.0,0.0,0.0,1.0
D,3,12,2024-04-12,2024-07-05,0.0,0.0,0.0,1.0
D,3,12,2024-04-19,2024-07-12,0.0,0.0,0.0,1.0
D,3,12,2024-04-26,2024-07-19,0.0,0.0,0.0,1.0
D,3,12,2024-05-03,2024-07-26,1.0,0.0,0.0,1.0
D,3,12,2024-05-10,2024-08-02,0.0,0.0,0.0,1.0
D,3,12,2024-05-17,2024-08-09,2.0,0.0,0.0,1.0
D,3,12,2024-05-24,2024-08-16,1.0,0.0,0.0,1.0
D,3,12,2024-05-31,2024-08-23,1.0,0.0,0.0,1.0
D,3,12,2024-06-07,2024-08-30,0.0,0.0,0.0,1.0
D,3,12,2024-06-14,2024-09-06,0.0,0.0,0.0,1.0
D,3,12,2024-06-21,2024-09-13,0.0,0.0,0.0,1.0
D,3,12,2024-06-28,2024-09-20,2.0,0.0,0.0,1.0
D,3,12,2024-07-05,2024-09-27,1.0,0.0,0.0,1.0
D,3,12,2024-07-12,2024-10-04,2.0,0.0,0.0,1.0
D,3,12,2024-07-19,2024-10-11,0.0,0.0,0.0,1.0
D,3,12,2024-07-26,2024-10-18,0.0,0.0,0.0,1.0
D,3,12,2024-08-02,2024-10-25,0.0,0.0,0.0,1.0
D,3,12,2024-08-09,2024-11-01,0.0,0.0,0.0,1.0
D,3,12,2024-08-16,2024-11-08,1.0,0.0,0.0,1.0
D,3,12,2024-08-23,2024-11-15,0.0,0.0,0.0,2.0
D,3,12,2024-08-30,2024-11-22,0.0,0.0,0.0,2.0
D,3,12,2024-09-06,2024-11-29,0.0,0.0,0.0,2.0
D,3,12,2024-09-13,2024-12-06,0.0,0.0,0.0,2.0
D,3,12,2024-09-20,2024-12-13,0.0,0.0,0.0,2.0
D,3,12,2024-09-27,2024-12-20,0.0,0.0,0.0,2.0
D,3,12,2024-10-04,2024-12-27,0.0,0.0,0.0,2.0
D,3,12,2024-10-11,2025-01-03,0.0,0.0,0.0,2.0
D,3,12,2024-10-18,2025-01-10,0.0,0.0,0.0,2.0
D,3,12,2024-10-25,2025-01-17,0.0,0.0,0.0,2.0
D,3,12,2024-11-01,2025-01-24,0.0,0.0,0.0,2.0
D,3,12,2024-11-08,2025-01-31,0.0,0.0,0.0,2.0
D,3,12,2024-11-15,2025-02-07,0.0,0.0,0.0,2.0
D,3,12,2024-11-22,2025-02-14,0.0,0.0,0.0,2.0
D,3,12,2024-11-29,2025-02-21,0.0,0.0,0.0,2.0
D,3,12,2024-12-06,2025-02-28,1.0,0.0,0.0,2.0
D,3,12,2024-12-13,2025-03-07,0.0,0.0,0.0,2.0
D,3,12,2024-12-20,2025-03-14,0.0,0.0,0.0,2.0
D,3,12,2024-12-27,2025-03-21,0.0,0.0,0.0,2.0
D,3,12,2025-01-03,2025-03-28,0.0,0.0,0.0,2.0
D,3,12,2025-01-10,2025-04-04,0.0,0.0,0.0,2.0
D,3,12,2025-01-17,2025-04-11,0.0,0.0,0.0,2.0
D,3,12,2025-01-24,2025-04-18,1.0,0.0,0.0,2.0
D,3,12,2025-01-31,2025-04-25,0.0,0.0,0.0,2.0
D,3,12,2025-02-07,2025-05-02,0.0,0.0,0.0,2.0
D,3,12,2025-02-14,2025-05-09,0.0,0.0,0.0,2.0
D,3,12,2025-02-21,2025-05-16,0.0,0.0,0.0,2.0
D,3,12,2025-02-28,2025-05-23,0.0,0.0,0.0,2.0
D,3,12,2025-03-07,2025-05-30,0.0,0.0,0.0,2.0
D,3,12,2025-03-14,2025-06-06,0.0,0.0,0.0,2.0
D,3,12,2025-03-21,2025-06-13,0.0,0.0,0.0,2.0
D,3,12,2025-03-28,2025-06-20,0.0,0.0,0.0,2.0
D,3,12,2025-04-04,2025-06-27,1.0,0.0,0.0,2.0
D,3,12,2025-04-11,2025-07-04,0.0,0.0,0.0,2.0
D,3,12,2025-04-18,2025-07-11,2.0,0.0,0.0,2.0
D,3,12,2025-04-25,2025-07-18,2.0,0.0,0.0,2.0
D,3,12,2025-05-02,2025-07-25,0.0,0.0,0.0,2.0
D,3,12,2025-05-09,2025-08-01,6.0,0.0,0.0,2.0
D,3,12,2025-05-16,2025-08-08,2.0,0.0,0.0,2.0
D,3,12,2025-05-23,2025-08-15,0.0,0.0,0.0,2.0
D,3,12,2025-05-30,2025-08-22,0.0,0.0,0.0,2.0
D,3,12,2025-06-06,2025-08-29,0.0,0.0,0.0,2.0
D,3,12,2025-06-13,2025-09-05,,0.0,0.0,2.0
D,3,12,2025-06-20,2025-09-12,,0.0,0.0,2.0
D,3,12,2025-06-27,2025-09-19,,0.0,0.0,2.0
D,3,12,2025-07-04,2025-09-26,,0.0,0.0,2.0
D,3,12,2025-07-11,2025-10-03,,0.0,0.0,2.0
D,3,12,2025-07-18,2025-10-10,,0.0,0.0,2.0
D,3,12,2025-07-25,2025-10-17,,0.0,0.0,2.0
D,3,12,2025-08-01,2025-10-24,,0.0,0.0,2.0
D,3,12,2025-08-08,2025-10-31,,0.0,0.0,2.0
D,3,12,2025-08-15,2025-11-07,,0.0,0.0,6.0
D,3,12,2025-08-22,2025-11-14,,0.0,0.0,6.0
E,4,1,2023-02-17,2023-02-24,0.0,0.0,0.0,1.0
E,4,1,2023-02-24,2023-03-03,0.0,0.0,0.0,1.0
E,4,1,2023-03-03,2023-03-10,0.0,0.0,0.0,1.0
E,4,1,2023-03-10,2023-03-17,0.0,0.0,0.0,1.0
E,4,1,2023-03-17,2023-03-24,0.0,0.0,0.0,1.0
E,4,1,2023-03-24,2023-03-31,0.0,0.0,0.0,1.0
E,4,1,2023-03-31,2023-04-07,0.0,0.0,0.0,1.0
E,4,1,2023-04-07,2023-04-14,0.0,0.0,0.0,1.0
E,4,1,2023-04-14,2023-04-21,0.0,0.0,0.0,1.0
E,4,1,2023-04-21,2023-04-28,0.0,0.0,0.0,1.0
E,4,1,2023-04-28,2023-05-05,0.0,0.0,0.0,1.0
E,4,1,2023-05-05,2023-05-12,0.0,0.0,0.0,1.0
E,4,1,2023-05-12,2023-05-19,0.0,0.0,0.0,1.0
E,4,1,2023-05-19,2023-05-26,0.0,0.0,0.0,1.0
E,4,1,2023-05-26,2023-06-02,0.0,0.0,0.0,1.0
E,4,1,2023-06-02,2023-06-09,0.0,0.0,0.0,1.0
E,4,1,2023-06-09,2023-06-16,0.0,0.0,0.0,1.0
E,4,1,2023-06-16,2023-06-23,0.0,0.0,0.0,1.0
E,4,1,2023-06-23,2023-06-30,0.0,0.0,0.0,1.0
E,4,1,2023-06-30,2023-07-07,0.0,0.0,0.0,1.0
E,4,1,2023-07-07,2023-07-14,0.0,0.0,0.0,1.0
E,4,1,2023-07-14,2023-07-21,0.0,0.0,0.0,1.0
E,4,1,2023-07-21,2023-07-28,1.0,0.0,0.0,1.0
E,4,1,2023-07-28,2023-08-04,0.0,1.2036608457565308,1.2036608457565308,2.2036609649658203
E,4,1,2023-08-04,2023-08-11,1.0,1.06863272190094,1.06863272190094,2.0686326026916504
E,4,1,2023-08-11,2023-08-18,1.0,0.0,0.0,1.0
E,4,1,2023-08-18,2023-08-25,2.0,0.0,0.0,1.0
E,4,1,2023-08-25,2023-09-01,1.0,0.0,0.0,1.0
E,4,1,2023-09-01,2023-09-08,0.0,0.06894661486148834,0.0,1.0689465999603271
E,4,1,2023-09-08,2023-09-15,6.0,0.2632889747619629,0.0,2.263288974761963
E,4,1,2023-09-15,2023-09-22,0.0,0.0,0.0,2.0
E,4,1,2023-09-22,2023-09-29,0.0,0.0,0.0,2.0
E,4,1,2023-09-29,2023-10-06,1.0,0.0,0.0,5.736711025238037
E,4,1,2023-10-06,2023-10-13,0.0,0.0,0.0,5.736711025238037
E,4,1,2023-10-13,2023-10-20,0.0,0.0,0.0,5.736711025238037
E,4,1,2023-10-20,2023-10-27,0.0,0.0,0.0,5.736711025238037
E,4,1,2023-10-27,2023-11-03,0.0,0.0,0.0,5.736711025238037
E,4,1,2023-11-03,2023-11-10,0.0,0.0,0.0,5.736711025238037
E,4,1,2023-11-10,2023-11-17,0.0,0.0,0.0,5.736711025238037
E,4,1,2023-11-17,2023-11-24,0.0,0.0,0.0,5.736711025238037
E,4,1,2023-11-24,2023-12-01,0.0,0.0,0.0,5.736711025238037
E,4,1,2023-12-01,2023-12-08,0.0,0.0,0.0,5.736711025238037
E,4,1,2023-12-08,2023-12-15,0.0,0.0,0.0,5.736711025238037
E,4,1,2023-12-15,2023-12-22,0.0,0.0,0.0,5.736711025238037
E,4,1,2023-12-22,2023-12-29,0.0,0.0,0.0,5.736711025238037
E,4,1,2023-12-29,2024-01-05,0.0,0.0,0.0,5.736711025238037
E,4,1,2024-01-05,2024-01-12,0.0,0.0,0.0,5.736711025238037
E,4,1,2024-01-12,2024-01-19,0.0,0.0,0.0,5.736711025238037
E,4,1,2024-01-19,2024-01-26,0.0,0.0,0.0,5.736711025238037
E,4,1,2024-01-26,2024-02-02,0.0,0.0,0.0,5.736711025238037
E,4,1,2024-02-02,2024-02-09,0.0,0.0,0.0,5.736711025238037
E,4,1,2024-02-09,2024-02-16,0.0,0.0,0.0,5.736711025238037
E,4,1,2024-02-16,2024-02-23,0.0,0.0,0.0,5.736711025238037
E,4,1,2024-02-23,2024-03-01,0.0,0.0,0.0,5.736711025238037
E,4,1,2024-03-01,2024-03-08,0.0,0.0,0.0,5.736711025238037
E,4,1,2024-03-08,2024-03-15,0.0,0.0,0.0,5.736711025238037
E,4,1,2024-03-15,2024-03-22,0.0,0.0,0.0,5.736711025238037
E,4,1,2024-03-22,2024-03-29,0.0,0.0,0.0,5.736711025238037
E,4,1,2024-03-29,2024-04-05,0.0,0.0,0.0,5.736711025238037
E,4,1,2024-04-05,2024-04-12,0.0,0.0,0.0,5.736711025238037
E,4,1,2024-04-12,2024-04-19,0.0,0.0,0.0,5.736711025238037
E,4,1,2024-04-19,2024-04-26,0.0,0.0,0.0,5.736711025238037
E,4,1,2024-04-26,2024-05-03,0.0,0.0,0.0,5.736711025238037
E,4,1,2024-05-03,2024-05-10,0.0,0.0,0.0,5.736711025238037
E,4,1,2024-05-10,2024-05-17,0.0,0.0,0.0,5.736711025238037
E,4,1,2024-05-17,2024-05-24,0.0,0.0,0.0,5.736711025238037
E,4,1,2024-05-24,2024-05-31,0.0,0.0,0.0,5.736711025238037
E,4,1,2024-05-31,2024-06-07,0.0,0.0,0.0,5.736711025238037
E,4,1,2024-06-07,2024-06-14,0.0,0.0,0.0,5.736711025238037
E,4,1,2024-06-14,2024-06-21,0.0,0.0,0.0,5.736711025238037
E,4,1,2024-06-21,2024-06-28,0.0,0.0,0.0,5.736711025238037
E,4,1,2024-06-28,2024-07-05,0.0,0.0,0.0,5.736711025238037
E,4,1,2024-07-05,2024-07-12,0.0,0.0,0.0,5.736711025238037
E,4,1,2024-07-12,2024-07-19,0.0,0.0,0.0,5.736711025238037
E,4,1,2024-07-19,2024-07-26,0.0,0.0,0.0,5.736711025238037
E,4,1,2024-07-26,2024-08-02,3.0,0.81285160779953,0.0,6.549562454223633
E,4,1,2024-08-02,2024-08-09,3.0,0.03710578382015228,0.0,5.7738165855407715
E,4,1,2024-08-09,2024-08-16,0.0,0.0,0.0,5.736711025238037
E,4,1,2024-08-16,2024-08-23,0.0,0.0,0.0,5.736711025238037
E,4,1,2024-08-23,2024-08-30,0.0,0.0,0.0,5.736711025238037
E,4,1,2024-08-30,2024-09-06,0.0,0.0,0.0,5.736711025238037
E,4,1,2024-09-06,2024-09-13,3.0,1.2888084650039673,1.2198618650436401,7.025519371032715
E,4,1,2024-09-13,2024-09-20,0.0,1.5653364658355713,1.4963898658752441,7.3020477294921875
E,4,1,2024-09-20,2024-09-27,1.0,0.0,0.0,5.736711025238037
E,4,1,2024-09-27,2024-10-04,1.0,0.0,0.0,2.9628942012786865
E,4,1,2024-10-04,2024-10-11,1.0,0.0,0.0,2.9628942012786865
E,4,1,2024-10-11,2024-10-18,1.0,0.0,0.0,2.9628942012786865
E,4,1,2024-10-18,2024-10-25,1.0,0.0,0.0,2.9628942012786865
E,4,1,2024-10-25,2024-11-01,1.0,0.3253854513168335,0.0,3.2882795333862305
E,4,1,2024-11-01,2024-11-08,0.0,0.0,0.0,2.9628942012786865
E,4,1,2024-11-08,2024-11-15,1.0,0.0,0.0,2.9628942012786865
E,4,1,2024-11-15,2024-11-22,0.0,0.0,0.0,2.9628942012786865
E,4,1,2024-11-22,2024-11-29,0.0,0.0,0.0,2.9628942012786865
E,4,1,2024-11-29,2024-12-06,0.0,0.0,0.0,2.9628942012786865
E,4,1,2024-12-06,2024-12-13,0.0,0.0,0.0,2.9628942012786865
E,4,1,2024-12-13,2024-12-20,0.0,0.0,0.0,2.9628942012786865
E,4,1,2024-12-20,2024-12-27,0.0,0.0,0.0,2.9628942012786865
E,4,1,2024-12-27,2025-01-03,0.0,0.0,0.0,2.9628942012786865
E,4,1,2025-01-03,2025-01-10,0.0,0.0,0.0,2.9628942012786865
E,4,1,2025-01-10,2025-01-17,0.0,0.0,0.0,2.9628942012786865
E,4,1,2025-01-17,2025-01-24,1.0,0.0,0.0,2.9628942012786865
E,4,1,2025-01-24,2025-01-31,0.0,0.0,0.0,2.9628942012786865
E,4,1,2025-01-31,2025-02-07,0.0,0.0,0.0,2.9628942012786865
E,4,1,2025-02-07,2025-02-14,0.0,0.0,0.0,2.9628942012786865
E,4,1,2025-02-14,2025-02-21,1.0,0.0,0.0,2.9628942012786865
E,4,1,2025-02-21,2025-02-28,0.0,0.0,0.0,2.9628942012786865
E,4,1,2025-02-28,2025-03-07,0.0,0.0,0.0,2.9628942012786865
E,4,1,2025-03-07,2025-03-14,0.0,0.0,0.0,2.9628942012786865
E,4,1,2025-03-14,2025-03-21,0.0,0.0,0.0,2.9628942012786865
E,4,1,2025-03-21,2025-03-28,1.0,0.0,0.0,2.9628942012786865
E,4,1,2025-03-28,2025-04-04,1.0,0.0,0.0,2.9628942012786865
E,4,1,2025-04-04,2025-04-11,1.0,0.0,0.0,2.9628942012786865
E,4,1,2025-04-11,2025-04-18,0.0,0.0,0.0,2.9628942012786865
E,4,1,2025-04-18,2025-04-25,0.0,0.0,0.0,2.9628942012786865
E,4,1,2025-04-25,2025-05-02,0.0,0.0,0.0,2.9628942012786865
E,4,1,2025-05-02,2025-05-09,0.0,0.0,0.0,2.9628942012786865
E,4,1,2025-05-09,2025-05-16,0.0,0.0,0.0,2.9628942012786865
E,4,1,2025-05-16,2025-05-23,1.0,0.0,0.0,2.9628942012786865
E,4,1,2025-05-23,2025-05-30,0.0,0.0,0.0,2.9628942012786865
E,4,1,2025-05-30,2025-06-06,0.0,0.0,0.0,2.9628942012786865
E,4,1,2025-06-06,2025-06-13,0.0,0.0,0.0,2.9628942012786865
E,4,1,2025-06-13,2025-06-20,1.0,0.0,0.0,2.9628942012786865
E,4,1,2025-06-20,2025-06-27,1.0,0.0,0.0,2.9628942012786865
E,4,1,2025-06-27,2025-07-04,0.0,0.0,0.0,2.9628942012786865
E,4,1,2025-07-04,2025-07-11,0.0,0.0,0.0,2.9628942012786865
E,4,1,2025-07-11,2025-07-18,3.0,0.0,0.0,2.9628942012786865
E,4,1,2025-07-18,2025-07-25,1.0,3.2891504764556885,1.7238140106201172,6.252044677734375
E,4,1,2025-07-25,2025-08-01,7.0,2.244828224182129,0.6794917583465576,5.2077226638793945
E,4,1,2025-08-01,2025-08-08,1.0,1.6761592626571655,0.11082279682159424,4.676159381866455
E,4,1,2025-08-08,2025-08-15,0.0,0.0,0.0,3.0
E,4,1,2025-08-15,2025-08-22,1.0,0.0,0.0,4.755171775817871
E,4,1,2025-08-22,2025-08-29,1.0,0.0,0.0,4.755171775817871
E,4,2,2023-02-17,2023-03-03,0.0,0.0,0.0,1.0
E,4,2,2023-02-24,2023-03-10,0.0,0.0,0.0,1.0
E,4,2,2023-03-03,2023-03-17,0.0,0.0,0.0,1.0
E,4,2,2023-03-10,2023-03-24,0.0,0.0,0.0,1.0
E,4,2,2023-03-17,2023-03-31,0.0,0.0,0.0,1.0
E,4,2,2023-03-24,2023-04-07,0.0,0.0,0.0,1.0
E,4,2,2023-03-31,2023-04-14,0.0,0.0,0.0,1.0
E,4,2,2023-04-07,2023-04-21,0.0,0.0,0.0,1.0
E,4,2,2023-04-14,2023-04-28,0.0,0.0,0.0,1.0
E,4,2,2023-04-21,2023-05-05,0.0,0.0,0.0,1.0
E,4,2,2023-04-28,2023-05-12,0.0,0.0,0.0,1.0
E,4,2,2023-05-05,2023-05-19,0.0,0.0,0.0,1.0
E,4,2,2023-05-12,2023-05-26,0.0,0.0,0.0,1.0
E,4,2,2023-05-19,2023-06-02,0.0,0.0,0.0,1.0
E,4,2,2023-05-26,2023-06-09,0.0,0.0,0.0,1.0
E,4,2,2023-06-02,2023-06-16,0.0,0.06855794787406921,0.0,1.0685579776763916
E,4,2,2023-06-09,2023-06-23,0.0,0.3114873170852661,0.0647837370634079,1.3114873170852661
E,4,2,2023-06-16,2023-06-30,0.0,0.00355738028883934,0.0,1.0035573244094849
E,4,2,2023-06-23,2023-07-07,0.0,0.15338025987148285,0.0,1.153380274772644
E,4,2,2023-06-30,2023-07-14,0.0,0.025240588933229446,0.0,1.0252405405044556
E,4,2,2023-07-07,2023-07-21,0.0,0.12950833141803741,0.0,1.129508376121521
E,4,2,2023-07-14,2023-07-28,1.0,0.2551426887512207,0.0,1.2551426887512207
E,4,2,2023-07-21,2023-08-04,0.0,0.39215606451034546,0.08066874742507935,1.3921561241149902
E,4,2,2023-07-28,2023-08-11,1.0,0.9442286491394043,0.6327413320541382,1.9442286491394043
E,4,2,2023-08-04,2023-08-18,1.0,0.2634449005126953,0.0,1.2634449005126953
E,4,2,2023-08-11,2023-08-25,2.0,0.0,0.0,1.0
E,4,2,2023-08-18,2023-09-01,1.0,0.05632979795336723,0.0,1.0563298463821411
E,4,2,2023-08-25,2023-09-08,0.0,0.5158184766769409,0.12366241216659546,1.515818476676941
E,4,2,2023-09-01,2023-09-15,6.0,1.2137539386749268,0.8215978741645813,2.2137539386749268
E,4,2,2023-09-08,2023-09-22,0.0,0.5186493396759033,0.12649327516555786,2.5186493396759033
E,4,2,2023-09-15,2023-09-29,0.0,0.15667322278022766,0.0,2.1566731929779053
E,4,2,2023-09-22,2023-10-06,1.0,0.47199547290802,0.0,2.4719953536987305
E,4,2,2023-09-29,2023-10-13,0.0,0.8241044282913208,0.3082859516143799,5.610350608825684
E,4,2,2023-10-06,2023-10-20,0.0,0.25857192277908325,0.0,5.04481840133667
E,4,2,2023-10-13,2023-10-27,0.0,0.21941818296909332,0.0,5.005664348602295
E,4,2,2023-10-20,2023-11-03,0.0,0.006839994341135025,0.0,4.793086528778076
E,4,2,2023-10-27,2023-11-10,0.0,0.011925853788852692,0.0,4.7981719970703125
E,4,2,2023-11-03,2023-11-17,0.0,0.0,0.0,4.786246299743652
E,4,2,2023-11-10,2023-11-24,0.0,0.0,0.0,4.786246299743652
E,4,2,2023-11-17,2023-12-01,0.0,0.0,0.0,4.786246299743652
E,4,2,2023-11-24,2023-12-08,0.0,0.0,0.0,4.786246299743652
E,4,2,2023-12-01,2023-12-15,0.0,0.0,0.0,4.786246299743652
E,4,2,2023-12-08,2023-12-22,0.0,0.0,0.0,4.786246299743652
E,4,2,2023-12-15,2023-12-29,0.0,0.0,0.0,4.786246299743652
E,4,2,2023-12-22,2024-01-05,0.0,0.0,0.0,4.786246299743652
E,4,2,2023-12-29,2024-01-12,0.0,0.0,0.0,4.786246299743652
E,4,2,2024-01-05,2024-01-19,0.0,0.0,0.0,4.786246299743652
E,4,2,2024-01-12,2024-01-26,0.0,0.0,0.0,4.786246299743652
E,4,2,2024-01-19,2024-02-02,0.0,0.0,0.0,4.786246299743652
E,4,2,2024-01-26,2024-02-09,0.0,0.0,0.0,4.786246299743652
E,4,2,2024-02-02,2024-02-16,0.0,0.0,0.0,4.786246299743652
E,4,2,2024-02-09,2024-02-23,0.0,0.0,0.0,4.786246299743652
E,4,2,2024-02-16,2024-03-01,0.0,0.0,0.0,4.786246299743652
E,4,2,2024-02-23,2024-03-08,0.0,0.0,0.0,4.786246299743652
E,4,2,2024-03-01,2024-03-15,0.0,0.0,0.0,4.786246299743652
E,4,2,2024-03-08,2024-03-22,0.0,0.0,0.0,4.786246299743652
E,4,2,2024-03-15,2024-03-29,0.0,0.0,0.0,4.786246299743652
E,4,2,2024-03-22,2024-04-05,0.0,0.0,0.0,4.786246299743652
E,4,2,2024-03-29,2024-04-12,0.0,0.0,0.0,4.786246299743652
E,4,2,2024-04-05,2024-04-19,0.0,0.0,0.0,4.786246299743652
E,4,2,2024-04-12,2024-04-26,0.0,0.0,0.0,4.786246299743652
E,4,2,2024-04-19,2024-05-03,0.0,0.0,0.0,4.786246299743652
E,4,2,2024-04-26,2024-05-10,0.0,0.0,0.0,4.786246299743652
E,4,2,2024-05-03,2024-05-17,0.0,0.0,0.0,4.786246299743652
E,4,2,2024-05-10,2024-05-24,0.0,0.0,0.0,4.786246299743652
E,4,2,2024-05-17,2024-05-31,0.0,0.0,0.0,4.786246299743652
E,4,2,2024-05-24,2024-06-07,0.0,0.3181082010269165,0.0,5.104354381561279
E,4,2,2024-05-31,2024-06-14,0.0,0.09668613970279694,0.0,4.882932662963867
E,4,2,2024-06-07,2024-06-21,0.0,0.18826664984226227,0.0,4.974513053894043
E,4,2,2024-06-14,2024-06-28,0.0,0.33390387892723083,0.0,5.120150089263916
E,4,2,2024-06-21,2024-07-05,0.0,0.4875643849372864,0.0,5.273810863494873
E,4,2,2024-06-28,2024-07-12,0.0,0.28844091296195984,0.0,5.0746870040893555
E,4,2,2024-07-05,2024-07-19,0.0,0.2517476975917816,0.0,5.037993907928467
E,4,2,2024-07-12,2024-07-26,0.0,0.20228026807308197,0.0,4.988526344299316
E,4,2,2024-07-19,2024-08-02,3.0,0.7107137441635132,0.0,5.496960163116455
E,4,2,2024-07-26,2024-08-09,3.0,0.3111306428909302,0.0,5.097376823425293
E,4,2,2024-08-02,2024-08-16,0.0,0.018035616725683212,0.0,4.804281711578369
E,4,2,2024-08-09,2024-08-23,0.0,0.05347352847456932,0.0,4.839719772338867
E,4,2,2024-08-16,2024-08-30,0.0,0.14126862585544586,0.0,4.927515029907227
E,4,2,2024-08-23,2024-09-06,0.0,0.43194952607154846,0.0,5.218195915222168
E,4,2,2024-08-30,2024-09-13,3.0,0.935451328754425,0.11134690046310425,5.721697807312012
E,4,2,2024-09-06,2024-09-20,0.0,0.7778245210647583,0.0,5.564070701599121
E,4,2,2024-09-13,2024-09-27,1.0,0.6176272630691528,0.0,5.403873443603516
E,4,2,2024-09-20,2024-10-04,1.0,0.19858938455581665,0.0,4.984835624694824
E,4,2,2024-09-27,2024-10-11,1.0,0.42688795924186707,0.0,3.115757465362549
E,4,2,2024-10-04,2024-10-18,1.0,0.13885268568992615,0.0,2.8277220726013184
E,4,2,2024-10-11,2024-10-25,1.0,0.09170009195804596,0.0,2.780569553375244
E,4,2,2024-10-18,2024-11-01,1.0,0.27437475323677063,0.0,2.9632441997528076
E,4,2,2024-10-25,2024-11-08,0.0,0.43594247102737427,0.0,3.124811887741089
E,4,2,2024-11-01,2024-11-15,1.0,0.0,0.0,2.6888694763183594
E,4,2,2024-11-08,2024-11-22,0.0,0.0,0.0,2.6888694763183594
E,4,2,2024-11-15,2024-11-29,0.0,0.0,0.0,2.6888694763183594
E,4,2,2024-11-22,2024-12-06,0.0,0.0,0.0,2.6888694763183594
E,4,2,2024-11-29,2024-12-13,0.0,0.0,0.0,2.6888694763183594
E,4,2,2024-12-06,2024-12-20,0.0,0.0,0.0,2.6888694763183594
E,4,2,2024-12-13,2024-12-27,0.0,0.0,0.0,2.6888694763183594
E,4,2,2024-12-20,2025-01-03,0.0,0.0,0.0,2.6888694763183594
E,4,2,2024-12-27,2025-01-10,0.0,0.0,0.0,2.6888694763183594
E,4,2,2025-01-03,2025-01-17,0.0,0.0,0.0,2.6888694763183594
E,4,2,2025-01-10,2025-01-24,1.0,0.0,0.0,2.6888694763183594
E,4,2,2025-01-17,2025-01-31,0.0,0.0,0.0,2.6888694763183594
E,4,2,2025-01-24,2025-02-07,0.0,0.0,0.0,2.6888694763183594
E,4,2,2025-01-31,2025-02-14,0.0,0.0,0.0,2.6888694763183594
E,4,2,2025-02-07,2025-02-21,1.0,0.0,0.0,2.6888694763183594
E,4,2,2025-02-14,2025-02-28,0.0,0.0,0.0,2.6888694763183594
E,4,2,2025-02-21,2025-03-07,0.0,0.0,0.0,2.6888694763183594
E,4,2,2025-02-28,2025-03-14,0.0,0.0,0.0,2.6888694763183594
E,4,2,2025-03-07,2025-03-21,0.0,0.0,0.0,2.6888694763183594
E,4,2,2025-03-14,2025-03-28,1.0,0.0,0.0,2.6888694763183594
E,4,2,2025-03-21,2025-04-04,1.0,0.0,0.0,2.6888694763183594
E,4,2,2025-03-28,2025-04-11,1.0,0.0,0.0,2.6888694763183594
E,4,2,2025-04-04,2025-04-18,0.0,0.0,0.0,2.6888694763183594
E,4,2,2025-04-11,2025-04-25,0.0,0.0,0.0,2.6888694763183594
E,4,2,2025-04-18,2025-05-02,0.0,0.0,0.0,2.6888694763183594
E,4,2,2025-04-25,2025-05-09,0.0,0.0,0.0,2.6888694763183594
E,4,2,2025-05-02,2025-05-16,0.0,0.0,0.0,2.6888694763183594
E,4,2,2025-05-09,2025-05-23,1.0,0.0,0.0,2.6888694763183594
E,4,2,2025-05-16,2025-05-30,0.0,0.0,0.0,2.6888694763183594
E,4,2,2025-05-23,2025-06-06,0.0,0.0,0.0,2.6888694763183594
E,4,2,2025-05-30,2025-06-13,0.0,0.12400899827480316,0.0,2.812878370285034
E,4,2,2025-06-06,2025-06-20,1.0,0.3105478286743164,0.0,2.999417304992676
E,4,2,2025-06-13,2025-06-27,1.0,0.0,0.0,2.6888694763183594
E,4,2,2025-06-20,2025-07-04,0.0,0.09982740879058838,0.0,2.788696765899658
E,4,2,2025-06-27,2025-07-11,0.0,0.46092623472213745,0.0,3.1497957706451416
E,4,2,2025-07-04,2025-07-18,3.0,1.5791198015213013,0.801295280456543,4.267989158630371
E,4,2,2025-07-11,2025-07-25,1.0,0.5314381122589111,0.0,3.2203075885772705
E,4,2,2025-07-18,2025-08-01,7.0,1.9071838855743408,1.1293593645095825,4.596053123474121
E,4,2,2025-07-25,2025-08-08,1.0,1.0621048212051392,0.28428030014038086,3.750974178314209
E,4,2,2025-08-01,2025-08-15,0.0,0.36078283190727234,0.0,3.049652338027954
E,4,2,2025-08-08,2025-08-22,1.0,0.020027678459882736,0.0,2.708897113800049
E,4,2,2025-08-15,2025-08-29,1.0,0.25813645124435425,0.0,5.350952625274658
E,4,2,2025-08-22,2025-09-05,,0.9779722690582275,0.20014774799346924,6.070788383483887
E,4,4,2023-02-17,2023-03-17,0.0,0.0,0.0,1.0
E,4,4,2023-02-24,2023-03-24,0.0,0.0,0.0,1.0
E,4,4,2023-03-03,2023-03-31,0.0,0.0,0.0,1.0
E,4,4,2023-03-10,2023-04-07,0.0,0.0,0.0,1.0
E,4,4,2023-03-17,2023-04-14,0.0,0.0,0.0,1.0
E,4,4,2023-03-24,2023-04-21,0.0,0.0,0.0,1.0
E,4,4,2023-03-31,2023-04-28,0.0,0.0,0.0,1.0
E,4,4,2023-04-07,2023-05-05,0.0,0.0,0.0,1.0
E,4,4,2023-04-14,2023-05-12,0.0,0.0,0.0,1.0
E,4,4,2023-04-21,2023-05-19,0.0,0.0,0.0,1.0
E,4,4,2023-04-28,2023-05-26,0.0,0.0,0.0,1.0
E,4,4,2023-05-05,2023-06-02,0.0,0.0,0.0,1.0
E,4,4,2023-05-12,2023-06-09,0.0,0.0,0.0,1.0
E,4,4,2023-05-19,2023-06-16,0.0,0.0,0.0,1.0
E,4,4,2023-05-26,2023-06-23,0.0,0.030512066558003426,0.0,1.0305120944976807
E,4,4,2023-06-02,2023-06-30,0.0,0.2789253294467926,0.0,1.2789252996444702
E,4,4,2023-06-09,2023-07-07,0.0,0.212981715798378,0.0,1.2129817008972168
E,4,4,2023-06-16,2023-07-14,0.0,0.15150386095046997,0.0,1.1515038013458252
E,4,4,2023-06-23,2023-07-21,0.0,0.6239581108093262,0.0,1.6239581108093262
E,4,4,2023-06-30,2023-07-28,1.0,0.5622868537902832,0.0,1.5622868537902832
E,4,4,2023-07-07,2023-08-04,0.0,0.49654385447502136,0.0,1.4965438842773438
E,4,4,2023-07-14,2023-08-11,1.0,0.2510557770729065,0.0,1.2510557174682617
E,4,4,2023-07-21,2023-08-18,1.0,0.0,0.0,1.0
E,4,4,2023-07-28,2023-08-25,2.0,0.15472206473350525,0.0,1.1547220945358276
E,4,4,2023-08-04,2023-09-01,1.0,0.4573602080345154,0.0,1.4573602676391602
E,4,4,2023-08-11,2023-09-08,0.0,0.4848977327346802,0.0,1.4848977327346802
E,4,4,2023-08-18,2023-09-15,6.0,0.9990439414978027,0.37508583068847656,1.9990439414978027
E,4,4,2023-08-25,2023-09-22,0.0,0.6136134266853333,0.0,1.6136133670806885
E,4,4,2023-09-01,2023-09-29,0.0,0.8512728810310364,0.2273147702217102,1.8512728214263916
E,4,4,2023-09-08,2023-10-06,1.0,0.6589954495429993,0.035037338733673096,2.5042734146118164
E,4,4,2023-09-15,2023-10-13,0.0,0.5050775408744812,0.0,2.350355386734009
E,4,4,2023-09-22,2023-10-20,0.0,1.2658004760742188,0.6418423652648926,3.1110782623291016
E,4,4,2023-09-29,2023-10-27,0.0,1.2753186225891113,0.6513605117797852,6.276274681091309
E,4,4,2023-10-06,2023-11-03,0.0,0.42283880710601807,0.0,5.423794746398926
E,4,4,2023-10-13,2023-11-10,0.0,0.8286313414573669,0.0,5.829587459564209
E,4,4,2023-10-20,2023-11-17,0.0,0.08785457909107208,0.0,5.088810443878174
E,4,4,2023-10-27,2023-11-24,0.0,0.0,0.0,5.000956058502197
E,4,4,2023-11-03,2023-12-01,0.0,0.0,0.0,5.000956058502197
E,4,4,2023-11-10,2023-12-08,0.0,0.0,0.0,5.000956058502197
E,4,4,2023-11-17,2023-12-15,0.0,0.0,0.0,5.000956058502197
E,4,4,2023-11-24,2023-12-22,0.0,0.0,0.0,5.000956058502197
E,4,4,2023-12-01,2023-12-29,0.0,0.0,0.0,5.000956058502197
E,4,4,2023-12-08,2024-01-05,0.0,0.0,0.0,5.000956058502197
E,4,4,2023-12-15,2024-01-12,0.0,0.0,0.0,5.000956058502197
E,4,4,2023-12-22,2024-01-19,0.0,0.0,0.0,5.000956058502197
E,4,4,2023-12-29,2024-01-26,0.0,0.0,0.0,5.000956058502197
E,4,4,2024-01-05,2024-02-02,0.0,0.0,0.0,5.000956058502197
E,4,4,2024-01-12,2024-02-09,0.0,0.0,0.0,5.000956058502197
E,4,4,2024-01-19,2024-02-16,0.0,0.0,0.0,5.000956058502197
E,4,4,2024-01-26,2024-02-23,0.0,0.0,0.0,5.000956058502197
E,4,4,2024-02-02,2024-03-01,0.0,0.0,0.0,5.000956058502197
E,4,4,2024-02-09,2024-03-08,0.0,0.0,0.0,5.000956058502197
E,4,4,2024-02-16,2024-03-15,0.0,0.0,0.0,5.000956058502197
E,4,4,2024-02-23,2024-03-22,0.0,0.0,0.0,5.000956058502197
E,4,4,2024-03-01,2024-03-29,0.0,0.0,0.0,5.000956058502197
E,4,4,2024-03-08,2024-04-05,0.0,0.0,0.0,5.000956058502197
E,4,4,2024-03-15,2024-04-12,0.0,0.0,0.0,5.000956058502197
E,4,4,2024-03-22,2024-04-19,0.0,0.0,0.0,5.000956058502197
E,4,4,2024-03-29,2024-04-26,0.0,0.0,0.0,5.000956058502197
E,4,4,2024-04-05,2024-05-03,0.0,0.0,0.0,5.000956058502197
E,4,4,2024-04-12,2024-05-10,0.0,0.0,0.0,5.000956058502197
E,4,4,2024-04-19,2024-05-17,0.0,0.0,0.0,5.000956058502197
E,4,4,2024-04-26,2024-05-24,0.0,0.0,0.0,5.000956058502197
E,4,4,2024-05-03,2024-05-31,0.0,0.0,0.0,5.000956058502197
E,4,4,2024-05-10,2024-06-07,0.0,0.0,0.0,5.000956058502197
E,4,4,2024-05-17,2024-06-14,0.0,0.122960165143013,0.0,5.123916149139404
E,4,4,2024-05-24,2024-06-21,0.0,0.09947176277637482,0.0,5.100427627563477
E,4,4,2024-05-31,2024-06-28,0.0,0.2387140691280365,0.0,5.239670276641846
E,4,4,2024-06-07,2024-07-05,0.0,0.8448819518089294,0.0,5.8458380699157715
E,4,4,2024-06-14,2024-07-12,0.0,1.7343347072601318,0.4590160846710205,6.73529052734375
E,4,4,2024-06-21,2024-07-19,0.0,1.9402875900268555,0.6649689674377441,6.941243648529053
E,4,4,2024-06-28,2024-07-26,0.0,1.1422135829925537,0.0,6.143169403076172
E,4,4,2024-07-05,2024-08-02,3.0,0.9503159523010254,0.0,5.951272010803223
E,4,4,2024-07-12,2024-08-09,3.0,0.8563922643661499,0.0,5.857348442077637
E,4,4,2024-07-19,2024-08-16,0.0,0.44502201676368713,0.0,5.445978164672852
E,4,4,2024-07-26,2024-08-23,0.0,0.33342990279197693,0.0,5.334385871887207
E,4,4,2024-08-02,2024-08-30,0.0,1.0616060495376587,0.0,6.062561988830566
E,4,4,2024-08-09,2024-09-06,0.0,1.1516306400299072,0.0,6.152586936950684
E,4,4,2024-08-16,2024-09-13,3.0,1.2265080213546753,0.0,6.227464199066162
E,4,4,2024-08-23,2024-09-20,0.0,1.0440915822982788,0.0,6.045047760009766
E,4,4,2024-08-30,2024-09-27,1.0,0.8459634780883789,0.0,5.846919536590576
E,4,4,2024-09-06,2024-10-04,1.0,0.6288793087005615,0.0,5.62983512878418
E,4,4,2024-09-13,2024-10-11,1.0,0.6950564384460449,0.0,5.696012496948242
E,4,4,2024-09-20,2024-10-18,1.0,0.4937843382358551,0.0,5.4947404861450195
E,4,4,2024-09-27,2024-10-25,1.0,0.8129945397377014,0.0,2.956602096557617
E,4,4,2024-10-04,2024-11-01,1.0,0.5026422739028931,0.0,2.646249771118164
E,4,4,2024-10-11,2024-11-08,0.0,0.4098232686519623,0.0,2.5534307956695557
E,4,4,2024-10-18,2024-11-15,1.0,0.0,0.0,2.1436076164245605
E,4,4,2024-10-25,2024-11-22,0.0,0.0,0.0,2.1436076164245605
E,4,4,2024-11-01,2024-11-29,0.0,0.0,0.0,2.1436076164245605
E,4,4,2024-11-08,2024-12-06,0.0,0.0,0.0,2.1436076164245605
E,4,4,2024-11-15,2024-12-13,0.0,0.0,0.0,2.1436076164245605
E,4,4,2024-11-22,2024-12-20,0.0,0.0,0.0,2.1436076164245605
E,4,4,2024-11-29,2024-12-27,0.0,0.0,0.0,2.1436076164245605
E,4,4,2024-12-06,2025-01-03,0.0,0.0,0.0,2.1436076164245605
E,4,4,2024-12-13,2025-01-10,0.0,0.0,0.0,2.1436076164245605
E,4,4,2024-12-20,2025-01-17,0.0,0.0,0.0,2.1436076164245605
E,4,4,2024-12-27,2025-01-24,1.0,0.0,0.0,2.1436076164245605
E,4,4,2025-01-03,2025-01-31,0.0,0.0,0.0,2.1436076164245605
E,4,4,2025-01-10,2025-02-07,0.0,0.0,0.0,2.1436076164245605
E,4,4,2025-01-17,2025-02-14,0.0,0.0,0.0,2.1436076164245605
E,4,4,2025-01-24,2025-02-21,1.0,0.0,0.0,2.1436076164245605
E,4,4,2025-01-31,2025-02-28,0.0,0.0,0.0,2.1436076164245605
E,4,4,2025-02-07,2025-03-07,0.0,0.0,0.0,2.1436076164245605
E,4,4,2025-02-14,2025-03-14,0.0,0.0,0.0,2.1436076164245605
E,4,4,2025-02-21,2025-03-21,0.0,0.0,0.0,2.1436076164245605
E,4,4,2025-02-28,2025-03-28,1.0,0.0,0.0,2.1436076164245605
E,4,4,2025-03-07,2025-04-04,1.0,0.0,0.0,2.1436076164245605
E,4,4,2025-03-14,2025-04-11,1.0,0.0,0.0,2.1436076164245605
E,4,4,2025-03-21,2025-04-18,0.0,0.0,0.0,2.1436076164245605
E,4,4,2025-03-28,2025-04-25,0.0,0.0,0.0,2.1436076164245605
E,4,4,2025-04-04,2025-05-02,0.0,0.0,0.0,2.1436076164245605
E,4,4,2025-04-11,2025-05-09,0.0,0.0,0.0,2.1436076164245605
E,4,4,2025-04-18,2025-05-16,0.0,0.0,0.0,2.1436076164245605
E,4,4,2025-04-25,2025-05-23,1.0,0.0,0.0,2.1436076164245605
E,4,4,2025-05-02,2025-05-30,0.0,0.0,0.0,2.1436076164245605
E,4,4,2025-05-09,2025-06-06,0.0,0.0,0.0,2.1436076164245605
E,4,4,2025-05-16,2025-06-13,0.0,0.0,0.0,2.1436076164245605
E,4,4,2025-05-23,2025-06-20,1.0,0.0,0.0,2.1436076164245605
E,4,4,2025-05-30,2025-06-27,1.0,0.0174133088439703,0.0,2.1610209941864014
E,4,4,2025-06-06,2025-07-04,0.0,0.0,0.0,2.1436076164245605
E,4,4,2025-06-13,2025-07-11,0.0,0.3912107050418854,0.0,2.534818410873413
E,4,4,2025-06-20,2025-07-18,3.0,1.2517988681793213,0.0,3.395406484603882
E,4,4,2025-06-27,2025-07-25,1.0,1.6690375804901123,0.0,3.812645196914673
E,4,4,2025-07-04,2025-08-01,7.0,1.9991803169250488,0.05889272689819336,4.142787933349609
E,4,4,2025-07-11,2025-08-08,1.0,0.5458863973617554,0.0,2.6894941329956055
E,4,4,2025-07-18,2025-08-15,0.0,1.854752540588379,0.0,3.9983601570129395
E,4,4,2025-07-25,2025-08-22,1.0,0.6384679079055786,0.0,2.7820754051208496
E,4,4,2025-08-01,2025-08-29,1.0,0.6117857098579407,0.0,2.7553932666778564
E,4,4,2025-08-08,2025-09-05,,1.1829562187194824,0.031325578689575195,3.326563835144043
E,4,4,2025-08-15,2025-09-12,,0.5049427151679993,0.0,5.505762577056885
E,4,4,2025-08-22,2025-09-19,,0.509753942489624,0.0,5.510573387145996
E,4,8,2023-02-17,2023-04-14,0.0,0.0,0.0,1.0
E,4,8,2023-02-24,2023-04-21,0.0,0.0,0.0,1.0
E,4,8,2023-03-03,2023-04-28,0.0,0.0,0.0,1.0
E,4,8,2023-03-10,2023-05-05,0.0,0.0,0.0,1.0
E,4,8,2023-03-17,2023-05-12,0.0,0.0,0.0,1.0
E,4,8,2023-03-24,2023-05-19,0.0,0.0,0.0,1.0
E,4,8,2023-03-31,2023-05-26,0.0,0.0,0.0,1.0
E,4,8,2023-04-07,2023-06-02,0.0,0.0,0.0,1.0
E,4,8,2023-04-14,2023-06-09,0.0,0.0,0.0,1.0
E,4,8,2023-04-21,2023-06-16,0.0,0.0,0.0,1.0
E,4,8,2023-04-28,2023-06-23,0.0,0.0,0.0,1.0
E,4,8,2023-05-05,2023-06-30,0.0,0.0,0.0,1.0
E,4,8,2023-05-12,2023-07-07,0.0,0.0,0.0,1.0
E,4,8,2023-05-19,2023-07-14,0.0,0.078580342233181,0.0,1.078580379486084
E,4,8,2023-05-26,2023-07-21,0.0,0.06907080858945847,0.0,1.069070816040039
E,4,8,2023-06-02,2023-07-28,1.0,0.1390174776315689,0.0,1.1390174627304077
E,4,8,2023-06-09,2023-08-04,0.0,0.4281372129917145,0.0,1.428137183189392
E,4,8,2023-06-16,2023-08-11,1.0,0.29768621921539307,0.0,1.297686219215393
E,4,8,2023-06-23,2023-08-18,1.0,0.34048992395401,0.0,1.3404898643493652
E,4,8,2023-06-30,2023-08-25,2.0,1.0568476915359497,0.3504912853240967,2.05684757232666
E,4,8,2023-07-07,2023-09-01,1.0,0.3840681314468384,0.0,1.3840681314468384
E,4,8,2023-07-14,2023-09-08,0.0,0.5042036771774292,0.0,1.5042036771774292
E,4,8,2023-07-21,2023-09-15,6.0,0.4101034104824066,0.004137098789215088,1.410103440284729
E,4,8,2023-07-28,2023-09-22,0.0,1.1666436195373535,0.7606773376464844,2.1666436195373535
E,4,8,2023-08-04,2023-09-29,0.0,1.5666289329528809,1.1606626510620117,2.566628932952881
E,4,8,2023-08-11,2023-10-06,1.0,0.7907213568687439,0.38475504517555237,1.7907214164733887
E,4,8,2023-08-18,2023-10-13,0.0,0.2610241770744324,0.0,1.2610242366790771
E,4,8,2023-08-25,2023-10-20,0.0,0.0,0.0,1.0
E,4,8,2023-09-01,2023-10-27,0.0,0.0,0.0,1.0
E,4,8,2023-09-08,2023-11-03,0.0,0.0,0.0,1.0
E,4,8,2023-09-15,2023-11-10,0.0,0.0,0.0,1.0
E,4,8,2023-09-22,2023-11-17,0.0,0.09818119555711746,0.0,1.0981812477111816
E,4,8,2023-09-29,2023-11-24,0.0,0.0,0.0,5.5898966789245605
E,4,8,2023-10-06,2023-12-01,0.0,0.0,0.0,5.5898966789245605
E,4,8,2023-10-13,2023-12-08,0.0,0.0,0.0,5.5898966789245605
E,4,8,2023-10-20,2023-12-15,0.0,0.0,0.0,5.5898966789245605
E,4,8,2023-10-27,2023-12-22,0.0,0.0,0.0,5.5898966789245605
E,4,8,2023-11-03,2023-12-29,0.0,0.0,0.0,5.5898966789245605
E,4,8,2023-11-10,2024-01-05,0.0,0.0,0.0,5.5898966789245605
E,4,8,2023-11-17,2024-01-12,0.0,0.0,0.0,5.5898966789245605
E,4,8,2023-11-24,2024-01-19,0.0,0.0,0.0,5.5898966789245605
E,4,8,2023-12-01,2024-01-26,0.0,0.0,0.0,5.5898966789245605
E,4,8,2023-12-08,2024-02-02,0.0,0.0,0.0,5.5898966789245605
E,4,8,2023-12-15,2024-02-09,0.0,0.0,0.0,5.5898966789245605
E,4,8,2023-12-22,2024-02-16,0.0,0.0,0.0,5.5898966789245605
E,4,8,2023-12-29,2024-02-23,0.0,0.0,0.0,5.5898966789245605
E,4,8,2024-01-05,2024-03-01,0.0,0.0,0.0,5.5898966789245605
E,4,8,2024-01-12,2024-03-08,0.0,0.0,0.0,5.5898966789245605
E,4,8,2024-01-19,2024-03-15,0.0,0.0,0.0,5.5898966789245605
E,4,8,2024-01-26,2024-03-22,0.0,0.0,0.0,5.5898966789245605
E,4,8,2024-02-02,2024-03-29,0.0,0.0,0.0,5.5898966789245605
E,4,8,2024-02-09,2024-04-05,0.0,0.0,0.0,5.5898966789245605
E,4,8,2024-02-16,2024-04-12,0.0,0.0,0.0,5.5898966789245605
E,4,8,2024-02-23,2024-04-19,0.0,0.0,0.0,5.5898966789245605
E,4,8,2024-03-01,2024-04-26,0.0,0.0,0.0,5.5898966789245605
E,4,8,2024-03-08,2024-05-03,0.0,0.0,0.0,5.5898966789245605
E,4,8,2024-03-15,2024-05-10,0.0,0.0,0.0,5.5898966789245605
E,4,8,2024-03-22,2024-05-17,0.0,0.0,0.0,5.5898966789245605
E,4,8,2024-03-29,2024-05-24,0.0,0.0,0.0,5.5898966789245605
E,4,8,2024-04-05,2024-05-31,0.0,0.0,0.0,5.5898966789245605
E,4,8,2024-04-12,2024-06-07,0.0,0.0,0.0,5.5898966789245605
E,4,8,2024-04-19,2024-06-14,0.0,0.0,0.0,5.5898966789245605
E,4,8,2024-04-26,2024-06-21,0.0,0.0,0.0,5.5898966789245605
E,4,8,2024-05-03,2024-06-28,0.0,0.06078452616930008,0.0,5.650681018829346
E,4,8,2024-05-10,2024-07-05,0.0,0.06993669271469116,0.0,5.6598334312438965
E,4,8,2024-05-17,2024-07-12,0.0,0.5957863330841064,0.0,6.185683250427246
E,4,8,2024-05-24,2024-07-19,0.0,0.8728712201118469,0.0,6.462768077850342
E,4,8,2024-05-31,2024-07-26,0.0,0.6107513904571533,0.0,6.200648307800293
E,4,8,2024-06-07,2024-08-02,3.0,0.9242622256278992,0.0,6.514158725738525
E,4,8,2024-06-14,2024-08-09,3.0,1.6815979480743408,0.11496901512145996,7.2714948654174805
E,4,8,2024-06-21,2024-08-16,0.0,0.8324878215789795,0.0,6.422384262084961
E,4,8,2024-06-28,2024-08-23,0.0,0.9902970194816589,0.0,6.580193519592285
E,4,8,2024-07-05,2024-08-30,0.0,1.4791736602783203,0.0,7.069070339202881
E,4,8,2024-07-12,2024-09-06,0.0,1.8237130641937256,0.2570841312408447,7.413609504699707
E,4,8,2024-07-19,2024-09-13,3.0,2.102809429168701,0.5361804962158203,7.692706108093262
E,4,8,2024-07-26,2024-09-20,0.0,1.1952037811279297,0.0,6.78510046005249
E,4,8,2024-08-02,2024-09-27,1.0,1.119624137878418,0.0,6.7095208168029785
E,4,8,2024-08-09,2024-10-04,1.0,1.2958903312683105,0.0,6.885787010192871
E,4,8,2024-08-16,2024-10-11,1.0,0.0,0.0,5.5898966789245605
E,4,8,2024-08-23,2024-10-18,1.0,0.0,0.0,5.5898966789245605
E,4,8,2024-08-30,2024-10-25,1.0,0.18013353645801544,0.0,5.7700300216674805
E,4,8,2024-09-06,2024-11-01,1.0,0.15026317536830902,0.0,5.74015998840332
E,4,8,2024-09-13,2024-11-08,0.0,0.6847374439239502,0.0,6.27463436126709
E,4,8,2024-09-20,2024-11-15,1.0,0.0,0.0,5.5898966789245605
E,4,8,2024-09-27,2024-11-22,0.0,0.0,0.0,2.075737714767456
E,4,8,2024-10-04,2024-11-29,0.0,0.0,0.0,2.075737714767456
E,4,8,2024-10-11,2024-12-06,0.0,0.0,0.0,2.075737714767456
E,4,8,2024-10-18,2024-12-13,0.0,0.0,0.0,2.075737714767456
E,4,8,2024-10-25,2024-12-20,0.0,0.0,0.0,2.075737714767456
E,4,8,2024-11-01,2024-12-27,0.0,0.0,0.0,2.075737714767456
E,4,8,2024-11-08,2025-01-03,0.0,0.0,0.0,2.075737714767456
E,4,8,2024-11-15,2025-01-10,0.0,0.0,0.0,2.075737714767456
E,4,8,2024-11-22,2025-01-17,0.0,0.0,0.0,2.075737714767456
E,4,8,2024-11-29,2025-01-24,1.0,0.0,0.0,2.075737714767456
E,4,8,2024-12-06,2025-01-31,0.0,0.0,0.0,2.075737714767456
E,4,8,2024-12-13,2025-02-07,0.0,0.0,0.0,2.075737714767456
E,4,8,2024-12-20,2025-02-14,0.0,0.0,0.0,2.075737714767456
E,4,8,2024-12-27,2025-02-21,1.0,0.0,0.0,2.075737714767456
E,4,8,2025-01-03,2025-02-28,0.0,0.0,0.0,2.075737714767456
E,4,8,2025-01-10,2025-03-07,0.0,0.0,0.0,2.075737714767456
E,4,8,2025-01-17,2025-03-14,0.0,0.0,0.0,2.075737714767456
E,4,8,2025-01-24,2025-03-21,0.0,0.0,0.0,2.075737714767456
E,4,8,2025-01-31,2025-03-28,1.0,0.0,0.0,2.075737714767456
E,4,8,2025-02-07,2025-04-04,1.0,0.0,0.0,2.075737714767456
E,4,8,2025-02-14,2025-04-11,1.0,0.0,0.0,2.075737714767456
E,4,8,2025-02-21,2025-04-18,0.0,0.0,0.0,2.075737714767456
E,4,8,2025-02-28,2025-04-25,0.0,0.0,0.0,2.075737714767456
E,4,8,2025-03-07,2025-05-02,0.0,0.0,0.0,2.075737714767456
E,4,8,2025-03-14,2025-05-09,0.0,0.0,0.0,2.075737714767456
E,4,8,2025-03-21,2025-05-16,0.0,0.0,0.0,2.075737714767456
E,4,8,2025-03-28,2025-05-23,1.0,0.0,0.0,2.075737714767456
E,4,8,2025-04-04,2025-05-30,0.0,0.0,0.0,2.075737714767456
E,4,8,2025-04-11,2025-06-06,0.0,0.0,0.0,2.075737714767456
E,4,8,2025-04-18,2025-06-13,0.0,0.0,0.0,2.075737714767456
E,4,8,2025-04-25,2025-06-20,1.0,0.0,0.0,2.075737714767456
E,4,8,2025-05-02,2025-06-27,1.0,0.0369865745306015,0.0,2.1127243041992188
E,4,8,2025-05-09,2025-07-04,0.0,0.03547012805938721,0.0,2.111207962036133
E,4,8,2025-05-16,2025-07-11,0.0,0.36091235280036926,0.0,2.436650037765503
E,4,8,2025-05-23,2025-07-18,3.0,0.3964780271053314,0.0,2.4722156524658203
E,4,8,2025-05-30,2025-07-25,1.0,0.4989010989665985,0.0,2.574638843536377
E,4,8,2025-06-06,2025-08-01,7.0,1.0248661041259766,0.0,3.1006038188934326
E,4,8,2025-06-13,2025-08-08,1.0,0.17335495352745056,0.0,2.2490925788879395
E,4,8,2025-06-20,2025-08-15,0.0,0.4546217918395996,0.0,2.5303595066070557
E,4,8,2025-06-27,2025-08-22,1.0,0.495082288980484,0.0,2.5708200931549072
E,4,8,2025-07-04,2025-08-29,1.0,0.2517973482608795,0.0,2.3275351524353027
E,4,8,2025-07-11,2025-09-05,,0.1890580952167511,0.0,2.2647957801818848
E,4,8,2025-07-18,2025-09-12,,0.8126110434532166,0.0,2.8883488178253174
E,4,8,2025-07-25,2025-09-19,,0.22859440743923187,0.0,2.3043320178985596
E,4,8,2025-08-01,2025-09-26,,0.0,0.0,2.6035220623016357
E,4,8,2025-08-08,2025-10-03,,0.0,0.0,2.6035220623016357
E,4,8,2025-08-15,2025-10-10,,0.0,0.0,5.975133895874023
E,4,8,2025-08-22,2025-10-17,,0.0,0.0,5.975133895874023
E,4,12,2023-02-17,2023-05-12,0.0,0.0,0.0,1.0
E,4,12,2023-02-24,2023-05-19,0.0,0.0,0.0,1.0
E,4,12,2023-03-03,2023-05-26,0.0,0.0,0.0,1.0
E,4,12,2023-03-10,2023-06-02,0.0,0.0,0.0,1.0
E,4,12,2023-03-17,2023-06-09,0.0,0.0,0.0,1.0
E,4,12,2023-03-24,2023-06-16,0.0,0.0,0.0,1.0
E,4,12,2023-03-31,2023-06-23,0.0,0.0,0.0,1.0
E,4,12,2023-04-07,2023-06-30,0.0,0.0,0.0,1.0
E,4,12,2023-04-14,2023-07-07,0.0,0.0,0.0,1.0
E,4,12,2023-04-21,2023-07-14,0.0,0.0,0.0,1.0
E,4,12,2023-04-28,2023-07-21,0.0,0.0,0.0,1.0
E,4,12,2023-05-05,2023-07-28,1.0,0.0,0.0,1.0
E,4,12,2023-05-12,2023-08-04,0.0,0.0,0.0,1.0
E,4,12,2023-05-19,2023-08-11,1.0,0.0,0.0,1.0
E,4,12,2023-05-26,2023-08-18,1.0,0.0,0.0,1.0
E,4,12,2023-06-02,2023-08-25,2.0,0.0,0.0,1.0
E,4,12,2023-06-09,2023-09-01,1.0,0.0,0.0,1.0
E,4,12,2023-06-16,2023-09-08,0.0,0.0,0.0,1.0
E,4,12,2023-06-23,2023-09-15,6.0,0.0,0.0,1.0
E,4,12,2023-06-30,2023-09-22,0.0,0.0,0.0,1.0
E,4,12,2023-07-07,2023-09-29,0.0,0.0,0.0,1.0
E,4,12,2023-07-14,2023-10-06,1.0,0.0,0.0,1.0
E,4,12,2023-07-21,2023-10-13,0.0,0.0,0.0,1.0
E,4,12,2023-07-28,2023-10-20,0.0,0.0,0.0,1.0
E,4,12,2023-08-04,2023-10-27,0.0,0.0,0.0,1.0
E,4,12,2023-08-11,2023-11-03,0.0,0.0,0.0,1.0
E,4,12,2023-08-18,2023-11-10,0.0,0.0,0.0,1.0
E,4,12,2023-08-25,2023-11-17,0.0,0.0,0.0,1.0
E,4,12,2023-09-01,2023-11-24,0.0,0.0,0.0,1.0
E,4,12,2023-09-08,2023-12-01,0.0,0.0,0.0,2.0
E,4,12,2023-09-15,2023-12-08,0.0,0.0,0.0,2.0
E,4,12,2023-09-22,2023-12-15,0.0,0.0,0.0,2.0
E,4,12,2023-09-29,2023-12-22,0.0,0.0,0.0,6.0
E,4,12,2023-10-06,2023-12-29,0.0,0.0,0.0,6.0
E,4,12,2023-10-13,2024-01-05,0.0,0.0,0.0,6.0
E,4,12,2023-10-20,2024-01-12,0.0,0.0,0.0,6.0
E,4,12,2023-10-27,2024-01-19,0.0,0.0,0.0,6.0
E,4,12,2023-11-03,2024-01-26,0.0,0.0,0.0,6.0
E,4,12,2023-11-10,2024-02-02,0.0,0.0,0.0,6.0
E,4,12,2023-11-17,2024-02-09,0.0,0.0,0.0,6.0
E,4,12,2023-11-24,2024-02-16,0.0,0.0,0.0,6.0
E,4,12,2023-12-01,2024-02-23,0.0,0.0,0.0,6.0
E,4,12,2023-12-08,2024-03-01,0.0,0.0,0.0,6.0
E,4,12,2023-12-15,2024-03-08,0.0,0.0,0.0,6.0
E,4,12,2023-12-22,2024-03-15,0.0,0.0,0.0,6.0
E,4,12,2023-12-29,2024-03-22,0.0,0.0,0.0,6.0
E,4,12,2024-01-05,2024-03-29,0.0,0.0,0.0,6.0
E,4,12,2024-01-12,2024-04-05,0.0,0.0,0.0,6.0
E,4,12,2024-01-19,2024-04-12,0.0,0.0,0.0,6.0
E,4,12,2024-01-26,2024-04-19,0.0,0.0,0.0,6.0
E,4,12,2024-02-02,2024-04-26,0.0,0.0,0.0,6.0
E,4,12,2024-02-09,2024-05-03,0.0,0.0,0.0,6.0
E,4,12,2024-02-16,2024-05-10,0.0,0.0,0.0,6.0
E,4,12,2024-02-23,2024-05-17,0.0,0.0,0.0,6.0
E,4,12,2024-03-01,2024-05-24,0.0,0.0,0.0,6.0
E,4,12,2024-03-08,2024-05-31,0.0,0.0,0.0,6.0
E,4,12,2024-03-15,2024-06-07,0.0,0.0,0.0,6.0
E,4,12,2024-03-22,2024-06-14,0.0,0.0,0.0,6.0
E,4,12,2024-03-29,2024-06-21,0.0,0.0,0.0,6.0
E,4,12,2024-04-05,2024-06-28,0.0,0.0,0.0,6.0
E,4,12,2024-04-12,2024-07-05,0.0,0.0,0.0,6.0
E,4,12,2024-04-19,2024-07-12,0.0,0.0,0.0,6.0
E,4,12,2024-04-26,2024-07-19,0.0,0.0,0.0,6.0
E,4,12,2024-05-03,2024-07-26,0.0,0.0,0.0,6.0
E,4,12,2024-05-10,2024-08-02,3.0,0.0,0.0,6.0
E,4,12,2024-05-17,2024-08-09,3.0,0.0,0.0,6.0
E,4,12,2024-05-24,2024-08-16,0.0,0.0,0.0,6.0
E,4,12,2024-05-31,2024-08-23,0.0,0.0,0.0,6.0
E,4,12,2024-06-07,2024-08-30,0.0,0.0,0.0,6.0
E,4,12,2024-06-14,2024-09-06,0.0,0.0,0.0,6.0
E,4,12,2024-06-21,2024-09-13,3.0,0.0,0.0,6.0
E,4,12,2024-06-28,2024-09-20,0.0,0.0,0.0,6.0
E,4,12,2024-07-05,2024-09-27,1.0,0.0,0.0,6.0
E,4,12,2024-07-12,2024-10-04,1.0,0.0,0.0,6.0
E,4,12,2024-07-19,2024-10-11,1.0,0.0,0.0,6.0
E,4,12,2024-07-26,2024-10-18,1.0,0.0,0.0,6.0
E,4,12,2024-08-02,2024-10-25,1.0,0.0,0.0,6.0
E,4,12,2024-08-09,2024-11-01,1.0,0.0,0.0,6.0
E,4,12,2024-08-16,2024-11-08,0.0,0.0,0.0,6.0
E,4,12,2024-08-23,2024-11-15,1.0,0.0,0.0,6.0
E,4,12,2024-08-30,2024-11-22,0.0,0.0,0.0,6.0
E,4,12,2024-09-06,2024-11-29,0.0,0.0,0.0,6.0
E,4,12,2024-09-13,2024-12-06,0.0,0.0,0.0,6.0
E,4,12,2024-09-20,2024-12-13,0.0,0.0,0.0,6.0
E,4,12,2024-09-27,2024-12-20,0.0,0.0,0.0,3.0
E,4,12,2024-10-04,2024-12-27,0.0,0.0,0.0,3.0
E,4,12,2024-10-11,2025-01-03,0.0,0.0,0.0,3.0
E,4,12,2024-10-18,2025-01-10,0.0,0.0,0.0,3.0
E,4,12,2024-10-25,2025-01-17,0.0,0.0,0.0,3.0
E,4,12,2024-11-01,2025-01-24,1.0,0.0,0.0,3.0
E,4,12,2024-11-08,2025-01-31,0.0,0.0,0.0,3.0
E,4,12,2024-11-15,2025-02-07,0.0,0.0,0.0,3.0
E,4,12,2024-11-22,2025-02-14,0.0,0.0,0.0,3.0
E,4,12,2024-11-29,2025-02-21,1.0,0.0,0.0,3.0
E,4,12,2024-12-06,2025-02-28,0.0,0.0,0.0,3.0
E,4,12,2024-12-13,2025-03-07,0.0,0.0,0.0,3.0
E,4,12,2024-12-20,2025-03-14,0.0,0.0,0.0,3.0
E,4,12,2024-12-27,2025-03-21,0.0,0.0,0.0,3.0
E,4,12,2025-01-03,2025-03-28,1.0,0.0,0.0,3.0
E,4,12,2025-01-10,2025-04-04,1.0,0.0,0.0,3.0
E,4,12,2025-01-17,2025-04-11,1.0,0.0,0.0,3.0
E,4,12,2025-01-24,2025-04-18,0.0,0.0,0.0,3.0
E,4,12,2025-01-31,2025-04-25,0.0,0.0,0.0,3.0
E,4,12,2025-02-07,2025-05-02,0.0,0.0,0.0,3.0
E,4,12,2025-02-14,2025-05-09,0.0,0.0,0.0,3.0
E,4,12,2025-02-21,2025-05-16,0.0,0.0,0.0,3.0
E,4,12,2025-02-28,2025-05-23,1.0,0.0,0.0,3.0
E,4,12,2025-03-07,2025-05-30,0.0,0.0,0.0,3.0
E,4,12,2025-03-14,2025-06-06,0.0,0.0,0.0,3.0
E,4,12,2025-03-21,2025-06-13,0.0,0.0,0.0,3.0
E,4,12,2025-03-28,2025-06-20,1.0,0.0,0.0,3.0
E,4,12,2025-04-04,2025-06-27,1.0,0.0,0.0,3.0
E,4,12,2025-04-11,2025-07-04,0.0,0.0,0.0,3.0
E,4,12,2025-04-18,2025-07-11,0.0,0.0,0.0,3.0
E,4,12,2025-04-25,2025-07-18,3.0,0.0,0.0,3.0
E,4,12,2025-05-02,2025-07-25,1.0,0.0,0.0,3.0
E,4,12,2025-05-09,2025-08-01,7.0,0.0,0.0,3.0
E,4,12,2025-05-16,2025-08-08,1.0,0.0,0.0,3.0
E,4,12,2025-05-23,2025-08-15,0.0,0.0,0.0,3.0
E,4,12,2025-05-30,2025-08-22,1.0,0.0,0.0,3.0
E,4,12,2025-06-06,2025-08-29,1.0,0.0,0.0,3.0
E,4,12,2025-06-13,2025-09-05,,0.0,0.0,3.0
E,4,12,2025-06-20,2025-09-12,,0.0,0.0,3.0
E,4,12,2025-06-27,2025-09-19,,0.0,0.0,3.0
E,4,12,2025-07-04,2025-09-26,,0.0,0.0,3.0
E,4,12,2025-07-11,2025-10-03,,0.0,0.0,3.0
E,4,12,2025-07-18,2025-10-10,,0.0,0.0,3.0
E,4,12,2025-07-25,2025-10-17,,0.0,0.0,3.0
E,4,12,2025-08-01,2025-10-24,,0.0,0.0,3.0
E,4,12,2025-08-08,2025-10-31,,0.0,0.0,3.0
E,4,12,2025-08-15,2025-11-07,,0.0,0.0,7.0
E,4,12,2025-08-22,2025-11-14,,0.0,0.0,7.0
F,5,1,2023-02-17,2023-02-24,0.0,0.0,0.0,1.0
F,5,1,2023-02-24,2023-03-03,0.0,0.0,0.0,1.0
F,5,1,2023-03-03,2023-03-10,0.0,0.0,0.0,1.0
F,5,1,2023-03-10,2023-03-17,0.0,0.0,0.0,1.0
F,5,1,2023-03-17,2023-03-24,0.0,0.0,0.0,1.0
F,5,1,2023-03-24,2023-03-31,0.0,0.0,0.0,1.0
F,5,1,2023-03-31,2023-04-07,0.0,0.0,0.0,1.0
F,5,1,2023-04-07,2023-04-14,0.0,0.0,0.0,1.0
F,5,1,2023-04-14,2023-04-21,0.0,0.0,0.0,1.0
F,5,1,2023-04-21,2023-04-28,0.0,0.0,0.0,1.0
F,5,1,2023-04-28,2023-05-05,0.0,0.0,0.0,1.0
F,5,1,2023-05-05,2023-05-12,0.0,0.0,0.0,1.0
F,5,1,2023-05-12,2023-05-19,0.0,0.0,0.0,1.0
F,5,1,2023-05-19,2023-05-26,0.0,0.0,0.0,1.0
F,5,1,2023-05-26,2023-06-02,0.0,0.0,0.0,1.0
F,5,1,2023-06-02,2023-06-09,0.0,0.0,0.0,1.0
F,5,1,2023-06-09,2023-06-16,1.0,0.0,0.0,1.0
F,5,1,2023-06-16,2023-06-23,2.0,0.0,0.0,1.0
F,5,1,2023-06-23,2023-06-30,1.0,0.0,0.0,1.0
F,5,1,2023-06-30,2023-07-07,0.0,0.0,0.0,1.0
F,5,1,2023-07-07,2023-07-14,0.0,0.0,0.0,2.0
F,5,1,2023-07-14,2023-07-21,0.0,0.0,0.0,2.0
F,5,1,2023-07-21,2023-07-28,1.0,0.0,0.0,2.0
F,5,1,2023-07-28,2023-08-04,0.0,0.5602860450744629,0.5602860450744629,2.560286045074463
F,5,1,2023-08-04,2023-08-11,1.0,0.3271481990814209,0.3271481990814209,2.327148199081421
F,5,1,2023-08-11,2023-08-18,1.0,0.0,0.0,2.0
F,5,1,2023-08-18,2023-08-25,0.0,0.0,0.0,2.0
F,5,1,2023-08-25,2023-09-01,0.0,0.0,0.0,2.0
F,5,1,2023-09-01,2023-09-08,0.0,0.0,0.0,2.0
F,5,1,2023-09-08,2023-09-15,0.0,0.0,0.0,2.0
F,5,1,2023-09-15,2023-09-22,0.0,0.0,0.0,2.0
F,5,1,2023-09-22,2023-09-29,0.0,0.0,0.0,2.0
F,5,1,2023-09-29,2023-10-06,1.0,0.0,0.0,2.0
F,5,1,2023-10-06,2023-10-13,0.0,0.0,0.0,2.0
F,5,1,2023-10-13,2023-10-20,0.0,0.0,0.0,2.0
F,5,1,2023-10-20,2023-10-27,0.0,0.0,0.0,2.0
F,5,1,2023-10-27,2023-11-03,0.0,0.0,0.0,2.0
F,5,1,2023-11-03,2023-11-10,1.0,0.0,0.0,2.0
F,5,1,2023-11-10,2023-11-17,1.0,0.0,0.0,2.0
F,5,1,2023-11-17,2023-11-24,0.0,0.0,0.0,2.0
F,5,1,2023-11-24,2023-12-01,0.0,0.0,0.0,2.0
F,5,1,2023-12-01,2023-12-08,0.0,0.0,0.0,2.0
F,5,1,2023-12-08,2023-12-15,1.0,0.0,0.0,2.0
F,5,1,2023-12-15,2023-12-22,0.0,0.0,0.0,2.0
F,5,1,2023-12-22,2023-12-29,0.0,0.0,0.0,2.0
F,5,1,2023-12-29,2024-01-05,0.0,0.0,0.0,2.0
F,5,1,2024-01-05,2024-01-12,0.0,0.0,0.0,2.0
F,5,1,2024-01-12,2024-01-19,0.0,0.0,0.0,2.0
F,5,1,2024-01-19,2024-01-26,0.0,0.0,0.0,2.0
F,5,1,2024-01-26,2024-02-02,0.0,0.0,0.0,2.0
F,5,1,2024-02-02,2024-02-09,0.0,0.0,0.0,2.0
F,5,1,2024-02-09,2024-02-16,0.0,0.0,0.0,2.0
F,5,1,2024-02-16,2024-02-23,0.0,0.0,0.0,2.0
F,5,1,2024-02-23,2024-03-01,0.0,0.0,0.0,2.0
F,5,1,2024-03-01,2024-03-08,0.0,0.0,0.0,2.0
F,5,1,2024-03-08,2024-03-15,0.0,0.0,0.0,2.0
F,5,1,2024-03-15,2024-03-22,0.0,0.0,0.0,2.0
F,5,1,2024-03-22,2024-03-29,0.0,0.0,0.0,2.0
F,5,1,2024-03-29,2024-04-05,0.0,0.0,0.0,2.0
F,5,1,2024-04-05,2024-04-12,0.0,0.0,0.0,2.0
F,5,1,2024-04-12,2024-04-19,0.0,0.0,0.0,2.0
F,5,1,2024-04-19,2024-04-26,0.0,0.0,0.0,2.0
F,5,1,2024-04-26,2024-05-03,0.0,0.0,0.0,2.0
F,5,1,2024-05-03,2024-05-10,0.0,0.0,0.0,2.0
F,5,1,2024-05-10,2024-05-17,0.0,0.0,0.0,2.0
F,5,1,2024-05-17,2024-05-24,0.0,0.0,0.0,2.0
F,5,1,2024-05-24,2024-05-31,1.0,0.0,0.0,2.0
F,5,1,2024-05-31,2024-06-07,0.0,0.0,0.0,2.0
F,5,1,2024-06-07,2024-06-14,1.0,0.0,0.0,2.0
F,5,1,2024-06-14,2024-06-21,1.0,0.0,0.0,2.0
F,5,1,2024-06-21,2024-06-28,0.0,0.0,0.0,2.0
F,5,1,2024-06-28,2024-07-05,0.0,0.0,0.0,2.0
F,5,1,2024-07-05,2024-07-12,0.0,0.0,0.0,1.0
F,5,1,2024-07-12,2024-07-19,0.0,0.0,0.0,1.0
F,5,1,2024-07-19,2024-07-26,0.0,0.0,0.0,1.0
F,5,1,2024-07-26,2024-08-02,1.0,0.0,0.0,1.0
F,5,1,2024-08-02,2024-08-09,5.0,0.0,0.0,1.0
F,5,1,2024-08-09,2024-08-16,0.0,0.0,0.0,1.0
F,5,1,2024-08-16,2024-08-23,0.0,0.0,0.0,1.0
F,5,1,2024-08-23,2024-08-30,1.0,0.0,0.0,5.0
F,5,1,2024-08-30,2024-09-06,0.0,0.0,0.0,5.0
F,5,1,2024-09-06,2024-09-13,2.0,0.9832737445831299,0.9832737445831299,5.983273506164551
F,5,1,2024-09-13,2024-09-20,1.0,1.2259420156478882,1.2259420156478882,6.225942134857178
F,5,1,2024-09-20,2024-09-27,0.0,0.0,0.0,5.0
F,5,1,2024-09-27,2024-10-04,0.0,0.0,0.0,5.0
F,5,1,2024-10-04,2024-10-11,0.0,0.0,0.0,5.0
F,5,1,2024-10-11,2024-10-18,0.0,0.0,0.0,5.0
F,5,1,2024-10-18,2024-10-25,0.0,0.0,0.0,5.0
F,5,1,2024-10-25,2024-11-01,3.0,0.06347481906414032,0.0,5.063474655151367
F,5,1,2024-11-01,2024-11-08,1.0,0.0,0.0,5.0
F,5,1,2024-11-08,2024-11-15,0.0,0.0,0.0,5.0
F,5,1,2024-11-15,2024-11-22,0.0,0.0,0.0,5.0
F,5,1,2024-11-22,2024-11-29,1.0,0.0,0.0,5.0
F,5,1,2024-11-29,2024-12-06,0.0,0.0,0.0,5.0
F,5,1,2024-12-06,2024-12-13,0.0,0.0,0.0,5.0
F,5,1,2024-12-13,2024-12-20,0.0,0.0,0.0,5.0
F,5,1,2024-12-20,2024-12-27,0.0,0.0,0.0,5.0
F,5,1,2024-12-27,2025-01-03,0.0,0.0,0.0,5.0
F,5,1,2025-01-03,2025-01-10,0.0,0.0,0.0,5.0
F,5,1,2025-01-10,2025-01-17,0.0,0.0,0.0,5.0
F,5,1,2025-01-17,2025-01-24,0.0,0.0,0.0,5.0
F,5,1,2025-01-24,2025-01-31,0.0,0.0,0.0,5.0
F,5,1,2025-01-31,2025-02-07,0.0,0.0,0.0,5.0
F,5,1,2025-02-07,2025-02-14,0.0,0.0,0.0,5.0
F,5,1,2025-02-14,2025-02-21,0.0,0.0,0.0,5.0
F,5,1,2025-02-21,2025-02-28,0.0,0.0,0.0,5.0
F,5,1,2025-02-28,2025-03-07,0.0,0.0,0.0,5.0
F,5,1,2025-03-07,2025-03-14,0.0,0.0,0.0,5.0
F,5,1,2025-03-14,2025-03-21,0.0,0.0,0.0,5.0
F,5,1,2025-03-21,2025-03-28,0.0,0.0,0.0,5.0
F,5,1,2025-03-28,2025-04-04,1.0,0.0,0.0,5.0
F,5,1,2025-04-04,2025-04-11,0.0,0.0,0.0,5.0
F,5,1,2025-04-11,2025-04-18,0.0,0.0,0.0,5.0
F,5,1,2025-04-18,2025-04-25,0.0,0.0,0.0,5.0
F,5,1,2025-04-25,2025-05-02,0.0,0.0,0.0,5.0
F,5,1,2025-05-02,2025-05-09,1.0,0.0,0.0,5.0
F,5,1,2025-05-09,2025-05-16,0.0,0.0,0.0,5.0
F,5,1,2025-05-16,2025-05-23,0.0,0.0,0.0,5.0
F,5,1,2025-05-23,2025-05-30,0.0,0.0,0.0,5.0
F,5,1,2025-05-30,2025-06-06,0.0,0.0,0.0,5.0
F,5,1,2025-06-06,2025-06-13,0.0,0.0,0.0,5.0
F,5,1,2025-06-13,2025-06-20,0.0,0.0,0.0,5.0
F,5,1,2025-06-20,2025-06-27,0.0,0.0,0.0,5.0
F,5,1,2025-06-27,2025-07-04,0.0,0.0,0.0,5.0
F,5,1,2025-07-04,2025-07-11,0.0,0.0,0.0,5.0
F,5,1,2025-07-11,2025-07-18,0.0,0.0,0.0,5.0
F,5,1,2025-07-18,2025-07-25,2.0,1.982411503791809,1.756469488143921,6.9824113845825195
F,5,1,2025-07-25,2025-08-01,7.0,2.346893787384033,2.1209516525268555,7.346893787384033
F,5,1,2025-08-01,2025-08-08,8.0,1.8959344625473022,1.669992446899414,6.895934581756592
F,5,1,2025-08-08,2025-08-15,1.0,0.1785850077867508,0.0,5.178585052490234
F,5,1,2025-08-15,2025-08-22,0.0,0.0,0.0,5.0
F,5,1,2025-08-22,2025-08-29,0.0,0.0,0.0,6.104065418243408
F,5,2,2023-02-17,2023-03-03,0.0,0.0,0.0,1.0
F,5,2,2023-02-24,2023-03-10,0.0,0.0,0.0,1.0
F,5,2,2023-03-03,2023-03-17,0.0,0.0,0.0,1.0
F,5,2,2023-03-10,2023-03-24,0.0,0.0,0.0,1.0
F,5,2,2023-03-17,2023-03-31,0.0,0.0,0.0,1.0
F,5,2,2023-03-24,2023-04-07,0.0,0.0,0.0,1.0
F,5,2,2023-03-31,2023-04-14,0.0,0.0,0.0,1.0
F,5,2,2023-04-07,2023-04-21,0.0,0.0,0.0,1.0
F,5,2,2023-04-14,2023-04-28,0.0,0.0,0.0,1.0
F,5,2,2023-04-21,2023-05-05,0.0,0.0,0.0,1.0
F,5,2,2023-04-28,2023-05-12,0.0,0.0,0.0,1.0
F,5,2,2023-05-05,2023-05-19,0.0,0.0,0.0,1.0
F,5,2,2023-05-12,2023-05-26,0.0,0.0,0.0,1.0
F,5,2,2023-05-19,2023-06-02,0.0,0.0,0.0,1.0
F,5,2,2023-05-26,2023-06-09,0.0,0.0,0.0,1.0
F,5,2,2023-06-02,2023-06-16,1.0,0.0,0.0,1.0
F,5,2,2023-06-09,2023-06-23,2.0,0.18407581746578217,0.05765879154205322,1.1840758323669434
F,5,2,2023-06-16,2023-06-30,1.0,0.0,0.0,1.0
F,5,2,2023-06-23,2023-07-07,0.0,0.029427502304315567,0.0,1.0294275283813477
F,5,2,2023-06-30,2023-07-14,0.0,0.0,0.0,1.0
F,5,2,2023-07-07,2023-07-21,0.0,0.1770862191915512,0.050669193267822266,1.993010401725769
F,5,2,2023-07-14,2023-07-28,1.0,0.48644715547561646,0.3600301146507263,2.3023712635040283
F,5,2,2023-07-21,2023-08-04,0.0,0.3529931902885437,0.32356569170951843,2.168917417526245
F,5,2,2023-07-28,2023-08-11,1.0,0.6744130253791809,0.6449854969978333,2.4903371334075928
F,5,2,2023-08-04,2023-08-18,1.0,0.07808467745780945,0.0,1.8940088748931885
F,5,2,2023-08-11,2023-08-25,0.0,0.0,0.0,1.8159241676330566
F,5,2,2023-08-18,2023-09-01,0.0,0.03673095628619194,0.0,1.8526551723480225
F,5,2,2023-08-25,2023-09-08,0.0,0.412555068731308,0.05956187844276428,2.2284791469573975
F,5,2,2023-09-01,2023-09-15,0.0,0.4522828459739685,0.0992896556854248,2.26820707321167
F,5,2,2023-09-08,2023-09-22,0.0,0.1411934792995453,0.0,1.9571176767349243
F,5,2,2023-09-15,2023-09-29,0.0,0.0,0.0,1.8159241676330566
F,5,2,2023-09-22,2023-10-06,1.0,0.2004365473985672,0.0,2.0163607597351074
F,5,2,2023-09-29,2023-10-13,0.0,0.27496644854545593,0.0,2.090890645980835
F,5,2,2023-10-06,2023-10-20,0.0,0.004531543701887131,0.0,1.8204556703567505
F,5,2,2023-10-13,2023-10-27,0.0,0.0,0.0,1.8159241676330566
F,5,2,2023-10-20,2023-11-03,0.0,0.0,0.0,1.8159241676330566
F,5,2,2023-10-27,2023-11-10,1.0,0.0,0.0,1.8159241676330566
F,5,2,2023-11-03,2023-11-17,1.0,0.0,0.0,1.8159241676330566
F,5,2,2023-11-10,2023-11-24,0.0,0.0,0.0,1.8159241676330566
F,5,2,2023-11-17,2023-12-01,0.0,0.0,0.0,1.8159241676330566
F,5,2,2023-11-24,2023-12-08,0.0,0.0,0.0,1.8159241676330566
F,5,2,2023-12-01,2023-12-15,1.0,0.0,0.0,1.8159241676330566
F,5,2,2023-12-08,2023-12-22,0.0,0.0,0.0,1.8159241676330566
F,5,2,2023-12-15,2023-12-29,0.0,0.0,0.0,1.8159241676330566
F,5,2,2023-12-22,2024-01-05,0.0,0.008881721645593643,0.0,1.8248058557510376
F,5,2,2023-12-29,2024-01-12,0.0,0.0,0.0,1.8159241676330566
F,5,2,2024-01-05,2024-01-19,0.0,0.0,0.0,1.8159241676330566
F,5,2,2024-01-12,2024-01-26,0.0,0.0,0.0,1.8159241676330566
F,5,2,2024-01-19,2024-02-02,0.0,0.0,0.0,1.8159241676330566
F,5,2,2024-01-26,2024-02-09,0.0,0.0,0.0,1.8159241676330566
F,5,2,2024-02-02,2024-02-16,0.0,0.0,0.0,1.8159241676330566
F,5,2,2024-02-09,2024-02-23,0.0,0.0,0.0,1.8159241676330566
F,5,2,2024-02-16,2024-03-01,0.0,0.0,0.0,1.8159241676330566
F,5,2,2024-02-23,2024-03-08,0.0,0.0,0.0,1.8159241676330566
F,5,2,2024-03-01,2024-03-15,0.0,0.0,0.0,1.8159241676330566
F,5,2,2024-03-08,2024-03-22,0.0,0.0,0.0,1.8159241676330566
F,5,2,2024-03-15,2024-03-29,0.0,0.0,0.0,1.8159241676330566
F,5,2,2024-03-22,2024-04-05,0.0,0.0,0.0,1.8159241676330566
F,5,2,2024-03-29,2024-04-12,0.0,0.0,0.0,1.8159241676330566
F,5,2,2024-04-05,2024-04-19,0.0,0.0,0.0,1.8159241676330566
F,5,2,2024-04-12,2024-04-26,0.0,0.0,0.0,1.8159241676330566
F,5,2,2024-04-19,2024-05-03,0.0,0.0,0.0,1.8159241676330566
F,5,2,2024-04-26,2024-05-10,0.0,0.0,0.0,1.8159241676330566
F,5,2,2024-05-03,2024-05-17,0.0,0.0,0.0,1.8159241676330566
F,5,2,2024-05-10,2024-05-24,0.0,0.0,0.0,1.8159241676330566
F,5,2,2024-05-17,2024-05-31,1.0,0.0,0.0,1.8159241676330566
F,5,2,2024-05-24,2024-06-07,0.0,0.13813962042331696,0.0,1.9540637731552124
F,5,2,2024-05-31,2024-06-14,1.0,0.0,0.0,1.8159241676330566
F,5,2,2024-06-07,2024-06-21,1.0,0.07254911959171295,0.0,1.8884732723236084
F,5,2,2024-06-14,2024-06-28,0.0,0.27681562304496765,0.0,2.0927398204803467
F,5,2,2024-06-21,2024-07-05,0.0,0.4360504150390625,0.0,2.251974582672119
F,5,2,2024-06-28,2024-07-12,0.0,0.28155115246772766,0.0,2.097475290298462
F,5,2,2024-07-05,2024-07-19,0.0,0.2826692461967468,0.0,1.2826693058013916
F,5,2,2024-07-12,2024-07-26,0.0,0.21181055903434753,0.0,1.21181058883667
F,5,2,2024-07-19,2024-08-02,1.0,0.587496280670166,0.1352134346961975,1.587496280670166
F,5,2,2024-07-26,2024-08-09,5.0,0.0018260367214679718,0.0,1.0018260478973389
F,5,2,2024-08-02,2024-08-16,0.0,0.1659816950559616,0.0,1.165981650352478
F,5,2,2024-08-09,2024-08-23,0.0,0.025255102664232254,0.0,1.0252550840377808
F,5,2,2024-08-16,2024-08-30,1.0,0.07905486226081848,0.0,1.079054832458496
F,5,2,2024-08-23,2024-09-06,0.0,0.3203711211681366,0.0,5.318545341491699
F,5,2,2024-08-30,2024-09-13,2.0,0.9846749901771545,0.532392144203186,5.98284912109375
F,5,2,2024-09-06,2024-09-20,1.0,0.3314671516418457,0.0,5.329641342163086
F,5,2,2024-09-13,2024-09-27,0.0,0.22352814674377441,0.0,5.221702575683594
F,5,2,2024-09-20,2024-10-04,0.0,0.0,0.0,4.99817419052124
F,5,2,2024-09-27,2024-10-11,0.0,0.1904112547636032,0.0,5.18858528137207
F,5,2,2024-10-04,2024-10-18,0.0,0.0,0.0,4.99817419052124
F,5,2,2024-10-11,2024-10-25,0.0,0.05420007184147835,0.0,5.052374362945557
F,5,2,2024-10-18,2024-11-01,3.0,0.24677662551403046,0.0,5.244950771331787
F,5,2,2024-10-25,2024-11-08,1.0,0.2683984339237213,0.0,5.26657247543335
F,5,2,2024-11-01,2024-11-15,0.0,0.0,0.0,4.99817419052124
F,5,2,2024-11-08,2024-11-22,0.0,0.0,0.0,4.99817419052124
F,5,2,2024-11-15,2024-11-29,1.0,0.0,0.0,4.99817419052124
F,5,2,2024-11-22,2024-12-06,0.0,0.009003173559904099,0.0,5.007177352905273
F,5,2,2024-11-29,2024-12-13,0.0,0.03851630911231041,0.0,5.036690711975098
F,5,2,2024-12-06,2024-12-20,0.0,0.0,0.0,4.99817419052124
F,5,2,2024-12-13,2024-12-27,0.0,0.0,0.0,4.99817419052124
F,5,2,2024-12-20,2025-01-03,0.0,0.0,0.0,4.99817419052124
F,5,2,2024-12-27,2025-01-10,0.0,0.0,0.0,4.99817419052124
F,5,2,2025-01-03,2025-01-17,0.0,0.0,0.0,4.99817419052124
F,5,2,2025-01-10,2025-01-24,0.0,0.0,0.0,4.99817419052124
F,5,2,2025-01-17,2025-01-31,0.0,0.0,0.0,4.99817419052124
F,5,2,2025-01-24,2025-02-07,0.0,0.0,0.0,4.99817419052124
F,5,2,2025-01-31,2025-02-14,0.0,0.0,0.0,4.99817419052124
F,5,2,2025-02-07,2025-02-21,0.0,0.0,0.0,4.99817419052124
F,5,2,2025-02-14,2025-02-28,0.0,0.0,0.0,4.99817419052124
F,5,2,2025-02-21,2025-03-07,0.0,0.0,0.0,4.99817419052124
F,5,2,2025-02-28,2025-03-14,0.0,0.0,0.0,4.99817419052124
F,5,2,2025-03-07,2025-03-21,0.0,0.0,0.0,4.99817419052124
F,5,2,2025-03-14,2025-03-28,0.0,0.0,0.0,4.99817419052124
F,5,2,2025-03-21,2025-04-04,1.0,0.0,0.0,4.99817419052124
F,5,2,2025-03-28,2025-04-11,0.0,0.0,0.0,4.99817419052124
F,5,2,2025-04-04,2025-04-18,0.0,0.0,0.0,4.99817419052124
F,5,2,2025-04-11,2025-04-25,0.0,0.0,0.0,4.99817419052124
F,5,2,2025-04-18,2025-05-02,0.0,0.0,0.0,4.99817419052124
F,5,2,2025-04-25,2025-05-09,1.0,0.0,0.0,4.99817419052124
F,5,2,2025-05-02,2025-05-16,0.0,0.0,0.0,4.99817419052124
F,5,2,2025-05-09,2025-05-23,0.0,0.0,0.0,4.99817419052124
F,5,2,2025-05-16,2025-05-30,0.0,0.0,0.0,4.99817419052124
F,5,2,2025-05-23,2025-06-06,0.0,0.0,0.0,4.99817419052124
F,5,2,2025-05-30,2025-06-13,0.0,0.148731991648674,0.0,5.14690637588501
F,5,2,2025-06-06,2025-06-20,0.0,0.21603204309940338,0.0,5.214206218719482
F,5,2,2025-06-13,2025-06-27,0.0,0.0,0.0,4.99817419052124
F,5,2,2025-06-20,2025-07-04,0.0,0.08650465309619904,0.0,5.084678649902344
F,5,2,2025-06-27,2025-07-11,0.0,0.3364907205104828,0.0,5.334664821624756
F,5,2,2025-07-04,2025-07-18,0.0,0.7555593252182007,0.3195089101791382,5.7537336349487305
F,5,2,2025-07-11,2025-07-25,2.0,0.26993510127067566,0.0,5.268109321594238
F,5,2,2025-07-18,2025-08-01,7.0,1.1123762130737305,0.7920050621032715,6.110550403594971
F,5,2,2025-07-25,2025-08-08,8.0,0.7528376579284668,0.416346937417984,5.751011848449707
F,5,2,2025-08-01,2025-08-15,1.0,0.578612208366394,0.0,5.576786518096924
F,5,2,2025-08-08,2025-08-22,0.0,0.0,0.0,4.99817419052124
F,5,2,2025-08-15,2025-08-29,0.0,0.15711936354637146,0.0,6.044743061065674
F,5,2,2025-08-22,2025-09-05,,0.7322837114334106,0.0,7.979445934295654
F,5,4,2023-02-17,2023-03-17,0.0,0.0,0.0,1.0
F,5,4,2023-02-24,2023-03-24,0.0,0.0,0.0,1.0
F,5,4,2023-03-03,2023-03-31,0.0,0.0,0.0,1.0
F,5,4,2023-03-10,2023-04-07,0.0,0.0,0.0,1.0
F,5,4,2023-03-17,2023-04-14,0.0,0.0,0.0,1.0
F,5,4,2023-03-24,2023-04-21,0.0,0.0,0.0,1.0
F,5,4,2023-03-31,2023-04-28,0.0,0.0,0.0,1.0
F,5,4,2023-04-07,2023-05-05,0.0,0.0,0.0,1.0
F,5,4,2023-04-14,2023-05-12,0.0,0.0,0.0,1.0
F,5,4,2023-04-21,2023-05-19,0.0,0.0,0.0,1.0
F,5,4,2023-04-28,2023-05-26,0.0,0.0,0.0,1.0
F,5,4,2023-05-05,2023-06-02,0.0,0.0,0.0,1.0
F,5,4,2023-05-12,2023-06-09,0.0,0.0,0.0,1.0
F,5,4,2023-05-19,2023-06-16,1.0,0.0,0.0,1.0
F,5,4,2023-05-26,2023-06-23,2.0,0.0,0.0,1.0
F,5,4,2023-06-02,2023-06-30,1.0,0.0,0.0,1.0
F,5,4,2023-06-09,2023-07-07,0.0,0.20479556918144226,0.0,1.2047955989837646
F,5,4,2023-06-16,2023-07-14,0.0,0.0,0.0,1.0
F,5,4,2023-06-23,2023-07-21,0.0,0.5980295538902283,0.0,1.598029613494873
F,5,4,2023-06-30,2023-07-28,1.0,0.8040661811828613,0.0,1.8040661811828613
F,5,4,2023-07-07,2023-08-04,0.0,0.8056707382202148,0.0,2.805670738220215
F,5,4,2023-07-14,2023-08-11,1.0,0.7886756658554077,0.0,2.7886757850646973
F,5,4,2023-07-21,2023-08-18,1.0,0.04873349517583847,0.0,2.0487334728240967
F,5,4,2023-07-28,2023-08-25,0.0,0.30152222514152527,0.0,2.3015222549438477
F,5,4,2023-08-04,2023-09-01,0.0,0.24002060294151306,0.0,2.240020513534546
F,5,4,2023-08-11,2023-09-08,0.0,0.2787698209285736,0.0,2.2787697315216064
F,5,4,2023-08-18,2023-09-15,0.0,0.8223004341125488,0.016629695892333984,2.822300434112549
F,5,4,2023-08-25,2023-09-22,0.0,0.13043071329593658,0.0,2.1304306983947754
F,5,4,2023-09-01,2023-09-29,0.0,0.16939404606819153,0.0,2.169394016265869
F,5,4,2023-09-08,2023-10-06,1.0,0.11118247359991074,0.0,2.111182451248169
F,5,4,2023-09-15,2023-10-13,0.0,0.0,0.0,2.0
F,5,4,2023-09-22,2023-10-20,0.0,0.4641595482826233,0.0,2.4641594886779785
F,5,4,2023-09-29,2023-10-27,0.0,0.4505118131637573,0.0,2.450511932373047
F,5,4,2023-10-06,2023-11-03,0.0,0.0,0.0,2.0
F,5,4,2023-10-13,2023-11-10,1.0,0.0,0.0,2.0
F,5,4,2023-10-20,2023-11-17,1.0,0.0,0.0,2.0
F,5,4,2023-10-27,2023-11-24,0.0,0.0,0.0,2.0
F,5,4,2023-11-03,2023-12-01,0.0,0.0,0.0,2.0
F,5,4,2023-11-10,2023-12-08,0.0,0.0,0.0,2.0
F,5,4,2023-11-17,2023-12-15,1.0,0.0,0.0,2.0
F,5,4,2023-11-24,2023-12-22,0.0,0.0,0.0,2.0
F,5,4,2023-12-01,2023-12-29,0.0,0.0,0.0,2.0
F,5,4,2023-12-08,2024-01-05,0.0,0.0,0.0,2.0
F,5,4,2023-12-15,2024-01-12,0.0,0.008832687512040138,0.0,2.0088326930999756
F,5,4,2023-12-22,2024-01-19,0.0,0.0,0.0,2.0
F,5,4,2023-12-29,2024-01-26,0.0,0.0,0.0,2.0
F,5,4,2024-01-05,2024-02-02,0.0,0.0,0.0,2.0
F,5,4,2024-01-12,2024-02-09,0.0,0.0,0.0,2.0
F,5,4,2024-01-19,2024-02-16,0.0,0.0,0.0,2.0
F,5,4,2024-01-26,2024-02-23,0.0,0.0,0.0,2.0
F,5,4,2024-02-02,2024-03-01,0.0,0.0,0.0,2.0
F,5,4,2024-02-09,2024-03-08,0.0,0.0,0.0,2.0
F,5,4,2024-02-16,2024-03-15,0.0,0.0,0.0,2.0
F,5,4,2024-02-23,2024-03-22,0.0,0.0,0.0,2.0
F,5,4,2024-03-01,2024-03-29,0.0,0.0,0.0,2.0
F,5,4,2024-03-08,2024-04-05,0.0,0.0,0.0,2.0
F,5,4,2024-03-15,2024-04-12,0.0,0.0,0.0,2.0
F,5,4,2024-03-22,2024-04-19,0.0,0.0,0.0,2.0
F,5,4,2024-03-29,2024-04-26,0.0,0.0,0.0,2.0
F,5,4,2024-04-05,2024-05-03,0.0,0.0,0.0,2.0
F,5,4,2024-04-12,2024-05-10,0.0,0.0,0.0,2.0
F,5,4,2024-04-19,2024-05-17,0.0,0.0,0.0,2.0
F,5,4,2024-04-26,2024-05-24,0.0,0.0,0.0,2.0
F,5,4,2024-05-03,2024-05-31,1.0,0.0,0.0,2.0
F,5,4,2024-05-10,2024-06-07,0.0,0.0,0.0,2.0
F,5,4,2024-05-17,2024-06-14,1.0,0.0,0.0,2.0
F,5,4,2024-05-24,2024-06-21,1.0,0.0,0.0,2.0
F,5,4,2024-05-31,2024-06-28,0.0,0.0,0.0,2.0
F,5,4,2024-06-07,2024-07-05,0.0,0.5456312894821167,0.0,2.5456314086914062
F,5,4,2024-06-14,2024-07-12,0.0,1.3318166732788086,0.5095162391662598,3.3318166732788086
F,5,4,2024-06-21,2024-07-19,0.0,1.8155183792114258,0.993217945098877,3.815518379211426
F,5,4,2024-06-28,2024-07-26,0.0,1.17423415184021,0.35193371772766113,3.17423415184021
F,5,4,2024-07-05,2024-08-02,1.0,0.7958429455757141,0.0,1.7958428859710693
F,5,4,2024-07-12,2024-08-09,5.0,0.7200403213500977,0.0,1.7200403213500977
F,5,4,2024-07-19,2024-08-16,0.0,0.5586348176002502,0.0,1.5586347579956055
F,5,4,2024-07-26,2024-08-23,0.0,0.45392701029777527,0.0,1.4539270401000977
F,5,4,2024-08-02,2024-08-30,1.0,0.8105356097221375,0.0,1.8105356693267822
F,5,4,2024-08-09,2024-09-06,0.0,0.9871355891227722,0.0,1.987135648727417
F,5,4,2024-08-16,2024-09-13,2.0,1.2062129974365234,0.0,2.2062129974365234
F,5,4,2024-08-23,2024-09-20,1.0,0.7587519288063049,0.0,5.0387115478515625
F,5,4,2024-08-30,2024-09-27,0.0,0.7147781848907471,0.0,4.99473762512207
F,5,4,2024-09-06,2024-10-04,0.0,0.24689295887947083,0.0,4.526852607727051
F,5,4,2024-09-13,2024-10-11,0.0,0.5008035898208618,0.0,4.780763149261475
F,5,4,2024-09-20,2024-10-18,0.0,0.1339530199766159,0.0,4.413912773132324
F,5,4,2024-09-27,2024-10-25,0.0,0.3182562291622162,0.0,4.5982160568237305
F,5,4,2024-10-04,2024-11-01,3.0,0.2418098747730255,0.0,4.5217695236206055
F,5,4,2024-10-11,2024-11-08,1.0,0.10196031630039215,0.0,4.381919860839844
F,5,4,2024-10-18,2024-11-15,0.0,0.06970342248678207,0.0,4.349663257598877
F,5,4,2024-10-25,2024-11-22,0.0,0.0,0.0,4.279959678649902
F,5,4,2024-11-01,2024-11-29,1.0,0.0,0.0,4.279959678649902
F,5,4,2024-11-08,2024-12-06,0.0,0.0,0.0,4.279959678649902
F,5,4,2024-11-15,2024-12-13,0.0,0.0,0.0,4.279959678649902
F,5,4,2024-11-22,2024-12-20,0.0,0.0,0.0,4.279959678649902
F,5,4,2024-11-29,2024-12-27,0.0,0.0,0.0,4.279959678649902
F,5,4,2024-12-06,2025-01-03,0.0,0.0,0.0,4.279959678649902
F,5,4,2024-12-13,2025-01-10,0.0,0.0,0.0,4.279959678649902
F,5,4,2024-12-20,2025-01-17,0.0,0.0,0.0,4.279959678649902
F,5,4,2024-12-27,2025-01-24,0.0,0.0,0.0,4.279959678649902
F,5,4,2025-01-03,2025-01-31,0.0,0.0,0.0,4.279959678649902
F,5,4,2025-01-10,2025-02-07,0.0,0.0,0.0,4.279959678649902
F,5,4,2025-01-17,2025-02-14,0.0,0.0,0.0,4.279959678649902
F,5,4,2025-01-24,2025-02-21,0.0,0.0,0.0,4.279959678649902
F,5,4,2025-01-31,2025-02-28,0.0,0.0,0.0,4.279959678649902
F,5,4,2025-02-07,2025-03-07,0.0,0.0,0.0,4.279959678649902
F,5,4,2025-02-14,2025-03-14,0.0,0.0,0.0,4.279959678649902
F,5,4,2025-02-21,2025-03-21,0.0,0.0,0.0,4.279959678649902
F,5,4,2025-02-28,2025-03-28,0.0,0.0,0.0,4.279959678649902
F,5,4,2025-03-07,2025-04-04,1.0,0.0,0.0,4.279959678649902
F,5,4,2025-03-14,2025-04-11,0.0,0.0,0.0,4.279959678649902
F,5,4,2025-03-21,2025-04-18,0.0,0.0,0.0,4.279959678649902
F,5,4,2025-03-28,2025-04-25,0.0,0.0,0.0,4.279959678649902
F,5,4,2025-04-04,2025-05-02,0.0,0.0,0.0,4.279959678649902
F,5,4,2025-04-11,2025-05-09,1.0,0.0,0.0,4.279959678649902
F,5,4,2025-04-18,2025-05-16,0.0,0.0,0.0,4.279959678649902
F,5,4,2025-04-25,2025-05-23,0.0,0.0,0.0,4.279959678649902
F,5,4,2025-05-02,2025-05-30,0.0,0.0,0.0,4.279959678649902
F,5,4,2025-05-09,2025-06-06,0.0,0.0,0.0,4.279959678649902
F,5,4,2025-05-16,2025-06-13,0.0,0.0,0.0,4.279959678649902
F,5,4,2025-05-23,2025-06-20,0.0,0.0,0.0,4.279959678649902
F,5,4,2025-05-30,2025-06-27,0.0,0.0,0.0,4.279959678649902
F,5,4,2025-06-06,2025-07-04,0.0,0.0,0.0,4.279959678649902
F,5,4,2025-06-13,2025-07-11,0.0,0.11223143339157104,0.0,4.392190933227539
F,5,4,2025-06-20,2025-07-18,0.0,1.1675983667373657,0.0,5.4475579261779785
F,5,4,2025-06-27,2025-07-25,2.0,1.4524985551834106,0.0,5.732458114624023
F,5,4,2025-07-04,2025-08-01,7.0,1.5334187746047974,0.0,5.81337833404541
F,5,4,2025-07-11,2025-08-08,8.0,0.37979429960250854,0.0,4.659753799438477
F,5,4,2025-07-18,2025-08-15,1.0,1.263677716255188,0.0,5.543637275695801
F,5,4,2025-07-25,2025-08-22,0.0,0.3995100259780884,0.0,4.679469585418701
F,5,4,2025-08-01,2025-08-29,0.0,0.480010062456131,0.0,4.759969711303711
F,5,4,2025-08-08,2025-09-05,,0.9289425611495972,0.0,5.208902359008789
F,5,4,2025-08-15,2025-09-12,,0.8634488582611084,0.0,6.33003044128418
F,5,4,2025-08-22,2025-09-19,,0.741828203201294,0.0,8.36203384399414
F,5,8,2023-02-17,2023-04-14,0.0,0.0,0.0,1.0
F,5,8,2023-02-24,2023-04-21,0.0,0.0,0.0,1.0
F,5,8,2023-03-03,2023-04-28,0.0,0.0,0.0,1.0
F,5,8,2023-03-10,2023-05-05,0.0,0.0,0.0,1.0
F,5,8,2023-03-17,2023-05-12,0.0,0.0,0.0,1.0
F,5,8,2023-03-24,2023-05-19,0.0,0.0,0.0,1.0
F,5,8,2023-03-31,2023-05-26,0.0,0.0,0.0,1.0
F,5,8,2023-04-07,2023-06-02,0.0,0.0,0.0,1.0
F,5,8,2023-04-14,2023-06-09,0.0,0.0,0.0,1.0
F,5,8,2023-04-21,2023-06-16,1.0,0.0,0.0,1.0
F,5,8,2023-04-28,2023-06-23,2.0,0.0,0.0,1.0
F,5,8,2023-05-05,2023-06-30,1.0,0.0,0.0,1.0
F,5,8,2023-05-12,2023-07-07,0.0,0.0678841769695282,0.0,1.0678842067718506
F,5,8,2023-05-19,2023-07-14,0.0,0.14011065661907196,0.0,1.1401106119155884
F,5,8,2023-05-26,2023-07-21,0.0,0.16453513503074646,0.0,1.1645351648330688
F,5,8,2023-06-02,2023-07-28,1.0,0.2825620174407959,0.0,1.282562017440796
F,5,8,2023-06-09,2023-08-04,0.0,1.0245611667633057,0.38814210891723633,2.0245611667633057
F,5,8,2023-06-16,2023-08-11,1.0,1.4239113330841064,0.7874922752380371,2.4239113330841064
F,5,8,2023-06-23,2023-08-18,1.0,0.46312758326530457,0.0,1.463127613067627
F,5,8,2023-06-30,2023-08-25,0.0,1.2989163398742676,0.6624972820281982,2.2989163398742676
F,5,8,2023-07-07,2023-09-01,0.0,0.6553053259849548,0.018886268138885498,2.6553053855895996
F,5,8,2023-07-14,2023-09-08,0.0,0.744648277759552,0.10822921991348267,2.7446482181549072
F,5,8,2023-07-21,2023-09-15,0.0,0.4298090934753418,0.0,2.429809093475342
F,5,8,2023-07-28,2023-09-22,0.0,0.9595949649810791,0.32317590713500977,2.959594964981079
F,5,8,2023-08-04,2023-09-29,0.0,2.1918528079986572,1.555433750152588,4.191852569580078
F,5,8,2023-08-11,2023-10-06,1.0,0.650157630443573,0.013738572597503662,2.6501576900482178
F,5,8,2023-08-18,2023-10-13,0.0,0.044171400368213654,0.0,2.0441713333129883
F,5,8,2023-08-25,2023-10-20,0.0,0.0,0.0,2.0
F,5,8,2023-09-01,2023-10-27,0.0,0.0,0.0,2.0
F,5,8,2023-09-08,2023-11-03,0.0,0.0,0.0,2.0
F,5,8,2023-09-15,2023-11-10,1.0,0.0,0.0,2.0
F,5,8,2023-09-22,2023-11-17,1.0,0.0,0.0,2.0
F,5,8,2023-09-29,2023-11-24,0.0,0.0,0.0,2.0
F,5,8,2023-10-06,2023-12-01,0.0,0.0,0.0,2.0
F,5,8,2023-10-13,2023-12-08,0.0,0.0,0.0,2.0
F,5,8,2023-10-20,2023-12-15,1.0,0.0,0.0,2.0
F,5,8,2023-10-27,2023-12-22,0.0,0.0,0.0,2.0
F,5,8,2023-11-03,2023-12-29,0.0,0.0,0.0,2.0
F,5,8,2023-11-10,2024-01-05,0.0,0.0,0.0,2.0
F,5,8,2023-11-17,2024-01-12,0.0,0.00854860246181488,0.0,2.0085484981536865
F,5,8,2023-11-24,2024-01-19,0.0,0.0,0.0,2.0
F,5,8,2023-12-01,2024-01-26,0.0,0.0,0.0,2.0
F,5,8,2023-12-08,2024-02-02,0.0,0.0,0.0,2.0
F,5,8,2023-12-15,2024-02-09,0.0,0.0,0.0,2.0
F,5,8,2023-12-22,2024-02-16,0.0,0.0,0.0,2.0
F,5,8,2023-12-29,2024-02-23,0.0,0.0,0.0,2.0
F,5,8,2024-01-05,2024-03-01,0.0,0.0,0.0,2.0
F,5,8,2024-01-12,2024-03-08,0.0,0.0,0.0,2.0
F,5,8,2024-01-19,2024-03-15,0.0,0.0,0.0,2.0
F,5,8,2024-01-26,2024-03-22,0.0,0.0,0.0,2.0
F,5,8,2024-02-02,2024-03-29,0.0,0.0,0.0,2.0
F,5,8,2024-02-09,2024-04-05,0.0,0.0,0.0,2.0
F,5,8,2024-02-16,2024-04-12,0.0,0.0,0.0,2.0
F,5,8,2024-02-23,2024-04-19,0.0,0.0,0.0,2.0
F,5,8,2024-03-01,2024-04-26,0.0,0.0,0.0,2.0
F,5,8,2024-03-08,2024-05-03,0.0,0.0,0.0,2.0
F,5,8,2024-03-15,2024-05-10,0.0,0.0,0.0,2.0
F,5,8,2024-03-22,2024-05-17,0.0,0.0,0.0,2.0
F,5,8,2024-03-29,2024-05-24,0.0,0.0,0.0,2.0
F,5,8,2024-04-05,2024-05-31,1.0,0.0,0.0,2.0
F,5,8,2024-04-12,2024-06-07,0.0,0.0,0.0,2.0
F,5,8,2024-04-19,2024-06-14,1.0,0.0,0.0,2.0
F,5,8,2024-04-26,2024-06-21,1.0,0.0,0.0,2.0
F,5,8,2024-05-03,2024-06-28,0.0,0.0,0.0,2.0
F,5,8,2024-05-10,2024-07-05,0.0,0.2968790531158447,0.0,2.2968790531158447
F,5,8,2024-05-17,2024-07-12,0.0,0.6252791881561279,0.0,2.625279188156128
F,5,8,2024-05-24,2024-07-19,0.0,1.0595896244049072,0.0,3.0595896244049072
F,5,8,2024-05-31,2024-07-26,0.0,0.593868613243103,0.0,2.5938687324523926
F,5,8,2024-06-07,2024-08-02,1.0,0.7878938913345337,0.0,2.787893772125244
F,5,8,2024-06-14,2024-08-09,5.0,1.5377850532531738,0.0,3.537785053253174
F,5,8,2024-06-21,2024-08-16,0.0,0.9637336134910583,0.0,2.963733673095703
F,5,8,2024-06-28,2024-08-23,0.0,1.1564600467681885,0.0,3.1564600467681885
F,5,8,2024-07-05,2024-08-30,1.0,1.6655950546264648,0.0,2.665595054626465
F,5,8,2024-07-12,2024-09-06,0.0,2.2057220935821533,0.013869285583496094,3.2057220935821533
F,5,8,2024-07-19,2024-09-13,2.0,2.5681121349334717,0.37625932693481445,3.5681121349334717
F,5,8,2024-07-26,2024-09-20,1.0,1.1588685512542725,0.0,2.1588685512542725
F,5,8,2024-08-02,2024-09-27,0.0,1.284571647644043,0.0,2.284571647644043
F,5,8,2024-08-09,2024-10-04,0.0,1.0019036531448364,0.0,2.001903533935547
F,5,8,2024-08-16,2024-10-11,0.0,0.0,0.0,1.0
F,5,8,2024-08-23,2024-10-18,0.0,0.26674097776412964,0.0,3.7289559841156006
F,5,8,2024-08-30,2024-10-25,0.0,0.3152066767215729,0.0,3.777421712875366
F,5,8,2024-09-06,2024-11-01,3.0,0.08386076241731644,0.0,3.5460758209228516
F,5,8,2024-09-13,2024-11-08,1.0,0.7994614243507385,0.0,4.26167631149292
F,5,8,2024-09-20,2024-11-15,0.0,0.22413551807403564,0.0,3.6863503456115723
F,5,8,2024-09-27,2024-11-22,0.0,0.0,0.0,3.462214946746826
F,5,8,2024-10-04,2024-11-29,1.0,0.0,0.0,3.462214946746826
F,5,8,2024-10-11,2024-12-06,0.0,0.0,0.0,3.462214946746826
F,5,8,2024-10-18,2024-12-13,0.0,0.0,0.0,3.462214946746826
F,5,8,2024-10-25,2024-12-20,0.0,0.0,0.0,3.462214946746826
F,5,8,2024-11-01,2024-12-27,0.0,0.0,0.0,3.462214946746826
F,5,8,2024-11-08,2025-01-03,0.0,0.0,0.0,3.462214946746826
F,5,8,2024-11-15,2025-01-10,0.0,0.0,0.0,3.462214946746826
F,5,8,2024-11-22,2025-01-17,0.0,0.0,0.0,3.462214946746826
F,5,8,2024-11-29,2025-01-24,0.0,0.0,0.0,3.462214946746826
F,5,8,2024-12-06,2025-01-31,0.0,0.0,0.0,3.462214946746826
F,5,8,2024-12-13,2025-02-07,0.0,0.0,0.0,3.462214946746826
F,5,8,2024-12-20,2025-02-14,0.0,0.0,0.0,3.462214946746826
F,5,8,2024-12-27,2025-02-21,0.0,0.0,0.0,3.462214946746826
F,5,8,2025-01-03,2025-02-28,0.0,0.0,0.0,3.462214946746826
F,5,8,2025-01-10,2025-03-07,0.0,0.0,0.0,3.462214946746826
F,5,8,2025-01-17,2025-03-14,0.0,0.0,0.0,3.462214946746826
F,5,8,2025-01-24,2025-03-21,0.0,0.0,0.0,3.462214946746826
F,5,8,2025-01-31,2025-03-28,0.0,0.0,0.0,3.462214946746826
F,5,8,2025-02-07,2025-04-04,1.0,0.0,0.0,3.462214946746826
F,5,8,2025-02-14,2025-04-11,0.0,0.0,0.0,3.462214946746826
F,5,8,2025-02-21,2025-04-18,0.0,0.0,0.0,3.462214946746826
F,5,8,2025-02-28,2025-04-25,0.0,0.0,0.0,3.462214946746826
F,5,8,2025-03-07,2025-05-02,0.0,0.0,0.0,3.462214946746826
F,5,8,2025-03-14,2025-05-09,1.0,0.0,0.0,3.462214946746826
F,5,8,2025-03-21,2025-05-16,0.0,0.0,0.0,3.462214946746826
F,5,8,2025-03-28,2025-05-23,0.0,0.0,0.0,3.462214946746826
F,5,8,2025-04-04,2025-05-30,0.0,0.0,0.0,3.462214946746826
F,5,8,2025-04-11,2025-06-06,0.0,0.0,0.0,3.462214946746826
F,5,8,2025-04-18,2025-06-13,0.0,0.0,0.0,3.462214946746826
F,5,8,2025-04-25,2025-06-20,0.0,0.0,0.0,3.462214946746826
F,5,8,2025-05-02,2025-06-27,0.0,0.0,0.0,3.462214946746826
F,5,8,2025-05-09,2025-07-04,0.0,0.0,0.0,3.462214946746826
F,5,8,2025-05-16,2025-07-11,0.0,0.2126767635345459,0.0,3.674891710281372
F,5,8,2025-05-23,2025-07-18,0.0,0.21507903933525085,0.0,3.6772940158843994
F,5,8,2025-05-30,2025-07-25,2.0,0.35464581847190857,0.0,3.8168606758117676
F,5,8,2025-06-06,2025-08-01,7.0,0.7973409295082092,0.0,4.259555816650391
F,5,8,2025-06-13,2025-08-08,8.0,0.03262007236480713,0.0,3.4948348999023438
F,5,8,2025-06-20,2025-08-15,1.0,0.15283054113388062,0.0,3.6150455474853516
F,5,8,2025-06-27,2025-08-22,0.0,0.30205219984054565,0.0,3.7642672061920166
F,5,8,2025-07-04,2025-08-29,0.0,0.0,0.0,3.462214946746826
F,5,8,2025-07-11,2025-09-05,,0.03731493651866913,0.0,3.4995298385620117
F,5,8,2025-07-18,2025-09-12,,0.61412113904953,0.0,4.076335906982422
F,5,8,2025-07-25,2025-09-19,,0.39587724208831787,0.0,3.8580923080444336
F,5,8,2025-08-01,2025-09-26,,0.0008860379457473755,0.0,3.4631009101867676
F,5,8,2025-08-08,2025-10-03,,0.0,0.0,3.462214946746826
F,5,8,2025-08-15,2025-10-10,,0.0,0.0,6.2026591300964355
F,5,8,2025-08-22,2025-10-17,,0.0,0.0,7.967380046844482
F,5,12,2023-02-17,2023-05-12,0.0,0.0,0.0,1.0
F,5,12,2023-02-24,2023-05-19,0.0,0.0,0.0,1.0
F,5,12,2023-03-03,2023-05-26,0.0,0.0,0.0,1.0
F,5,12,2023-03-10,2023-06-02,0.0,0.0,0.0,1.0
F,5,12,2023-03-17,2023-06-09,0.0,0.0,0.0,1.0
F,5,12,2023-03-24,2023-06-16,1.0,0.0,0.0,1.0
F,5,12,2023-03-31,2023-06-23,2.0,0.0,0.0,1.0
F,5,12,2023-04-07,2023-06-30,1.0,0.0,0.0,1.0
F,5,12,2023-04-14,2023-07-07,0.0,0.0,0.0,1.0
F,5,12,2023-04-21,2023-07-14,0.0,0.0,0.0,1.0
F,5,12,2023-04-28,2023-07-21,0.0,0.0,0.0,1.0
F,5,12,2023-05-05,2023-07-28,1.0,0.0,0.0,1.0
F,5,12,2023-05-12,2023-08-04,0.0,0.0,0.0,1.0
F,5,12,2023-05-19,2023-08-11,1.0,0.0,0.0,1.0
F,5,12,2023-05-26,2023-08-18,1.0,0.0,0.0,1.0
F,5,12,2023-06-02,2023-08-25,0.0,0.0,0.0,1.0
F,5,12,2023-06-09,2023-09-01,0.0,0.0,0.0,1.0
F,5,12,2023-06-16,2023-09-08,0.0,0.0,0.0,1.0
F,5,12,2023-06-23,2023-09-15,0.0,0.0,0.0,1.0
F,5,12,2023-06-30,2023-09-22,0.0,0.0,0.0,1.0
F,5,12,2023-07-07,2023-09-29,0.0,0.0,0.0,2.0
F,5,12,2023-07-14,2023-10-06,1.0,0.0,0.0,2.0
F,5,12,2023-07-21,2023-10-13,0.0,0.0,0.0,2.0
F,5,12,2023-07-28,2023-10-20,0.0,0.0,0.0,2.0
F,5,12,2023-08-04,2023-10-27,0.0,0.0,0.0,2.0
F,5,12,2023-08-11,2023-11-03,0.0,0.0,0.0,2.0
F,5,12,2023-08-18,2023-11-10,1.0,0.0,0.0,2.0
F,5,12,2023-08-25,2023-11-17,1.0,0.0,0.0,2.0
F,5,12,2023-09-01,2023-11-24,0.0,0.0,0.0,2.0
F,5,12,2023-09-08,2023-12-01,0.0,0.0,0.0,2.0
F,5,12,2023-09-15,2023-12-08,0.0,0.0,0.0,2.0
F,5,12,2023-09-22,2023-12-15,1.0,0.0,0.0,2.0
F,5,12,2023-09-29,2023-12-22,0.0,0.0,0.0,2.0
F,5,12,2023-10-06,2023-12-29,0.0,0.0,0.0,2.0
F,5,12,2023-10-13,2024-01-05,0.0,0.0,0.0,2.0
F,5,12,2023-10-20,2024-01-12,0.0,0.0,0.0,2.0
F,5,12,2023-10-27,2024-01-19,0.0,0.0,0.0,2.0
F,5,12,2023-11-03,2024-01-26,0.0,0.0,0.0,2.0
F,5,12,2023-11-10,2024-02-02,0.0,0.0,0.0,2.0
F,5,12,2023-11-17,2024-02-09,0.0,0.0,0.0,2.0
F,5,12,2023-11-24,2024-02-16,0.0,0.0,0.0,2.0
F,5,12,2023-12-01,2024-02-23,0.0,0.0,0.0,2.0
F,5,12,2023-12-08,2024-03-01,0.0,0.0,0.0,2.0
F,5,12,2023-12-15,2024-03-08,0.0,0.0,0.0,2.0
F,5,12,2023-12-22,2024-03-15,0.0,0.0,0.0,2.0
F,5,12,2023-12-29,2024-03-22,0.0,0.0,0.0,2.0
F,5,12,2024-01-05,2024-03-29,0.0,0.0,0.0,2.0
F,5,12,2024-01-12,2024-04-05,0.0,0.0,0.0,2.0
F,5,12,2024-01-19,2024-04-12,0.0,0.0,0.0,2.0
F,5,12,2024-01-26,2024-04-19,0.0,0.0,0.0,2.0
F,5,12,2024-02-02,2024-04-26,0.0,0.0,0.0,2.0
F,5,12,2024-02-09,2024-05-03,0.0,0.0,0.0,2.0
F,5,12,2024-02-16,2024-05-10,0.0,0.0,0.0,2.0
F,5,12,2024-02-23,2024-05-17,0.0,0.0,0.0,2.0
F,5,12,2024-03-01,2024-05-24,0.0,0.0,0.0,2.0
F,5,12,2024-03-08,2024-05-31,1.0,0.0,0.0,2.0
F,5,12,2024-03-15,2024-06-07,0.0,0.0,0.0,2.0
F,5,12,2024-03-22,2024-06-14,1.0,0.0,0.0,2.0
F,5,12,2024-03-29,2024-06-21,1.0,0.0,0.0,2.0
F,5,12,2024-04-05,2024-06-28,0.0,0.0,0.0,2.0
F,5,12,2024-04-12,2024-07-05,0.0,0.0,0.0,2.0
F,5,12,2024-04-19,2024-07-12,0.0,0.0,0.0,2.0
F,5,12,2024-04-26,2024-07-19,0.0,0.0,0.0,2.0
F,5,12,2024-05-03,2024-07-26,0.0,0.0,0.0,2.0
F,5,12,2024-05-10,2024-08-02,1.0,0.0,0.0,2.0
F,5,12,2024-05-17,2024-08-09,5.0,0.0,0.0,2.0
F,5,12,2024-05-24,2024-08-16,0.0,0.0,0.0,2.0
F,5,12,2024-05-31,2024-08-23,0.0,0.0,0.0,2.0
F,5,12,2024-06-07,2024-08-30,1.0,0.0,0.0,2.0
F,5,12,2024-06-14,2024-09-06,0.0,0.0,0.0,2.0
F,5,12,2024-06-21,2024-09-13,2.0,0.0,0.0,2.0
F,5,12,2024-06-28,2024-09-20,1.0,0.0,0.0,2.0
F,5,12,2024-07-05,2024-09-27,0.0,0.0,0.0,1.0
F,5,12,2024-07-12,2024-10-04,0.0,0.0,0.0,1.0
F,5,12,2024-07-19,2024-10-11,0.0,0.0,0.0,1.0
F,5,12,2024-07-26,2024-10-18,0.0,0.0,0.0,1.0
F,5,12,2024-08-02,2024-10-25,0.0,0.0,0.0,1.0
F,5,12,2024-08-09,2024-11-01,3.0,0.0,0.0,1.0
F,5,12,2024-08-16,2024-11-08,1.0,0.0,0.0,1.0
F,5,12,2024-08-23,2024-11-15,0.0,0.0,0.0,5.0
F,5,12,2024-08-30,2024-11-22,0.0,0.0,0.0,5.0
F,5,12,2024-09-06,2024-11-29,1.0,0.0,0.0,5.0
F,5,12,2024-09-13,2024-12-06,0.0,0.0,0.0,5.0
F,5,12,2024-09-20,2024-12-13,0.0,0.0,0.0,5.0
F,5,12,2024-09-27,2024-12-20,0.0,0.0,0.0,5.0
F,5,12,2024-10-04,2024-12-27,0.0,0.0,0.0,5.0
F,5,12,2024-10-11,2025-01-03,0.0,0.0,0.0,5.0
F,5,12,2024-10-18,2025-01-10,0.0,0.0,0.0,5.0
F,5,12,2024-10-25,2025-01-17,0.0,0.0,0.0,5.0
F,5,12,2024-11-01,2025-01-24,0.0,0.0,0.0,5.0
F,5,12,2024-11-08,2025-01-31,0.0,0.0,0.0,5.0
F,5,12,2024-11-15,2025-02-07,0.0,0.0,0.0,5.0
F,5,12,2024-11-22,2025-02-14,0.0,0.0,0.0,5.0
F,5,12,2024-11-29,2025-02-21,0.0,0.0,0.0,5.0
F,5,12,2024-12-06,2025-02-28,0.0,0.0,0.0,5.0
F,5,12,2024-12-13,2025-03-07,0.0,0.0,0.0,5.0
F,5,12,2024-12-20,2025-03-14,0.0,0.0,0.0,5.0
F,5,12,2024-12-27,2025-03-21,0.0,0.0,0.0,5.0
F,5,12,2025-01-03,2025-03-28,0.0,0.0,0.0,5.0
F,5,12,2025-01-10,2025-04-04,1.0,0.0,0.0,5.0
F,5,12,2025-01-17,2025-04-11,0.0,0.0,0.0,5.0
F,5,12,2025-01-24,2025-04-18,0.0,0.0,0.0,5.0
F,5,12,2025-01-31,2025-04-25,0.0,0.0,0.0,5.0
F,5,12,2025-02-07,2025-05-02,0.0,0.0,0.0,5.0
F,5,12,2025-02-14,2025-05-09,1.0,0.0,0.0,5.0
F,5,12,2025-02-21,2025-05-16,0.0,0.0,0.0,5.0
F,5,12,2025-02-28,2025-05-23,0.0,0.0,0.0,5.0
F,5,12,2025-03-07,2025-05-30,0.0,0.0,0.0,5.0
F,5,12,2025-03-14,2025-06-06,0.0,0.0,0.0,5.0
F,5,12,2025-03-21,2025-06-13,0.0,0.0,0.0,5.0
F,5,12,2025-03-28,2025-06-20,0.0,0.0,0.0,5.0
F,5,12,2025-04-04,2025-06-27,0.0,0.0,0.0,5.0
F,5,12,2025-04-11,2025-07-04,0.0,0.0,0.0,5.0
F,5,12,2025-04-18,2025-07-11,0.0,0.0,0.0,5.0
F,5,12,2025-04-25,2025-07-18,0.0,0.0,0.0,5.0
F,5,12,2025-05-02,2025-07-25,2.0,0.0,0.0,5.0
F,5,12,2025-05-09,2025-08-01,7.0,0.0,0.0,5.0
F,5,12,2025-05-16,2025-08-08,8.0,0.0,0.0,5.0
F,5,12,2025-05-23,2025-08-15,1.0,0.0,0.0,5.0
F,5,12,2025-05-30,2025-08-22,0.0,0.0,0.0,5.0
F,5,12,2025-06-06,2025-08-29,0.0,0.0,0.0,5.0
F,5,12,2025-06-13,2025-09-05,,0.0,0.0,5.0
F,5,12,2025-06-20,2025-09-12,,0.0,0.0,5.0
F,5,12,2025-06-27,2025-09-19,,0.0,0.0,5.0
F,5,12,2025-07-04,2025-09-26,,0.0,0.0,5.0
F,5,12,2025-07-11,2025-10-03,,0.0,0.0,5.0
F,5,12,2025-07-18,2025-10-10,,0.0,0.0,5.0
F,5,12,2025-07-25,2025-10-17,,0.0,0.0,5.0
F,5,12,2025-08-01,2025-10-24,,0.0,0.0,5.0
F,5,12,2025-08-08,2025-10-31,,0.0,0.0,5.0
F,5,12,2025-08-15,2025-11-07,,0.0,0.0,7.0
F,5,12,2025-08-22,2025-11-14,,0.0,0.0,8.0
G,6,1,2023-02-17,2023-02-24,0.0,0.0,0.0,2.0
G,6,1,2023-02-24,2023-03-03,0.0,0.0,0.0,2.0
G,6,1,2023-03-03,2023-03-10,0.0,0.0,0.0,2.0
G,6,1,2023-03-10,2023-03-17,0.0,0.0,0.0,2.0
G,6,1,2023-03-17,2023-03-24,0.0,0.0,0.0,2.0
G,6,1,2023-03-24,2023-03-31,0.0,0.0,0.0,2.0
G,6,1,2023-03-31,2023-04-07,1.0,0.0,0.0,2.0
G,6,1,2023-04-07,2023-04-14,0.0,0.0,0.0,2.0
G,6,1,2023-04-14,2023-04-21,0.0,0.0,0.0,2.0
G,6,1,2023-04-21,2023-04-28,1.0,0.0,0.0,2.0
G,6,1,2023-04-28,2023-05-05,0.0,0.0,0.0,2.0
G,6,1,2023-05-05,2023-05-12,0.0,0.0,0.0,2.0
G,6,1,2023-05-12,2023-05-19,0.0,0.0,0.0,2.0
G,6,1,2023-05-19,2023-05-26,0.0,0.0,0.0,2.0
G,6,1,2023-05-26,2023-06-02,0.0,0.0,0.0,2.0
G,6,1,2023-06-02,2023-06-09,0.0,0.0,0.0,2.0
G,6,1,2023-06-09,2023-06-16,1.0,0.0,0.0,2.0
G,6,1,2023-06-16,2023-06-23,0.0,0.156401589512825,0.13818855583667755,2.1564016342163086
G,6,1,2023-06-23,2023-06-30,0.0,0.0,0.0,2.0
G,6,1,2023-06-30,2023-07-07,0.0,0.0,0.0,2.0
G,6,1,2023-07-07,2023-07-14,0.0,0.0,0.0,2.0
G,6,1,2023-07-14,2023-07-21,1.0,0.0,0.0,2.0
G,6,1,2023-07-21,2023-07-28,1.0,0.0,0.0,2.0
G,6,1,2023-07-28,2023-08-04,1.0,1.6126089096069336,1.456207275390625,3.6126089096069336
G,6,1,2023-08-04,2023-08-11,3.0,1.5797749757766724,1.4233733415603638,3.579774856567383
G,6,1,2023-08-11,2023-08-18,1.0,0.0,0.0,2.0
G,6,1,2023-08-18,2023-08-25,0.0,0.0,0.0,2.0
G,6,1,2023-08-25,2023-09-01,1.0,0.0,0.0,2.0
G,6,1,2023-09-01,2023-09-08,0.0,0.06526635587215424,0.0,2.0652663707733154
G,6,1,2023-09-08,2023-09-15,0.0,0.0,0.0,2.0
G,6,1,2023-09-15,2023-09-22,0.0,0.0,0.0,1.4202250242233276
G,6,1,2023-09-22,2023-09-29,0.0,0.0,0.0,1.4202250242233276
G,6,1,2023-09-29,2023-10-06,1.0,0.0,0.0,1.4202250242233276
G,6,1,2023-10-06,2023-10-13,2.0,0.0,0.0,1.4202250242233276
G,6,1,2023-10-13,2023-10-20,0.0,0.0,0.0,1.4202250242233276
G,6,1,2023-10-20,2023-10-27,1.0,0.0,0.0,1.4202250242233276
G,6,1,2023-10-27,2023-11-03,0.0,0.0,0.0,2.0
G,6,1,2023-11-03,2023-11-10,0.0,0.0,0.0,2.0
G,6,1,2023-11-10,2023-11-17,0.0,0.0,0.0,2.0
G,6,1,2023-11-17,2023-11-24,0.0,0.0,0.0,2.0
G,6,1,2023-11-24,2023-12-01,0.0,0.0,0.0,2.0
G,6,1,2023-12-01,2023-12-08,0.0,0.0,0.0,2.0
G,6,1,2023-12-08,2023-12-15,0.0,0.0,0.0,2.0
G,6,1,2023-12-15,2023-12-22,0.0,0.0,0.0,2.0
G,6,1,2023-12-22,2023-12-29,0.0,0.0,0.0,2.0
G,6,1,2023-12-29,2024-01-05,0.0,0.0,0.0,2.0
G,6,1,2024-01-05,2024-01-12,0.0,0.0,0.0,2.0
G,6,1,2024-01-12,2024-01-19,0.0,0.0,0.0,2.0
G,6,1,2024-01-19,2024-01-26,0.0,0.0,0.0,2.0
G,6,1,2024-01-26,2024-02-02,0.0,0.0,0.0,2.0
G,6,1,2024-02-02,2024-02-09,0.0,0.0,0.0,2.0
G,6,1,2024-02-09,2024-02-16,0.0,0.0,0.0,2.0
G,6,1,2024-02-16,2024-02-23,0.0,0.0,0.0,2.0
G,6,1,2024-02-23,2024-03-01,0.0,0.0,0.0,2.0
G,6,1,2024-03-01,2024-03-08,0.0,0.0,0.0,2.0
G,6,1,2024-03-08,2024-03-15,0.0,0.0,0.0,2.0
G,6,1,2024-03-15,2024-03-22,0.0,0.0,0.0,2.0
G,6,1,2024-03-22,2024-03-29,0.0,0.0,0.0,2.0
G,6,1,2024-03-29,2024-04-05,0.0,0.0,0.0,2.0
G,6,1,2024-04-05,2024-04-12,0.0,0.0,0.0,2.0
G,6,1,2024-04-12,2024-04-19,0.0,0.0,0.0,2.0
G,6,1,2024-04-19,2024-04-26,0.0,0.0,0.0,2.0
G,6,1,2024-04-26,2024-05-03,0.0,0.0,0.0,2.0
G,6,1,2024-05-03,2024-05-10,0.0,0.0,0.0,2.0
G,6,1,2024-05-10,2024-05-17,0.0,0.0,0.0,2.0
G,6,1,2024-05-17,2024-05-24,1.0,0.0,0.0,2.0
G,6,1,2024-05-24,2024-05-31,0.0,0.0,0.0,2.0
G,6,1,2024-05-31,2024-06-07,1.0,0.0,0.0,2.0
G,6,1,2024-06-07,2024-06-14,0.0,0.0,0.0,2.0
G,6,1,2024-06-14,2024-06-21,1.0,0.0,0.0,2.0
G,6,1,2024-06-21,2024-06-28,0.0,0.0,0.0,2.0
G,6,1,2024-06-28,2024-07-05,0.0,0.0,0.0,2.0
G,6,1,2024-07-05,2024-07-12,0.0,0.0,0.0,2.0
G,6,1,2024-07-12,2024-07-19,1.0,0.0,0.0,2.0
G,6,1,2024-07-19,2024-07-26,2.0,0.7309317588806152,0.11832284927368164,2.7309317588806152
G,6,1,2024-07-26,2024-08-02,5.0,0.8047545552253723,0.19214564561843872,2.8047544956207275
G,6,1,2024-08-02,2024-08-09,3.0,0.9624342918395996,0.349825382232666,2.9624342918395996
G,6,1,2024-08-09,2024-08-16,2.0,0.11042322218418121,0.0,2.1104233264923096
G,6,1,2024-08-16,2024-08-23,0.0,0.0,0.0,4.195245265960693
G,6,1,2024-08-23,2024-08-30,1.0,0.0,0.0,4.195245265960693
G,6,1,2024-08-30,2024-09-06,1.0,0.8015876412391663,0.7363212704658508,4.996832847595215
G,6,1,2024-09-06,2024-09-13,4.0,2.7639658451080322,2.698699474334717,6.959211349487305
G,6,1,2024-09-13,2024-09-20,3.0,2.9306657314300537,2.8653993606567383,7.125910758972168
G,6,1,2024-09-20,2024-09-27,0.0,0.6072404384613037,0.6072404384613037,4.802485466003418
G,6,1,2024-09-27,2024-10-04,0.0,0.0,0.0,4.195245265960693
G,6,1,2024-10-04,2024-10-11,0.0,0.0,0.0,4.195245265960693
G,6,1,2024-10-11,2024-10-18,0.0,0.0,0.0,4.195245265960693
G,6,1,2024-10-18,2024-10-25,0.0,0.0,0.0,4.195245265960693
G,6,1,2024-10-25,2024-11-01,1.0,0.22786186635494232,0.0,4.423107147216797
G,6,1,2024-11-01,2024-11-08,2.0,0.665267288684845,0.05802685022354126,4.860512733459473
G,6,1,2024-11-08,2024-11-15,1.0,0.0,0.0,4.195245265960693
G,6,1,2024-11-15,2024-11-22,1.0,0.0,0.0,4.195245265960693
G,6,1,2024-11-22,2024-11-29,0.0,0.0,0.0,4.195245265960693
G,6,1,2024-11-29,2024-12-06,0.0,0.0,0.0,4.195245265960693
G,6,1,2024-12-06,2024-12-13,0.0,0.0,0.0,4.195245265960693
G,6,1,2024-12-13,2024-12-20,0.0,0.0,0.0,4.195245265960693
G,6,1,2024-12-20,2024-12-27,0.0,0.0,0.0,4.195245265960693
G,6,1,2024-12-27,2025-01-03,0.0,0.0,0.0,4.195245265960693
G,6,1,2025-01-03,2025-01-10,0.0,0.0,0.0,4.195245265960693
G,6,1,2025-01-10,2025-01-17,1.0,0.0,0.0,4.195245265960693
G,6,1,2025-01-17,2025-01-24,0.0,0.0,0.0,4.195245265960693
G,6,1,2025-01-24,2025-01-31,0.0,0.0,0.0,4.195245265960693
G,6,1,2025-01-31,2025-02-07,0.0,0.0,0.0,4.195245265960693
G,6,1,2025-02-07,2025-02-14,0.0,0.0,0.0,4.195245265960693
G,6,1,2025-02-14,2025-02-21,0.0,0.0,0.0,4.195245265960693
G,6,1,2025-02-21,2025-02-28,0.0,0.0,0.0,4.195245265960693
G,6,1,2025-02-28,2025-03-07,0.0,0.0,0.0,4.195245265960693
G,6,1,2025-03-07,2025-03-14,0.0,0.0,0.0,4.195245265960693
G,6,1,2025-03-14,2025-03-21,0.0,0.0,0.0,4.195245265960693
G,6,1,2025-03-21,2025-03-28,0.0,0.0,0.0,4.195245265960693
G,6,1,2025-03-28,2025-04-04,0.0,0.0,0.0,4.195245265960693
G,6,1,2025-04-04,2025-04-11,0.0,0.0,0.0,4.195245265960693
G,6,1,2025-04-11,2025-04-18,0.0,0.0,0.0,4.195245265960693
G,6,1,2025-04-18,2025-04-25,1.0,0.0,0.0,4.195245265960693
G,6,1,2025-04-25,2025-05-02,0.0,0.0,0.0,4.195245265960693
G,6,1,2025-05-02,2025-05-09,0.0,0.0,0.0,4.195245265960693
G,6,1,2025-05-09,2025-05-16,1.0,0.0,0.0,4.195245265960693
G,6,1,2025-05-16,2025-05-23,1.0,0.0,0.0,4.195245265960693
G,6,1,2025-05-23,2025-05-30,1.0,0.0,0.0,4.195245265960693
G,6,1,2025-05-30,2025-06-06,0.0,0.0,0.0,4.195245265960693
G,6,1,2025-06-06,2025-06-13,0.0,0.0,0.0,4.195245265960693
G,6,1,2025-06-13,2025-06-20,1.0,0.0,0.0,4.195245265960693
G,6,1,2025-06-20,2025-06-27,0.0,0.0,0.0,4.195245265960693
G,6,1,2025-06-27,2025-07-04,2.0,0.0,0.0,4.195245265960693
G,6,1,2025-07-04,2025-07-11,0.0,0.0,0.0,4.195245265960693
G,6,1,2025-07-11,2025-07-18,2.0,0.0,0.0,4.195245265960693
G,6,1,2025-07-18,2025-07-25,3.0,3.4095547199249268,2.802314281463623,7.604800224304199
G,6,1,2025-07-25,2025-08-01,8.0,5.281936168670654,4.67469596862793,9.477181434631348
G,6,1,2025-08-01,2025-08-08,1.0,2.956674575805664,2.3494341373443604,7.151919841766357
G,6,1,2025-08-08,2025-08-15,0.0,0.0,0.0,4.195245265960693
G,6,1,2025-08-15,2025-08-22,0.0,0.0,0.0,2.7180638313293457
G,6,1,2025-08-22,2025-08-29,0.0,0.0,0.0,2.7180638313293457
G,6,2,2023-02-17,2023-03-03,0.0,0.0,0.0,2.0
G,6,2,2023-02-24,2023-03-10,0.0,0.0,0.0,2.0
G,6,2,2023-03-03,2023-03-17,0.0,0.0,0.0,2.0
G,6,2,2023-03-10,2023-03-24,0.0,0.0,0.0,2.0
G,6,2,2023-03-17,2023-03-31,0.0,0.0,0.0,2.0
G,6,2,2023-03-24,2023-04-07,1.0,0.0,0.0,2.0
G,6,2,2023-03-31,2023-04-14,0.0,0.0,0.0,2.0
G,6,2,2023-04-07,2023-04-21,0.0,0.0,0.0,2.0
G,6,2,2023-04-14,2023-04-28,1.0,0.0,0.0,2.0
G,6,2,2023-04-21,2023-05-05,0.0,0.0,0.0,2.0
G,6,2,2023-04-28,2023-05-12,0.0,0.0,0.0,2.0
G,6,2,2023-05-05,2023-05-19,0.0,0.0,0.0,2.0
G,6,2,2023-05-12,2023-05-26,0.0,0.0,0.0,2.0
G,6,2,2023-05-19,2023-06-02,0.0,0.012388210743665695,0.0,2.012388229370117
G,6,2,2023-05-26,2023-06-09,0.0,0.036091532558202744,0.0,2.0360915660858154
G,6,2,2023-06-02,2023-06-16,1.0,0.0,0.0,2.0
G,6,2,2023-06-09,2023-06-23,0.0,0.3446047306060791,0.1219412237405777,2.344604730606079
G,6,2,2023-06-16,2023-06-30,0.0,0.15764860808849335,0.0,2.1576485633850098
G,6,2,2023-06-23,2023-07-07,0.0,0.023364480584859848,0.0,2.023364543914795
G,6,2,2023-06-30,2023-07-14,0.0,0.0,0.0,2.0
G,6,2,2023-07-07,2023-07-21,1.0,0.17549508810043335,0.0,2.175495147705078
G,6,2,2023-07-14,2023-07-28,1.0,0.3252260684967041,0.0,2.325226068496704
G,6,2,2023-07-21,2023-08-04,1.0,0.4430401027202606,0.09843537211418152,2.443040132522583
G,6,2,2023-07-28,2023-08-11,3.0,1.5107574462890625,1.1661527156829834,3.5107574462890625
G,6,2,2023-08-04,2023-08-18,1.0,0.3905373811721802,0.045932650566101074,2.3905372619628906
G,6,2,2023-08-11,2023-08-25,0.0,0.0,0.0,2.0
G,6,2,2023-08-18,2023-09-01,1.0,0.11935320496559143,0.0,2.1193532943725586
G,6,2,2023-08-25,2023-09-08,0.0,0.612453818321228,0.2678490877151489,2.6124539375305176
G,6,2,2023-09-01,2023-09-15,0.0,0.9699490666389465,0.6253443360328674,2.9699490070343018
G,6,2,2023-09-08,2023-09-22,0.0,0.31826895475387573,0.0,2.3182690143585205
G,6,2,2023-09-15,2023-09-29,0.0,0.0,0.0,1.4892425537109375
G,6,2,2023-09-22,2023-10-06,1.0,0.31995952129364014,0.0,1.8092020750045776
G,6,2,2023-09-29,2023-10-13,2.0,0.4419485330581665,0.0,1.931191086769104
G,6,2,2023-10-06,2023-10-20,0.0,0.010758917778730392,0.0,1.5000014305114746
G,6,2,2023-10-13,2023-10-27,1.0,0.0,0.0,1.4892425537109375
G,6,2,2023-10-20,2023-11-03,0.0,0.0,0.0,1.4892425537109375
G,6,2,2023-10-27,2023-11-10,0.0,0.0,0.0,1.5580514669418335
G,6,2,2023-11-03,2023-11-17,0.0,0.0,0.0,1.5580514669418335
G,6,2,2023-11-10,2023-11-24,0.0,0.0,0.0,1.5580514669418335
G,6,2,2023-11-17,2023-12-01,0.0,0.0,0.0,1.5580514669418335
G,6,2,2023-11-24,2023-12-08,0.0,0.0,0.0,1.5580514669418335
G,6,2,2023-12-01,2023-12-15,0.0,0.0,0.0,1.5580514669418335
G,6,2,2023-12-08,2023-12-22,0.0,0.0,0.0,1.5580514669418335
G,6,2,2023-12-15,2023-12-29,0.0,0.07550059258937836,0.0,1.633552074432373
G,6,2,2023-12-22,2024-01-05,0.0,0.06018691137433052,0.0,1.6182383298873901
G,6,2,2023-12-29,2024-01-12,0.0,0.0,0.0,1.5580514669418335
G,6,2,2024-01-05,2024-01-19,0.0,0.0,0.0,1.5580514669418335
G,6,2,2024-01-12,2024-01-26,0.0,0.0,0.0,1.5580514669418335
G,6,2,2024-01-19,2024-02-02,0.0,0.0,0.0,1.5580514669418335
G,6,2,2024-01-26,2024-02-09,0.0,0.0,0.0,1.5580514669418335
G,6,2,2024-02-02,2024-02-16,0.0,0.0,0.0,1.5580514669418335
G,6,2,2024-02-09,2024-02-23,0.0,0.0,0.0,1.5580514669418335
G,6,2,2024-02-16,2024-03-01,0.0,0.0,0.0,1.5580514669418335
G,6,2,2024-02-23,2024-03-08,0.0,0.0,0.0,1.5580514669418335
G,6,2,2024-03-01,2024-03-15,0.0,0.0,0.0,1.5580514669418335
G,6,2,2024-03-08,2024-03-22,0.0,0.0,0.0,1.5580514669418335
G,6,2,2024-03-15,2024-03-29,0.0,0.0,0.0,1.5580514669418335
G,6,2,2024-03-22,2024-04-05,0.0,0.0,0.0,1.5580514669418335
G,6,2,2024-03-29,2024-04-12,0.0,0.0,0.0,1.5580514669418335
G,6,2,2024-04-05,2024-04-19,0.0,0.0,0.0,1.5580514669418335
G,6,2,2024-04-12,2024-04-26,0.0,0.0,0.0,1.5580514669418335
G,6,2,2024-04-19,2024-05-03,0.0,0.0,0.0,1.5580514669418335
G,6,2,2024-04-26,2024-05-10,0.0,0.0,0.0,1.5580514669418335
G,6,2,2024-05-03,2024-05-17,0.0,0.0,0.0,1.5580514669418335
G,6,2,2024-05-10,2024-05-24,1.0,0.0,0.0,1.5580514669418335
G,6,2,2024-05-17,2024-05-31,0.0,0.0,0.0,1.5580514669418335
G,6,2,2024-05-24,2024-06-07,1.0,0.17282897233963013,0.0,1.7308804988861084
G,6,2,2024-05-31,2024-06-14,0.0,0.046683233231306076,0.0,1.6047346591949463
G,6,2,2024-06-07,2024-06-21,1.0,0.05703340098261833,0.0,1.6150848865509033
G,6,2,2024-06-14,2024-06-28,0.0,0.2550906240940094,0.0,1.8131420612335205
G,6,2,2024-06-21,2024-07-05,0.0,0.41676250100135803,0.0,1.9748139381408691
G,6,2,2024-06-28,2024-07-12,0.0,0.2932698130607605,0.0,1.8513212203979492
G,6,2,2024-07-05,2024-07-19,1.0,0.27383801341056824,0.0,1.8318895101547241
G,6,2,2024-07-12,2024-07-26,2.0,0.3263513445854187,0.0,1.8844027519226074
G,6,2,2024-07-19,2024-08-02,5.0,1.0423798561096191,0.07243078947067261,2.600431442260742
G,6,2,2024-07-26,2024-08-09,3.0,0.08157016336917877,0.0,1.639621615409851
G,6,2,2024-08-02,2024-08-16,2.0,0.34641170501708984,0.0,1.9044631719589233
G,6,2,2024-08-09,2024-08-23,0.0,0.3842868208885193,0.0,2.0579354763031006
G,6,2,2024-08-16,2024-08-30,1.0,0.45668452978134155,0.0,4.414304733276367
G,6,2,2024-08-23,2024-09-06,1.0,0.5326605439186096,0.0,4.490280628204346
G,6,2,2024-08-30,2024-09-13,4.0,2.293120861053467,1.323171854019165,6.250741004943848
G,6,2,2024-09-06,2024-09-20,3.0,1.2998828887939453,0.3299338221549988,5.257503032684326
G,6,2,2024-09-13,2024-09-27,0.0,0.9721466302871704,0.002197563648223877,4.929766654968262
G,6,2,2024-09-20,2024-10-04,0.0,0.08193269371986389,0.0,4.039552688598633
G,6,2,2024-09-27,2024-10-11,0.0,0.20791730284690857,0.0,4.165537357330322
G,6,2,2024-10-04,2024-10-18,0.0,0.15594501793384552,0.0,4.113564968109131
G,6,2,2024-10-11,2024-10-25,0.0,0.1472972184419632,0.0,4.104917526245117
G,6,2,2024-10-18,2024-11-01,1.0,0.4180451035499573,0.0,4.375665187835693
G,6,2,2024-10-25,2024-11-08,2.0,0.7711337804794312,0.0,4.728754043579102
G,6,2,2024-11-01,2024-11-15,1.0,0.049371931701898575,0.0,4.006991863250732
G,6,2,2024-11-08,2024-11-22,1.0,0.0,0.0,3.957620143890381
G,6,2,2024-11-15,2024-11-29,0.0,0.0,0.0,3.957620143890381
G,6,2,2024-11-22,2024-12-06,0.0,0.07566873729228973,0.0,4.033288955688477
G,6,2,2024-11-29,2024-12-13,0.0,0.07765865325927734,0.0,4.035278797149658
G,6,2,2024-12-06,2024-12-20,0.0,0.06522995233535767,0.0,4.022850036621094
G,6,2,2024-12-13,2024-12-27,0.0,0.0,0.0,3.957620143890381
G,6,2,2024-12-20,2025-01-03,0.0,0.0,0.0,3.957620143890381
G,6,2,2024-12-27,2025-01-10,0.0,0.0,0.0,3.957620143890381
G,6,2,2025-01-03,2025-01-17,1.0,0.0,0.0,3.957620143890381
G,6,2,2025-01-10,2025-01-24,0.0,0.0,0.0,3.957620143890381
G,6,2,2025-01-17,2025-01-31,0.0,0.0,0.0,3.957620143890381
G,6,2,2025-01-24,2025-02-07,0.0,0.0,0.0,3.957620143890381
G,6,2,2025-01-31,2025-02-14,0.0,0.0,0.0,3.957620143890381
G,6,2,2025-02-07,2025-02-21,0.0,0.0,0.0,3.957620143890381
G,6,2,2025-02-14,2025-02-28,0.0,0.0,0.0,3.957620143890381
G,6,2,2025-02-21,2025-03-07,0.0,0.0,0.0,3.957620143890381
G,6,2,2025-02-28,2025-03-14,0.0,0.0,0.0,3.957620143890381
G,6,2,2025-03-07,2025-03-21,0.0,0.0,0.0,3.957620143890381
G,6,2,2025-03-14,2025-03-28,0.0,0.0,0.0,3.957620143890381
G,6,2,2025-03-21,2025-04-04,0.0,0.0,0.0,3.957620143890381
G,6,2,2025-03-28,2025-04-11,0.0,0.0,0.0,3.957620143890381
G,6,2,2025-04-04,2025-04-18,0.0,0.0,0.0,3.957620143890381
G,6,2,2025-04-11,2025-04-25,1.0,0.0,0.0,3.957620143890381
G,6,2,2025-04-18,2025-05-02,0.0,0.0,0.0,3.957620143890381
G,6,2,2025-04-25,2025-05-09,0.0,0.0,0.0,3.957620143890381
G,6,2,2025-05-02,2025-05-16,1.0,0.0,0.0,3.957620143890381
G,6,2,2025-05-09,2025-05-23,1.0,0.0,0.0,3.957620143890381
G,6,2,2025-05-16,2025-05-30,1.0,0.0,0.0,3.957620143890381
G,6,2,2025-05-23,2025-06-06,0.0,0.0,0.0,3.957620143890381
G,6,2,2025-05-30,2025-06-13,0.0,0.16623377799987793,0.0,4.12385368347168
G,6,2,2025-06-06,2025-06-20,1.0,0.5009660124778748,0.0,4.4585862159729
G,6,2,2025-06-13,2025-06-27,0.0,0.0018872283399105072,0.0,3.959507465362549
G,6,2,2025-06-20,2025-07-04,2.0,0.11961326003074646,0.0,4.07723331451416
G,6,2,2025-06-27,2025-07-11,0.0,0.44570720195770264,0.0,4.403327465057373
G,6,2,2025-07-04,2025-07-18,2.0,1.2911357879638672,0.3189891576766968,5.248755931854248
G,6,2,2025-07-11,2025-07-25,3.0,0.6969901919364929,0.0,4.6546101570129395
G,6,2,2025-07-18,2025-08-01,8.0,2.604865550994873,1.6327189207077026,6.562485694885254
G,6,2,2025-07-25,2025-08-08,1.0,2.0345380306243896,1.0623914003372192,5.992157936096191
G,6,2,2025-08-01,2025-08-15,0.0,0.5352693200111389,0.0,4.492889404296875
G,6,2,2025-08-08,2025-08-22,0.0,0.16260705888271332,0.0,4.120227336883545
G,6,2,2025-08-15,2025-08-29,0.0,0.4519121050834656,0.0,5.847046375274658
G,6,2,2025-08-22,2025-09-05,,1.1049320697784424,0.07039403915405273,6.500066757202148
G,6,4,2023-02-17,2023-03-17,0.0,0.0,0.0,1.6736263036727905
G,6,4,2023-02-24,2023-03-24,0.0,0.0,0.0,1.6736263036727905
G,6,4,2023-03-03,2023-03-31,0.0,0.0,0.0,1.6736263036727905
G,6,4,2023-03-10,2023-04-07,1.0,0.0,0.0,1.6736263036727905
G,6,4,2023-03-17,2023-04-14,0.0,0.0,0.0,1.6736263036727905
G,6,4,2023-03-24,2023-04-21,0.0,0.0,0.0,1.6736263036727905
G,6,4,2023-03-31,2023-04-28,1.0,0.0,0.0,1.6736263036727905
G,6,4,2023-04-07,2023-05-05,0.0,0.0,0.0,1.6736263036727905
G,6,4,2023-04-14,2023-05-12,0.0,0.0,0.0,1.6736263036727905
G,6,4,2023-04-21,2023-05-19,0.0,0.0,0.0,1.6736263036727905
G,6,4,2023-04-28,2023-05-26,0.0,0.0,0.0,1.6736263036727905
G,6,4,2023-05-05,2023-06-02,0.0,0.13922062516212463,0.0,1.8128468990325928
G,6,4,2023-05-12,2023-06-09,0.0,0.0783863216638565,0.0,1.7520126104354858
G,6,4,2023-05-19,2023-06-16,1.0,0.0,0.0,1.6736263036727905
G,6,4,2023-05-26,2023-06-23,0.0,0.06389765441417694,0.0,1.7375239133834839
G,6,4,2023-06-02,2023-06-30,0.0,0.0934981256723404,0.0,1.7671244144439697
G,6,4,2023-06-09,2023-07-07,0.0,0.19143913686275482,0.0,1.8650654554367065
G,6,4,2023-06-16,2023-07-14,0.0,0.04474419355392456,0.0,1.7183704376220703
G,6,4,2023-06-23,2023-07-21,1.0,0.635136067867279,0.0,2.308762311935425
G,6,4,2023-06-30,2023-07-28,1.0,0.6805757284164429,0.0,2.3542020320892334
G,6,4,2023-07-07,2023-08-04,1.0,0.9680532813072205,0.0,2.641679525375366
G,6,4,2023-07-14,2023-08-11,3.0,1.2982596158981323,0.10933613777160645,2.971885919570923
G,6,4,2023-07-21,2023-08-18,1.0,0.14369699358940125,0.0,1.8173233270645142
G,6,4,2023-07-28,2023-08-25,0.0,0.41293221712112427,0.0,2.0865585803985596
G,6,4,2023-08-04,2023-09-01,1.0,0.4677658677101135,0.11067140102386475,2.141392230987549
G,6,4,2023-08-11,2023-09-08,0.0,0.5937403440475464,0.3026673495769501,2.267366647720337
G,6,4,2023-08-18,2023-09-15,0.0,1.17667818069458,0.8856052160263062,2.85030460357666
G,6,4,2023-08-25,2023-09-22,0.0,0.649587869644165,0.3585148751735687,2.3513283729553223
G,6,4,2023-09-01,2023-09-29,0.0,0.5176892876625061,0.2266162931919098,2.2194297313690186
G,6,4,2023-09-08,2023-10-06,1.0,0.5487552881240845,0.1358230710029602,2.250495672225952
G,6,4,2023-09-15,2023-10-13,2.0,0.0,0.0,1.7017403841018677
G,6,4,2023-09-22,2023-10-20,0.0,0.5943168997764587,0.0005765557289123535,2.2960572242736816
G,6,4,2023-09-29,2023-10-27,1.0,0.3110385835170746,0.0,2.0127789974212646
G,6,4,2023-10-06,2023-11-03,0.0,0.0,0.0,1.7017403841018677
G,6,4,2023-10-13,2023-11-10,0.0,0.0,0.0,1.7017403841018677
G,6,4,2023-10-20,2023-11-17,0.0,0.0,0.0,1.7017403841018677
G,6,4,2023-10-27,2023-11-24,0.0,0.0,0.0,2.0
G,6,4,2023-11-03,2023-12-01,0.0,0.0,0.0,2.0
G,6,4,2023-11-10,2023-12-08,0.0,0.08192042261362076,0.0,2.0819203853607178
G,6,4,2023-11-17,2023-12-15,0.0,0.012479664757847786,0.0,2.012479782104492
G,6,4,2023-11-24,2023-12-22,0.0,0.0,0.0,2.0
G,6,4,2023-12-01,2023-12-29,0.0,0.0,0.0,2.0
G,6,4,2023-12-08,2024-01-05,0.0,0.0,0.0,2.0
G,6,4,2023-12-15,2024-01-12,0.0,0.2843180298805237,0.0,2.284317970275879
G,6,4,2023-12-22,2024-01-19,0.0,0.0,0.0,2.0
G,6,4,2023-12-29,2024-01-26,0.0,0.0,0.0,2.0
G,6,4,2024-01-05,2024-02-02,0.0,0.0,0.0,2.0
G,6,4,2024-01-12,2024-02-09,0.0,0.0,0.0,2.0
G,6,4,2024-01-19,2024-02-16,0.0,0.0,0.0,2.0
G,6,4,2024-01-26,2024-02-23,0.0,0.0,0.0,2.0
G,6,4,2024-02-02,2024-03-01,0.0,0.0,0.0,2.0
G,6,4,2024-02-09,2024-03-08,0.0,0.0,0.0,2.0
G,6,4,2024-02-16,2024-03-15,0.0,0.0,0.0,2.0
G,6,4,2024-02-23,2024-03-22,0.0,0.0,0.0,2.0
G,6,4,2024-03-01,2024-03-29,0.0,0.0,0.0,2.0
G,6,4,2024-03-08,2024-04-05,0.0,0.0,0.0,2.0
G,6,4,2024-03-15,2024-04-12,0.0,0.0,0.0,2.0
G,6,4,2024-03-22,2024-04-19,0.0,0.0,0.0,2.0
G,6,4,2024-03-29,2024-04-26,0.0,0.0,0.0,2.0
G,6,4,2024-04-05,2024-05-03,0.0,0.0,0.0,2.0
G,6,4,2024-04-12,2024-05-10,0.0,0.0,0.0,2.0
G,6,4,2024-04-19,2024-05-17,0.0,0.0,0.0,2.0
G,6,4,2024-04-26,2024-05-24,1.0,0.0,0.0,2.0
G,6,4,2024-05-03,2024-05-31,0.0,0.0,0.0,2.0
G,6,4,2024-05-10,2024-06-07,1.0,0.0,0.0,2.0
G,6,4,2024-05-17,2024-06-14,0.0,0.0,0.0,2.0
G,6,4,2024-05-24,2024-06-21,1.0,0.0,0.0,2.0
G,6,4,2024-05-31,2024-06-28,0.0,0.0,0.0,2.0
G,6,4,2024-06-07,2024-07-05,0.0,0.3686557710170746,0.0,2.3686556816101074
G,6,4,2024-06-14,2024-07-12,0.0,1.397510051727295,0.22083187103271484,3.397510051727295
G,6,4,2024-06-21,2024-07-19,1.0,2.107358694076538,0.930680513381958,4.107358932495117
G,6,4,2024-06-28,2024-07-26,2.0,1.6091372966766357,0.43245911598205566,3.6091372966766357
G,6,4,2024-07-05,2024-08-02,5.0,1.1388087272644043,0.0,3.1388087272644043
G,6,4,2024-07-12,2024-08-09,3.0,1.1885507106781006,0.011872529983520508,3.1885507106781006
G,6,4,2024-07-19,2024-08-16,2.0,0.9454604387283325,0.0,2.945460319519043
G,6,4,2024-07-26,2024-08-23,0.0,0.6976426839828491,0.0,2.6976428031921387
G,6,4,2024-08-02,2024-08-30,1.0,2.0988588333129883,0.7013487815856934,4.098858833312988
G,6,4,2024-08-09,2024-09-06,1.0,2.2528302669525146,0.8553202152252197,4.252830505371094
G,6,4,2024-08-16,2024-09-13,4.0,2.8685832023620605,1.4710731506347656,6.729774475097656
G,6,4,2024-08-23,2024-09-20,3.0,1.8820093870162964,0.48449933528900146,5.743200778961182
G,6,4,2024-08-30,2024-09-27,0.0,1.8096668720245361,0.4121568202972412,5.670858383178711
G,6,4,2024-09-06,2024-10-04,0.0,0.7269275188446045,0.0,4.588118553161621
G,6,4,2024-09-13,2024-10-11,0.0,0.6587116122245789,0.0,4.51990270614624
G,6,4,2024-09-20,2024-10-18,0.0,0.3559917211532593,0.0,4.2171831130981445
G,6,4,2024-09-27,2024-10-25,0.0,0.2827955186367035,0.0,4.143986701965332
G,6,4,2024-10-04,2024-11-01,1.0,0.47876402735710144,0.0,4.3399553298950195
G,6,4,2024-10-11,2024-11-08,2.0,0.6036356091499329,0.0,4.464827060699463
G,6,4,2024-10-18,2024-11-15,1.0,0.13935598731040955,0.0,4.000547409057617
G,6,4,2024-10-25,2024-11-22,1.0,0.0,0.0,3.8611912727355957
G,6,4,2024-11-01,2024-11-29,0.0,0.0,0.0,3.8611912727355957
G,6,4,2024-11-08,2024-12-06,0.0,0.0,0.0,3.8611912727355957
G,6,4,2024-11-15,2024-12-13,0.0,0.05507159233093262,0.0,3.9162628650665283
G,6,4,2024-11-22,2024-12-20,0.0,0.0,0.0,3.8611912727355957
G,6,4,2024-11-29,2024-12-27,0.0,0.0,0.0,3.8611912727355957
G,6,4,2024-12-06,2025-01-03,0.0,0.0,0.0,3.8611912727355957
G,6,4,2024-12-13,2025-01-10,0.0,0.0,0.0,3.8611912727355957
G,6,4,2024-12-20,2025-01-17,1.0,0.0,0.0,3.8611912727355957
G,6,4,2024-12-27,2025-01-24,0.0,0.0,0.0,3.8611912727355957
G,6,4,2025-01-03,2025-01-31,0.0,0.0,0.0,3.8611912727355957
G,6,4,2025-01-10,2025-02-07,0.0,0.0,0.0,3.8611912727355957
G,6,4,2025-01-17,2025-02-14,0.0,0.0,0.0,3.8611912727355957
G,6,4,2025-01-24,2025-02-21,0.0,0.0,0.0,3.8611912727355957
G,6,4,2025-01-31,2025-02-28,0.0,0.0,0.0,3.8611912727355957
G,6,4,2025-02-07,2025-03-07,0.0,0.0,0.0,3.8611912727355957
G,6,4,2025-02-14,2025-03-14,0.0,0.0,0.0,3.8611912727355957
G,6,4,2025-02-21,2025-03-21,0.0,0.0,0.0,3.8611912727355957
G,6,4,2025-02-28,2025-03-28,0.0,0.0,0.0,3.8611912727355957
G,6,4,2025-03-07,2025-04-04,0.0,0.0,0.0,3.8611912727355957
G,6,4,2025-03-14,2025-04-11,0.0,0.0,0.0,3.8611912727355957
G,6,4,2025-03-21,2025-04-18,0.0,0.0,0.0,3.8611912727355957
G,6,4,2025-03-28,2025-04-25,1.0,0.0,0.0,3.8611912727355957
G,6,4,2025-04-04,2025-05-02,0.0,0.0,0.0,3.8611912727355957
G,6,4,2025-04-11,2025-05-09,0.0,0.0,0.0,3.8611912727355957
G,6,4,2025-04-18,2025-05-16,1.0,0.0,0.0,3.8611912727355957
G,6,4,2025-04-25,2025-05-23,1.0,0.0,0.0,3.8611912727355957
G,6,4,2025-05-02,2025-05-30,1.0,0.0,0.0,3.8611912727355957
G,6,4,2025-05-09,2025-06-06,0.0,0.0,0.0,3.8611912727355957
G,6,4,2025-05-16,2025-06-13,0.0,0.0,0.0,3.8611912727355957
G,6,4,2025-05-23,2025-06-20,1.0,0.0,0.0,3.8611912727355957
G,6,4,2025-05-30,2025-06-27,0.0,0.07528072595596313,0.0,3.936471939086914
G,6,4,2025-06-06,2025-07-04,2.0,0.0,0.0,3.8611912727355957
G,6,4,2025-06-13,2025-07-11,0.0,0.3300718069076538,0.0,4.191263198852539
G,6,4,2025-06-20,2025-07-18,2.0,1.5093231201171875,0.0,5.370514392852783
G,6,4,2025-06-27,2025-07-25,3.0,1.6900112628936768,0.0,5.551202774047852
G,6,4,2025-07-04,2025-08-01,8.0,2.4810519218444824,0.6713850498199463,6.342243194580078
G,6,4,2025-07-11,2025-08-08,1.0,0.989372730255127,0.0,4.850564002990723
G,6,4,2025-07-18,2025-08-15,0.0,1.942936897277832,0.1332700252532959,5.804128170013428
G,6,4,2025-07-25,2025-08-22,0.0,0.9514049291610718,0.0,4.812596321105957
G,6,4,2025-08-01,2025-08-29,0.0,1.0494577884674072,0.0,4.910649299621582
G,6,4,2025-08-08,2025-09-05,,1.6300184726715088,0.0,5.491209983825684
G,6,4,2025-08-15,2025-09-12,,0.7466200590133667,0.0,6.265568256378174
G,6,4,2025-08-22,2025-09-19,,0.7216452360153198,0.0,6.240593433380127
G,6,8,2023-02-17,2023-04-14,0.0,0.0,0.0,1.4109313488006592
G,6,8,2023-02-24,2023-04-21,0.0,0.0,0.0,1.4109313488006592
G,6,8,2023-03-03,2023-04-28,1.0,0.0,0.0,1.4109313488006592
G,6,8,2023-03-10,2023-05-05,0.0,0.0,0.0,1.4109313488006592
G,6,8,2023-03-17,2023-05-12,0.0,0.0,0.0,1.4109313488006592
G,6,8,2023-03-24,2023-05-19,0.0,0.0,0.0,1.4109313488006592
G,6,8,2023-03-31,2023-05-26,0.0,0.0,0.0,1.4109313488006592
G,6,8,2023-04-07,2023-06-02,0.0,0.0,0.0,1.4109313488006592
G,6,8,2023-04-14,2023-06-09,0.0,0.0,0.0,1.4109313488006592
G,6,8,2023-04-21,2023-06-16,1.0,0.0,0.0,1.4109313488006592
G,6,8,2023-04-28,2023-06-23,0.0,0.0,0.0,1.4109313488006592
G,6,8,2023-05-05,2023-06-30,0.0,0.0,0.0,1.4109313488006592
G,6,8,2023-05-12,2023-07-07,0.0,0.26151809096336365,0.0,1.6724494695663452
G,6,8,2023-05-19,2023-07-14,0.0,0.3089609742164612,0.0,1.7198922634124756
G,6,8,2023-05-26,2023-07-21,1.0,0.22976696491241455,0.0,1.6406983137130737
G,6,8,2023-06-02,2023-07-28,1.0,0.36423397064208984,0.0,1.775165319442749
G,6,8,2023-06-09,2023-08-04,1.0,1.0870375633239746,0.0,2.497968912124634
G,6,8,2023-06-16,2023-08-11,3.0,2.159517288208008,1.0384795665740967,3.570448637008667
G,6,8,2023-06-23,2023-08-18,1.0,0.5720798373222351,0.0,1.983011245727539
G,6,8,2023-06-30,2023-08-25,0.0,1.630988359451294,0.5099506378173828,3.041919708251953
G,6,8,2023-07-07,2023-09-01,1.0,0.9851850867271423,0.0,2.3961164951324463
G,6,8,2023-07-14,2023-09-08,0.0,0.6321566700935364,0.0,2.043087959289551
G,6,8,2023-07-21,2023-09-15,0.0,0.354443222284317,0.0,1.7653745412826538
G,6,8,2023-07-28,2023-09-22,0.0,1.2017858028411865,0.44798511266708374,2.6127171516418457
G,6,8,2023-08-04,2023-09-29,0.0,1.9610555171966553,1.2072548866271973,3.3719868659973145
G,6,8,2023-08-11,2023-10-06,1.0,1.8054296970367432,1.0516290664672852,3.2163610458374023
G,6,8,2023-08-18,2023-10-13,2.0,0.9560976624488831,0.20229697227478027,2.3670289516448975
G,6,8,2023-08-25,2023-10-20,0.0,0.08974587172269821,0.0,1.500677227973938
G,6,8,2023-09-01,2023-10-27,1.0,0.0,0.0,1.4109313488006592
G,6,8,2023-09-08,2023-11-03,0.0,0.0,0.0,1.4109313488006592
G,6,8,2023-09-15,2023-11-10,0.0,0.0,0.0,1.0
G,6,8,2023-09-22,2023-11-17,0.0,0.007175572216510773,0.0,1.0071755647659302
G,6,8,2023-09-29,2023-11-24,0.0,0.0,0.0,1.0
G,6,8,2023-10-06,2023-12-01,0.0,0.0,0.0,1.0
G,6,8,2023-10-13,2023-12-08,0.0,0.0,0.0,1.0
G,6,8,2023-10-20,2023-12-15,0.0,0.0,0.0,1.0
G,6,8,2023-10-27,2023-12-22,0.0,0.0,0.0,1.0439023971557617
G,6,8,2023-11-03,2023-12-29,0.0,0.0,0.0,1.0439023971557617
G,6,8,2023-11-10,2024-01-05,0.0,0.09668229520320892,0.0,1.1405847072601318
G,6,8,2023-11-17,2024-01-12,0.0,0.12480949610471725,0.0,1.1687119007110596
G,6,8,2023-11-24,2024-01-19,0.0,0.02593895047903061,0.0,1.0698413848876953
G,6,8,2023-12-01,2024-01-26,0.0,0.0,0.0,1.0439023971557617
G,6,8,2023-12-08,2024-02-02,0.0,0.0,0.0,1.0439023971557617
G,6,8,2023-12-15,2024-02-09,0.0,0.0,0.0,1.0439023971557617
G,6,8,2023-12-22,2024-02-16,0.0,0.0,0.0,1.0439023971557617
G,6,8,2023-12-29,2024-02-23,0.0,0.0,0.0,1.0439023971557617
G,6,8,2024-01-05,2024-03-01,0.0,0.0,0.0,1.0439023971557617
G,6,8,2024-01-12,2024-03-08,0.0,0.0,0.0,1.0439023971557617
G,6,8,2024-01-19,2024-03-15,0.0,0.0,0.0,1.0439023971557617
G,6,8,2024-01-26,2024-03-22,0.0,0.0,0.0,1.0439023971557617
G,6,8,2024-02-02,2024-03-29,0.0,0.0,0.0,1.0439023971557617
G,6,8,2024-02-09,2024-04-05,0.0,0.0,0.0,1.0439023971557617
G,6,8,2024-02-16,2024-04-12,0.0,0.0,0.0,1.0439023971557617
G,6,8,2024-02-23,2024-04-19,0.0,0.0,0.0,1.0439023971557617
G,6,8,2024-03-01,2024-04-26,0.0,0.0,0.0,1.0439023971557617
G,6,8,2024-03-08,2024-05-03,0.0,0.0,0.0,1.0439023971557617
G,6,8,2024-03-15,2024-05-10,0.0,0.0,0.0,1.0439023971557617
G,6,8,2024-03-22,2024-05-17,0.0,0.0,0.0,1.0439023971557617
G,6,8,2024-03-29,2024-05-24,1.0,0.0,0.0,1.0439023971557617
G,6,8,2024-04-05,2024-05-31,0.0,0.05252690613269806,0.0,1.0964293479919434
G,6,8,2024-04-12,2024-06-07,1.0,0.13095471262931824,0.0,1.1748571395874023
G,6,8,2024-04-19,2024-06-14,0.0,0.0,0.0,1.0439023971557617
G,6,8,2024-04-26,2024-06-21,1.0,0.0,0.0,1.0439023971557617
G,6,8,2024-05-03,2024-06-28,0.0,0.0,0.0,1.0439023971557617
G,6,8,2024-05-10,2024-07-05,0.0,0.17066898941993713,0.0,1.2145713567733765
G,6,8,2024-05-17,2024-07-12,0.0,0.3806910514831543,0.0,1.424593448638916
G,6,8,2024-05-24,2024-07-19,1.0,0.8450804948806763,0.0,1.888982892036438
G,6,8,2024-05-31,2024-07-26,2.0,0.7443371415138245,0.0,1.7882394790649414
G,6,8,2024-06-07,2024-08-02,5.0,0.7459567785263062,0.0,1.7898591756820679
G,6,8,2024-06-14,2024-08-09,3.0,2.005061388015747,0.0440058708190918,3.048963785171509
G,6,8,2024-06-21,2024-08-16,2.0,1.3316195011138916,0.0,2.3755218982696533
G,6,8,2024-06-28,2024-08-23,0.0,1.2015397548675537,0.0,2.2454421520233154
G,6,8,2024-07-05,2024-08-30,1.0,1.6432197093963623,0.0,2.687122106552124
G,6,8,2024-07-12,2024-09-06,1.0,2.3262975215911865,0.36524200439453125,3.3701999187469482
G,6,8,2024-07-19,2024-09-13,4.0,3.612584352493286,1.6515288352966309,4.656486511230469
G,6,8,2024-07-26,2024-09-20,3.0,1.8016691207885742,0.0,2.845571517944336
G,6,8,2024-08-02,2024-09-27,0.0,2.5583291053771973,0.597273588180542,3.602231502532959
G,6,8,2024-08-09,2024-10-04,0.0,2.629904270172119,0.6688487529754639,3.8855671882629395
G,6,8,2024-08-16,2024-10-11,0.0,0.2704606056213379,0.0,4.524503707885742
G,6,8,2024-08-23,2024-10-18,0.0,0.3810082972049713,0.0,4.635051250457764
G,6,8,2024-08-30,2024-10-25,0.0,0.8376654982566833,0.0,5.091708660125732
G,6,8,2024-09-06,2024-11-01,1.0,0.8674606680870056,0.0,5.121503829956055
G,6,8,2024-09-13,2024-11-08,2.0,1.460906982421875,0.0,5.714950084686279
G,6,8,2024-09-20,2024-11-15,1.0,0.3416024446487427,0.0,4.595645427703857
G,6,8,2024-09-27,2024-11-22,1.0,0.056366823613643646,0.0,4.310410022735596
G,6,8,2024-10-04,2024-11-29,0.0,0.0688103586435318,0.0,4.3228535652160645
G,6,8,2024-10-11,2024-12-06,0.0,0.0,0.0,4.254043102264404
G,6,8,2024-10-18,2024-12-13,0.0,0.10240204632282257,0.0,4.3564453125
G,6,8,2024-10-25,2024-12-20,0.0,0.025535911321640015,0.0,4.279579162597656
G,6,8,2024-11-01,2024-12-27,0.0,0.0,0.0,4.254043102264404
G,6,8,2024-11-08,2025-01-03,0.0,0.0,0.0,4.254043102264404
G,6,8,2024-11-15,2025-01-10,0.0,0.0,0.0,4.254043102264404
G,6,8,2024-11-22,2025-01-17,1.0,0.0,0.0,4.254043102264404
G,6,8,2024-11-29,2025-01-24,0.0,0.0,0.0,4.254043102264404
G,6,8,2024-12-06,2025-01-31,0.0,0.10620956122875214,0.0,4.360252857208252
G,6,8,2024-12-13,2025-02-07,0.0,0.12817762792110443,0.0,4.38222074508667
G,6,8,2024-12-20,2025-02-14,0.0,0.0,0.0,4.254043102264404
G,6,8,2024-12-27,2025-02-21,0.0,0.0,0.0,4.254043102264404
G,6,8,2025-01-03,2025-02-28,0.0,0.0,0.0,4.254043102264404
G,6,8,2025-01-10,2025-03-07,0.0,0.0,0.0,4.254043102264404
G,6,8,2025-01-17,2025-03-14,0.0,0.0,0.0,4.254043102264404
G,6,8,2025-01-24,2025-03-21,0.0,0.0,0.0,4.254043102264404
G,6,8,2025-01-31,2025-03-28,0.0,0.0,0.0,4.254043102264404
G,6,8,2025-02-07,2025-04-04,0.0,0.0,0.0,4.254043102264404
G,6,8,2025-02-14,2025-04-11,0.0,0.0,0.0,4.254043102264404
G,6,8,2025-02-21,2025-04-18,0.0,0.0,0.0,4.254043102264404
G,6,8,2025-02-28,2025-04-25,1.0,0.0,0.0,4.254043102264404
G,6,8,2025-03-07,2025-05-02,0.0,0.0,0.0,4.254043102264404
G,6,8,2025-03-14,2025-05-09,0.0,0.0,0.0,4.254043102264404
G,6,8,2025-03-21,2025-05-16,1.0,0.0,0.0,4.254043102264404
G,6,8,2025-03-28,2025-05-23,1.0,0.0,0.0,4.254043102264404
G,6,8,2025-04-04,2025-05-30,1.0,0.0,0.0,4.254043102264404
G,6,8,2025-04-11,2025-06-06,0.0,0.0,0.0,4.254043102264404
G,6,8,2025-04-18,2025-06-13,0.0,0.0,0.0,4.254043102264404
G,6,8,2025-04-25,2025-06-20,1.0,0.0,0.0,4.254043102264404
G,6,8,2025-05-02,2025-06-27,0.0,0.0,0.0,4.254043102264404
G,6,8,2025-05-09,2025-07-04,2.0,0.0,0.0,4.254043102264404
G,6,8,2025-05-16,2025-07-11,0.0,0.36428946256637573,0.0,4.618332386016846
G,6,8,2025-05-23,2025-07-18,2.0,0.617928147315979,0.0,4.871971130371094
G,6,8,2025-05-30,2025-07-25,3.0,0.5382187962532043,0.0,4.792262077331543
G,6,8,2025-06-06,2025-08-01,8.0,1.2974762916564941,0.0,5.551519393920898
G,6,8,2025-06-13,2025-08-08,1.0,0.3336437940597534,0.0,4.587687015533447
G,6,8,2025-06-20,2025-08-15,0.0,0.5313751697540283,0.0,4.785418510437012
G,6,8,2025-06-27,2025-08-22,0.0,0.7167832851409912,0.0,4.970826148986816
G,6,8,2025-07-04,2025-08-29,0.0,0.04845155030488968,0.0,4.302494525909424
G,6,8,2025-07-11,2025-09-05,,0.1827695518732071,0.0,4.436812877655029
G,6,8,2025-07-18,2025-09-12,,1.3011679649353027,0.0,5.555211067199707
G,6,8,2025-07-25,2025-09-19,,0.876557469367981,0.0,5.130600452423096
G,6,8,2025-08-01,2025-09-26,,0.2813122272491455,0.0,4.535355567932129
G,6,8,2025-08-08,2025-10-03,,0.0,0.0,4.254043102264404
G,6,8,2025-08-15,2025-10-10,,0.0,0.0,6.702523708343506
G,6,8,2025-08-22,2025-10-17,,0.0,0.0,6.702523708343506
G,6,12,2023-02-17,2023-05-12,0.0,0.0,0.0,2.0
G,6,12,2023-02-24,2023-05-19,0.0,0.0,0.0,2.0
G,6,12,2023-03-03,2023-05-26,0.0,0.0,0.0,2.0
G,6,12,2023-03-10,2023-06-02,0.0,0.0,0.0,2.0
G,6,12,2023-03-17,2023-06-09,0.0,0.0,0.0,2.0
G,6,12,2023-03-24,2023-06-16,1.0,0.0,0.0,2.0
G,6,12,2023-03-31,2023-06-23,0.0,0.0,0.0,2.0
G,6,12,2023-04-07,2023-06-30,0.0,0.0,0.0,2.0
G,6,12,2023-04-14,2023-07-07,0.0,0.0,0.0,2.0
G,6,12,2023-04-21,2023-07-14,0.0,0.0,0.0,2.0
G,6,12,2023-04-28,2023-07-21,1.0,0.0,0.0,2.0
G,6,12,2023-05-05,2023-07-28,1.0,0.0,0.0,2.0
G,6,12,2023-05-12,2023-08-04,1.0,0.0,0.0,2.0
G,6,12,2023-05-19,2023-08-11,3.0,0.0,0.0,2.0
G,6,12,2023-05-26,2023-08-18,1.0,0.0,0.0,2.0
G,6,12,2023-06-02,2023-08-25,0.0,0.0,0.0,2.0
G,6,12,2023-06-09,2023-09-01,1.0,0.0,0.0,2.0
G,6,12,2023-06-16,2023-09-08,0.0,0.0,0.0,2.0
G,6,12,2023-06-23,2023-09-15,0.0,0.0,0.0,2.0
G,6,12,2023-06-30,2023-09-22,0.0,0.0,0.0,2.0
G,6,12,2023-07-07,2023-09-29,0.0,0.0,0.0,2.0
G,6,12,2023-07-14,2023-10-06,1.0,0.0,0.0,2.0
G,6,12,2023-07-21,2023-10-13,2.0,0.0,0.0,2.0
G,6,12,2023-07-28,2023-10-20,0.0,0.0,0.0,2.0
G,6,12,2023-08-04,2023-10-27,1.0,0.0,0.0,2.0
G,6,12,2023-08-11,2023-11-03,0.0,0.0,0.0,2.0
G,6,12,2023-08-18,2023-11-10,0.0,0.0,0.0,2.0
G,6,12,2023-08-25,2023-11-17,0.0,0.0,0.0,3.0
G,6,12,2023-09-01,2023-11-24,0.0,0.0,0.0,3.0
G,6,12,2023-09-08,2023-12-01,0.0,0.0,0.0,3.0
G,6,12,2023-09-15,2023-12-08,0.0,0.0,0.0,3.0
G,6,12,2023-09-22,2023-12-15,0.0,0.0,0.0,3.0
G,6,12,2023-09-29,2023-12-22,0.0,0.0,0.0,3.0
G,6,12,2023-10-06,2023-12-29,0.0,0.0,0.0,3.0
G,6,12,2023-10-13,2024-01-05,0.0,0.0,0.0,3.0
G,6,12,2023-10-20,2024-01-12,0.0,0.0,0.0,3.0
G,6,12,2023-10-27,2024-01-19,0.0,0.0,0.0,3.0
G,6,12,2023-11-03,2024-01-26,0.0,0.0,0.0,3.0
G,6,12,2023-11-10,2024-02-02,0.0,0.0,0.0,3.0
G,6,12,2023-11-17,2024-02-09,0.0,0.0,0.0,3.0
G,6,12,2023-11-24,2024-02-16,0.0,0.0,0.0,3.0
G,6,12,2023-12-01,2024-02-23,0.0,0.0,0.0,3.0
G,6,12,2023-12-08,2024-03-01,0.0,0.0,0.0,3.0
G,6,12,2023-12-15,2024-03-08,0.0,0.0,0.0,3.0
G,6,12,2023-12-22,2024-03-15,0.0,0.0,0.0,3.0
G,6,12,2023-12-29,2024-03-22,0.0,0.0,0.0,3.0
G,6,12,2024-01-05,2024-03-29,0.0,0.0,0.0,3.0
G,6,12,2024-01-12,2024-04-05,0.0,0.0,0.0,3.0
G,6,12,2024-01-19,2024-04-12,0.0,0.0,0.0,3.0
G,6,12,2024-01-26,2024-04-19,0.0,0.0,0.0,3.0
G,6,12,2024-02-02,2024-04-26,0.0,0.0,0.0,3.0
G,6,12,2024-02-09,2024-05-03,0.0,0.0,0.0,3.0
G,6,12,2024-02-16,2024-05-10,0.0,0.0,0.0,3.0
G,6,12,2024-02-23,2024-05-17,0.0,0.0,0.0,3.0
G,6,12,2024-03-01,2024-05-24,1.0,0.0,0.0,3.0
G,6,12,2024-03-08,2024-05-31,0.0,0.0,0.0,3.0
G,6,12,2024-03-15,2024-06-07,1.0,0.0,0.0,3.0
G,6,12,2024-03-22,2024-06-14,0.0,0.0,0.0,3.0
G,6,12,2024-03-29,2024-06-21,1.0,0.0,0.0,3.0
G,6,12,2024-04-05,2024-06-28,0.0,0.0,0.0,3.0
G,6,12,2024-04-12,2024-07-05,0.0,0.0,0.0,3.0
G,6,12,2024-04-19,2024-07-12,0.0,0.0,0.0,3.0
G,6,12,2024-04-26,2024-07-19,1.0,0.0,0.0,3.0
G,6,12,2024-05-03,2024-07-26,2.0,0.0,0.0,3.0
G,6,12,2024-05-10,2024-08-02,5.0,0.0,0.0,3.0
G,6,12,2024-05-17,2024-08-09,3.0,0.0,0.0,3.0
G,6,12,2024-05-24,2024-08-16,2.0,0.0,0.0,3.0
G,6,12,2024-05-31,2024-08-23,0.0,0.0,0.0,3.0
G,6,12,2024-06-07,2024-08-30,1.0,0.0,0.0,3.0
G,6,12,2024-06-14,2024-09-06,1.0,0.0,0.0,3.0
G,6,12,2024-06-21,2024-09-13,4.0,0.0,0.0,3.0
G,6,12,2024-06-28,2024-09-20,3.0,0.0,0.0,3.0
G,6,12,2024-07-05,2024-09-27,0.0,0.0,0.0,3.0
G,6,12,2024-07-12,2024-10-04,0.0,0.0,0.0,3.0
G,6,12,2024-07-19,2024-10-11,0.0,0.0,0.0,3.0
G,6,12,2024-07-26,2024-10-18,0.0,0.0,0.0,3.0
G,6,12,2024-08-02,2024-10-25,0.0,0.0,0.0,3.0
G,6,12,2024-08-09,2024-11-01,1.0,0.0,0.0,3.0
G,6,12,2024-08-16,2024-11-08,2.0,0.0,0.0,5.0
G,6,12,2024-08-23,2024-11-15,1.0,0.0,0.0,5.0
G,6,12,2024-08-30,2024-11-22,1.0,0.0,0.0,5.0
G,6,12,2024-09-06,2024-11-29,0.0,0.0,0.0,5.0
G,6,12,2024-09-13,2024-12-06,0.0,0.0,0.0,5.0
G,6,12,2024-09-20,2024-12-13,0.0,0.0,0.0,5.0
G,6,12,2024-09-27,2024-12-20,0.0,0.0,0.0,5.0
G,6,12,2024-10-04,2024-12-27,0.0,0.0,0.0,5.0
G,6,12,2024-10-11,2025-01-03,0.0,0.0,0.0,5.0
G,6,12,2024-10-18,2025-01-10,0.0,0.0,0.0,5.0
G,6,12,2024-10-25,2025-01-17,1.0,0.0,0.0,5.0
G,6,12,2024-11-01,2025-01-24,0.0,0.0,0.0,5.0
G,6,12,2024-11-08,2025-01-31,0.0,0.0,0.0,5.0
G,6,12,2024-11-15,2025-02-07,0.0,0.0,0.0,5.0
G,6,12,2024-11-22,2025-02-14,0.0,0.0,0.0,5.0
G,6,12,2024-11-29,2025-02-21,0.0,0.0,0.0,5.0
G,6,12,2024-12-06,2025-02-28,0.0,0.0,0.0,5.0
G,6,12,2024-12-13,2025-03-07,0.0,0.0,0.0,5.0
G,6,12,2024-12-20,2025-03-14,0.0,0.0,0.0,5.0
G,6,12,2024-12-27,2025-03-21,0.0,0.0,0.0,5.0
G,6,12,2025-01-03,2025-03-28,0.0,0.0,0.0,5.0
G,6,12,2025-01-10,2025-04-04,0.0,0.0,0.0,5.0
G,6,12,2025-01-17,2025-04-11,0.0,0.0,0.0,5.0
G,6,12,2025-01-24,2025-04-18,0.0,0.0,0.0,5.0
G,6,12,2025-01-31,2025-04-25,1.0,0.0,0.0,5.0
G,6,12,2025-02-07,2025-05-02,0.0,0.0,0.0,5.0
G,6,12,2025-02-14,2025-05-09,0.0,0.0,0.0,5.0
G,6,12,2025-02-21,2025-05-16,1.0,0.0,0.0,5.0
G,6,12,2025-02-28,2025-05-23,1.0,0.0,0.0,5.0
G,6,12,2025-03-07,2025-05-30,1.0,0.0,0.0,5.0
G,6,12,2025-03-14,2025-06-06,0.0,0.0,0.0,5.0
G,6,12,2025-03-21,2025-06-13,0.0,0.0,0.0,5.0
G,6,12,2025-03-28,2025-06-20,1.0,0.0,0.0,5.0
G,6,12,2025-04-04,2025-06-27,0.0,0.0,0.0,5.0
G,6,12,2025-04-11,2025-07-04,2.0,0.0,0.0,5.0
G,6,12,2025-04-18,2025-07-11,0.0,0.0,0.0,5.0
G,6,12,2025-04-25,2025-07-18,2.0,0.0,0.0,5.0
G,6,12,2025-05-02,2025-07-25,3.0,0.0,0.0,5.0
G,6,12,2025-05-09,2025-08-01,8.0,0.0,0.0,5.0
G,6,12,2025-05-16,2025-08-08,1.0,0.0,0.0,5.0
G,6,12,2025-05-23,2025-08-15,0.0,0.0,0.0,5.0
G,6,12,2025-05-30,2025-08-22,0.0,0.0,0.0,5.0
G,6,12,2025-06-06,2025-08-29,0.0,0.0,0.0,5.0
G,6,12,2025-06-13,2025-09-05,,0.0,0.0,5.0
G,6,12,2025-06-20,2025-09-12,,0.0,0.0,5.0
G,6,12,2025-06-27,2025-09-19,,0.0,0.0,5.0
G,6,12,2025-07-04,2025-09-26,,0.0,0.0,5.0
G,6,12,2025-07-11,2025-10-03,,0.0,0.0,5.0
G,6,12,2025-07-18,2025-10-10,,0.0,0.0,5.0
G,6,12,2025-07-25,2025-10-17,,0.0,0.0,5.0
G,6,12,2025-08-01,2025-10-24,,0.0,0.0,5.0
G,6,12,2025-08-08,2025-10-31,,0.0,0.0,5.0
G,6,12,2025-08-15,2025-11-07,,0.0,0.0,8.0
G,6,12,2025-08-22,2025-11-14,,0.0,0.0,8.0
H,7,1,2023-02-17,2023-02-24,0.0,0.0,0.0,3.0
H,7,1,2023-02-24,2023-03-03,0.0,0.0,0.0,3.0
H,7,1,2023-03-03,2023-03-10,0.0,0.0,0.0,3.0
H,7,1,2023-03-10,2023-03-17,0.0,0.0,0.0,3.0
H,7,1,2023-03-17,2023-03-24,0.0,0.0,0.0,3.0
H,7,1,2023-03-24,2023-03-31,0.0,0.0,0.0,3.0
H,7,1,2023-03-31,2023-04-07,0.0,0.0,0.0,3.0
H,7,1,2023-04-07,2023-04-14,0.0,0.0,0.0,3.0
H,7,1,2023-04-14,2023-04-21,0.0,0.0,0.0,3.0
H,7,1,2023-04-21,2023-04-28,0.0,0.0,0.0,3.0
H,7,1,2023-04-28,2023-05-05,0.0,0.0,0.0,3.0
H,7,1,2023-05-05,2023-05-12,0.0,0.0,0.0,3.0
H,7,1,2023-05-12,2023-05-19,0.0,0.0,0.0,3.0
H,7,1,2023-05-19,2023-05-26,0.0,0.0,0.0,3.0
H,7,1,2023-05-26,2023-06-02,0.0,0.0,0.0,3.0
H,7,1,2023-06-02,2023-06-09,0.0,0.0,0.0,3.0
H,7,1,2023-06-09,2023-06-16,2.0,0.0,0.0,3.0
H,7,1,2023-06-16,2023-06-23,0.0,0.0,0.0,3.0
H,7,1,2023-06-23,2023-06-30,0.0,0.0,0.0,3.0
H,7,1,2023-06-30,2023-07-07,0.0,0.0,0.0,3.0
H,7,1,2023-07-07,2023-07-14,0.0,0.0,0.0,3.0
H,7,1,2023-07-14,2023-07-21,1.0,0.0,0.0,3.0
H,7,1,2023-07-21,2023-07-28,1.0,0.905806303024292,0.4150087237358093,3.905806303024292
H,7,1,2023-07-28,2023-08-04,1.0,3.111889123916626,2.621091604232788,6.111888885498047
H,7,1,2023-08-04,2023-08-11,2.0,3.4909071922302246,3.0001096725463867,6.490907192230225
H,7,1,2023-08-11,2023-08-18,3.0,0.0006614327430725098,0.0,3.0006613731384277
H,7,1,2023-08-18,2023-08-25,0.0,0.0,0.0,3.0
H,7,1,2023-08-25,2023-09-01,1.0,0.0,0.0,3.0
H,7,1,2023-09-01,2023-09-08,3.0,1.0482323169708252,0.0,4.048232078552246
H,7,1,2023-09-08,2023-09-15,3.0,1.469608187675476,0.0,4.469608306884766
H,7,1,2023-09-15,2023-09-22,3.0,0.6023579835891724,0.0,3.602357864379883
H,7,1,2023-09-22,2023-09-29,1.0,0.0,0.0,3.0
H,7,1,2023-09-29,2023-10-06,4.0,0.0,0.0,3.0
H,7,1,2023-10-06,2023-10-13,0.0,0.17485861480236053,0.0,3.174197196960449
H,7,1,2023-10-13,2023-10-20,0.0,0.0,0.0,2.9993386268615723
H,7,1,2023-10-20,2023-10-27,0.0,0.0,0.0,4.0
H,7,1,2023-10-27,2023-11-03,0.0,0.0,0.0,4.0
H,7,1,2023-11-03,2023-11-10,0.0,0.0,0.0,4.0
H,7,1,2023-11-10,2023-11-17,0.0,0.0,0.0,4.0
H,7,1,2023-11-17,2023-11-24,0.0,0.0,0.0,4.0
H,7,1,2023-11-24,2023-12-01,0.0,0.0,0.0,4.0
H,7,1,2023-12-01,2023-12-08,1.0,0.0,0.0,4.0
H,7,1,2023-12-08,2023-12-15,0.0,0.0,0.0,4.0
H,7,1,2023-12-15,2023-12-22,0.0,0.0,0.0,4.0
H,7,1,2023-12-22,2023-12-29,2.0,0.0,0.0,4.0
H,7,1,2023-12-29,2024-01-05,0.0,0.0,0.0,4.0
H,7,1,2024-01-05,2024-01-12,0.0,0.0,0.0,4.0
H,7,1,2024-01-12,2024-01-19,0.0,0.0,0.0,4.0
H,7,1,2024-01-19,2024-01-26,0.0,0.0,0.0,4.0
H,7,1,2024-01-26,2024-02-02,0.0,0.0,0.0,4.0
H,7,1,2024-02-02,2024-02-09,0.0,0.0,0.0,4.0
H,7,1,2024-02-09,2024-02-16,0.0,0.0,0.0,4.0
H,7,1,2024-02-16,2024-02-23,0.0,0.0,0.0,4.0
H,7,1,2024-02-23,2024-03-01,0.0,0.0,0.0,4.0
H,7,1,2024-03-01,2024-03-08,0.0,0.0,0.0,4.0
H,7,1,2024-03-08,2024-03-15,0.0,0.0,0.0,4.0
H,7,1,2024-03-15,2024-03-22,0.0,0.0,0.0,4.0
H,7,1,2024-03-22,2024-03-29,0.0,0.0,0.0,4.0
H,7,1,2024-03-29,2024-04-05,0.0,0.0,0.0,4.0
H,7,1,2024-04-05,2024-04-12,0.0,0.0,0.0,4.0
H,7,1,2024-04-12,2024-04-19,0.0,0.0,0.0,4.0
H,7,1,2024-04-19,2024-04-26,0.0,0.0,0.0,4.0
H,7,1,2024-04-26,2024-05-03,0.0,0.0,0.0,4.0
H,7,1,2024-05-03,2024-05-10,0.0,0.0,0.0,4.0
H,7,1,2024-05-10,2024-05-17,0.0,0.0,0.0,4.0
H,7,1,2024-05-17,2024-05-24,0.0,0.0,0.0,4.0
H,7,1,2024-05-24,2024-05-31,0.0,0.0,0.0,4.0
H,7,1,2024-05-31,2024-06-07,0.0,0.0,0.0,4.0
H,7,1,2024-06-07,2024-06-14,0.0,0.0,0.0,4.0
H,7,1,2024-06-14,2024-06-21,0.0,0.0,0.0,4.0
H,7,1,2024-06-21,2024-06-28,0.0,0.0,0.0,4.0
H,7,1,2024-06-28,2024-07-05,0.0,0.0,0.0,4.0
H,7,1,2024-07-05,2024-07-12,0.0,0.0,0.0,4.0
H,7,1,2024-07-12,2024-07-19,1.0,0.0,0.0,4.0
H,7,1,2024-07-19,2024-07-26,7.0,0.9433073997497559,0.0,4.943307399749756
H,7,1,2024-07-26,2024-08-02,34.0,4.000377655029297,1.888488531112671,8.000377655029297
H,7,1,2024-08-02,2024-08-09,22.0,7.726222515106201,5.614333152770996,11.72622299194336
H,7,1,2024-08-09,2024-08-16,2.0,6.446636199951172,4.334747314453125,12.503328323364258
H,7,1,2024-08-16,2024-08-23,0.0,2.420043468475342,0.9291362762451172,32.4196662902832
H,7,1,2024-08-23,2024-08-30,1.0,0.9369096755981445,0.7620510458946228,30.93653106689453
H,7,1,2024-08-30,2024-09-06,1.0,3.7775604724884033,0.0,33.777183532714844
H,7,1,2024-09-06,2024-09-13,1.0,6.138674259185791,1.6920380592346191,36.13829803466797
H,7,1,2024-09-13,2024-09-20,1.0,0.3011853098869324,0.0,30.30080795288086
H,7,1,2024-09-20,2024-09-27,0.0,0.0,0.0,29.999622344970703
H,7,1,2024-09-27,2024-10-04,1.0,0.26340848207473755,0.0,30.263031005859375
H,7,1,2024-10-04,2024-10-11,0.0,0.0,0.0,29.999622344970703
H,7,1,2024-10-11,2024-10-18,1.0,0.0,0.0,29.999622344970703
H,7,1,2024-10-18,2024-10-25,0.0,0.0,0.0,29.999622344970703
H,7,1,2024-10-25,2024-11-01,0.0,0.5341038703918457,0.0,30.53372573852539
H,7,1,2024-11-01,2024-11-08,0.0,0.26614195108413696,0.0,30.265764236450195
H,7,1,2024-11-08,2024-11-15,0.0,0.0,0.0,29.999622344970703
H,7,1,2024-11-15,2024-11-22,1.0,0.0,0.0,29.999622344970703
H,7,1,2024-11-22,2024-11-29,0.0,0.0,0.0,29.999622344970703
H,7,1,2024-11-29,2024-12-06,0.0,0.0,0.0,29.999622344970703
H,7,1,2024-12-06,2024-12-13,0.0,0.0,0.0,29.999622344970703
H,7,1,2024-12-13,2024-12-20,0.0,0.0,0.0,29.999622344970703
H,7,1,2024-12-20,2024-12-27,0.0,0.0,0.0,29.999622344970703
H,7,1,2024-12-27,2025-01-03,0.0,0.0,0.0,29.999622344970703
H,7,1,2025-01-03,2025-01-10,0.0,0.0,0.0,29.999622344970703
H,7,1,2025-01-10,2025-01-17,0.0,0.0,0.0,29.999622344970703
H,7,1,2025-01-17,2025-01-24,0.0,0.0,0.0,29.999622344970703
H,7,1,2025-01-24,2025-01-31,0.0,0.0,0.0,29.999622344970703
H,7,1,2025-01-31,2025-02-07,0.0,0.0,0.0,29.999622344970703
H,7,1,2025-02-07,2025-02-14,0.0,0.0,0.0,29.999622344970703
H,7,1,2025-02-14,2025-02-21,0.0,0.0,0.0,29.999622344970703
H,7,1,2025-02-21,2025-02-28,0.0,0.0,0.0,29.999622344970703
H,7,1,2025-02-28,2025-03-07,1.0,0.0,0.0,29.999622344970703
H,7,1,2025-03-07,2025-03-14,1.0,0.0,0.0,29.999622344970703
H,7,1,2025-03-14,2025-03-21,0.0,0.0,0.0,29.999622344970703
H,7,1,2025-03-21,2025-03-28,0.0,0.0,0.0,29.999622344970703
H,7,1,2025-03-28,2025-04-04,2.0,0.0,0.0,29.999622344970703
H,7,1,2025-04-04,2025-04-11,0.0,0.0,0.0,29.999622344970703
H,7,1,2025-04-11,2025-04-18,0.0,0.0,0.0,29.999622344970703
H,7,1,2025-04-18,2025-04-25,0.0,0.0,0.0,29.999622344970703
H,7,1,2025-04-25,2025-05-02,0.0,0.0,0.0,29.999622344970703
H,7,1,2025-05-02,2025-05-09,0.0,0.0,0.0,29.999622344970703
H,7,1,2025-05-09,2025-05-16,0.0,0.0,0.0,29.999622344970703
H,7,1,2025-05-16,2025-05-23,1.0,0.0,0.0,29.999622344970703
H,7,1,2025-05-23,2025-05-30,0.0,0.0,0.0,29.999622344970703
H,7,1,2025-05-30,2025-06-06,1.0,0.0,0.0,29.999622344970703
H,7,1,2025-06-06,2025-06-13,1.0,0.0,0.0,29.999622344970703
H,7,1,2025-06-13,2025-06-20,0.0,0.0,0.0,29.999622344970703
H,7,1,2025-06-20,2025-06-27,0.0,0.0,0.0,29.999622344970703
H,7,1,2025-06-27,2025-07-04,2.0,0.0,0.0,29.999622344970703
H,7,1,2025-07-04,2025-07-11,0.0,0.7426767349243164,0.0,30.742298126220703
H,7,1,2025-07-11,2025-07-18,4.0,1.088033676147461,0.0,31.087656021118164
H,7,1,2025-07-18,2025-07-25,3.0,6.885908603668213,1.7472343444824219,36.88553237915039
H,7,1,2025-07-25,2025-08-01,21.0,7.7061872482299805,2.5675129890441895,37.705810546875
H,7,1,2025-08-01,2025-08-08,9.0,11.271061897277832,6.132387638092041,41.27068328857422
H,7,1,2025-08-08,2025-08-15,0.0,5.40318489074707,0.2645106315612793,35.402809143066406
H,7,1,2025-08-15,2025-08-22,1.0,0.0,0.0,14.27377700805664
H,7,1,2025-08-22,2025-08-29,0.0,0.0,0.0,13.29381275177002
H,7,2,2023-02-17,2023-03-03,0.0,0.0,0.0,2.969268560409546
H,7,2,2023-02-24,2023-03-10,0.0,0.0,0.0,2.969268560409546
H,7,2,2023-03-03,2023-03-17,0.0,0.0,0.0,2.969268560409546
H,7,2,2023-03-10,2023-03-24,0.0,0.0,0.0,2.969268560409546
H,7,2,2023-03-17,2023-03-31,0.0,0.0,0.0,2.969268560409546
H,7,2,2023-03-24,2023-04-07,0.0,0.0,0.0,2.969268560409546
H,7,2,2023-03-31,2023-04-14,0.0,0.0,0.0,2.969268560409546
H,7,2,2023-04-07,2023-04-21,0.0,0.0,0.0,2.969268560409546
H,7,2,2023-04-14,2023-04-28,0.0,0.0,0.0,2.969268560409546
H,7,2,2023-04-21,2023-05-05,0.0,0.0,0.0,2.969268560409546
H,7,2,2023-04-28,2023-05-12,0.0,0.0,0.0,2.969268560409546
H,7,2,2023-05-05,2023-05-19,0.0,0.0,0.0,2.969268560409546
H,7,2,2023-05-12,2023-05-26,0.0,0.03631443902850151,0.0,3.0055830478668213
H,7,2,2023-05-19,2023-06-02,0.0,0.032719727605581284,0.0,3.001988172531128
H,7,2,2023-05-26,2023-06-09,0.0,0.1922750622034073,0.0,3.161543607711792
H,7,2,2023-06-02,2023-06-16,2.0,0.1852605789899826,0.0,3.154529094696045
H,7,2,2023-06-09,2023-06-23,0.0,0.8302981853485107,0.23668986558914185,3.7995667457580566
H,7,2,2023-06-16,2023-06-30,0.0,0.3503514528274536,0.0,3.319620132446289
H,7,2,2023-06-23,2023-07-07,0.0,0.5493485331535339,0.0,3.5186171531677246
H,7,2,2023-06-30,2023-07-14,0.0,0.5258476138114929,0.0,3.4951162338256836
H,7,2,2023-07-07,2023-07-21,1.0,0.6640010476112366,0.0,3.6332695484161377
H,7,2,2023-07-14,2023-07-28,1.0,1.6430222988128662,0.8127241134643555,4.612290859222412
H,7,2,2023-07-21,2023-08-04,1.0,1.7901309728622437,0.9598327875137329,4.7593994140625
H,7,2,2023-07-28,2023-08-11,2.0,3.104316234588623,2.2740180492401123,6.07358455657959
H,7,2,2023-08-04,2023-08-18,3.0,1.4184225797653198,0.5881243944168091,4.387691020965576
H,7,2,2023-08-11,2023-08-25,0.0,0.0032643191516399384,0.0,2.9725329875946045
H,7,2,2023-08-18,2023-09-01,1.0,0.25951772928237915,0.0,3.2287862300872803
H,7,2,2023-08-25,2023-09-08,3.0,0.9104235768318176,0.0,3.8796920776367188
H,7,2,2023-09-01,2023-09-15,3.0,2.260953664779663,1.15663743019104,5.230222225189209
H,7,2,2023-09-08,2023-09-22,3.0,1.6254913806915283,0.5211751461029053,4.594759941101074
H,7,2,2023-09-15,2023-09-29,1.0,0.5958725214004517,0.0,3.565141201019287
H,7,2,2023-09-22,2023-10-06,4.0,1.102252721786499,0.0,4.071521282196045
H,7,2,2023-09-29,2023-10-13,0.0,1.7126096487045288,0.6082934141159058,4.681878089904785
H,7,2,2023-10-06,2023-10-20,0.0,0.6253490447998047,0.0,2.714925527572632
H,7,2,2023-10-13,2023-10-27,0.0,0.44524699449539185,0.0,2.534823417663574
H,7,2,2023-10-20,2023-11-03,0.0,0.42913293838500977,0.0,3.3268802165985107
H,7,2,2023-10-27,2023-11-10,0.0,0.15858550369739532,0.0,3.05633282661438
H,7,2,2023-11-03,2023-11-17,0.0,0.0,0.0,2.897747278213501
H,7,2,2023-11-10,2023-11-24,0.0,0.0,0.0,2.897747278213501
H,7,2,2023-11-17,2023-12-01,0.0,0.0,0.0,2.897747278213501
H,7,2,2023-11-24,2023-12-08,1.0,0.0,0.0,2.897747278213501
H,7,2,2023-12-01,2023-12-15,0.0,0.0,0.0,2.897747278213501
H,7,2,2023-12-08,2023-12-22,0.0,0.0,0.0,2.897747278213501
H,7,2,2023-12-15,2023-12-29,2.0,0.04104134067893028,0.0,2.938788652420044
H,7,2,2023-12-22,2024-01-05,0.0,0.1582057774066925,0.0,3.055953025817871
H,7,2,2023-12-29,2024-01-12,0.0,0.04940880462527275,0.0,2.9471561908721924
H,7,2,2024-01-05,2024-01-19,0.0,0.0,0.0,2.897747278213501
H,7,2,2024-01-12,2024-01-26,0.0,0.07822176814079285,0.0,2.975969076156616
H,7,2,2024-01-19,2024-02-02,0.0,0.0,0.0,2.897747278213501
H,7,2,2024-01-26,2024-02-09,0.0,0.0,0.0,2.897747278213501
H,7,2,2024-02-02,2024-02-16,0.0,0.0,0.0,2.897747278213501
H,7,2,2024-02-09,2024-02-23,0.0,0.0,0.0,2.897747278213501
H,7,2,2024-02-16,2024-03-01,0.0,0.0,0.0,2.897747278213501
H,7,2,2024-02-23,2024-03-08,0.0,0.0,0.0,2.897747278213501
H,7,2,2024-03-01,2024-03-15,0.0,0.0,0.0,2.897747278213501
H,7,2,2024-03-08,2024-03-22,0.0,0.0,0.0,2.897747278213501
H,7,2,2024-03-15,2024-03-29,0.0,0.0,0.0,2.897747278213501
H,7,2,2024-03-22,2024-04-05,0.0,0.0,0.0,2.897747278213501
H,7,2,2024-03-29,2024-04-12,0.0,0.0,0.0,2.897747278213501
H,7,2,2024-04-05,2024-04-19,0.0,0.0,0.0,2.897747278213501
H,7,2,2024-04-12,2024-04-26,0.0,0.0,0.0,2.897747278213501
H,7,2,2024-04-19,2024-05-03,0.0,0.0,0.0,2.897747278213501
H,7,2,2024-04-26,2024-05-10,0.0,0.0,0.0,2.897747278213501
H,7,2,2024-05-03,2024-05-17,0.0,0.0,0.0,2.897747278213501
H,7,2,2024-05-10,2024-05-24,0.0,0.0,0.0,2.897747278213501
H,7,2,2024-05-17,2024-05-31,0.0,0.0,0.0,2.897747278213501
H,7,2,2024-05-24,2024-06-07,0.0,0.3310166299343109,0.0,3.2287638187408447
H,7,2,2024-05-31,2024-06-14,0.0,0.09301452338695526,0.0,2.9907617568969727
H,7,2,2024-06-07,2024-06-21,0.0,0.25557461380958557,0.0,3.1533219814300537
H,7,2,2024-06-14,2024-06-28,0.0,0.47004005312919617,0.0,3.3677873611450195
H,7,2,2024-06-21,2024-07-05,0.0,0.6373817324638367,0.0,3.5351290702819824
H,7,2,2024-06-28,2024-07-12,0.0,0.5534417629241943,0.0,3.4511890411376953
H,7,2,2024-07-05,2024-07-19,1.0,0.6472899913787842,0.0,3.545037269592285
H,7,2,2024-07-12,2024-07-26,7.0,0.7481278777122498,0.0,3.6458752155303955
H,7,2,2024-07-19,2024-08-02,34.0,2.0425665378570557,0.32995688915252686,4.940313816070557
H,7,2,2024-07-26,2024-08-09,22.0,1.9761439561843872,0.2635343074798584,4.873891353607178
H,7,2,2024-08-02,2024-08-16,2.0,3.775981903076172,2.0633721351623535,6.673728942871094
H,7,2,2024-08-09,2024-08-23,0.0,3.842855215072632,2.1302456855773926,10.094727516174316
H,7,2,2024-08-16,2024-08-30,1.0,3.9076571464538574,2.195047378540039,35.865089416503906
H,7,2,2024-08-23,2024-09-06,1.0,2.949767827987671,1.237158179283142,34.90719985961914
H,7,2,2024-08-30,2024-09-13,1.0,5.657534122467041,3.881552219390869,37.614967346191406
H,7,2,2024-09-06,2024-09-20,1.0,3.728469133377075,0.0,35.6859016418457
H,7,2,2024-09-13,2024-09-27,0.0,0.9894799590110779,0.0,32.94691467285156
H,7,2,2024-09-20,2024-10-04,1.0,0.3772653043270111,0.0,32.33469772338867
H,7,2,2024-09-27,2024-10-11,0.0,0.0,0.0,31.957433700561523
H,7,2,2024-10-04,2024-10-18,1.0,0.0,0.0,31.957433700561523
H,7,2,2024-10-11,2024-10-25,0.0,0.11163760721683502,0.0,32.06907272338867
H,7,2,2024-10-18,2024-11-01,0.0,0.6863994002342224,0.0,32.64383316040039
H,7,2,2024-10-25,2024-11-08,0.0,0.7892835736274719,0.0,32.7467155456543
H,7,2,2024-11-01,2024-11-15,0.0,0.0,0.0,31.957433700561523
H,7,2,2024-11-08,2024-11-22,1.0,0.0,0.0,31.957433700561523
H,7,2,2024-11-15,2024-11-29,0.0,0.0,0.0,31.957433700561523
H,7,2,2024-11-22,2024-12-06,0.0,0.0,0.0,31.957433700561523
H,7,2,2024-11-29,2024-12-13,0.0,0.07485730946063995,0.0,32.032291412353516
H,7,2,2024-12-06,2024-12-20,0.0,0.28958117961883545,0.0,32.247013092041016
H,7,2,2024-12-13,2024-12-27,0.0,0.08653464913368225,0.0,32.043968200683594
H,7,2,2024-12-20,2025-01-03,0.0,0.0,0.0,31.957433700561523
H,7,2,2024-12-27,2025-01-10,0.0,0.0,0.0,31.957433700561523
H,7,2,2025-01-03,2025-01-17,0.0,0.0,0.0,31.957433700561523
H,7,2,2025-01-10,2025-01-24,0.0,0.0,0.0,31.957433700561523
H,7,2,2025-01-17,2025-01-31,0.0,0.0,0.0,31.957433700561523
H,7,2,2025-01-24,2025-02-07,0.0,0.0,0.0,31.957433700561523
H,7,2,2025-01-31,2025-02-14,0.0,0.0,0.0,31.957433700561523
H,7,2,2025-02-07,2025-02-21,0.0,0.0,0.0,31.957433700561523
H,7,2,2025-02-14,2025-02-28,0.0,0.0,0.0,31.957433700561523
H,7,2,2025-02-21,2025-03-07,1.0,0.0,0.0,31.957433700561523
H,7,2,2025-02-28,2025-03-14,1.0,0.0,0.0,31.957433700561523
H,7,2,2025-03-07,2025-03-21,0.0,0.0,0.0,31.957433700561523
H,7,2,2025-03-14,2025-03-28,0.0,0.0,0.0,31.957433700561523
H,7,2,2025-03-21,2025-04-04,2.0,0.0,0.0,31.957433700561523
H,7,2,2025-03-28,2025-04-11,0.0,0.0,0.0,31.957433700561523
H,7,2,2025-04-04,2025-04-18,0.0,0.0,0.0,31.957433700561523
H,7,2,2025-04-11,2025-04-25,0.0,0.0,0.0,31.957433700561523
H,7,2,2025-04-18,2025-05-02,0.0,0.0,0.0,31.957433700561523
H,7,2,2025-04-25,2025-05-09,0.0,0.0,0.0,31.957433700561523
H,7,2,2025-05-02,2025-05-16,0.0,0.0,0.0,31.957433700561523
H,7,2,2025-05-09,2025-05-23,1.0,0.0,0.0,31.957433700561523
H,7,2,2025-05-16,2025-05-30,0.0,0.0,0.0,31.957433700561523
H,7,2,2025-05-23,2025-06-06,1.0,0.0,0.0,31.957433700561523
H,7,2,2025-05-30,2025-06-13,1.0,0.1885991096496582,0.0,32.146034240722656
H,7,2,2025-06-06,2025-06-20,0.0,0.46859511733055115,0.0,32.426029205322266
H,7,2,2025-06-13,2025-06-27,0.0,0.1642485111951828,0.0,32.121681213378906
H,7,2,2025-06-20,2025-07-04,2.0,0.39548712968826294,0.0,32.35292053222656
H,7,2,2025-06-27,2025-07-11,0.0,0.834725558757782,0.0,32.79216003417969
H,7,2,2025-07-04,2025-07-18,4.0,2.7182536125183105,0.0,34.67568588256836
H,7,2,2025-07-11,2025-07-25,3.0,2.4867024421691895,0.0,34.44413757324219
H,7,2,2025-07-18,2025-08-01,21.0,4.811612606048584,0.15407848358154297,36.769046783447266
H,7,2,2025-07-25,2025-08-08,9.0,4.276376247406006,0.0,36.23381042480469
H,7,2,2025-08-01,2025-08-15,0.0,5.923981189727783,1.2664470672607422,37.88141632080078
H,7,2,2025-08-08,2025-08-22,1.0,2.741856098175049,0.0,34.69929122924805
H,7,2,2025-08-15,2025-08-29,0.0,1.9259397983551025,0.0,21.94979476928711
H,7,2,2025-08-22,2025-09-05,,2.756422281265259,0.0,18.944808959960938
H,7,4,2023-02-17,2023-03-17,0.0,0.0,0.0,2.489515781402588
H,7,4,2023-02-24,2023-03-24,0.0,0.0,0.0,2.489515781402588
H,7,4,2023-03-03,2023-03-31,0.0,0.0,0.0,2.489515781402588
H,7,4,2023-03-10,2023-04-07,0.0,0.0,0.0,2.489515781402588
H,7,4,2023-03-17,2023-04-14,0.0,0.0,0.0,2.489515781402588
H,7,4,2023-03-24,2023-04-21,0.0,0.0,0.0,2.489515781402588
H,7,4,2023-03-31,2023-04-28,0.0,0.0,0.0,2.489515781402588
H,7,4,2023-04-07,2023-05-05,0.0,0.0,0.0,2.489515781402588
H,7,4,2023-04-14,2023-05-12,0.0,0.0,0.0,2.489515781402588
H,7,4,2023-04-21,2023-05-19,0.0,0.0,0.0,2.489515781402588
H,7,4,2023-04-28,2023-05-26,0.0,0.0,0.0,2.489515781402588
H,7,4,2023-05-05,2023-06-02,0.0,0.4297886788845062,0.0,2.919304370880127
H,7,4,2023-05-12,2023-06-09,0.0,0.20684169232845306,0.0,2.696357488632202
H,7,4,2023-05-19,2023-06-16,2.0,0.0,0.0,2.489515781402588
H,7,4,2023-05-26,2023-06-23,0.0,0.49340036511421204,0.0,2.9829161167144775
H,7,4,2023-06-02,2023-06-30,0.0,0.47037601470947266,0.0,2.9598917961120605
H,7,4,2023-06-09,2023-07-07,0.0,0.7765271663665771,0.0,3.266042947769165
H,7,4,2023-06-16,2023-07-14,0.0,0.42982280254364014,0.0,2.9193387031555176
H,7,4,2023-06-23,2023-07-21,1.0,1.9453630447387695,0.7253971099853516,4.434878826141357
H,7,4,2023-06-30,2023-07-28,1.0,1.7848923206329346,0.5649263858795166,4.274408340454102
H,7,4,2023-07-07,2023-08-04,1.0,2.7179388999938965,1.4979729652404785,5.207454681396484
H,7,4,2023-07-14,2023-08-11,2.0,5.529635429382324,4.309669494628906,8.01915168762207
H,7,4,2023-07-21,2023-08-18,3.0,0.8955456018447876,0.0,3.385061264038086
H,7,4,2023-07-28,2023-08-25,0.0,1.100480318069458,0.0,3.4119253158569336
H,7,4,2023-08-04,2023-09-01,1.0,1.0054256916046143,0.0,3.31687068939209
H,7,4,2023-08-11,2023-09-08,3.0,0.9539990425109863,0.0,3.265444040298462
H,7,4,2023-08-18,2023-09-15,3.0,1.5641613006591797,0.0,3.8756062984466553
H,7,4,2023-08-25,2023-09-22,3.0,1.2982856035232544,0.0,3.6097307205200195
H,7,4,2023-09-01,2023-09-29,1.0,1.4965373277664185,0.0,3.8079824447631836
H,7,4,2023-09-08,2023-10-06,4.0,1.5087097883224487,0.0,3.8201546669006348
H,7,4,2023-09-15,2023-10-13,0.0,1.366858720779419,0.0,3.6783037185668945
H,7,4,2023-09-22,2023-10-20,0.0,3.374687671661377,0.0,5.686132431030273
H,7,4,2023-09-29,2023-10-27,0.0,2.5399587154388428,0.0,4.851403713226318
H,7,4,2023-10-06,2023-11-03,0.0,1.3149380683898926,0.0,3.4193925857543945
H,7,4,2023-10-13,2023-11-10,0.0,1.2692391872406006,0.0,3.3736937046051025
H,7,4,2023-10-20,2023-11-17,0.0,0.26697400212287903,0.0,2.7582640647888184
H,7,4,2023-10-27,2023-11-24,0.0,0.0,0.0,2.4912900924682617
H,7,4,2023-11-03,2023-12-01,0.0,0.0,0.0,2.4912900924682617
H,7,4,2023-11-10,2023-12-08,1.0,0.0,0.0,2.4912900924682617
H,7,4,2023-11-17,2023-12-15,0.0,0.0,0.0,2.4912900924682617
H,7,4,2023-11-24,2023-12-22,0.0,0.0,0.0,2.4912900924682617
H,7,4,2023-12-01,2023-12-29,2.0,0.0,0.0,2.4912900924682617
H,7,4,2023-12-08,2024-01-05,0.0,0.0,0.0,2.4912900924682617
H,7,4,2023-12-15,2024-01-12,0.0,0.18731580674648285,0.0,2.678605794906616
H,7,4,2023-12-22,2024-01-19,0.0,0.0,0.0,2.4912900924682617
H,7,4,2023-12-29,2024-01-26,0.0,0.0,0.0,2.4912900924682617
H,7,4,2024-01-05,2024-02-02,0.0,0.017474006861448288,0.0,2.5087640285491943
H,7,4,2024-01-12,2024-02-09,0.0,0.04969199746847153,0.0,2.5409820079803467
H,7,4,2024-01-19,2024-02-16,0.0,0.0,0.0,2.4912900924682617
H,7,4,2024-01-26,2024-02-23,0.0,0.0,0.0,2.4912900924682617
H,7,4,2024-02-02,2024-03-01,0.0,0.0,0.0,2.4912900924682617
H,7,4,2024-02-09,2024-03-08,0.0,0.0,0.0,2.4912900924682617
H,7,4,2024-02-16,2024-03-15,0.0,0.0,0.0,2.4912900924682617
H,7,4,2024-02-23,2024-03-22,0.0,0.0,0.0,2.4912900924682617
H,7,4,2024-03-01,2024-03-29,0.0,0.0,0.0,2.4912900924682617
H,7,4,2024-03-08,2024-04-05,0.0,0.0,0.0,2.4912900924682617
H,7,4,2024-03-15,2024-04-12,0.0,0.0,0.0,2.4912900924682617
H,7,4,2024-03-22,2024-04-19,0.0,0.0,0.0,2.4912900924682617
H,7,4,2024-03-29,2024-04-26,0.0,0.0,0.0,2.4912900924682617
H,7,4,2024-04-05,2024-05-03,0.0,0.0,0.0,2.4912900924682617
H,7,4,2024-04-12,2024-05-10,0.0,0.0,0.0,2.4912900924682617
H,7,4,2024-04-19,2024-05-17,0.0,0.0,0.0,2.4912900924682617
H,7,4,2024-04-26,2024-05-24,0.0,0.0,0.0,2.4912900924682617
H,7,4,2024-05-03,2024-05-31,0.0,0.0,0.0,2.4912900924682617
H,7,4,2024-05-10,2024-06-07,0.0,0.10521574318408966,0.0,2.596505880355835
H,7,4,2024-05-17,2024-06-14,0.0,0.0,0.0,2.4912900924682617
H,7,4,2024-05-24,2024-06-21,0.0,0.0763501301407814,0.0,2.5676403045654297
H,7,4,2024-05-31,2024-06-28,0.0,0.0771588385105133,0.0,2.568449020385742
H,7,4,2024-06-07,2024-07-05,0.0,0.5288940668106079,0.0,3.02018404006958
H,7,4,2024-06-14,2024-07-12,0.0,1.8554155826568604,0.0,4.346705436706543
H,7,4,2024-06-21,2024-07-19,1.0,2.9728198051452637,0.0,5.464109897613525
H,7,4,2024-06-28,2024-07-26,7.0,1.9279664754867554,0.0,4.419256687164307
H,7,4,2024-07-05,2024-08-02,34.0,1.6388174295425415,0.0,4.130107402801514
H,7,4,2024-07-12,2024-08-09,22.0,1.997556209564209,0.0,4.488846302032471
H,7,4,2024-07-19,2024-08-16,2.0,1.3343976736068726,0.0,3.825687885284424
H,7,4,2024-07-26,2024-08-23,0.0,1.554525375366211,0.0,4.045815467834473
H,7,4,2024-08-02,2024-08-30,1.0,5.315204620361328,1.785569190979004,7.80649471282959
H,7,4,2024-08-09,2024-09-06,1.0,5.151925086975098,1.6222896575927734,10.223958969116211
H,7,4,2024-08-16,2024-09-13,1.0,5.475898265838623,1.9462628364562988,37.83708190917969
H,7,4,2024-08-23,2024-09-20,1.0,4.642782688140869,1.2680950164794922,37.00396728515625
H,7,4,2024-08-30,2024-09-27,0.0,4.2815070152282715,0.9068193435668945,36.6426887512207
H,7,4,2024-09-06,2024-10-04,1.0,3.236137866973877,0.0,35.597320556640625
H,7,4,2024-09-13,2024-10-11,0.0,0.0,0.0,32.361183166503906
H,7,4,2024-09-20,2024-10-18,1.0,0.0,0.0,32.361183166503906
H,7,4,2024-09-27,2024-10-25,0.0,0.0,0.0,32.361183166503906
H,7,4,2024-10-04,2024-11-01,0.0,0.0,0.0,32.361183166503906
H,7,4,2024-10-11,2024-11-08,0.0,0.0,0.0,32.361183166503906
H,7,4,2024-10-18,2024-11-15,0.0,0.0,0.0,32.361183166503906
H,7,4,2024-10-25,2024-11-22,1.0,0.0,0.0,32.361183166503906
H,7,4,2024-11-01,2024-11-29,0.0,0.0,0.0,32.361183166503906
H,7,4,2024-11-08,2024-12-06,0.0,0.0,0.0,32.361183166503906
H,7,4,2024-11-15,2024-12-13,0.0,0.0,0.0,32.361183166503906
H,7,4,2024-11-22,2024-12-20,0.0,0.19428186118602753,0.0,32.55546569824219
H,7,4,2024-11-29,2024-12-27,0.0,0.015910910442471504,0.0,32.37709426879883
H,7,4,2024-12-06,2025-01-03,0.0,0.0,0.0,32.361183166503906
H,7,4,2024-12-13,2025-01-10,0.0,0.0,0.0,32.361183166503906
H,7,4,2024-12-20,2025-01-17,0.0,0.0,0.0,32.361183166503906
H,7,4,2024-12-27,2025-01-24,0.0,0.007906865328550339,0.0,32.36909103393555
H,7,4,2025-01-03,2025-01-31,0.0,0.0,0.0,32.361183166503906
H,7,4,2025-01-10,2025-02-07,0.0,0.0,0.0,32.361183166503906
H,7,4,2025-01-17,2025-02-14,0.0,0.0,0.0,32.361183166503906
H,7,4,2025-01-24,2025-02-21,0.0,0.0,0.0,32.361183166503906
H,7,4,2025-01-31,2025-02-28,0.0,0.0,0.0,32.361183166503906
H,7,4,2025-02-07,2025-03-07,1.0,0.0,0.0,32.361183166503906
H,7,4,2025-02-14,2025-03-14,1.0,0.0,0.0,32.361183166503906
H,7,4,2025-02-21,2025-03-21,0.0,0.0,0.0,32.361183166503906
H,7,4,2025-02-28,2025-03-28,0.0,0.0,0.0,32.361183166503906
H,7,4,2025-03-07,2025-04-04,2.0,0.0,0.0,32.361183166503906
H,7,4,2025-03-14,2025-04-11,0.0,0.0,0.0,32.361183166503906
H,7,4,2025-03-21,2025-04-18,0.0,0.0,0.0,32.361183166503906
H,7,4,2025-03-28,2025-04-25,0.0,0.0,0.0,32.361183166503906
H,7,4,2025-04-04,2025-05-02,0.0,0.0,0.0,32.361183166503906
H,7,4,2025-04-11,2025-05-09,0.0,0.11188636720180511,0.0,32.47306823730469
H,7,4,2025-04-18,2025-05-16,0.0,0.09509576857089996,0.0,32.45627975463867
H,7,4,2025-04-25,2025-05-23,1.0,0.0,0.0,32.361183166503906
H,7,4,2025-05-02,2025-05-30,0.0,0.11853764951229095,0.0,32.47972106933594
H,7,4,2025-05-09,2025-06-06,1.0,0.0,0.0,32.361183166503906
H,7,4,2025-05-16,2025-06-13,1.0,0.0,0.0,32.361183166503906
H,7,4,2025-05-23,2025-06-20,0.0,0.0,0.0,32.361183166503906
H,7,4,2025-05-30,2025-06-27,0.0,0.02629050798714161,0.0,32.387474060058594
H,7,4,2025-06-06,2025-07-04,2.0,0.0,0.0,32.361183166503906
H,7,4,2025-06-13,2025-07-11,0.0,0.41900181770324707,0.0,32.78018569946289
H,7,4,2025-06-20,2025-07-18,4.0,1.683080792427063,0.0,34.04426574707031
H,7,4,2025-06-27,2025-07-25,3.0,2.4757204055786133,0.0,34.8369026184082
H,7,4,2025-07-04,2025-08-01,21.0,3.6894586086273193,0.0,36.05064010620117
H,7,4,2025-07-11,2025-08-08,9.0,2.467681407928467,0.0,34.82886505126953
H,7,4,2025-07-18,2025-08-15,0.0,2.5885231494903564,0.0,34.94970703125
H,7,4,2025-07-25,2025-08-22,1.0,1.2281147241592407,0.0,33.589298248291016
H,7,4,2025-08-01,2025-08-29,0.0,2.250864028930664,0.0,34.61204528808594
H,7,4,2025-08-08,2025-09-05,,5.024264812469482,0.5483665466308594,37.38544845581055
H,7,4,2025-08-15,2025-09-12,,4.517561435699463,0.041663169860839844,24.520004272460938
H,7,4,2025-08-22,2025-09-19,,2.6009604930877686,0.0,19.911500930786133
H,7,8,2023-02-17,2023-04-14,0.0,0.0,0.0,2.4361932277679443
H,7,8,2023-02-24,2023-04-21,0.0,0.0,0.0,2.4361932277679443
H,7,8,2023-03-03,2023-04-28,0.0,0.0,0.0,2.4361932277679443
H,7,8,2023-03-10,2023-05-05,0.0,0.0,0.0,2.4361932277679443
H,7,8,2023-03-17,2023-05-12,0.0,0.0,0.0,2.4361932277679443
H,7,8,2023-03-24,2023-05-19,0.0,0.0,0.0,2.4361932277679443
H,7,8,2023-03-31,2023-05-26,0.0,0.0,0.0,2.4361932277679443
H,7,8,2023-04-07,2023-06-02,0.0,0.0,0.0,2.4361932277679443
H,7,8,2023-04-14,2023-06-09,0.0,0.0014640390872955322,0.0,2.437657356262207
H,7,8,2023-04-21,2023-06-16,2.0,0.0,0.0,2.4361932277679443
H,7,8,2023-04-28,2023-06-23,0.0,0.11816921830177307,0.0,2.5543625354766846
H,7,8,2023-05-05,2023-06-30,0.0,0.16455389559268951,0.0,2.6007471084594727
H,7,8,2023-05-12,2023-07-07,0.0,0.6988049149513245,0.0,3.134998083114624
H,7,8,2023-05-19,2023-07-14,0.0,0.48718151450157166,0.0,2.923374652862549
H,7,8,2023-05-26,2023-07-21,1.0,0.783654510974884,0.0,3.2198476791381836
H,7,8,2023-06-02,2023-07-28,1.0,1.3675479888916016,0.0,3.803741216659546
H,7,8,2023-06-09,2023-08-04,1.0,4.124628067016602,1.7497854232788086,6.560821533203125
H,7,8,2023-06-16,2023-08-11,2.0,5.658735752105713,3.28389310836792,8.094928741455078
H,7,8,2023-06-23,2023-08-18,3.0,3.364121913909912,0.9892792701721191,5.800314903259277
H,7,8,2023-06-30,2023-08-25,0.0,6.165676116943359,3.7908334732055664,8.601869583129883
H,7,8,2023-07-07,2023-09-01,1.0,2.0980207920074463,0.0,4.534214019775391
H,7,8,2023-07-14,2023-09-08,3.0,2.756394624710083,0.502263069152832,5.192587852478027
H,7,8,2023-07-21,2023-09-15,3.0,1.4513132572174072,0.0,3.8875064849853516
H,7,8,2023-07-28,2023-09-22,3.0,4.252615928649902,2.4833805561065674,6.252615928649902
H,7,8,2023-08-04,2023-09-29,1.0,4.825925827026367,3.0566904544830322,6.825925827026367
H,7,8,2023-08-11,2023-10-06,4.0,2.9144551753997803,1.1452198028564453,4.914455413818359
H,7,8,2023-08-18,2023-10-13,0.0,1.4458317756652832,0.0,3.445831775665283
H,7,8,2023-08-25,2023-10-20,0.0,0.358854740858078,0.0,2.3588547706604004
H,7,8,2023-09-01,2023-10-27,0.0,0.2324502170085907,0.0,2.232450246810913
H,7,8,2023-09-08,2023-11-03,0.0,0.45938751101493835,0.0,2.4593875408172607
H,7,8,2023-09-15,2023-11-10,0.0,0.7309340238571167,0.0,2.7309341430664062
H,7,8,2023-09-22,2023-11-17,0.0,0.6977944374084473,0.0,2.6977944374084473
H,7,8,2023-09-29,2023-11-24,0.0,0.24477046728134155,0.0,2.2447705268859863
H,7,8,2023-10-06,2023-12-01,0.0,0.0,0.0,2.0
H,7,8,2023-10-13,2023-12-08,1.0,0.0,0.0,2.0
H,7,8,2023-10-20,2023-12-15,0.0,0.4190090596675873,0.0,2.41900897026062
H,7,8,2023-10-27,2023-12-22,0.0,0.10562434792518616,0.0,2.1056244373321533
H,7,8,2023-11-03,2023-12-29,2.0,0.0,0.0,2.0
H,7,8,2023-11-10,2024-01-05,0.0,0.0,0.0,2.0
H,7,8,2023-11-17,2024-01-12,0.0,0.0,0.0,2.0
H,7,8,2023-11-24,2024-01-19,0.0,0.0,0.0,2.0
H,7,8,2023-12-01,2024-01-26,0.0,0.0,0.0,2.0
H,7,8,2023-12-08,2024-02-02,0.0,0.0,0.0,2.0
H,7,8,2023-12-15,2024-02-09,0.0,0.0,0.0,2.0
H,7,8,2023-12-22,2024-02-16,0.0,0.0,0.0,2.0
H,7,8,2023-12-29,2024-02-23,0.0,0.1446971744298935,0.0,2.1446971893310547
H,7,8,2024-01-05,2024-03-01,0.0,0.03313582390546799,0.0,2.0331358909606934
H,7,8,2024-01-12,2024-03-08,0.0,0.0,0.0,2.0
H,7,8,2024-01-19,2024-03-15,0.0,0.0,0.0,2.0
H,7,8,2024-01-26,2024-03-22,0.0,0.0,0.0,2.0
H,7,8,2024-02-02,2024-03-29,0.0,0.0,0.0,2.0
H,7,8,2024-02-09,2024-04-05,0.0,0.0,0.0,2.0
H,7,8,2024-02-16,2024-04-12,0.0,0.0,0.0,2.0
H,7,8,2024-02-23,2024-04-19,0.0,0.0,0.0,2.0
H,7,8,2024-03-01,2024-04-26,0.0,0.0,0.0,2.0
H,7,8,2024-03-08,2024-05-03,0.0,0.0,0.0,2.0
H,7,8,2024-03-15,2024-05-10,0.0,0.0,0.0,2.0
H,7,8,2024-03-22,2024-05-17,0.0,0.22053077816963196,0.0,2.2205307483673096
H,7,8,2024-03-29,2024-05-24,0.0,0.6354821920394897,0.0,2.6354823112487793
H,7,8,2024-04-05,2024-05-31,0.0,0.9966702461242676,0.0,2.9966702461242676
H,7,8,2024-04-12,2024-06-07,0.0,1.1394217014312744,0.0,3.1394217014312744
H,7,8,2024-04-19,2024-06-14,0.0,0.5244753360748291,0.0,2.524475336074829
H,7,8,2024-04-26,2024-06-21,0.0,0.4709774851799011,0.0,2.470977544784546
H,7,8,2024-05-03,2024-06-28,0.0,0.47034451365470886,0.0,2.4703445434570312
H,7,8,2024-05-10,2024-07-05,0.0,0.4831713140010834,0.0,2.483171224594116
H,7,8,2024-05-17,2024-07-12,0.0,1.0454384088516235,0.0,3.045438289642334
H,7,8,2024-05-24,2024-07-19,1.0,1.6982536315917969,0.0,3.698253631591797
H,7,8,2024-05-31,2024-07-26,7.0,1.1418461799621582,0.0,3.141846179962158
H,7,8,2024-06-07,2024-08-02,34.0,1.6545555591583252,0.0,3.654555559158325
H,7,8,2024-06-14,2024-08-09,22.0,3.7490057945251465,0.0,5.7490057945251465
H,7,8,2024-06-21,2024-08-16,2.0,2.6204588413238525,0.0,4.620458602905273
H,7,8,2024-06-28,2024-08-23,0.0,2.615440607070923,0.0,4.615440368652344
H,7,8,2024-07-05,2024-08-30,1.0,3.923758029937744,0.0,5.923758029937744
H,7,8,2024-07-12,2024-09-06,1.0,5.878165245056152,0.0,7.878165245056152
H,7,8,2024-07-19,2024-09-13,1.0,9.89519214630127,3.72951602935791,11.89519214630127
H,7,8,2024-07-26,2024-09-20,1.0,5.123574256896973,0.0,7.123574256896973
H,7,8,2024-08-02,2024-09-27,0.0,11.314556121826172,5.1488800048828125,13.314556121826172
H,7,8,2024-08-09,2024-10-04,1.0,12.903609275817871,6.737933158874512,18.761762619018555
H,7,8,2024-08-16,2024-10-11,0.0,2.4974112510681152,0.0,34.84285354614258
H,7,8,2024-08-23,2024-10-18,1.0,2.877669334411621,0.0,35.223114013671875
H,7,8,2024-08-30,2024-10-25,0.0,2.751049757003784,0.0,35.096492767333984
H,7,8,2024-09-06,2024-11-01,0.0,2.9807193279266357,0.0,35.32616424560547
H,7,8,2024-09-13,2024-11-08,0.0,0.5300858020782471,0.0,32.87553024291992
H,7,8,2024-09-20,2024-11-15,0.0,0.0,0.0,32.34544372558594
H,7,8,2024-09-27,2024-11-22,1.0,0.0,0.0,32.34544372558594
H,7,8,2024-10-04,2024-11-29,0.0,0.0,0.0,32.34544372558594
H,7,8,2024-10-11,2024-12-06,0.0,0.0,0.0,32.34544372558594
H,7,8,2024-10-18,2024-12-13,0.0,0.0,0.0,32.34544372558594
H,7,8,2024-10-25,2024-12-20,0.0,0.07726145535707474,0.0,32.422706604003906
H,7,8,2024-11-01,2024-12-27,0.0,0.0,0.0,32.34544372558594
H,7,8,2024-11-08,2025-01-03,0.0,0.0,0.0,32.34544372558594
H,7,8,2024-11-15,2025-01-10,0.0,0.0,0.0,32.34544372558594
H,7,8,2024-11-22,2025-01-17,0.0,0.0,0.0,32.34544372558594
H,7,8,2024-11-29,2025-01-24,0.0,0.0,0.0,32.34544372558594
H,7,8,2024-12-06,2025-01-31,0.0,0.043493546545505524,0.0,32.388938903808594
H,7,8,2024-12-13,2025-02-07,0.0,0.03421405702829361,0.0,32.37965774536133
H,7,8,2024-12-20,2025-02-14,0.0,0.0,0.0,32.34544372558594
H,7,8,2024-12-27,2025-02-21,0.0,0.0,0.0,32.34544372558594
H,7,8,2025-01-03,2025-02-28,0.0,0.0,0.0,32.34544372558594
H,7,8,2025-01-10,2025-03-07,1.0,0.0,0.0,32.34544372558594
H,7,8,2025-01-17,2025-03-14,1.0,0.0,0.0,32.34544372558594
H,7,8,2025-01-24,2025-03-21,0.0,0.0,0.0,32.34544372558594
H,7,8,2025-01-31,2025-03-28,0.0,0.0,0.0,32.34544372558594
H,7,8,2025-02-07,2025-04-04,2.0,0.0,0.0,32.34544372558594
H,7,8,2025-02-14,2025-04-11,0.0,0.0,0.0,32.34544372558594
H,7,8,2025-02-21,2025-04-18,0.0,0.0,0.0,32.34544372558594
H,7,8,2025-02-28,2025-04-25,0.0,0.0,0.0,32.34544372558594
H,7,8,2025-03-07,2025-05-02,0.0,0.0,0.0,32.34544372558594
H,7,8,2025-03-14,2025-05-09,0.0,0.0,0.0,32.34544372558594
H,7,8,2025-03-21,2025-05-16,0.0,0.0,0.0,32.34544372558594
H,7,8,2025-03-28,2025-05-23,1.0,0.05809394270181656,0.0,32.40353775024414
H,7,8,2025-04-04,2025-05-30,0.0,0.052498817443847656,0.0,32.39794158935547
H,7,8,2025-04-11,2025-06-06,1.0,0.0,0.0,32.34544372558594
H,7,8,2025-04-18,2025-06-13,1.0,0.0,0.0,32.34544372558594
H,7,8,2025-04-25,2025-06-20,0.0,0.2530052959918976,0.0,32.59844970703125
H,7,8,2025-05-02,2025-06-27,0.0,0.18788830935955048,0.0,32.53333282470703
H,7,8,2025-05-09,2025-07-04,2.0,0.12457685172557831,0.0,32.47002029418945
H,7,8,2025-05-16,2025-07-11,0.0,0.5806745290756226,0.0,32.926116943359375
H,7,8,2025-05-23,2025-07-18,4.0,0.7413041591644287,0.0,33.08674621582031
H,7,8,2025-05-30,2025-07-25,3.0,0.8978895545005798,0.0,33.24333190917969
H,7,8,2025-06-06,2025-08-01,21.0,1.5797767639160156,0.0,33.92522048950195
H,7,8,2025-06-13,2025-08-08,9.0,0.6886988878250122,0.0,33.034141540527344
H,7,8,2025-06-20,2025-08-15,0.0,1.3497648239135742,0.0,33.69520950317383
H,7,8,2025-06-27,2025-08-22,1.0,2.6951680183410645,0.0,35.040611267089844
H,7,8,2025-07-04,2025-08-29,0.0,1.170987844467163,0.0,33.51642990112305
H,7,8,2025-07-11,2025-09-05,,1.7425596714019775,0.0,34.08800506591797
H,7,8,2025-07-18,2025-09-12,,3.5264458656311035,0.0,35.871891021728516
H,7,8,2025-07-25,2025-09-19,,1.7163352966308594,0.0,34.0617790222168
H,7,8,2025-08-01,2025-09-26,,1.6934032440185547,0.0,34.038848876953125
H,7,8,2025-08-08,2025-10-03,,1.0432181358337402,0.0,33.3886604309082
H,7,8,2025-08-15,2025-10-10,,0.0,0.0,19.420223236083984
H,7,8,2025-08-22,2025-10-17,,0.0,0.0,19.420223236083984
H,7,12,2023-02-17,2023-05-12,0.0,0.0,0.0,3.0
H,7,12,2023-02-24,2023-05-19,0.0,0.0,0.0,3.0
H,7,12,2023-03-03,2023-05-26,0.0,0.0,0.0,3.0
H,7,12,2023-03-10,2023-06-02,0.0,0.0,0.0,3.0
H,7,12,2023-03-17,2023-06-09,0.0,0.0,0.0,3.0
H,7,12,2023-03-24,2023-06-16,2.0,0.0,0.0,3.0
H,7,12,2023-03-31,2023-06-23,0.0,0.0,0.0,3.0
H,7,12,2023-04-07,2023-06-30,0.0,0.0,0.0,3.0
H,7,12,2023-04-14,2023-07-07,0.0,0.0,0.0,3.0
H,7,12,2023-04-21,2023-07-14,0.0,0.0,0.0,3.0
H,7,12,2023-04-28,2023-07-21,1.0,0.0,0.0,3.0
H,7,12,2023-05-05,2023-07-28,1.0,0.0,0.0,3.0
H,7,12,2023-05-12,2023-08-04,1.0,0.0,0.0,3.0
H,7,12,2023-05-19,2023-08-11,2.0,0.0,0.0,3.0
H,7,12,2023-05-26,2023-08-18,3.0,0.0,0.0,3.0
H,7,12,2023-06-02,2023-08-25,0.0,0.0,0.0,3.0
H,7,12,2023-06-09,2023-09-01,1.0,0.0,0.0,3.0
H,7,12,2023-06-16,2023-09-08,3.0,0.0,0.0,3.0
H,7,12,2023-06-23,2023-09-15,3.0,0.0,0.0,3.0
H,7,12,2023-06-30,2023-09-22,3.0,0.0,0.0,3.0
H,7,12,2023-07-07,2023-09-29,1.0,0.0,0.0,3.0
H,7,12,2023-07-14,2023-10-06,4.0,0.0,0.0,3.0
H,7,12,2023-07-21,2023-10-13,0.0,0.0,0.0,3.0
H,7,12,2023-07-28,2023-10-20,0.0,0.0,0.0,3.0
H,7,12,2023-08-04,2023-10-27,0.0,0.0,0.0,3.0
H,7,12,2023-08-11,2023-11-03,0.0,0.0,0.0,3.0
H,7,12,2023-08-18,2023-11-10,0.0,0.0,0.0,3.0
H,7,12,2023-08-25,2023-11-17,0.0,0.0,0.0,3.0
H,7,12,2023-09-01,2023-11-24,0.0,0.0,0.0,3.0
H,7,12,2023-09-08,2023-12-01,0.0,0.0,0.0,3.0
H,7,12,2023-09-15,2023-12-08,1.0,0.0,0.0,3.0
H,7,12,2023-09-22,2023-12-15,0.0,0.0,0.0,3.0
H,7,12,2023-09-29,2023-12-22,0.0,0.0,0.0,3.0
H,7,12,2023-10-06,2023-12-29,2.0,0.0,0.0,3.0
H,7,12,2023-10-13,2024-01-05,0.0,0.0,0.0,3.0
H,7,12,2023-10-20,2024-01-12,0.0,0.0,0.0,4.0
H,7,12,2023-10-27,2024-01-19,0.0,0.0,0.0,4.0
H,7,12,2023-11-03,2024-01-26,0.0,0.0,0.0,4.0
H,7,12,2023-11-10,2024-02-02,0.0,0.0,0.0,4.0
H,7,12,2023-11-17,2024-02-09,0.0,0.0,0.0,4.0
H,7,12,2023-11-24,2024-02-16,0.0,0.0,0.0,4.0
H,7,12,2023-12-01,2024-02-23,0.0,0.0,0.0,4.0
H,7,12,2023-12-08,2024-03-01,0.0,0.0,0.0,4.0
H,7,12,2023-12-15,2024-03-08,0.0,0.0,0.0,4.0
H,7,12,2023-12-22,2024-03-15,0.0,0.0,0.0,4.0
H,7,12,2023-12-29,2024-03-22,0.0,0.0,0.0,4.0
H,7,12,2024-01-05,2024-03-29,0.0,0.0,0.0,4.0
H,7,12,2024-01-12,2024-04-05,0.0,0.0,0.0,4.0
H,7,12,2024-01-19,2024-04-12,0.0,0.0,0.0,4.0
H,7,12,2024-01-26,2024-04-19,0.0,0.0,0.0,4.0
H,7,12,2024-02-02,2024-04-26,0.0,0.0,0.0,4.0
H,7,12,2024-02-09,2024-05-03,0.0,0.0,0.0,4.0
H,7,12,2024-02-16,2024-05-10,0.0,0.0,0.0,4.0
H,7,12,2024-02-23,2024-05-17,0.0,0.0,0.0,4.0
H,7,12,2024-03-01,2024-05-24,0.0,0.0,0.0,4.0
H,7,12,2024-03-08,2024-05-31,0.0,0.0,0.0,4.0
H,7,12,2024-03-15,2024-06-07,0.0,0.0,0.0,4.0
H,7,12,2024-03-22,2024-06-14,0.0,0.0,0.0,4.0
H,7,12,2024-03-29,2024-06-21,0.0,0.0,0.0,4.0
H,7,12,2024-04-05,2024-06-28,0.0,0.0,0.0,4.0
H,7,12,2024-04-12,2024-07-05,0.0,0.0,0.0,4.0
H,7,12,2024-04-19,2024-07-12,0.0,0.0,0.0,4.0
H,7,12,2024-04-26,2024-07-19,1.0,0.0,0.0,4.0
H,7,12,2024-05-03,2024-07-26,7.0,0.0,0.0,4.0
H,7,12,2024-05-10,2024-08-02,34.0,0.0,0.0,4.0
H,7,12,2024-05-17,2024-08-09,22.0,0.0,0.0,4.0
H,7,12,2024-05-24,2024-08-16,2.0,0.0,0.0,4.0
H,7,12,2024-05-31,2024-08-23,0.0,0.0,0.0,4.0
H,7,12,2024-06-07,2024-08-30,1.0,0.0,0.0,4.0
H,7,12,2024-06-14,2024-09-06,1.0,0.0,0.0,4.0
H,7,12,2024-06-21,2024-09-13,1.0,0.0,0.0,4.0
H,7,12,2024-06-28,2024-09-20,1.0,0.0,0.0,4.0
H,7,12,2024-07-05,2024-09-27,0.0,0.0,0.0,4.0
H,7,12,2024-07-12,2024-10-04,1.0,0.0,0.0,4.0
H,7,12,2024-07-19,2024-10-11,0.0,0.0,0.0,4.0
H,7,12,2024-07-26,2024-10-18,1.0,0.0,0.0,4.0
H,7,12,2024-08-02,2024-10-25,0.0,0.0,0.0,4.0
H,7,12,2024-08-09,2024-11-01,0.0,0.0,0.0,7.0
H,7,12,2024-08-16,2024-11-08,0.0,0.0,0.0,34.0
H,7,12,2024-08-23,2024-11-15,0.0,0.0,0.0,34.0
H,7,12,2024-08-30,2024-11-22,1.0,0.0,0.0,34.0
H,7,12,2024-09-06,2024-11-29,0.0,0.0,0.0,34.0
H,7,12,2024-09-13,2024-12-06,0.0,0.0,0.0,34.0
H,7,12,2024-09-20,2024-12-13,0.0,0.0,0.0,34.0
H,7,12,2024-09-27,2024-12-20,0.0,0.0,0.0,34.0
H,7,12,2024-10-04,2024-12-27,0.0,0.0,0.0,34.0
H,7,12,2024-10-11,2025-01-03,0.0,0.0,0.0,34.0
H,7,12,2024-10-18,2025-01-10,0.0,0.0,0.0,34.0
H,7,12,2024-10-25,2025-01-17,0.0,0.0,0.0,34.0
H,7,12,2024-11-01,2025-01-24,0.0,0.0,0.0,34.0
H,7,12,2024-11-08,2025-01-31,0.0,0.0,0.0,34.0
H,7,12,2024-11-15,2025-02-07,0.0,0.0,0.0,34.0
H,7,12,2024-11-22,2025-02-14,0.0,0.0,0.0,34.0
H,7,12,2024-11-29,2025-02-21,0.0,0.0,0.0,34.0
H,7,12,2024-12-06,2025-02-28,0.0,0.0,0.0,34.0
H,7,12,2024-12-13,2025-03-07,1.0,0.0,0.0,34.0
H,7,12,2024-12-20,2025-03-14,1.0,0.0,0.0,34.0
H,7,12,2024-12-27,2025-03-21,0.0,0.0,0.0,34.0
H,7,12,2025-01-03,2025-03-28,0.0,0.0,0.0,34.0
H,7,12,2025-01-10,2025-04-04,2.0,0.0,0.0,34.0
H,7,12,2025-01-17,2025-04-11,0.0,0.0,0.0,34.0
H,7,12,2025-01-24,2025-04-18,0.0,0.0,0.0,34.0
H,7,12,2025-01-31,2025-04-25,0.0,0.0,0.0,34.0
H,7,12,2025-02-07,2025-05-02,0.0,0.0,0.0,34.0
H,7,12,2025-02-14,2025-05-09,0.0,0.0,0.0,34.0
H,7,12,2025-02-21,2025-05-16,0.0,0.0,0.0,34.0
H,7,12,2025-02-28,2025-05-23,1.0,0.0,0.0,34.0
H,7,12,2025-03-07,2025-05-30,0.0,0.0,0.0,34.0
H,7,12,2025-03-14,2025-06-06,1.0,0.0,0.0,34.0
H,7,12,2025-03-21,2025-06-13,1.0,0.0,0.0,34.0
H,7,12,2025-03-28,2025-06-20,0.0,0.0,0.0,34.0
H,7,12,2025-04-04,2025-06-27,0.0,0.0,0.0,34.0
H,7,12,2025-04-11,2025-07-04,2.0,0.0,0.0,34.0
H,7,12,2025-04-18,2025-07-11,0.0,0.0,0.0,34.0
H,7,12,2025-04-25,2025-07-18,4.0,0.0,0.0,34.0
H,7,12,2025-05-02,2025-07-25,3.0,0.0,0.0,34.0
H,7,12,2025-05-09,2025-08-01,21.0,0.0,0.0,34.0
H,7,12,2025-05-16,2025-08-08,9.0,0.0,0.0,34.0
H,7,12,2025-05-23,2025-08-15,0.0,0.0,0.0,34.0
H,7,12,2025-05-30,2025-08-22,1.0,0.0,0.0,34.0
H,7,12,2025-06-06,2025-08-29,0.0,0.0,0.0,34.0
H,7,12,2025-06-13,2025-09-05,,0.0,0.0,34.0
H,7,12,2025-06-20,2025-09-12,,0.0,0.0,34.0
H,7,12,2025-06-27,2025-09-19,,0.0,0.0,34.0
H,7,12,2025-07-04,2025-09-26,,0.0,0.0,34.0
H,7,12,2025-07-11,2025-10-03,,0.0,0.0,34.0
H,7,12,2025-07-18,2025-10-10,,0.0,0.0,34.0
H,7,12,2025-07-25,2025-10-17,,0.0,0.0,34.0
H,7,12,2025-08-01,2025-10-24,,0.0,0.0,34.0
H,7,12,2025-08-08,2025-10-31,,0.0,0.0,34.0
H,7,12,2025-08-15,2025-11-07,,0.0,0.0,22.0
H,7,12,2025-08-22,2025-11-14,,0.0,0.0,21.0
I,8,1,2023-02-17,2023-02-24,0.0,0.0,0.0,4.0
I,8,1,2023-02-24,2023-03-03,0.0,0.0,0.0,4.0
I,8,1,2023-03-03,2023-03-10,0.0,0.0,0.0,4.0
I,8,1,2023-03-10,2023-03-17,0.0,0.0,0.0,4.0
I,8,1,2023-03-17,2023-03-24,0.0,0.0,0.0,4.0
I,8,1,2023-03-24,2023-03-31,0.0,0.0,0.0,4.0
I,8,1,2023-03-31,2023-04-07,0.0,0.0,0.0,4.0
I,8,1,2023-04-07,2023-04-14,0.0,0.0,0.0,4.0
I,8,1,2023-04-14,2023-04-21,0.0,0.0,0.0,4.0
I,8,1,2023-04-21,2023-04-28,0.0,0.0,0.0,4.0
I,8,1,2023-04-28,2023-05-05,1.0,0.0,0.0,4.0
I,8,1,2023-05-05,2023-05-12,0.0,0.0,0.0,4.0
I,8,1,2023-05-12,2023-05-19,0.0,0.0,0.0,4.0
I,8,1,2023-05-19,2023-05-26,0.0,0.0,0.0,4.0
I,8,1,2023-05-26,2023-06-02,0.0,0.0,0.0,4.0
I,8,1,2023-06-02,2023-06-09,1.0,0.0,0.0,4.0
I,8,1,2023-06-09,2023-06-16,0.0,0.0,0.0,4.0
I,8,1,2023-06-16,2023-06-23,1.0,0.0,0.0,4.0
I,8,1,2023-06-23,2023-06-30,0.0,0.0,0.0,4.0
I,8,1,2023-06-30,2023-07-07,0.0,0.0,0.0,4.0
I,8,1,2023-07-07,2023-07-14,0.0,0.0,0.0,4.0
I,8,1,2023-07-14,2023-07-21,0.0,0.08452098071575165,0.0,4.0845208168029785
I,8,1,2023-07-21,2023-07-28,5.0,1.2203642129898071,0.4742816090583801,5.220364093780518
I,8,1,2023-07-28,2023-08-04,2.0,4.3682050704956055,3.6221225261688232,8.368205070495605
I,8,1,2023-08-04,2023-08-11,10.0,3.6766016483306885,2.9305191040039062,7.676601409912109
I,8,1,2023-08-11,2023-08-18,4.0,1.4521914720535278,0.7061088681221008,5.452191352844238
I,8,1,2023-08-18,2023-08-25,3.0,0.0,0.0,4.0
I,8,1,2023-08-25,2023-09-01,1.0,0.7138543128967285,0.0,7.037252902984619
I,8,1,2023-09-01,2023-09-08,1.0,2.7883455753326416,0.42014050483703613,9.111743927001953
I,8,1,2023-09-08,2023-09-15,5.0,3.178868293762207,0.8106632232666016,9.502266883850098
I,8,1,2023-09-15,2023-09-22,4.0,2.0827839374542236,0.0,8.406182289123535
I,8,1,2023-09-22,2023-09-29,2.0,0.4812523126602173,0.0,6.804650783538818
I,8,1,2023-09-29,2023-10-06,1.0,0.4876093864440918,0.0,6.811007976531982
I,8,1,2023-10-06,2023-10-13,0.0,1.4673728942871094,0.0,7.790771484375
I,8,1,2023-10-13,2023-10-20,1.0,0.0,0.0,6.323398590087891
I,8,1,2023-10-20,2023-10-27,0.0,0.06867119669914246,0.0,6.3920698165893555
I,8,1,2023-10-27,2023-11-03,2.0,0.0,0.0,6.323398590087891
I,8,1,2023-11-03,2023-11-10,0.0,0.0,0.0,6.323398590087891
I,8,1,2023-11-10,2023-11-17,0.0,0.15381307899951935,0.0,6.4772114753723145
I,8,1,2023-11-17,2023-11-24,0.0,0.0,0.0,6.323398590087891
I,8,1,2023-11-24,2023-12-01,0.0,0.0,0.0,6.323398590087891
I,8,1,2023-12-01,2023-12-08,1.0,0.0,0.0,6.323398590087891
I,8,1,2023-12-08,2023-12-15,1.0,0.0,0.0,6.323398590087891
I,8,1,2023-12-15,2023-12-22,0.0,0.0,0.0,6.323398590087891
I,8,1,2023-12-22,2023-12-29,0.0,0.0,0.0,6.323398590087891
I,8,1,2023-12-29,2024-01-05,1.0,0.0,0.0,6.323398590087891
I,8,1,2024-01-05,2024-01-12,0.0,0.0,0.0,6.323398590087891
I,8,1,2024-01-12,2024-01-19,0.0,0.0,0.0,6.323398590087891
I,8,1,2024-01-19,2024-01-26,0.0,0.0,0.0,6.323398590087891
I,8,1,2024-01-26,2024-02-02,1.0,0.0,0.0,6.323398590087891
I,8,1,2024-02-02,2024-02-09,0.0,0.0,0.0,6.323398590087891
I,8,1,2024-02-09,2024-02-16,0.0,0.0,0.0,6.323398590087891
I,8,1,2024-02-16,2024-02-23,0.0,0.0,0.0,6.323398590087891
I,8,1,2024-02-23,2024-03-01,0.0,0.0,0.0,6.323398590087891
I,8,1,2024-03-01,2024-03-08,0.0,0.0,0.0,6.323398590087891
I,8,1,2024-03-08,2024-03-15,0.0,0.0,0.0,6.323398590087891
I,8,1,2024-03-15,2024-03-22,0.0,0.0,0.0,6.323398590087891
I,8,1,2024-03-22,2024-03-29,1.0,0.0,0.0,6.323398590087891
I,8,1,2024-03-29,2024-04-05,0.0,0.0,0.0,6.323398590087891
I,8,1,2024-04-05,2024-04-12,0.0,0.0,0.0,6.323398590087891
I,8,1,2024-04-12,2024-04-19,0.0,0.0,0.0,6.323398590087891
I,8,1,2024-04-19,2024-04-26,0.0,0.0,0.0,6.323398590087891
I,8,1,2024-04-26,2024-05-03,0.0,0.0,0.0,6.323398590087891
I,8,1,2024-05-03,2024-05-10,0.0,0.0,0.0,6.323398590087891
I,8,1,2024-05-10,2024-05-17,0.0,0.0,0.0,6.323398590087891
I,8,1,2024-05-17,2024-05-24,0.0,0.0,0.0,6.323398590087891
I,8,1,2024-05-24,2024-05-31,0.0,0.0,0.0,6.323398590087891
I,8,1,2024-05-31,2024-06-07,2.0,0.0,0.0,6.323398590087891
I,8,1,2024-06-07,2024-06-14,0.0,0.0,0.0,6.323398590087891
I,8,1,2024-06-14,2024-06-21,0.0,0.0,0.0,6.323398590087891
I,8,1,2024-06-21,2024-06-28,3.0,0.0,0.0,6.323398590087891
I,8,1,2024-06-28,2024-07-05,1.0,0.0,0.0,6.323398590087891
I,8,1,2024-07-05,2024-07-12,3.0,0.0,0.0,6.323398590087891
I,8,1,2024-07-12,2024-07-19,2.0,0.6824684143066406,0.0,7.005867004394531
I,8,1,2024-07-19,2024-07-26,2.0,1.183185338973999,0.0,7.506584167480469
I,8,1,2024-07-26,2024-08-02,9.0,3.3391644954681396,0.9709594249725342,9.66256332397461
I,8,1,2024-08-02,2024-08-09,8.0,3.943920850753784,1.5757157802581787,10.267319679260254
I,8,1,2024-08-09,2024-08-16,5.0,3.2556521892547607,0.8874471187591553,9.57905101776123
I,8,1,2024-08-16,2024-08-23,2.0,1.5816324949264526,0.0,7.905031204223633
I,8,1,2024-08-23,2024-08-30,0.0,0.945818305015564,0.0,6.606653690338135
I,8,1,2024-08-30,2024-09-06,2.0,3.2032535076141357,1.4149079322814941,8.864089012145996
I,8,1,2024-09-06,2024-09-13,4.0,6.277559280395508,4.489213943481445,11.938394546508789
I,8,1,2024-09-13,2024-09-20,2.0,5.074106216430664,3.2857606410980225,10.734941482543945
I,8,1,2024-09-20,2024-09-27,0.0,1.9031046628952026,0.43573176860809326,7.563940048217773
I,8,1,2024-09-27,2024-10-04,1.0,1.511910319328308,0.0,7.172745704650879
I,8,1,2024-10-04,2024-10-11,0.0,0.5619982481002808,0.0,6.222833633422852
I,8,1,2024-10-11,2024-10-18,1.0,0.0,0.0,5.660835266113281
I,8,1,2024-10-18,2024-10-25,4.0,0.0,0.0,5.660835266113281
I,8,1,2024-10-25,2024-11-01,2.0,1.7895305156707764,0.0,7.450366020202637
I,8,1,2024-11-01,2024-11-08,1.0,2.499752998352051,0.0,8.160588264465332
I,8,1,2024-11-08,2024-11-15,0.0,1.0956674814224243,0.0,6.756502628326416
I,8,1,2024-11-15,2024-11-22,0.0,0.0,0.0,5.660835266113281
I,8,1,2024-11-22,2024-11-29,0.0,0.0,0.0,5.660835266113281
I,8,1,2024-11-29,2024-12-06,0.0,0.0,0.0,5.660835266113281
I,8,1,2024-12-06,2024-12-13,0.0,0.0,0.0,5.660835266113281
I,8,1,2024-12-13,2024-12-20,1.0,0.053993239998817444,0.0,5.7148284912109375
I,8,1,2024-12-20,2024-12-27,0.0,0.29733341932296753,0.0,5.9581685066223145
I,8,1,2024-12-27,2025-01-03,0.0,0.0,0.0,5.660835266113281
I,8,1,2025-01-03,2025-01-10,0.0,0.0,0.0,5.660835266113281
I,8,1,2025-01-10,2025-01-17,0.0,0.0,0.0,5.660835266113281
I,8,1,2025-01-17,2025-01-24,0.0,0.0,0.0,5.660835266113281
I,8,1,2025-01-24,2025-01-31,0.0,0.0,0.0,5.660835266113281
I,8,1,2025-01-31,2025-02-07,0.0,0.0,0.0,5.660835266113281
I,8,1,2025-02-07,2025-02-14,0.0,0.0,0.0,5.660835266113281
I,8,1,2025-02-14,2025-02-21,0.0,0.0,0.0,5.660835266113281
I,8,1,2025-02-21,2025-02-28,1.0,0.0,0.0,5.660835266113281
I,8,1,2025-02-28,2025-03-07,0.0,0.0,0.0,5.660835266113281
I,8,1,2025-03-07,2025-03-14,0.0,0.0,0.0,5.660835266113281
I,8,1,2025-03-14,2025-03-21,1.0,0.0,0.0,5.660835266113281
I,8,1,2025-03-21,2025-03-28,1.0,0.0,0.0,5.660835266113281
I,8,1,2025-03-28,2025-04-04,0.0,0.0,0.0,5.660835266113281
I,8,1,2025-04-04,2025-04-11,0.0,0.0,0.0,5.660835266113281
I,8,1,2025-04-11,2025-04-18,1.0,0.0,0.0,5.660835266113281
I,8,1,2025-04-18,2025-04-25,1.0,0.0,0.0,5.660835266113281
I,8,1,2025-04-25,2025-05-02,0.0,0.0,0.0,5.660835266113281
I,8,1,2025-05-02,2025-05-09,1.0,0.0,0.0,5.660835266113281
I,8,1,2025-05-09,2025-05-16,1.0,0.0,0.0,5.660835266113281
I,8,1,2025-05-16,2025-05-23,1.0,0.0,0.0,5.660835266113281
I,8,1,2025-05-23,2025-05-30,0.0,0.0,0.0,5.660835266113281
I,8,1,2025-05-30,2025-06-06,0.0,0.0,0.0,5.660835266113281
I,8,1,2025-06-06,2025-06-13,0.0,1.034354329109192,0.0,6.695189476013184
I,8,1,2025-06-13,2025-06-20,2.0,0.7525202035903931,0.0,6.413355350494385
I,8,1,2025-06-20,2025-06-27,2.0,0.0,0.0,5.660835266113281
I,8,1,2025-06-27,2025-07-04,2.0,0.0,0.0,5.660835266113281
I,8,1,2025-07-04,2025-07-11,2.0,1.2110611200332642,0.0,6.871896266937256
I,8,1,2025-07-11,2025-07-18,2.0,2.4207048416137695,0.0,8.08154010772705
I,8,1,2025-07-18,2025-07-25,4.0,7.064759731292725,3.9906535148620605,12.725595474243164
I,8,1,2025-07-25,2025-08-01,16.0,7.675203323364258,4.601097106933594,13.336038589477539
I,8,1,2025-08-01,2025-08-08,10.0,8.136914253234863,5.062808036804199,13.797749519348145
I,8,1,2025-08-08,2025-08-15,0.0,3.5209410190582275,0.4468348026275635,9.18177604675293
I,8,1,2025-08-15,2025-08-22,2.0,0.0,0.0,8.324796676635742
I,8,1,2025-08-22,2025-08-29,0.0,0.0,0.0,8.324796676635742
I,8,2,2023-02-17,2023-03-03,0.0,0.0,0.0,3.728071928024292
I,8,2,2023-02-24,2023-03-10,0.0,0.0,0.0,3.728071928024292
I,8,2,2023-03-03,2023-03-17,0.0,0.0,0.0,3.728071928024292
I,8,2,2023-03-10,2023-03-24,0.0,0.0,0.0,3.728071928024292
I,8,2,2023-03-17,2023-03-31,0.0,0.0,0.0,3.728071928024292
I,8,2,2023-03-24,2023-04-07,0.0,0.0,0.0,3.728071928024292
I,8,2,2023-03-31,2023-04-14,0.0,0.0,0.0,3.728071928024292
I,8,2,2023-04-07,2023-04-21,0.0,0.0,0.0,3.728071928024292
I,8,2,2023-04-14,2023-04-28,0.0,0.0,0.0,3.728071928024292
I,8,2,2023-04-21,2023-05-05,1.0,0.0,0.0,3.728071928024292
I,8,2,2023-04-28,2023-05-12,0.0,0.0,0.0,3.728071928024292
I,8,2,2023-05-05,2023-05-19,0.0,0.027352239936590195,0.0,3.7554242610931396
I,8,2,2023-05-12,2023-05-26,0.0,0.21046701073646545,0.0,3.9385390281677246
I,8,2,2023-05-19,2023-06-02,0.0,0.19787022471427917,0.0,3.9259421825408936
I,8,2,2023-05-26,2023-06-09,1.0,0.3981419801712036,0.0,4.126214027404785
I,8,2,2023-06-02,2023-06-16,0.0,0.2621666193008423,0.0,3.990238666534424
I,8,2,2023-06-09,2023-06-23,1.0,0.7531839609146118,0.018910646438598633,4.481256008148193
I,8,2,2023-06-16,2023-06-30,0.0,0.33357149362564087,0.0,4.061643600463867
I,8,2,2023-06-23,2023-07-07,0.0,0.5020993947982788,0.0,4.230171203613281
I,8,2,2023-06-30,2023-07-14,0.0,0.3402215242385864,0.0,4.068293571472168
I,8,2,2023-07-07,2023-07-21,0.0,0.5719256401062012,0.0,4.299997329711914
I,8,2,2023-07-14,2023-07-28,5.0,1.550702691078186,0.8164293766021729,5.278774738311768
I,8,2,2023-07-21,2023-08-04,2.0,1.620166540145874,0.8858932256698608,5.348238468170166
I,8,2,2023-07-28,2023-08-11,10.0,2.961068630218506,2.226795196533203,6.689140319824219
I,8,2,2023-08-04,2023-08-18,4.0,1.3765270709991455,0.6422537565231323,5.1045989990234375
I,8,2,2023-08-11,2023-08-25,3.0,0.4102103114128113,0.0,4.138282299041748
I,8,2,2023-08-18,2023-09-01,1.0,0.7695314884185791,0.03525817394256592,4.497603416442871
I,8,2,2023-08-25,2023-09-08,1.0,2.6473920345306396,1.9131187200546265,9.686323165893555
I,8,2,2023-09-01,2023-09-15,5.0,3.6622936725616455,3.0903680324554443,10.701225280761719
I,8,2,2023-09-08,2023-09-22,4.0,2.9007115364074707,2.3287858963012695,9.939642906188965
I,8,2,2023-09-15,2023-09-29,2.0,1.2873657941818237,0.7154401540756226,8.32629680633545
I,8,2,2023-09-22,2023-10-06,1.0,1.389674186706543,0.0,8.428606033325195
I,8,2,2023-09-29,2023-10-13,0.0,2.316114902496338,0.6687228679656982,9.355046272277832
I,8,2,2023-10-06,2023-10-20,1.0,0.7455456852912903,0.0,7.784477233886719
I,8,2,2023-10-13,2023-10-27,0.0,0.45045164227485657,0.0,7.489383220672607
I,8,2,2023-10-20,2023-11-03,2.0,0.6397443413734436,0.0,7.678675651550293
I,8,2,2023-10-27,2023-11-10,0.0,0.4205986261367798,0.0,7.459529876708984
I,8,2,2023-11-03,2023-11-17,0.0,0.3174881935119629,0.0,7.356419563293457
I,8,2,2023-11-10,2023-11-24,0.0,0.031778689473867416,0.0,7.070710182189941
I,8,2,2023-11-17,2023-12-01,0.0,0.054067935794591904,0.0,7.092999458312988
I,8,2,2023-11-24,2023-12-08,1.0,0.041974227875471115,0.0,7.080905437469482
I,8,2,2023-12-01,2023-12-15,1.0,0.01913202926516533,0.0,7.058063507080078
I,8,2,2023-12-08,2023-12-22,0.0,0.1503753364086151,0.0,7.189306735992432
I,8,2,2023-12-15,2023-12-29,0.0,0.30211520195007324,0.0,7.341046333312988
I,8,2,2023-12-22,2024-01-05,1.0,0.6398694515228271,0.0,7.678800582885742
I,8,2,2023-12-29,2024-01-12,0.0,0.04737315699458122,0.0,7.086304664611816
I,8,2,2024-01-05,2024-01-19,0.0,0.0809943825006485,0.0,7.1199259757995605
I,8,2,2024-01-12,2024-01-26,0.0,0.5034101605415344,0.0,7.542341709136963
I,8,2,2024-01-19,2024-02-02,1.0,0.0,0.0,7.038931369781494
I,8,2,2024-01-26,2024-02-09,0.0,0.0,0.0,7.038931369781494
I,8,2,2024-02-02,2024-02-16,0.0,0.0,0.0,7.038931369781494
I,8,2,2024-02-09,2024-02-23,0.0,0.0,0.0,7.038931369781494
I,8,2,2024-02-16,2024-03-01,0.0,0.0,0.0,7.038931369781494
I,8,2,2024-02-23,2024-03-08,0.0,0.0,0.0,7.038931369781494
I,8,2,2024-03-01,2024-03-15,0.0,0.0,0.0,7.038931369781494
I,8,2,2024-03-08,2024-03-22,0.0,0.0,0.0,7.038931369781494
I,8,2,2024-03-15,2024-03-29,1.0,0.0,0.0,7.038931369781494
I,8,2,2024-03-22,2024-04-05,0.0,0.0,0.0,7.038931369781494
I,8,2,2024-03-29,2024-04-12,0.0,0.0,0.0,7.038931369781494
I,8,2,2024-04-05,2024-04-19,0.0,0.0,0.0,7.038931369781494
I,8,2,2024-04-12,2024-04-26,0.0,0.0,0.0,7.038931369781494
I,8,2,2024-04-19,2024-05-03,0.0,0.0,0.0,7.038931369781494
I,8,2,2024-04-26,2024-05-10,0.0,0.0,0.0,7.038931369781494
I,8,2,2024-05-03,2024-05-17,0.0,0.0,0.0,7.038931369781494
I,8,2,2024-05-10,2024-05-24,0.0,0.0,0.0,7.038931369781494
I,8,2,2024-05-17,2024-05-31,0.0,0.13194483518600464,0.0,7.1708760261535645
I,8,2,2024-05-24,2024-06-07,2.0,0.7947878241539001,0.0,7.833719253540039
I,8,2,2024-05-31,2024-06-14,0.0,0.37084266543388367,0.0,7.409773826599121
I,8,2,2024-06-07,2024-06-21,0.0,0.5421050190925598,0.0,7.581036567687988
I,8,2,2024-06-14,2024-06-28,3.0,0.7011077404022217,0.0,7.740038871765137
I,8,2,2024-06-21,2024-07-05,1.0,1.2353028059005737,0.0,8.2742338180542
I,8,2,2024-06-28,2024-07-12,3.0,0.7645982503890991,0.0,7.803529739379883
I,8,2,2024-07-05,2024-07-19,2.0,0.8419797420501709,0.0,7.880910873413086
I,8,2,2024-07-12,2024-07-26,2.0,0.9101890325546265,0.0,7.94912052154541
I,8,2,2024-07-19,2024-08-02,9.0,1.830904245376587,0.0,8.86983585357666
I,8,2,2024-07-26,2024-08-09,8.0,2.0201048851013184,0.0,9.059036254882812
I,8,2,2024-08-02,2024-08-16,5.0,2.0026230812072754,0.0,9.04155445098877
I,8,2,2024-08-09,2024-08-23,2.0,3.0138492584228516,0.6977343559265137,10.052780151367188
I,8,2,2024-08-16,2024-08-30,0.0,2.6950368881225586,0.3789219856262207,9.86413288116455
I,8,2,2024-08-23,2024-09-06,2.0,2.6825900077819824,0.36647510528564453,9.851686477661133
I,8,2,2024-08-30,2024-09-13,4.0,5.162545680999756,2.846430778503418,12.331642150878906
I,8,2,2024-09-06,2024-09-20,2.0,3.6784889698028564,1.3623740673065186,10.84758472442627
I,8,2,2024-09-13,2024-09-27,0.0,3.0360171794891357,0.34098029136657715,10.205113410949707
I,8,2,2024-09-20,2024-10-04,1.0,1.3339213132858276,0.0,8.50301742553711
I,8,2,2024-09-27,2024-10-11,0.0,0.9390978813171387,0.0,8.108194351196289
I,8,2,2024-10-04,2024-10-18,1.0,0.5526076555252075,0.0,7.72170352935791
I,8,2,2024-10-11,2024-10-25,4.0,0.3726004362106323,0.0,7.541696548461914
I,8,2,2024-10-18,2024-11-01,2.0,0.8112345337867737,0.0,7.980330467224121
I,8,2,2024-10-25,2024-11-08,1.0,1.7151764631271362,0.0,8.884272575378418
I,8,2,2024-11-01,2024-11-15,0.0,0.7004334926605225,0.0,7.869529724121094
I,8,2,2024-11-08,2024-11-22,0.0,0.1693578064441681,0.0,7.338453769683838
I,8,2,2024-11-15,2024-11-29,0.0,0.21282732486724854,0.0,7.381923198699951
I,8,2,2024-11-22,2024-12-06,0.0,0.28009161353111267,0.0,7.449187755584717
I,8,2,2024-11-29,2024-12-13,0.0,0.2918039560317993,0.0,7.460899829864502
I,8,2,2024-12-06,2024-12-20,1.0,0.4854925870895386,0.0,7.65458869934082
I,8,2,2024-12-13,2024-12-27,0.0,0.10099132359027863,0.0,7.270087242126465
I,8,2,2024-12-20,2025-01-03,0.0,0.14237843453884125,0.0,7.311474323272705
I,8,2,2024-12-27,2025-01-10,0.0,0.0,0.0,7.169095993041992
I,8,2,2025-01-03,2025-01-17,0.0,0.03648709878325462,0.0,7.205583095550537
I,8,2,2025-01-10,2025-01-24,0.0,0.17597319185733795,0.0,7.345069408416748
I,8,2,2025-01-17,2025-01-31,0.0,0.0,0.0,7.169095993041992
I,8,2,2025-01-24,2025-02-07,0.0,0.0,0.0,7.169095993041992
I,8,2,2025-01-31,2025-02-14,0.0,0.0,0.0,7.169095993041992
I,8,2,2025-02-07,2025-02-21,0.0,0.0,0.0,7.169095993041992
I,8,2,2025-02-14,2025-02-28,1.0,0.0,0.0,7.169095993041992
I,8,2,2025-02-21,2025-03-07,0.0,0.0,0.0,7.169095993041992
I,8,2,2025-02-28,2025-03-14,0.0,0.0,0.0,7.169095993041992
I,8,2,2025-03-07,2025-03-21,1.0,0.0,0.0,7.169095993041992
I,8,2,2025-03-14,2025-03-28,1.0,0.0,0.0,7.169095993041992
I,8,2,2025-03-21,2025-04-04,0.0,0.0,0.0,7.169095993041992
I,8,2,2025-03-28,2025-04-11,0.0,0.0,0.0,7.169095993041992
I,8,2,2025-04-04,2025-04-18,1.0,0.0,0.0,7.169095993041992
I,8,2,2025-04-11,2025-04-25,1.0,0.0,0.0,7.169095993041992
I,8,2,2025-04-18,2025-05-02,0.0,0.07580113410949707,0.0,7.24489688873291
I,8,2,2025-04-25,2025-05-09,1.0,0.10395549237728119,0.0,7.2730512619018555
I,8,2,2025-05-02,2025-05-16,1.0,0.22553344070911407,0.0,7.39462947845459
I,8,2,2025-05-09,2025-05-23,1.0,0.2231956571340561,0.0,7.39229154586792
I,8,2,2025-05-16,2025-05-30,0.0,0.15880616009235382,0.0,7.327902317047119
I,8,2,2025-05-23,2025-06-06,0.0,0.08826179802417755,0.0,7.257357597351074
I,8,2,2025-05-30,2025-06-13,0.0,0.5205821990966797,0.0,7.689678192138672
I,8,2,2025-06-06,2025-06-20,2.0,1.3647013902664185,0.0,8.533797264099121
I,8,2,2025-06-13,2025-06-27,2.0,0.41668570041656494,0.0,7.585781574249268
I,8,2,2025-06-20,2025-07-04,2.0,0.40738898515701294,0.0,7.5764851570129395
I,8,2,2025-06-27,2025-07-11,2.0,1.1886146068572998,0.0,8.357710838317871
I,8,2,2025-07-04,2025-07-18,2.0,3.1315340995788574,0.09551692008972168,10.300630569458008
I,8,2,2025-07-11,2025-07-25,4.0,3.675168514251709,0.6391513347625732,10.84426498413086
I,8,2,2025-07-18,2025-08-01,16.0,4.973862171173096,1.93784499168396,12.14295768737793
I,8,2,2025-07-25,2025-08-08,10.0,4.112917900085449,1.0769007205963135,11.282013893127441
I,8,2,2025-08-01,2025-08-15,0.0,3.882965564727783,0.8469483852386475,11.052061080932617
I,8,2,2025-08-08,2025-08-22,2.0,1.5761942863464355,0.0,8.745290756225586
I,8,2,2025-08-15,2025-08-29,0.0,1.523537278175354,0.0,12.549675941467285
I,8,2,2025-08-22,2025-09-05,,2.5892834663391113,0.0,13.615421295166016
I,8,4,2023-02-17,2023-03-17,0.0,0.0,0.0,2.9875948429107666
I,8,4,2023-02-24,2023-03-24,0.0,0.0,0.0,2.9875948429107666
I,8,4,2023-03-03,2023-03-31,0.0,0.0,0.0,2.9875948429107666
I,8,4,2023-03-10,2023-04-07,0.0,0.0,0.0,2.9875948429107666
I,8,4,2023-03-17,2023-04-14,0.0,0.0,0.0,2.9875948429107666
I,8,4,2023-03-24,2023-04-21,0.0,0.0,0.0,2.9875948429107666
I,8,4,2023-03-31,2023-04-28,0.0,0.0,0.0,2.9875948429107666
I,8,4,2023-04-07,2023-05-05,1.0,0.0,0.0,2.9875948429107666
I,8,4,2023-04-14,2023-05-12,0.0,0.0,0.0,2.9875948429107666
I,8,4,2023-04-21,2023-05-19,0.0,0.0,0.0,2.9875948429107666
I,8,4,2023-04-28,2023-05-26,0.0,0.36533477902412415,0.0,3.3529295921325684
I,8,4,2023-05-05,2023-06-02,0.0,1.1464569568634033,0.0,4.13405179977417
I,8,4,2023-05-12,2023-06-09,1.0,1.1352676153182983,0.0,4.122862339019775
I,8,4,2023-05-19,2023-06-16,0.0,0.11200632154941559,0.0,3.0996012687683105
I,8,4,2023-05-26,2023-06-23,1.0,0.612069308757782,0.0,3.5996642112731934
I,8,4,2023-06-02,2023-06-30,0.0,0.507506787776947,0.0,3.4951016902923584
I,8,4,2023-06-09,2023-07-07,0.0,0.9877738356590271,0.0,3.9753687381744385
I,8,4,2023-06-16,2023-07-14,0.0,0.722545862197876,0.0,3.7101407051086426
I,8,4,2023-06-23,2023-07-21,0.0,2.4777021408081055,0.0,5.465296745300293
I,8,4,2023-06-30,2023-07-28,5.0,1.8784081935882568,0.0,4.866003036499023
I,8,4,2023-07-07,2023-08-04,2.0,2.340999126434326,0.0,5.328594207763672
I,8,4,2023-07-14,2023-08-11,10.0,2.2672946453094482,0.0,5.254889488220215
I,8,4,2023-07-21,2023-08-18,4.0,0.6601453423500061,0.0,3.647740125656128
I,8,4,2023-07-28,2023-08-25,3.0,1.753398060798645,0.3729642629623413,4.740993022918701
I,8,4,2023-08-04,2023-09-01,1.0,1.8229494094848633,0.0,4.810544013977051
I,8,4,2023-08-11,2023-09-08,1.0,2.8681790828704834,0.39047694206237793,5.989770889282227
I,8,4,2023-08-18,2023-09-15,5.0,4.3456549644470215,1.867952823638916,7.467247009277344
I,8,4,2023-08-25,2023-09-22,4.0,3.866062879562378,1.3883607387542725,11.59876823425293
I,8,4,2023-09-01,2023-09-29,2.0,3.707587957382202,1.2298858165740967,11.440293312072754
I,8,4,2023-09-08,2023-10-06,1.0,2.709690809249878,0.23198866844177246,10.44239616394043
I,8,4,2023-09-15,2023-10-13,0.0,2.0082507133483887,0.0,9.740955352783203
I,8,4,2023-09-22,2023-10-20,1.0,2.012455463409424,0.0,9.745161056518555
I,8,4,2023-09-29,2023-10-27,0.0,1.1917710304260254,0.0,8.924476623535156
I,8,4,2023-10-06,2023-11-03,2.0,0.7682312726974487,0.0,8.500936508178711
I,8,4,2023-10-13,2023-11-10,0.0,0.6085003018379211,0.0,8.341205596923828
I,8,4,2023-10-20,2023-11-17,0.0,0.4901570975780487,0.0,8.222862243652344
I,8,4,2023-10-27,2023-11-24,0.0,0.0,0.0,7.732705116271973
I,8,4,2023-11-03,2023-12-01,0.0,0.0,0.0,7.732705116271973
I,8,4,2023-11-10,2023-12-08,1.0,0.0,0.0,7.732705116271973
I,8,4,2023-11-17,2023-12-15,1.0,0.024113470688462257,0.0,7.756818771362305
I,8,4,2023-11-24,2023-12-22,0.0,0.24359723925590515,0.0,7.976302146911621
I,8,4,2023-12-01,2023-12-29,0.0,0.0021883565932512283,0.0,7.734893321990967
I,8,4,2023-12-08,2024-01-05,1.0,0.4286622405052185,0.0,8.161367416381836
I,8,4,2023-12-15,2024-01-12,0.0,0.35783252120018005,0.0,8.090538024902344
I,8,4,2023-12-22,2024-01-19,0.0,0.20640555024147034,0.0,7.93911075592041
I,8,4,2023-12-29,2024-01-26,0.0,0.09556544572114944,0.0,7.828270435333252
I,8,4,2024-01-05,2024-02-02,1.0,0.20893892645835876,0.0,7.941644191741943
I,8,4,2024-01-12,2024-02-09,0.0,0.9156202077865601,0.0,8.648324966430664
I,8,4,2024-01-19,2024-02-16,0.0,0.0349574014544487,0.0,7.767662525177002
I,8,4,2024-01-26,2024-02-23,0.0,0.0,0.0,7.732705116271973
I,8,4,2024-02-02,2024-03-01,0.0,0.0,0.0,7.732705116271973
I,8,4,2024-02-09,2024-03-08,0.0,0.0,0.0,7.732705116271973
I,8,4,2024-02-16,2024-03-15,0.0,0.0,0.0,7.732705116271973
I,8,4,2024-02-23,2024-03-22,0.0,0.0,0.0,7.732705116271973
I,8,4,2024-03-01,2024-03-29,1.0,0.0,0.0,7.732705116271973
I,8,4,2024-03-08,2024-04-05,0.0,0.0,0.0,7.732705116271973
I,8,4,2024-03-15,2024-04-12,0.0,0.0,0.0,7.732705116271973
I,8,4,2024-03-22,2024-04-19,0.0,0.0,0.0,7.732705116271973
I,8,4,2024-03-29,2024-04-26,0.0,0.0,0.0,7.732705116271973
I,8,4,2024-04-05,2024-05-03,0.0,0.0,0.0,7.732705116271973
I,8,4,2024-04-12,2024-05-10,0.0,0.0,0.0,7.732705116271973
I,8,4,2024-04-19,2024-05-17,0.0,0.0,0.0,7.732705116271973
I,8,4,2024-04-26,2024-05-24,0.0,0.0,0.0,7.732705116271973
I,8,4,2024-05-03,2024-05-31,0.0,0.44779619574546814,0.0,8.180500984191895
I,8,4,2024-05-10,2024-06-07,2.0,1.1787981986999512,0.0,8.911502838134766
I,8,4,2024-05-17,2024-06-14,0.0,0.9215946197509766,0.0,8.65429973602295
I,8,4,2024-05-24,2024-06-21,0.0,0.754962146282196,0.0,8.487667083740234
I,8,4,2024-05-31,2024-06-28,3.0,0.7400683164596558,0.0,8.472773551940918
I,8,4,2024-06-07,2024-07-05,1.0,1.729373574256897,0.0,9.462079048156738
I,8,4,2024-06-14,2024-07-12,3.0,3.4304161071777344,0.9527139663696289,11.163121223449707
I,8,4,2024-06-21,2024-07-19,2.0,4.695392608642578,2.2176904678344727,12.42809772491455
I,8,4,2024-06-28,2024-07-26,2.0,3.0539369583129883,0.5762348175048828,10.786642074584961
I,8,4,2024-07-05,2024-08-02,9.0,2.730130434036255,0.2524282932281494,10.462835311889648
I,8,4,2024-07-12,2024-08-09,8.0,2.7259628772735596,0.2482607364654541,10.458667755126953
I,8,4,2024-07-19,2024-08-16,5.0,1.909483551979065,0.0,9.642189025878906
I,8,4,2024-07-26,2024-08-23,2.0,2.3323581218719482,0.0,10.0650634765625
I,8,4,2024-08-02,2024-08-30,0.0,4.826779365539551,2.1313867568969727,12.559484481811523
I,8,4,2024-08-09,2024-09-06,2.0,8.579304695129395,5.883912086486816,16.312009811401367
I,8,4,2024-08-16,2024-09-13,4.0,11.835379600524902,9.139986991882324,19.568084716796875
I,8,4,2024-08-23,2024-09-20,2.0,6.893181800842285,4.197789192199707,13.16305160522461
I,8,4,2024-08-30,2024-09-27,0.0,4.061224937438965,1.3658323287963867,10.331094741821289
I,8,4,2024-09-06,2024-10-04,1.0,2.9922633171081543,0.29687070846557617,9.26213264465332
I,8,4,2024-09-13,2024-10-11,0.0,2.102031707763672,0.0,8.371901512145996
I,8,4,2024-09-20,2024-10-18,1.0,0.8023868799209595,0.0,7.072256565093994
I,8,4,2024-09-27,2024-10-25,4.0,0.42900994420051575,0.0,6.698879718780518
I,8,4,2024-10-04,2024-11-01,2.0,0.49161621928215027,0.0,6.761486053466797
I,8,4,2024-10-11,2024-11-08,1.0,0.4406270980834961,0.0,6.71049690246582
I,8,4,2024-10-18,2024-11-15,0.0,0.11206409335136414,0.0,6.381933689117432
I,8,4,2024-10-25,2024-11-22,0.0,0.0,0.0,6.269869804382324
I,8,4,2024-11-01,2024-11-29,0.0,0.0,0.0,6.269869804382324
I,8,4,2024-11-08,2024-12-06,0.0,0.0,0.0,6.269869804382324
I,8,4,2024-11-15,2024-12-13,0.0,0.8039894104003906,0.0,7.073859214782715
I,8,4,2024-11-22,2024-12-20,1.0,0.7197973728179932,0.0,6.989666938781738
I,8,4,2024-11-29,2024-12-27,0.0,0.3020060658454895,0.0,6.571876049041748
I,8,4,2024-12-06,2025-01-03,0.0,0.0,0.0,6.269869804382324
I,8,4,2024-12-13,2025-01-10,0.0,0.0,0.0,6.269869804382324
I,8,4,2024-12-20,2025-01-17,0.0,0.36085832118988037,0.0,6.630728244781494
I,8,4,2024-12-27,2025-01-24,0.0,0.8716186285018921,0.0,7.141488552093506
I,8,4,2025-01-03,2025-01-31,0.0,0.5697013139724731,0.0,6.839570999145508
I,8,4,2025-01-10,2025-02-07,0.0,0.06983281672000885,0.0,6.339702606201172
I,8,4,2025-01-17,2025-02-14,0.0,0.0,0.0,6.269869804382324
I,8,4,2025-01-24,2025-02-21,0.0,0.0,0.0,6.269869804382324
I,8,4,2025-01-31,2025-02-28,1.0,0.0,0.0,6.269869804382324
I,8,4,2025-02-07,2025-03-07,0.0,0.0,0.0,6.269869804382324
I,8,4,2025-02-14,2025-03-14,0.0,0.0,0.0,6.269869804382324
I,8,4,2025-02-21,2025-03-21,1.0,0.0,0.0,6.269869804382324
I,8,4,2025-02-28,2025-03-28,1.0,0.0,0.0,6.269869804382324
I,8,4,2025-03-07,2025-04-04,0.0,0.0,0.0,6.269869804382324
I,8,4,2025-03-14,2025-04-11,0.0,0.0,0.0,6.269869804382324
I,8,4,2025-03-21,2025-04-18,1.0,0.0,0.0,6.269869804382324
I,8,4,2025-03-28,2025-04-25,1.0,0.0,0.0,6.269869804382324
I,8,4,2025-04-04,2025-05-02,0.0,0.6264869570732117,0.0,6.896356582641602
I,8,4,2025-04-11,2025-05-09,1.0,1.3907159566879272,0.0,7.660585880279541
I,8,4,2025-04-18,2025-05-16,1.0,1.668333649635315,0.0,7.93820333480835
I,8,4,2025-04-25,2025-05-23,1.0,1.2025929689407349,0.0,7.4724626541137695
I,8,4,2025-05-02,2025-05-30,0.0,0.5851647853851318,0.0,6.855034828186035
I,8,4,2025-05-09,2025-06-06,0.0,0.5809731483459473,0.0,6.8508429527282715
I,8,4,2025-05-16,2025-06-13,0.0,0.7310047149658203,0.0,7.0008745193481445
I,8,4,2025-05-23,2025-06-20,2.0,0.6266958117485046,0.0,6.8965654373168945
I,8,4,2025-05-30,2025-06-27,2.0,0.6375553607940674,0.0,6.9074249267578125
I,8,4,2025-06-06,2025-07-04,2.0,0.6709164977073669,0.0,6.940786361694336
I,8,4,2025-06-13,2025-07-11,2.0,1.3663880825042725,0.0,7.636258125305176
I,8,4,2025-06-20,2025-07-18,2.0,2.916194438934326,0.0,9.186063766479492
I,8,4,2025-06-27,2025-07-25,4.0,4.635575294494629,0.0,10.905445098876953
I,8,4,2025-07-04,2025-08-01,16.0,5.474554538726807,0.0,11.744424819946289
I,8,4,2025-07-11,2025-08-08,10.0,5.467517852783203,0.0,11.737387657165527
I,8,4,2025-07-18,2025-08-15,0.0,4.635049819946289,0.0,10.904919624328613
I,8,4,2025-07-25,2025-08-22,2.0,2.0924761295318604,0.0,8.362345695495605
I,8,4,2025-08-01,2025-08-29,0.0,3.068809747695923,0.0,9.338679313659668
I,8,4,2025-08-08,2025-09-05,,3.599517345428467,0.0,9.869386672973633
I,8,4,2025-08-15,2025-09-12,,3.1936206817626953,0.0,13.719066619873047
I,8,4,2025-08-22,2025-09-19,,2.263049840927124,0.0,12.788496017456055
I,8,8,2023-02-17,2023-04-14,0.0,0.0,0.0,2.843662977218628
I,8,8,2023-02-24,2023-04-21,0.0,0.0,0.0,2.843662977218628
I,8,8,2023-03-03,2023-04-28,0.0,0.0,0.0,2.843662977218628
I,8,8,2023-03-10,2023-05-05,1.0,0.0,0.0,2.843662977218628
I,8,8,2023-03-17,2023-05-12,0.0,0.0,0.0,2.843662977218628
I,8,8,2023-03-24,2023-05-19,0.0,0.0,0.0,2.843662977218628
I,8,8,2023-03-31,2023-05-26,0.0,0.0,0.0,2.843662977218628
I,8,8,2023-04-07,2023-06-02,0.0,0.33133554458618164,0.0,3.1749985218048096
I,8,8,2023-04-14,2023-06-09,1.0,0.38833022117614746,0.0,3.2319931983947754
I,8,8,2023-04-21,2023-06-16,0.0,0.2931896448135376,0.0,3.136852741241455
I,8,8,2023-04-28,2023-06-23,1.0,0.4765574336051941,0.0,3.320220470428467
I,8,8,2023-05-05,2023-06-30,0.0,0.5081193447113037,0.0,3.3517823219299316
I,8,8,2023-05-12,2023-07-07,0.0,1.2346045970916748,0.0,4.078267574310303
I,8,8,2023-05-19,2023-07-14,0.0,1.058593988418579,0.0,3.902256965637207
I,8,8,2023-05-26,2023-07-21,0.0,1.4673702716827393,0.0,4.311033248901367
I,8,8,2023-06-02,2023-07-28,5.0,1.9890072345733643,0.0,4.832670211791992
I,8,8,2023-06-09,2023-08-04,2.0,4.007100582122803,0.5454907417297363,6.850763320922852
I,8,8,2023-06-16,2023-08-11,10.0,5.117738246917725,1.6561284065246582,7.961400985717773
I,8,8,2023-06-23,2023-08-18,4.0,2.2296290397644043,0.0,5.073291778564453
I,8,8,2023-06-30,2023-08-25,3.0,3.761969804763794,0.30035996437072754,6.605632781982422
I,8,8,2023-07-07,2023-09-01,1.0,1.9671685695648193,0.0,4.810831546783447
I,8,8,2023-07-14,2023-09-08,1.0,3.286813497543335,0.0,6.130476474761963
I,8,8,2023-07-21,2023-09-15,5.0,1.742645502090454,0.3620262145996094,4.586308479309082
I,8,8,2023-07-28,2023-09-22,4.0,4.348803997039795,2.96818470954895,7.192466735839844
I,8,8,2023-08-04,2023-09-29,2.0,6.797255992889404,5.329885482788086,9.640918731689453
I,8,8,2023-08-11,2023-10-06,1.0,3.6434805393218994,2.17611026763916,6.654473304748535
I,8,8,2023-08-18,2023-10-13,0.0,2.313969373703003,0.3068687915802002,5.324962139129639
I,8,8,2023-08-25,2023-10-20,1.0,1.4362077713012695,0.0,6.318469524383545
I,8,8,2023-09-01,2023-10-27,0.0,1.2382824420928955,0.0,6.12054443359375
I,8,8,2023-09-08,2023-11-03,2.0,1.3937726020812988,0.0,6.276034355163574
I,8,8,2023-09-15,2023-11-10,0.0,2.133206605911255,0.12610602378845215,7.015468597412109
I,8,8,2023-09-22,2023-11-17,0.0,1.4106135368347168,0.0,6.292875289916992
I,8,8,2023-09-29,2023-11-24,0.0,0.34382641315460205,0.0,5.226088047027588
I,8,8,2023-10-06,2023-12-01,0.0,0.13162311911582947,0.0,5.013885021209717
I,8,8,2023-10-13,2023-12-08,1.0,0.0,0.0,4.882261753082275
I,8,8,2023-10-20,2023-12-15,1.0,0.3671330213546753,0.0,5.24939489364624
I,8,8,2023-10-27,2023-12-22,0.0,0.19820678234100342,0.0,5.080468654632568
I,8,8,2023-11-03,2023-12-29,0.0,0.3015383183956146,0.0,5.183800220489502
I,8,8,2023-11-10,2024-01-05,1.0,0.23865237832069397,0.0,5.120913982391357
I,8,8,2023-11-17,2024-01-12,0.0,0.12586385011672974,0.0,5.0081257820129395
I,8,8,2023-11-24,2024-01-19,0.0,0.2666005492210388,0.0,5.148862361907959
I,8,8,2023-12-01,2024-01-26,0.0,0.18808308243751526,0.0,5.070344924926758
I,8,8,2023-12-08,2024-02-02,1.0,0.0,0.0,4.882261753082275
I,8,8,2023-12-15,2024-02-09,0.0,0.4952940046787262,0.0,5.377555847167969
I,8,8,2023-12-22,2024-02-16,0.0,0.09589019417762756,0.0,4.978151798248291
I,8,8,2023-12-29,2024-02-23,0.0,0.047547757625579834,0.0,4.9298095703125
I,8,8,2024-01-05,2024-03-01,0.0,0.0,0.0,4.882261753082275
I,8,8,2024-01-12,2024-03-08,0.0,0.0,0.0,4.882261753082275
I,8,8,2024-01-19,2024-03-15,0.0,0.0,0.0,4.882261753082275
I,8,8,2024-01-26,2024-03-22,0.0,0.0,0.0,4.882261753082275
I,8,8,2024-02-02,2024-03-29,1.0,0.0,0.0,4.882261753082275
I,8,8,2024-02-09,2024-04-05,0.0,0.0,0.0,4.882261753082275
I,8,8,2024-02-16,2024-04-12,0.0,0.0,0.0,4.882261753082275
I,8,8,2024-02-23,2024-04-19,0.0,0.0,0.0,4.882261753082275
I,8,8,2024-03-01,2024-04-26,0.0,0.0,0.0,4.882261753082275
I,8,8,2024-03-08,2024-05-03,0.0,0.15564724802970886,0.0,5.037909030914307
I,8,8,2024-03-15,2024-05-10,0.0,0.4499506950378418,0.0,5.332212448120117
I,8,8,2024-03-22,2024-05-17,0.0,0.4422525465488434,0.0,5.324514389038086
I,8,8,2024-03-29,2024-05-24,0.0,0.8381699323654175,0.0,5.720431804656982
I,8,8,2024-04-05,2024-05-31,0.0,1.2765355110168457,0.0,6.158797264099121
I,8,8,2024-04-12,2024-06-07,2.0,1.263803482055664,0.0,6.1460652351379395
I,8,8,2024-04-19,2024-06-14,0.0,0.6198160648345947,0.0,5.502078056335449
I,8,8,2024-04-26,2024-06-21,0.0,0.725420355796814,0.0,5.607682228088379
I,8,8,2024-05-03,2024-06-28,3.0,1.0994102954864502,0.0,5.981672286987305
I,8,8,2024-05-10,2024-07-05,1.0,1.3513267040252686,0.0,6.233588218688965
I,8,8,2024-05-17,2024-07-12,3.0,2.063767194747925,0.0,6.946028709411621
I,8,8,2024-05-24,2024-07-19,2.0,3.0946123600006104,0.0,7.976874351501465
I,8,8,2024-05-31,2024-07-26,2.0,1.8939242362976074,0.0,6.776185989379883
I,8,8,2024-06-07,2024-08-02,9.0,3.1553874015808105,0.0,8.037649154663086
I,8,8,2024-06-14,2024-08-09,8.0,5.393952369689941,0.5966963768005371,10.276214599609375
I,8,8,2024-06-21,2024-08-16,5.0,3.5199880599975586,0.0,8.402250289916992
I,8,8,2024-06-28,2024-08-23,2.0,3.8184664249420166,0.0,8.700728416442871
I,8,8,2024-07-05,2024-08-30,0.0,4.725459098815918,0.0,9.607721328735352
I,8,8,2024-07-12,2024-09-06,2.0,5.204117298126221,0.4068613052368164,10.086379051208496
I,8,8,2024-07-19,2024-09-13,4.0,7.123760223388672,2.3265042304992676,12.006021499633789
I,8,8,2024-07-26,2024-09-20,2.0,5.0478081703186035,0.2505521774291992,9.930069923400879
I,8,8,2024-08-02,2024-09-27,0.0,7.065062999725342,2.2678070068359375,11.947324752807617
I,8,8,2024-08-09,2024-10-04,1.0,13.147497177124023,8.350240707397461,18.02975845336914
I,8,8,2024-08-16,2024-10-11,0.0,3.2512519359588623,0.0,9.095864295959473
I,8,8,2024-08-23,2024-10-18,1.0,2.1523871421813965,0.0,7.996999740600586
I,8,8,2024-08-30,2024-10-25,4.0,3.4158742427825928,0.0,9.260486602783203
I,8,8,2024-09-06,2024-11-01,2.0,2.393350839614868,0.0,8.237963676452637
I,8,8,2024-09-13,2024-11-08,1.0,3.1719846725463867,0.0,9.016597747802734
I,8,8,2024-09-20,2024-11-15,0.0,1.227121114730835,0.0,7.071733474731445
I,8,8,2024-09-27,2024-11-22,0.0,0.17473861575126648,0.0,6.019351005554199
I,8,8,2024-10-04,2024-11-29,0.0,0.16947796940803528,0.0,6.014090538024902
I,8,8,2024-10-11,2024-12-06,0.0,0.0,0.0,5.8446125984191895
I,8,8,2024-10-18,2024-12-13,0.0,0.2879088222980499,0.0,6.132521629333496
I,8,8,2024-10-25,2024-12-20,1.0,0.5265457630157471,0.0,6.371158599853516
I,8,8,2024-11-01,2024-12-27,0.0,0.07675248384475708,0.0,5.921365261077881
I,8,8,2024-11-08,2025-01-03,0.0,0.3744206726551056,0.0,6.219033241271973
I,8,8,2024-11-15,2025-01-10,0.0,0.3352481722831726,0.0,6.179860591888428
I,8,8,2024-11-22,2025-01-17,0.0,0.13577857613563538,0.0,5.980391025543213
I,8,8,2024-11-29,2025-01-24,0.0,0.3583418130874634,0.0,6.202954292297363
I,8,8,2024-12-06,2025-01-31,0.0,1.1090589761734009,0.0,6.953671455383301
I,8,8,2024-12-13,2025-02-07,0.0,0.32905659079551697,0.0,6.173669338226318
I,8,8,2024-12-20,2025-02-14,0.0,0.0,0.0,5.8446125984191895
I,8,8,2024-12-27,2025-02-21,0.0,0.0,0.0,5.8446125984191895
I,8,8,2025-01-03,2025-02-28,1.0,0.0,0.0,5.8446125984191895
I,8,8,2025-01-10,2025-03-07,0.0,0.0,0.0,5.8446125984191895
I,8,8,2025-01-17,2025-03-14,0.0,0.0,0.0,5.8446125984191895
I,8,8,2025-01-24,2025-03-21,1.0,0.0,0.0,5.8446125984191895
I,8,8,2025-01-31,2025-03-28,1.0,0.0,0.0,5.8446125984191895
I,8,8,2025-02-07,2025-04-04,0.0,0.0,0.0,5.8446125984191895
I,8,8,2025-02-14,2025-04-11,0.0,0.0,0.0,5.8446125984191895
I,8,8,2025-02-21,2025-04-18,1.0,0.0,0.0,5.8446125984191895
I,8,8,2025-02-28,2025-04-25,1.0,0.0,0.0,5.8446125984191895
I,8,8,2025-03-07,2025-05-02,0.0,0.0,0.0,5.8446125984191895
I,8,8,2025-03-14,2025-05-09,1.0,0.11611677706241608,0.0,5.960729598999023
I,8,8,2025-03-21,2025-05-16,1.0,0.12246602773666382,0.0,5.967078685760498
I,8,8,2025-03-28,2025-05-23,1.0,0.3374648690223694,0.0,6.182077407836914
I,8,8,2025-04-04,2025-05-30,0.0,0.08301296830177307,0.0,5.92762565612793
I,8,8,2025-04-11,2025-06-06,0.0,0.06910349428653717,0.0,5.9137163162231445
I,8,8,2025-04-18,2025-06-13,0.0,0.3469271659851074,0.0,6.191539764404297
I,8,8,2025-04-25,2025-06-20,2.0,0.6974836587905884,0.0,6.542096138000488
I,8,8,2025-05-02,2025-06-27,2.0,0.8496620655059814,0.0,6.69427490234375
I,8,8,2025-05-09,2025-07-04,2.0,0.8686143159866333,0.0,6.713226795196533
I,8,8,2025-05-16,2025-07-11,2.0,1.4141218662261963,0.0,7.258734703063965
I,8,8,2025-05-23,2025-07-18,2.0,2.171261787414551,0.0,8.015874862670898
I,8,8,2025-05-30,2025-07-25,4.0,2.275540590286255,0.0,8.120153427124023
I,8,8,2025-06-06,2025-08-01,16.0,3.4133429527282715,0.0,9.257955551147461
I,8,8,2025-06-13,2025-08-08,10.0,1.5964648723602295,0.0,7.44107723236084
I,8,8,2025-06-20,2025-08-15,0.0,1.954291820526123,0.0,7.7989044189453125
I,8,8,2025-06-27,2025-08-22,2.0,2.691880941390991,0.0,8.536493301391602
I,8,8,2025-07-04,2025-08-29,0.0,1.011207103729248,0.0,6.8558197021484375
I,8,8,2025-07-11,2025-09-05,,2.5171658992767334,0.0,8.361778259277344
I,8,8,2025-07-18,2025-09-12,,4.159613132476807,0.0,10.004225730895996
I,8,8,2025-07-25,2025-09-19,,1.9718310832977295,0.0,7.81644344329834
I,8,8,2025-08-01,2025-09-26,,1.510831356048584,0.0,7.355443954467773
I,8,8,2025-08-08,2025-10-03,,0.8473516702651978,0.0,6.691964149475098
I,8,8,2025-08-15,2025-10-10,,0.0,0.0,12.58665657043457
I,8,8,2025-08-22,2025-10-17,,0.052391618490219116,0.0,12.63904857635498
I,8,12,2023-02-17,2023-05-12,0.0,0.0,0.0,4.0
I,8,12,2023-02-24,2023-05-19,0.0,0.0,0.0,4.0
I,8,12,2023-03-03,2023-05-26,0.0,0.0,0.0,4.0
I,8,12,2023-03-10,2023-06-02,0.0,0.0,0.0,4.0
I,8,12,2023-03-17,2023-06-09,1.0,0.0,0.0,4.0
I,8,12,2023-03-24,2023-06-16,0.0,0.0,0.0,4.0
I,8,12,2023-03-31,2023-06-23,1.0,0.0,0.0,4.0
I,8,12,2023-04-07,2023-06-30,0.0,0.0,0.0,4.0
I,8,12,2023-04-14,2023-07-07,0.0,0.0,0.0,4.0
I,8,12,2023-04-21,2023-07-14,0.0,0.0,0.0,4.0
I,8,12,2023-04-28,2023-07-21,0.0,0.0,0.0,4.0
I,8,12,2023-05-05,2023-07-28,5.0,0.0,0.0,4.0
I,8,12,2023-05-12,2023-08-04,2.0,0.0,0.0,4.0
I,8,12,2023-05-19,2023-08-11,10.0,0.0,0.0,4.0
I,8,12,2023-05-26,2023-08-18,4.0,0.0,0.0,4.0
I,8,12,2023-06-02,2023-08-25,3.0,0.0,0.0,4.0
I,8,12,2023-06-09,2023-09-01,1.0,0.0,0.0,4.0
I,8,12,2023-06-16,2023-09-08,1.0,0.0,0.0,4.0
I,8,12,2023-06-23,2023-09-15,5.0,0.0,0.0,4.0
I,8,12,2023-06-30,2023-09-22,4.0,0.0,0.0,4.0
I,8,12,2023-07-07,2023-09-29,2.0,0.0,0.0,4.0
I,8,12,2023-07-14,2023-10-06,1.0,0.0,0.0,4.0
I,8,12,2023-07-21,2023-10-13,0.0,0.0,0.0,4.0
I,8,12,2023-07-28,2023-10-20,1.0,0.0,0.0,4.0
I,8,12,2023-08-04,2023-10-27,0.0,0.0,0.0,4.0
I,8,12,2023-08-11,2023-11-03,2.0,0.0,0.0,5.0
I,8,12,2023-08-18,2023-11-10,0.0,0.0,0.0,5.0
I,8,12,2023-08-25,2023-11-17,0.0,0.0,0.0,10.0
I,8,12,2023-09-01,2023-11-24,0.0,0.0,0.0,10.0
I,8,12,2023-09-08,2023-12-01,0.0,0.0,0.0,10.0
I,8,12,2023-09-15,2023-12-08,1.0,0.0,0.0,10.0
I,8,12,2023-09-22,2023-12-15,1.0,0.0,0.0,10.0
I,8,12,2023-09-29,2023-12-22,0.0,0.0,0.0,10.0
I,8,12,2023-10-06,2023-12-29,0.0,0.0,0.0,10.0
I,8,12,2023-10-13,2024-01-05,1.0,0.0,0.0,10.0
I,8,12,2023-10-20,2024-01-12,0.0,0.0,0.0,10.0
I,8,12,2023-10-27,2024-01-19,0.0,0.0,0.0,10.0
I,8,12,2023-11-03,2024-01-26,0.0,0.0,0.0,10.0
I,8,12,2023-11-10,2024-02-02,1.0,0.0,0.0,10.0
I,8,12,2023-11-17,2024-02-09,0.0,0.0,0.0,10.0
I,8,12,2023-11-24,2024-02-16,0.0,0.0,0.0,10.0
I,8,12,2023-12-01,2024-02-23,0.0,0.0,0.0,10.0
I,8,12,2023-12-08,2024-03-01,0.0,0.0,0.0,10.0
I,8,12,2023-12-15,2024-03-08,0.0,0.0,0.0,10.0
I,8,12,2023-12-22,2024-03-15,0.0,0.0,0.0,10.0
I,8,12,2023-12-29,2024-03-22,0.0,0.0,0.0,10.0
I,8,12,2024-01-05,2024-03-29,1.0,0.0,0.0,10.0
I,8,12,2024-01-12,2024-04-05,0.0,0.0,0.0,10.0
I,8,12,2024-01-19,2024-04-12,0.0,0.0,0.0,10.0
I,8,12,2024-01-26,2024-04-19,0.0,0.0,0.0,10.0
I,8,12,2024-02-02,2024-04-26,0.0,0.0,0.0,10.0
I,8,12,2024-02-09,2024-05-03,0.0,0.0,0.0,10.0
I,8,12,2024-02-16,2024-05-10,0.0,0.0,0.0,10.0
I,8,12,2024-02-23,2024-05-17,0.0,0.0,0.0,10.0
I,8,12,2024-03-01,2024-05-24,0.0,0.0,0.0,10.0
I,8,12,2024-03-08,2024-05-31,0.0,0.0,0.0,10.0
I,8,12,2024-03-15,2024-06-07,2.0,0.0,0.0,10.0
I,8,12,2024-03-22,2024-06-14,0.0,0.0,0.0,10.0
I,8,12,2024-03-29,2024-06-21,0.0,0.0,0.0,10.0
I,8,12,2024-04-05,2024-06-28,3.0,0.0,0.0,10.0
I,8,12,2024-04-12,2024-07-05,1.0,0.0,0.0,10.0
I,8,12,2024-04-19,2024-07-12,3.0,0.0,0.0,10.0
I,8,12,2024-04-26,2024-07-19,2.0,0.0,0.0,10.0
I,8,12,2024-05-03,2024-07-26,2.0,0.0,0.0,10.0
I,8,12,2024-05-10,2024-08-02,9.0,0.0,0.0,10.0
I,8,12,2024-05-17,2024-08-09,8.0,0.0,0.0,10.0
I,8,12,2024-05-24,2024-08-16,5.0,0.0,0.0,10.0
I,8,12,2024-05-31,2024-08-23,2.0,0.0,0.0,10.0
I,8,12,2024-06-07,2024-08-30,0.0,0.0,0.0,10.0
I,8,12,2024-06-14,2024-09-06,2.0,0.0,0.0,10.0
I,8,12,2024-06-21,2024-09-13,4.0,0.0,0.0,10.0
I,8,12,2024-06-28,2024-09-20,2.0,0.0,0.0,10.0
I,8,12,2024-07-05,2024-09-27,0.0,0.0,0.0,10.0
I,8,12,2024-07-12,2024-10-04,1.0,0.0,0.0,10.0
I,8,12,2024-07-19,2024-10-11,0.0,0.0,0.0,10.0
I,8,12,2024-07-26,2024-10-18,1.0,0.0,0.0,10.0
I,8,12,2024-08-02,2024-10-25,4.0,0.0,0.0,10.0
I,8,12,2024-08-09,2024-11-01,2.0,0.0,0.0,10.0
I,8,12,2024-08-16,2024-11-08,1.0,0.0,0.0,10.0
I,8,12,2024-08-23,2024-11-15,0.0,0.0,0.0,9.0
I,8,12,2024-08-30,2024-11-22,0.0,0.0,0.0,9.0
I,8,12,2024-09-06,2024-11-29,0.0,0.0,0.0,9.0
I,8,12,2024-09-13,2024-12-06,0.0,0.0,0.0,9.0
I,8,12,2024-09-20,2024-12-13,0.0,0.0,0.0,9.0
I,8,12,2024-09-27,2024-12-20,1.0,0.0,0.0,9.0
I,8,12,2024-10-04,2024-12-27,0.0,0.0,0.0,9.0
I,8,12,2024-10-11,2025-01-03,0.0,0.0,0.0,9.0
I,8,12,2024-10-18,2025-01-10,0.0,0.0,0.0,9.0
I,8,12,2024-10-25,2025-01-17,0.0,0.0,0.0,9.0
I,8,12,2024-11-01,2025-01-24,0.0,0.0,0.0,9.0
I,8,12,2024-11-08,2025-01-31,0.0,0.0,0.0,9.0
I,8,12,2024-11-15,2025-02-07,0.0,0.0,0.0,9.0
I,8,12,2024-11-22,2025-02-14,0.0,0.0,0.0,9.0
I,8,12,2024-11-29,2025-02-21,0.0,0.0,0.0,9.0
I,8,12,2024-12-06,2025-02-28,1.0,0.0,0.0,9.0
I,8,12,2024-12-13,2025-03-07,0.0,0.0,0.0,9.0
I,8,12,2024-12-20,2025-03-14,0.0,0.0,0.0,9.0
I,8,12,2024-12-27,2025-03-21,1.0,0.0,0.0,9.0
I,8,12,2025-01-03,2025-03-28,1.0,0.0,0.0,9.0
I,8,12,2025-01-10,2025-04-04,0.0,0.0,0.0,9.0
I,8,12,2025-01-17,2025-04-11,0.0,0.0,0.0,9.0
I,8,12,2025-01-24,2025-04-18,1.0,0.0,0.0,9.0
I,8,12,2025-01-31,2025-04-25,1.0,0.0,0.0,9.0
I,8,12,2025-02-07,2025-05-02,0.0,0.0,0.0,9.0
I,8,12,2025-02-14,2025-05-09,1.0,0.0,0.0,9.0
I,8,12,2025-02-21,2025-05-16,1.0,0.0,0.0,9.0
I,8,12,2025-02-28,2025-05-23,1.0,0.0,0.0,9.0
I,8,12,2025-03-07,2025-05-30,0.0,0.0,0.0,9.0
I,8,12,2025-03-14,2025-06-06,0.0,0.0,0.0,9.0
I,8,12,2025-03-21,2025-06-13,0.0,0.0,0.0,9.0
I,8,12,2025-03-28,2025-06-20,2.0,0.0,0.0,9.0
I,8,12,2025-04-04,2025-06-27,2.0,0.0,0.0,9.0
I,8,12,2025-04-11,2025-07-04,2.0,0.0,0.0,9.0
I,8,12,2025-04-18,2025-07-11,2.0,0.0,0.0,9.0
I,8,12,2025-04-25,2025-07-18,2.0,0.0,0.0,9.0
I,8,12,2025-05-02,2025-07-25,4.0,0.0,0.0,9.0
I,8,12,2025-05-09,2025-08-01,16.0,0.0,0.0,9.0
I,8,12,2025-05-16,2025-08-08,10.0,0.0,0.0,9.0
I,8,12,2025-05-23,2025-08-15,0.0,0.0,0.0,9.0
I,8,12,2025-05-30,2025-08-22,2.0,0.0,0.0,9.0
I,8,12,2025-06-06,2025-08-29,0.0,0.0,0.0,9.0
I,8,12,2025-06-13,2025-09-05,,0.0,0.0,9.0
I,8,12,2025-06-20,2025-09-12,,0.0,0.0,9.0
I,8,12,2025-06-27,2025-09-19,,0.0,0.0,9.0
I,8,12,2025-07-04,2025-09-26,,0.0,0.0,9.0
I,8,12,2025-07-11,2025-10-03,,0.0,0.0,9.0
I,8,12,2025-07-18,2025-10-10,,0.0,0.0,9.0
I,8,12,2025-07-25,2025-10-17,,0.0,0.0,9.0
I,8,12,2025-08-01,2025-10-24,,0.0,0.0,9.0
I,8,12,2025-08-08,2025-10-31,,0.0,0.0,9.0
I,8,12,2025-08-15,2025-11-07,,0.0,0.0,16.0
I,8,12,2025-08-22,2025-11-14,,0.0,0.0,16.0
J,9,1,2023-02-17,2023-02-24,0.0,0.0,0.0,2.0
J,9,1,2023-02-24,2023-03-03,0.0,0.0,0.0,2.0
J,9,1,2023-03-03,2023-03-10,1.0,0.0,0.0,2.0
J,9,1,2023-03-10,2023-03-17,0.0,0.0,0.0,2.0
J,9,1,2023-03-17,2023-03-24,0.0,0.0,0.0,2.0
J,9,1,2023-03-24,2023-03-31,0.0,0.0,0.0,2.0
J,9,1,2023-03-31,2023-04-07,0.0,0.0,0.0,2.0
J,9,1,2023-04-07,2023-04-14,0.0,0.0,0.0,2.0
J,9,1,2023-04-14,2023-04-21,1.0,0.0,0.0,2.0
J,9,1,2023-04-21,2023-04-28,0.0,0.0,0.0,2.0
J,9,1,2023-04-28,2023-05-05,0.0,0.0,0.0,2.0
J,9,1,2023-05-05,2023-05-12,0.0,0.0,0.0,2.0
J,9,1,2023-05-12,2023-05-19,0.0,0.0,0.0,2.0
J,9,1,2023-05-19,2023-05-26,1.0,0.0,0.0,2.0
J,9,1,2023-05-26,2023-06-02,0.0,0.22155161201953888,0.0,2.2215516567230225
J,9,1,2023-06-02,2023-06-09,0.0,0.2753586769104004,0.0,2.2753586769104004
J,9,1,2023-06-09,2023-06-16,0.0,0.47704118490219116,0.0,2.477041244506836
J,9,1,2023-06-16,2023-06-23,0.0,0.8367699980735779,0.2899446487426758,2.8367700576782227
J,9,1,2023-06-23,2023-06-30,0.0,0.0,0.0,2.0
J,9,1,2023-06-30,2023-07-07,0.0,0.0,0.0,2.0
J,9,1,2023-07-07,2023-07-14,0.0,0.0,0.0,2.0
J,9,1,2023-07-14,2023-07-21,0.0,0.7732619643211365,0.0,2.7732620239257812
J,9,1,2023-07-21,2023-07-28,2.0,1.4552626609802246,0.6184926629066467,3.4552626609802246
J,9,1,2023-07-28,2023-08-04,3.0,3.9778449535369873,3.1410748958587646,5.977845191955566
J,9,1,2023-08-04,2023-08-11,9.0,3.6219818592071533,2.7852118015289307,5.621981620788574
J,9,1,2023-08-11,2023-08-18,6.0,0.9966254234313965,0.1598554253578186,2.9966254234313965
J,9,1,2023-08-18,2023-08-25,1.0,0.3973628878593445,0.0,2.3973629474639893
J,9,1,2023-08-25,2023-09-01,1.0,1.5091986656188965,0.5313537120819092,6.887217044830322
J,9,1,2023-09-01,2023-09-08,3.0,3.2418015003204346,2.2639565467834473,8.619819641113281
J,9,1,2023-09-08,2023-09-15,5.0,3.039180040359497,2.0613350868225098,8.417198181152344
J,9,1,2023-09-15,2023-09-22,0.0,0.5298641920089722,0.0,5.9078826904296875
J,9,1,2023-09-22,2023-09-29,3.0,0.0,0.0,5.378018379211426
J,9,1,2023-09-29,2023-10-06,3.0,2.0963985919952393,1.118553638458252,7.474416732788086
J,9,1,2023-10-06,2023-10-13,4.0,2.433119058609009,1.4552741050720215,7.8111371994018555
J,9,1,2023-10-13,2023-10-20,0.0,0.20977406203746796,0.0,5.58779239654541
J,9,1,2023-10-20,2023-10-27,0.0,0.0,0.0,5.378018379211426
J,9,1,2023-10-27,2023-11-03,1.0,0.0,0.0,5.378018379211426
J,9,1,2023-11-03,2023-11-10,0.0,0.6650006175041199,0.0,6.043018817901611
J,9,1,2023-11-10,2023-11-17,1.0,0.2911851406097412,0.0,5.669203758239746
J,9,1,2023-11-17,2023-11-24,0.0,0.0,0.0,5.378018379211426
J,9,1,2023-11-24,2023-12-01,0.0,0.0,0.0,5.378018379211426
J,9,1,2023-12-01,2023-12-08,0.0,0.17858074605464935,0.0,5.556599140167236
J,9,1,2023-12-08,2023-12-15,0.0,0.0,0.0,5.378018379211426
J,9,1,2023-12-15,2023-12-22,0.0,0.0,0.0,5.378018379211426
J,9,1,2023-12-22,2023-12-29,0.0,0.0,0.0,5.378018379211426
J,9,1,2023-12-29,2024-01-05,0.0,0.0,0.0,5.378018379211426
J,9,1,2024-01-05,2024-01-12,0.0,0.0,0.0,5.378018379211426
J,9,1,2024-01-12,2024-01-19,0.0,0.0,0.0,5.378018379211426
J,9,1,2024-01-19,2024-01-26,1.0,0.0,0.0,5.378018379211426
J,9,1,2024-01-26,2024-02-02,0.0,0.0,0.0,5.378018379211426
J,9,1,2024-02-02,2024-02-09,0.0,0.0,0.0,5.378018379211426
J,9,1,2024-02-09,2024-02-16,0.0,0.0,0.0,5.378018379211426
J,9,1,2024-02-16,2024-02-23,0.0,0.0,0.0,5.378018379211426
J,9,1,2024-02-23,2024-03-01,0.0,0.0,0.0,5.378018379211426
J,9,1,2024-03-01,2024-03-08,0.0,0.0,0.0,5.378018379211426
J,9,1,2024-03-08,2024-03-15,0.0,0.0,0.0,5.378018379211426
J,9,1,2024-03-15,2024-03-22,0.0,0.0,0.0,5.378018379211426
J,9,1,2024-03-22,2024-03-29,2.0,0.0,0.0,5.378018379211426
J,9,1,2024-03-29,2024-04-05,0.0,0.0,0.0,5.378018379211426
J,9,1,2024-04-05,2024-04-12,0.0,0.0,0.0,5.378018379211426
J,9,1,2024-04-12,2024-04-19,0.0,0.0,0.0,5.378018379211426
J,9,1,2024-04-19,2024-04-26,0.0,0.0,0.0,5.378018379211426
J,9,1,2024-04-26,2024-05-03,0.0,0.0,0.0,5.378018379211426
J,9,1,2024-05-03,2024-05-10,1.0,0.0,0.0,5.378018379211426
J,9,1,2024-05-10,2024-05-17,0.0,0.0,0.0,5.378018379211426
J,9,1,2024-05-17,2024-05-24,1.0,0.0,0.0,5.378018379211426
J,9,1,2024-05-24,2024-05-31,2.0,0.8959493637084961,0.0,6.273967742919922
J,9,1,2024-05-31,2024-06-07,0.0,1.0547096729278564,0.07686471939086914,6.432727813720703
J,9,1,2024-06-07,2024-06-14,0.0,0.0,0.0,5.378018379211426
J,9,1,2024-06-14,2024-06-21,1.0,0.283705472946167,0.0,5.661724090576172
J,9,1,2024-06-21,2024-06-28,0.0,0.7525176405906677,0.0,6.130536079406738
J,9,1,2024-06-28,2024-07-05,1.0,0.5771341323852539,0.0,5.95515251159668
J,9,1,2024-07-05,2024-07-12,0.0,0.11740891635417938,0.0,5.495427131652832
J,9,1,2024-07-12,2024-07-19,1.0,0.2340765744447708,0.0,5.612094879150391
J,9,1,2024-07-19,2024-07-26,8.0,2.752643346786499,1.6979336738586426,8.130661964416504
J,9,1,2024-07-26,2024-08-02,5.0,4.863692283630371,3.8089826107025146,10.241710662841797
J,9,1,2024-08-02,2024-08-09,13.0,2.2881693840026855,1.233459711074829,7.666187763214111
J,9,1,2024-08-09,2024-08-16,3.0,3.383225679397583,2.3285160064697266,8.76124382019043
J,9,1,2024-08-16,2024-08-23,4.0,1.0741703510284424,0.019460678100585938,6.452188491821289
J,9,1,2024-08-23,2024-08-30,5.0,2.6365809440612793,1.5818712711334229,13.348411560058594
J,9,1,2024-08-30,2024-09-06,5.0,4.877676486968994,3.8229668140411377,15.589506149291992
J,9,1,2024-09-06,2024-09-13,6.0,6.6843695640563965,5.629659652709961,17.39620018005371
J,9,1,2024-09-13,2024-09-20,11.0,7.673918724060059,6.619209289550781,18.38574981689453
J,9,1,2024-09-20,2024-09-27,4.0,6.546515941619873,5.4918060302734375,17.258346557617188
J,9,1,2024-09-27,2024-10-04,0.0,4.622862815856934,3.568153142929077,15.33469295501709
J,9,1,2024-10-04,2024-10-11,1.0,3.891386032104492,2.8366763591766357,14.603216171264648
J,9,1,2024-10-11,2024-10-18,2.0,0.2285114973783493,0.0,10.94034194946289
J,9,1,2024-10-18,2024-10-25,1.0,1.9711283445358276,0.0,12.682958602905273
J,9,1,2024-10-25,2024-11-01,1.0,3.9911015033721924,0.0,14.70293140411377
J,9,1,2024-11-01,2024-11-08,8.0,2.415257215499878,0.0,13.127087593078613
J,9,1,2024-11-08,2024-11-15,0.0,2.4515061378479004,0.0,13.163335800170898
J,9,1,2024-11-15,2024-11-22,0.0,0.5526083707809448,0.0,11.26443862915039
J,9,1,2024-11-22,2024-11-29,1.0,0.0,0.0,10.711830139160156
J,9,1,2024-11-29,2024-12-06,0.0,0.0,0.0,10.711830139160156
J,9,1,2024-12-06,2024-12-13,1.0,0.07264634966850281,0.0,10.784476280212402
J,9,1,2024-12-13,2024-12-20,0.0,0.9035487174987793,0.0,11.615379333496094
J,9,1,2024-12-20,2024-12-27,0.0,0.25601130723953247,0.0,10.967841148376465
J,9,1,2024-12-27,2025-01-03,0.0,0.2537880539894104,0.0,10.965618133544922
J,9,1,2025-01-03,2025-01-10,0.0,0.0,0.0,10.711830139160156
J,9,1,2025-01-10,2025-01-17,1.0,0.0,0.0,10.711830139160156
J,9,1,2025-01-17,2025-01-24,0.0,0.0,0.0,10.711830139160156
J,9,1,2025-01-24,2025-01-31,1.0,0.0,0.0,10.711830139160156
J,9,1,2025-01-31,2025-02-07,0.0,0.0,0.0,10.711830139160156
J,9,1,2025-02-07,2025-02-14,2.0,0.0,0.0,10.711830139160156
J,9,1,2025-02-14,2025-02-21,0.0,0.0,0.0,10.711830139160156
J,9,1,2025-02-21,2025-02-28,0.0,0.0,0.0,10.711830139160156
J,9,1,2025-02-28,2025-03-07,1.0,0.0,0.0,10.711830139160156
J,9,1,2025-03-07,2025-03-14,0.0,0.0,0.0,10.711830139160156
J,9,1,2025-03-14,2025-03-21,0.0,0.0,0.0,10.711830139160156
J,9,1,2025-03-21,2025-03-28,0.0,0.0,0.0,10.711830139160156
J,9,1,2025-03-28,2025-04-04,0.0,0.0,0.0,10.711830139160156
J,9,1,2025-04-04,2025-04-11,0.0,0.0,0.0,10.711830139160156
J,9,1,2025-04-11,2025-04-18,0.0,0.0,0.0,10.711830139160156
J,9,1,2025-04-18,2025-04-25,0.0,0.0,0.0,10.711830139160156
J,9,1,2025-04-25,2025-05-02,0.0,0.0,0.0,10.711830139160156
J,9,1,2025-05-02,2025-05-09,0.0,0.0,0.0,10.711830139160156
J,9,1,2025-05-09,2025-05-16,1.0,0.0,0.0,10.711830139160156
J,9,1,2025-05-16,2025-05-23,0.0,0.0,0.0,10.711830139160156
J,9,1,2025-05-23,2025-05-30,0.0,0.0,0.0,10.711830139160156
J,9,1,2025-05-30,2025-06-06,1.0,0.3522428274154663,0.0,11.064072608947754
J,9,1,2025-06-06,2025-06-13,1.0,2.6021382808685303,0.0,13.313968658447266
J,9,1,2025-06-13,2025-06-20,0.0,1.4381688833236694,0.0,12.149998664855957
J,9,1,2025-06-20,2025-06-27,0.0,0.0,0.0,10.711830139160156
J,9,1,2025-06-27,2025-07-04,2.0,0.0,0.0,10.711830139160156
J,9,1,2025-07-04,2025-07-11,3.0,1.734627604484558,0.0,12.446457862854004
J,9,1,2025-07-11,2025-07-18,9.0,1.9578179121017456,0.0,12.669648170471191
J,9,1,2025-07-18,2025-07-25,7.0,6.237715244293213,1.6148524284362793,16.94954490661621
J,9,1,2025-07-25,2025-08-01,25.0,8.539128303527832,3.9162654876708984,19.250957489013672
J,9,1,2025-08-01,2025-08-08,24.0,13.312772750854492,8.689909934997559,24.02460289001465
J,9,1,2025-08-08,2025-08-15,1.0,9.10808277130127,4.485219955444336,19.81991195678711
J,9,1,2025-08-15,2025-08-22,0.0,1.1677042245864868,0.0,17.628576278686523
J,9,1,2025-08-22,2025-08-29,1.0,2.2712626457214355,0.0,18.732135772705078
J,9,2,2023-02-17,2023-03-03,0.0,0.0,0.0,1.6515355110168457
J,9,2,2023-02-24,2023-03-10,1.0,0.0,0.0,1.6515355110168457
J,9,2,2023-03-03,2023-03-17,0.0,0.0,0.0,1.6515355110168457
J,9,2,2023-03-10,2023-03-24,0.0,0.0,0.0,1.6515355110168457
J,9,2,2023-03-17,2023-03-31,0.0,0.0,0.0,1.6515355110168457
J,9,2,2023-03-24,2023-04-07,0.0,0.0,0.0,1.6515355110168457
J,9,2,2023-03-31,2023-04-14,0.0,0.0,0.0,1.6515355110168457
J,9,2,2023-04-07,2023-04-21,1.0,0.0,0.0,1.6515355110168457
J,9,2,2023-04-14,2023-04-28,0.0,0.0,0.0,1.6515355110168457
J,9,2,2023-04-21,2023-05-05,0.0,0.0,0.0,1.6515355110168457
J,9,2,2023-04-28,2023-05-12,0.0,0.0,0.0,1.6515355110168457
J,9,2,2023-05-05,2023-05-19,0.0,0.0,0.0,1.6515355110168457
J,9,2,2023-05-12,2023-05-26,1.0,0.3214106559753418,0.0,1.9729461669921875
J,9,2,2023-05-19,2023-06-02,0.0,0.37065619230270386,0.0,2.0221917629241943
J,9,2,2023-05-26,2023-06-09,0.0,0.7794344425201416,0.0,2.4309699535369873
J,9,2,2023-06-02,2023-06-16,0.0,0.37164124846458435,0.0,2.023176670074463
J,9,2,2023-06-09,2023-06-23,0.0,1.0935529470443726,0.0,2.745088577270508
J,9,2,2023-06-16,2023-06-30,0.0,0.7739193439483643,0.0,2.42545485496521
J,9,2,2023-06-23,2023-07-07,0.0,0.5662932395935059,0.0,2.2178287506103516
J,9,2,2023-06-30,2023-07-14,0.0,0.2548752725124359,0.0,1.906410813331604
J,9,2,2023-07-07,2023-07-21,0.0,0.5615612864494324,0.0,2.213096857070923
J,9,2,2023-07-14,2023-07-28,2.0,2.0426104068756104,0.8544174432754517,3.694145917892456
J,9,2,2023-07-21,2023-08-04,3.0,2.0489442348480225,0.8607512712478638,3.700479745864868
J,9,2,2023-07-28,2023-08-11,9.0,3.6524243354797363,2.464231491088867,5.303959846496582
J,9,2,2023-08-04,2023-08-18,6.0,1.86668860912323,0.6784956455230713,3.5182242393493652
J,9,2,2023-08-11,2023-08-25,1.0,0.46095213294029236,0.0,2.112487554550171
J,9,2,2023-08-18,2023-09-01,1.0,1.2150065898895264,0.026813626289367676,2.866542100906372
J,9,2,2023-08-25,2023-09-08,3.0,3.1666877269744873,1.9784947633743286,8.514263153076172
J,9,2,2023-09-01,2023-09-15,5.0,3.82486629486084,2.6366734504699707,9.172441482543945
J,9,2,2023-09-08,2023-09-22,0.0,2.763528347015381,1.5753353834152222,8.111104011535645
J,9,2,2023-09-15,2023-09-29,3.0,1.0106699466705322,0.0,6.358245849609375
J,9,2,2023-09-22,2023-10-06,3.0,1.9480785131454468,0.7598855495452881,7.295654296875
J,9,2,2023-09-29,2023-10-13,4.0,3.1709156036376953,1.9827226400375366,8.518491744995117
J,9,2,2023-10-06,2023-10-20,0.0,1.119637131690979,0.0,6.467212677001953
J,9,2,2023-10-13,2023-10-27,0.0,0.44359201192855835,0.0,5.791167736053467
J,9,2,2023-10-20,2023-11-03,1.0,0.3748971223831177,0.0,5.722472667694092
J,9,2,2023-10-27,2023-11-10,0.0,0.5992631316184998,0.0,5.946838855743408
J,9,2,2023-11-03,2023-11-17,1.0,0.4559859037399292,0.0,5.803561687469482
J,9,2,2023-11-10,2023-11-24,0.0,0.2395097017288208,0.0,5.587085247039795
J,9,2,2023-11-17,2023-12-01,0.0,0.0,0.0,5.347575664520264
J,9,2,2023-11-24,2023-12-08,0.0,0.032142024487257004,0.0,5.379717826843262
J,9,2,2023-12-01,2023-12-15,0.0,0.10300880670547485,0.0,5.450584411621094
J,9,2,2023-12-08,2023-12-22,0.0,0.0,0.0,5.347575664520264
J,9,2,2023-12-15,2023-12-29,0.0,0.03646136447787285,0.0,5.384037017822266
J,9,2,2023-12-22,2024-01-05,0.0,0.2840726971626282,0.0,5.631648540496826
J,9,2,2023-12-29,2024-01-12,0.0,0.0,0.0,5.347575664520264
J,9,2,2024-01-05,2024-01-19,0.0,0.0,0.0,5.347575664520264
J,9,2,2024-01-12,2024-01-26,1.0,0.25807201862335205,0.0,5.605647563934326
J,9,2,2024-01-19,2024-02-02,0.0,0.0,0.0,5.347575664520264
J,9,2,2024-01-26,2024-02-09,0.0,0.0,0.0,5.347575664520264
J,9,2,2024-02-02,2024-02-16,0.0,0.0,0.0,5.347575664520264
J,9,2,2024-02-09,2024-02-23,0.0,0.0,0.0,5.347575664520264
J,9,2,2024-02-16,2024-03-01,0.0,0.0,0.0,5.347575664520264
J,9,2,2024-02-23,2024-03-08,0.0,0.0,0.0,5.347575664520264
J,9,2,2024-03-01,2024-03-15,0.0,0.0,0.0,5.347575664520264
J,9,2,2024-03-08,2024-03-22,0.0,0.0,0.0,5.347575664520264
J,9,2,2024-03-15,2024-03-29,2.0,0.0,0.0,5.347575664520264
J,9,2,2024-03-22,2024-04-05,0.0,0.0,0.0,5.347575664520264
J,9,2,2024-03-29,2024-04-12,0.0,0.0,0.0,5.347575664520264
J,9,2,2024-04-05,2024-04-19,0.0,0.009335648268461227,0.0,5.3569111824035645
J,9,2,2024-04-12,2024-04-26,0.0,0.0,0.0,5.347575664520264
J,9,2,2024-04-19,2024-05-03,0.0,0.010566648095846176,0.0,5.358142375946045
J,9,2,2024-04-26,2024-05-10,1.0,0.0,0.0,5.347575664520264
J,9,2,2024-05-03,2024-05-17,0.0,0.04085106775164604,0.0,5.388426780700684
J,9,2,2024-05-10,2024-05-24,1.0,0.16306371986865997,0.0,5.510639190673828
J,9,2,2024-05-17,2024-05-31,2.0,0.44433265924453735,0.0,5.791908264160156
J,9,2,2024-05-24,2024-06-07,0.0,2.087359666824341,0.0,7.434935569763184
J,9,2,2024-05-31,2024-06-14,0.0,1.1269639730453491,0.0,6.474539756774902
J,9,2,2024-06-07,2024-06-21,1.0,0.8971831202507019,0.0,6.244758605957031
J,9,2,2024-06-14,2024-06-28,0.0,1.366677165031433,0.0,6.714252948760986
J,9,2,2024-06-21,2024-07-05,1.0,2.303840398788452,0.0,7.651415824890137
J,9,2,2024-06-28,2024-07-12,0.0,1.285135269165039,0.0,6.632710933685303
J,9,2,2024-07-05,2024-07-19,1.0,0.986116349697113,0.0,6.3336920738220215
J,9,2,2024-07-12,2024-07-26,8.0,0.9242518544197083,0.0,6.271827697753906
J,9,2,2024-07-19,2024-08-02,5.0,4.0535478591918945,1.2900195121765137,9.401123046875
J,9,2,2024-07-26,2024-08-09,13.0,2.3305814266204834,0.0,7.678156852722168
J,9,2,2024-08-02,2024-08-16,3.0,1.708927869796753,0.0,7.0565032958984375
J,9,2,2024-08-09,2024-08-23,4.0,2.796449899673462,0.032921552658081055,9.872198104858398
J,9,2,2024-08-16,2024-08-30,5.0,2.6744534969329834,0.0,9.750201225280762
J,9,2,2024-08-23,2024-09-06,5.0,3.7802882194519043,1.0167598724365234,14.44970703125
J,9,2,2024-08-30,2024-09-13,6.0,5.262515544891357,2.4989871978759766,15.931934356689453
J,9,2,2024-09-06,2024-09-20,11.0,5.2099995613098145,2.4464712142944336,15.879417419433594
J,9,2,2024-09-13,2024-09-27,4.0,5.332240104675293,2.568711757659912,16.001659393310547
J,9,2,2024-09-20,2024-10-04,0.0,3.9872236251831055,1.2236952781677246,14.656641960144043
J,9,2,2024-09-27,2024-10-11,1.0,4.136905193328857,1.3733768463134766,14.806324005126953
J,9,2,2024-10-04,2024-10-18,2.0,2.2641663551330566,0.17680668830871582,12.933584213256836
J,9,2,2024-10-11,2024-10-25,1.0,1.4727904796600342,0.0,12.14220905303955
J,9,2,2024-10-18,2024-11-01,1.0,2.232002019882202,0.0,12.901420593261719
J,9,2,2024-10-25,2024-11-08,8.0,2.347421407699585,0.0,13.016839981079102
J,9,2,2024-11-01,2024-11-15,0.0,0.899827241897583,0.0,11.569245338439941
J,9,2,2024-11-08,2024-11-22,0.0,0.5079535841941833,0.0,11.177371978759766
J,9,2,2024-11-15,2024-11-29,1.0,0.16152122616767883,0.0,10.830939292907715
J,9,2,2024-11-22,2024-12-06,0.0,0.1054115891456604,0.0,10.774829864501953
J,9,2,2024-11-29,2024-12-13,1.0,0.29706627130508423,0.0,10.966485023498535
J,9,2,2024-12-06,2024-12-20,0.0,0.41510653495788574,0.0,11.084525108337402
J,9,2,2024-12-13,2024-12-27,0.0,0.21646089851856232,0.0,10.885879516601562
J,9,2,2024-12-20,2025-01-03,0.0,0.26076093316078186,0.0,10.930179595947266
J,9,2,2024-12-27,2025-01-10,0.0,0.0,0.0,10.669418334960938
J,9,2,2025-01-03,2025-01-17,1.0,0.0,0.0,10.669418334960938
J,9,2,2025-01-10,2025-01-24,0.0,0.22360797226428986,0.0,10.893026351928711
J,9,2,2025-01-17,2025-01-31,1.0,0.0,0.0,10.669418334960938
J,9,2,2025-01-24,2025-02-07,0.0,0.0,0.0,10.669418334960938
J,9,2,2025-01-31,2025-02-14,2.0,0.0,0.0,10.669418334960938
J,9,2,2025-02-07,2025-02-21,0.0,0.0,0.0,10.669418334960938
J,9,2,2025-02-14,2025-02-28,0.0,0.0,0.0,10.669418334960938
J,9,2,2025-02-21,2025-03-07,1.0,0.0,0.0,10.669418334960938
J,9,2,2025-02-28,2025-03-14,0.0,0.0,0.0,10.669418334960938
J,9,2,2025-03-07,2025-03-21,0.0,0.0,0.0,10.669418334960938
J,9,2,2025-03-14,2025-03-28,0.0,0.0,0.0,10.669418334960938
J,9,2,2025-03-21,2025-04-04,0.0,0.0,0.0,10.669418334960938
J,9,2,2025-03-28,2025-04-11,0.0,0.0,0.0,10.669418334960938
J,9,2,2025-04-04,2025-04-18,0.0,0.0,0.0,10.669418334960938
J,9,2,2025-04-11,2025-04-25,0.0,0.0,0.0,10.669418334960938
J,9,2,2025-04-18,2025-05-02,0.0,0.03587917611002922,0.0,10.705297470092773
J,9,2,2025-04-25,2025-05-09,0.0,0.24898400902748108,0.0,10.918402671813965
J,9,2,2025-05-02,2025-05-16,1.0,0.3112311363220215,0.0,10.980649948120117
J,9,2,2025-05-09,2025-05-23,0.0,0.3580080270767212,0.0,11.027426719665527
J,9,2,2025-05-16,2025-05-30,0.0,0.3201781213283539,0.0,10.989596366882324
J,9,2,2025-05-23,2025-06-06,1.0,0.40369927883148193,0.0,11.07311725616455
J,9,2,2025-05-30,2025-06-13,1.0,1.6938399076461792,0.0,12.363258361816406
J,9,2,2025-06-06,2025-06-20,0.0,2.279869794845581,0.0,12.949288368225098
J,9,2,2025-06-13,2025-06-27,0.0,0.7441881895065308,0.0,11.413606643676758
J,9,2,2025-06-20,2025-07-04,2.0,0.42357414960861206,0.0,11.092992782592773
J,9,2,2025-06-27,2025-07-11,3.0,1.3120100498199463,0.0,11.981428146362305
J,9,2,2025-07-04,2025-07-18,9.0,5.261567115783691,1.274343490600586,15.930985450744629
J,9,2,2025-07-11,2025-07-25,7.0,2.638437271118164,0.0,13.307855606079102
J,9,2,2025-07-18,2025-08-01,25.0,4.759573936462402,0.7723503112792969,15.42899227142334
J,9,2,2025-07-25,2025-08-08,24.0,5.235646724700928,1.2484230995178223,15.905065536499023
J,9,2,2025-08-01,2025-08-15,1.0,7.074254989624023,3.087031364440918,17.74367332458496
J,9,2,2025-08-08,2025-08-22,0.0,4.431795120239258,0.44457149505615234,15.101213455200195
J,9,2,2025-08-15,2025-08-29,1.0,3.263820171356201,0.0,23.50424575805664
J,9,2,2025-08-22,2025-09-05,,5.474298000335693,1.487074375152588,25.714723587036133
J,9,4,2023-02-17,2023-03-17,0.0,0.0,0.0,1.2006525993347168
J,9,4,2023-02-24,2023-03-24,0.0,0.0,0.0,1.2006525993347168
J,9,4,2023-03-03,2023-03-31,0.0,0.0,0.0,1.2006525993347168
J,9,4,2023-03-10,2023-04-07,0.0,0.0,0.0,1.2006525993347168
J,9,4,2023-03-17,2023-04-14,0.0,0.0,0.0,1.2006525993347168
J,9,4,2023-03-24,2023-04-21,1.0,0.0,0.0,1.2006525993347168
J,9,4,2023-03-31,2023-04-28,0.0,0.0,0.0,1.2006525993347168
J,9,4,2023-04-07,2023-05-05,0.0,0.0,0.0,1.2006525993347168
J,9,4,2023-04-14,2023-05-12,0.0,0.0,0.0,1.2006525993347168
J,9,4,2023-04-21,2023-05-19,0.0,0.0,0.0,1.2006525993347168
J,9,4,2023-04-28,2023-05-26,1.0,0.4016524851322174,0.0,1.6023050546646118
J,9,4,2023-05-05,2023-06-02,0.0,1.3631647825241089,0.0,2.5638175010681152
J,9,4,2023-05-12,2023-06-09,0.0,2.189265727996826,0.0,3.389918327331543
J,9,4,2023-05-19,2023-06-16,0.0,0.7695176005363464,0.0,1.970170259475708
J,9,4,2023-05-26,2023-06-23,0.0,1.2512493133544922,0.0,2.451901912689209
J,9,4,2023-06-02,2023-06-30,0.0,1.060049295425415,0.0,2.260701894760132
J,9,4,2023-06-09,2023-07-07,0.0,2.0054404735565186,0.0,3.2060930728912354
J,9,4,2023-06-16,2023-07-14,0.0,1.6336596012115479,0.0,2.8343122005462646
J,9,4,2023-06-23,2023-07-21,0.0,2.7793006896972656,0.0,3.9799532890319824
J,9,4,2023-06-30,2023-07-28,2.0,2.167754650115967,0.0,3.3684072494506836
J,9,4,2023-07-07,2023-08-04,3.0,2.1157174110412598,0.0,3.3163700103759766
J,9,4,2023-07-14,2023-08-11,9.0,4.710155010223389,0.4633808135986328,5.9108076095581055
J,9,4,2023-07-21,2023-08-18,6.0,0.7871864438056946,0.0,1.9878389835357666
J,9,4,2023-07-28,2023-08-25,1.0,1.7940105199813843,0.0,2.9946632385253906
J,9,4,2023-08-04,2023-09-01,1.0,2.0083935260772705,0.0,3.2090461254119873
J,9,4,2023-08-11,2023-09-08,3.0,2.229701280593872,0.0,3.430353879928589
J,9,4,2023-08-18,2023-09-15,5.0,4.821868896484375,2.0425682067871094,6.022521495819092
J,9,4,2023-08-25,2023-09-22,0.0,3.2500665187835693,0.4707658290863037,7.539911270141602
J,9,4,2023-09-01,2023-09-29,3.0,4.322659492492676,1.5433588027954102,9.535472869873047
J,9,4,2023-09-08,2023-10-06,3.0,7.8068647384643555,5.02756404876709,13.019678115844727
J,9,4,2023-09-15,2023-10-13,4.0,3.175924777984619,0.3966240882873535,8.388738632202148
J,9,4,2023-09-22,2023-10-20,0.0,3.575242280960083,0.7959415912628174,8.788055419921875
J,9,4,2023-09-29,2023-10-27,0.0,1.6929378509521484,0.0,6.9057512283325195
J,9,4,2023-10-06,2023-11-03,1.0,1.053575873374939,0.0,6.2663893699646
J,9,4,2023-10-13,2023-11-10,0.0,1.613316535949707,0.0,6.826129913330078
J,9,4,2023-10-20,2023-11-17,1.0,0.29784074425697327,0.0,5.510653972625732
J,9,4,2023-10-27,2023-11-24,0.0,0.5484133958816528,0.0,5.761226654052734
J,9,4,2023-11-03,2023-12-01,0.0,0.33362284302711487,0.0,5.546436309814453
J,9,4,2023-11-10,2023-12-08,0.0,0.11822539567947388,0.0,5.331038951873779
J,9,4,2023-11-17,2023-12-15,0.0,0.36379995942115784,0.0,5.576613426208496
J,9,4,2023-11-24,2023-12-22,0.0,0.4421340823173523,0.0,5.654947280883789
J,9,4,2023-12-01,2023-12-29,0.0,0.0,0.0,5.212813377380371
J,9,4,2023-12-08,2024-01-05,0.0,0.0,0.0,5.212813377380371
J,9,4,2023-12-15,2024-01-12,0.0,0.07631844282150269,0.0,5.2891316413879395
J,9,4,2023-12-22,2024-01-19,0.0,0.06294086575508118,0.0,5.275754451751709
J,9,4,2023-12-29,2024-01-26,1.0,0.0,0.0,5.212813377380371
J,9,4,2024-01-05,2024-02-02,0.0,0.0,0.0,5.212813377380371
J,9,4,2024-01-12,2024-02-09,0.0,0.0,0.0,5.212813377380371
J,9,4,2024-01-19,2024-02-16,0.0,0.0,0.0,5.212813377380371
J,9,4,2024-01-26,2024-02-23,0.0,0.0,0.0,5.212813377380371
J,9,4,2024-02-02,2024-03-01,0.0,0.0,0.0,5.212813377380371
J,9,4,2024-02-09,2024-03-08,0.0,0.0,0.0,5.212813377380371
J,9,4,2024-02-16,2024-03-15,0.0,0.0,0.0,5.212813377380371
J,9,4,2024-02-23,2024-03-22,0.0,0.0,0.0,5.212813377380371
J,9,4,2024-03-01,2024-03-29,2.0,0.0,0.0,5.212813377380371
J,9,4,2024-03-08,2024-04-05,0.0,0.0,0.0,5.212813377380371
J,9,4,2024-03-15,2024-04-12,0.0,0.0,0.0,5.212813377380371
J,9,4,2024-03-22,2024-04-19,0.0,0.0,0.0,5.212813377380371
J,9,4,2024-03-29,2024-04-26,0.0,0.0,0.0,5.212813377380371
J,9,4,2024-04-05,2024-05-03,0.0,0.0,0.0,5.212813377380371
J,9,4,2024-04-12,2024-05-10,1.0,0.0,0.0,5.212813377380371
J,9,4,2024-04-19,2024-05-17,0.0,0.0,0.0,5.212813377380371
J,9,4,2024-04-26,2024-05-24,1.0,0.4673151671886444,0.0,5.680128574371338
J,9,4,2024-05-03,2024-05-31,2.0,1.5393626689910889,0.0,6.752176284790039
J,9,4,2024-05-10,2024-06-07,0.0,3.605649948120117,0.0,8.818463325500488
J,9,4,2024-05-17,2024-06-14,0.0,3.003567934036255,0.0,8.216381072998047
J,9,4,2024-05-24,2024-06-21,1.0,3.2520430088043213,0.0,8.464856147766113
J,9,4,2024-05-31,2024-06-28,0.0,3.9787213802337646,0.0,9.191534996032715
J,9,4,2024-06-07,2024-07-05,1.0,6.000579357147217,1.1937146186828613,11.21339225769043
J,9,4,2024-06-14,2024-07-12,0.0,9.342323303222656,4.535458564758301,14.555136680603027
J,9,4,2024-06-21,2024-07-19,1.0,11.380732536315918,6.5738677978515625,16.59354591369629
J,9,4,2024-06-28,2024-07-26,8.0,6.069997310638428,1.2631325721740723,11.28281021118164
J,9,4,2024-07-05,2024-08-02,5.0,3.321500778198242,0.0,8.534314155578613
J,9,4,2024-07-12,2024-08-09,13.0,3.3497416973114014,0.0,8.562555313110352
J,9,4,2024-07-19,2024-08-16,3.0,1.5826703310012817,0.0,6.795483589172363
J,9,4,2024-07-26,2024-08-23,4.0,2.3684566020965576,0.0,7.581270217895508
J,9,4,2024-08-02,2024-08-30,5.0,4.186155796051025,0.0,9.398969650268555
J,9,4,2024-08-09,2024-09-06,5.0,8.139348983764648,0.0,13.35216236114502
J,9,4,2024-08-16,2024-09-13,6.0,7.92644739151001,0.0,13.139261245727539
J,9,4,2024-08-23,2024-09-20,11.0,8.639427185058594,0.0,18.289684295654297
J,9,4,2024-08-30,2024-09-27,4.0,6.8310956954956055,0.0,16.481353759765625
J,9,4,2024-09-06,2024-10-04,0.0,5.601662635803223,0.0,15.251920700073242
J,9,4,2024-09-13,2024-10-11,1.0,4.885222434997559,0.0,14.535480499267578
J,9,4,2024-09-20,2024-10-18,2.0,3.086484670639038,0.0,12.736742973327637
J,9,4,2024-09-27,2024-10-25,1.0,3.618706226348877,0.0,13.268964767456055
J,9,4,2024-10-04,2024-11-01,1.0,2.6756935119628906,0.0,12.32595157623291
J,9,4,2024-10-11,2024-11-08,8.0,1.8369721174240112,0.0,11.48723030090332
J,9,4,2024-10-18,2024-11-15,0.0,1.451229453086853,0.0,11.101487159729004
J,9,4,2024-10-25,2024-11-22,0.0,0.4065851867198944,0.0,10.056842803955078
J,9,4,2024-11-01,2024-11-29,1.0,0.0,0.0,9.65025806427002
J,9,4,2024-11-08,2024-12-06,0.0,0.0,0.0,9.65025806427002
J,9,4,2024-11-15,2024-12-13,1.0,0.0,0.0,9.65025806427002
J,9,4,2024-11-22,2024-12-20,0.0,0.0,0.0,9.65025806427002
J,9,4,2024-11-29,2024-12-27,0.0,0.0,0.0,9.65025806427002
J,9,4,2024-12-06,2025-01-03,0.0,0.0,0.0,9.65025806427002
J,9,4,2024-12-13,2025-01-10,0.0,0.0,0.0,9.65025806427002
J,9,4,2024-12-20,2025-01-17,1.0,0.0,0.0,9.65025806427002
J,9,4,2024-12-27,2025-01-24,0.0,0.0926821231842041,0.0,9.742939949035645
J,9,4,2025-01-03,2025-01-31,1.0,0.42076781392097473,0.0,10.071025848388672
J,9,4,2025-01-10,2025-02-07,0.0,0.013642361387610435,0.0,9.663900375366211
J,9,4,2025-01-17,2025-02-14,2.0,0.0,0.0,9.65025806427002
J,9,4,2025-01-24,2025-02-21,0.0,0.0,0.0,9.65025806427002
J,9,4,2025-01-31,2025-02-28,0.0,0.0,0.0,9.65025806427002
J,9,4,2025-02-07,2025-03-07,1.0,0.0,0.0,9.65025806427002
J,9,4,2025-02-14,2025-03-14,0.0,0.0,0.0,9.65025806427002
J,9,4,2025-02-21,2025-03-21,0.0,0.0,0.0,9.65025806427002
J,9,4,2025-02-28,2025-03-28,0.0,0.0,0.0,9.65025806427002
J,9,4,2025-03-07,2025-04-04,0.0,0.0,0.0,9.65025806427002
J,9,4,2025-03-14,2025-04-11,0.0,0.0,0.0,9.65025806427002
J,9,4,2025-03-21,2025-04-18,0.0,0.0,0.0,9.65025806427002
J,9,4,2025-03-28,2025-04-25,0.0,0.0,0.0,9.65025806427002
J,9,4,2025-04-04,2025-05-02,0.0,0.0,0.0,9.65025806427002
J,9,4,2025-04-11,2025-05-09,0.0,0.5113992691040039,0.0,10.161657333374023
J,9,4,2025-04-18,2025-05-16,1.0,0.5659186840057373,0.0,10.216176986694336
J,9,4,2025-04-25,2025-05-23,0.0,1.5055603981018066,0.0,11.155818939208984
J,9,4,2025-05-02,2025-05-30,0.0,0.812930703163147,0.0,10.463189125061035
J,9,4,2025-05-09,2025-06-06,1.0,1.1702258586883545,0.0,10.820484161376953
J,9,4,2025-05-16,2025-06-13,1.0,2.0056421756744385,0.0,11.655900001525879
J,9,4,2025-05-23,2025-06-20,0.0,1.8055332899093628,0.0,11.455791473388672
J,9,4,2025-05-30,2025-06-27,0.0,2.5822091102600098,0.0,12.232467651367188
J,9,4,2025-06-06,2025-07-04,2.0,1.774170994758606,0.0,11.424428939819336
J,9,4,2025-06-13,2025-07-11,3.0,3.691516876220703,0.0,13.341774940490723
J,9,4,2025-06-20,2025-07-18,9.0,4.125847816467285,0.0,13.776105880737305
J,9,4,2025-06-27,2025-07-25,7.0,6.114963054656982,0.0,15.765220642089844
J,9,4,2025-07-04,2025-08-01,25.0,7.510943412780762,0.0,17.16120147705078
J,9,4,2025-07-11,2025-08-08,24.0,4.08760404586792,0.0,13.737861633300781
J,9,4,2025-07-18,2025-08-15,1.0,4.216527462005615,0.0,13.866785049438477
J,9,4,2025-07-25,2025-08-22,0.0,2.179513454437256,0.0,11.829771041870117
J,9,4,2025-08-01,2025-08-29,1.0,3.8526742458343506,0.0,13.50293254852295
J,9,4,2025-08-08,2025-09-05,,7.309492111206055,1.707829475402832,16.95975112915039
J,9,4,2025-08-15,2025-09-12,,8.172780990600586,2.5711183547973633,25.661836624145508
J,9,4,2025-08-22,2025-09-19,,5.66957950592041,0.0679168701171875,25.581974029541016
J,9,8,2023-02-17,2023-04-14,0.0,0.0,0.0,1.3297418355941772
J,9,8,2023-02-24,2023-04-21,1.0,0.0,0.0,1.3297418355941772
J,9,8,2023-03-03,2023-04-28,0.0,0.0,0.0,1.3297418355941772
J,9,8,2023-03-10,2023-05-05,0.0,0.0,0.0,1.3297418355941772
J,9,8,2023-03-17,2023-05-12,0.0,0.0,0.0,1.3297418355941772
J,9,8,2023-03-24,2023-05-19,0.0,0.0,0.0,1.3297418355941772
J,9,8,2023-03-31,2023-05-26,1.0,0.11278505623340607,0.0,1.442526936531067
J,9,8,2023-04-07,2023-06-02,0.0,0.6807472109794617,0.0,2.010488986968994
J,9,8,2023-04-14,2023-06-09,0.0,0.8929274678230286,0.0,2.2226693630218506
J,9,8,2023-04-21,2023-06-16,0.0,0.5185641050338745,0.0,1.8483059406280518
J,9,8,2023-04-28,2023-06-23,0.0,0.5711314678192139,0.0,1.9008733034133911
J,9,8,2023-05-05,2023-06-30,0.0,0.45893755555152893,0.0,1.7886793613433838
J,9,8,2023-05-12,2023-07-07,0.0,1.3520946502685547,0.0,2.6818366050720215
J,9,8,2023-05-19,2023-07-14,0.0,1.062690258026123,0.0,2.39243221282959
J,9,8,2023-05-26,2023-07-21,0.0,0.8326520323753357,0.0,2.162393808364868
J,9,8,2023-06-02,2023-07-28,2.0,1.313856840133667,0.0,2.6435985565185547
J,9,8,2023-06-09,2023-08-04,3.0,2.8763792514801025,0.0,4.20612096786499
J,9,8,2023-06-16,2023-08-11,9.0,8.31893253326416,2.570667266845703,9.648674011230469
J,9,8,2023-06-23,2023-08-18,6.0,2.8405795097351074,0.0,4.170321464538574
J,9,8,2023-06-30,2023-08-25,1.0,3.793239116668701,0.0,5.122981071472168
J,9,8,2023-07-07,2023-09-01,1.0,3.816058874130249,0.0,5.145800590515137
J,9,8,2023-07-14,2023-09-08,3.0,4.457361698150635,0.0,5.787103652954102
J,9,8,2023-07-21,2023-09-15,5.0,1.7592732906341553,0.0,3.089015007019043
J,9,8,2023-07-28,2023-09-22,0.0,4.08744478225708,2.126628875732422,5.417186737060547
J,9,8,2023-08-04,2023-09-29,3.0,8.432279586791992,6.471463680267334,9.7620210647583
J,9,8,2023-08-11,2023-10-06,3.0,8.525433540344238,6.56461763381958,9.855175018310547
J,9,8,2023-08-18,2023-10-13,4.0,9.988137245178223,8.027320861816406,11.317878723144531
J,9,8,2023-08-25,2023-10-20,0.0,3.5586671829223633,1.597851276397705,4.88840913772583
J,9,8,2023-09-01,2023-10-27,0.0,1.87736177444458,0.0,5.036782264709473
J,9,8,2023-09-08,2023-11-03,1.0,2.090965747833252,0.0,5.2503862380981445
J,9,8,2023-09-15,2023-11-10,0.0,4.168976783752441,1.3529179096221924,7.328397274017334
J,9,8,2023-09-22,2023-11-17,1.0,2.4985077381134033,0.0,5.657928466796875
J,9,8,2023-09-29,2023-11-24,0.0,1.0693588256835938,0.0,4.310085296630859
J,9,8,2023-10-06,2023-12-01,0.0,0.35213252902030945,0.0,3.5928592681884766
J,9,8,2023-10-13,2023-12-08,0.0,0.0,0.0,3.2407267093658447
J,9,8,2023-10-20,2023-12-15,0.0,0.4015655517578125,0.0,3.6422922611236572
J,9,8,2023-10-27,2023-12-22,0.0,0.36657455563545227,0.0,3.6073012351989746
J,9,8,2023-11-03,2023-12-29,0.0,0.47792237997055054,0.0,3.71864914894104
J,9,8,2023-11-10,2024-01-05,0.0,0.6437695622444153,0.0,3.8844962120056152
J,9,8,2023-11-17,2024-01-12,0.0,0.37606000900268555,0.0,3.6167867183685303
J,9,8,2023-11-24,2024-01-19,0.0,0.0,0.0,3.2407267093658447
J,9,8,2023-12-01,2024-01-26,1.0,0.21373251080513,0.0,3.4544591903686523
J,9,8,2023-12-08,2024-02-02,0.0,0.0,0.0,3.2407267093658447
J,9,8,2023-12-15,2024-02-09,0.0,0.21167521178722382,0.0,3.452401876449585
J,9,8,2023-12-22,2024-02-16,0.0,0.3294612169265747,0.0,3.570188045501709
J,9,8,2023-12-29,2024-02-23,0.0,0.03515486419200897,0.0,3.27588152885437
J,9,8,2024-01-05,2024-03-01,0.0,0.1654759645462036,0.0,3.406202793121338
J,9,8,2024-01-12,2024-03-08,0.0,0.0,0.0,3.2407267093658447
J,9,8,2024-01-19,2024-03-15,0.0,0.0,0.0,3.2407267093658447
J,9,8,2024-01-26,2024-03-22,0.0,0.0,0.0,3.2407267093658447
J,9,8,2024-02-02,2024-03-29,2.0,0.0,0.0,3.2407267093658447
J,9,8,2024-02-09,2024-04-05,0.0,0.0,0.0,3.2407267093658447
J,9,8,2024-02-16,2024-04-12,0.0,0.0,0.0,3.2407267093658447
J,9,8,2024-02-23,2024-04-19,0.0,0.0,0.0,3.2407267093658447
J,9,8,2024-03-01,2024-04-26,0.0,0.1466684639453888,0.0,3.387395143508911
J,9,8,2024-03-08,2024-05-03,0.0,0.4735397398471832,0.0,3.714266538619995
J,9,8,2024-03-15,2024-05-10,1.0,0.6324436664581299,0.0,3.8731703758239746
J,9,8,2024-03-22,2024-05-17,0.0,0.7681825757026672,0.0,4.008909225463867
J,9,8,2024-03-29,2024-05-24,1.0,1.9574854373931885,0.0,5.198212146759033
J,9,8,2024-04-05,2024-05-31,2.0,2.0484158992767334,0.0,5.289142608642578
J,9,8,2024-04-12,2024-06-07,0.0,1.8986210823059082,0.0,5.139348030090332
J,9,8,2024-04-19,2024-06-14,0.0,1.666102409362793,0.0,4.906828880310059
J,9,8,2024-04-26,2024-06-21,1.0,1.9403316974639893,0.0,5.181058406829834
J,9,8,2024-05-03,2024-06-28,0.0,2.4518656730651855,0.0,5.692592620849609
J,9,8,2024-05-10,2024-07-05,1.0,2.7663705348968506,0.0,6.007097244262695
J,9,8,2024-05-17,2024-07-12,0.0,3.9677000045776367,0.0,7.208426475524902
J,9,8,2024-05-24,2024-07-19,1.0,5.12588357925415,0.0,8.366610527038574
J,9,8,2024-05-31,2024-07-26,8.0,3.548732280731201,0.0,6.789459228515625
J,9,8,2024-06-07,2024-08-02,5.0,4.393890380859375,0.0,7.634616851806641
J,9,8,2024-06-14,2024-08-09,13.0,7.389439582824707,1.4013023376464844,10.630166053771973
J,9,8,2024-06-21,2024-08-16,3.0,5.791688919067383,0.0,9.032415390014648
J,9,8,2024-06-28,2024-08-23,4.0,5.126570224761963,0.0,8.367297172546387
J,9,8,2024-07-05,2024-08-30,5.0,5.8759236335754395,0.0,9.116650581359863
J,9,8,2024-07-12,2024-09-06,5.0,5.46621036529541,0.0,8.706936836242676
J,9,8,2024-07-19,2024-09-13,6.0,5.7333502769470215,0.0,8.974077224731445
J,9,8,2024-07-26,2024-09-20,11.0,3.418497085571289,0.0,6.659223556518555
J,9,8,2024-08-02,2024-09-27,4.0,5.7323503494262695,0.0,8.973076820373535
J,9,8,2024-08-09,2024-10-04,0.0,12.106583595275879,6.118446350097656,16.557851791381836
J,9,8,2024-08-16,2024-10-11,1.0,4.104623317718506,0.0,8.555891036987305
J,9,8,2024-08-23,2024-10-18,2.0,3.1689281463623047,0.0,8.779488563537598
J,9,8,2024-08-30,2024-10-25,1.0,7.739880084991455,1.7517428398132324,13.350440979003906
J,9,8,2024-09-06,2024-11-01,1.0,7.8889570236206055,1.9008197784423828,13.499517440795898
J,9,8,2024-09-13,2024-11-08,8.0,7.743189811706543,1.7550525665283203,13.353750228881836
J,9,8,2024-09-20,2024-11-15,0.0,4.145867824554443,0.0,9.756427764892578
J,9,8,2024-09-27,2024-11-22,0.0,1.2972583770751953,0.0,6.907818794250488
J,9,8,2024-10-04,2024-11-29,1.0,0.9293609857559204,0.0,8.5108642578125
J,9,8,2024-10-11,2024-12-06,0.0,0.010138705372810364,0.0,7.591641426086426
J,9,8,2024-10-18,2024-12-13,1.0,1.1987249851226807,0.0,8.780227661132812
J,9,8,2024-10-25,2024-12-20,0.0,0.8246527314186096,0.0,8.406155586242676
J,9,8,2024-11-01,2024-12-27,0.0,0.19389194250106812,0.0,7.775394916534424
J,9,8,2024-11-08,2025-01-03,0.0,0.280120849609375,0.0,7.861623764038086
J,9,8,2024-11-15,2025-01-10,0.0,0.0,0.0,7.581502914428711
J,9,8,2024-11-22,2025-01-17,1.0,0.0,0.0,7.581502914428711
J,9,8,2024-11-29,2025-01-24,0.0,0.341478168964386,0.0,7.922981262207031
J,9,8,2024-12-06,2025-01-31,1.0,0.3829348385334015,0.0,7.964437961578369
J,9,8,2024-12-13,2025-02-07,0.0,0.9282647967338562,0.0,8.509767532348633
J,9,8,2024-12-20,2025-02-14,2.0,0.4102455675601959,0.0,7.991748332977295
J,9,8,2024-12-27,2025-02-21,0.0,0.0,0.0,7.581502914428711
J,9,8,2025-01-03,2025-02-28,0.0,0.0,0.0,7.581502914428711
J,9,8,2025-01-10,2025-03-07,1.0,0.0,0.0,7.581502914428711
J,9,8,2025-01-17,2025-03-14,0.0,0.0,0.0,7.581502914428711
J,9,8,2025-01-24,2025-03-21,0.0,0.0,0.0,7.581502914428711
J,9,8,2025-01-31,2025-03-28,0.0,0.0,0.0,7.581502914428711
J,9,8,2025-02-07,2025-04-04,0.0,0.0,0.0,7.581502914428711
J,9,8,2025-02-14,2025-04-11,0.0,0.0,0.0,7.581502914428711
J,9,8,2025-02-21,2025-04-18,0.0,0.0,0.0,7.581502914428711
J,9,8,2025-02-28,2025-04-25,0.0,0.0,0.0,7.581502914428711
J,9,8,2025-03-07,2025-05-02,0.0,0.028161391615867615,0.0,7.609664440155029
J,9,8,2025-03-14,2025-05-09,0.0,0.2618556320667267,0.0,7.843358516693115
J,9,8,2025-03-21,2025-05-16,1.0,0.0182361900806427,0.0,7.599739074707031
J,9,8,2025-03-28,2025-05-23,0.0,0.3271596133708954,0.0,7.90866231918335
J,9,8,2025-04-04,2025-05-30,0.0,0.0,0.0,7.581502914428711
J,9,8,2025-04-11,2025-06-06,1.0,0.0999782606959343,0.0,7.68148136138916
J,9,8,2025-04-18,2025-06-13,1.0,0.6316752433776855,0.0,8.213178634643555
J,9,8,2025-04-25,2025-06-20,0.0,2.1942994594573975,0.0,9.775802612304688
J,9,8,2025-05-02,2025-06-27,0.0,1.451237678527832,0.0,9.032740592956543
J,9,8,2025-05-09,2025-07-04,2.0,1.8478357791900635,0.0,9.429338455200195
J,9,8,2025-05-16,2025-07-11,3.0,2.9340662956237793,0.0,10.515569686889648
J,9,8,2025-05-23,2025-07-18,9.0,3.8655142784118652,0.0,11.447017669677734
J,9,8,2025-05-30,2025-07-25,7.0,4.214244365692139,0.0,11.795747756958008
J,9,8,2025-06-06,2025-08-01,25.0,4.797971248626709,0.0,12.379474639892578
J,9,8,2025-06-13,2025-08-08,24.0,2.646169900894165,0.0,10.227672576904297
J,9,8,2025-06-20,2025-08-15,1.0,2.8691134452819824,0.0,10.450616836547852
J,9,8,2025-06-27,2025-08-22,0.0,3.2778913974761963,0.0,10.859394073486328
J,9,8,2025-07-04,2025-08-29,1.0,2.4056825637817383,0.0,9.98718547821045
J,9,8,2025-07-11,2025-09-05,,2.309839963912964,0.0,9.891343116760254
J,9,8,2025-07-18,2025-09-12,,3.7384610176086426,0.0,11.319963455200195
J,9,8,2025-07-25,2025-09-19,,2.2981183528900146,0.0,9.879621505737305
J,9,8,2025-08-01,2025-09-26,,2.0243518352508545,0.0,9.605854988098145
J,9,8,2025-08-08,2025-10-03,,3.2691352367401123,0.0,10.850638389587402
J,9,8,2025-08-15,2025-10-10,,1.4866251945495605,0.0,21.68865394592285
J,9,8,2025-08-22,2025-10-17,,1.9974863529205322,0.0,23.351316452026367
J,9,12,2023-02-17,2023-05-12,0.0,0.0,0.0,2.0
J,9,12,2023-02-24,2023-05-19,0.0,0.0,0.0,2.0
J,9,12,2023-03-03,2023-05-26,1.0,0.0,0.0,2.0
J,9,12,2023-03-10,2023-06-02,0.0,0.0,0.0,2.0
J,9,12,2023-03-17,2023-06-09,0.0,0.0,0.0,2.0
J,9,12,2023-03-24,2023-06-16,0.0,0.0,0.0,2.0
J,9,12,2023-03-31,2023-06-23,0.0,0.0,0.0,2.0
J,9,12,2023-04-07,2023-06-30,0.0,0.0,0.0,2.0
J,9,12,2023-04-14,2023-07-07,0.0,0.0,0.0,2.0
J,9,12,2023-04-21,2023-07-14,0.0,0.0,0.0,2.0
J,9,12,2023-04-28,2023-07-21,0.0,0.0,0.0,2.0
J,9,12,2023-05-05,2023-07-28,2.0,0.0,0.0,2.0
J,9,12,2023-05-12,2023-08-04,3.0,0.0,0.0,2.0
J,9,12,2023-05-19,2023-08-11,9.0,0.0,0.0,2.0
J,9,12,2023-05-26,2023-08-18,6.0,0.0,0.0,2.0
J,9,12,2023-06-02,2023-08-25,1.0,0.0,0.0,2.0
J,9,12,2023-06-09,2023-09-01,1.0,0.0,0.0,2.0
J,9,12,2023-06-16,2023-09-08,3.0,0.0,0.0,2.0
J,9,12,2023-06-23,2023-09-15,5.0,0.0,0.0,2.0
J,9,12,2023-06-30,2023-09-22,0.0,0.0,0.0,2.0
J,9,12,2023-07-07,2023-09-29,3.0,0.0,0.0,2.0
J,9,12,2023-07-14,2023-10-06,3.0,0.0,0.0,2.0
J,9,12,2023-07-21,2023-10-13,4.0,0.0,0.0,2.0
J,9,12,2023-07-28,2023-10-20,0.0,0.0,0.0,2.0
J,9,12,2023-08-04,2023-10-27,0.0,0.0,0.0,2.0
J,9,12,2023-08-11,2023-11-03,1.0,0.0,0.0,2.0
J,9,12,2023-08-18,2023-11-10,0.0,0.0,0.0,3.0
J,9,12,2023-08-25,2023-11-17,1.0,0.0,0.0,9.0
J,9,12,2023-09-01,2023-11-24,0.0,0.0,0.0,9.0
J,9,12,2023-09-08,2023-12-01,0.0,0.0,0.0,9.0
J,9,12,2023-09-15,2023-12-08,0.0,0.0,0.0,9.0
J,9,12,2023-09-22,2023-12-15,0.0,0.0,0.0,9.0
J,9,12,2023-09-29,2023-12-22,0.0,0.0,0.0,9.0
J,9,12,2023-10-06,2023-12-29,0.0,0.0,0.0,9.0
J,9,12,2023-10-13,2024-01-05,0.0,0.0,0.0,9.0
J,9,12,2023-10-20,2024-01-12,0.0,0.0,0.0,9.0
J,9,12,2023-10-27,2024-01-19,0.0,0.0,0.0,9.0
J,9,12,2023-11-03,2024-01-26,1.0,0.0,0.0,9.0
J,9,12,2023-11-10,2024-02-02,0.0,0.0,0.0,9.0
J,9,12,2023-11-17,2024-02-09,0.0,0.0,0.0,9.0
J,9,12,2023-11-24,2024-02-16,0.0,0.0,0.0,9.0
J,9,12,2023-12-01,2024-02-23,0.0,0.0,0.0,9.0
J,9,12,2023-12-08,2024-03-01,0.0,0.0,0.0,9.0
J,9,12,2023-12-15,2024-03-08,0.0,0.0,0.0,9.0
J,9,12,2023-12-22,2024-03-15,0.0,0.0,0.0,9.0
J,9,12,2023-12-29,2024-03-22,0.0,0.0,0.0,9.0
J,9,12,2024-01-05,2024-03-29,2.0,0.0,0.0,9.0
J,9,12,2024-01-12,2024-04-05,0.0,0.0,0.0,9.0
J,9,12,2024-01-19,2024-04-12,0.0,0.0,0.0,9.0
J,9,12,2024-01-26,2024-04-19,0.0,0.0,0.0,9.0
J,9,12,2024-02-02,2024-04-26,0.0,0.0,0.0,9.0
J,9,12,2024-02-09,2024-05-03,0.0,0.0,0.0,9.0
J,9,12,2024-02-16,2024-05-10,1.0,0.0,0.0,9.0
J,9,12,2024-02-23,2024-05-17,0.0,0.0,0.0,9.0
J,9,12,2024-03-01,2024-05-24,1.0,0.0,0.0,9.0
J,9,12,2024-03-08,2024-05-31,2.0,0.0,0.0,9.0
J,9,12,2024-03-15,2024-06-07,0.0,0.0,0.0,9.0
J,9,12,2024-03-22,2024-06-14,0.0,0.0,0.0,9.0
J,9,12,2024-03-29,2024-06-21,1.0,0.0,0.0,9.0
J,9,12,2024-04-05,2024-06-28,0.0,0.0,0.0,9.0
J,9,12,2024-04-12,2024-07-05,1.0,0.0,0.0,9.0
J,9,12,2024-04-19,2024-07-12,0.0,0.0,0.0,9.0
J,9,12,2024-04-26,2024-07-19,1.0,0.0,0.0,9.0
J,9,12,2024-05-03,2024-07-26,8.0,0.0,0.0,9.0
J,9,12,2024-05-10,2024-08-02,5.0,0.0,0.0,9.0
J,9,12,2024-05-17,2024-08-09,13.0,0.0,0.0,9.0
J,9,12,2024-05-24,2024-08-16,3.0,0.0,0.0,9.0
J,9,12,2024-05-31,2024-08-23,4.0,0.0,0.0,9.0
J,9,12,2024-06-07,2024-08-30,5.0,0.0,0.0,9.0
J,9,12,2024-06-14,2024-09-06,5.0,0.0,0.0,9.0
J,9,12,2024-06-21,2024-09-13,6.0,0.0,0.0,9.0
J,9,12,2024-06-28,2024-09-20,11.0,0.0,0.0,9.0
J,9,12,2024-07-05,2024-09-27,4.0,0.0,0.0,9.0
J,9,12,2024-07-12,2024-10-04,0.0,0.0,0.0,9.0
J,9,12,2024-07-19,2024-10-11,1.0,0.0,0.0,9.0
J,9,12,2024-07-26,2024-10-18,2.0,0.0,0.0,9.0
J,9,12,2024-08-02,2024-10-25,1.0,0.0,0.0,9.0
J,9,12,2024-08-09,2024-11-01,1.0,0.0,0.0,9.0
J,9,12,2024-08-16,2024-11-08,8.0,0.0,0.0,9.0
J,9,12,2024-08-23,2024-11-15,0.0,0.0,0.0,13.0
J,9,12,2024-08-30,2024-11-22,0.0,0.0,0.0,13.0
J,9,12,2024-09-06,2024-11-29,1.0,0.0,0.0,13.0
J,9,12,2024-09-13,2024-12-06,0.0,0.0,0.0,13.0
J,9,12,2024-09-20,2024-12-13,1.0,0.0,0.0,13.0
J,9,12,2024-09-27,2024-12-20,0.0,0.0,0.0,13.0
J,9,12,2024-10-04,2024-12-27,0.0,0.0,0.0,13.0
J,9,12,2024-10-11,2025-01-03,0.0,0.0,0.0,13.0
J,9,12,2024-10-18,2025-01-10,0.0,0.0,0.0,13.0
J,9,12,2024-10-25,2025-01-17,1.0,0.0,0.0,13.0
J,9,12,2024-11-01,2025-01-24,0.0,0.0,0.0,13.0
J,9,12,2024-11-08,2025-01-31,1.0,0.0,0.0,13.0
J,9,12,2024-11-15,2025-02-07,0.0,0.0,0.0,13.0
J,9,12,2024-11-22,2025-02-14,2.0,0.0,0.0,13.0
J,9,12,2024-11-29,2025-02-21,0.0,0.0,0.0,13.0
J,9,12,2024-12-06,2025-02-28,0.0,0.0,0.0,13.0
J,9,12,2024-12-13,2025-03-07,1.0,0.0,0.0,13.0
J,9,12,2024-12-20,2025-03-14,0.0,0.0,0.0,13.0
J,9,12,2024-12-27,2025-03-21,0.0,0.0,0.0,13.0
J,9,12,2025-01-03,2025-03-28,0.0,0.0,0.0,13.0
J,9,12,2025-01-10,2025-04-04,0.0,0.0,0.0,13.0
J,9,12,2025-01-17,2025-04-11,0.0,0.0,0.0,13.0
J,9,12,2025-01-24,2025-04-18,0.0,0.0,0.0,13.0
J,9,12,2025-01-31,2025-04-25,0.0,0.0,0.0,13.0
J,9,12,2025-02-07,2025-05-02,0.0,0.0,0.0,13.0
J,9,12,2025-02-14,2025-05-09,0.0,0.0,0.0,13.0
J,9,12,2025-02-21,2025-05-16,1.0,0.0,0.0,13.0
J,9,12,2025-02-28,2025-05-23,0.0,0.0,0.0,13.0
J,9,12,2025-03-07,2025-05-30,0.0,0.0,0.0,13.0
J,9,12,2025-03-14,2025-06-06,1.0,0.0,0.0,13.0
J,9,12,2025-03-21,2025-06-13,1.0,0.0,0.0,13.0
J,9,12,2025-03-28,2025-06-20,0.0,0.0,0.0,13.0
J,9,12,2025-04-04,2025-06-27,0.0,0.0,0.0,13.0
J,9,12,2025-04-11,2025-07-04,2.0,0.0,0.0,13.0
J,9,12,2025-04-18,2025-07-11,3.0,0.0,0.0,13.0
J,9,12,2025-04-25,2025-07-18,9.0,0.0,0.0,13.0
J,9,12,2025-05-02,2025-07-25,7.0,0.0,0.0,13.0
J,9,12,2025-05-09,2025-08-01,25.0,0.0,0.0,13.0
J,9,12,2025-05-16,2025-08-08,24.0,0.0,0.0,13.0
J,9,12,2025-05-23,2025-08-15,1.0,0.0,0.0,13.0
J,9,12,2025-05-30,2025-08-22,0.0,0.0,0.0,13.0
J,9,12,2025-06-06,2025-08-29,1.0,0.0,0.0,13.0
J,9,12,2025-06-13,2025-09-05,,0.0,0.0,13.0
J,9,12,2025-06-20,2025-09-12,,0.0,0.0,13.0
J,9,12,2025-06-27,2025-09-19,,0.0,0.0,13.0
J,9,12,2025-07-04,2025-09-26,,0.0,0.0,13.0
J,9,12,2025-07-11,2025-10-03,,0.0,0.0,13.0
J,9,12,2025-07-18,2025-10-10,,0.0,0.0,13.0
J,9,12,2025-07-25,2025-10-17,,0.0,0.0,13.0
J,9,12,2025-08-01,2025-10-24,,0.0,0.0,13.0
J,9,12,2025-08-08,2025-10-31,,0.0,0.0,13.0
J,9,12,2025-08-15,2025-11-07,,0.0,0.0,25.0
J,9,12,2025-08-22,2025-11-14,,0.0,0.0,25.0
K,10,1,2023-02-17,2023-02-24,0.0,0.0,0.0,2.0
K,10,1,2023-02-24,2023-03-03,0.0,0.0,0.0,2.0
K,10,1,2023-03-03,2023-03-10,0.0,0.0,0.0,2.0
K,10,1,2023-03-10,2023-03-17,0.0,0.0,0.0,2.0
K,10,1,2023-03-17,2023-03-24,0.0,0.0,0.0,2.0
K,10,1,2023-03-24,2023-03-31,0.0,0.0,0.0,2.0
K,10,1,2023-03-31,2023-04-07,0.0,0.0,0.0,2.0
K,10,1,2023-04-07,2023-04-14,0.0,0.0,0.0,2.0
K,10,1,2023-04-14,2023-04-21,0.0,0.0,0.0,2.0
K,10,1,2023-04-21,2023-04-28,0.0,0.0,0.0,2.0
K,10,1,2023-04-28,2023-05-05,0.0,0.0,0.0,2.0
K,10,1,2023-05-05,2023-05-12,0.0,0.0,0.0,2.0
K,10,1,2023-05-12,2023-05-19,0.0,0.0,0.0,2.0
K,10,1,2023-05-19,2023-05-26,0.0,0.0,0.0,2.0
K,10,1,2023-05-26,2023-06-02,0.0,0.0,0.0,2.0
K,10,1,2023-06-02,2023-06-09,0.0,0.0,0.0,2.0
K,10,1,2023-06-09,2023-06-16,0.0,0.0,0.0,2.0
K,10,1,2023-06-16,2023-06-23,1.0,0.0,0.0,2.0
K,10,1,2023-06-23,2023-06-30,0.0,0.0,0.0,2.0
K,10,1,2023-06-30,2023-07-07,0.0,0.0,0.0,2.0
K,10,1,2023-07-07,2023-07-14,0.0,0.0,0.0,2.0
K,10,1,2023-07-14,2023-07-21,0.0,0.0,0.0,2.0
K,10,1,2023-07-21,2023-07-28,4.0,0.5290555357933044,0.31420326232910156,2.529055595397949
K,10,1,2023-07-28,2023-08-04,1.0,2.567958116531372,2.3531057834625244,4.567957878112793
K,10,1,2023-08-04,2023-08-11,4.0,3.7382845878601074,3.5234322547912598,5.738284587860107
K,10,1,2023-08-11,2023-08-18,0.0,0.3461189866065979,0.13126669824123383,3.817063331604004
K,10,1,2023-08-18,2023-08-25,1.0,0.0,0.0,3.470944404602051
K,10,1,2023-08-25,2023-09-01,0.0,0.0,0.0,3.470944404602051
K,10,1,2023-09-01,2023-09-08,0.0,0.2178129404783249,0.0,3.6887574195861816
K,10,1,2023-09-08,2023-09-15,1.0,0.7061807513237,0.0,4.177124977111816
K,10,1,2023-09-15,2023-09-22,2.0,0.0,0.0,3.470944404602051
K,10,1,2023-09-22,2023-09-29,0.0,0.0,0.0,3.470944404602051
K,10,1,2023-09-29,2023-10-06,0.0,0.0,0.0,3.470944404602051
K,10,1,2023-10-06,2023-10-13,0.0,0.0,0.0,3.470944404602051
K,10,1,2023-10-13,2023-10-20,0.0,0.0,0.0,3.470944404602051
K,10,1,2023-10-20,2023-10-27,0.0,0.0,0.0,3.470944404602051
K,10,1,2023-10-27,2023-11-03,2.0,0.0,0.0,3.470944404602051
K,10,1,2023-11-03,2023-11-10,0.0,0.0,0.0,3.470944404602051
K,10,1,2023-11-10,2023-11-17,0.0,0.0,0.0,3.470944404602051
K,10,1,2023-11-17,2023-11-24,0.0,0.0,0.0,3.470944404602051
K,10,1,2023-11-24,2023-12-01,0.0,0.0,0.0,3.470944404602051
K,10,1,2023-12-01,2023-12-08,1.0,0.0,0.0,3.470944404602051
K,10,1,2023-12-08,2023-12-15,0.0,0.0,0.0,3.470944404602051
K,10,1,2023-12-15,2023-12-22,0.0,0.0,0.0,3.470944404602051
K,10,1,2023-12-22,2023-12-29,0.0,0.0,0.0,3.470944404602051
K,10,1,2023-12-29,2024-01-05,0.0,0.0,0.0,3.470944404602051
K,10,1,2024-01-05,2024-01-12,0.0,0.0,0.0,3.470944404602051
K,10,1,2024-01-12,2024-01-19,0.0,0.0,0.0,3.470944404602051
K,10,1,2024-01-19,2024-01-26,0.0,0.0,0.0,3.470944404602051
K,10,1,2024-01-26,2024-02-02,0.0,0.0,0.0,3.470944404602051
K,10,1,2024-02-02,2024-02-09,0.0,0.0,0.0,3.470944404602051
K,10,1,2024-02-09,2024-02-16,0.0,0.0,0.0,3.470944404602051
K,10,1,2024-02-16,2024-02-23,0.0,0.0,0.0,3.470944404602051
K,10,1,2024-02-23,2024-03-01,0.0,0.0,0.0,3.470944404602051
K,10,1,2024-03-01,2024-03-08,0.0,0.0,0.0,3.470944404602051
K,10,1,2024-03-08,2024-03-15,0.0,0.0,0.0,3.470944404602051
K,10,1,2024-03-15,2024-03-22,0.0,0.0,0.0,3.470944404602051
K,10,1,2024-03-22,2024-03-29,0.0,0.0,0.0,3.470944404602051
K,10,1,2024-03-29,2024-04-05,0.0,0.0,0.0,3.470944404602051
K,10,1,2024-04-05,2024-04-12,1.0,0.0,0.0,3.470944404602051
K,10,1,2024-04-12,2024-04-19,0.0,0.0,0.0,3.470944404602051
K,10,1,2024-04-19,2024-04-26,0.0,0.0,0.0,3.470944404602051
K,10,1,2024-04-26,2024-05-03,0.0,0.0,0.0,3.470944404602051
K,10,1,2024-05-03,2024-05-10,1.0,0.0,0.0,3.470944404602051
K,10,1,2024-05-10,2024-05-17,0.0,0.0,0.0,3.470944404602051
K,10,1,2024-05-17,2024-05-24,1.0,0.0,0.0,3.470944404602051
K,10,1,2024-05-24,2024-05-31,0.0,0.0,0.0,3.470944404602051
K,10,1,2024-05-31,2024-06-07,1.0,0.0,0.0,3.470944404602051
K,10,1,2024-06-07,2024-06-14,0.0,0.0,0.0,3.470944404602051
K,10,1,2024-06-14,2024-06-21,0.0,0.0,0.0,3.470944404602051
K,10,1,2024-06-21,2024-06-28,1.0,0.0,0.0,3.470944404602051
K,10,1,2024-06-28,2024-07-05,2.0,0.0,0.0,3.470944404602051
K,10,1,2024-07-05,2024-07-12,1.0,0.0,0.0,3.470944404602051
K,10,1,2024-07-12,2024-07-19,1.0,0.0,0.0,3.470944404602051
K,10,1,2024-07-19,2024-07-26,1.0,0.0,0.0,3.470944404602051
K,10,1,2024-07-26,2024-08-02,1.0,0.7832023501396179,0.0,4.254146575927734
K,10,1,2024-08-02,2024-08-09,5.0,0.987335205078125,0.0,4.458279609680176
K,10,1,2024-08-09,2024-08-16,3.0,0.41465675830841064,0.0,2.414656639099121
K,10,1,2024-08-16,2024-08-23,1.0,0.0,0.0,2.0
K,10,1,2024-08-23,2024-08-30,1.0,0.0,0.0,4.012664794921875
K,10,1,2024-08-30,2024-09-06,0.0,2.353450298309326,2.1356372833251953,6.366115093231201
K,10,1,2024-09-06,2024-09-13,6.0,4.789538860321045,4.571725845336914,8.802204132080078
K,10,1,2024-09-13,2024-09-20,5.0,4.482937335968018,4.265124320983887,8.495601654052734
K,10,1,2024-09-20,2024-09-27,2.0,1.0056148767471313,0.0,5.018279552459717
K,10,1,2024-09-27,2024-10-04,0.0,0.31378716230392456,0.0,4.326451778411865
K,10,1,2024-10-04,2024-10-11,0.0,0.0,0.0,4.012664794921875
K,10,1,2024-10-11,2024-10-18,1.0,0.0,0.0,4.012664794921875
K,10,1,2024-10-18,2024-10-25,2.0,0.0,0.0,4.012664794921875
K,10,1,2024-10-25,2024-11-01,1.0,1.4967658519744873,0.0,5.509430885314941
K,10,1,2024-11-01,2024-11-08,1.0,1.1367396116256714,0.0,5.149404525756836
K,10,1,2024-11-08,2024-11-15,0.0,0.4369521737098694,0.0,4.4496169090271
K,10,1,2024-11-15,2024-11-22,0.0,0.0,0.0,4.012664794921875
K,10,1,2024-11-22,2024-11-29,0.0,0.0,0.0,4.012664794921875
K,10,1,2024-11-29,2024-12-06,0.0,0.0,0.0,4.012664794921875
K,10,1,2024-12-06,2024-12-13,1.0,0.0,0.0,4.012664794921875
K,10,1,2024-12-13,2024-12-20,1.0,0.0,0.0,4.012664794921875
K,10,1,2024-12-20,2024-12-27,0.0,0.0,0.0,4.012664794921875
K,10,1,2024-12-27,2025-01-03,0.0,0.0,0.0,4.012664794921875
K,10,1,2025-01-03,2025-01-10,0.0,0.0,0.0,4.012664794921875
K,10,1,2025-01-10,2025-01-17,0.0,0.0,0.0,4.012664794921875
K,10,1,2025-01-17,2025-01-24,0.0,0.0,0.0,4.012664794921875
K,10,1,2025-01-24,2025-01-31,0.0,0.0,0.0,4.012664794921875
K,10,1,2025-01-31,2025-02-07,0.0,0.0,0.0,4.012664794921875
K,10,1,2025-02-07,2025-02-14,1.0,0.0,0.0,4.012664794921875
K,10,1,2025-02-14,2025-02-21,1.0,0.0,0.0,4.012664794921875
K,10,1,2025-02-21,2025-02-28,0.0,0.0,0.0,4.012664794921875
K,10,1,2025-02-28,2025-03-07,1.0,0.0,0.0,4.012664794921875
K,10,1,2025-03-07,2025-03-14,0.0,0.0,0.0,4.012664794921875
K,10,1,2025-03-14,2025-03-21,0.0,0.0,0.0,4.012664794921875
K,10,1,2025-03-21,2025-03-28,0.0,0.0,0.0,4.012664794921875
K,10,1,2025-03-28,2025-04-04,0.0,0.0,0.0,4.012664794921875
K,10,1,2025-04-04,2025-04-11,0.0,0.0,0.0,4.012664794921875
K,10,1,2025-04-11,2025-04-18,0.0,0.0,0.0,4.012664794921875
K,10,1,2025-04-18,2025-04-25,0.0,0.0,0.0,4.012664794921875
K,10,1,2025-04-25,2025-05-02,0.0,0.0,0.0,4.012664794921875
K,10,1,2025-05-02,2025-05-09,0.0,0.0,0.0,4.012664794921875
K,10,1,2025-05-09,2025-05-16,0.0,0.0,0.0,4.012664794921875
K,10,1,2025-05-16,2025-05-23,1.0,0.0,0.0,4.012664794921875
K,10,1,2025-05-23,2025-05-30,0.0,0.0,0.0,4.012664794921875
K,10,1,2025-05-30,2025-06-06,1.0,0.0,0.0,4.012664794921875
K,10,1,2025-06-06,2025-06-13,0.0,0.8157972693443298,0.0,4.82846212387085
K,10,1,2025-06-13,2025-06-20,1.0,0.0,0.0,4.012664794921875
K,10,1,2025-06-20,2025-06-27,0.0,0.0,0.0,4.012664794921875
K,10,1,2025-06-27,2025-07-04,0.0,0.0,0.0,4.012664794921875
K,10,1,2025-07-04,2025-07-11,1.0,0.21279652416706085,0.0,4.225461483001709
K,10,1,2025-07-11,2025-07-18,0.0,0.2912256121635437,0.0,4.303890228271484
K,10,1,2025-07-18,2025-07-25,3.0,4.5801568031311035,2.2267065048217773,8.59282112121582
K,10,1,2025-07-25,2025-08-01,15.0,5.328459739685059,2.9750094413757324,9.341124534606934
K,10,1,2025-08-01,2025-08-08,10.0,3.6096696853637695,1.2562193870544434,7.6223344802856445
K,10,1,2025-08-08,2025-08-15,0.0,0.2676117420196533,0.0,4.280276298522949
K,10,1,2025-08-15,2025-08-22,1.0,0.0,0.0,9.671540260314941
K,10,1,2025-08-22,2025-08-29,1.0,0.0,0.0,9.671540260314941
K,10,2,2023-02-17,2023-03-03,0.0,0.0,0.0,2.0
K,10,2,2023-02-24,2023-03-10,0.0,0.0,0.0,2.0
K,10,2,2023-03-03,2023-03-17,0.0,0.0,0.0,2.0
K,10,2,2023-03-10,2023-03-24,0.0,0.0,0.0,2.0
K,10,2,2023-03-17,2023-03-31,0.0,0.0,0.0,2.0
K,10,2,2023-03-24,2023-04-07,0.0,0.0,0.0,2.0
K,10,2,2023-03-31,2023-04-14,0.0,0.0,0.0,2.0
K,10,2,2023-04-07,2023-04-21,0.0,0.0,0.0,1.7504736185073853
K,10,2,2023-04-14,2023-04-28,0.0,0.0,0.0,1.7504736185073853
K,10,2,2023-04-21,2023-05-05,0.0,0.0,0.0,1.7504736185073853
K,10,2,2023-04-28,2023-05-12,0.0,0.0,0.0,1.7504736185073853
K,10,2,2023-05-05,2023-05-19,0.0,0.0,0.0,1.7504736185073853
K,10,2,2023-05-12,2023-05-26,0.0,0.07117952406406403,0.0,1.821653127670288
K,10,2,2023-05-19,2023-06-02,0.0,0.030147548764944077,0.0,1.7806211709976196
K,10,2,2023-05-26,2023-06-09,0.0,0.04625597223639488,0.0,1.796729564666748
K,10,2,2023-06-02,2023-06-16,0.0,0.0,0.0,1.7504736185073853
K,10,2,2023-06-09,2023-06-23,1.0,0.35950982570648193,0.0,2.109983444213867
K,10,2,2023-06-16,2023-06-30,0.0,0.24845126271247864,0.0,1.9989248514175415
K,10,2,2023-06-23,2023-07-07,0.0,0.26484215259552,0.0,2.0153157711029053
K,10,2,2023-06-30,2023-07-14,0.0,0.15031790733337402,0.0,1.9007915258407593
K,10,2,2023-07-07,2023-07-21,0.0,0.26917481422424316,0.0,2.019648551940918
K,10,2,2023-07-14,2023-07-28,4.0,1.1431976556777954,0.7254676818847656,2.8936712741851807
K,10,2,2023-07-21,2023-08-04,1.0,1.0869230031967163,0.6691930294036865,2.8373966217041016
K,10,2,2023-07-28,2023-08-11,4.0,2.155893087387085,1.7381631135940552,3.9063668251037598
K,10,2,2023-08-04,2023-08-18,0.0,1.9616867303848267,1.5439567565917969,3.712160348892212
K,10,2,2023-08-11,2023-08-25,1.0,0.010273884981870651,0.0,2.8670763969421387
K,10,2,2023-08-18,2023-09-01,0.0,0.39214468002319336,0.0,3.2489471435546875
K,10,2,2023-08-25,2023-09-08,0.0,1.0741571187973022,0.6564271450042725,3.930959701538086
K,10,2,2023-09-01,2023-09-15,1.0,1.7231712341308594,0.0,4.5799736976623535
K,10,2,2023-09-08,2023-09-22,2.0,1.1910957098007202,0.0,4.047898292541504
K,10,2,2023-09-15,2023-09-29,0.0,0.13775284588336945,0.0,2.9945552349090576
K,10,2,2023-09-22,2023-10-06,0.0,0.1684153974056244,0.0,3.0252177715301514
K,10,2,2023-09-29,2023-10-13,0.0,0.6915415525436401,0.0,3.548344135284424
K,10,2,2023-10-06,2023-10-20,0.0,0.35313332080841064,0.0,3.2099356651306152
K,10,2,2023-10-13,2023-10-27,0.0,0.04714694246649742,0.0,2.903949499130249
K,10,2,2023-10-20,2023-11-03,2.0,0.0920589417219162,0.0,2.9488613605499268
K,10,2,2023-10-27,2023-11-10,0.0,0.05160851404070854,0.0,2.9084110260009766
K,10,2,2023-11-03,2023-11-17,0.0,0.001457754522562027,0.0,2.858260154724121
K,10,2,2023-11-10,2023-11-24,0.0,0.0,0.0,2.856802463531494
K,10,2,2023-11-17,2023-12-01,0.0,0.0,0.0,2.856802463531494
K,10,2,2023-11-24,2023-12-08,1.0,0.0,0.0,2.856802463531494
K,10,2,2023-12-01,2023-12-15,0.0,0.0,0.0,2.856802463531494
K,10,2,2023-12-08,2023-12-22,0.0,0.0,0.0,2.856802463531494
K,10,2,2023-12-15,2023-12-29,0.0,0.23270076513290405,0.0,3.089503288269043
K,10,2,2023-12-22,2024-01-05,0.0,0.3147573173046112,0.0,3.1715598106384277
K,10,2,2023-12-29,2024-01-12,0.0,0.0,0.0,2.856802463531494
K,10,2,2024-01-05,2024-01-19,0.0,0.0,0.0,2.856802463531494
K,10,2,2024-01-12,2024-01-26,0.0,0.0,0.0,2.856802463531494
K,10,2,2024-01-19,2024-02-02,0.0,0.0,0.0,2.856802463531494
K,10,2,2024-01-26,2024-02-09,0.0,0.0,0.0,2.856802463531494
K,10,2,2024-02-02,2024-02-16,0.0,0.0,0.0,2.856802463531494
K,10,2,2024-02-09,2024-02-23,0.0,0.0,0.0,2.856802463531494
K,10,2,2024-02-16,2024-03-01,0.0,0.0,0.0,2.856802463531494
K,10,2,2024-02-23,2024-03-08,0.0,0.0,0.0,2.856802463531494
K,10,2,2024-03-01,2024-03-15,0.0,0.0,0.0,2.856802463531494
K,10,2,2024-03-08,2024-03-22,0.0,0.0,0.0,2.856802463531494
K,10,2,2024-03-15,2024-03-29,0.0,0.0,0.0,2.856802463531494
K,10,2,2024-03-22,2024-04-05,0.0,0.0,0.0,2.856802463531494
K,10,2,2024-03-29,2024-04-12,1.0,0.0,0.0,2.856802463531494
K,10,2,2024-04-05,2024-04-19,0.0,0.0,0.0,2.856802463531494
K,10,2,2024-04-12,2024-04-26,0.0,0.0,0.0,2.856802463531494
K,10,2,2024-04-19,2024-05-03,0.0,0.0,0.0,2.856802463531494
K,10,2,2024-04-26,2024-05-10,1.0,0.0,0.0,2.856802463531494
K,10,2,2024-05-03,2024-05-17,0.0,0.0,0.0,2.856802463531494
K,10,2,2024-05-10,2024-05-24,1.0,0.0,0.0,2.856802463531494
K,10,2,2024-05-17,2024-05-31,0.0,0.0,0.0,2.856802463531494
K,10,2,2024-05-24,2024-06-07,1.0,0.3325558006763458,0.0,3.1893582344055176
K,10,2,2024-05-31,2024-06-14,0.0,0.16102683544158936,0.0,3.017829418182373
K,10,2,2024-06-07,2024-06-21,0.0,0.2488088607788086,0.0,3.1056113243103027
K,10,2,2024-06-14,2024-06-28,1.0,0.4092009961605072,0.0,3.266003370285034
K,10,2,2024-06-21,2024-07-05,2.0,0.8262104988098145,0.0,3.6830129623413086
K,10,2,2024-06-28,2024-07-12,1.0,0.42369115352630615,0.0,3.28049373626709
K,10,2,2024-07-05,2024-07-19,1.0,0.4295564293861389,0.0,3.2863588333129883
K,10,2,2024-07-12,2024-07-26,1.0,0.3904660940170288,0.0,3.2472686767578125
K,10,2,2024-07-19,2024-08-02,1.0,0.8342748880386353,0.0,3.69107723236084
K,10,2,2024-07-26,2024-08-09,5.0,1.225643515586853,0.0,4.082446098327637
K,10,2,2024-08-02,2024-08-16,3.0,0.6324611306190491,0.0,3.4892635345458984
K,10,2,2024-08-09,2024-08-23,1.0,0.7130109071731567,0.0,2.6209521293640137
K,10,2,2024-08-16,2024-08-30,1.0,0.267624169588089,0.0,2.175565242767334
K,10,2,2024-08-23,2024-09-06,0.0,1.4915281534194946,0.0,5.2658843994140625
K,10,2,2024-08-30,2024-09-13,6.0,3.2276129722595215,2.1534557342529297,7.001969337463379
K,10,2,2024-09-06,2024-09-20,5.0,2.8910274505615234,1.8168703317642212,6.665383815765381
K,10,2,2024-09-13,2024-09-27,2.0,1.2690085172653198,0.19485139846801758,5.043365001678467
K,10,2,2024-09-20,2024-10-04,0.0,0.5621547698974609,0.0,4.336511135101318
K,10,2,2024-09-27,2024-10-11,0.0,1.2895724773406982,0.0,5.063928604125977
K,10,2,2024-10-04,2024-10-18,1.0,0.39606764912605286,0.0,4.170423984527588
K,10,2,2024-10-11,2024-10-25,2.0,0.3009064197540283,0.0,4.075263023376465
K,10,2,2024-10-18,2024-11-01,1.0,0.5726463198661804,0.0,4.3470025062561035
K,10,2,2024-10-25,2024-11-08,1.0,1.1470272541046143,0.0,4.921383857727051
K,10,2,2024-11-01,2024-11-15,0.0,0.29058313369750977,0.0,4.064939498901367
K,10,2,2024-11-08,2024-11-22,0.0,0.0,0.0,3.7743563652038574
K,10,2,2024-11-15,2024-11-29,0.0,0.0,0.0,3.7743563652038574
K,10,2,2024-11-22,2024-12-06,0.0,0.0,0.0,3.7743563652038574
K,10,2,2024-11-29,2024-12-13,1.0,0.16547489166259766,0.0,3.939831256866455
K,10,2,2024-12-06,2024-12-20,1.0,0.3242376744747162,0.0,4.0985941886901855
K,10,2,2024-12-13,2024-12-27,0.0,0.06076141819357872,0.0,3.835117816925049
K,10,2,2024-12-20,2025-01-03,0.0,0.0,0.0,3.7743563652038574
K,10,2,2024-12-27,2025-01-10,0.0,0.0,0.0,3.7743563652038574
K,10,2,2025-01-03,2025-01-17,0.0,0.0,0.0,3.7743563652038574
K,10,2,2025-01-10,2025-01-24,0.0,0.0,0.0,3.7743563652038574
K,10,2,2025-01-17,2025-01-31,0.0,0.0,0.0,3.7743563652038574
K,10,2,2025-01-24,2025-02-07,0.0,0.0,0.0,3.7743563652038574
K,10,2,2025-01-31,2025-02-14,1.0,0.0,0.0,3.7743563652038574
K,10,2,2025-02-07,2025-02-21,1.0,0.0,0.0,3.7743563652038574
K,10,2,2025-02-14,2025-02-28,0.0,0.0,0.0,3.7743563652038574
K,10,2,2025-02-21,2025-03-07,1.0,0.0,0.0,3.7743563652038574
K,10,2,2025-02-28,2025-03-14,0.0,0.0,0.0,3.7743563652038574
K,10,2,2025-03-07,2025-03-21,0.0,0.0,0.0,3.7743563652038574
K,10,2,2025-03-14,2025-03-28,0.0,0.0,0.0,3.7743563652038574
K,10,2,2025-03-21,2025-04-04,0.0,0.0,0.0,3.7743563652038574
K,10,2,2025-03-28,2025-04-11,0.0,0.0,0.0,3.7743563652038574
K,10,2,2025-04-04,2025-04-18,0.0,0.0,0.0,3.7743563652038574
K,10,2,2025-04-11,2025-04-25,0.0,0.0,0.0,3.7743563652038574
K,10,2,2025-04-18,2025-05-02,0.0,0.0,0.0,3.7743563652038574
K,10,2,2025-04-25,2025-05-09,0.0,0.0,0.0,3.7743563652038574
K,10,2,2025-05-02,2025-05-16,0.0,0.0,0.0,3.7743563652038574
K,10,2,2025-05-09,2025-05-23,1.0,0.0,0.0,3.7743563652038574
K,10,2,2025-05-16,2025-05-30,0.0,0.0,0.0,3.7743563652038574
K,10,2,2025-05-23,2025-06-06,1.0,0.0,0.0,3.7743563652038574
K,10,2,2025-05-30,2025-06-13,0.0,0.22456032037734985,0.0,3.9989166259765625
K,10,2,2025-06-06,2025-06-20,1.0,0.7616446614265442,0.0,4.536001205444336
K,10,2,2025-06-13,2025-06-27,0.0,0.08850753307342529,0.0,3.8628640174865723
K,10,2,2025-06-20,2025-07-04,0.0,0.18987858295440674,0.0,3.9642348289489746
K,10,2,2025-06-27,2025-07-11,1.0,0.5237703323364258,0.0,4.298126697540283
K,10,2,2025-07-04,2025-07-18,0.0,2.775674343109131,1.2841461896896362,6.550030708312988
K,10,2,2025-07-11,2025-07-25,3.0,1.9048267602920532,0.4132986068725586,5.679183006286621
K,10,2,2025-07-18,2025-08-01,15.0,3.7994871139526367,2.3079590797424316,7.573843479156494
K,10,2,2025-07-25,2025-08-08,10.0,2.2204155921936035,0.7288874387741089,5.994771957397461
K,10,2,2025-08-01,2025-08-15,0.0,0.9968094229698181,0.0,4.77116584777832
K,10,2,2025-08-08,2025-08-22,1.0,0.4333721995353699,0.0,4.207728385925293
K,10,2,2025-08-15,2025-08-29,1.0,0.9249287843704224,0.0,12.125441551208496
K,10,2,2025-08-22,2025-09-05,,2.2694218158721924,0.0,13.469934463500977
K,10,4,2023-02-17,2023-03-17,0.0,0.0,0.0,2.0
K,10,4,2023-02-24,2023-03-24,0.0,0.0,0.0,2.0
K,10,4,2023-03-03,2023-03-31,0.0,0.0,0.0,2.0
K,10,4,2023-03-10,2023-04-07,0.0,0.0,0.0,2.0
K,10,4,2023-03-17,2023-04-14,0.0,0.0,0.0,2.0
K,10,4,2023-03-24,2023-04-21,0.0,0.0,0.0,2.0
K,10,4,2023-03-31,2023-04-28,0.0,0.0,0.0,2.0
K,10,4,2023-04-07,2023-05-05,0.0,0.0,0.0,1.1533026695251465
K,10,4,2023-04-14,2023-05-12,0.0,0.0,0.0,1.1533026695251465
K,10,4,2023-04-21,2023-05-19,0.0,0.0,0.0,1.1533026695251465
K,10,4,2023-04-28,2023-05-26,0.0,0.0,0.0,1.1533026695251465
K,10,4,2023-05-05,2023-06-02,0.0,0.4351222813129425,0.0,1.5884249210357666
K,10,4,2023-05-12,2023-06-09,0.0,0.4857465624809265,0.0,1.6390492916107178
K,10,4,2023-05-19,2023-06-16,0.0,0.0,0.0,1.1533026695251465
K,10,4,2023-05-26,2023-06-23,1.0,0.0,0.0,1.1533026695251465
K,10,4,2023-06-02,2023-06-30,0.0,0.04865891486406326,0.0,1.201961636543274
K,10,4,2023-06-09,2023-07-07,0.0,0.7843481302261353,0.0,1.9376507997512817
K,10,4,2023-06-16,2023-07-14,0.0,0.48813530802726746,0.0,1.6414380073547363
K,10,4,2023-06-23,2023-07-21,0.0,1.5695867538452148,0.3268165588378906,2.7228894233703613
K,10,4,2023-06-30,2023-07-28,4.0,1.4319788217544556,0.18920862674713135,2.5852813720703125
K,10,4,2023-07-07,2023-08-04,1.0,1.0921530723571777,0.0,2.245455741882324
K,10,4,2023-07-14,2023-08-11,4.0,1.5792242288589478,0.33645403385162354,2.7325267791748047
K,10,4,2023-07-21,2023-08-18,0.0,0.07821094989776611,0.0,1.2315136194229126
K,10,4,2023-07-28,2023-08-25,1.0,1.0403261184692383,0.0,2.1936287879943848
K,10,4,2023-08-04,2023-09-01,0.0,1.8780328035354614,0.3084460496902466,3.0313353538513184
K,10,4,2023-08-11,2023-09-08,0.0,1.1600263118743896,0.0,3.7280476093292236
K,10,4,2023-08-18,2023-09-15,1.0,2.8703277111053467,1.3007409572601318,5.438348770141602
K,10,4,2023-08-25,2023-09-22,2.0,1.4425508975982666,0.0,4.01057243347168
K,10,4,2023-09-01,2023-09-29,0.0,1.3139562606811523,0.0,3.8819775581359863
K,10,4,2023-09-08,2023-10-06,0.0,0.43979698419570923,0.0,3.0078182220458984
K,10,4,2023-09-15,2023-10-13,0.0,0.0,0.0,2.568021297454834
K,10,4,2023-09-22,2023-10-20,0.0,0.434722363948822,0.0,3.002743721008301
K,10,4,2023-09-29,2023-10-27,0.0,0.4702289402484894,0.0,3.038250207901001
K,10,4,2023-10-06,2023-11-03,2.0,0.08855244517326355,0.0,2.65657377243042
K,10,4,2023-10-13,2023-11-10,0.0,0.25704312324523926,0.0,2.8250644207000732
K,10,4,2023-10-20,2023-11-17,0.0,0.003100551664829254,0.0,2.57112193107605
K,10,4,2023-10-27,2023-11-24,0.0,0.0,0.0,2.568021297454834
K,10,4,2023-11-03,2023-12-01,0.0,0.0,0.0,2.568021297454834
K,10,4,2023-11-10,2023-12-08,1.0,0.0,0.0,2.568021297454834
K,10,4,2023-11-17,2023-12-15,0.0,0.0,0.0,2.568021297454834
K,10,4,2023-11-24,2023-12-22,0.0,0.060004934668540955,0.0,2.628026247024536
K,10,4,2023-12-01,2023-12-29,0.0,0.0,0.0,2.568021297454834
K,10,4,2023-12-08,2024-01-05,0.0,0.2694890797138214,0.0,2.837510347366333
K,10,4,2023-12-15,2024-01-12,0.0,0.38970455527305603,0.0,2.957725763320923
K,10,4,2023-12-22,2024-01-19,0.0,0.19319535791873932,0.0,2.761216640472412
K,10,4,2023-12-29,2024-01-26,0.0,0.0,0.0,2.568021297454834
K,10,4,2024-01-05,2024-02-02,0.0,0.0,0.0,2.568021297454834
K,10,4,2024-01-12,2024-02-09,0.0,0.0,0.0,2.568021297454834
K,10,4,2024-01-19,2024-02-16,0.0,0.0,0.0,2.568021297454834
K,10,4,2024-01-26,2024-02-23,0.0,0.0,0.0,2.568021297454834
K,10,4,2024-02-02,2024-03-01,0.0,0.0,0.0,2.568021297454834
K,10,4,2024-02-09,2024-03-08,0.0,0.0,0.0,2.568021297454834
K,10,4,2024-02-16,2024-03-15,0.0,0.0,0.0,2.568021297454834
K,10,4,2024-02-23,2024-03-22,0.0,0.0,0.0,2.568021297454834
K,10,4,2024-03-01,2024-03-29,0.0,0.0,0.0,2.568021297454834
K,10,4,2024-03-08,2024-04-05,0.0,0.0,0.0,2.568021297454834
K,10,4,2024-03-15,2024-04-12,1.0,0.0,0.0,2.568021297454834
K,10,4,2024-03-22,2024-04-19,0.0,0.0,0.0,2.568021297454834
K,10,4,2024-03-29,2024-04-26,0.0,0.0,0.0,2.568021297454834
K,10,4,2024-04-05,2024-05-03,0.0,0.0,0.0,2.568021297454834
K,10,4,2024-04-12,2024-05-10,1.0,0.0,0.0,2.568021297454834
K,10,4,2024-04-19,2024-05-17,0.0,0.0,0.0,2.568021297454834
K,10,4,2024-04-26,2024-05-24,1.0,0.0,0.0,2.568021297454834
K,10,4,2024-05-03,2024-05-31,0.0,0.0,0.0,2.568021297454834
K,10,4,2024-05-10,2024-06-07,1.0,0.019223874434828758,0.0,2.587245225906372
K,10,4,2024-05-17,2024-06-14,0.0,0.22999437153339386,0.0,2.798015594482422
K,10,4,2024-05-24,2024-06-21,0.0,0.0,0.0,2.568021297454834
K,10,4,2024-05-31,2024-06-28,1.0,0.561617910861969,0.0,3.129639148712158
K,10,4,2024-06-07,2024-07-05,2.0,1.0493777990341187,0.0,3.617399215698242
K,10,4,2024-06-14,2024-07-12,1.0,2.9090065956115723,1.0309737920761108,5.477027893066406
K,10,4,2024-06-21,2024-07-19,1.0,3.523264169692993,1.6452313661575317,6.091285705566406
K,10,4,2024-06-28,2024-07-26,1.0,1.774196743965149,0.0,4.342217922210693
K,10,4,2024-07-05,2024-08-02,1.0,1.3792076110839844,0.0,3.9472289085388184
K,10,4,2024-07-12,2024-08-09,5.0,1.5953108072280884,0.0,4.163331985473633
K,10,4,2024-07-19,2024-08-16,3.0,1.1474403142929077,0.0,3.7154617309570312
K,10,4,2024-07-26,2024-08-23,1.0,1.6570868492126465,0.0,4.2251081466674805
K,10,4,2024-08-02,2024-08-30,1.0,1.9298646450042725,0.0,4.497885704040527
K,10,4,2024-08-09,2024-09-06,0.0,4.9651970863342285,2.4419329166412354,7.38597297668457
K,10,4,2024-08-16,2024-09-13,6.0,3.1750664710998535,0.6518023014068604,5.595842361450195
K,10,4,2024-08-23,2024-09-20,5.0,2.1266226768493652,0.0,5.531311988830566
K,10,4,2024-08-30,2024-09-27,2.0,1.4265141487121582,0.0,4.831203460693359
K,10,4,2024-09-06,2024-10-04,0.0,0.4694487154483795,0.0,3.874138116836548
K,10,4,2024-09-13,2024-10-11,0.0,1.1144590377807617,0.0,4.519148349761963
K,10,4,2024-09-20,2024-10-18,1.0,1.189031958580017,0.0,4.593721389770508
K,10,4,2024-09-27,2024-10-25,2.0,1.5228465795516968,0.0,4.9275360107421875
K,10,4,2024-10-04,2024-11-01,1.0,0.6409896016120911,0.0,4.045679092407227
K,10,4,2024-10-11,2024-11-08,1.0,0.7489272952079773,0.0,4.153616428375244
K,10,4,2024-10-18,2024-11-15,0.0,0.9637055993080139,0.0,4.36839485168457
K,10,4,2024-10-25,2024-11-22,0.0,0.2665950357913971,0.0,3.6712844371795654
K,10,4,2024-11-01,2024-11-29,0.0,0.0,0.0,3.404689311981201
K,10,4,2024-11-08,2024-12-06,0.0,0.0,0.0,3.404689311981201
K,10,4,2024-11-15,2024-12-13,1.0,0.0,0.0,3.404689311981201
K,10,4,2024-11-22,2024-12-20,1.0,0.0,0.0,3.404689311981201
K,10,4,2024-11-29,2024-12-27,0.0,0.0,0.0,3.404689311981201
K,10,4,2024-12-06,2025-01-03,0.0,0.0,0.0,3.404689311981201
K,10,4,2024-12-13,2025-01-10,0.0,0.0,0.0,3.404689311981201
K,10,4,2024-12-20,2025-01-17,0.0,0.0,0.0,3.404689311981201
K,10,4,2024-12-27,2025-01-24,0.0,0.0,0.0,3.404689311981201
K,10,4,2025-01-03,2025-01-31,0.0,0.0,0.0,3.404689311981201
K,10,4,2025-01-10,2025-02-07,0.0,0.0,0.0,3.404689311981201
K,10,4,2025-01-17,2025-02-14,1.0,0.0,0.0,3.404689311981201
K,10,4,2025-01-24,2025-02-21,1.0,0.0,0.0,3.404689311981201
K,10,4,2025-01-31,2025-02-28,0.0,0.0,0.0,3.404689311981201
K,10,4,2025-02-07,2025-03-07,1.0,0.0,0.0,3.404689311981201
K,10,4,2025-02-14,2025-03-14,0.0,0.0,0.0,3.404689311981201
K,10,4,2025-02-21,2025-03-21,0.0,0.0,0.0,3.404689311981201
K,10,4,2025-02-28,2025-03-28,0.0,0.0,0.0,3.404689311981201
K,10,4,2025-03-07,2025-04-04,0.0,0.0,0.0,3.404689311981201
K,10,4,2025-03-14,2025-04-11,0.0,0.0,0.0,3.404689311981201
K,10,4,2025-03-21,2025-04-18,0.0,0.0,0.0,3.404689311981201
K,10,4,2025-03-28,2025-04-25,0.0,0.0,0.0,3.404689311981201
K,10,4,2025-04-04,2025-05-02,0.0,0.0,0.0,3.404689311981201
K,10,4,2025-04-11,2025-05-09,0.0,0.0,0.0,3.404689311981201
K,10,4,2025-04-18,2025-05-16,0.0,0.0,0.0,3.404689311981201
K,10,4,2025-04-25,2025-05-23,1.0,0.0,0.0,3.404689311981201
K,10,4,2025-05-02,2025-05-30,0.0,0.04358217120170593,0.0,3.4482715129852295
K,10,4,2025-05-09,2025-06-06,1.0,0.16256853938102722,0.0,3.567257881164551
K,10,4,2025-05-16,2025-06-13,0.0,0.12670722603797913,0.0,3.5313966274261475
K,10,4,2025-05-23,2025-06-20,1.0,0.0,0.0,3.404689311981201
K,10,4,2025-05-30,2025-06-27,0.0,0.13636335730552673,0.0,3.5410525798797607
K,10,4,2025-06-06,2025-07-04,0.0,0.1170307993888855,0.0,3.5217201709747314
K,10,4,2025-06-13,2025-07-11,1.0,0.6038566827774048,0.0,4.008545875549316
K,10,4,2025-06-20,2025-07-18,0.0,1.337386965751648,0.0,4.742076396942139
K,10,4,2025-06-27,2025-07-25,3.0,2.06006121635437,0.0,5.464750289916992
K,10,4,2025-07-04,2025-08-01,15.0,3.2799923419952393,0.0,6.6846818923950195
K,10,4,2025-07-11,2025-08-08,10.0,2.2270121574401855,0.0,5.631701469421387
K,10,4,2025-07-18,2025-08-15,0.0,3.118303060531616,0.0,6.522992134094238
K,10,4,2025-07-25,2025-08-22,1.0,1.049051284790039,0.0,4.45374059677124
K,10,4,2025-08-01,2025-08-29,1.0,1.754409909248352,0.0,5.159099102020264
K,10,4,2025-08-08,2025-09-05,,2.45528244972229,0.0,5.85997200012207
K,10,4,2025-08-15,2025-09-12,,2.195542573928833,0.0,13.915550231933594
K,10,4,2025-08-22,2025-09-19,,2.029663324356079,0.0,13.74967098236084
K,10,8,2023-02-17,2023-04-14,0.0,0.0,0.0,1.7948075532913208
K,10,8,2023-02-24,2023-04-21,0.0,0.0,0.0,1.7948075532913208
K,10,8,2023-03-03,2023-04-28,0.0,0.0,0.0,1.7948075532913208
K,10,8,2023-03-10,2023-05-05,0.0,0.0,0.0,1.7948075532913208
K,10,8,2023-03-17,2023-05-12,0.0,0.0,0.0,1.7948075532913208
K,10,8,2023-03-24,2023-05-19,0.0,0.0,0.0,1.7948075532913208
K,10,8,2023-03-31,2023-05-26,0.0,0.0,0.0,1.7948075532913208
K,10,8,2023-04-07,2023-06-02,0.0,0.0,0.0,1.7948075532913208
K,10,8,2023-04-14,2023-06-09,0.0,0.15265922248363495,0.0,1.9474667310714722
K,10,8,2023-04-21,2023-06-16,0.0,0.2442103624343872,0.0,2.039017915725708
K,10,8,2023-04-28,2023-06-23,1.0,0.2611500024795532,0.0,2.055957555770874
K,10,8,2023-05-05,2023-06-30,0.0,0.0,0.0,1.7948075532913208
K,10,8,2023-05-12,2023-07-07,0.0,0.7636243104934692,0.0,2.55843186378479
K,10,8,2023-05-19,2023-07-14,0.0,0.7064878344535828,0.0,2.501295328140259
K,10,8,2023-05-26,2023-07-21,0.0,0.6459015607833862,0.0,2.440709114074707
K,10,8,2023-06-02,2023-07-28,4.0,1.2514195442199707,0.0,3.046226978302002
K,10,8,2023-06-09,2023-08-04,1.0,2.1350839138031006,0.3907630443572998,3.929891586303711
K,10,8,2023-06-16,2023-08-11,4.0,3.9330406188964844,2.1887197494506836,5.727848052978516
K,10,8,2023-06-23,2023-08-18,0.0,1.4781062602996826,0.0,3.272913932800293
K,10,8,2023-06-30,2023-08-25,1.0,2.725665807723999,0.9813449382781982,4.520473480224609
K,10,8,2023-07-07,2023-09-01,0.0,2.2561697959899902,0.5118489265441895,4.0509772300720215
K,10,8,2023-07-14,2023-09-08,0.0,2.906651258468628,1.1623303890228271,4.701458930969238
K,10,8,2023-07-21,2023-09-15,1.0,1.087766408920288,0.32414209842681885,2.8825740814208984
K,10,8,2023-07-28,2023-09-22,2.0,3.5310747623443604,2.7674503326416016,5.325882434844971
K,10,8,2023-08-04,2023-09-29,0.0,6.073022365570068,5.309398174285889,7.8678297996521
K,10,8,2023-08-11,2023-10-06,0.0,1.7148675918579102,0.9512432813644409,4.4634480476379395
K,10,8,2023-08-18,2023-10-13,0.0,0.8249515295028687,0.0,3.5735321044921875
K,10,8,2023-08-25,2023-10-20,0.0,0.2323760986328125,0.0,2.980956554412842
K,10,8,2023-09-01,2023-10-27,0.0,0.0,0.0,2.7485804557800293
K,10,8,2023-09-08,2023-11-03,2.0,0.14241719245910645,0.0,2.8909976482391357
K,10,8,2023-09-15,2023-11-10,0.0,0.12303832173347473,0.0,2.8716187477111816
K,10,8,2023-09-22,2023-11-17,0.0,0.042055994272232056,0.0,2.7906365394592285
K,10,8,2023-09-29,2023-11-24,0.0,0.07015444338321686,0.0,2.818734884262085
K,10,8,2023-10-06,2023-12-01,0.0,0.0,0.0,2.7485804557800293
K,10,8,2023-10-13,2023-12-08,1.0,0.0,0.0,2.7485804557800293
K,10,8,2023-10-20,2023-12-15,0.0,0.0,0.0,2.7485804557800293
K,10,8,2023-10-27,2023-12-22,0.0,0.1422569453716278,0.0,2.8908374309539795
K,10,8,2023-11-03,2023-12-29,0.0,0.13361044228076935,0.0,2.8821909427642822
K,10,8,2023-11-10,2024-01-05,0.0,0.0,0.0,2.7485804557800293
K,10,8,2023-11-17,2024-01-12,0.0,0.16066387295722961,0.0,2.9092442989349365
K,10,8,2023-11-24,2024-01-19,0.0,0.2668371796607971,0.0,3.0154175758361816
K,10,8,2023-12-01,2024-01-26,0.0,0.40113767981529236,0.0,3.1497180461883545
K,10,8,2023-12-08,2024-02-02,0.0,0.0750037357211113,0.0,2.8235840797424316
K,10,8,2023-12-15,2024-02-09,0.0,0.5943557024002075,0.0,3.3429360389709473
K,10,8,2023-12-22,2024-02-16,0.0,0.0,0.0,2.7485804557800293
K,10,8,2023-12-29,2024-02-23,0.0,0.0,0.0,2.7485804557800293
K,10,8,2024-01-05,2024-03-01,0.0,0.0,0.0,2.7485804557800293
K,10,8,2024-01-12,2024-03-08,0.0,0.0,0.0,2.7485804557800293
K,10,8,2024-01-19,2024-03-15,0.0,0.0,0.0,2.7485804557800293
K,10,8,2024-01-26,2024-03-22,0.0,0.0,0.0,2.7485804557800293
K,10,8,2024-02-02,2024-03-29,0.0,0.0,0.0,2.7485804557800293
K,10,8,2024-02-09,2024-04-05,0.0,0.0,0.0,2.7485804557800293
K,10,8,2024-02-16,2024-04-12,1.0,0.0,0.0,2.7485804557800293
K,10,8,2024-02-23,2024-04-19,0.0,0.0,0.0,2.7485804557800293
K,10,8,2024-03-01,2024-04-26,0.0,0.0,0.0,2.7485804557800293
K,10,8,2024-03-08,2024-05-03,0.0,0.0,0.0,2.7485804557800293
K,10,8,2024-03-15,2024-05-10,1.0,0.04176759719848633,0.0,2.7903480529785156
K,10,8,2024-03-22,2024-05-17,0.0,0.03702210634946823,0.0,2.785602569580078
K,10,8,2024-03-29,2024-05-24,1.0,0.002795189619064331,0.0,2.751375675201416
K,10,8,2024-04-05,2024-05-31,0.0,0.0,0.0,2.7485804557800293
K,10,8,2024-04-12,2024-06-07,1.0,0.10331805795431137,0.0,2.851898431777954
K,10,8,2024-04-19,2024-06-14,0.0,0.0,0.0,2.7485804557800293
K,10,8,2024-04-26,2024-06-21,0.0,0.1105227991938591,0.0,2.859103202819824
K,10,8,2024-05-03,2024-06-28,1.0,0.4696039855480194,0.0,3.218184471130371
K,10,8,2024-05-10,2024-07-05,2.0,0.3926917016506195,0.0,3.1412720680236816
K,10,8,2024-05-17,2024-07-12,1.0,0.9568011164665222,0.0,3.7053816318511963
K,10,8,2024-05-24,2024-07-19,1.0,1.7337777614593506,0.0,4.482357978820801
K,10,8,2024-05-31,2024-07-26,1.0,1.0666340589523315,0.0,3.8152146339416504
K,10,8,2024-06-07,2024-08-02,1.0,1.701958417892456,0.0,4.450538635253906
K,10,8,2024-06-14,2024-08-09,5.0,3.0856876373291016,0.0,5.834268093109131
K,10,8,2024-06-21,2024-08-16,3.0,2.3712222576141357,0.0,5.119802474975586
K,10,8,2024-06-28,2024-08-23,1.0,2.7906136512756348,0.0,5.539194107055664
K,10,8,2024-07-05,2024-08-30,1.0,3.6579623222351074,0.0,6.406542778015137
K,10,8,2024-07-12,2024-09-06,0.0,3.5943024158477783,0.0,6.342883110046387
K,10,8,2024-07-19,2024-09-13,6.0,4.0704827308654785,0.0,6.819063186645508
K,10,8,2024-07-26,2024-09-20,5.0,2.1936323642730713,0.0,4.94221305847168
K,10,8,2024-08-02,2024-09-27,2.0,2.5246617794036865,0.0,5.273241996765137
K,10,8,2024-08-09,2024-10-04,0.0,3.2015461921691895,0.0,5.059128761291504
K,10,8,2024-08-16,2024-10-11,0.0,0.988288938999176,0.0,2.845871686935425
K,10,8,2024-08-23,2024-10-18,1.0,0.7512843012809753,0.0,2.6655967235565186
K,10,8,2024-08-30,2024-10-25,2.0,1.9974384307861328,0.0,3.9117507934570312
K,10,8,2024-09-06,2024-11-01,1.0,1.3538048267364502,0.0,3.2681171894073486
K,10,8,2024-09-13,2024-11-08,1.0,1.5673770904541016,0.0,3.481689453125
K,10,8,2024-09-20,2024-11-15,0.0,2.0539777278900146,0.0,3.968290090560913
K,10,8,2024-09-27,2024-11-22,0.0,0.5620293021202087,0.0,2.491546630859375
K,10,8,2024-10-04,2024-11-29,0.0,0.0,0.0,2.8063676357269287
K,10,8,2024-10-11,2024-12-06,0.0,0.0,0.0,2.8063676357269287
K,10,8,2024-10-18,2024-12-13,1.0,0.34985631704330444,0.0,3.156224012374878
K,10,8,2024-10-25,2024-12-20,1.0,0.6128649711608887,0.0,3.4192326068878174
K,10,8,2024-11-01,2024-12-27,0.0,0.0,0.0,2.8063676357269287
K,10,8,2024-11-08,2025-01-03,0.0,0.10860282182693481,0.0,2.9149703979492188
K,10,8,2024-11-15,2025-01-10,0.0,0.0,0.0,2.8063676357269287
K,10,8,2024-11-22,2025-01-17,0.0,0.0,0.0,2.8063676357269287
K,10,8,2024-11-29,2025-01-24,0.0,0.021166041493415833,0.0,2.827533721923828
K,10,8,2024-12-06,2025-01-31,0.0,0.3039422333240509,0.0,3.1103098392486572
K,10,8,2024-12-13,2025-02-07,0.0,0.23500701785087585,0.0,3.041374683380127
K,10,8,2024-12-20,2025-02-14,1.0,0.0,0.0,2.8063676357269287
K,10,8,2024-12-27,2025-02-21,1.0,0.0,0.0,2.8063676357269287
K,10,8,2025-01-03,2025-02-28,0.0,0.0,0.0,2.8063676357269287
K,10,8,2025-01-10,2025-03-07,1.0,0.0,0.0,2.8063676357269287
K,10,8,2025-01-17,2025-03-14,0.0,0.0,0.0,2.8063676357269287
K,10,8,2025-01-24,2025-03-21,0.0,0.0,0.0,2.8063676357269287
K,10,8,2025-01-31,2025-03-28,0.0,0.0,0.0,2.8063676357269287
K,10,8,2025-02-07,2025-04-04,0.0,0.0,0.0,2.8063676357269287
K,10,8,2025-02-14,2025-04-11,0.0,0.0,0.0,2.8063676357269287
K,10,8,2025-02-21,2025-04-18,0.0,0.0,0.0,2.8063676357269287
K,10,8,2025-02-28,2025-04-25,0.0,0.0,0.0,2.8063676357269287
K,10,8,2025-03-07,2025-05-02,0.0,0.0,0.0,2.8063676357269287
K,10,8,2025-03-14,2025-05-09,0.0,0.0,0.0,2.8063676357269287
K,10,8,2025-03-21,2025-05-16,0.0,0.0,0.0,2.8063676357269287
K,10,8,2025-03-28,2025-05-23,1.0,0.0,0.0,2.8063676357269287
K,10,8,2025-04-04,2025-05-30,0.0,0.0,0.0,2.8063676357269287
K,10,8,2025-04-11,2025-06-06,1.0,0.0,0.0,2.8063676357269287
K,10,8,2025-04-18,2025-06-13,0.0,0.0,0.0,2.8063676357269287
K,10,8,2025-04-25,2025-06-20,1.0,0.6233936548233032,0.0,3.4297614097595215
K,10,8,2025-05-02,2025-06-27,0.0,0.46056920289993286,0.0,3.266936779022217
K,10,8,2025-05-09,2025-07-04,0.0,0.480778306722641,0.0,3.2871458530426025
K,10,8,2025-05-16,2025-07-11,1.0,0.7376415133476257,0.0,3.544009208679199
K,10,8,2025-05-23,2025-07-18,0.0,0.8812611699104309,0.0,3.687628746032715
K,10,8,2025-05-30,2025-07-25,3.0,1.0304129123687744,0.0,3.836780548095703
K,10,8,2025-06-06,2025-08-01,15.0,3.1453192234039307,0.0,5.951686859130859
K,10,8,2025-06-13,2025-08-08,10.0,1.1477787494659424,0.0,3.954146385192871
K,10,8,2025-06-20,2025-08-15,0.0,1.2085177898406982,0.0,4.014885425567627
K,10,8,2025-06-27,2025-08-22,1.0,1.2752985954284668,0.0,4.081665992736816
K,10,8,2025-07-04,2025-08-29,1.0,0.6081904172897339,0.0,3.414557933807373
K,10,8,2025-07-11,2025-09-05,,0.9837538599967957,0.0,3.790121555328369
K,10,8,2025-07-18,2025-09-12,,1.6636879444122314,0.0,4.47005558013916
K,10,8,2025-07-25,2025-09-19,,0.9162029027938843,0.0,3.7225704193115234
K,10,8,2025-08-01,2025-09-26,,0.6977269053459167,0.0,3.5040946006774902
K,10,8,2025-08-08,2025-10-03,,0.41209152340888977,0.0,3.218459129333496
K,10,8,2025-08-15,2025-10-10,,0.0,0.0,11.854681015014648
K,10,8,2025-08-22,2025-10-17,,0.0027953237295150757,0.0,11.857476234436035
K,10,12,2023-02-17,2023-05-12,0.0,0.0,0.0,2.0
K,10,12,2023-02-24,2023-05-19,0.0,0.0,0.0,2.0
K,10,12,2023-03-03,2023-05-26,0.0,0.0,0.0,2.0
K,10,12,2023-03-10,2023-06-02,0.0,0.0,0.0,2.0
K,10,12,2023-03-17,2023-06-09,0.0,0.0,0.0,2.0
K,10,12,2023-03-24,2023-06-16,0.0,0.0,0.0,2.0
K,10,12,2023-03-31,2023-06-23,1.0,0.0,0.0,2.0
K,10,12,2023-04-07,2023-06-30,0.0,0.0,0.0,2.0
K,10,12,2023-04-14,2023-07-07,0.0,0.0,0.0,2.0
K,10,12,2023-04-21,2023-07-14,0.0,0.0,0.0,2.0
K,10,12,2023-04-28,2023-07-21,0.0,0.0,0.0,2.0
K,10,12,2023-05-05,2023-07-28,4.0,0.0,0.0,2.0
K,10,12,2023-05-12,2023-08-04,1.0,0.0,0.0,2.0
K,10,12,2023-05-19,2023-08-11,4.0,0.0,0.0,2.0
K,10,12,2023-05-26,2023-08-18,0.0,0.0,0.0,2.0
K,10,12,2023-06-02,2023-08-25,1.0,0.0,0.0,2.0
K,10,12,2023-06-09,2023-09-01,0.0,0.0,0.0,2.0
K,10,12,2023-06-16,2023-09-08,0.0,0.0,0.0,2.0
K,10,12,2023-06-23,2023-09-15,1.0,0.0,0.0,2.0
K,10,12,2023-06-30,2023-09-22,2.0,0.0,0.0,2.0
K,10,12,2023-07-07,2023-09-29,0.0,0.0,0.0,2.0
K,10,12,2023-07-14,2023-10-06,0.0,0.0,0.0,2.0
K,10,12,2023-07-21,2023-10-13,0.0,0.0,0.0,2.0
K,10,12,2023-07-28,2023-10-20,0.0,0.0,0.0,2.0
K,10,12,2023-08-04,2023-10-27,0.0,0.0,0.0,2.0
K,10,12,2023-08-11,2023-11-03,2.0,0.0,0.0,4.0
K,10,12,2023-08-18,2023-11-10,0.0,0.0,0.0,4.0
K,10,12,2023-08-25,2023-11-17,0.0,0.0,0.0,4.0
K,10,12,2023-09-01,2023-11-24,0.0,0.0,0.0,4.0
K,10,12,2023-09-08,2023-12-01,0.0,0.0,0.0,4.0
K,10,12,2023-09-15,2023-12-08,1.0,0.0,0.0,4.0
K,10,12,2023-09-22,2023-12-15,0.0,0.0,0.0,4.0
K,10,12,2023-09-29,2023-12-22,0.0,0.0,0.0,4.0
K,10,12,2023-10-06,2023-12-29,0.0,0.0,0.0,4.0
K,10,12,2023-10-13,2024-01-05,0.0,0.0,0.0,4.0
K,10,12,2023-10-20,2024-01-12,0.0,0.0,0.0,4.0
K,10,12,2023-10-27,2024-01-19,0.0,0.0,0.0,4.0
K,10,12,2023-11-03,2024-01-26,0.0,0.0,0.0,4.0
K,10,12,2023-11-10,2024-02-02,0.0,0.0,0.0,4.0
K,10,12,2023-11-17,2024-02-09,0.0,0.0,0.0,4.0
K,10,12,2023-11-24,2024-02-16,0.0,0.0,0.0,4.0
K,10,12,2023-12-01,2024-02-23,0.0,0.0,0.0,4.0
K,10,12,2023-12-08,2024-03-01,0.0,0.0,0.0,4.0
K,10,12,2023-12-15,2024-03-08,0.0,0.0,0.0,4.0
K,10,12,2023-12-22,2024-03-15,0.0,0.0,0.0,4.0
K,10,12,2023-12-29,2024-03-22,0.0,0.0,0.0,4.0
K,10,12,2024-01-05,2024-03-29,0.0,0.0,0.0,4.0
K,10,12,2024-01-12,2024-04-05,0.0,0.0,0.0,4.0
K,10,12,2024-01-19,2024-04-12,1.0,0.0,0.0,4.0
K,10,12,2024-01-26,2024-04-19,0.0,0.0,0.0,4.0
K,10,12,2024-02-02,2024-04-26,0.0,0.0,0.0,4.0
K,10,12,2024-02-09,2024-05-03,0.0,0.0,0.0,4.0
K,10,12,2024-02-16,2024-05-10,1.0,0.0,0.0,4.0
K,10,12,2024-02-23,2024-05-17,0.0,0.0,0.0,4.0
K,10,12,2024-03-01,2024-05-24,1.0,0.0,0.0,4.0
K,10,12,2024-03-08,2024-05-31,0.0,0.0,0.0,4.0
K,10,12,2024-03-15,2024-06-07,1.0,0.0,0.0,4.0
K,10,12,2024-03-22,2024-06-14,0.0,0.0,0.0,4.0
K,10,12,2024-03-29,2024-06-21,0.0,0.0,0.0,4.0
K,10,12,2024-04-05,2024-06-28,1.0,0.0,0.0,4.0
K,10,12,2024-04-12,2024-07-05,2.0,0.0,0.0,4.0
K,10,12,2024-04-19,2024-07-12,1.0,0.0,0.0,4.0
K,10,12,2024-04-26,2024-07-19,1.0,0.0,0.0,4.0
K,10,12,2024-05-03,2024-07-26,1.0,0.0,0.0,4.0
K,10,12,2024-05-10,2024-08-02,1.0,0.0,0.0,4.0
K,10,12,2024-05-17,2024-08-09,5.0,0.0,0.0,4.0
K,10,12,2024-05-24,2024-08-16,3.0,0.0,0.0,4.0
K,10,12,2024-05-31,2024-08-23,1.0,0.0,0.0,4.0
K,10,12,2024-06-07,2024-08-30,1.0,0.0,0.0,4.0
K,10,12,2024-06-14,2024-09-06,0.0,0.0,0.0,4.0
K,10,12,2024-06-21,2024-09-13,6.0,0.0,0.0,4.0
K,10,12,2024-06-28,2024-09-20,5.0,0.0,0.0,4.0
K,10,12,2024-07-05,2024-09-27,2.0,0.0,0.0,4.0
K,10,12,2024-07-12,2024-10-04,0.0,0.0,0.0,4.0
K,10,12,2024-07-19,2024-10-11,0.0,0.0,0.0,4.0
K,10,12,2024-07-26,2024-10-18,1.0,0.0,0.0,4.0
K,10,12,2024-08-02,2024-10-25,2.0,0.0,0.0,4.0
K,10,12,2024-08-09,2024-11-01,1.0,0.0,0.0,4.0
K,10,12,2024-08-16,2024-11-08,1.0,0.0,0.0,4.0
K,10,12,2024-08-23,2024-11-15,0.0,0.0,0.0,5.0
K,10,12,2024-08-30,2024-11-22,0.0,0.0,0.0,5.0
K,10,12,2024-09-06,2024-11-29,0.0,0.0,0.0,5.0
K,10,12,2024-09-13,2024-12-06,0.0,0.0,0.0,5.0
K,10,12,2024-09-20,2024-12-13,1.0,0.0,0.0,5.0
K,10,12,2024-09-27,2024-12-20,1.0,0.0,0.0,6.0
K,10,12,2024-10-04,2024-12-27,0.0,0.0,0.0,6.0
K,10,12,2024-10-11,2025-01-03,0.0,0.0,0.0,6.0
K,10,12,2024-10-18,2025-01-10,0.0,0.0,0.0,6.0
K,10,12,2024-10-25,2025-01-17,0.0,0.0,0.0,6.0
K,10,12,2024-11-01,2025-01-24,0.0,0.0,0.0,6.0
K,10,12,2024-11-08,2025-01-31,0.0,0.0,0.0,6.0
K,10,12,2024-11-15,2025-02-07,0.0,0.0,0.0,6.0
K,10,12,2024-11-22,2025-02-14,1.0,0.0,0.0,6.0
K,10,12,2024-11-29,2025-02-21,1.0,0.0,0.0,6.0
K,10,12,2024-12-06,2025-02-28,0.0,0.0,0.0,6.0
K,10,12,2024-12-13,2025-03-07,1.0,0.0,0.0,6.0
K,10,12,2024-12-20,2025-03-14,0.0,0.0,0.0,6.0
K,10,12,2024-12-27,2025-03-21,0.0,0.0,0.0,6.0
K,10,12,2025-01-03,2025-03-28,0.0,0.0,0.0,6.0
K,10,12,2025-01-10,2025-04-04,0.0,0.0,0.0,6.0
K,10,12,2025-01-17,2025-04-11,0.0,0.0,0.0,6.0
K,10,12,2025-01-24,2025-04-18,0.0,0.0,0.0,6.0
K,10,12,2025-01-31,2025-04-25,0.0,0.0,0.0,6.0
K,10,12,2025-02-07,2025-05-02,0.0,0.0,0.0,6.0
K,10,12,2025-02-14,2025-05-09,0.0,0.0,0.0,6.0
K,10,12,2025-02-21,2025-05-16,0.0,0.0,0.0,6.0
K,10,12,2025-02-28,2025-05-23,1.0,0.0,0.0,6.0
K,10,12,2025-03-07,2025-05-30,0.0,0.0,0.0,6.0
K,10,12,2025-03-14,2025-06-06,1.0,0.0,0.0,6.0
K,10,12,2025-03-21,2025-06-13,0.0,0.0,0.0,6.0
K,10,12,2025-03-28,2025-06-20,1.0,0.0,0.0,6.0
K,10,12,2025-04-04,2025-06-27,0.0,0.0,0.0,6.0
K,10,12,2025-04-11,2025-07-04,0.0,0.0,0.0,6.0
K,10,12,2025-04-18,2025-07-11,1.0,0.0,0.0,6.0
K,10,12,2025-04-25,2025-07-18,0.0,0.0,0.0,6.0
K,10,12,2025-05-02,2025-07-25,3.0,0.0,0.0,6.0
K,10,12,2025-05-09,2025-08-01,15.0,0.0,0.0,6.0
K,10,12,2025-05-16,2025-08-08,10.0,0.0,0.0,6.0
K,10,12,2025-05-23,2025-08-15,0.0,0.0,0.0,6.0
K,10,12,2025-05-30,2025-08-22,1.0,0.0,0.0,6.0
K,10,12,2025-06-06,2025-08-29,1.0,0.0,0.0,6.0
K,10,12,2025-06-13,2025-09-05,,0.0,0.0,6.0
K,10,12,2025-06-20,2025-09-12,,0.0,0.0,6.0
K,10,12,2025-06-27,2025-09-19,,0.0,0.0,6.0
K,10,12,2025-07-04,2025-09-26,,0.0,0.0,6.0
K,10,12,2025-07-11,2025-10-03,,0.0,0.0,6.0
K,10,12,2025-07-18,2025-10-10,,0.0,0.0,6.0
K,10,12,2025-07-25,2025-10-17,,0.0,0.0,6.0
K,10,12,2025-08-01,2025-10-24,,0.0,0.0,6.0
K,10,12,2025-08-08,2025-10-31,,0.0,0.0,6.0
K,10,12,2025-08-15,2025-11-07,,0.0,0.0,15.0
K,10,12,2025-08-22,2025-11-14,,0.0,0.0,15.0
L,11,1,2023-02-17,2023-02-24,0.0,0.0,0.0,1.0
L,11,1,2023-02-24,2023-03-03,0.0,0.0,0.0,1.0
L,11,1,2023-03-03,2023-03-10,0.0,0.0,0.0,1.0
L,11,1,2023-03-10,2023-03-17,0.0,0.0,0.0,1.0
L,11,1,2023-03-17,2023-03-24,0.0,0.0,0.0,1.0
L,11,1,2023-03-24,2023-03-31,0.0,0.0,0.0,1.0
L,11,1,2023-03-31,2023-04-07,0.0,0.0,0.0,1.0
L,11,1,2023-04-07,2023-04-14,0.0,0.0,0.0,1.0
L,11,1,2023-04-14,2023-04-21,0.0,0.0,0.0,1.0
L,11,1,2023-04-21,2023-04-28,0.0,0.0,0.0,1.0
L,11,1,2023-04-28,2023-05-05,0.0,0.0,0.0,1.0
L,11,1,2023-05-05,2023-05-12,0.0,0.0,0.0,1.0
L,11,1,2023-05-12,2023-05-19,0.0,0.0,0.0,1.0
L,11,1,2023-05-19,2023-05-26,0.0,0.0,0.0,1.0
L,11,1,2023-05-26,2023-06-02,0.0,0.0,0.0,1.0
L,11,1,2023-06-02,2023-06-09,0.0,0.0,0.0,1.0
L,11,1,2023-06-09,2023-06-16,0.0,0.0,0.0,1.0
L,11,1,2023-06-16,2023-06-23,0.0,0.0,0.0,1.0
L,11,1,2023-06-23,2023-06-30,0.0,0.0,0.0,1.0
L,11,1,2023-06-30,2023-07-07,1.0,0.0,0.0,1.0
L,11,1,2023-07-07,2023-07-14,0.0,0.0,0.0,1.0
L,11,1,2023-07-14,2023-07-21,1.0,0.0,0.0,1.0
L,11,1,2023-07-21,2023-07-28,1.0,0.0,0.0,1.0
L,11,1,2023-07-28,2023-08-04,0.0,1.3272812366485596,1.3272812366485596,2.3272812366485596
L,11,1,2023-08-04,2023-08-11,1.0,0.7300258874893188,0.7300258874893188,1.7300258874893188
L,11,1,2023-08-11,2023-08-18,1.0,0.0,0.0,1.0
L,11,1,2023-08-18,2023-08-25,0.0,0.0,0.0,1.0
L,11,1,2023-08-25,2023-09-01,0.0,0.0,0.0,1.0
L,11,1,2023-09-01,2023-09-08,0.0,0.0,0.0,1.0
L,11,1,2023-09-08,2023-09-15,3.0,0.0,0.0,1.0
L,11,1,2023-09-15,2023-09-22,0.0,0.0,0.0,1.0
L,11,1,2023-09-22,2023-09-29,0.0,0.0,0.0,1.0
L,11,1,2023-09-29,2023-10-06,0.0,0.0,0.0,3.0
L,11,1,2023-10-06,2023-10-13,1.0,0.0,0.0,3.0
L,11,1,2023-10-13,2023-10-20,1.0,0.0,0.0,3.0
L,11,1,2023-10-20,2023-10-27,0.0,0.0,0.0,3.0
L,11,1,2023-10-27,2023-11-03,1.0,0.0,0.0,3.0
L,11,1,2023-11-03,2023-11-10,0.0,0.0,0.0,3.0
L,11,1,2023-11-10,2023-11-17,0.0,0.0,0.0,3.0
L,11,1,2023-11-17,2023-11-24,0.0,0.0,0.0,3.0
L,11,1,2023-11-24,2023-12-01,0.0,0.0,0.0,3.0
L,11,1,2023-12-01,2023-12-08,0.0,0.0,0.0,3.0
L,11,1,2023-12-08,2023-12-15,0.0,0.0,0.0,3.0
L,11,1,2023-12-15,2023-12-22,0.0,0.0,0.0,3.0
L,11,1,2023-12-22,2023-12-29,0.0,0.0,0.0,3.0
L,11,1,2023-12-29,2024-01-05,0.0,0.0,0.0,3.0
L,11,1,2024-01-05,2024-01-12,0.0,0.0,0.0,3.0
L,11,1,2024-01-12,2024-01-19,0.0,0.0,0.0,3.0
L,11,1,2024-01-19,2024-01-26,0.0,0.0,0.0,3.0
L,11,1,2024-01-26,2024-02-02,0.0,0.0,0.0,3.0
L,11,1,2024-02-02,2024-02-09,0.0,0.0,0.0,3.0
L,11,1,2024-02-09,2024-02-16,0.0,0.0,0.0,3.0
L,11,1,2024-02-16,2024-02-23,0.0,0.0,0.0,3.0
L,11,1,2024-02-23,2024-03-01,0.0,0.0,0.0,3.0
L,11,1,2024-03-01,2024-03-08,0.0,0.0,0.0,3.0
L,11,1,2024-03-08,2024-03-15,0.0,0.0,0.0,3.0
L,11,1,2024-03-15,2024-03-22,0.0,0.0,0.0,3.0
L,11,1,2024-03-22,2024-03-29,0.0,0.0,0.0,3.0
L,11,1,2024-03-29,2024-04-05,0.0,0.0,0.0,3.0
L,11,1,2024-04-05,2024-04-12,0.0,0.0,0.0,3.0
L,11,1,2024-04-12,2024-04-19,0.0,0.0,0.0,3.0
L,11,1,2024-04-19,2024-04-26,0.0,0.0,0.0,3.0
L,11,1,2024-04-26,2024-05-03,0.0,0.0,0.0,3.0
L,11,1,2024-05-03,2024-05-10,0.0,0.0,0.0,3.0
L,11,1,2024-05-10,2024-05-17,0.0,0.0,0.0,3.0
L,11,1,2024-05-17,2024-05-24,0.0,0.0,0.0,3.0
L,11,1,2024-05-24,2024-05-31,0.0,0.0,0.0,3.0
L,11,1,2024-05-31,2024-06-07,0.0,0.0,0.0,3.0
L,11,1,2024-06-07,2024-06-14,0.0,0.0,0.0,3.0
L,11,1,2024-06-14,2024-06-21,1.0,0.0,0.0,3.0
L,11,1,2024-06-21,2024-06-28,1.0,0.0,0.0,3.0
L,11,1,2024-06-28,2024-07-05,0.0,0.0,0.0,3.0
L,11,1,2024-07-05,2024-07-12,0.0,0.0,0.0,3.0
L,11,1,2024-07-12,2024-07-19,0.0,0.0,0.0,3.0
L,11,1,2024-07-19,2024-07-26,1.0,0.0,0.0,3.0
L,11,1,2024-07-26,2024-08-02,8.0,1.8015546798706055,0.4742734432220459,4.8015546798706055
L,11,1,2024-08-02,2024-08-09,4.0,1.6339976787567139,0.3067164421081543,4.633997917175293
L,11,1,2024-08-09,2024-08-16,0.0,0.0,0.0,3.0
L,11,1,2024-08-16,2024-08-23,1.0,0.0,0.0,6.1984453201293945
L,11,1,2024-08-23,2024-08-30,0.0,0.0,0.0,6.1984453201293945
L,11,1,2024-08-30,2024-09-06,0.0,0.12990139424800873,0.12990139424800873,6.3283467292785645
L,11,1,2024-09-06,2024-09-13,0.0,1.682602047920227,1.682602047920227,7.881047248840332
L,11,1,2024-09-13,2024-09-20,1.0,0.6325576901435852,0.6325576901435852,6.831003189086914
L,11,1,2024-09-20,2024-09-27,0.0,0.0,0.0,6.1984453201293945
L,11,1,2024-09-27,2024-10-04,0.0,0.0,0.0,6.1984453201293945
L,11,1,2024-10-04,2024-10-11,0.0,0.0,0.0,6.1984453201293945
L,11,1,2024-10-11,2024-10-18,0.0,0.0,0.0,6.1984453201293945
L,11,1,2024-10-18,2024-10-25,0.0,0.0,0.0,6.1984453201293945
L,11,1,2024-10-25,2024-11-01,1.0,0.0,0.0,6.1984453201293945
L,11,1,2024-11-01,2024-11-08,0.0,0.044787317514419556,0.0,6.243232727050781
L,11,1,2024-11-08,2024-11-15,0.0,0.0,0.0,6.1984453201293945
L,11,1,2024-11-15,2024-11-22,0.0,0.0,0.0,6.1984453201293945
L,11,1,2024-11-22,2024-11-29,0.0,0.0,0.0,6.1984453201293945
L,11,1,2024-11-29,2024-12-06,0.0,0.0,0.0,6.1984453201293945
L,11,1,2024-12-06,2024-12-13,0.0,0.0,0.0,6.1984453201293945
L,11,1,2024-12-13,2024-12-20,0.0,0.0,0.0,6.1984453201293945
L,11,1,2024-12-20,2024-12-27,0.0,0.0,0.0,6.1984453201293945
L,11,1,2024-12-27,2025-01-03,0.0,0.0,0.0,6.1984453201293945
L,11,1,2025-01-03,2025-01-10,0.0,0.0,0.0,6.1984453201293945
L,11,1,2025-01-10,2025-01-17,0.0,0.0,0.0,6.1984453201293945
L,11,1,2025-01-17,2025-01-24,0.0,0.0,0.0,6.1984453201293945
L,11,1,2025-01-24,2025-01-31,0.0,0.0,0.0,6.1984453201293945
L,11,1,2025-01-31,2025-02-07,0.0,0.0,0.0,6.1984453201293945
L,11,1,2025-02-07,2025-02-14,0.0,0.0,0.0,6.1984453201293945
L,11,1,2025-02-14,2025-02-21,0.0,0.0,0.0,6.1984453201293945
L,11,1,2025-02-21,2025-02-28,0.0,0.0,0.0,6.1984453201293945
L,11,1,2025-02-28,2025-03-07,0.0,0.0,0.0,6.1984453201293945
L,11,1,2025-03-07,2025-03-14,0.0,0.0,0.0,6.1984453201293945
L,11,1,2025-03-14,2025-03-21,0.0,0.0,0.0,6.1984453201293945
L,11,1,2025-03-21,2025-03-28,0.0,0.0,0.0,6.1984453201293945
L,11,1,2025-03-28,2025-04-04,0.0,0.0,0.0,6.1984453201293945
L,11,1,2025-04-04,2025-04-11,0.0,0.0,0.0,6.1984453201293945
L,11,1,2025-04-11,2025-04-18,0.0,0.0,0.0,6.1984453201293945
L,11,1,2025-04-18,2025-04-25,0.0,0.0,0.0,6.1984453201293945
L,11,1,2025-04-25,2025-05-02,0.0,0.0,0.0,6.1984453201293945
L,11,1,2025-05-02,2025-05-09,0.0,0.0,0.0,6.1984453201293945
L,11,1,2025-05-09,2025-05-16,0.0,0.0,0.0,6.1984453201293945
L,11,1,2025-05-16,2025-05-23,0.0,0.0,0.0,6.1984453201293945
L,11,1,2025-05-23,2025-05-30,0.0,0.0,0.0,6.1984453201293945
L,11,1,2025-05-30,2025-06-06,0.0,0.0,0.0,6.1984453201293945
L,11,1,2025-06-06,2025-06-13,0.0,0.0,0.0,6.1984453201293945
L,11,1,2025-06-13,2025-06-20,0.0,0.0,0.0,6.1984453201293945
L,11,1,2025-06-20,2025-06-27,1.0,0.0,0.0,6.1984453201293945
L,11,1,2025-06-27,2025-07-04,0.0,0.0,0.0,6.1984453201293945
L,11,1,2025-07-04,2025-07-11,0.0,0.0,0.0,6.1984453201293945
L,11,1,2025-07-11,2025-07-18,2.0,0.0,0.0,6.1984453201293945
L,11,1,2025-07-18,2025-07-25,2.0,1.878733515739441,0.19613146781921387,8.077178955078125
L,11,1,2025-07-25,2025-08-01,8.0,3.8010735511779785,2.118471622467041,9.999519348144531
L,11,1,2025-08-01,2025-08-08,7.0,3.3261656761169434,1.6435636281967163,9.52461051940918
L,11,1,2025-08-08,2025-08-15,0.0,0.0,0.0,6.1984453201293945
L,11,1,2025-08-15,2025-08-22,1.0,0.0,0.0,4.1989264488220215
L,11,1,2025-08-22,2025-08-29,0.0,0.0,0.0,4.1989264488220215
L,11,2,2023-02-17,2023-03-03,0.0,0.0,0.0,1.0
L,11,2,2023-02-24,2023-03-10,0.0,0.0,0.0,1.0
L,11,2,2023-03-03,2023-03-17,0.0,0.0,0.0,1.0
L,11,2,2023-03-10,2023-03-24,0.0,0.0,0.0,1.0
L,11,2,2023-03-17,2023-03-31,0.0,0.0,0.0,1.0
L,11,2,2023-03-24,2023-04-07,0.0,0.0,0.0,1.0
L,11,2,2023-03-31,2023-04-14,0.0,0.0,0.0,1.0
L,11,2,2023-04-07,2023-04-21,0.0,0.0,0.0,1.0
L,11,2,2023-04-14,2023-04-28,0.0,0.0,0.0,1.0
L,11,2,2023-04-21,2023-05-05,0.0,0.0,0.0,1.0
L,11,2,2023-04-28,2023-05-12,0.0,0.0,0.0,1.0
L,11,2,2023-05-05,2023-05-19,0.0,0.0,0.0,1.0
L,11,2,2023-05-12,2023-05-26,0.0,0.0,0.0,1.0
L,11,2,2023-05-19,2023-06-02,0.0,0.0,0.0,1.0
L,11,2,2023-05-26,2023-06-09,0.0,0.0,0.0,1.0
L,11,2,2023-06-02,2023-06-16,0.0,0.0,0.0,1.0
L,11,2,2023-06-09,2023-06-23,0.0,0.24521341919898987,0.11903314292430878,1.2452133893966675
L,11,2,2023-06-16,2023-06-30,0.0,0.0,0.0,1.0
L,11,2,2023-06-23,2023-07-07,1.0,0.03318772837519646,0.0,1.033187747001648
L,11,2,2023-06-30,2023-07-14,0.0,0.0,0.0,1.0
L,11,2,2023-07-07,2023-07-21,1.0,0.13280931115150452,0.0,1.1328092813491821
L,11,2,2023-07-14,2023-07-28,1.0,0.4382132887840271,0.19299986958503723,1.4382133483886719
L,11,2,2023-07-21,2023-08-04,0.0,0.3458019495010376,0.10058853030204773,1.3458019495010376
L,11,2,2023-07-28,2023-08-11,1.0,1.1526228189468384,0.9074094295501709,2.152622699737549
L,11,2,2023-08-04,2023-08-18,1.0,0.0791449248790741,0.0,1.0791449546813965
L,11,2,2023-08-11,2023-08-25,0.0,0.0,0.0,1.0
L,11,2,2023-08-18,2023-09-01,0.0,0.0,0.0,1.0
L,11,2,2023-08-25,2023-09-08,0.0,0.33639419078826904,0.0,1.336394190788269
L,11,2,2023-09-01,2023-09-15,3.0,0.3922477066516876,0.046445757150650024,1.3922476768493652
L,11,2,2023-09-08,2023-09-22,0.0,0.10735055804252625,0.0,1.1073505878448486
L,11,2,2023-09-15,2023-09-29,0.0,0.0,0.0,1.0
L,11,2,2023-09-22,2023-10-06,0.0,0.23956160247325897,0.0,1.2395615577697754
L,11,2,2023-09-29,2023-10-13,1.0,0.3706441819667816,0.02484223246574402,2.978396415710449
L,11,2,2023-10-06,2023-10-20,1.0,0.0,0.0,2.6077523231506348
L,11,2,2023-10-13,2023-10-27,0.0,0.0,0.0,2.6077523231506348
L,11,2,2023-10-20,2023-11-03,1.0,0.0,0.0,2.6077523231506348
L,11,2,2023-10-27,2023-11-10,0.0,0.0,0.0,2.6077523231506348
L,11,2,2023-11-03,2023-11-17,0.0,0.0,0.0,2.6077523231506348
L,11,2,2023-11-10,2023-11-24,0.0,0.0,0.0,2.6077523231506348
L,11,2,2023-11-17,2023-12-01,0.0,0.0,0.0,2.6077523231506348
L,11,2,2023-11-24,2023-12-08,0.0,0.0,0.0,2.6077523231506348
L,11,2,2023-12-01,2023-12-15,0.0,0.0,0.0,2.6077523231506348
L,11,2,2023-12-08,2023-12-22,0.0,0.0,0.0,2.6077523231506348
L,11,2,2023-12-15,2023-12-29,0.0,0.0,0.0,2.6077523231506348
L,11,2,2023-12-22,2024-01-05,0.0,0.048059362918138504,0.0,2.6558117866516113
L,11,2,2023-12-29,2024-01-12,0.0,0.0,0.0,2.6077523231506348
L,11,2,2024-01-05,2024-01-19,0.0,0.0,0.0,2.6077523231506348
L,11,2,2024-01-12,2024-01-26,0.0,0.0,0.0,2.6077523231506348
L,11,2,2024-01-19,2024-02-02,0.0,0.0,0.0,2.6077523231506348
L,11,2,2024-01-26,2024-02-09,0.0,0.0,0.0,2.6077523231506348
L,11,2,2024-02-02,2024-02-16,0.0,0.0,0.0,2.6077523231506348
L,11,2,2024-02-09,2024-02-23,0.0,0.0,0.0,2.6077523231506348
L,11,2,2024-02-16,2024-03-01,0.0,0.0,0.0,2.6077523231506348
L,11,2,2024-02-23,2024-03-08,0.0,0.0,0.0,2.6077523231506348
L,11,2,2024-03-01,2024-03-15,0.0,0.0,0.0,2.6077523231506348
L,11,2,2024-03-08,2024-03-22,0.0,0.0,0.0,2.6077523231506348
L,11,2,2024-03-15,2024-03-29,0.0,0.0,0.0,2.6077523231506348
L,11,2,2024-03-22,2024-04-05,0.0,0.0,0.0,2.6077523231506348
L,11,2,2024-03-29,2024-04-12,0.0,0.0,0.0,2.6077523231506348
L,11,2,2024-04-05,2024-04-19,0.0,0.0,0.0,2.6077523231506348
L,11,2,2024-04-12,2024-04-26,0.0,0.0,0.0,2.6077523231506348
L,11,2,2024-04-19,2024-05-03,0.0,0.0,0.0,2.6077523231506348
L,11,2,2024-04-26,2024-05-10,0.0,0.0,0.0,2.6077523231506348
L,11,2,2024-05-03,2024-05-17,0.0,0.0,0.0,2.6077523231506348
L,11,2,2024-05-10,2024-05-24,0.0,0.0,0.0,2.6077523231506348
L,11,2,2024-05-17,2024-05-31,0.0,0.0,0.0,2.6077523231506348
L,11,2,2024-05-24,2024-06-07,0.0,0.08482956886291504,0.0,2.69258189201355
L,11,2,2024-05-31,2024-06-14,0.0,0.0,0.0,2.6077523231506348
L,11,2,2024-06-07,2024-06-21,1.0,0.026148643344640732,0.0,2.6339008808135986
L,11,2,2024-06-14,2024-06-28,1.0,0.12517261505126953,0.0,2.7329249382019043
L,11,2,2024-06-21,2024-07-05,0.0,0.45412319898605347,0.10832124948501587,3.061875581741333
L,11,2,2024-06-28,2024-07-12,0.0,0.25193166732788086,0.0,2.8596839904785156
L,11,2,2024-07-05,2024-07-19,0.0,0.2569800615310669,0.0,2.864732265472412
L,11,2,2024-07-12,2024-07-26,1.0,0.15974412858486176,0.0,2.767496347427368
L,11,2,2024-07-19,2024-08-02,8.0,0.6096042394638062,0.15548104047775269,3.2173566818237305
L,11,2,2024-07-26,2024-08-09,4.0,0.5387517809867859,0.08462858200073242,3.1465041637420654
L,11,2,2024-08-02,2024-08-16,0.0,0.10943908989429474,0.0,2.717191457748413
L,11,2,2024-08-09,2024-08-23,1.0,0.14601559937000275,0.0,2.753767967224121
L,11,2,2024-08-16,2024-08-30,0.0,0.18385252356529236,0.0,7.574248313903809
L,11,2,2024-08-23,2024-09-06,0.0,0.39544394612312317,0.0,7.785839557647705
L,11,2,2024-08-30,2024-09-13,0.0,1.5953164100646973,1.141193151473999,8.985712051391602
L,11,2,2024-09-06,2024-09-20,1.0,0.4898363947868347,0.03571319580078125,7.880231857299805
L,11,2,2024-09-13,2024-09-27,0.0,0.28014495968818665,0.0,7.670540809631348
L,11,2,2024-09-20,2024-10-04,0.0,0.0,0.0,7.390395641326904
L,11,2,2024-09-27,2024-10-11,0.0,0.0,0.0,7.390395641326904
L,11,2,2024-10-04,2024-10-18,0.0,0.0,0.0,7.390395641326904
L,11,2,2024-10-11,2024-10-25,0.0,0.09522700309753418,0.0,7.485622406005859
L,11,2,2024-10-18,2024-11-01,1.0,0.31787994503974915,0.0,7.70827579498291
L,11,2,2024-10-25,2024-11-08,0.0,0.400704026222229,0.0,7.791099548339844
L,11,2,2024-11-01,2024-11-15,0.0,0.0,0.0,7.390395641326904
L,11,2,2024-11-08,2024-11-22,0.0,0.0,0.0,7.390395641326904
L,11,2,2024-11-15,2024-11-29,0.0,0.0,0.0,7.390395641326904
L,11,2,2024-11-22,2024-12-06,0.0,0.0,0.0,7.390395641326904
L,11,2,2024-11-29,2024-12-13,0.0,0.0,0.0,7.390395641326904
L,11,2,2024-12-06,2024-12-20,0.0,0.0,0.0,7.390395641326904
L,11,2,2024-12-13,2024-12-27,0.0,0.0,0.0,7.390395641326904
L,11,2,2024-12-20,2025-01-03,0.0,0.0,0.0,7.390395641326904
L,11,2,2024-12-27,2025-01-10,0.0,0.0,0.0,7.390395641326904
L,11,2,2025-01-03,2025-01-17,0.0,0.0,0.0,7.390395641326904
L,11,2,2025-01-10,2025-01-24,0.0,0.0,0.0,7.390395641326904
L,11,2,2025-01-17,2025-01-31,0.0,0.0,0.0,7.390395641326904
L,11,2,2025-01-24,2025-02-07,0.0,0.0,0.0,7.390395641326904
L,11,2,2025-01-31,2025-02-14,0.0,0.0,0.0,7.390395641326904
L,11,2,2025-02-07,2025-02-21,0.0,0.0,0.0,7.390395641326904
L,11,2,2025-02-14,2025-02-28,0.0,0.0,0.0,7.390395641326904
L,11,2,2025-02-21,2025-03-07,0.0,0.0,0.0,7.390395641326904
L,11,2,2025-02-28,2025-03-14,0.0,0.0,0.0,7.390395641326904
L,11,2,2025-03-07,2025-03-21,0.0,0.0,0.0,7.390395641326904
L,11,2,2025-03-14,2025-03-28,0.0,0.0,0.0,7.390395641326904
L,11,2,2025-03-21,2025-04-04,0.0,0.0,0.0,7.390395641326904
L,11,2,2025-03-28,2025-04-11,0.0,0.0,0.0,7.390395641326904
L,11,2,2025-04-04,2025-04-18,0.0,0.0,0.0,7.390395641326904
L,11,2,2025-04-11,2025-04-25,0.0,0.0,0.0,7.390395641326904
L,11,2,2025-04-18,2025-05-02,0.0,0.0,0.0,7.390395641326904
L,11,2,2025-04-25,2025-05-09,0.0,0.0,0.0,7.390395641326904
L,11,2,2025-05-02,2025-05-16,0.0,0.0,0.0,7.390395641326904
L,11,2,2025-05-09,2025-05-23,0.0,0.0,0.0,7.390395641326904
L,11,2,2025-05-16,2025-05-30,0.0,0.0,0.0,7.390395641326904
L,11,2,2025-05-23,2025-06-06,0.0,0.0,0.0,7.390395641326904
L,11,2,2025-05-30,2025-06-13,0.0,0.0,0.0,7.390395641326904
L,11,2,2025-06-06,2025-06-20,0.0,0.028675179928541183,0.0,7.419070720672607
L,11,2,2025-06-13,2025-06-27,1.0,0.0,0.0,7.390395641326904
L,11,2,2025-06-20,2025-07-04,0.0,0.05454602465033531,0.0,7.444941520690918
L,11,2,2025-06-27,2025-07-11,0.0,0.3046852648258209,0.0,7.695080757141113
L,11,2,2025-07-04,2025-07-18,2.0,0.9339598417282104,0.0,8.324355125427246
L,11,2,2025-07-11,2025-07-25,2.0,0.49712809920310974,0.0,7.887523651123047
L,11,2,2025-07-18,2025-08-01,8.0,1.9684408903121948,0.37312448024749756,9.35883617401123
L,11,2,2025-07-25,2025-08-08,7.0,1.9181922674179077,0.32287585735321045,9.308588027954102
L,11,2,2025-08-01,2025-08-15,0.0,0.5691409707069397,0.0,7.959536552429199
L,11,2,2025-08-08,2025-08-22,1.0,0.11237923800945282,0.0,7.502774715423584
L,11,2,2025-08-15,2025-08-29,0.0,0.2874959409236908,0.0,6.319055080413818
L,11,2,2025-08-22,2025-09-05,,0.9732667803764343,0.0,7.004825592041016
L,11,4,2023-02-17,2023-03-17,0.0,0.0,0.0,1.0
L,11,4,2023-02-24,2023-03-24,0.0,0.0,0.0,1.0
L,11,4,2023-03-03,2023-03-31,0.0,0.0,0.0,1.0
L,11,4,2023-03-10,2023-04-07,0.0,0.0,0.0,1.0
L,11,4,2023-03-17,2023-04-14,0.0,0.0,0.0,1.0
L,11,4,2023-03-24,2023-04-21,0.0,0.0,0.0,1.0
L,11,4,2023-03-31,2023-04-28,0.0,0.0,0.0,1.0
L,11,4,2023-04-07,2023-05-05,0.0,0.0,0.0,1.0
L,11,4,2023-04-14,2023-05-12,0.0,0.0,0.0,1.0
L,11,4,2023-04-21,2023-05-19,0.0,0.0,0.0,1.0
L,11,4,2023-04-28,2023-05-26,0.0,0.0,0.0,1.0
L,11,4,2023-05-05,2023-06-02,0.0,0.0,0.0,1.0
L,11,4,2023-05-12,2023-06-09,0.0,0.0,0.0,1.0
L,11,4,2023-05-19,2023-06-16,0.0,0.0,0.0,1.0
L,11,4,2023-05-26,2023-06-23,0.0,0.0,0.0,1.0
L,11,4,2023-06-02,2023-06-30,0.0,0.0,0.0,1.0
L,11,4,2023-06-09,2023-07-07,1.0,0.3508078157901764,0.0,1.350807785987854
L,11,4,2023-06-16,2023-07-14,0.0,0.0,0.0,1.0
L,11,4,2023-06-23,2023-07-21,1.0,0.41226431727409363,0.0,1.412264347076416
L,11,4,2023-06-30,2023-07-28,1.0,0.5083765983581543,0.0,1.5083765983581543
L,11,4,2023-07-07,2023-08-04,0.0,0.9234598278999329,0.26110130548477173,1.923459768295288
L,11,4,2023-07-14,2023-08-11,1.0,1.2996413707733154,0.6372828483581543,2.2996413707733154
L,11,4,2023-07-21,2023-08-18,1.0,0.09321310371160507,0.0,1.0932130813598633
L,11,4,2023-07-28,2023-08-25,0.0,0.5065078735351562,0.02545797824859619,1.5065078735351562
L,11,4,2023-08-04,2023-09-01,0.0,0.36126959323883057,0.0,1.3612695932388306
L,11,4,2023-08-11,2023-09-08,0.0,0.4296359717845917,0.0,1.429636001586914
L,11,4,2023-08-18,2023-09-15,3.0,0.4624937176704407,0.0,1.462493658065796
L,11,4,2023-08-25,2023-09-22,0.0,0.0,0.0,1.0
L,11,4,2023-09-01,2023-09-29,0.0,0.12001097202301025,0.0,1.1200109720230103
L,11,4,2023-09-08,2023-10-06,0.0,0.0,0.0,1.0
L,11,4,2023-09-15,2023-10-13,1.0,0.0,0.0,1.0
L,11,4,2023-09-22,2023-10-20,1.0,0.8103503584861755,0.0,1.8103504180908203
L,11,4,2023-09-29,2023-10-27,0.0,0.3055707514286041,0.0,2.8430771827697754
L,11,4,2023-10-06,2023-11-03,1.0,0.0,0.0,2.537506341934204
L,11,4,2023-10-13,2023-11-10,0.0,0.296653151512146,0.0,2.8341593742370605
L,11,4,2023-10-20,2023-11-17,0.0,0.0,0.0,2.537506341934204
L,11,4,2023-10-27,2023-11-24,0.0,0.0,0.0,2.537506341934204
L,11,4,2023-11-03,2023-12-01,0.0,0.0,0.0,2.537506341934204
L,11,4,2023-11-10,2023-12-08,0.0,0.0,0.0,2.537506341934204
L,11,4,2023-11-17,2023-12-15,0.0,0.0,0.0,2.537506341934204
L,11,4,2023-11-24,2023-12-22,0.0,0.0,0.0,2.537506341934204
L,11,4,2023-12-01,2023-12-29,0.0,0.0,0.0,2.537506341934204
L,11,4,2023-12-08,2024-01-05,0.0,0.0,0.0,2.537506341934204
L,11,4,2023-12-15,2024-01-12,0.0,0.0,0.0,2.537506341934204
L,11,4,2023-12-22,2024-01-19,0.0,0.0,0.0,2.537506341934204
L,11,4,2023-12-29,2024-01-26,0.0,0.0,0.0,2.537506341934204
L,11,4,2024-01-05,2024-02-02,0.0,0.0,0.0,2.537506341934204
L,11,4,2024-01-12,2024-02-09,0.0,0.0,0.0,2.537506341934204
L,11,4,2024-01-19,2024-02-16,0.0,0.0,0.0,2.537506341934204
L,11,4,2024-01-26,2024-02-23,0.0,0.0,0.0,2.537506341934204
L,11,4,2024-02-02,2024-03-01,0.0,0.0,0.0,2.537506341934204
L,11,4,2024-02-09,2024-03-08,0.0,0.0,0.0,2.537506341934204
L,11,4,2024-02-16,2024-03-15,0.0,0.0,0.0,2.537506341934204
L,11,4,2024-02-23,2024-03-22,0.0,0.0,0.0,2.537506341934204
L,11,4,2024-03-01,2024-03-29,0.0,0.0,0.0,2.537506341934204
L,11,4,2024-03-08,2024-04-05,0.0,0.0,0.0,2.537506341934204
L,11,4,2024-03-15,2024-04-12,0.0,0.0,0.0,2.537506341934204
L,11,4,2024-03-22,2024-04-19,0.0,0.0,0.0,2.537506341934204
L,11,4,2024-03-29,2024-04-26,0.0,0.0,0.0,2.537506341934204
L,11,4,2024-04-05,2024-05-03,0.0,0.0,0.0,2.537506341934204
L,11,4,2024-04-12,2024-05-10,0.0,0.0,0.0,2.537506341934204
L,11,4,2024-04-19,2024-05-17,0.0,0.0,0.0,2.537506341934204
L,11,4,2024-04-26,2024-05-24,0.0,0.0,0.0,2.537506341934204
L,11,4,2024-05-03,2024-05-31,0.0,0.0,0.0,2.537506341934204
L,11,4,2024-05-10,2024-06-07,0.0,0.0,0.0,2.537506341934204
L,11,4,2024-05-17,2024-06-14,0.0,0.0,0.0,2.537506341934204
L,11,4,2024-05-24,2024-06-21,1.0,0.0,0.0,2.537506341934204
L,11,4,2024-05-31,2024-06-28,1.0,0.0,0.0,2.537506341934204
L,11,4,2024-06-07,2024-07-05,0.0,0.2727607190608978,0.0,2.8102669715881348
L,11,4,2024-06-14,2024-07-12,0.0,0.8650082349777222,0.0,3.4025144577026367
L,11,4,2024-06-21,2024-07-19,0.0,1.802371621131897,0.8789117932319641,4.339878082275391
L,11,4,2024-06-28,2024-07-26,1.0,1.1104867458343506,0.18702691793441772,3.6479930877685547
L,11,4,2024-07-05,2024-08-02,8.0,0.8824504017829895,0.0,3.419956684112549
L,11,4,2024-07-12,2024-08-09,4.0,0.9702155590057373,0.04675573110580444,3.5077219009399414
L,11,4,2024-07-19,2024-08-16,0.0,0.8334938883781433,0.0,3.371000289916992
L,11,4,2024-07-26,2024-08-23,1.0,0.8759415149688721,0.0,3.413447856903076
L,11,4,2024-08-02,2024-08-30,0.0,1.5110328197479248,0.0,4.048539161682129
L,11,4,2024-08-09,2024-09-06,0.0,2.021998405456543,0.219626784324646,4.559504508972168
L,11,4,2024-08-16,2024-09-13,0.0,1.5526409149169922,0.0,8.670190811157227
L,11,4,2024-08-23,2024-09-20,1.0,1.0389372110366821,0.0,8.156486511230469
L,11,4,2024-08-30,2024-09-27,0.0,0.9047946929931641,0.0,8.022344589233398
L,11,4,2024-09-06,2024-10-04,0.0,0.4124070703983307,0.0,7.529956340789795
L,11,4,2024-09-13,2024-10-11,0.0,0.0,0.0,7.117549419403076
L,11,4,2024-09-20,2024-10-18,0.0,0.0,0.0,7.117549419403076
L,11,4,2024-09-27,2024-10-25,0.0,0.016015931963920593,0.0,7.133565425872803
L,11,4,2024-10-04,2024-11-01,1.0,0.0,0.0,7.117549419403076
L,11,4,2024-10-11,2024-11-08,0.0,0.0,0.0,7.117549419403076
L,11,4,2024-10-18,2024-11-15,0.0,0.0,0.0,7.117549419403076
L,11,4,2024-10-25,2024-11-22,0.0,0.0,0.0,7.117549419403076
L,11,4,2024-11-01,2024-11-29,0.0,0.0,0.0,7.117549419403076
L,11,4,2024-11-08,2024-12-06,0.0,0.0,0.0,7.117549419403076
L,11,4,2024-11-15,2024-12-13,0.0,0.24432557821273804,0.0,7.361875057220459
L,11,4,2024-11-22,2024-12-20,0.0,0.0,0.0,7.117549419403076
L,11,4,2024-11-29,2024-12-27,0.0,0.0,0.0,7.117549419403076
L,11,4,2024-12-06,2025-01-03,0.0,0.0,0.0,7.117549419403076
L,11,4,2024-12-13,2025-01-10,0.0,0.0,0.0,7.117549419403076
L,11,4,2024-12-20,2025-01-17,0.0,0.0,0.0,7.117549419403076
L,11,4,2024-12-27,2025-01-24,0.0,0.0,0.0,7.117549419403076
L,11,4,2025-01-03,2025-01-31,0.0,0.0,0.0,7.117549419403076
L,11,4,2025-01-10,2025-02-07,0.0,0.0,0.0,7.117549419403076
L,11,4,2025-01-17,2025-02-14,0.0,0.0,0.0,7.117549419403076
L,11,4,2025-01-24,2025-02-21,0.0,0.0,0.0,7.117549419403076
L,11,4,2025-01-31,2025-02-28,0.0,0.0,0.0,7.117549419403076
L,11,4,2025-02-07,2025-03-07,0.0,0.0,0.0,7.117549419403076
L,11,4,2025-02-14,2025-03-14,0.0,0.0,0.0,7.117549419403076
L,11,4,2025-02-21,2025-03-21,0.0,0.0,0.0,7.117549419403076
L,11,4,2025-02-28,2025-03-28,0.0,0.0,0.0,7.117549419403076
L,11,4,2025-03-07,2025-04-04,0.0,0.0,0.0,7.117549419403076
L,11,4,2025-03-14,2025-04-11,0.0,0.0,0.0,7.117549419403076
L,11,4,2025-03-21,2025-04-18,0.0,0.0,0.0,7.117549419403076
L,11,4,2025-03-28,2025-04-25,0.0,0.0,0.0,7.117549419403076
L,11,4,2025-04-04,2025-05-02,0.0,0.0,0.0,7.117549419403076
L,11,4,2025-04-11,2025-05-09,0.0,0.0,0.0,7.117549419403076
L,11,4,2025-04-18,2025-05-16,0.0,0.0,0.0,7.117549419403076
L,11,4,2025-04-25,2025-05-23,0.0,0.0,0.0,7.117549419403076
L,11,4,2025-05-02,2025-05-30,0.0,0.0,0.0,7.117549419403076
L,11,4,2025-05-09,2025-06-06,0.0,0.0,0.0,7.117549419403076
L,11,4,2025-05-16,2025-06-13,0.0,0.0,0.0,7.117549419403076
L,11,4,2025-05-23,2025-06-20,0.0,0.0,0.0,7.117549419403076
L,11,4,2025-05-30,2025-06-27,1.0,0.0,0.0,7.117549419403076
L,11,4,2025-06-06,2025-07-04,0.0,0.0,0.0,7.117549419403076
L,11,4,2025-06-13,2025-07-11,0.0,0.0,0.0,7.117549419403076
L,11,4,2025-06-20,2025-07-18,2.0,0.5571314096450806,0.0,7.674680709838867
L,11,4,2025-06-27,2025-07-25,2.0,0.8335447311401367,0.0,7.951094150543213
L,11,4,2025-07-04,2025-08-01,8.0,1.5893527269363403,0.0,8.706902503967285
L,11,4,2025-07-11,2025-08-08,7.0,0.981690526008606,0.0,8.09924030303955
L,11,4,2025-07-18,2025-08-15,0.0,2.199890613555908,0.17789220809936523,9.317440032958984
L,11,4,2025-07-25,2025-08-22,1.0,0.9628726840019226,0.0,8.080422401428223
L,11,4,2025-08-01,2025-08-29,0.0,1.1271743774414062,0.0,8.24472427368164
L,11,4,2025-08-08,2025-09-05,,1.648923397064209,0.0,8.766472816467285
L,11,4,2025-08-15,2025-09-12,,0.9262917041778564,0.0,7.336938858032227
L,11,4,2025-08-22,2025-09-19,,0.9552456736564636,0.0,7.3658928871154785
L,11,8,2023-02-17,2023-04-14,0.0,0.0,0.0,1.0
L,11,8,2023-02-24,2023-04-21,0.0,0.0,0.0,1.0
L,11,8,2023-03-03,2023-04-28,0.0,0.0,0.0,1.0
L,11,8,2023-03-10,2023-05-05,0.0,0.0,0.0,1.0
L,11,8,2023-03-17,2023-05-12,0.0,0.0,0.0,1.0
L,11,8,2023-03-24,2023-05-19,0.0,0.0,0.0,1.0
L,11,8,2023-03-31,2023-05-26,0.0,0.0,0.0,1.0
L,11,8,2023-04-07,2023-06-02,0.0,0.0,0.0,1.0
L,11,8,2023-04-14,2023-06-09,0.0,0.03205843269824982,0.0,1.0320584774017334
L,11,8,2023-04-21,2023-06-16,0.0,0.0025002583861351013,0.0,1.002500295639038
L,11,8,2023-04-28,2023-06-23,0.0,0.0,0.0,1.0
L,11,8,2023-05-05,2023-06-30,0.0,0.0,0.0,1.0
L,11,8,2023-05-12,2023-07-07,1.0,0.009301483631134033,0.0,1.0093014240264893
L,11,8,2023-05-19,2023-07-14,0.0,0.07944226264953613,0.0,1.0794422626495361
L,11,8,2023-05-26,2023-07-21,1.0,0.16410115361213684,0.0,1.1641011238098145
L,11,8,2023-06-02,2023-07-28,1.0,0.2941713333129883,0.0,1.2941713333129883
L,11,8,2023-06-09,2023-08-04,0.0,0.9472177624702454,0.09490776062011719,1.9472177028656006
L,11,8,2023-06-16,2023-08-11,1.0,2.07285737991333,1.2205474376678467,3.07285737991333
L,11,8,2023-06-23,2023-08-18,1.0,0.6469202041625977,0.0,1.6469202041625977
L,11,8,2023-06-30,2023-08-25,0.0,1.440394639968872,0.5880846381187439,2.440394639968872
L,11,8,2023-07-07,2023-09-01,0.0,0.7453595995903015,0.0,1.7453596591949463
L,11,8,2023-07-14,2023-09-08,0.0,0.5138387084007263,0.0,1.513838768005371
L,11,8,2023-07-21,2023-09-15,3.0,0.029648400843143463,0.0,1.0296484231948853
L,11,8,2023-07-28,2023-09-22,0.0,0.6908226609230042,0.0,1.6908226013183594
L,11,8,2023-08-04,2023-09-29,0.0,1.7172818183898926,1.0243897438049316,2.7172818183898926
L,11,8,2023-08-11,2023-10-06,0.0,1.1625027656555176,0.4696107506752014,2.1625027656555176
L,11,8,2023-08-18,2023-10-13,1.0,0.3661820590496063,0.0,1.3661820888519287
L,11,8,2023-08-25,2023-10-20,1.0,0.0,0.0,1.0
L,11,8,2023-09-01,2023-10-27,0.0,0.0,0.0,1.0
L,11,8,2023-09-08,2023-11-03,1.0,0.0,0.0,1.0
L,11,8,2023-09-15,2023-11-10,0.0,0.0,0.0,1.0
L,11,8,2023-09-22,2023-11-17,0.0,0.0,0.0,1.0
L,11,8,2023-09-29,2023-11-24,0.0,0.0,0.0,2.9703516960144043
L,11,8,2023-10-06,2023-12-01,0.0,0.0,0.0,2.9703516960144043
L,11,8,2023-10-13,2023-12-08,0.0,0.0,0.0,2.9703516960144043
L,11,8,2023-10-20,2023-12-15,0.0,0.0,0.0,2.9703516960144043
L,11,8,2023-10-27,2023-12-22,0.0,0.0,0.0,2.9703516960144043
L,11,8,2023-11-03,2023-12-29,0.0,0.0,0.0,2.9703516960144043
L,11,8,2023-11-10,2024-01-05,0.0,0.0,0.0,2.9703516960144043
L,11,8,2023-11-17,2024-01-12,0.0,0.0,0.0,2.9703516960144043
L,11,8,2023-11-24,2024-01-19,0.0,0.0,0.0,2.9703516960144043
L,11,8,2023-12-01,2024-01-26,0.0,0.0,0.0,2.9703516960144043
L,11,8,2023-12-08,2024-02-02,0.0,0.0,0.0,2.9703516960144043
L,11,8,2023-12-15,2024-02-09,0.0,0.0,0.0,2.9703516960144043
L,11,8,2023-12-22,2024-02-16,0.0,0.0,0.0,2.9703516960144043
L,11,8,2023-12-29,2024-02-23,0.0,0.0,0.0,2.9703516960144043
L,11,8,2024-01-05,2024-03-01,0.0,0.0,0.0,2.9703516960144043
L,11,8,2024-01-12,2024-03-08,0.0,0.0,0.0,2.9703516960144043
L,11,8,2024-01-19,2024-03-15,0.0,0.0,0.0,2.9703516960144043
L,11,8,2024-01-26,2024-03-22,0.0,0.0,0.0,2.9703516960144043
L,11,8,2024-02-02,2024-03-29,0.0,0.0,0.0,2.9703516960144043
L,11,8,2024-02-09,2024-04-05,0.0,0.0,0.0,2.9703516960144043
L,11,8,2024-02-16,2024-04-12,0.0,0.0,0.0,2.9703516960144043
L,11,8,2024-02-23,2024-04-19,0.0,0.0,0.0,2.9703516960144043
L,11,8,2024-03-01,2024-04-26,0.0,0.0,0.0,2.9703516960144043
L,11,8,2024-03-08,2024-05-03,0.0,0.0,0.0,2.9703516960144043
L,11,8,2024-03-15,2024-05-10,0.0,0.0,0.0,2.9703516960144043
L,11,8,2024-03-22,2024-05-17,0.0,0.0,0.0,2.9703516960144043
L,11,8,2024-03-29,2024-05-24,0.0,0.0,0.0,2.9703516960144043
L,11,8,2024-04-05,2024-05-31,0.0,0.2108011692762375,0.0,3.181152820587158
L,11,8,2024-04-12,2024-06-07,0.0,0.2781299948692322,0.0,3.2484817504882812
L,11,8,2024-04-19,2024-06-14,0.0,0.0,0.0,2.9703516960144043
L,11,8,2024-04-26,2024-06-21,1.0,0.0,0.0,2.9703516960144043
L,11,8,2024-05-03,2024-06-28,1.0,0.0,0.0,2.9703516960144043
L,11,8,2024-05-10,2024-07-05,0.0,0.0,0.0,2.9703516960144043
L,11,8,2024-05-17,2024-07-12,0.0,0.14234328269958496,0.0,3.1126949787139893
L,11,8,2024-05-24,2024-07-19,0.0,0.6016356348991394,0.0,3.5719873905181885
L,11,8,2024-05-31,2024-07-26,1.0,0.06347047537565231,0.0,3.0338220596313477
L,11,8,2024-06-07,2024-08-02,8.0,0.3565942347049713,0.0,3.3269460201263428
L,11,8,2024-06-14,2024-08-09,4.0,1.6216332912445068,0.0,4.591984748840332
L,11,8,2024-06-21,2024-08-16,0.0,0.9048886299133301,0.0,3.8752403259277344
L,11,8,2024-06-28,2024-08-23,1.0,1.0605900287628174,0.0,4.030941963195801
L,11,8,2024-07-05,2024-08-30,0.0,1.6156458854675293,0.0,4.585997581481934
L,11,8,2024-07-12,2024-09-06,0.0,2.173794746398926,0.4565129280090332,5.14414644241333
L,11,8,2024-07-19,2024-09-13,0.0,2.597940683364868,0.8806588649749756,5.568292617797852
L,11,8,2024-07-26,2024-09-20,1.0,1.8090934753417969,0.0918116569519043,4.779445171356201
L,11,8,2024-08-02,2024-09-27,0.0,1.9072532653808594,0.1899714469909668,4.877604961395264
L,11,8,2024-08-09,2024-10-04,0.0,1.8592703342437744,0.14198851585388184,4.829622268676758
L,11,8,2024-08-16,2024-10-11,0.0,0.0902889296412468,0.0,7.733695030212402
L,11,8,2024-08-23,2024-10-18,0.0,0.0,0.0,7.643405914306641
L,11,8,2024-08-30,2024-10-25,0.0,0.2263917773962021,0.0,7.869797706604004
L,11,8,2024-09-06,2024-11-01,1.0,0.3106081783771515,0.0,7.954014301300049
L,11,8,2024-09-13,2024-11-08,0.0,1.107527494430542,0.0,8.750933647155762
L,11,8,2024-09-20,2024-11-15,0.0,0.0,0.0,7.643405914306641
L,11,8,2024-09-27,2024-11-22,0.0,0.0,0.0,7.643405914306641
L,11,8,2024-10-04,2024-11-29,0.0,0.0,0.0,7.643405914306641
L,11,8,2024-10-11,2024-12-06,0.0,0.0,0.0,7.643405914306641
L,11,8,2024-10-18,2024-12-13,0.0,0.0,0.0,7.643405914306641
L,11,8,2024-10-25,2024-12-20,0.0,0.0,0.0,7.643405914306641
L,11,8,2024-11-01,2024-12-27,0.0,0.0,0.0,7.643405914306641
L,11,8,2024-11-08,2025-01-03,0.0,0.0,0.0,7.643405914306641
L,11,8,2024-11-15,2025-01-10,0.0,0.0,0.0,7.643405914306641
L,11,8,2024-11-22,2025-01-17,0.0,0.0,0.0,7.643405914306641
L,11,8,2024-11-29,2025-01-24,0.0,0.0,0.0,7.643405914306641
L,11,8,2024-12-06,2025-01-31,0.0,0.0,0.0,7.643405914306641
L,11,8,2024-12-13,2025-02-07,0.0,0.0,0.0,7.643405914306641
L,11,8,2024-12-20,2025-02-14,0.0,0.0,0.0,7.643405914306641
L,11,8,2024-12-27,2025-02-21,0.0,0.0,0.0,7.643405914306641
L,11,8,2025-01-03,2025-02-28,0.0,0.0,0.0,7.643405914306641
L,11,8,2025-01-10,2025-03-07,0.0,0.0,0.0,7.643405914306641
L,11,8,2025-01-17,2025-03-14,0.0,0.0,0.0,7.643405914306641
L,11,8,2025-01-24,2025-03-21,0.0,0.0,0.0,7.643405914306641
L,11,8,2025-01-31,2025-03-28,0.0,0.0,0.0,7.643405914306641
L,11,8,2025-02-07,2025-04-04,0.0,0.0,0.0,7.643405914306641
L,11,8,2025-02-14,2025-04-11,0.0,0.0,0.0,7.643405914306641
L,11,8,2025-02-21,2025-04-18,0.0,0.0,0.0,7.643405914306641
L,11,8,2025-02-28,2025-04-25,0.0,0.0,0.0,7.643405914306641
L,11,8,2025-03-07,2025-05-02,0.0,0.0,0.0,7.643405914306641
L,11,8,2025-03-14,2025-05-09,0.0,0.0,0.0,7.643405914306641
L,11,8,2025-03-21,2025-05-16,0.0,0.0,0.0,7.643405914306641
L,11,8,2025-03-28,2025-05-23,0.0,0.0,0.0,7.643405914306641
L,11,8,2025-04-04,2025-05-30,0.0,0.0,0.0,7.643405914306641
L,11,8,2025-04-11,2025-06-06,0.0,0.0,0.0,7.643405914306641
L,11,8,2025-04-18,2025-06-13,0.0,0.0,0.0,7.643405914306641
L,11,8,2025-04-25,2025-06-20,0.0,0.0,0.0,7.643405914306641
L,11,8,2025-05-02,2025-06-27,1.0,0.0,0.0,7.643405914306641
L,11,8,2025-05-09,2025-07-04,0.0,0.0,0.0,7.643405914306641
L,11,8,2025-05-16,2025-07-11,0.0,0.0,0.0,7.643405914306641
L,11,8,2025-05-23,2025-07-18,2.0,0.0,0.0,7.643405914306641
L,11,8,2025-05-30,2025-07-25,2.0,0.03477010130882263,0.0,7.678175926208496
L,11,8,2025-06-06,2025-08-01,8.0,0.4980127811431885,0.0,8.14141845703125
L,11,8,2025-06-13,2025-08-08,7.0,0.0,0.0,7.643405914306641
L,11,8,2025-06-20,2025-08-15,0.0,0.40625423192977905,0.0,8.049659729003906
L,11,8,2025-06-27,2025-08-22,1.0,0.4163339138031006,0.0,8.05974006652832
L,11,8,2025-07-04,2025-08-29,0.0,0.0,0.0,7.643405914306641
L,11,8,2025-07-11,2025-09-05,,0.21842029690742493,0.0,7.861826419830322
L,11,8,2025-07-18,2025-09-12,,1.1166625022888184,0.0,8.760068893432617
L,11,8,2025-07-25,2025-09-19,,0.729316771030426,0.0,8.372722625732422
L,11,8,2025-08-01,2025-09-26,,0.3060142993927002,0.0,7.949419975280762
L,11,8,2025-08-08,2025-10-03,,0.0,0.0,7.643405914306641
L,11,8,2025-08-15,2025-10-10,,0.0,0.0,7.501987457275391
L,11,8,2025-08-22,2025-10-17,,0.0,0.0,7.501987457275391
L,11,12,2023-02-17,2023-05-12,0.0,0.0,0.0,1.0
L,11,12,2023-02-24,2023-05-19,0.0,0.0,0.0,1.0
L,11,12,2023-03-03,2023-05-26,0.0,0.0,0.0,1.0
L,11,12,2023-03-10,2023-06-02,0.0,0.0,0.0,1.0
L,11,12,2023-03-17,2023-06-09,0.0,0.0,0.0,1.0
L,11,12,2023-03-24,2023-06-16,0.0,0.0,0.0,1.0
L,11,12,2023-03-31,2023-06-23,0.0,0.0,0.0,1.0
L,11,12,2023-04-07,2023-06-30,0.0,0.0,0.0,1.0
L,11,12,2023-04-14,2023-07-07,1.0,0.0,0.0,1.0
L,11,12,2023-04-21,2023-07-14,0.0,0.0,0.0,1.0
L,11,12,2023-04-28,2023-07-21,1.0,0.0,0.0,1.0
L,11,12,2023-05-05,2023-07-28,1.0,0.0,0.0,1.0
L,11,12,2023-05-12,2023-08-04,0.0,0.0,0.0,1.0
L,11,12,2023-05-19,2023-08-11,1.0,0.0,0.0,1.0
L,11,12,2023-05-26,2023-08-18,1.0,0.0,0.0,1.0
L,11,12,2023-06-02,2023-08-25,0.0,0.0,0.0,1.0
L,11,12,2023-06-09,2023-09-01,0.0,0.0,0.0,1.0
L,11,12,2023-06-16,2023-09-08,0.0,0.0,0.0,1.0
L,11,12,2023-06-23,2023-09-15,3.0,0.0,0.0,1.0
L,11,12,2023-06-30,2023-09-22,0.0,0.0,0.0,1.0
L,11,12,2023-07-07,2023-09-29,0.0,0.0,0.0,1.0
L,11,12,2023-07-14,2023-10-06,0.0,0.0,0.0,1.0
L,11,12,2023-07-21,2023-10-13,1.0,0.0,0.0,1.0
L,11,12,2023-07-28,2023-10-20,1.0,0.0,0.0,1.0
L,11,12,2023-08-04,2023-10-27,0.0,0.0,0.0,1.0
L,11,12,2023-08-11,2023-11-03,1.0,0.0,0.0,1.0
L,11,12,2023-08-18,2023-11-10,0.0,0.0,0.0,1.0
L,11,12,2023-08-25,2023-11-17,0.0,0.0,0.0,1.0
L,11,12,2023-09-01,2023-11-24,0.0,0.0,0.0,1.0
L,11,12,2023-09-08,2023-12-01,0.0,0.0,0.0,1.0
L,11,12,2023-09-15,2023-12-08,0.0,0.0,0.0,1.0
L,11,12,2023-09-22,2023-12-15,0.0,0.0,0.0,1.0
L,11,12,2023-09-29,2023-12-22,0.0,0.0,0.0,3.0
L,11,12,2023-10-06,2023-12-29,0.0,0.0,0.0,3.0
L,11,12,2023-10-13,2024-01-05,0.0,0.0,0.0,3.0
L,11,12,2023-10-20,2024-01-12,0.0,0.0,0.0,3.0
L,11,12,2023-10-27,2024-01-19,0.0,0.0,0.0,3.0
L,11,12,2023-11-03,2024-01-26,0.0,0.0,0.0,3.0
L,11,12,2023-11-10,2024-02-02,0.0,0.0,0.0,3.0
L,11,12,2023-11-17,2024-02-09,0.0,0.0,0.0,3.0
L,11,12,2023-11-24,2024-02-16,0.0,0.0,0.0,3.0
L,11,12,2023-12-01,2024-02-23,0.0,0.0,0.0,3.0
L,11,12,2023-12-08,2024-03-01,0.0,0.0,0.0,3.0
L,11,12,2023-12-15,2024-03-08,0.0,0.0,0.0,3.0
L,11,12,2023-12-22,2024-03-15,0.0,0.0,0.0,3.0
L,11,12,2023-12-29,2024-03-22,0.0,0.0,0.0,3.0
L,11,12,2024-01-05,2024-03-29,0.0,0.0,0.0,3.0
L,11,12,2024-01-12,2024-04-05,0.0,0.0,0.0,3.0
L,11,12,2024-01-19,2024-04-12,0.0,0.0,0.0,3.0
L,11,12,2024-01-26,2024-04-19,0.0,0.0,0.0,3.0
L,11,12,2024-02-02,2024-04-26,0.0,0.0,0.0,3.0
L,11,12,2024-02-09,2024-05-03,0.0,0.0,0.0,3.0
L,11,12,2024-02-16,2024-05-10,0.0,0.0,0.0,3.0
L,11,12,2024-02-23,2024-05-17,0.0,0.0,0.0,3.0
L,11,12,2024-03-01,2024-05-24,0.0,0.0,0.0,3.0
L,11,12,2024-03-08,2024-05-31,0.0,0.0,0.0,3.0
L,11,12,2024-03-15,2024-06-07,0.0,0.0,0.0,3.0
L,11,12,2024-03-22,2024-06-14,0.0,0.0,0.0,3.0
L,11,12,2024-03-29,2024-06-21,1.0,0.0,0.0,3.0
L,11,12,2024-04-05,2024-06-28,1.0,0.0,0.0,3.0
L,11,12,2024-04-12,2024-07-05,0.0,0.0,0.0,3.0
L,11,12,2024-04-19,2024-07-12,0.0,0.0,0.0,3.0
L,11,12,2024-04-26,2024-07-19,0.0,0.0,0.0,3.0
L,11,12,2024-05-03,2024-07-26,1.0,0.0,0.0,3.0
L,11,12,2024-05-10,2024-08-02,8.0,0.0,0.0,3.0
L,11,12,2024-05-17,2024-08-09,4.0,0.0,0.0,3.0
L,11,12,2024-05-24,2024-08-16,0.0,0.0,0.0,3.0
L,11,12,2024-05-31,2024-08-23,1.0,0.0,0.0,3.0
L,11,12,2024-06-07,2024-08-30,0.0,0.0,0.0,3.0
L,11,12,2024-06-14,2024-09-06,0.0,0.0,0.0,3.0
L,11,12,2024-06-21,2024-09-13,0.0,0.0,0.0,3.0
L,11,12,2024-06-28,2024-09-20,1.0,0.0,0.0,3.0
L,11,12,2024-07-05,2024-09-27,0.0,0.0,0.0,3.0
L,11,12,2024-07-12,2024-10-04,0.0,0.0,0.0,3.0
L,11,12,2024-07-19,2024-10-11,0.0,0.0,0.0,3.0
L,11,12,2024-07-26,2024-10-18,0.0,0.0,0.0,3.0
L,11,12,2024-08-02,2024-10-25,0.0,0.0,0.0,3.0
L,11,12,2024-08-09,2024-11-01,1.0,0.0,0.0,3.0
L,11,12,2024-08-16,2024-11-08,0.0,0.0,0.0,8.0
L,11,12,2024-08-23,2024-11-15,0.0,0.0,0.0,8.0
L,11,12,2024-08-30,2024-11-22,0.0,0.0,0.0,8.0
L,11,12,2024-09-06,2024-11-29,0.0,0.0,0.0,8.0
L,11,12,2024-09-13,2024-12-06,0.0,0.0,0.0,8.0
L,11,12,2024-09-20,2024-12-13,0.0,0.0,0.0,8.0
L,11,12,2024-09-27,2024-12-20,0.0,0.0,0.0,8.0
L,11,12,2024-10-04,2024-12-27,0.0,0.0,0.0,8.0
L,11,12,2024-10-11,2025-01-03,0.0,0.0,0.0,8.0
L,11,12,2024-10-18,2025-01-10,0.0,0.0,0.0,8.0
L,11,12,2024-10-25,2025-01-17,0.0,0.0,0.0,8.0
L,11,12,2024-11-01,2025-01-24,0.0,0.0,0.0,8.0
L,11,12,2024-11-08,2025-01-31,0.0,0.0,0.0,8.0
L,11,12,2024-11-15,2025-02-07,0.0,0.0,0.0,8.0
L,11,12,2024-11-22,2025-02-14,0.0,0.0,0.0,8.0
L,11,12,2024-11-29,2025-02-21,0.0,0.0,0.0,8.0
L,11,12,2024-12-06,2025-02-28,0.0,0.0,0.0,8.0
L,11,12,2024-12-13,2025-03-07,0.0,0.0,0.0,8.0
L,11,12,2024-12-20,2025-03-14,0.0,0.0,0.0,8.0
L,11,12,2024-12-27,2025-03-21,0.0,0.0,0.0,8.0
L,11,12,2025-01-03,2025-03-28,0.0,0.0,0.0,8.0
L,11,12,2025-01-10,2025-04-04,0.0,0.0,0.0,8.0
L,11,12,2025-01-17,2025-04-11,0.0,0.0,0.0,8.0
L,11,12,2025-01-24,2025-04-18,0.0,0.0,0.0,8.0
L,11,12,2025-01-31,2025-04-25,0.0,0.0,0.0,8.0
L,11,12,2025-02-07,2025-05-02,0.0,0.0,0.0,8.0
L,11,12,2025-02-14,2025-05-09,0.0,0.0,0.0,8.0
L,11,12,2025-02-21,2025-05-16,0.0,0.0,0.0,8.0
L,11,12,2025-02-28,2025-05-23,0.0,0.0,0.0,8.0
L,11,12,2025-03-07,2025-05-30,0.0,0.0,0.0,8.0
L,11,12,2025-03-14,2025-06-06,0.0,0.0,0.0,8.0
L,11,12,2025-03-21,2025-06-13,0.0,0.0,0.0,8.0
L,11,12,2025-03-28,2025-06-20,0.0,0.0,0.0,8.0
L,11,12,2025-04-04,2025-06-27,1.0,0.0,0.0,8.0
L,11,12,2025-04-11,2025-07-04,0.0,0.0,0.0,8.0
L,11,12,2025-04-18,2025-07-11,0.0,0.0,0.0,8.0
L,11,12,2025-04-25,2025-07-18,2.0,0.0,0.0,8.0
L,11,12,2025-05-02,2025-07-25,2.0,0.0,0.0,8.0
L,11,12,2025-05-09,2025-08-01,8.0,0.0,0.0,8.0
L,11,12,2025-05-16,2025-08-08,7.0,0.0,0.0,8.0
L,11,12,2025-05-23,2025-08-15,0.0,0.0,0.0,8.0
L,11,12,2025-05-30,2025-08-22,1.0,0.0,0.0,8.0
L,11,12,2025-06-06,2025-08-29,0.0,0.0,0.0,8.0
L,11,12,2025-06-13,2025-09-05,,0.0,0.0,8.0
L,11,12,2025-06-20,2025-09-12,,0.0,0.0,8.0
L,11,12,2025-06-27,2025-09-19,,0.0,0.0,8.0
L,11,12,2025-07-04,2025-09-26,,0.0,0.0,8.0
L,11,12,2025-07-11,2025-10-03,,0.0,0.0,8.0
L,11,12,2025-07-18,2025-10-10,,0.0,0.0,8.0
L,11,12,2025-07-25,2025-10-17,,0.0,0.0,8.0
L,11,12,2025-08-01,2025-10-24,,0.0,0.0,8.0
L,11,12,2025-08-08,2025-10-31,,0.0,0.0,8.0
L,11,12,2025-08-15,2025-11-07,,0.0,0.0,8.0
L,11,12,2025-08-22,2025-11-14,,0.0,0.0,8.0
M,12,1,2023-02-17,2023-02-24,0.0,0.0,0.0,1.0
M,12,1,2023-02-24,2023-03-03,0.0,0.0,0.0,1.0
M,12,1,2023-03-03,2023-03-10,0.0,0.0,0.0,1.0
M,12,1,2023-03-10,2023-03-17,0.0,0.0,0.0,1.0
M,12,1,2023-03-17,2023-03-24,0.0,0.0,0.0,1.0
M,12,1,2023-03-24,2023-03-31,0.0,0.0,0.0,1.0
M,12,1,2023-03-31,2023-04-07,0.0,0.0,0.0,1.0
M,12,1,2023-04-07,2023-04-14,0.0,0.0,0.0,1.0
M,12,1,2023-04-14,2023-04-21,0.0,0.0,0.0,1.0
M,12,1,2023-04-21,2023-04-28,0.0,0.0,0.0,1.0
M,12,1,2023-04-28,2023-05-05,0.0,0.0,0.0,1.0
M,12,1,2023-05-05,2023-05-12,0.0,0.0,0.0,1.0
M,12,1,2023-05-12,2023-05-19,0.0,0.0,0.0,1.0
M,12,1,2023-05-19,2023-05-26,0.0,0.0,0.0,1.0
M,12,1,2023-05-26,2023-06-02,0.0,0.0,0.0,1.0
M,12,1,2023-06-02,2023-06-09,1.0,0.0,0.0,1.0
M,12,1,2023-06-09,2023-06-16,2.0,0.0,0.0,1.0
M,12,1,2023-06-16,2023-06-23,0.0,0.0,0.0,1.0
M,12,1,2023-06-23,2023-06-30,0.0,0.0,0.0,1.0
M,12,1,2023-06-30,2023-07-07,0.0,0.0,0.0,2.0
M,12,1,2023-07-07,2023-07-14,0.0,0.0,0.0,2.0
M,12,1,2023-07-14,2023-07-21,0.0,0.0,0.0,2.0
M,12,1,2023-07-21,2023-07-28,1.0,0.394763708114624,0.394763708114624,2.394763708114624
M,12,1,2023-07-28,2023-08-04,5.0,1.4690065383911133,1.4690065383911133,3.4690065383911133
M,12,1,2023-08-04,2023-08-11,8.0,2.2303624153137207,2.2303624153137207,4.230362415313721
M,12,1,2023-08-11,2023-08-18,0.0,0.0,0.0,2.0
M,12,1,2023-08-18,2023-08-25,0.0,0.0,0.0,3.5309934616088867
M,12,1,2023-08-25,2023-09-01,0.0,0.0,0.0,5.769637584686279
M,12,1,2023-09-01,2023-09-08,1.0,0.3529139757156372,0.3529139757156372,6.122551441192627
M,12,1,2023-09-08,2023-09-15,3.0,1.058417797088623,1.058417797088623,6.828055381774902
M,12,1,2023-09-15,2023-09-22,1.0,0.0,0.0,5.769637584686279
M,12,1,2023-09-22,2023-09-29,0.0,0.0,0.0,5.769637584686279
M,12,1,2023-09-29,2023-10-06,2.0,0.0,0.0,5.769637584686279
M,12,1,2023-10-06,2023-10-13,0.0,0.0,0.0,5.769637584686279
M,12,1,2023-10-13,2023-10-20,0.0,0.0,0.0,5.769637584686279
M,12,1,2023-10-20,2023-10-27,0.0,0.0,0.0,5.769637584686279
M,12,1,2023-10-27,2023-11-03,0.0,0.0,0.0,5.769637584686279
M,12,1,2023-11-03,2023-11-10,0.0,0.0,0.0,5.769637584686279
M,12,1,2023-11-10,2023-11-17,0.0,0.0,0.0,5.769637584686279
M,12,1,2023-11-17,2023-11-24,0.0,0.0,0.0,5.769637584686279
M,12,1,2023-11-24,2023-12-01,1.0,0.0,0.0,5.769637584686279
M,12,1,2023-12-01,2023-12-08,1.0,0.0,0.0,5.769637584686279
M,12,1,2023-12-08,2023-12-15,0.0,0.0,0.0,5.769637584686279
M,12,1,2023-12-15,2023-12-22,0.0,0.0,0.0,5.769637584686279
M,12,1,2023-12-22,2023-12-29,0.0,0.0,0.0,5.769637584686279
M,12,1,2023-12-29,2024-01-05,0.0,0.0,0.0,5.769637584686279
M,12,1,2024-01-05,2024-01-12,0.0,0.0,0.0,5.769637584686279
M,12,1,2024-01-12,2024-01-19,0.0,0.0,0.0,5.769637584686279
M,12,1,2024-01-19,2024-01-26,0.0,0.0,0.0,5.769637584686279
M,12,1,2024-01-26,2024-02-02,0.0,0.0,0.0,5.769637584686279
M,12,1,2024-02-02,2024-02-09,0.0,0.0,0.0,5.769637584686279
M,12,1,2024-02-09,2024-02-16,0.0,0.0,0.0,5.769637584686279
M,12,1,2024-02-16,2024-02-23,0.0,0.0,0.0,5.769637584686279
M,12,1,2024-02-23,2024-03-01,0.0,0.0,0.0,5.769637584686279
M,12,1,2024-03-01,2024-03-08,0.0,0.0,0.0,5.769637584686279
M,12,1,2024-03-08,2024-03-15,0.0,0.0,0.0,5.769637584686279
M,12,1,2024-03-15,2024-03-22,0.0,0.0,0.0,5.769637584686279
M,12,1,2024-03-22,2024-03-29,0.0,0.0,0.0,5.769637584686279
M,12,1,2024-03-29,2024-04-05,0.0,0.0,0.0,5.769637584686279
M,12,1,2024-04-05,2024-04-12,0.0,0.0,0.0,5.769637584686279
M,12,1,2024-04-12,2024-04-19,0.0,0.0,0.0,5.769637584686279
M,12,1,2024-04-19,2024-04-26,0.0,0.0,0.0,5.769637584686279
M,12,1,2024-04-26,2024-05-03,0.0,0.0,0.0,5.769637584686279
M,12,1,2024-05-03,2024-05-10,0.0,0.0,0.0,5.769637584686279
M,12,1,2024-05-10,2024-05-17,1.0,0.0,0.0,5.769637584686279
M,12,1,2024-05-17,2024-05-24,2.0,0.0,0.0,5.769637584686279
M,12,1,2024-05-24,2024-05-31,0.0,0.0,0.0,5.769637584686279
M,12,1,2024-05-31,2024-06-07,0.0,0.0,0.0,5.769637584686279
M,12,1,2024-06-07,2024-06-14,0.0,0.0,0.0,5.769637584686279
M,12,1,2024-06-14,2024-06-21,0.0,0.0,0.0,5.769637584686279
M,12,1,2024-06-21,2024-06-28,0.0,0.0,0.0,5.769637584686279
M,12,1,2024-06-28,2024-07-05,1.0,0.0,0.0,5.769637584686279
M,12,1,2024-07-05,2024-07-12,1.0,0.0,0.0,5.769637584686279
M,12,1,2024-07-12,2024-07-19,0.0,0.0,0.0,5.769637584686279
M,12,1,2024-07-19,2024-07-26,3.0,0.758378803730011,0.758378803730011,6.528016567230225
M,12,1,2024-07-26,2024-08-02,6.0,1.2355372905731201,1.2355372905731201,7.00517463684082
M,12,1,2024-08-02,2024-08-09,3.0,1.1644209623336792,1.1644209623336792,6.934058666229248
M,12,1,2024-08-09,2024-08-16,3.0,0.6075831055641174,0.6075831055641174,6.377220630645752
M,12,1,2024-08-16,2024-08-23,1.0,0.0,0.0,5.769637584686279
M,12,1,2024-08-23,2024-08-30,2.0,0.0,0.0,4.764462471008301
M,12,1,2024-08-30,2024-09-06,2.0,1.0325678586959839,1.0325678586959839,5.797030448913574
M,12,1,2024-09-06,2024-09-13,4.0,4.173062801361084,4.173062801361084,8.937524795532227
M,12,1,2024-09-13,2024-09-20,1.0,2.7993319034576416,2.7993319034576416,7.563794136047363
M,12,1,2024-09-20,2024-09-27,1.0,0.8552266955375671,0.8552266955375671,5.619688987731934
M,12,1,2024-09-27,2024-10-04,2.0,0.40822863578796387,0.23516583442687988,5.172691345214844
M,12,1,2024-10-04,2024-10-11,0.0,0.0,0.0,4.764462471008301
M,12,1,2024-10-11,2024-10-18,0.0,0.0,0.0,4.764462471008301
M,12,1,2024-10-18,2024-10-25,1.0,0.0,0.0,4.764462471008301
M,12,1,2024-10-25,2024-11-01,0.0,1.018568992614746,0.0,5.783031463623047
M,12,1,2024-11-01,2024-11-08,1.0,0.7290651798248291,0.0,5.493527412414551
M,12,1,2024-11-08,2024-11-15,0.0,0.0,0.0,4.764462471008301
M,12,1,2024-11-15,2024-11-22,0.0,0.0,0.0,4.764462471008301
M,12,1,2024-11-22,2024-11-29,1.0,0.0,0.0,4.764462471008301
M,12,1,2024-11-29,2024-12-06,0.0,0.0,0.0,4.764462471008301
M,12,1,2024-12-06,2024-12-13,0.0,0.0,0.0,4.764462471008301
M,12,1,2024-12-13,2024-12-20,0.0,0.0,0.0,4.764462471008301
M,12,1,2024-12-20,2024-12-27,0.0,0.0,0.0,4.764462471008301
M,12,1,2024-12-27,2025-01-03,0.0,0.0,0.0,4.764462471008301
M,12,1,2025-01-03,2025-01-10,1.0,0.0,0.0,4.764462471008301
M,12,1,2025-01-10,2025-01-17,0.0,0.0,0.0,4.764462471008301
M,12,1,2025-01-17,2025-01-24,0.0,0.0,0.0,4.764462471008301
M,12,1,2025-01-24,2025-01-31,0.0,0.0,0.0,4.764462471008301
M,12,1,2025-01-31,2025-02-07,0.0,0.0,0.0,4.764462471008301
M,12,1,2025-02-07,2025-02-14,0.0,0.0,0.0,4.764462471008301
M,12,1,2025-02-14,2025-02-21,0.0,0.0,0.0,4.764462471008301
M,12,1,2025-02-21,2025-02-28,0.0,0.0,0.0,4.764462471008301
M,12,1,2025-02-28,2025-03-07,0.0,0.0,0.0,4.764462471008301
M,12,1,2025-03-07,2025-03-14,0.0,0.0,0.0,4.764462471008301
M,12,1,2025-03-14,2025-03-21,0.0,0.0,0.0,4.764462471008301
M,12,1,2025-03-21,2025-03-28,0.0,0.0,0.0,4.764462471008301
M,12,1,2025-03-28,2025-04-04,0.0,0.0,0.0,4.764462471008301
M,12,1,2025-04-04,2025-04-11,0.0,0.0,0.0,4.764462471008301
M,12,1,2025-04-11,2025-04-18,0.0,0.0,0.0,4.764462471008301
M,12,1,2025-04-18,2025-04-25,0.0,0.0,0.0,4.764462471008301
M,12,1,2025-04-25,2025-05-02,0.0,0.0,0.0,4.764462471008301
M,12,1,2025-05-02,2025-05-09,0.0,0.0,0.0,4.764462471008301
M,12,1,2025-05-09,2025-05-16,0.0,0.0,0.0,4.764462471008301
M,12,1,2025-05-16,2025-05-23,0.0,0.0,0.0,4.764462471008301
M,12,1,2025-05-23,2025-05-30,0.0,0.0,0.0,4.764462471008301
M,12,1,2025-05-30,2025-06-06,0.0,0.0,0.0,4.764462471008301
M,12,1,2025-06-06,2025-06-13,1.0,0.0,0.0,4.764462471008301
M,12,1,2025-06-13,2025-06-20,0.0,0.0,0.0,4.764462471008301
M,12,1,2025-06-20,2025-06-27,0.0,0.0,0.0,4.764462471008301
M,12,1,2025-06-27,2025-07-04,1.0,0.0,0.0,4.764462471008301
M,12,1,2025-07-04,2025-07-11,0.0,0.020586930215358734,0.0,4.7850494384765625
M,12,1,2025-07-11,2025-07-18,2.0,0.13497237861156464,0.0,4.899435043334961
M,12,1,2025-07-18,2025-07-25,4.0,4.53851318359375,2.7391812801361084,9.30297565460205
M,12,1,2025-07-25,2025-08-01,9.0,4.614791393280029,2.8154594898223877,9.379253387451172
M,12,1,2025-08-01,2025-08-08,9.0,3.350607395172119,1.5512754917144775,8.115070343017578
M,12,1,2025-08-08,2025-08-15,3.0,0.0,0.0,4.764462471008301
M,12,1,2025-08-15,2025-08-22,1.0,0.0,0.0,4.385208606719971
M,12,1,2025-08-22,2025-08-29,1.0,0.0,0.0,5.649392604827881
M,12,2,2023-02-17,2023-03-03,0.0,0.0,0.0,1.0
M,12,2,2023-02-24,2023-03-10,0.0,0.0,0.0,1.0
M,12,2,2023-03-03,2023-03-17,0.0,0.0,0.0,1.0
M,12,2,2023-03-10,2023-03-24,0.0,0.0,0.0,1.0
M,12,2,2023-03-17,2023-03-31,0.0,0.0,0.0,1.0
M,12,2,2023-03-24,2023-04-07,0.0,0.0,0.0,1.0
M,12,2,2023-03-31,2023-04-14,0.0,0.0,0.0,1.0
M,12,2,2023-04-07,2023-04-21,0.0,0.0,0.0,1.0
M,12,2,2023-04-14,2023-04-28,0.0,0.0,0.0,1.0
M,12,2,2023-04-21,2023-05-05,0.0,0.0,0.0,1.0
M,12,2,2023-04-28,2023-05-12,0.0,0.0,0.0,1.0
M,12,2,2023-05-05,2023-05-19,0.0,0.0,0.0,1.0
M,12,2,2023-05-12,2023-05-26,0.0,0.0,0.0,1.0
M,12,2,2023-05-19,2023-06-02,0.0,0.0,0.0,1.0
M,12,2,2023-05-26,2023-06-09,1.0,0.0,0.0,1.0
M,12,2,2023-06-02,2023-06-16,2.0,0.0,0.0,1.0
M,12,2,2023-06-09,2023-06-23,0.0,0.16751086711883545,0.0,1.1675108671188354
M,12,2,2023-06-16,2023-06-30,0.0,0.0,0.0,1.0
M,12,2,2023-06-23,2023-07-07,0.0,0.16013504564762115,0.0,1.16013503074646
M,12,2,2023-06-30,2023-07-14,0.0,0.07304315268993378,0.0,2.07304310798645
M,12,2,2023-07-07,2023-07-21,0.0,0.2717868983745575,0.03059789538383484,2.27178692817688
M,12,2,2023-07-14,2023-07-28,1.0,0.6807592511177063,0.43957024812698364,2.6807591915130615
M,12,2,2023-07-21,2023-08-04,5.0,0.686418354511261,0.5189074873924255,2.686418294906616
M,12,2,2023-07-28,2023-08-11,8.0,1.0557506084442139,0.8882397413253784,3.055750608444214
M,12,2,2023-08-04,2023-08-18,0.0,0.33576589822769165,0.06397899985313416,2.335765838623047
M,12,2,2023-08-11,2023-08-25,0.0,0.0,0.0,2.0
M,12,2,2023-08-18,2023-09-01,0.0,0.35223788022994995,0.08045098185539246,4.66581916809082
M,12,2,2023-08-25,2023-09-08,1.0,1.0891393423080444,0.8173524141311646,8.033388137817383
M,12,2,2023-09-01,2023-09-15,3.0,1.2867072820663452,0.9509413838386536,8.230956077575684
M,12,2,2023-09-08,2023-09-22,1.0,0.8095878958702087,0.4738219976425171,7.7538371086120605
M,12,2,2023-09-15,2023-09-29,0.0,0.023364167660474777,0.0,6.967613220214844
M,12,2,2023-09-22,2023-10-06,2.0,0.35108286142349243,0.0,7.295331954956055
M,12,2,2023-09-29,2023-10-13,0.0,0.517996072769165,0.1657581925392151,7.462244987487793
M,12,2,2023-10-06,2023-10-20,0.0,0.05491099879145622,0.0,6.999160289764404
M,12,2,2023-10-13,2023-10-27,0.0,0.015599090605974197,0.0,6.959848403930664
M,12,2,2023-10-20,2023-11-03,0.0,0.14586052298545837,0.0,7.090109825134277
M,12,2,2023-10-27,2023-11-10,0.0,0.06300181150436401,0.0,7.007250785827637
M,12,2,2023-11-03,2023-11-17,0.0,0.0,0.0,6.944249153137207
M,12,2,2023-11-10,2023-11-24,0.0,0.0,0.0,6.944249153137207
M,12,2,2023-11-17,2023-12-01,1.0,0.0,0.0,6.944249153137207
M,12,2,2023-11-24,2023-12-08,1.0,0.0,0.0,6.944249153137207
M,12,2,2023-12-01,2023-12-15,0.0,0.0,0.0,6.944249153137207
M,12,2,2023-12-08,2023-12-22,0.0,0.0,0.0,6.944249153137207
M,12,2,2023-12-15,2023-12-29,0.0,0.045242223888635635,0.0,6.9894914627075195
M,12,2,2023-12-22,2024-01-05,0.0,0.12161527574062347,0.0,7.065864562988281
M,12,2,2023-12-29,2024-01-12,0.0,0.0,0.0,6.944249153137207
M,12,2,2024-01-05,2024-01-19,0.0,0.0,0.0,6.944249153137207
M,12,2,2024-01-12,2024-01-26,0.0,0.0,0.0,6.944249153137207
M,12,2,2024-01-19,2024-02-02,0.0,0.0,0.0,6.944249153137207
M,12,2,2024-01-26,2024-02-09,0.0,0.0,0.0,6.944249153137207
M,12,2,2024-02-02,2024-02-16,0.0,0.0,0.0,6.944249153137207
M,12,2,2024-02-09,2024-02-23,0.0,0.0,0.0,6.944249153137207
M,12,2,2024-02-16,2024-03-01,0.0,0.0,0.0,6.944249153137207
M,12,2,2024-02-23,2024-03-08,0.0,0.0,0.0,6.944249153137207
M,12,2,2024-03-01,2024-03-15,0.0,0.0,0.0,6.944249153137207
M,12,2,2024-03-08,2024-03-22,0.0,0.0,0.0,6.944249153137207
M,12,2,2024-03-15,2024-03-29,0.0,0.0,0.0,6.944249153137207
M,12,2,2024-03-22,2024-04-05,0.0,0.0,0.0,6.944249153137207
M,12,2,2024-03-29,2024-04-12,0.0,0.0,0.0,6.944249153137207
M,12,2,2024-04-05,2024-04-19,0.0,0.0,0.0,6.944249153137207
M,12,2,2024-04-12,2024-04-26,0.0,0.0,0.0,6.944249153137207
M,12,2,2024-04-19,2024-05-03,0.0,0.0,0.0,6.944249153137207
M,12,2,2024-04-26,2024-05-10,0.0,0.0,0.0,6.944249153137207
M,12,2,2024-05-03,2024-05-17,1.0,0.0,0.0,6.944249153137207
M,12,2,2024-05-10,2024-05-24,2.0,0.0,0.0,6.944249153137207
M,12,2,2024-05-17,2024-05-31,0.0,0.0,0.0,6.944249153137207
M,12,2,2024-05-24,2024-06-07,0.0,0.317147433757782,0.0,7.261396408081055
M,12,2,2024-05-31,2024-06-14,0.0,0.02428412064909935,0.0,6.968533039093018
M,12,2,2024-06-07,2024-06-21,0.0,0.24052280187606812,0.0,7.18477201461792
M,12,2,2024-06-14,2024-06-28,0.0,0.440942645072937,0.0,7.385191917419434
M,12,2,2024-06-21,2024-07-05,1.0,0.5411070585250854,0.02311098575592041,7.485356330871582
M,12,2,2024-06-28,2024-07-12,1.0,0.2949013411998749,0.0,7.239150524139404
M,12,2,2024-07-05,2024-07-19,0.0,0.408176064491272,0.0,7.3524250984191895
M,12,2,2024-07-12,2024-07-26,3.0,0.2809683382511139,0.0,7.225217342376709
M,12,2,2024-07-19,2024-08-02,6.0,1.053531527519226,0.535535454750061,7.997780799865723
M,12,2,2024-07-26,2024-08-09,3.0,0.201338991522789,0.0,7.145587921142578
M,12,2,2024-08-02,2024-08-16,3.0,0.46667319536209106,0.0,7.410922527313232
M,12,2,2024-08-09,2024-08-23,1.0,0.6175553202629089,0.0995592474937439,7.561804294586182
M,12,2,2024-08-16,2024-08-30,2.0,0.5200703740119934,0.002074301242828369,7.464319705963135
M,12,2,2024-08-23,2024-09-06,2.0,0.4878230690956116,0.0,5.434291362762451
M,12,2,2024-08-30,2024-09-13,4.0,2.5326008796691895,2.0146048069000244,7.479069232940674
M,12,2,2024-09-06,2024-09-20,1.0,2.1642098426818848,1.6462137699127197,7.110678195953369
M,12,2,2024-09-13,2024-09-27,1.0,1.5195410251617432,1.0015449523925781,6.466009140014648
M,12,2,2024-09-20,2024-10-04,2.0,0.19873258471488953,0.0,5.145200729370117
M,12,2,2024-09-27,2024-10-11,0.0,0.4740569591522217,0.0,5.420525550842285
M,12,2,2024-10-04,2024-10-18,0.0,0.3612353503704071,0.0,5.307703495025635
M,12,2,2024-10-11,2024-10-25,1.0,0.15683045983314514,0.0,5.103298664093018
M,12,2,2024-10-18,2024-11-01,0.0,0.35300296545028687,0.0,5.299471378326416
M,12,2,2024-10-25,2024-11-08,1.0,0.6849068999290466,0.0,5.631375312805176
M,12,2,2024-11-01,2024-11-15,0.0,0.0,0.0,4.946468353271484
M,12,2,2024-11-08,2024-11-22,0.0,0.0,0.0,4.946468353271484
M,12,2,2024-11-15,2024-11-29,1.0,0.0,0.0,4.946468353271484
M,12,2,2024-11-22,2024-12-06,0.0,0.0,0.0,4.946468353271484
M,12,2,2024-11-29,2024-12-13,0.0,0.0,0.0,4.946468353271484
M,12,2,2024-12-06,2024-12-20,0.0,0.0,0.0,4.946468353271484
M,12,2,2024-12-13,2024-12-27,0.0,0.0,0.0,4.946468353271484
M,12,2,2024-12-20,2025-01-03,0.0,0.0,0.0,4.946468353271484
M,12,2,2024-12-27,2025-01-10,1.0,0.0,0.0,4.946468353271484
M,12,2,2025-01-03,2025-01-17,0.0,0.0,0.0,4.946468353271484
M,12,2,2025-01-10,2025-01-24,0.0,0.0,0.0,4.946468353271484
M,12,2,2025-01-17,2025-01-31,0.0,0.0,0.0,4.946468353271484
M,12,2,2025-01-24,2025-02-07,0.0,0.0,0.0,4.946468353271484
M,12,2,2025-01-31,2025-02-14,0.0,0.0,0.0,4.946468353271484
M,12,2,2025-02-07,2025-02-21,0.0,0.0,0.0,4.946468353271484
M,12,2,2025-02-14,2025-02-28,0.0,0.0,0.0,4.946468353271484
M,12,2,2025-02-21,2025-03-07,0.0,0.0,0.0,4.946468353271484
M,12,2,2025-02-28,2025-03-14,0.0,0.0,0.0,4.946468353271484
M,12,2,2025-03-07,2025-03-21,0.0,0.0,0.0,4.946468353271484
M,12,2,2025-03-14,2025-03-28,0.0,0.0,0.0,4.946468353271484
M,12,2,2025-03-21,2025-04-04,0.0,0.0,0.0,4.946468353271484
M,12,2,2025-03-28,2025-04-11,0.0,0.0,0.0,4.946468353271484
M,12,2,2025-04-04,2025-04-18,0.0,0.0,0.0,4.946468353271484
M,12,2,2025-04-11,2025-04-25,0.0,0.0,0.0,4.946468353271484
M,12,2,2025-04-18,2025-05-02,0.0,0.0,0.0,4.946468353271484
M,12,2,2025-04-25,2025-05-09,0.0,0.0,0.0,4.946468353271484
M,12,2,2025-05-02,2025-05-16,0.0,0.0,0.0,4.946468353271484
M,12,2,2025-05-09,2025-05-23,0.0,0.0,0.0,4.946468353271484
M,12,2,2025-05-16,2025-05-30,0.0,0.0,0.0,4.946468353271484
M,12,2,2025-05-23,2025-06-06,0.0,0.0,0.0,4.946468353271484
M,12,2,2025-05-30,2025-06-13,1.0,0.11714287102222443,0.0,5.063611030578613
M,12,2,2025-06-06,2025-06-20,0.0,0.3379303812980652,0.0,5.284398555755615
M,12,2,2025-06-13,2025-06-27,0.0,0.030269425362348557,0.0,4.976737976074219
M,12,2,2025-06-20,2025-07-04,1.0,0.08065512776374817,0.0,5.02712345123291
M,12,2,2025-06-27,2025-07-11,0.0,0.4143179655075073,0.0,5.360786437988281
M,12,2,2025-07-04,2025-07-18,2.0,1.4140050411224365,0.24979519844055176,6.3604736328125
M,12,2,2025-07-11,2025-07-25,4.0,0.7986280918121338,0.0,5.745096206665039
M,12,2,2025-07-18,2025-08-01,9.0,2.7410929203033447,1.57688307762146,7.68756103515625
M,12,2,2025-07-25,2025-08-08,9.0,1.7373100519180298,0.573100209236145,6.683778285980225
M,12,2,2025-08-01,2025-08-15,3.0,0.7232615947723389,0.0,5.669730186462402
M,12,2,2025-08-08,2025-08-22,1.0,0.21630850434303284,0.0,5.162776947021484
M,12,2,2025-08-15,2025-08-29,1.0,0.7074910998344421,0.0,6.966398239135742
M,12,2,2025-08-22,2025-09-05,,1.8869844675064087,0.7227746248245239,9.149674415588379
M,12,4,2023-02-17,2023-03-17,0.0,0.0,0.0,1.0
M,12,4,2023-02-24,2023-03-24,0.0,0.0,0.0,1.0
M,12,4,2023-03-03,2023-03-31,0.0,0.0,0.0,1.0
M,12,4,2023-03-10,2023-04-07,0.0,0.0,0.0,1.0
M,12,4,2023-03-17,2023-04-14,0.0,0.0,0.0,1.0
M,12,4,2023-03-24,2023-04-21,0.0,0.0,0.0,1.0
M,12,4,2023-03-31,2023-04-28,0.0,0.0,0.0,1.0
M,12,4,2023-04-07,2023-05-05,0.0,0.0,0.0,1.0
M,12,4,2023-04-14,2023-05-12,0.0,0.0,0.0,1.0
M,12,4,2023-04-21,2023-05-19,0.0,0.0,0.0,1.0
M,12,4,2023-04-28,2023-05-26,0.0,0.0,0.0,1.0
M,12,4,2023-05-05,2023-06-02,0.0,0.0,0.0,1.0
M,12,4,2023-05-12,2023-06-09,1.0,0.03318089246749878,0.0,1.0331809520721436
M,12,4,2023-05-19,2023-06-16,2.0,0.0,0.0,1.0
M,12,4,2023-05-26,2023-06-23,0.0,0.06352019309997559,0.0,1.0635201930999756
M,12,4,2023-06-02,2023-06-30,0.0,0.02138351835310459,0.0,1.02138352394104
M,12,4,2023-06-09,2023-07-07,0.0,0.4154469966888428,0.0,1.4154469966888428
M,12,4,2023-06-16,2023-07-14,0.0,0.273522287607193,0.0,1.2735222578048706
M,12,4,2023-06-23,2023-07-21,0.0,0.8683842420578003,0.0,1.8683842420578003
M,12,4,2023-06-30,2023-07-28,1.0,1.1239641904830933,0.0,3.123964309692383
M,12,4,2023-07-07,2023-08-04,5.0,1.4205715656280518,0.058818936347961426,3.4205715656280518
M,12,4,2023-07-14,2023-08-11,8.0,1.5101772546768188,0.14842462539672852,3.5101771354675293
M,12,4,2023-07-21,2023-08-18,0.0,0.4327258765697479,0.0,2.4327259063720703
M,12,4,2023-07-28,2023-08-25,0.0,0.28738996386528015,0.0,2.2873899936676025
M,12,4,2023-08-04,2023-09-01,0.0,0.9127506017684937,0.04436635971069336,2.912750720977783
M,12,4,2023-08-11,2023-09-08,1.0,1.45380437374115,0.5854201316833496,3.4538044929504395
M,12,4,2023-08-18,2023-09-15,3.0,2.1499931812286377,1.2816089391708374,5.729421615600586
M,12,4,2023-08-25,2023-09-22,1.0,1.280727744102478,0.41234350204467773,7.770550727844238
M,12,4,2023-09-01,2023-09-29,0.0,1.2679657936096191,0.39958155155181885,7.75778865814209
M,12,4,2023-09-08,2023-10-06,2.0,1.2580339908599854,0.38964974880218506,7.747857093811035
M,12,4,2023-09-15,2023-10-13,0.0,0.12166142463684082,0.0,6.611484527587891
M,12,4,2023-09-22,2023-10-20,0.0,0.3621886074542999,0.0,6.852011680603027
M,12,4,2023-09-29,2023-10-27,0.0,0.05389931797981262,0.0,6.543722152709961
M,12,4,2023-10-06,2023-11-03,0.0,0.0,0.0,6.489822864532471
M,12,4,2023-10-13,2023-11-10,0.0,0.028463857248425484,0.0,6.51828670501709
M,12,4,2023-10-20,2023-11-17,0.0,0.0,0.0,6.489822864532471
M,12,4,2023-10-27,2023-11-24,0.0,0.0,0.0,6.489822864532471
M,12,4,2023-11-03,2023-12-01,1.0,0.0,0.0,6.489822864532471
M,12,4,2023-11-10,2023-12-08,1.0,0.0,0.0,6.489822864532471
M,12,4,2023-11-17,2023-12-15,0.0,0.0,0.0,6.489822864532471
M,12,4,2023-11-24,2023-12-22,0.0,0.0,0.0,6.489822864532471
M,12,4,2023-12-01,2023-12-29,0.0,0.0,0.0,6.489822864532471
M,12,4,2023-12-08,2024-01-05,0.0,0.0,0.0,6.489822864532471
M,12,4,2023-12-15,2024-01-12,0.0,0.1417888104915619,0.0,6.6316118240356445
M,12,4,2023-12-22,2024-01-19,0.0,0.0,0.0,6.489822864532471
M,12,4,2023-12-29,2024-01-26,0.0,0.0,0.0,6.489822864532471
M,12,4,2024-01-05,2024-02-02,0.0,0.0,0.0,6.489822864532471
M,12,4,2024-01-12,2024-02-09,0.0,0.0,0.0,6.489822864532471
M,12,4,2024-01-19,2024-02-16,0.0,0.0,0.0,6.489822864532471
M,12,4,2024-01-26,2024-02-23,0.0,0.0,0.0,6.489822864532471
M,12,4,2024-02-02,2024-03-01,0.0,0.0,0.0,6.489822864532471
M,12,4,2024-02-09,2024-03-08,0.0,0.0,0.0,6.489822864532471
M,12,4,2024-02-16,2024-03-15,0.0,0.0,0.0,6.489822864532471
M,12,4,2024-02-23,2024-03-22,0.0,0.0,0.0,6.489822864532471
M,12,4,2024-03-01,2024-03-29,0.0,0.0,0.0,6.489822864532471
M,12,4,2024-03-08,2024-04-05,0.0,0.0,0.0,6.489822864532471
M,12,4,2024-03-15,2024-04-12,0.0,0.0,0.0,6.489822864532471
M,12,4,2024-03-22,2024-04-19,0.0,0.0,0.0,6.489822864532471
M,12,4,2024-03-29,2024-04-26,0.0,0.0,0.0,6.489822864532471
M,12,4,2024-04-05,2024-05-03,0.0,0.0,0.0,6.489822864532471
M,12,4,2024-04-12,2024-05-10,0.0,0.0,0.0,6.489822864532471
M,12,4,2024-04-19,2024-05-17,1.0,0.0,0.0,6.489822864532471
M,12,4,2024-04-26,2024-05-24,2.0,0.0,0.0,6.489822864532471
M,12,4,2024-05-03,2024-05-31,0.0,0.0,0.0,6.489822864532471
M,12,4,2024-05-10,2024-06-07,0.0,0.0,0.0,6.489822864532471
M,12,4,2024-05-17,2024-06-14,0.0,0.0,0.0,6.489822864532471
M,12,4,2024-05-24,2024-06-21,0.0,0.0,0.0,6.489822864532471
M,12,4,2024-05-31,2024-06-28,0.0,0.15669062733650208,0.0,6.64651346206665
M,12,4,2024-06-07,2024-07-05,1.0,0.9823087453842163,0.0,7.472131729125977
M,12,4,2024-06-14,2024-07-12,1.0,2.458810806274414,1.190845012664795,8.948633193969727
M,12,4,2024-06-21,2024-07-19,0.0,3.220590353012085,1.9526245594024658,9.710412979125977
M,12,4,2024-06-28,2024-07-26,3.0,1.6799739599227905,0.4120081663131714,8.16979694366455
M,12,4,2024-07-05,2024-08-02,6.0,1.2589778900146484,0.0,7.748800754547119
M,12,4,2024-07-12,2024-08-09,3.0,1.0814487934112549,0.0,7.571271896362305
M,12,4,2024-07-19,2024-08-16,3.0,0.6241756081581116,0.0,7.1139984130859375
M,12,4,2024-07-26,2024-08-23,1.0,0.5526036024093628,0.0,7.042426586151123
M,12,4,2024-08-02,2024-08-30,2.0,2.171738624572754,0.0,8.661561965942383
M,12,4,2024-08-09,2024-09-06,2.0,2.5011072158813477,0.0,8.990930557250977
M,12,4,2024-08-16,2024-09-13,4.0,3.2364916801452637,0.01590132713317871,9.726314544677734
M,12,4,2024-08-23,2024-09-20,1.0,2.0061001777648926,0.0,6.747122287750244
M,12,4,2024-08-30,2024-09-27,1.0,2.3455159664154053,0.0,7.086538314819336
M,12,4,2024-09-06,2024-10-04,2.0,1.3367937803268433,0.0,6.077816009521484
M,12,4,2024-09-13,2024-10-11,0.0,0.7974328994750977,0.0,5.538455009460449
M,12,4,2024-09-20,2024-10-18,0.0,0.44836971163749695,0.0,5.189391613006592
M,12,4,2024-09-27,2024-10-25,1.0,0.8090322613716125,0.0,5.550054550170898
M,12,4,2024-10-04,2024-11-01,0.0,0.8223802447319031,0.0,5.56340217590332
M,12,4,2024-10-11,2024-11-08,1.0,0.5132494568824768,0.0,5.254271507263184
M,12,4,2024-10-18,2024-11-15,0.0,0.0,0.0,4.741022109985352
M,12,4,2024-10-25,2024-11-22,0.0,0.0,0.0,4.741022109985352
M,12,4,2024-11-01,2024-11-29,1.0,0.0,0.0,4.741022109985352
M,12,4,2024-11-08,2024-12-06,0.0,0.0,0.0,4.741022109985352
M,12,4,2024-11-15,2024-12-13,0.0,0.0,0.0,4.741022109985352
M,12,4,2024-11-22,2024-12-20,0.0,0.0,0.0,4.741022109985352
M,12,4,2024-11-29,2024-12-27,0.0,0.0,0.0,4.741022109985352
M,12,4,2024-12-06,2025-01-03,0.0,0.0,0.0,4.741022109985352
M,12,4,2024-12-13,2025-01-10,1.0,0.0,0.0,4.741022109985352
M,12,4,2024-12-20,2025-01-17,0.0,0.0,0.0,4.741022109985352
M,12,4,2024-12-27,2025-01-24,0.0,0.0,0.0,4.741022109985352
M,12,4,2025-01-03,2025-01-31,0.0,0.0,0.0,4.741022109985352
M,12,4,2025-01-10,2025-02-07,0.0,0.0,0.0,4.741022109985352
M,12,4,2025-01-17,2025-02-14,0.0,0.0,0.0,4.741022109985352
M,12,4,2025-01-24,2025-02-21,0.0,0.0,0.0,4.741022109985352
M,12,4,2025-01-31,2025-02-28,0.0,0.0,0.0,4.741022109985352
M,12,4,2025-02-07,2025-03-07,0.0,0.0,0.0,4.741022109985352
M,12,4,2025-02-14,2025-03-14,0.0,0.0,0.0,4.741022109985352
M,12,4,2025-02-21,2025-03-21,0.0,0.0,0.0,4.741022109985352
M,12,4,2025-02-28,2025-03-28,0.0,0.0,0.0,4.741022109985352
M,12,4,2025-03-07,2025-04-04,0.0,0.0,0.0,4.741022109985352
M,12,4,2025-03-14,2025-04-11,0.0,0.0,0.0,4.741022109985352
M,12,4,2025-03-21,2025-04-18,0.0,0.0,0.0,4.741022109985352
M,12,4,2025-03-28,2025-04-25,0.0,0.0,0.0,4.741022109985352
M,12,4,2025-04-04,2025-05-02,0.0,0.0,0.0,4.741022109985352
M,12,4,2025-04-11,2025-05-09,0.0,0.0,0.0,4.741022109985352
M,12,4,2025-04-18,2025-05-16,0.0,0.0,0.0,4.741022109985352
M,12,4,2025-04-25,2025-05-23,0.0,0.0,0.0,4.741022109985352
M,12,4,2025-05-02,2025-05-30,0.0,0.0,0.0,4.741022109985352
M,12,4,2025-05-09,2025-06-06,0.0,0.0,0.0,4.741022109985352
M,12,4,2025-05-16,2025-06-13,1.0,0.0,0.0,4.741022109985352
M,12,4,2025-05-23,2025-06-20,0.0,0.0,0.0,4.741022109985352
M,12,4,2025-05-30,2025-06-27,0.0,0.08924698084592819,0.0,4.830268859863281
M,12,4,2025-06-06,2025-07-04,1.0,0.0,0.0,4.741022109985352
M,12,4,2025-06-13,2025-07-11,0.0,0.5706474184989929,0.0,5.31166934967041
M,12,4,2025-06-20,2025-07-18,2.0,1.3031498193740845,0.0,6.0441718101501465
M,12,4,2025-06-27,2025-07-25,4.0,1.815183162689209,0.0,6.5562052726745605
M,12,4,2025-07-04,2025-08-01,9.0,2.544618844985962,0.0,7.285640716552734
M,12,4,2025-07-11,2025-08-08,9.0,1.4309582710266113,0.0,6.171980381011963
M,12,4,2025-07-18,2025-08-15,3.0,2.5286107063293457,0.0,7.269632816314697
M,12,4,2025-07-25,2025-08-22,1.0,0.9028289914131165,0.0,5.643851280212402
M,12,4,2025-08-01,2025-08-29,1.0,1.6437255144119263,0.298209547996521,6.384747505187988
M,12,4,2025-08-08,2025-09-05,,2.458430767059326,1.112914800643921,7.199452877044678
M,12,4,2025-08-15,2025-09-12,,1.8504924774169922,0.5049765110015869,8.30587387084961
M,12,4,2025-08-22,2025-09-19,,1.8821394443511963,0.536623477935791,9.451181411743164
M,12,8,2023-02-17,2023-04-14,0.0,0.0,0.0,1.0
M,12,8,2023-02-24,2023-04-21,0.0,0.0,0.0,1.0
M,12,8,2023-03-03,2023-04-28,0.0,0.0,0.0,1.0
M,12,8,2023-03-10,2023-05-05,0.0,0.0,0.0,1.0
M,12,8,2023-03-17,2023-05-12,0.0,0.0,0.0,1.0
M,12,8,2023-03-24,2023-05-19,0.0,0.0,0.0,1.0
M,12,8,2023-03-31,2023-05-26,0.0,0.0,0.0,1.0
M,12,8,2023-04-07,2023-06-02,0.0,0.0,0.0,1.0
M,12,8,2023-04-14,2023-06-09,1.0,0.0,0.0,1.0
M,12,8,2023-04-21,2023-06-16,2.0,0.0,0.0,1.0
M,12,8,2023-04-28,2023-06-23,0.0,0.0,0.0,1.0
M,12,8,2023-05-05,2023-06-30,0.0,0.0,0.0,1.0
M,12,8,2023-05-12,2023-07-07,0.0,0.25445860624313354,0.0,1.2544586658477783
M,12,8,2023-05-19,2023-07-14,0.0,0.22180934250354767,0.0,1.2218093872070312
M,12,8,2023-05-26,2023-07-21,0.0,0.4342268407344818,0.0,1.4342268705368042
M,12,8,2023-06-02,2023-07-28,1.0,0.6915977597236633,0.0,1.6915977001190186
M,12,8,2023-06-09,2023-08-04,5.0,1.6029865741729736,0.706240177154541,2.6029865741729736
M,12,8,2023-06-16,2023-08-11,8.0,2.760070562362671,1.8633241653442383,3.760070562362671
M,12,8,2023-06-23,2023-08-18,0.0,1.650026559829712,0.7532801628112793,2.650026559829712
M,12,8,2023-06-30,2023-08-25,0.0,1.6631839275360107,0.7664375305175781,3.6631839275360107
M,12,8,2023-07-07,2023-09-01,0.0,0.8777462840080261,0.0,2.877746343612671
M,12,8,2023-07-14,2023-09-08,1.0,1.2175593376159668,0.3208129405975342,3.217559337615967
M,12,8,2023-07-21,2023-09-15,3.0,0.7756375670433044,0.0,2.775637626647949
M,12,8,2023-07-28,2023-09-22,1.0,1.4716339111328125,0.5748875141143799,3.4716339111328125
M,12,8,2023-08-04,2023-09-29,0.0,3.1054792404174805,2.208732843399048,5.1054792404174805
M,12,8,2023-08-11,2023-10-06,2.0,1.836559772491455,0.9398133754730225,3.836559772491455
M,12,8,2023-08-18,2023-10-13,0.0,1.0611600875854492,0.1644136905670166,4.458173751831055
M,12,8,2023-08-25,2023-10-20,0.0,0.298825204372406,0.0,5.538754463195801
M,12,8,2023-09-01,2023-10-27,0.0,0.10178378224372864,0.0,5.341712951660156
M,12,8,2023-09-08,2023-11-03,0.0,0.3288257420063019,0.0,5.568755149841309
M,12,8,2023-09-15,2023-11-10,0.0,0.27942848205566406,0.0,5.519357681274414
M,12,8,2023-09-22,2023-11-17,0.0,0.09660127758979797,0.0,5.336530685424805
M,12,8,2023-09-29,2023-11-24,0.0,0.0,0.0,5.23992919921875
M,12,8,2023-10-06,2023-12-01,1.0,0.0,0.0,5.23992919921875
M,12,8,2023-10-13,2023-12-08,1.0,0.0,0.0,5.23992919921875
M,12,8,2023-10-20,2023-12-15,0.0,0.0,0.0,5.23992919921875
M,12,8,2023-10-27,2023-12-22,0.0,0.0,0.0,5.23992919921875
M,12,8,2023-11-03,2023-12-29,0.0,0.0,0.0,5.23992919921875
M,12,8,2023-11-10,2024-01-05,0.0,0.0,0.0,5.23992919921875
M,12,8,2023-11-17,2024-01-12,0.0,0.0,0.0,5.23992919921875
M,12,8,2023-11-24,2024-01-19,0.0,0.0,0.0,5.23992919921875
M,12,8,2023-12-01,2024-01-26,0.0,0.0,0.0,5.23992919921875
M,12,8,2023-12-08,2024-02-02,0.0,0.0,0.0,5.23992919921875
M,12,8,2023-12-15,2024-02-09,0.0,0.0,0.0,5.23992919921875
M,12,8,2023-12-22,2024-02-16,0.0,0.0,0.0,5.23992919921875
M,12,8,2023-12-29,2024-02-23,0.0,0.0,0.0,5.23992919921875
M,12,8,2024-01-05,2024-03-01,0.0,0.0,0.0,5.23992919921875
M,12,8,2024-01-12,2024-03-08,0.0,0.0,0.0,5.23992919921875
M,12,8,2024-01-19,2024-03-15,0.0,0.0,0.0,5.23992919921875
M,12,8,2024-01-26,2024-03-22,0.0,0.0,0.0,5.23992919921875
M,12,8,2024-02-02,2024-03-29,0.0,0.0,0.0,5.23992919921875
M,12,8,2024-02-09,2024-04-05,0.0,0.0,0.0,5.23992919921875
M,12,8,2024-02-16,2024-04-12,0.0,0.0,0.0,5.23992919921875
M,12,8,2024-02-23,2024-04-19,0.0,0.0,0.0,5.23992919921875
M,12,8,2024-03-01,2024-04-26,0.0,0.0,0.0,5.23992919921875
M,12,8,2024-03-08,2024-05-03,0.0,0.0,0.0,5.23992919921875
M,12,8,2024-03-15,2024-05-10,0.0,0.0,0.0,5.23992919921875
M,12,8,2024-03-22,2024-05-17,1.0,0.0,0.0,5.23992919921875
M,12,8,2024-03-29,2024-05-24,2.0,0.0,0.0,5.23992919921875
M,12,8,2024-04-05,2024-05-31,0.0,0.04083740711212158,0.0,5.280766487121582
M,12,8,2024-04-12,2024-06-07,0.0,0.0011814385652542114,0.0,5.241110801696777
M,12,8,2024-04-19,2024-06-14,0.0,0.0,0.0,5.23992919921875
M,12,8,2024-04-26,2024-06-21,0.0,0.0,0.0,5.23992919921875
M,12,8,2024-05-03,2024-06-28,0.0,0.24671581387519836,0.0,5.486645221710205
M,12,8,2024-05-10,2024-07-05,1.0,0.19728051126003265,0.0,5.437209606170654
M,12,8,2024-05-17,2024-07-12,1.0,0.6327184438705444,0.0,5.872647762298584
M,12,8,2024-05-24,2024-07-19,0.0,1.2867684364318848,0.0,6.526697635650635
M,12,8,2024-05-31,2024-07-26,3.0,0.7436916828155518,0.0,5.983620643615723
M,12,8,2024-06-07,2024-08-02,6.0,1.2810075283050537,0.0,6.520936965942383
M,12,8,2024-06-14,2024-08-09,3.0,2.8699846267700195,0.0,8.10991382598877
M,12,8,2024-06-21,2024-08-16,3.0,1.1791491508483887,0.0,6.419078350067139
M,12,8,2024-06-28,2024-08-23,1.0,1.5248634815216064,0.0,6.764792442321777
M,12,8,2024-07-05,2024-08-30,2.0,1.9653682708740234,0.0,7.205297470092773
M,12,8,2024-07-12,2024-09-06,2.0,2.2108285427093506,0.0,7.45075798034668
M,12,8,2024-07-19,2024-09-13,4.0,3.2820427417755127,0.17656350135803223,8.521971702575684
M,12,8,2024-07-26,2024-09-20,1.0,2.1642699241638184,0.0,7.404199123382568
M,12,8,2024-08-02,2024-09-27,1.0,3.0448954105377197,0.0,8.28482437133789
M,12,8,2024-08-09,2024-10-04,2.0,3.4557406902313232,0.3502614498138428,8.695670127868652
M,12,8,2024-08-16,2024-10-11,0.0,0.5176955461502075,0.0,5.757624626159668
M,12,8,2024-08-23,2024-10-18,0.0,0.5025280714035034,0.0,5.22152042388916
M,12,8,2024-08-30,2024-10-25,1.0,1.0527620315551758,0.0,5.771754264831543
M,12,8,2024-09-06,2024-11-01,0.0,1.625680685043335,0.0,6.344673156738281
M,12,8,2024-09-13,2024-11-08,1.0,1.6317594051361084,0.0,6.350751876831055
M,12,8,2024-09-20,2024-11-15,0.0,0.40243008732795715,0.0,5.121422290802002
M,12,8,2024-09-27,2024-11-22,0.0,0.15255548059940338,0.0,4.871547698974609
M,12,8,2024-10-04,2024-11-29,1.0,0.09040273725986481,0.0,4.809394836425781
M,12,8,2024-10-11,2024-12-06,0.0,0.0,0.0,4.718992233276367
M,12,8,2024-10-18,2024-12-13,0.0,0.06054215133190155,0.0,4.779534339904785
M,12,8,2024-10-25,2024-12-20,0.0,0.16154783964157104,0.0,4.880539894104004
M,12,8,2024-11-01,2024-12-27,0.0,0.0,0.0,4.718992233276367
M,12,8,2024-11-08,2025-01-03,0.0,0.0,0.0,4.718992233276367
M,12,8,2024-11-15,2025-01-10,1.0,0.0,0.0,4.718992233276367
M,12,8,2024-11-22,2025-01-17,0.0,0.0,0.0,4.718992233276367
M,12,8,2024-11-29,2025-01-24,0.0,0.0,0.0,4.718992233276367
M,12,8,2024-12-06,2025-01-31,0.0,0.004735693335533142,0.0,4.723727703094482
M,12,8,2024-12-13,2025-02-07,0.0,0.0,0.0,4.718992233276367
M,12,8,2024-12-20,2025-02-14,0.0,0.0,0.0,4.718992233276367
M,12,8,2024-12-27,2025-02-21,0.0,0.0,0.0,4.718992233276367
M,12,8,2025-01-03,2025-02-28,0.0,0.0,0.0,4.718992233276367
M,12,8,2025-01-10,2025-03-07,0.0,0.0,0.0,4.718992233276367
M,12,8,2025-01-17,2025-03-14,0.0,0.0,0.0,4.718992233276367
M,12,8,2025-01-24,2025-03-21,0.0,0.0,0.0,4.718992233276367
M,12,8,2025-01-31,2025-03-28,0.0,0.0,0.0,4.718992233276367
M,12,8,2025-02-07,2025-04-04,0.0,0.0,0.0,4.718992233276367
M,12,8,2025-02-14,2025-04-11,0.0,0.0,0.0,4.718992233276367
M,12,8,2025-02-21,2025-04-18,0.0,0.0,0.0,4.718992233276367
M,12,8,2025-02-28,2025-04-25,0.0,0.0,0.0,4.718992233276367
M,12,8,2025-03-07,2025-05-02,0.0,0.0,0.0,4.718992233276367
M,12,8,2025-03-14,2025-05-09,0.0,0.0,0.0,4.718992233276367
M,12,8,2025-03-21,2025-05-16,0.0,0.0,0.0,4.718992233276367
M,12,8,2025-03-28,2025-05-23,0.0,0.0,0.0,4.718992233276367
M,12,8,2025-04-04,2025-05-30,0.0,0.0,0.0,4.718992233276367
M,12,8,2025-04-11,2025-06-06,0.0,0.0,0.0,4.718992233276367
M,12,8,2025-04-18,2025-06-13,1.0,0.0,0.0,4.718992233276367
M,12,8,2025-04-25,2025-06-20,0.0,0.0,0.0,4.718992233276367
M,12,8,2025-05-02,2025-06-27,0.0,0.051208361983299255,0.0,4.770200729370117
M,12,8,2025-05-09,2025-07-04,1.0,0.048247069120407104,0.0,4.767239093780518
M,12,8,2025-05-16,2025-07-11,0.0,0.5237441062927246,0.0,5.242736339569092
M,12,8,2025-05-23,2025-07-18,2.0,0.8206194043159485,0.0,5.53961181640625
M,12,8,2025-05-30,2025-07-25,4.0,0.8230774402618408,0.0,5.542069435119629
M,12,8,2025-06-06,2025-08-01,9.0,1.661696195602417,0.0,6.380688667297363
M,12,8,2025-06-13,2025-08-08,9.0,0.7233922481536865,0.0,5.442384719848633
M,12,8,2025-06-20,2025-08-15,3.0,0.7094363570213318,0.0,5.428428649902344
M,12,8,2025-06-27,2025-08-22,1.0,0.855595588684082,0.0,5.574587821960449
M,12,8,2025-07-04,2025-08-29,1.0,0.450470507144928,0.0,5.16946268081665
M,12,8,2025-07-11,2025-09-05,,0.7603699564933777,0.0,5.4793620109558105
M,12,8,2025-07-18,2025-09-12,,1.7502491474151611,0.0,6.469241142272949
M,12,8,2025-07-25,2025-09-19,,0.9290247559547424,0.0,5.648016929626465
M,12,8,2025-08-01,2025-09-26,,0.40250471234321594,0.0,5.12149715423584
M,12,8,2025-08-08,2025-10-03,,0.07575374841690063,0.0,4.794745922088623
M,12,8,2025-08-15,2025-10-10,,0.0,0.0,7.338303565979004
M,12,8,2025-08-22,2025-10-17,,0.0,0.0,8.276607513427734
M,12,12,2023-02-17,2023-05-12,0.0,0.0,0.0,1.0
M,12,12,2023-02-24,2023-05-19,0.0,0.0,0.0,1.0
M,12,12,2023-03-03,2023-05-26,0.0,0.0,0.0,1.0
M,12,12,2023-03-10,2023-06-02,0.0,0.0,0.0,1.0
M,12,12,2023-03-17,2023-06-09,1.0,0.0,0.0,1.0
M,12,12,2023-03-24,2023-06-16,2.0,0.0,0.0,1.0
M,12,12,2023-03-31,2023-06-23,0.0,0.0,0.0,1.0
M,12,12,2023-04-07,2023-06-30,0.0,0.0,0.0,1.0
M,12,12,2023-04-14,2023-07-07,0.0,0.0,0.0,1.0
M,12,12,2023-04-21,2023-07-14,0.0,0.0,0.0,1.0
M,12,12,2023-04-28,2023-07-21,0.0,0.0,0.0,1.0
M,12,12,2023-05-05,2023-07-28,1.0,0.0,0.0,1.0
M,12,12,2023-05-12,2023-08-04,5.0,0.0,0.0,1.0
M,12,12,2023-05-19,2023-08-11,8.0,0.0,0.0,1.0
M,12,12,2023-05-26,2023-08-18,0.0,0.0,0.0,1.0
M,12,12,2023-06-02,2023-08-25,0.0,0.0,0.0,1.0
M,12,12,2023-06-09,2023-09-01,0.0,0.0,0.0,1.0
M,12,12,2023-06-16,2023-09-08,1.0,0.0,0.0,1.0
M,12,12,2023-06-23,2023-09-15,3.0,0.0,0.0,1.0
M,12,12,2023-06-30,2023-09-22,1.0,0.0,0.0,2.0
M,12,12,2023-07-07,2023-09-29,0.0,0.0,0.0,2.0
M,12,12,2023-07-14,2023-10-06,2.0,0.0,0.0,2.0
M,12,12,2023-07-21,2023-10-13,0.0,0.0,0.0,2.0
M,12,12,2023-07-28,2023-10-20,0.0,0.0,0.0,2.0
M,12,12,2023-08-04,2023-10-27,0.0,0.0,0.0,2.0
M,12,12,2023-08-11,2023-11-03,0.0,0.0,0.0,2.0
M,12,12,2023-08-18,2023-11-10,0.0,0.0,0.0,5.0
M,12,12,2023-08-25,2023-11-17,0.0,0.0,0.0,8.0
M,12,12,2023-09-01,2023-11-24,0.0,0.0,0.0,8.0
M,12,12,2023-09-08,2023-12-01,1.0,0.0,0.0,8.0
M,12,12,2023-09-15,2023-12-08,1.0,0.0,0.0,8.0
M,12,12,2023-09-22,2023-12-15,0.0,0.0,0.0,8.0
M,12,12,2023-09-29,2023-12-22,0.0,0.0,0.0,8.0
M,12,12,2023-10-06,2023-12-29,0.0,0.0,0.0,8.0
M,12,12,2023-10-13,2024-01-05,0.0,0.0,0.0,8.0
M,12,12,2023-10-20,2024-01-12,0.0,0.0,0.0,8.0
M,12,12,2023-10-27,2024-01-19,0.0,0.0,0.0,8.0
M,12,12,2023-11-03,2024-01-26,0.0,0.0,0.0,8.0
M,12,12,2023-11-10,2024-02-02,0.0,0.0,0.0,8.0
M,12,12,2023-11-17,2024-02-09,0.0,0.0,0.0,8.0
M,12,12,2023-11-24,2024-02-16,0.0,0.0,0.0,8.0
M,12,12,2023-12-01,2024-02-23,0.0,0.0,0.0,8.0
M,12,12,2023-12-08,2024-03-01,0.0,0.0,0.0,8.0
M,12,12,2023-12-15,2024-03-08,0.0,0.0,0.0,8.0
M,12,12,2023-12-22,2024-03-15,0.0,0.0,0.0,8.0
M,12,12,2023-12-29,2024-03-22,0.0,0.0,0.0,8.0
M,12,12,2024-01-05,2024-03-29,0.0,0.0,0.0,8.0
M,12,12,2024-01-12,2024-04-05,0.0,0.0,0.0,8.0
M,12,12,2024-01-19,2024-04-12,0.0,0.0,0.0,8.0
M,12,12,2024-01-26,2024-04-19,0.0,0.0,0.0,8.0
M,12,12,2024-02-02,2024-04-26,0.0,0.0,0.0,8.0
M,12,12,2024-02-09,2024-05-03,0.0,0.0,0.0,8.0
M,12,12,2024-02-16,2024-05-10,0.0,0.0,0.0,8.0
M,12,12,2024-02-23,2024-05-17,1.0,0.0,0.0,8.0
M,12,12,2024-03-01,2024-05-24,2.0,0.0,0.0,8.0
M,12,12,2024-03-08,2024-05-31,0.0,0.0,0.0,8.0
M,12,12,2024-03-15,2024-06-07,0.0,0.0,0.0,8.0
M,12,12,2024-03-22,2024-06-14,0.0,0.0,0.0,8.0
M,12,12,2024-03-29,2024-06-21,0.0,0.0,0.0,8.0
M,12,12,2024-04-05,2024-06-28,0.0,0.0,0.0,8.0
M,12,12,2024-04-12,2024-07-05,1.0,0.0,0.0,8.0
M,12,12,2024-04-19,2024-07-12,1.0,0.0,0.0,8.0
M,12,12,2024-04-26,2024-07-19,0.0,0.0,0.0,8.0
M,12,12,2024-05-03,2024-07-26,3.0,0.0,0.0,8.0
M,12,12,2024-05-10,2024-08-02,6.0,0.0,0.0,8.0
M,12,12,2024-05-17,2024-08-09,3.0,0.0,0.0,8.0
M,12,12,2024-05-24,2024-08-16,3.0,0.0,0.0,8.0
M,12,12,2024-05-31,2024-08-23,1.0,0.0,0.0,8.0
M,12,12,2024-06-07,2024-08-30,2.0,0.0,0.0,8.0
M,12,12,2024-06-14,2024-09-06,2.0,0.0,0.0,8.0
M,12,12,2024-06-21,2024-09-13,4.0,0.0,0.0,8.0
M,12,12,2024-06-28,2024-09-20,1.0,0.0,0.0,8.0
M,12,12,2024-07-05,2024-09-27,1.0,0.0,0.0,8.0
M,12,12,2024-07-12,2024-10-04,2.0,0.0,0.0,8.0
M,12,12,2024-07-19,2024-10-11,0.0,0.0,0.0,8.0
M,12,12,2024-07-26,2024-10-18,0.0,0.0,0.0,8.0
M,12,12,2024-08-02,2024-10-25,1.0,0.0,0.0,8.0
M,12,12,2024-08-09,2024-11-01,0.0,0.0,0.0,8.0
M,12,12,2024-08-16,2024-11-08,1.0,0.0,0.0,8.0
M,12,12,2024-08-23,2024-11-15,0.0,0.0,0.0,6.0
M,12,12,2024-08-30,2024-11-22,0.0,0.0,0.0,6.0
M,12,12,2024-09-06,2024-11-29,1.0,0.0,0.0,6.0
M,12,12,2024-09-13,2024-12-06,0.0,0.0,0.0,6.0
M,12,12,2024-09-20,2024-12-13,0.0,0.0,0.0,6.0
M,12,12,2024-09-27,2024-12-20,0.0,0.0,0.0,6.0
M,12,12,2024-10-04,2024-12-27,0.0,0.0,0.0,6.0
M,12,12,2024-10-11,2025-01-03,0.0,0.0,0.0,6.0
M,12,12,2024-10-18,2025-01-10,1.0,0.0,0.0,6.0
M,12,12,2024-10-25,2025-01-17,0.0,0.0,0.0,6.0
M,12,12,2024-11-01,2025-01-24,0.0,0.0,0.0,6.0
M,12,12,2024-11-08,2025-01-31,0.0,0.0,0.0,6.0
M,12,12,2024-11-15,2025-02-07,0.0,0.0,0.0,6.0
M,12,12,2024-11-22,2025-02-14,0.0,0.0,0.0,6.0
M,12,12,2024-11-29,2025-02-21,0.0,0.0,0.0,6.0
M,12,12,2024-12-06,2025-02-28,0.0,0.0,0.0,6.0
M,12,12,2024-12-13,2025-03-07,0.0,0.0,0.0,6.0
M,12,12,2024-12-20,2025-03-14,0.0,0.0,0.0,6.0
M,12,12,2024-12-27,2025-03-21,0.0,0.0,0.0,6.0
M,12,12,2025-01-03,2025-03-28,0.0,0.0,0.0,6.0
M,12,12,2025-01-10,2025-04-04,0.0,0.0,0.0,6.0
M,12,12,2025-01-17,2025-04-11,0.0,0.0,0.0,6.0
M,12,12,2025-01-24,2025-04-18,0.0,0.0,0.0,6.0
M,12,12,2025-01-31,2025-04-25,0.0,0.0,0.0,6.0
M,12,12,2025-02-07,2025-05-02,0.0,0.0,0.0,6.0
M,12,12,2025-02-14,2025-05-09,0.0,0.0,0.0,6.0
M,12,12,2025-02-21,2025-05-16,0.0,0.0,0.0,6.0
M,12,12,2025-02-28,2025-05-23,0.0,0.0,0.0,6.0
M,12,12,2025-03-07,2025-05-30,0.0,0.0,0.0,6.0
M,12,12,2025-03-14,2025-06-06,0.0,0.0,0.0,6.0
M,12,12,2025-03-21,2025-06-13,1.0,0.0,0.0,6.0
M,12,12,2025-03-28,2025-06-20,0.0,0.0,0.0,6.0
M,12,12,2025-04-04,2025-06-27,0.0,0.0,0.0,6.0
M,12,12,2025-04-11,2025-07-04,1.0,0.0,0.0,6.0
M,12,12,2025-04-18,2025-07-11,0.0,0.0,0.0,6.0
M,12,12,2025-04-25,2025-07-18,2.0,0.0,0.0,6.0
M,12,12,2025-05-02,2025-07-25,4.0,0.0,0.0,6.0
M,12,12,2025-05-09,2025-08-01,9.0,0.0,0.0,6.0
M,12,12,2025-05-16,2025-08-08,9.0,0.0,0.0,6.0
M,12,12,2025-05-23,2025-08-15,3.0,0.0,0.0,6.0
M,12,12,2025-05-30,2025-08-22,1.0,0.0,0.0,6.0
M,12,12,2025-06-06,2025-08-29,1.0,0.0,0.0,6.0
M,12,12,2025-06-13,2025-09-05,,0.0,0.0,6.0
M,12,12,2025-06-20,2025-09-12,,0.0,0.0,6.0
M,12,12,2025-06-27,2025-09-19,,0.0,0.0,6.0
M,12,12,2025-07-04,2025-09-26,,0.0,0.0,6.0
M,12,12,2025-07-11,2025-10-03,,0.0,0.0,6.0
M,12,12,2025-07-18,2025-10-10,,0.0,0.0,6.0
M,12,12,2025-07-25,2025-10-17,,0.0,0.0,6.0
M,12,12,2025-08-01,2025-10-24,,0.0,0.0,6.0
M,12,12,2025-08-08,2025-10-31,,0.0,0.0,6.0
M,12,12,2025-08-15,2025-11-07,,0.0,0.0,9.0
M,12,12,2025-08-22,2025-11-14,,0.0,0.0,9.0
N,13,1,2023-02-17,2023-02-24,0.0,0.0,0.0,2.0
N,13,1,2023-02-24,2023-03-03,0.0,0.0,0.0,2.0
N,13,1,2023-03-03,2023-03-10,0.0,0.0,0.0,2.0
N,13,1,2023-03-10,2023-03-17,0.0,0.0,0.0,2.0
N,13,1,2023-03-17,2023-03-24,0.0,0.0,0.0,2.0
N,13,1,2023-03-24,2023-03-31,0.0,0.0,0.0,2.0
N,13,1,2023-03-31,2023-04-07,0.0,0.0,0.0,2.0
N,13,1,2023-04-07,2023-04-14,0.0,0.0,0.0,2.0
N,13,1,2023-04-14,2023-04-21,0.0,0.0,0.0,2.0
N,13,1,2023-04-21,2023-04-28,0.0,0.0,0.0,2.0
N,13,1,2023-04-28,2023-05-05,0.0,0.0,0.0,2.0
N,13,1,2023-05-05,2023-05-12,0.0,0.0,0.0,2.0
N,13,1,2023-05-12,2023-05-19,0.0,0.0,0.0,2.0
N,13,1,2023-05-19,2023-05-26,0.0,0.0,0.0,2.0
N,13,1,2023-05-26,2023-06-02,0.0,0.0,0.0,2.0
N,13,1,2023-06-02,2023-06-09,0.0,0.0,0.0,2.0
N,13,1,2023-06-09,2023-06-16,0.0,0.0,0.0,2.0
N,13,1,2023-06-16,2023-06-23,1.0,0.0,0.0,2.0
N,13,1,2023-06-23,2023-06-30,0.0,0.0,0.0,2.0
N,13,1,2023-06-30,2023-07-07,0.0,0.0,0.0,2.0
N,13,1,2023-07-07,2023-07-14,1.0,0.0,0.0,2.0
N,13,1,2023-07-14,2023-07-21,0.0,0.0,0.0,2.0
N,13,1,2023-07-21,2023-07-28,1.0,0.5842848420143127,0.4264261722564697,2.584284782409668
N,13,1,2023-07-28,2023-08-04,1.0,2.7579829692840576,2.6001243591308594,4.757983207702637
N,13,1,2023-08-04,2023-08-11,4.0,2.2362782955169678,2.0784196853637695,4.236278533935547
N,13,1,2023-08-11,2023-08-18,1.0,0.0,0.0,2.0
N,13,1,2023-08-18,2023-08-25,2.0,0.0,0.0,2.0
N,13,1,2023-08-25,2023-09-01,1.0,0.0,0.0,2.0
N,13,1,2023-09-01,2023-09-08,0.0,1.213080644607544,0.0,3.213080644607544
N,13,1,2023-09-08,2023-09-15,0.0,1.1514986753463745,0.0,3.151498794555664
N,13,1,2023-09-15,2023-09-22,3.0,0.0,0.0,2.0
N,13,1,2023-09-22,2023-09-29,0.0,0.0,0.0,2.0
N,13,1,2023-09-29,2023-10-06,3.0,0.0,0.0,2.0
N,13,1,2023-10-06,2023-10-13,0.0,0.0,0.0,3.0
N,13,1,2023-10-13,2023-10-20,0.0,0.0,0.0,3.0
N,13,1,2023-10-20,2023-10-27,0.0,0.0,0.0,3.0
N,13,1,2023-10-27,2023-11-03,0.0,0.0,0.0,3.0
N,13,1,2023-11-03,2023-11-10,0.0,0.0,0.0,3.0
N,13,1,2023-11-10,2023-11-17,1.0,0.0,0.0,3.0
N,13,1,2023-11-17,2023-11-24,0.0,0.0,0.0,3.0
N,13,1,2023-11-24,2023-12-01,0.0,0.0,0.0,3.0
N,13,1,2023-12-01,2023-12-08,1.0,0.0,0.0,3.0
N,13,1,2023-12-08,2023-12-15,0.0,0.0,0.0,3.0
N,13,1,2023-12-15,2023-12-22,1.0,0.0,0.0,3.0
N,13,1,2023-12-22,2023-12-29,0.0,0.0,0.0,3.0
N,13,1,2023-12-29,2024-01-05,0.0,0.0,0.0,3.0
N,13,1,2024-01-05,2024-01-12,1.0,0.0,0.0,3.0
N,13,1,2024-01-12,2024-01-19,0.0,0.0,0.0,3.0
N,13,1,2024-01-19,2024-01-26,0.0,0.0,0.0,3.0
N,13,1,2024-01-26,2024-02-02,1.0,0.0,0.0,3.0
N,13,1,2024-02-02,2024-02-09,1.0,0.0,0.0,3.0
N,13,1,2024-02-09,2024-02-16,0.0,0.0,0.0,3.0
N,13,1,2024-02-16,2024-02-23,0.0,0.0,0.0,3.0
N,13,1,2024-02-23,2024-03-01,0.0,0.0,0.0,3.0
N,13,1,2024-03-01,2024-03-08,0.0,0.0,0.0,3.0
N,13,1,2024-03-08,2024-03-15,0.0,0.0,0.0,3.0
N,13,1,2024-03-15,2024-03-22,0.0,0.0,0.0,3.0
N,13,1,2024-03-22,2024-03-29,0.0,0.0,0.0,3.0
N,13,1,2024-03-29,2024-04-05,0.0,0.0,0.0,3.0
N,13,1,2024-04-05,2024-04-12,0.0,0.0,0.0,3.0
N,13,1,2024-04-12,2024-04-19,0.0,0.0,0.0,3.0
N,13,1,2024-04-19,2024-04-26,1.0,0.0,0.0,3.0
N,13,1,2024-04-26,2024-05-03,0.0,0.0,0.0,3.0
N,13,1,2024-05-03,2024-05-10,0.0,0.0,0.0,3.0
N,13,1,2024-05-10,2024-05-17,0.0,0.0,0.0,3.0
N,13,1,2024-05-17,2024-05-24,0.0,0.0,0.0,3.0
N,13,1,2024-05-24,2024-05-31,0.0,0.0,0.0,3.0
N,13,1,2024-05-31,2024-06-07,0.0,0.0,0.0,3.0
N,13,1,2024-06-07,2024-06-14,0.0,0.0,0.0,3.0
N,13,1,2024-06-14,2024-06-21,0.0,0.0,0.0,3.0
N,13,1,2024-06-21,2024-06-28,0.0,0.0,0.0,3.0
N,13,1,2024-06-28,2024-07-05,0.0,0.0,0.0,3.0
N,13,1,2024-07-05,2024-07-12,0.0,0.0,0.0,3.0
N,13,1,2024-07-12,2024-07-19,1.0,0.0,0.0,3.0
N,13,1,2024-07-19,2024-07-26,0.0,0.652529776096344,0.0,3.652529716491699
N,13,1,2024-07-26,2024-08-02,18.0,1.7730811834335327,0.015098214149475098,4.773081302642822
N,13,1,2024-08-02,2024-08-09,10.0,3.7463393211364746,1.988356351852417,6.746339321136475
N,13,1,2024-08-09,2024-08-16,4.0,2.513298988342285,0.7553160190582275,5.513298988342285
N,13,1,2024-08-16,2024-08-23,0.0,0.8150050640106201,0.0,17.04192352294922
N,13,1,2024-08-23,2024-08-30,1.0,0.0,0.0,16.226919174194336
N,13,1,2024-08-30,2024-09-06,1.0,2.6635448932647705,1.4504642486572266,18.890464782714844
N,13,1,2024-09-06,2024-09-13,1.0,4.838701248168945,3.6256206035614014,21.06562042236328
N,13,1,2024-09-13,2024-09-20,0.0,1.4258700609207153,0.2127894163131714,17.652790069580078
N,13,1,2024-09-20,2024-09-27,0.0,0.0,0.0,16.226919174194336
N,13,1,2024-09-27,2024-10-04,1.0,0.6425758004188538,0.0,16.869495391845703
N,13,1,2024-10-04,2024-10-11,0.0,0.0,0.0,16.226919174194336
N,13,1,2024-10-11,2024-10-18,0.0,0.0,0.0,16.226919174194336
N,13,1,2024-10-18,2024-10-25,0.0,0.0,0.0,16.226919174194336
N,13,1,2024-10-25,2024-11-01,0.0,0.4593774080276489,0.0,16.686296463012695
N,13,1,2024-11-01,2024-11-08,1.0,0.7077929377555847,0.0,16.934711456298828
N,13,1,2024-11-08,2024-11-15,1.0,0.0,0.0,16.226919174194336
N,13,1,2024-11-15,2024-11-22,0.0,0.0,0.0,16.226919174194336
N,13,1,2024-11-22,2024-11-29,0.0,0.0,0.0,16.226919174194336
N,13,1,2024-11-29,2024-12-06,0.0,0.0,0.0,16.226919174194336
N,13,1,2024-12-06,2024-12-13,0.0,0.0,0.0,16.226919174194336
N,13,1,2024-12-13,2024-12-20,0.0,0.0,0.0,16.226919174194336
N,13,1,2024-12-20,2024-12-27,0.0,0.0,0.0,16.226919174194336
N,13,1,2024-12-27,2025-01-03,0.0,0.0,0.0,16.226919174194336
N,13,1,2025-01-03,2025-01-10,1.0,0.0,0.0,16.226919174194336
N,13,1,2025-01-10,2025-01-17,0.0,0.0,0.0,16.226919174194336
N,13,1,2025-01-17,2025-01-24,0.0,0.0,0.0,16.226919174194336
N,13,1,2025-01-24,2025-01-31,0.0,0.0,0.0,16.226919174194336
N,13,1,2025-01-31,2025-02-07,0.0,0.0,0.0,16.226919174194336
N,13,1,2025-02-07,2025-02-14,0.0,0.0,0.0,16.226919174194336
N,13,1,2025-02-14,2025-02-21,0.0,0.0,0.0,16.226919174194336
N,13,1,2025-02-21,2025-02-28,0.0,0.0,0.0,16.226919174194336
N,13,1,2025-02-28,2025-03-07,0.0,0.0,0.0,16.226919174194336
N,13,1,2025-03-07,2025-03-14,0.0,0.0,0.0,16.226919174194336
N,13,1,2025-03-14,2025-03-21,0.0,0.0,0.0,16.226919174194336
N,13,1,2025-03-21,2025-03-28,0.0,0.0,0.0,16.226919174194336
N,13,1,2025-03-28,2025-04-04,0.0,0.0,0.0,16.226919174194336
N,13,1,2025-04-04,2025-04-11,0.0,0.0,0.0,16.226919174194336
N,13,1,2025-04-11,2025-04-18,0.0,0.0,0.0,16.226919174194336
N,13,1,2025-04-18,2025-04-25,0.0,0.0,0.0,16.226919174194336
N,13,1,2025-04-25,2025-05-02,0.0,0.0,0.0,16.226919174194336
N,13,1,2025-05-02,2025-05-09,0.0,0.0,0.0,16.226919174194336
N,13,1,2025-05-09,2025-05-16,0.0,0.0,0.0,16.226919174194336
N,13,1,2025-05-16,2025-05-23,1.0,0.0,0.0,16.226919174194336
N,13,1,2025-05-23,2025-05-30,0.0,0.0,0.0,16.226919174194336
N,13,1,2025-05-30,2025-06-06,0.0,0.0,0.0,16.226919174194336
N,13,1,2025-06-06,2025-06-13,0.0,0.003218628466129303,0.0,16.23013687133789
N,13,1,2025-06-13,2025-06-20,0.0,0.0,0.0,16.226919174194336
N,13,1,2025-06-20,2025-06-27,0.0,0.0,0.0,16.226919174194336
N,13,1,2025-06-27,2025-07-04,2.0,0.0,0.0,16.226919174194336
N,13,1,2025-07-04,2025-07-11,1.0,0.37254804372787476,0.0,16.59946632385254
N,13,1,2025-07-11,2025-07-18,3.0,1.055398941040039,0.0,17.282318115234375
N,13,1,2025-07-18,2025-07-25,6.0,6.244015693664551,2.4053144454956055,22.470935821533203
N,13,1,2025-07-25,2025-08-01,9.0,7.243189334869385,3.4044880867004395,23.470108032226562
N,13,1,2025-08-01,2025-08-08,4.0,6.426351547241211,2.5876502990722656,22.653270721435547
N,13,1,2025-08-08,2025-08-15,3.0,1.8485668897628784,0.0,18.075485229492188
N,13,1,2025-08-15,2025-08-22,1.0,0.0,0.0,6.253660678863525
N,13,1,2025-08-22,2025-08-29,0.0,0.0,0.0,2.0
N,13,2,2023-02-17,2023-03-03,0.0,0.0,0.0,1.9308604001998901
N,13,2,2023-02-24,2023-03-10,0.0,0.0,0.0,1.9308604001998901
N,13,2,2023-03-03,2023-03-17,0.0,0.0,0.0,1.9308604001998901
N,13,2,2023-03-10,2023-03-24,0.0,0.0,0.0,1.9308604001998901
N,13,2,2023-03-17,2023-03-31,0.0,0.0,0.0,1.9308604001998901
N,13,2,2023-03-24,2023-04-07,0.0,0.0,0.0,1.9308604001998901
N,13,2,2023-03-31,2023-04-14,0.0,0.0,0.0,1.9308604001998901
N,13,2,2023-04-07,2023-04-21,0.0,0.0,0.0,1.9308604001998901
N,13,2,2023-04-14,2023-04-28,0.0,0.0,0.0,1.9308604001998901
N,13,2,2023-04-21,2023-05-05,0.0,0.0,0.0,1.9308604001998901
N,13,2,2023-04-28,2023-05-12,0.0,0.0,0.0,1.9308604001998901
N,13,2,2023-05-05,2023-05-19,0.0,0.0,0.0,1.9308604001998901
N,13,2,2023-05-12,2023-05-26,0.0,0.12176848948001862,0.0,2.052628993988037
N,13,2,2023-05-19,2023-06-02,0.0,0.08002553880214691,0.0,2.0108859539031982
N,13,2,2023-05-26,2023-06-09,0.0,0.20769453048706055,0.0,2.1385550498962402
N,13,2,2023-06-02,2023-06-16,0.0,0.18326742947101593,0.0,2.1141278743743896
N,13,2,2023-06-09,2023-06-23,1.0,0.6271666288375854,0.01765233278274536,2.5580270290374756
N,13,2,2023-06-16,2023-06-30,0.0,0.2789934575557709,0.0,2.2098538875579834
N,13,2,2023-06-23,2023-07-07,0.0,0.44189637899398804,0.0,2.3727567195892334
N,13,2,2023-06-30,2023-07-14,1.0,0.32351264357566833,0.0,2.254373073577881
N,13,2,2023-07-07,2023-07-21,0.0,0.4991590678691864,0.0,2.4300193786621094
N,13,2,2023-07-14,2023-07-28,1.0,1.2203898429870605,0.6108755469322205,3.1512503623962402
N,13,2,2023-07-21,2023-08-04,1.0,1.3736469745635986,0.7641326785087585,3.304507255554199
N,13,2,2023-07-28,2023-08-11,4.0,2.3133320808410645,1.7038178443908691,4.244192600250244
N,13,2,2023-08-04,2023-08-18,1.0,0.6598931550979614,0.05037885904312134,2.5907535552978516
N,13,2,2023-08-11,2023-08-25,2.0,0.01985004171729088,0.0,1.950710415840149
N,13,2,2023-08-18,2023-09-01,1.0,0.18161921203136444,0.0,2.1124796867370605
N,13,2,2023-08-25,2023-09-08,0.0,1.1391466856002808,0.5296323895454407,3.070007085800171
N,13,2,2023-09-01,2023-09-15,0.0,2.119925022125244,1.6207659244537354,4.050785541534424
N,13,2,2023-09-08,2023-09-22,3.0,1.2519932985305786,0.7528342008590698,3.2321434020996094
N,13,2,2023-09-15,2023-09-29,0.0,0.4919901490211487,0.0,2.472140073776245
N,13,2,2023-09-22,2023-10-06,3.0,0.8165411949157715,0.0,2.7966911792755127
N,13,2,2023-09-29,2023-10-13,0.0,1.1205612421035767,0.0,3.1007113456726074
N,13,2,2023-10-06,2023-10-20,0.0,0.3017478287220001,0.0,2.281897783279419
N,13,2,2023-10-13,2023-10-27,0.0,0.20295296609401703,0.0,2.18310284614563
N,13,2,2023-10-20,2023-11-03,0.0,0.3451319932937622,0.0,2.528590679168701
N,13,2,2023-10-27,2023-11-10,0.0,0.19489862024784088,0.0,2.378357410430908
N,13,2,2023-11-03,2023-11-17,1.0,0.011684827506542206,0.0,2.195143699645996
N,13,2,2023-11-10,2023-11-24,0.0,0.0,0.0,2.1834588050842285
N,13,2,2023-11-17,2023-12-01,0.0,0.0,0.0,2.1834588050842285
N,13,2,2023-11-24,2023-12-08,1.0,0.0,0.0,2.1834588050842285
N,13,2,2023-12-01,2023-12-15,0.0,0.0,0.0,2.1834588050842285
N,13,2,2023-12-08,2023-12-22,1.0,0.0,0.0,2.1834588050842285
N,13,2,2023-12-15,2023-12-29,0.0,0.1306031197309494,0.0,2.3140618801116943
N,13,2,2023-12-22,2024-01-05,0.0,0.27321380376815796,0.0,2.4566726684570312
N,13,2,2023-12-29,2024-01-12,1.0,0.019143354147672653,0.0,2.2026021480560303
N,13,2,2024-01-05,2024-01-19,0.0,0.0,0.0,2.1834588050842285
N,13,2,2024-01-12,2024-01-26,0.0,0.0,0.0,2.1834588050842285
N,13,2,2024-01-19,2024-02-02,1.0,0.0,0.0,2.1834588050842285
N,13,2,2024-01-26,2024-02-09,1.0,0.0,0.0,2.1834588050842285
N,13,2,2024-02-02,2024-02-16,0.0,0.0,0.0,2.1834588050842285
N,13,2,2024-02-09,2024-02-23,0.0,0.0,0.0,2.1834588050842285
N,13,2,2024-02-16,2024-03-01,0.0,0.0,0.0,2.1834588050842285
N,13,2,2024-02-23,2024-03-08,0.0,0.0,0.0,2.1834588050842285
N,13,2,2024-03-01,2024-03-15,0.0,0.0,0.0,2.1834588050842285
N,13,2,2024-03-08,2024-03-22,0.0,0.0,0.0,2.1834588050842285
N,13,2,2024-03-15,2024-03-29,0.0,0.0,0.0,2.1834588050842285
N,13,2,2024-03-22,2024-04-05,0.0,0.0,0.0,2.1834588050842285
N,13,2,2024-03-29,2024-04-12,0.0,0.0,0.0,2.1834588050842285
N,13,2,2024-04-05,2024-04-19,0.0,0.0,0.0,2.1834588050842285
N,13,2,2024-04-12,2024-04-26,1.0,0.0,0.0,2.1834588050842285
N,13,2,2024-04-19,2024-05-03,0.0,0.0,0.0,2.1834588050842285
N,13,2,2024-04-26,2024-05-10,0.0,0.0,0.0,2.1834588050842285
N,13,2,2024-05-03,2024-05-17,0.0,0.0,0.0,2.1834588050842285
N,13,2,2024-05-10,2024-05-24,0.0,0.0,0.0,2.1834588050842285
N,13,2,2024-05-17,2024-05-31,0.0,0.06290867924690247,0.0,2.2463674545288086
N,13,2,2024-05-24,2024-06-07,0.0,0.5895687937736511,0.0,2.7730276584625244
N,13,2,2024-05-31,2024-06-14,0.0,0.2570017874240875,0.0,2.440460681915283
N,13,2,2024-06-07,2024-06-21,0.0,0.3137831389904022,0.0,2.497241973876953
N,13,2,2024-06-14,2024-06-28,0.0,0.5018830895423889,0.0,2.6853418350219727
N,13,2,2024-06-21,2024-07-05,0.0,0.7096768021583557,0.0,2.8931355476379395
N,13,2,2024-06-28,2024-07-12,0.0,0.5304751992225647,0.0,2.7139339447021484
N,13,2,2024-07-05,2024-07-19,1.0,0.6181623935699463,0.0,2.801621198654175
N,13,2,2024-07-12,2024-07-26,0.0,0.7925231456756592,0.0,2.9759819507598877
N,13,2,2024-07-19,2024-08-02,18.0,1.7719354629516602,0.0,3.9553942680358887
N,13,2,2024-07-26,2024-08-09,10.0,1.116737961769104,0.0,3.300196647644043
N,13,2,2024-08-02,2024-08-16,4.0,1.9702109098434448,0.0,4.153669834136963
N,13,2,2024-08-09,2024-08-23,0.0,2.003633499145508,0.0,4.187092304229736
N,13,2,2024-08-16,2024-08-30,1.0,2.1771013736724854,0.05717635154724121,18.405166625976562
N,13,2,2024-08-23,2024-09-06,1.0,1.8721126317977905,0.0,18.100177764892578
N,13,2,2024-08-30,2024-09-13,1.0,4.365999698638916,2.246074676513672,20.594064712524414
N,13,2,2024-09-06,2024-09-20,0.0,2.5351903438568115,0.4152653217315674,18.763256072998047
N,13,2,2024-09-13,2024-09-27,0.0,0.9833837151527405,0.0,17.211448669433594
N,13,2,2024-09-20,2024-10-04,1.0,0.3498372435569763,0.0,16.57790184020996
N,13,2,2024-09-27,2024-10-11,0.0,0.2161785215139389,0.0,16.444244384765625
N,13,2,2024-10-04,2024-10-18,0.0,0.17019061744213104,0.0,16.398256301879883
N,13,2,2024-10-11,2024-10-25,0.0,0.037907909601926804,0.0,16.265974044799805
N,13,2,2024-10-18,2024-11-01,0.0,0.44072532653808594,0.0,16.668790817260742
N,13,2,2024-10-25,2024-11-08,1.0,0.801014244556427,0.0,17.02907943725586
N,13,2,2024-11-01,2024-11-15,1.0,0.04580910876393318,0.0,16.273874282836914
N,13,2,2024-11-08,2024-11-22,0.0,0.0,0.0,16.228065490722656
N,13,2,2024-11-15,2024-11-29,0.0,0.0,0.0,16.228065490722656
N,13,2,2024-11-22,2024-12-06,0.0,0.0,0.0,16.228065490722656
N,13,2,2024-11-29,2024-12-13,0.0,0.03247324749827385,0.0,16.26053810119629
N,13,2,2024-12-06,2024-12-20,0.0,0.12190937995910645,0.0,16.3499755859375
N,13,2,2024-12-13,2024-12-27,0.0,0.0,0.0,16.228065490722656
N,13,2,2024-12-20,2025-01-03,0.0,0.0,0.0,16.228065490722656
N,13,2,2024-12-27,2025-01-10,1.0,0.0,0.0,16.228065490722656
N,13,2,2025-01-03,2025-01-17,0.0,0.0,0.0,16.228065490722656
N,13,2,2025-01-10,2025-01-24,0.0,0.0,0.0,16.228065490722656
N,13,2,2025-01-17,2025-01-31,0.0,0.0,0.0,16.228065490722656
N,13,2,2025-01-24,2025-02-07,0.0,0.0,0.0,16.228065490722656
N,13,2,2025-01-31,2025-02-14,0.0,0.0,0.0,16.228065490722656
N,13,2,2025-02-07,2025-02-21,0.0,0.0,0.0,16.228065490722656
N,13,2,2025-02-14,2025-02-28,0.0,0.0,0.0,16.228065490722656
N,13,2,2025-02-21,2025-03-07,0.0,0.0,0.0,16.228065490722656
N,13,2,2025-02-28,2025-03-14,0.0,0.0,0.0,16.228065490722656
N,13,2,2025-03-07,2025-03-21,0.0,0.0,0.0,16.228065490722656
N,13,2,2025-03-14,2025-03-28,0.0,0.0,0.0,16.228065490722656
N,13,2,2025-03-21,2025-04-04,0.0,0.0,0.0,16.228065490722656
N,13,2,2025-03-28,2025-04-11,0.0,0.0,0.0,16.228065490722656
N,13,2,2025-04-04,2025-04-18,0.0,0.0,0.0,16.228065490722656
N,13,2,2025-04-11,2025-04-25,0.0,0.0,0.0,16.228065490722656
N,13,2,2025-04-18,2025-05-02,0.0,0.0,0.0,16.228065490722656
N,13,2,2025-04-25,2025-05-09,0.0,0.0047918446362018585,0.0,16.23285675048828
N,13,2,2025-05-02,2025-05-16,0.0,0.06406331062316895,0.0,16.292129516601562
N,13,2,2025-05-09,2025-05-23,1.0,0.03353105112910271,0.0,16.2615966796875
N,13,2,2025-05-16,2025-05-30,0.0,0.0,0.0,16.228065490722656
N,13,2,2025-05-23,2025-06-06,0.0,0.0,0.0,16.228065490722656
N,13,2,2025-05-30,2025-06-13,0.0,0.2422960102558136,0.0,16.470361709594727
N,13,2,2025-06-06,2025-06-20,0.0,0.5549329519271851,0.0,16.78299903869629
N,13,2,2025-06-13,2025-06-27,0.0,0.09642302989959717,0.0,16.324487686157227
N,13,2,2025-06-20,2025-07-04,2.0,0.283692866563797,0.0,16.51175880432129
N,13,2,2025-06-27,2025-07-11,1.0,0.60881108045578,0.0,16.836875915527344
N,13,2,2025-07-04,2025-07-18,3.0,2.3107399940490723,0.0,18.53880500793457
N,13,2,2025-07-11,2025-07-25,6.0,2.101957082748413,0.0,18.33002281188965
N,13,2,2025-07-18,2025-08-01,9.0,4.394467830657959,1.028468132019043,20.622533798217773
N,13,2,2025-07-25,2025-08-08,4.0,3.4626972675323486,0.09669756889343262,19.690763473510742
N,13,2,2025-08-01,2025-08-15,3.0,3.242401599884033,0.0,19.47046661376953
N,13,2,2025-08-08,2025-08-22,1.0,0.9732086658477783,0.0,17.201274871826172
N,13,2,2025-08-15,2025-08-29,0.0,1.1857786178588867,0.0,10.069040298461914
N,13,2,2025-08-22,2025-09-05,,2.1718409061431885,0.0,6.777373313903809
N,13,4,2023-02-17,2023-03-17,0.0,0.0,0.0,1.7567245960235596
N,13,4,2023-02-24,2023-03-24,0.0,0.0,0.0,1.7567245960235596
N,13,4,2023-03-03,2023-03-31,0.0,0.0,0.0,1.7567245960235596
N,13,4,2023-03-10,2023-04-07,0.0,0.0,0.0,1.7567245960235596
N,13,4,2023-03-17,2023-04-14,0.0,0.0,0.0,1.7567245960235596
N,13,4,2023-03-24,2023-04-21,0.0,0.0,0.0,1.7567245960235596
N,13,4,2023-03-31,2023-04-28,0.0,0.0,0.0,1.7567245960235596
N,13,4,2023-04-07,2023-05-05,0.0,0.0,0.0,1.7567245960235596
N,13,4,2023-04-14,2023-05-12,0.0,0.0,0.0,1.7567245960235596
N,13,4,2023-04-21,2023-05-19,0.0,0.0,0.0,1.7567245960235596
N,13,4,2023-04-28,2023-05-26,0.0,0.0,0.0,1.7567245960235596
N,13,4,2023-05-05,2023-06-02,0.0,0.5347306728363037,0.0,2.2914552688598633
N,13,4,2023-05-12,2023-06-09,0.0,0.506865382194519,0.0,2.263589859008789
N,13,4,2023-05-19,2023-06-16,0.0,0.0,0.0,1.7567245960235596
N,13,4,2023-05-26,2023-06-23,1.0,0.42975184321403503,0.0,2.186476469039917
N,13,4,2023-06-02,2023-06-30,0.0,0.3277115821838379,0.0,2.0844361782073975
N,13,4,2023-06-09,2023-07-07,0.0,0.633659839630127,0.0,2.3903844356536865
N,13,4,2023-06-16,2023-07-14,1.0,0.280435174703598,0.0,2.0371596813201904
N,13,4,2023-06-23,2023-07-21,0.0,1.549055814743042,0.0,3.3057804107666016
N,13,4,2023-06-30,2023-07-28,1.0,1.4284453392028809,0.0,3.1851699352264404
N,13,4,2023-07-07,2023-08-04,1.0,1.8456872701644897,0.20367074012756348,3.6024117469787598
N,13,4,2023-07-14,2023-08-11,4.0,2.0154335498809814,0.3734170198440552,3.772158145904541
N,13,4,2023-07-21,2023-08-18,1.0,0.48419150710105896,0.0,2.2409160137176514
N,13,4,2023-07-28,2023-08-25,2.0,0.8243746757507324,0.0,2.581099271774292
N,13,4,2023-08-04,2023-09-01,1.0,0.9111826419830322,0.0,2.667907238006592
N,13,4,2023-08-11,2023-09-08,0.0,1.2760963439941406,0.0,3.0328209400177
N,13,4,2023-08-18,2023-09-15,0.0,1.5438446998596191,0.0,3.3005692958831787
N,13,4,2023-08-25,2023-09-22,3.0,1.335492491722107,0.0,3.320058822631836
N,13,4,2023-09-01,2023-09-29,0.0,1.65194571018219,0.10288989543914795,3.636512279510498
N,13,4,2023-09-08,2023-10-06,3.0,1.5191177129745483,0.0,3.5036840438842773
N,13,4,2023-09-15,2023-10-13,0.0,0.8051230311393738,0.0,2.789689540863037
N,13,4,2023-09-22,2023-10-20,0.0,1.6078280210494995,0.05877220630645752,3.5923943519592285
N,13,4,2023-09-29,2023-10-27,0.0,1.0838429927825928,0.0,3.0684094429016113
N,13,4,2023-10-06,2023-11-03,0.0,0.44988253712654114,0.0,2.4344489574432373
N,13,4,2023-10-13,2023-11-10,0.0,0.35148724913597107,0.0,2.3360536098480225
N,13,4,2023-10-20,2023-11-17,1.0,0.34894195199012756,0.0,2.3335084915161133
N,13,4,2023-10-27,2023-11-24,0.0,0.10674187541007996,0.0,2.091308355331421
N,13,4,2023-11-03,2023-12-01,0.0,0.0,0.0,1.9845664501190186
N,13,4,2023-11-10,2023-12-08,1.0,0.0,0.0,1.9845664501190186
N,13,4,2023-11-17,2023-12-15,0.0,0.0,0.0,1.9845664501190186
N,13,4,2023-11-24,2023-12-22,1.0,0.0,0.0,1.9845664501190186
N,13,4,2023-12-01,2023-12-29,0.0,0.0,0.0,1.9845664501190186
N,13,4,2023-12-08,2024-01-05,0.0,0.0376376137137413,0.0,2.0222041606903076
N,13,4,2023-12-15,2024-01-12,1.0,0.42941340804100037,0.0,2.4139797687530518
N,13,4,2023-12-22,2024-01-19,0.0,0.0,0.0,1.9845664501190186
N,13,4,2023-12-29,2024-01-26,0.0,0.0,0.0,1.9845664501190186
N,13,4,2024-01-05,2024-02-02,1.0,0.0,0.0,1.9845664501190186
N,13,4,2024-01-12,2024-02-09,1.0,0.0,0.0,1.9845664501190186
N,13,4,2024-01-19,2024-02-16,0.0,0.0,0.0,1.9845664501190186
N,13,4,2024-01-26,2024-02-23,0.0,0.0,0.0,1.9845664501190186
N,13,4,2024-02-02,2024-03-01,0.0,0.0,0.0,1.9845664501190186
N,13,4,2024-02-09,2024-03-08,0.0,0.0,0.0,1.9845664501190186
N,13,4,2024-02-16,2024-03-15,0.0,0.0,0.0,1.9845664501190186
N,13,4,2024-02-23,2024-03-22,0.0,0.0,0.0,1.9845664501190186
N,13,4,2024-03-01,2024-03-29,0.0,0.0,0.0,1.9845664501190186
N,13,4,2024-03-08,2024-04-05,0.0,0.0,0.0,1.9845664501190186
N,13,4,2024-03-15,2024-04-12,0.0,0.0,0.0,1.9845664501190186
N,13,4,2024-03-22,2024-04-19,0.0,0.0,0.0,1.9845664501190186
N,13,4,2024-03-29,2024-04-26,1.0,0.0,0.0,1.9845664501190186
N,13,4,2024-04-05,2024-05-03,0.0,0.0,0.0,1.9845664501190186
N,13,4,2024-04-12,2024-05-10,0.0,0.0,0.0,1.9845664501190186
N,13,4,2024-04-19,2024-05-17,0.0,0.0,0.0,1.9845664501190186
N,13,4,2024-04-26,2024-05-24,0.0,0.0,0.0,1.9845664501190186
N,13,4,2024-05-03,2024-05-31,0.0,0.04895700514316559,0.0,2.0335235595703125
N,13,4,2024-05-10,2024-06-07,0.0,0.5006090402603149,0.0,2.485175609588623
N,13,4,2024-05-17,2024-06-14,0.0,0.17131483554840088,0.0,2.155881404876709
N,13,4,2024-05-24,2024-06-21,0.0,0.31781867146492004,0.0,2.302385091781616
N,13,4,2024-05-31,2024-06-28,0.0,0.23510783910751343,0.0,2.2196743488311768
N,13,4,2024-06-07,2024-07-05,0.0,0.6612794399261475,0.0,2.645845890045166
N,13,4,2024-06-14,2024-07-12,0.0,2.108873128890991,0.45692741870880127,4.09343957901001
N,13,4,2024-06-21,2024-07-19,1.0,2.7718257904052734,1.1198800802230835,4.756392478942871
N,13,4,2024-06-28,2024-07-26,0.0,1.7922264337539673,0.14028072357177734,3.7767930030822754
N,13,4,2024-07-05,2024-08-02,18.0,1.5210692882537842,0.0,3.5056357383728027
N,13,4,2024-07-12,2024-08-09,10.0,1.8339614868164062,0.1820157766342163,3.818527936935425
N,13,4,2024-07-19,2024-08-16,4.0,1.4245505332946777,0.0,3.4091169834136963
N,13,4,2024-07-26,2024-08-23,0.0,1.4038209915161133,0.0,3.388387441635132
N,13,4,2024-08-02,2024-08-30,1.0,3.6871492862701416,1.5782761573791504,5.67171573638916
N,13,4,2024-08-09,2024-09-06,1.0,4.140608310699463,2.0317351818084717,6.125174522399902
N,13,4,2024-08-16,2024-09-13,1.0,5.879358768463135,3.7704856395721436,22.35828971862793
N,13,4,2024-08-23,2024-09-20,0.0,3.0928843021392822,0.984011173248291,19.571815490722656
N,13,4,2024-08-30,2024-09-27,0.0,2.8905980587005615,0.7817249298095703,19.369529724121094
N,13,4,2024-09-06,2024-10-04,1.0,2.641442060470581,0.5325689315795898,19.120372772216797
N,13,4,2024-09-13,2024-10-11,0.0,0.4686247706413269,0.0,16.947555541992188
N,13,4,2024-09-20,2024-10-18,0.0,0.0,0.0,16.478931427001953
N,13,4,2024-09-27,2024-10-25,0.0,0.0,0.0,16.478931427001953
N,13,4,2024-10-04,2024-11-01,0.0,0.0,0.0,16.478931427001953
N,13,4,2024-10-11,2024-11-08,1.0,0.0,0.0,16.478931427001953
N,13,4,2024-10-18,2024-11-15,1.0,0.0,0.0,16.478931427001953
N,13,4,2024-10-25,2024-11-22,0.0,0.0,0.0,16.478931427001953
N,13,4,2024-11-01,2024-11-29,0.0,0.0,0.0,16.478931427001953
N,13,4,2024-11-08,2024-12-06,0.0,0.0,0.0,16.478931427001953
N,13,4,2024-11-15,2024-12-13,0.0,0.0,0.0,16.478931427001953
N,13,4,2024-11-22,2024-12-20,0.0,0.028548290953040123,0.0,16.50748062133789
N,13,4,2024-11-29,2024-12-27,0.0,0.0,0.0,16.478931427001953
N,13,4,2024-12-06,2025-01-03,0.0,0.0,0.0,16.478931427001953
N,13,4,2024-12-13,2025-01-10,1.0,0.0,0.0,16.478931427001953
N,13,4,2024-12-20,2025-01-17,0.0,0.0,0.0,16.478931427001953
N,13,4,2024-12-27,2025-01-24,0.0,0.0,0.0,16.478931427001953
N,13,4,2025-01-03,2025-01-31,0.0,0.0,0.0,16.478931427001953
N,13,4,2025-01-10,2025-02-07,0.0,0.0,0.0,16.478931427001953
N,13,4,2025-01-17,2025-02-14,0.0,0.0,0.0,16.478931427001953
N,13,4,2025-01-24,2025-02-21,0.0,0.0,0.0,16.478931427001953
N,13,4,2025-01-31,2025-02-28,0.0,0.0,0.0,16.478931427001953
N,13,4,2025-02-07,2025-03-07,0.0,0.0,0.0,16.478931427001953
N,13,4,2025-02-14,2025-03-14,0.0,0.0,0.0,16.478931427001953
N,13,4,2025-02-21,2025-03-21,0.0,0.0,0.0,16.478931427001953
N,13,4,2025-02-28,2025-03-28,0.0,0.0,0.0,16.478931427001953
N,13,4,2025-03-07,2025-04-04,0.0,0.0,0.0,16.478931427001953
N,13,4,2025-03-14,2025-04-11,0.0,0.0,0.0,16.478931427001953
N,13,4,2025-03-21,2025-04-18,0.0,0.0,0.0,16.478931427001953
N,13,4,2025-03-28,2025-04-25,0.0,0.0,0.0,16.478931427001953
N,13,4,2025-04-04,2025-05-02,0.0,0.0,0.0,16.478931427001953
N,13,4,2025-04-11,2025-05-09,0.0,0.12937870621681213,0.0,16.60831069946289
N,13,4,2025-04-18,2025-05-16,0.0,0.4364258348941803,0.0,16.91535758972168
N,13,4,2025-04-25,2025-05-23,1.0,0.19814342260360718,0.0,16.677074432373047
N,13,4,2025-05-02,2025-05-30,0.0,0.12137901782989502,0.0,16.600311279296875
N,13,4,2025-05-09,2025-06-06,0.0,0.1381482183933258,0.0,16.61707878112793
N,13,4,2025-05-16,2025-06-13,0.0,0.2416645586490631,0.0,16.720596313476562
N,13,4,2025-05-23,2025-06-20,0.0,0.017351755872368813,0.0,16.49628257751465
N,13,4,2025-05-30,2025-06-27,0.0,0.1954365372657776,0.0,16.674367904663086
N,13,4,2025-06-06,2025-07-04,2.0,0.008393241092562675,0.0,16.487323760986328
N,13,4,2025-06-13,2025-07-11,1.0,0.3816111981868744,0.0,16.86054229736328
N,13,4,2025-06-20,2025-07-18,3.0,1.679375410079956,0.0,18.158306121826172
N,13,4,2025-06-27,2025-07-25,6.0,2.297753095626831,0.0,18.776683807373047
N,13,4,2025-07-04,2025-08-01,9.0,3.11757755279541,0.0,19.596508026123047
N,13,4,2025-07-11,2025-08-08,4.0,2.0337538719177246,0.0,18.512685775756836
N,13,4,2025-07-18,2025-08-15,3.0,2.4694530963897705,0.0,18.94838523864746
N,13,4,2025-07-25,2025-08-22,1.0,1.191260814666748,0.0,17.67019271850586
N,13,4,2025-08-01,2025-08-29,0.0,1.8274884223937988,0.0,18.306419372558594
N,13,4,2025-08-08,2025-09-05,,2.904482364654541,0.0,19.383413314819336
N,13,4,2025-08-15,2025-09-12,,2.8006646633148193,0.0,10.966703414916992
N,13,4,2025-08-22,2025-09-19,,1.9399210214614868,0.0,7.822343349456787
N,13,8,2023-02-17,2023-04-14,0.0,0.0,0.0,1.6036573648452759
N,13,8,2023-02-24,2023-04-21,0.0,0.0,0.0,1.6036573648452759
N,13,8,2023-03-03,2023-04-28,0.0,0.0,0.0,1.6036573648452759
N,13,8,2023-03-10,2023-05-05,0.0,0.0,0.0,1.6036573648452759
N,13,8,2023-03-17,2023-05-12,0.0,0.0,0.0,1.6036573648452759
N,13,8,2023-03-24,2023-05-19,0.0,0.0,0.0,1.6036573648452759
N,13,8,2023-03-31,2023-05-26,0.0,0.0,0.0,1.6036573648452759
N,13,8,2023-04-07,2023-06-02,0.0,0.005376443266868591,0.0,1.6090338230133057
N,13,8,2023-04-14,2023-06-09,0.0,0.15373633801937103,0.0,1.757393717765808
N,13,8,2023-04-21,2023-06-16,0.0,0.0,0.0,1.6036573648452759
N,13,8,2023-04-28,2023-06-23,1.0,0.05177873373031616,0.0,1.6554360389709473
N,13,8,2023-05-05,2023-06-30,0.0,0.14774633944034576,0.0,1.7514036893844604
N,13,8,2023-05-12,2023-07-07,0.0,0.6726798415184021,0.0,2.276337146759033
N,13,8,2023-05-19,2023-07-14,1.0,0.575100302696228,0.0,2.178757667541504
N,13,8,2023-05-26,2023-07-21,0.0,0.7358344793319702,0.0,2.339491844177246
N,13,8,2023-06-02,2023-07-28,1.0,1.2222797870635986,0.0,2.825937271118164
N,13,8,2023-06-09,2023-08-04,1.0,2.4861507415771484,0.407196044921875,4.089807987213135
N,13,8,2023-06-16,2023-08-11,4.0,3.2901241779327393,1.2111694812774658,4.893781661987305
N,13,8,2023-06-23,2023-08-18,1.0,1.5628361701965332,0.0,3.1664934158325195
N,13,8,2023-06-30,2023-08-25,2.0,2.738461494445801,0.6595067977905273,4.342118740081787
N,13,8,2023-07-07,2023-09-01,1.0,1.213578701019287,0.0,2.8172359466552734
N,13,8,2023-07-14,2023-09-08,0.0,1.6680879592895508,0.0,3.271745204925537
N,13,8,2023-07-21,2023-09-15,0.0,0.9775707125663757,0.0,2.581228017807007
N,13,8,2023-07-28,2023-09-22,3.0,2.728977680206299,1.6041245460510254,4.332634925842285
N,13,8,2023-08-04,2023-09-29,0.0,3.988945960998535,2.8640928268432617,5.5926032066345215
N,13,8,2023-08-11,2023-10-06,3.0,2.206669807434082,1.0818166732788086,3.8103270530700684
N,13,8,2023-08-18,2023-10-13,0.0,0.8688122630119324,0.0,2.4724695682525635
N,13,8,2023-08-25,2023-10-20,0.0,0.2927491068840027,0.0,1.8964064121246338
N,13,8,2023-09-01,2023-10-27,0.0,0.1455187201499939,0.0,1.749176025390625
N,13,8,2023-09-08,2023-11-03,0.0,0.0948064923286438,0.0,1.094806432723999
N,13,8,2023-09-15,2023-11-10,0.0,0.3247413635253906,0.0,1.3247413635253906
N,13,8,2023-09-22,2023-11-17,1.0,0.2966024875640869,0.0,1.296602487564087
N,13,8,2023-09-29,2023-11-24,0.0,0.0,0.0,1.0
N,13,8,2023-10-06,2023-12-01,0.0,0.0,0.0,1.0
N,13,8,2023-10-13,2023-12-08,1.0,0.0,0.0,1.0
N,13,8,2023-10-20,2023-12-15,0.0,0.01858557015657425,0.0,1.0185855627059937
N,13,8,2023-10-27,2023-12-22,1.0,0.019236579537391663,0.0,1.0192365646362305
N,13,8,2023-11-03,2023-12-29,0.0,0.011584043502807617,0.0,1.0115840435028076
N,13,8,2023-11-10,2024-01-05,0.0,0.0,0.0,1.0
N,13,8,2023-11-17,2024-01-12,1.0,0.0,0.0,1.0
N,13,8,2023-11-24,2024-01-19,0.0,0.0,0.0,1.0
N,13,8,2023-12-01,2024-01-26,0.0,0.0,0.0,1.0
N,13,8,2023-12-08,2024-02-02,1.0,0.0,0.0,1.0
N,13,8,2023-12-15,2024-02-09,1.0,0.05326169729232788,0.0,1.0532617568969727
N,13,8,2023-12-22,2024-02-16,0.0,0.0,0.0,1.0
N,13,8,2023-12-29,2024-02-23,0.0,0.0,0.0,1.0
N,13,8,2024-01-05,2024-03-01,0.0,0.0,0.0,1.0
N,13,8,2024-01-12,2024-03-08,0.0,0.0,0.0,1.0
N,13,8,2024-01-19,2024-03-15,0.0,0.0,0.0,1.0
N,13,8,2024-01-26,2024-03-22,0.0,0.0,0.0,1.0
N,13,8,2024-02-02,2024-03-29,0.0,0.0,0.0,1.0
N,13,8,2024-02-09,2024-04-05,0.0,0.0,0.0,1.0
N,13,8,2024-02-16,2024-04-12,0.0,0.0,0.0,1.0
N,13,8,2024-02-23,2024-04-19,0.0,0.0,0.0,1.0
N,13,8,2024-03-01,2024-04-26,1.0,0.0,0.0,1.0
N,13,8,2024-03-08,2024-05-03,0.0,0.0,0.0,1.0
N,13,8,2024-03-15,2024-05-10,0.0,0.026600271463394165,0.0,1.0266002416610718
N,13,8,2024-03-22,2024-05-17,0.0,0.12217278778553009,0.0,1.1221728324890137
N,13,8,2024-03-29,2024-05-24,0.0,0.18316730856895447,0.0,1.1831673383712769
N,13,8,2024-04-05,2024-05-31,0.0,0.5136348009109497,0.0,1.5136348009109497
N,13,8,2024-04-12,2024-06-07,0.0,0.6913644671440125,0.0,1.6913645267486572
N,13,8,2024-04-19,2024-06-14,0.0,0.2928740978240967,0.0,1.2928740978240967
N,13,8,2024-04-26,2024-06-21,0.0,0.33625727891921997,0.0,1.3362572193145752
N,13,8,2024-05-03,2024-06-28,0.0,0.5907177329063416,0.0,1.5907177925109863
N,13,8,2024-05-10,2024-07-05,0.0,0.6171660423278809,0.0,1.6171660423278809
N,13,8,2024-05-17,2024-07-12,0.0,1.1659862995147705,0.0,2.1659862995147705
N,13,8,2024-05-24,2024-07-19,1.0,1.8989129066467285,0.0,2.8989129066467285
N,13,8,2024-05-31,2024-07-26,0.0,1.1338462829589844,0.0,2.1338462829589844
N,13,8,2024-06-07,2024-08-02,18.0,1.5586071014404297,0.0,2.5586071014404297
N,13,8,2024-06-14,2024-08-09,10.0,2.9520671367645264,0.0,3.9520671367645264
N,13,8,2024-06-21,2024-08-16,4.0,2.023402214050293,0.0,3.023402214050293
N,13,8,2024-06-28,2024-08-23,0.0,1.7104997634887695,0.0,2.7104997634887695
N,13,8,2024-07-05,2024-08-30,1.0,2.8021929264068604,0.0,3.8021929264068604
N,13,8,2024-07-12,2024-09-06,1.0,3.930601119995117,0.0,4.930601119995117
N,13,8,2024-07-19,2024-09-13,1.0,5.75338888168335,1.7644429206848145,6.75338888168335
N,13,8,2024-07-26,2024-09-20,0.0,3.583956718444824,0.0,4.583956718444824
N,13,8,2024-08-02,2024-09-27,0.0,5.63284158706665,1.6438956260681152,6.63284158706665
N,13,8,2024-08-09,2024-10-04,1.0,8.478741645812988,4.489795684814453,9.478741645812988
N,13,8,2024-08-16,2024-10-11,0.0,1.5116722583770752,0.0,17.953065872192383
N,13,8,2024-08-23,2024-10-18,0.0,1.4853918552398682,0.0,17.92678451538086
N,13,8,2024-08-30,2024-10-25,0.0,1.8591032028198242,0.0,18.300495147705078
N,13,8,2024-09-06,2024-11-01,0.0,1.8859326839447021,0.0,18.32732582092285
N,13,8,2024-09-13,2024-11-08,1.0,1.5380966663360596,0.0,17.979490280151367
N,13,8,2024-09-20,2024-11-15,1.0,0.0,0.0,16.44139289855957
N,13,8,2024-09-27,2024-11-22,0.0,0.0,0.0,16.44139289855957
N,13,8,2024-10-04,2024-11-29,0.0,0.0,0.0,16.44139289855957
N,13,8,2024-10-11,2024-12-06,0.0,0.0,0.0,16.44139289855957
N,13,8,2024-10-18,2024-12-13,0.0,0.0,0.0,16.44139289855957
N,13,8,2024-10-25,2024-12-20,0.0,0.0,0.0,16.44139289855957
N,13,8,2024-11-01,2024-12-27,0.0,0.0,0.0,16.44139289855957
N,13,8,2024-11-08,2025-01-03,0.0,0.0,0.0,16.44139289855957
N,13,8,2024-11-15,2025-01-10,1.0,0.0,0.0,16.44139289855957
N,13,8,2024-11-22,2025-01-17,0.0,0.0,0.0,16.44139289855957
N,13,8,2024-11-29,2025-01-24,0.0,0.0,0.0,16.44139289855957
N,13,8,2024-12-06,2025-01-31,0.0,0.0,0.0,16.44139289855957
N,13,8,2024-12-13,2025-02-07,0.0,0.0,0.0,16.44139289855957
N,13,8,2024-12-20,2025-02-14,0.0,0.0,0.0,16.44139289855957
N,13,8,2024-12-27,2025-02-21,0.0,0.0,0.0,16.44139289855957
N,13,8,2025-01-03,2025-02-28,0.0,0.0,0.0,16.44139289855957
N,13,8,2025-01-10,2025-03-07,0.0,0.0,0.0,16.44139289855957
N,13,8,2025-01-17,2025-03-14,0.0,0.0,0.0,16.44139289855957
N,13,8,2025-01-24,2025-03-21,0.0,0.0,0.0,16.44139289855957
N,13,8,2025-01-31,2025-03-28,0.0,0.0,0.0,16.44139289855957
N,13,8,2025-02-07,2025-04-04,0.0,0.0,0.0,16.44139289855957
N,13,8,2025-02-14,2025-04-11,0.0,0.0,0.0,16.44139289855957
N,13,8,2025-02-21,2025-04-18,0.0,0.0,0.0,16.44139289855957
N,13,8,2025-02-28,2025-04-25,0.0,0.0,0.0,16.44139289855957
N,13,8,2025-03-07,2025-05-02,0.0,0.0,0.0,16.44139289855957
N,13,8,2025-03-14,2025-05-09,0.0,0.0,0.0,16.44139289855957
N,13,8,2025-03-21,2025-05-16,0.0,0.0,0.0,16.44139289855957
N,13,8,2025-03-28,2025-05-23,1.0,0.0,0.0,16.44139289855957
N,13,8,2025-04-04,2025-05-30,0.0,0.0,0.0,16.44139289855957
N,13,8,2025-04-11,2025-06-06,0.0,0.0,0.0,16.44139289855957
N,13,8,2025-04-18,2025-06-13,0.0,0.0,0.0,16.44139289855957
N,13,8,2025-04-25,2025-06-20,0.0,0.18646228313446045,0.0,16.62785530090332
N,13,8,2025-05-02,2025-06-27,0.0,0.32552969455718994,0.0,16.766921997070312
N,13,8,2025-05-09,2025-07-04,2.0,0.3228405714035034,0.0,16.764232635498047
N,13,8,2025-05-16,2025-07-11,1.0,0.733421266078949,0.0,17.174814224243164
N,13,8,2025-05-23,2025-07-18,3.0,0.8990674018859863,0.0,17.3404598236084
N,13,8,2025-05-30,2025-07-25,6.0,1.0528192520141602,0.0,17.494213104248047
N,13,8,2025-06-06,2025-08-01,9.0,1.793907642364502,0.0,18.235300064086914
N,13,8,2025-06-13,2025-08-08,4.0,0.649371862411499,0.0,17.09076499938965
N,13,8,2025-06-20,2025-08-15,3.0,1.0165345668792725,0.0,17.457927703857422
N,13,8,2025-06-27,2025-08-22,1.0,1.4042432308197021,0.0,17.84563636779785
N,13,8,2025-07-04,2025-08-29,0.0,0.6374067664146423,0.0,17.078800201416016
N,13,8,2025-07-11,2025-09-05,,1.218372106552124,0.0,17.659765243530273
N,13,8,2025-07-18,2025-09-12,,2.3262555599212646,0.0,18.767648696899414
N,13,8,2025-07-25,2025-09-19,,1.2057394981384277,0.0,17.647132873535156
N,13,8,2025-08-01,2025-09-26,,0.9741775989532471,0.0,17.415571212768555
N,13,8,2025-08-08,2025-10-03,,0.28155386447906494,0.0,16.722946166992188
N,13,8,2025-08-15,2025-10-10,,0.0,0.0,7.206092357635498
N,13,8,2025-08-22,2025-10-17,,0.0,0.0,7.206092357635498
N,13,12,2023-02-17,2023-05-12,0.0,0.0,0.0,2.0
N,13,12,2023-02-24,2023-05-19,0.0,0.0,0.0,2.0
N,13,12,2023-03-03,2023-05-26,0.0,0.0,0.0,2.0
N,13,12,2023-03-10,2023-06-02,0.0,0.0,0.0,2.0
N,13,12,2023-03-17,2023-06-09,0.0,0.0,0.0,2.0
N,13,12,2023-03-24,2023-06-16,0.0,0.0,0.0,2.0
N,13,12,2023-03-31,2023-06-23,1.0,0.0,0.0,2.0
N,13,12,2023-04-07,2023-06-30,0.0,0.0,0.0,2.0
N,13,12,2023-04-14,2023-07-07,0.0,0.0,0.0,2.0
N,13,12,2023-04-21,2023-07-14,1.0,0.0,0.0,2.0
N,13,12,2023-04-28,2023-07-21,0.0,0.0,0.0,2.0
N,13,12,2023-05-05,2023-07-28,1.0,0.0,0.0,2.0
N,13,12,2023-05-12,2023-08-04,1.0,0.0,0.0,2.0
N,13,12,2023-05-19,2023-08-11,4.0,0.0,0.0,2.0
N,13,12,2023-05-26,2023-08-18,1.0,0.0,0.0,2.0
N,13,12,2023-06-02,2023-08-25,2.0,0.0,0.0,2.0
N,13,12,2023-06-09,2023-09-01,1.0,0.0,0.0,2.0
N,13,12,2023-06-16,2023-09-08,0.0,0.0,0.0,2.0
N,13,12,2023-06-23,2023-09-15,0.0,0.0,0.0,2.0
N,13,12,2023-06-30,2023-09-22,3.0,0.0,0.0,2.0
N,13,12,2023-07-07,2023-09-29,0.0,0.0,0.0,2.0
N,13,12,2023-07-14,2023-10-06,3.0,0.0,0.0,2.0
N,13,12,2023-07-21,2023-10-13,0.0,0.0,0.0,2.0
N,13,12,2023-07-28,2023-10-20,0.0,0.0,0.0,2.0
N,13,12,2023-08-04,2023-10-27,0.0,0.0,0.0,2.0
N,13,12,2023-08-11,2023-11-03,0.0,0.0,0.0,2.0
N,13,12,2023-08-18,2023-11-10,0.0,0.0,0.0,2.0
N,13,12,2023-08-25,2023-11-17,1.0,0.0,0.0,4.0
N,13,12,2023-09-01,2023-11-24,0.0,0.0,0.0,4.0
N,13,12,2023-09-08,2023-12-01,0.0,0.0,0.0,4.0
N,13,12,2023-09-15,2023-12-08,1.0,0.0,0.0,4.0
N,13,12,2023-09-22,2023-12-15,0.0,0.0,0.0,4.0
N,13,12,2023-09-29,2023-12-22,1.0,0.0,0.0,4.0
N,13,12,2023-10-06,2023-12-29,0.0,0.0,0.0,4.0
N,13,12,2023-10-13,2024-01-05,0.0,0.0,0.0,4.0
N,13,12,2023-10-20,2024-01-12,1.0,0.0,0.0,4.0
N,13,12,2023-10-27,2024-01-19,0.0,0.0,0.0,4.0
N,13,12,2023-11-03,2024-01-26,0.0,0.0,0.0,4.0
N,13,12,2023-11-10,2024-02-02,1.0,0.0,0.0,4.0
N,13,12,2023-11-17,2024-02-09,1.0,0.0,0.0,4.0
N,13,12,2023-11-24,2024-02-16,0.0,0.0,0.0,4.0
N,13,12,2023-12-01,2024-02-23,0.0,0.0,0.0,4.0
N,13,12,2023-12-08,2024-03-01,0.0,0.0,0.0,4.0
N,13,12,2023-12-15,2024-03-08,0.0,0.0,0.0,4.0
N,13,12,2023-12-22,2024-03-15,0.0,0.0,0.0,4.0
N,13,12,2023-12-29,2024-03-22,0.0,0.0,0.0,4.0
N,13,12,2024-01-05,2024-03-29,0.0,0.0,0.0,4.0
N,13,12,2024-01-12,2024-04-05,0.0,0.0,0.0,4.0
N,13,12,2024-01-19,2024-04-12,0.0,0.0,0.0,4.0
N,13,12,2024-01-26,2024-04-19,0.0,0.0,0.0,4.0
N,13,12,2024-02-02,2024-04-26,1.0,0.0,0.0,4.0
N,13,12,2024-02-09,2024-05-03,0.0,0.0,0.0,4.0
N,13,12,2024-02-16,2024-05-10,0.0,0.0,0.0,4.0
N,13,12,2024-02-23,2024-05-17,0.0,0.0,0.0,4.0
N,13,12,2024-03-01,2024-05-24,0.0,0.0,0.0,4.0
N,13,12,2024-03-08,2024-05-31,0.0,0.0,0.0,4.0
N,13,12,2024-03-15,2024-06-07,0.0,0.0,0.0,4.0
N,13,12,2024-03-22,2024-06-14,0.0,0.0,0.0,4.0
N,13,12,2024-03-29,2024-06-21,0.0,0.0,0.0,4.0
N,13,12,2024-04-05,2024-06-28,0.0,0.0,0.0,4.0
N,13,12,2024-04-12,2024-07-05,0.0,0.0,0.0,4.0
N,13,12,2024-04-19,2024-07-12,0.0,0.0,0.0,4.0
N,13,12,2024-04-26,2024-07-19,1.0,0.0,0.0,4.0
N,13,12,2024-05-03,2024-07-26,0.0,0.0,0.0,4.0
N,13,12,2024-05-10,2024-08-02,18.0,0.0,0.0,4.0
N,13,12,2024-05-17,2024-08-09,10.0,0.0,0.0,4.0
N,13,12,2024-05-24,2024-08-16,4.0,0.0,0.0,4.0
N,13,12,2024-05-31,2024-08-23,0.0,0.0,0.0,4.0
N,13,12,2024-06-07,2024-08-30,1.0,0.0,0.0,4.0
N,13,12,2024-06-14,2024-09-06,1.0,0.0,0.0,4.0
N,13,12,2024-06-21,2024-09-13,1.0,0.0,0.0,4.0
N,13,12,2024-06-28,2024-09-20,0.0,0.0,0.0,4.0
N,13,12,2024-07-05,2024-09-27,0.0,0.0,0.0,4.0
N,13,12,2024-07-12,2024-10-04,1.0,0.0,0.0,4.0
N,13,12,2024-07-19,2024-10-11,0.0,0.0,0.0,4.0
N,13,12,2024-07-26,2024-10-18,0.0,0.0,0.0,4.0
N,13,12,2024-08-02,2024-10-25,0.0,0.0,0.0,4.0
N,13,12,2024-08-09,2024-11-01,0.0,0.0,0.0,4.0
N,13,12,2024-08-16,2024-11-08,1.0,0.0,0.0,18.0
N,13,12,2024-08-23,2024-11-15,1.0,0.0,0.0,18.0
N,13,12,2024-08-30,2024-11-22,0.0,0.0,0.0,18.0
N,13,12,2024-09-06,2024-11-29,0.0,0.0,0.0,18.0
N,13,12,2024-09-13,2024-12-06,0.0,0.0,0.0,18.0
N,13,12,2024-09-20,2024-12-13,0.0,0.0,0.0,18.0
N,13,12,2024-09-27,2024-12-20,0.0,0.0,0.0,18.0
N,13,12,2024-10-04,2024-12-27,0.0,0.0,0.0,18.0
N,13,12,2024-10-11,2025-01-03,0.0,0.0,0.0,18.0
N,13,12,2024-10-18,2025-01-10,1.0,0.0,0.0,18.0
N,13,12,2024-10-25,2025-01-17,0.0,0.0,0.0,18.0
N,13,12,2024-11-01,2025-01-24,0.0,0.0,0.0,18.0
N,13,12,2024-11-08,2025-01-31,0.0,0.0,0.0,18.0
N,13,12,2024-11-15,2025-02-07,0.0,0.0,0.0,18.0
N,13,12,2024-11-22,2025-02-14,0.0,0.0,0.0,18.0
N,13,12,2024-11-29,2025-02-21,0.0,0.0,0.0,18.0
N,13,12,2024-12-06,2025-02-28,0.0,0.0,0.0,18.0
N,13,12,2024-12-13,2025-03-07,0.0,0.0,0.0,18.0
N,13,12,2024-12-20,2025-03-14,0.0,0.0,0.0,18.0
N,13,12,2024-12-27,2025-03-21,0.0,0.0,0.0,18.0
N,13,12,2025-01-03,2025-03-28,0.0,0.0,0.0,18.0
N,13,12,2025-01-10,2025-04-04,0.0,0.0,0.0,18.0
N,13,12,2025-01-17,2025-04-11,0.0,0.0,0.0,18.0
N,13,12,2025-01-24,2025-04-18,0.0,0.0,0.0,18.0
N,13,12,2025-01-31,2025-04-25,0.0,0.0,0.0,18.0
N,13,12,2025-02-07,2025-05-02,0.0,0.0,0.0,18.0
N,13,12,2025-02-14,2025-05-09,0.0,0.0,0.0,18.0
N,13,12,2025-02-21,2025-05-16,0.0,0.0,0.0,18.0
N,13,12,2025-02-28,2025-05-23,1.0,0.0,0.0,18.0
N,13,12,2025-03-07,2025-05-30,0.0,0.0,0.0,18.0
N,13,12,2025-03-14,2025-06-06,0.0,0.0,0.0,18.0
N,13,12,2025-03-21,2025-06-13,0.0,0.0,0.0,18.0
N,13,12,2025-03-28,2025-06-20,0.0,0.0,0.0,18.0
N,13,12,2025-04-04,2025-06-27,0.0,0.0,0.0,18.0
N,13,12,2025-04-11,2025-07-04,2.0,0.0,0.0,18.0
N,13,12,2025-04-18,2025-07-11,1.0,0.0,0.0,18.0
N,13,12,2025-04-25,2025-07-18,3.0,0.0,0.0,18.0
N,13,12,2025-05-02,2025-07-25,6.0,0.0,0.0,18.0
N,13,12,2025-05-09,2025-08-01,9.0,0.0,0.0,18.0
N,13,12,2025-05-16,2025-08-08,4.0,0.0,0.0,18.0
N,13,12,2025-05-23,2025-08-15,3.0,0.0,0.0,18.0
N,13,12,2025-05-30,2025-08-22,1.0,0.0,0.0,18.0
N,13,12,2025-06-06,2025-08-29,0.0,0.0,0.0,18.0
N,13,12,2025-06-13,2025-09-05,,0.0,0.0,18.0
N,13,12,2025-06-20,2025-09-12,,0.0,0.0,18.0
N,13,12,2025-06-27,2025-09-19,,0.0,0.0,18.0
N,13,12,2025-07-04,2025-09-26,,0.0,0.0,18.0
N,13,12,2025-07-11,2025-10-03,,0.0,0.0,18.0
N,13,12,2025-07-18,2025-10-10,,0.0,0.0,18.0
N,13,12,2025-07-25,2025-10-17,,0.0,0.0,18.0
N,13,12,2025-08-01,2025-10-24,,0.0,0.0,18.0
N,13,12,2025-08-08,2025-10-31,,0.0,0.0,18.0
N,13,12,2025-08-15,2025-11-07,,0.0,0.0,10.0
N,13,12,2025-08-22,2025-11-14,,0.0,0.0,9.0
O,14,1,2023-02-17,2023-02-24,0.0,0.0,0.0,2.0
O,14,1,2023-02-24,2023-03-03,0.0,0.0,0.0,2.0
O,14,1,2023-03-03,2023-03-10,0.0,0.0,0.0,2.0
O,14,1,2023-03-10,2023-03-17,0.0,0.0,0.0,2.0
O,14,1,2023-03-17,2023-03-24,0.0,0.0,0.0,2.0
O,14,1,2023-03-24,2023-03-31,0.0,0.0,0.0,2.0
O,14,1,2023-03-31,2023-04-07,0.0,0.0,0.0,2.0
O,14,1,2023-04-07,2023-04-14,0.0,0.0,0.0,2.0
O,14,1,2023-04-14,2023-04-21,0.0,0.0,0.0,2.0
O,14,1,2023-04-21,2023-04-28,0.0,0.0,0.0,2.0
O,14,1,2023-04-28,2023-05-05,0.0,0.0,0.0,2.0
O,14,1,2023-05-05,2023-05-12,0.0,0.0,0.0,2.0
O,14,1,2023-05-12,2023-05-19,0.0,0.0,0.0,2.0
O,14,1,2023-05-19,2023-05-26,0.0,0.0,0.0,2.0
O,14,1,2023-05-26,2023-06-02,1.0,0.0,0.0,2.0
O,14,1,2023-06-02,2023-06-09,1.0,0.0,0.0,2.0
O,14,1,2023-06-09,2023-06-16,0.0,0.17077068984508514,0.0,2.1707706451416016
O,14,1,2023-06-16,2023-06-23,0.0,0.5897378325462341,0.0725448727607727,2.589737892150879
O,14,1,2023-06-23,2023-06-30,1.0,0.0,0.0,2.0
O,14,1,2023-06-30,2023-07-07,0.0,0.0,0.0,2.0
O,14,1,2023-07-07,2023-07-14,0.0,0.0,0.0,2.0
O,14,1,2023-07-14,2023-07-21,0.0,0.0,0.0,2.0
O,14,1,2023-07-21,2023-07-28,2.0,1.1714367866516113,0.5816989541053772,3.1714367866516113
O,14,1,2023-07-28,2023-08-04,1.0,4.501346111297607,3.9116082191467285,6.501346111297607
O,14,1,2023-08-04,2023-08-11,4.0,2.7195208072662354,2.1297829151153564,4.719520568847656
O,14,1,2023-08-11,2023-08-18,3.0,0.0,0.0,1.4674909114837646
O,14,1,2023-08-18,2023-08-25,0.0,0.0,0.0,1.4674909114837646
O,14,1,2023-08-25,2023-09-01,0.0,0.13797669112682343,0.0,1.6054675579071045
O,14,1,2023-09-01,2023-09-08,2.0,0.84908127784729,0.0,3.84908127784729
O,14,1,2023-09-08,2023-09-15,0.0,1.1315768957138062,0.0,4.131577014923096
O,14,1,2023-09-15,2023-09-22,0.0,0.0,0.0,3.0
O,14,1,2023-09-22,2023-09-29,1.0,0.0,0.0,3.0
O,14,1,2023-09-29,2023-10-06,1.0,0.0,0.0,3.0
O,14,1,2023-10-06,2023-10-13,1.0,0.0,0.0,3.0
O,14,1,2023-10-13,2023-10-20,0.0,0.0,0.0,3.0
O,14,1,2023-10-20,2023-10-27,1.0,0.0,0.0,3.0
O,14,1,2023-10-27,2023-11-03,1.0,0.0,0.0,3.0
O,14,1,2023-11-03,2023-11-10,0.0,0.0,0.0,3.0
O,14,1,2023-11-10,2023-11-17,0.0,0.0,0.0,3.0
O,14,1,2023-11-17,2023-11-24,0.0,0.0,0.0,3.0
O,14,1,2023-11-24,2023-12-01,0.0,0.0,0.0,3.0
O,14,1,2023-12-01,2023-12-08,0.0,0.0,0.0,3.0
O,14,1,2023-12-08,2023-12-15,0.0,0.0,0.0,3.0
O,14,1,2023-12-15,2023-12-22,0.0,0.0,0.0,3.0
O,14,1,2023-12-22,2023-12-29,1.0,0.0,0.0,3.0
O,14,1,2023-12-29,2024-01-05,0.0,0.0,0.0,3.0
O,14,1,2024-01-05,2024-01-12,0.0,0.0,0.0,3.0
O,14,1,2024-01-12,2024-01-19,0.0,0.0,0.0,3.0
O,14,1,2024-01-19,2024-01-26,0.0,0.0,0.0,3.0
O,14,1,2024-01-26,2024-02-02,0.0,0.0,0.0,3.0
O,14,1,2024-02-02,2024-02-09,0.0,0.0,0.0,3.0
O,14,1,2024-02-09,2024-02-16,1.0,0.0,0.0,3.0
O,14,1,2024-02-16,2024-02-23,0.0,0.0,0.0,3.0
O,14,1,2024-02-23,2024-03-01,0.0,0.0,0.0,3.0
O,14,1,2024-03-01,2024-03-08,0.0,0.0,0.0,3.0
O,14,1,2024-03-08,2024-03-15,0.0,0.0,0.0,3.0
O,14,1,2024-03-15,2024-03-22,1.0,0.0,0.0,3.0
O,14,1,2024-03-22,2024-03-29,0.0,0.0,0.0,3.0
O,14,1,2024-03-29,2024-04-05,0.0,0.0,0.0,3.0
O,14,1,2024-04-05,2024-04-12,0.0,0.0,0.0,3.0
O,14,1,2024-04-12,2024-04-19,0.0,0.0,0.0,3.0
O,14,1,2024-04-19,2024-04-26,0.0,0.0,0.0,3.0
O,14,1,2024-04-26,2024-05-03,0.0,0.0,0.0,3.0
O,14,1,2024-05-03,2024-05-10,0.0,0.0,0.0,3.0
O,14,1,2024-05-10,2024-05-17,0.0,0.0,0.0,3.0
O,14,1,2024-05-17,2024-05-24,0.0,0.0,0.0,3.0
O,14,1,2024-05-24,2024-05-31,0.0,0.0,0.0,3.0
O,14,1,2024-05-31,2024-06-07,0.0,0.0,0.0,3.0
O,14,1,2024-06-07,2024-06-14,2.0,0.0,0.0,3.0
O,14,1,2024-06-14,2024-06-21,1.0,0.0,0.0,3.0
O,14,1,2024-06-21,2024-06-28,0.0,0.0,0.0,3.0
O,14,1,2024-06-28,2024-07-05,2.0,0.0,0.0,3.0
O,14,1,2024-07-05,2024-07-12,0.0,0.12869714200496674,0.0,3.128697156906128
O,14,1,2024-07-12,2024-07-19,1.0,0.5109726190567017,0.0,3.510972499847412
O,14,1,2024-07-19,2024-07-26,3.0,1.719123363494873,0.0,4.719123363494873
O,14,1,2024-07-26,2024-08-02,13.0,1.7290129661560059,0.0,4.729012966156006
O,14,1,2024-08-02,2024-08-09,12.0,3.7275125980377197,0.2261664867401123,6.727512359619141
O,14,1,2024-08-09,2024-08-16,6.0,3.9581892490386963,0.45684313774108887,6.958189010620117
O,14,1,2024-08-16,2024-08-23,1.0,0.855553388595581,0.0,12.126540184020996
O,14,1,2024-08-23,2024-08-30,0.0,0.19920189678668976,0.0,11.47018814086914
O,14,1,2024-08-30,2024-09-06,2.0,2.930945873260498,1.799368977546692,14.201932907104492
O,14,1,2024-09-06,2024-09-13,2.0,6.059456825256348,4.927879810333252,17.3304443359375
O,14,1,2024-09-13,2024-09-20,2.0,3.3130695819854736,2.181492805480957,14.58405590057373
O,14,1,2024-09-20,2024-09-27,0.0,0.4207419157028198,0.0,11.691728591918945
O,14,1,2024-09-27,2024-10-04,0.0,0.2944570779800415,0.0,11.565443992614746
O,14,1,2024-10-04,2024-10-11,0.0,0.0,0.0,11.270986557006836
O,14,1,2024-10-11,2024-10-18,1.0,0.0,0.0,11.270986557006836
O,14,1,2024-10-18,2024-10-25,0.0,0.0,0.0,11.270986557006836
O,14,1,2024-10-25,2024-11-01,0.0,1.1549313068389893,0.0,12.425917625427246
O,14,1,2024-11-01,2024-11-08,0.0,1.5340185165405273,0.0,12.805005073547363
O,14,1,2024-11-08,2024-11-15,0.0,0.02225732058286667,0.0,11.293243408203125
O,14,1,2024-11-15,2024-11-22,0.0,0.0,0.0,11.270986557006836
O,14,1,2024-11-22,2024-11-29,1.0,0.0,0.0,11.270986557006836
O,14,1,2024-11-29,2024-12-06,0.0,0.0,0.0,11.270986557006836
O,14,1,2024-12-06,2024-12-13,0.0,0.0,0.0,11.270986557006836
O,14,1,2024-12-13,2024-12-20,0.0,0.29628175497055054,0.0,11.567268371582031
O,14,1,2024-12-20,2024-12-27,0.0,0.0,0.0,11.270986557006836
O,14,1,2024-12-27,2025-01-03,0.0,0.0,0.0,11.270986557006836
O,14,1,2025-01-03,2025-01-10,0.0,0.0,0.0,11.270986557006836
O,14,1,2025-01-10,2025-01-17,0.0,0.0,0.0,11.270986557006836
O,14,1,2025-01-17,2025-01-24,0.0,0.0,0.0,11.270986557006836
O,14,1,2025-01-24,2025-01-31,0.0,0.0,0.0,11.270986557006836
O,14,1,2025-01-31,2025-02-07,0.0,0.0,0.0,11.270986557006836
O,14,1,2025-02-07,2025-02-14,0.0,0.0,0.0,11.270986557006836
O,14,1,2025-02-14,2025-02-21,0.0,0.0,0.0,11.270986557006836
O,14,1,2025-02-21,2025-02-28,0.0,0.0,0.0,11.270986557006836
O,14,1,2025-02-28,2025-03-07,0.0,0.0,0.0,11.270986557006836
O,14,1,2025-03-07,2025-03-14,0.0,0.0,0.0,11.270986557006836
O,14,1,2025-03-14,2025-03-21,0.0,0.0,0.0,11.270986557006836
O,14,1,2025-03-21,2025-03-28,0.0,0.0,0.0,11.270986557006836
O,14,1,2025-03-28,2025-04-04,0.0,0.0,0.0,11.270986557006836
O,14,1,2025-04-04,2025-04-11,0.0,0.0,0.0,11.270986557006836
O,14,1,2025-04-11,2025-04-18,1.0,0.0,0.0,11.270986557006836
O,14,1,2025-04-18,2025-04-25,0.0,0.0,0.0,11.270986557006836
O,14,1,2025-04-25,2025-05-02,0.0,0.0,0.0,11.270986557006836
O,14,1,2025-05-02,2025-05-09,0.0,0.0,0.0,11.270986557006836
O,14,1,2025-05-09,2025-05-16,1.0,0.0,0.0,11.270986557006836
O,14,1,2025-05-16,2025-05-23,0.0,0.0,0.0,11.270986557006836
O,14,1,2025-05-23,2025-05-30,0.0,0.0,0.0,11.270986557006836
O,14,1,2025-05-30,2025-06-06,0.0,0.0,0.0,11.270986557006836
O,14,1,2025-06-06,2025-06-13,1.0,0.7876438498497009,0.0,12.058629989624023
O,14,1,2025-06-13,2025-06-20,0.0,0.24883966147899628,0.0,11.51982593536377
O,14,1,2025-06-20,2025-06-27,0.0,0.0,0.0,11.270986557006836
O,14,1,2025-06-27,2025-07-04,0.0,0.0,0.0,11.270986557006836
O,14,1,2025-07-04,2025-07-11,0.0,0.3234446048736572,0.0,11.594430923461914
O,14,1,2025-07-11,2025-07-18,1.0,0.9197529554367065,0.0,12.190739631652832
O,14,1,2025-07-18,2025-07-25,4.0,4.9110941886901855,0.8516373634338379,16.18208122253418
O,14,1,2025-07-25,2025-08-01,12.0,7.275184631347656,3.2157278060913086,18.546171188354492
O,14,1,2025-08-01,2025-08-08,8.0,6.683816909790039,2.6243600845336914,17.954803466796875
O,14,1,2025-08-08,2025-08-15,0.0,2.3361833095550537,0.0,13.607170104980469
O,14,1,2025-08-15,2025-08-22,1.0,0.0,0.0,8.27248764038086
O,14,1,2025-08-22,2025-08-29,0.0,0.0,0.0,4.724815368652344
O,14,2,2023-02-17,2023-03-03,0.0,0.0,0.0,1.7235126495361328
O,14,2,2023-02-24,2023-03-10,0.0,0.0,0.0,1.7235126495361328
O,14,2,2023-03-03,2023-03-17,0.0,0.0,0.0,1.7235126495361328
O,14,2,2023-03-10,2023-03-24,0.0,0.0,0.0,1.7235126495361328
O,14,2,2023-03-17,2023-03-31,0.0,0.0,0.0,1.7235126495361328
O,14,2,2023-03-24,2023-04-07,0.0,0.0,0.0,1.7235126495361328
O,14,2,2023-03-31,2023-04-14,0.0,0.0,0.0,1.7235126495361328
O,14,2,2023-04-07,2023-04-21,0.0,0.0,0.0,1.7235126495361328
O,14,2,2023-04-14,2023-04-28,0.0,0.0,0.0,1.7235126495361328
O,14,2,2023-04-21,2023-05-05,0.0,0.0,0.0,1.7235126495361328
O,14,2,2023-04-28,2023-05-12,0.0,0.0,0.0,1.7235126495361328
O,14,2,2023-05-05,2023-05-19,0.0,0.0,0.0,1.7235126495361328
O,14,2,2023-05-12,2023-05-26,0.0,0.15001638233661652,0.0,1.873529076576233
O,14,2,2023-05-19,2023-06-02,1.0,0.0988551676273346,0.0,1.822367787361145
O,14,2,2023-05-26,2023-06-09,1.0,0.2476787269115448,0.0,1.97119140625
O,14,2,2023-06-02,2023-06-16,0.0,0.17910388112068176,0.0,1.9026165008544922
O,14,2,2023-06-09,2023-06-23,0.0,0.68489009141922,0.21910473704338074,2.408402681350708
O,14,2,2023-06-16,2023-06-30,1.0,0.4394999146461487,0.0,2.1630125045776367
O,14,2,2023-06-23,2023-07-07,0.0,0.4551416039466858,0.0,2.178654193878174
O,14,2,2023-06-30,2023-07-14,0.0,0.33181533217430115,0.0,2.055327892303467
O,14,2,2023-07-07,2023-07-21,0.0,0.505011796951294,0.0,2.2285244464874268
O,14,2,2023-07-14,2023-07-28,2.0,1.3864855766296387,0.7015954852104187,3.1099982261657715
O,14,2,2023-07-21,2023-08-04,1.0,1.6176772117614746,0.9327871203422546,3.3411898612976074
O,14,2,2023-07-28,2023-08-11,4.0,3.099479913711548,2.4145898818969727,4.822992324829102
O,14,2,2023-08-04,2023-08-18,3.0,0.7963972091674805,0.1115071177482605,2.5199098587036133
O,14,2,2023-08-11,2023-08-25,0.0,0.0,0.0,1.30584716796875
O,14,2,2023-08-18,2023-09-01,0.0,0.467352032661438,0.0,1.773199200630188
O,14,2,2023-08-25,2023-09-08,2.0,1.47357976436615,0.7886896729469299,2.7794270515441895
O,14,2,2023-09-01,2023-09-15,0.0,1.736317753791809,1.0514276027679443,3.939920425415039
O,14,2,2023-09-08,2023-09-22,0.0,1.203370451927185,0.5184803605079651,3.406973361968994
O,14,2,2023-09-15,2023-09-29,1.0,0.4532289505004883,0.0,2.656831741333008
O,14,2,2023-09-22,2023-10-06,1.0,0.7909215092658997,0.10603141784667969,2.9945242404937744
O,14,2,2023-09-29,2023-10-13,1.0,1.1922903060913086,0.0,3.395893096923828
O,14,2,2023-10-06,2023-10-20,0.0,0.27441519498825073,0.0,2.478018045425415
O,14,2,2023-10-13,2023-10-27,1.0,0.1653805524110794,0.0,2.368983268737793
O,14,2,2023-10-20,2023-11-03,1.0,0.28872060775756836,0.0,2.492323398590088
O,14,2,2023-10-27,2023-11-10,0.0,0.18794670701026917,0.0,2.391549587249756
O,14,2,2023-11-03,2023-11-17,0.0,0.08951036632061005,0.0,2.2931132316589355
O,14,2,2023-11-10,2023-11-24,0.0,0.03414628282189369,0.0,2.2377490997314453
O,14,2,2023-11-17,2023-12-01,0.0,0.0,0.0,2.2036027908325195
O,14,2,2023-11-24,2023-12-08,0.0,0.0,0.0,2.2036027908325195
O,14,2,2023-12-01,2023-12-15,0.0,0.0,0.0,2.2036027908325195
O,14,2,2023-12-08,2023-12-22,0.0,0.0,0.0,2.2036027908325195
O,14,2,2023-12-15,2023-12-29,1.0,0.25129616260528564,0.0,2.4548988342285156
O,14,2,2023-12-22,2024-01-05,0.0,0.6346728801727295,0.0,2.838275671005249
O,14,2,2023-12-29,2024-01-12,0.0,0.16811908781528473,0.0,2.3717219829559326
O,14,2,2024-01-05,2024-01-19,0.0,0.13653703033924103,0.0,2.340139865875244
O,14,2,2024-01-12,2024-01-26,0.0,0.34370627999305725,0.0,2.547309160232544
O,14,2,2024-01-19,2024-02-02,0.0,0.0,0.0,2.2036027908325195
O,14,2,2024-01-26,2024-02-09,0.0,0.0,0.0,2.2036027908325195
O,14,2,2024-02-02,2024-02-16,1.0,0.0,0.0,2.2036027908325195
O,14,2,2024-02-09,2024-02-23,0.0,0.0,0.0,2.2036027908325195
O,14,2,2024-02-16,2024-03-01,0.0,0.0,0.0,2.2036027908325195
O,14,2,2024-02-23,2024-03-08,0.0,0.0,0.0,2.2036027908325195
O,14,2,2024-03-01,2024-03-15,0.0,0.0,0.0,2.2036027908325195
O,14,2,2024-03-08,2024-03-22,1.0,0.0,0.0,2.2036027908325195
O,14,2,2024-03-15,2024-03-29,0.0,0.0,0.0,2.2036027908325195
O,14,2,2024-03-22,2024-04-05,0.0,0.0,0.0,2.2036027908325195
O,14,2,2024-03-29,2024-04-12,0.0,0.0,0.0,2.2036027908325195
O,14,2,2024-04-05,2024-04-19,0.0,0.0,0.0,2.2036027908325195
O,14,2,2024-04-12,2024-04-26,0.0,0.0,0.0,2.2036027908325195
O,14,2,2024-04-19,2024-05-03,0.0,0.0,0.0,2.2036027908325195
O,14,2,2024-04-26,2024-05-10,0.0,0.0,0.0,2.2036027908325195
O,14,2,2024-05-03,2024-05-17,0.0,0.0,0.0,2.2036027908325195
O,14,2,2024-05-10,2024-05-24,0.0,0.0,0.0,2.2036027908325195
O,14,2,2024-05-17,2024-05-31,0.0,0.0014237277209758759,0.0,2.205026626586914
O,14,2,2024-05-24,2024-06-07,0.0,0.38255155086517334,0.0,2.5861544609069824
O,14,2,2024-05-31,2024-06-14,2.0,0.14538894593715668,0.0,2.348991632461548
O,14,2,2024-06-07,2024-06-21,1.0,0.3254377245903015,0.0,2.529040575027466
O,14,2,2024-06-14,2024-06-28,0.0,0.5625014901161194,0.0,2.766104221343994
O,14,2,2024-06-21,2024-07-05,2.0,0.7662710547447205,0.0,2.9698739051818848
O,14,2,2024-06-28,2024-07-12,0.0,0.6273791193962097,0.0,2.830981969833374
O,14,2,2024-07-05,2024-07-19,1.0,0.9429150819778442,0.0,3.146517753601074
O,14,2,2024-07-12,2024-07-26,3.0,0.903599202632904,0.0,3.1072020530700684
O,14,2,2024-07-19,2024-08-02,13.0,2.4653172492980957,0.7289994955062866,4.668920040130615
O,14,2,2024-07-26,2024-08-09,12.0,1.1488994359970093,0.0,3.3525023460388184
O,14,2,2024-08-02,2024-08-16,6.0,2.0244083404541016,0.2880905866622925,4.228011131286621
O,14,2,2024-08-09,2024-08-23,1.0,2.295668125152588,0.5593503713607788,4.499270915985107
O,14,2,2024-08-16,2024-08-30,0.0,1.9786981344223022,0.24238038063049316,12.513381004333496
O,14,2,2024-08-23,2024-09-06,2.0,2.085360288619995,0.34904253482818604,12.936461448669434
O,14,2,2024-08-30,2024-09-13,2.0,4.151834487915039,2.4155168533325195,15.002935409545898
O,14,2,2024-09-06,2024-09-20,2.0,4.361094951629639,2.624777317047119,15.212196350097656
O,14,2,2024-09-13,2024-09-27,0.0,1.8725706338882446,0.0,12.723671913146973
O,14,2,2024-09-20,2024-10-04,0.0,0.5103481411933899,0.0,11.361449241638184
O,14,2,2024-09-27,2024-10-11,0.0,0.41507723927497864,0.0,11.266178131103516
O,14,2,2024-10-04,2024-10-18,1.0,0.27137133479118347,0.0,11.122471809387207
O,14,2,2024-10-11,2024-10-25,0.0,0.2823101878166199,0.0,11.133411407470703
O,14,2,2024-10-18,2024-11-01,0.0,0.6458677649497986,0.0,11.496968269348145
O,14,2,2024-10-25,2024-11-08,0.0,0.9207342267036438,0.0,11.771835327148438
O,14,2,2024-11-01,2024-11-15,0.0,0.1733788400888443,0.0,11.024479866027832
O,14,2,2024-11-08,2024-11-22,0.0,0.0,0.0,10.85110092163086
O,14,2,2024-11-15,2024-11-29,1.0,0.0,0.0,10.85110092163086
O,14,2,2024-11-22,2024-12-06,0.0,0.03809652850031853,0.0,10.88919734954834
O,14,2,2024-11-29,2024-12-13,0.0,0.18426962196826935,0.0,11.035370826721191
O,14,2,2024-12-06,2024-12-20,0.0,0.32559752464294434,0.0,11.176698684692383
O,14,2,2024-12-13,2024-12-27,0.0,0.2017114907503128,0.0,11.052812576293945
O,14,2,2024-12-20,2025-01-03,0.0,0.0,0.0,10.85110092163086
O,14,2,2024-12-27,2025-01-10,0.0,0.0,0.0,10.85110092163086
O,14,2,2025-01-03,2025-01-17,0.0,0.0,0.0,10.85110092163086
O,14,2,2025-01-10,2025-01-24,0.0,0.1827448457479477,0.0,11.033845901489258
O,14,2,2025-01-17,2025-01-31,0.0,0.0,0.0,10.85110092163086
O,14,2,2025-01-24,2025-02-07,0.0,0.0,0.0,10.85110092163086
O,14,2,2025-01-31,2025-02-14,0.0,0.0,0.0,10.85110092163086
O,14,2,2025-02-07,2025-02-21,0.0,0.0,0.0,10.85110092163086
O,14,2,2025-02-14,2025-02-28,0.0,0.0,0.0,10.85110092163086
O,14,2,2025-02-21,2025-03-07,0.0,0.0,0.0,10.85110092163086
O,14,2,2025-02-28,2025-03-14,0.0,0.0,0.0,10.85110092163086
O,14,2,2025-03-07,2025-03-21,0.0,0.0,0.0,10.85110092163086
O,14,2,2025-03-14,2025-03-28,0.0,0.0,0.0,10.85110092163086
O,14,2,2025-03-21,2025-04-04,0.0,0.0,0.0,10.85110092163086
O,14,2,2025-03-28,2025-04-11,0.0,0.0,0.0,10.85110092163086
O,14,2,2025-04-04,2025-04-18,1.0,0.0,0.0,10.85110092163086
O,14,2,2025-04-11,2025-04-25,0.0,0.0,0.0,10.85110092163086
O,14,2,2025-04-18,2025-05-02,0.0,0.0,0.0,10.85110092163086
O,14,2,2025-04-25,2025-05-09,0.0,0.04231640323996544,0.0,10.893417358398438
O,14,2,2025-05-02,2025-05-16,1.0,0.10554838180541992,0.0,10.956649780273438
O,14,2,2025-05-09,2025-05-23,0.0,0.10140834748744965,0.0,10.952508926391602
O,14,2,2025-05-16,2025-05-30,0.0,0.08110617101192474,0.0,10.932207107543945
O,14,2,2025-05-23,2025-06-06,0.0,0.0,0.0,10.85110092163086
O,14,2,2025-05-30,2025-06-13,1.0,0.4421560764312744,0.0,11.293256759643555
O,14,2,2025-06-06,2025-06-20,0.0,0.8611222505569458,0.0,11.712223052978516
O,14,2,2025-06-13,2025-06-27,0.0,0.21175119280815125,0.0,11.062851905822754
O,14,2,2025-06-20,2025-07-04,0.0,0.24243547022342682,0.0,11.093536376953125
O,14,2,2025-06-27,2025-07-11,0.0,0.6945998668670654,0.0,11.545701026916504
O,14,2,2025-07-04,2025-07-18,1.0,2.4099581241607666,0.04886317253112793,13.261058807373047
O,14,2,2025-07-11,2025-07-25,4.0,1.9210938215255737,0.0,12.772194862365723
O,14,2,2025-07-18,2025-08-01,12.0,3.693206787109375,1.3321118354797363,14.544307708740234
O,14,2,2025-07-25,2025-08-08,8.0,3.6211724281311035,1.2600774765014648,14.472272872924805
O,14,2,2025-08-01,2025-08-15,0.0,2.3417794704437256,0.0,13.192880630493164
O,14,2,2025-08-08,2025-08-22,1.0,1.1510107517242432,0.0,12.002111434936523
O,14,2,2025-08-15,2025-08-29,0.0,1.1924723386764526,0.0,12.043573379516602
O,14,2,2025-08-22,2025-09-05,,2.665705919265747,0.3046109676361084,10.972498893737793
O,14,4,2023-02-17,2023-03-17,0.0,0.0,0.0,1.2693939208984375
O,14,4,2023-02-24,2023-03-24,0.0,0.0,0.0,1.2693939208984375
O,14,4,2023-03-03,2023-03-31,0.0,0.0,0.0,1.2693939208984375
O,14,4,2023-03-10,2023-04-07,0.0,0.0,0.0,1.2693939208984375
O,14,4,2023-03-17,2023-04-14,0.0,0.0,0.0,1.2693939208984375
O,14,4,2023-03-24,2023-04-21,0.0,0.0,0.0,1.2693939208984375
O,14,4,2023-03-31,2023-04-28,0.0,0.0,0.0,1.2693939208984375
O,14,4,2023-04-07,2023-05-05,0.0,0.0,0.0,1.2693939208984375
O,14,4,2023-04-14,2023-05-12,0.0,0.0,0.0,1.2693939208984375
O,14,4,2023-04-21,2023-05-19,0.0,0.0,0.0,1.2693939208984375
O,14,4,2023-04-28,2023-05-26,0.0,0.08711499720811844,0.0,1.3565089702606201
O,14,4,2023-05-05,2023-06-02,1.0,0.7874851226806641,0.0,2.0568790435791016
O,14,4,2023-05-12,2023-06-09,1.0,1.036756157875061,0.0,2.306149959564209
O,14,4,2023-05-19,2023-06-16,0.0,0.07237188518047333,0.0,1.3417657613754272
O,14,4,2023-05-26,2023-06-23,0.0,0.6841063499450684,0.0,1.9535002708435059
O,14,4,2023-06-02,2023-06-30,1.0,0.764609694480896,0.0,2.034003734588623
O,14,4,2023-06-09,2023-07-07,0.0,1.03337824344635,0.0,2.302772045135498
O,14,4,2023-06-16,2023-07-14,0.0,0.8262653350830078,0.0,2.0956592559814453
O,14,4,2023-06-23,2023-07-21,0.0,2.173903465270996,0.0,3.4432973861694336
O,14,4,2023-06-30,2023-07-28,2.0,2.2017712593078613,0.0,3.471165180206299
O,14,4,2023-07-07,2023-08-04,1.0,2.2922680377960205,0.0,3.561661958694458
O,14,4,2023-07-14,2023-08-11,4.0,2.3746631145477295,0.1555767059326172,3.644057035446167
O,14,4,2023-07-21,2023-08-18,3.0,0.5015730857849121,0.0,1.7709670066833496
O,14,4,2023-07-28,2023-08-25,0.0,0.9711016416549683,0.0,2.2404956817626953
O,14,4,2023-08-04,2023-09-01,0.0,1.1236298084259033,0.0,2.393023729324341
O,14,4,2023-08-11,2023-09-08,2.0,1.240806221961975,0.0,2.4172658920288086
O,14,4,2023-08-18,2023-09-15,0.0,2.6662325859069824,0.49232912063598633,3.8426921367645264
O,14,4,2023-08-25,2023-09-22,0.0,2.340466260910034,0.16656279563903809,3.9658031463623047
O,14,4,2023-09-01,2023-09-29,1.0,1.632612705230713,0.0,4.131039619445801
O,14,4,2023-09-08,2023-10-06,1.0,1.3345024585723877,0.0,3.8329293727874756
O,14,4,2023-09-15,2023-10-13,1.0,1.028224229812622,0.0,3.52665114402771
O,14,4,2023-09-22,2023-10-20,0.0,1.7561094760894775,0.0,4.2545366287231445
O,14,4,2023-09-29,2023-10-27,1.0,0.9021439552307129,0.0,3.400570869445801
O,14,4,2023-10-06,2023-11-03,1.0,0.4382873773574829,0.0,2.9367141723632812
O,14,4,2023-10-13,2023-11-10,0.0,0.43323037028312683,0.0,2.931657314300537
O,14,4,2023-10-20,2023-11-17,0.0,0.1855975091457367,0.0,2.6840243339538574
O,14,4,2023-10-27,2023-11-24,0.0,0.39165574312210083,0.0,2.890082597732544
O,14,4,2023-11-03,2023-12-01,0.0,0.3515385389328003,0.0,2.8499655723571777
O,14,4,2023-11-10,2023-12-08,0.0,0.34936967492103577,0.0,2.847796678543091
O,14,4,2023-11-17,2023-12-15,0.0,0.3508445918560028,0.0,2.849271535873413
O,14,4,2023-11-24,2023-12-22,0.0,0.10380832105875015,0.0,2.6022353172302246
O,14,4,2023-12-01,2023-12-29,1.0,0.2139124572277069,0.0,2.712339401245117
O,14,4,2023-12-08,2024-01-05,0.0,0.3276897966861725,0.0,2.8261168003082275
O,14,4,2023-12-15,2024-01-12,0.0,0.777696967124939,0.0,3.2761240005493164
O,14,4,2023-12-22,2024-01-19,0.0,0.3825609087944031,0.0,2.8809878826141357
O,14,4,2023-12-29,2024-01-26,0.0,0.0,0.0,2.498426914215088
O,14,4,2024-01-05,2024-02-02,0.0,0.0,0.0,2.498426914215088
O,14,4,2024-01-12,2024-02-09,0.0,0.40054062008857727,0.0,2.8989675045013428
O,14,4,2024-01-19,2024-02-16,1.0,0.0,0.0,2.498426914215088
O,14,4,2024-01-26,2024-02-23,0.0,0.0,0.0,2.498426914215088
O,14,4,2024-02-02,2024-03-01,0.0,0.0,0.0,2.498426914215088
O,14,4,2024-02-09,2024-03-08,0.0,0.0,0.0,2.498426914215088
O,14,4,2024-02-16,2024-03-15,0.0,0.0,0.0,2.498426914215088
O,14,4,2024-02-23,2024-03-22,1.0,0.0,0.0,2.498426914215088
O,14,4,2024-03-01,2024-03-29,0.0,0.0,0.0,2.498426914215088
O,14,4,2024-03-08,2024-04-05,0.0,0.0,0.0,2.498426914215088
O,14,4,2024-03-15,2024-04-12,0.0,0.0,0.0,2.498426914215088
O,14,4,2024-03-22,2024-04-19,0.0,0.0,0.0,2.498426914215088
O,14,4,2024-03-29,2024-04-26,0.0,0.0,0.0,2.498426914215088
O,14,4,2024-04-05,2024-05-03,0.0,0.0,0.0,2.498426914215088
O,14,4,2024-04-12,2024-05-10,0.0,0.0,0.0,2.498426914215088
O,14,4,2024-04-19,2024-05-17,0.0,0.0,0.0,2.498426914215088
O,14,4,2024-04-26,2024-05-24,0.0,0.0,0.0,2.498426914215088
O,14,4,2024-05-03,2024-05-31,0.0,0.1701584756374359,0.0,2.6685853004455566
O,14,4,2024-05-10,2024-06-07,0.0,0.7657958269119263,0.0,3.2642226219177246
O,14,4,2024-05-17,2024-06-14,2.0,0.2927332818508148,0.0,2.7911601066589355
O,14,4,2024-05-24,2024-06-21,1.0,0.2747149169445038,0.0,2.773141860961914
O,14,4,2024-05-31,2024-06-28,0.0,0.601007878780365,0.0,3.0994348526000977
O,14,4,2024-06-07,2024-07-05,2.0,1.1126048564910889,0.0,3.6110317707061768
O,14,4,2024-06-14,2024-07-12,0.0,2.7732696533203125,0.10703706741333008,5.2716965675354
O,14,4,2024-06-21,2024-07-19,1.0,3.4936370849609375,0.8274044990539551,5.992063999176025
O,14,4,2024-06-28,2024-07-26,3.0,2.4805257320404053,0.0,4.978952407836914
O,14,4,2024-07-05,2024-08-02,13.0,2.299813985824585,0.0,4.798240661621094
O,14,4,2024-07-12,2024-08-09,12.0,2.290013313293457,0.0,4.788440227508545
O,14,4,2024-07-19,2024-08-16,6.0,1.8322224617004395,0.0,4.330649375915527
O,14,4,2024-07-26,2024-08-23,1.0,1.3656837940216064,0.0,3.8641107082366943
O,14,4,2024-08-02,2024-08-30,0.0,4.890439987182617,2.1171703338623047,7.388866901397705
O,14,4,2024-08-09,2024-09-06,2.0,6.560756683349609,3.787487030029297,9.059183120727539
O,14,4,2024-08-16,2024-09-13,2.0,8.351371765136719,5.578102111816406,19.051557540893555
O,14,4,2024-08-23,2024-09-20,2.0,4.084827423095703,1.3115577697753906,14.785013198852539
O,14,4,2024-08-30,2024-09-27,0.0,3.6530110836029053,0.8797414302825928,14.35319709777832
O,14,4,2024-09-06,2024-10-04,0.0,3.311842441558838,0.5385727882385254,14.012027740478516
O,14,4,2024-09-13,2024-10-11,0.0,1.2057366371154785,0.0,11.905921936035156
O,14,4,2024-09-20,2024-10-18,1.0,0.0,0.0,10.700185775756836
O,14,4,2024-09-27,2024-10-25,0.0,0.0,0.0,10.700185775756836
O,14,4,2024-10-04,2024-11-01,0.0,0.0,0.0,10.700185775756836
O,14,4,2024-10-11,2024-11-08,0.0,0.0,0.0,10.700185775756836
O,14,4,2024-10-18,2024-11-15,0.0,0.0,0.0,10.700185775756836
O,14,4,2024-10-25,2024-11-22,0.0,0.0,0.0,10.700185775756836
O,14,4,2024-11-01,2024-11-29,1.0,0.0,0.0,10.700185775756836
O,14,4,2024-11-08,2024-12-06,0.0,0.0,0.0,10.700185775756836
O,14,4,2024-11-15,2024-12-13,0.0,0.19292140007019043,0.0,10.893107414245605
O,14,4,2024-11-22,2024-12-20,0.0,0.5218151211738586,0.0,11.222001075744629
O,14,4,2024-11-29,2024-12-27,0.0,0.2759106755256653,0.0,10.976096153259277
O,14,4,2024-12-06,2025-01-03,0.0,0.1796751171350479,0.0,10.879860877990723
O,14,4,2024-12-13,2025-01-10,0.0,0.0,0.0,10.700185775756836
O,14,4,2024-12-20,2025-01-17,0.0,0.006450453773140907,0.0,10.706636428833008
O,14,4,2024-12-27,2025-01-24,0.0,0.4384220242500305,0.0,11.1386079788208
O,14,4,2025-01-03,2025-01-31,0.0,0.33958056569099426,0.0,11.039766311645508
O,14,4,2025-01-10,2025-02-07,0.0,0.3691558539867401,0.0,11.069341659545898
O,14,4,2025-01-17,2025-02-14,0.0,0.0,0.0,10.700185775756836
O,14,4,2025-01-24,2025-02-21,0.0,0.0,0.0,10.700185775756836
O,14,4,2025-01-31,2025-02-28,0.0,0.0,0.0,10.700185775756836
O,14,4,2025-02-07,2025-03-07,0.0,0.0,0.0,10.700185775756836
O,14,4,2025-02-14,2025-03-14,0.0,0.0,0.0,10.700185775756836
O,14,4,2025-02-21,2025-03-21,0.0,0.0,0.0,10.700185775756836
O,14,4,2025-02-28,2025-03-28,0.0,0.0,0.0,10.700185775756836
O,14,4,2025-03-07,2025-04-04,0.0,0.0,0.0,10.700185775756836
O,14,4,2025-03-14,2025-04-11,0.0,0.0,0.0,10.700185775756836
O,14,4,2025-03-21,2025-04-18,1.0,0.0,0.0,10.700185775756836
O,14,4,2025-03-28,2025-04-25,0.0,0.0,0.0,10.700185775756836
O,14,4,2025-04-04,2025-05-02,0.0,0.0,0.0,10.700185775756836
O,14,4,2025-04-11,2025-05-09,0.0,0.5586138367652893,0.0,11.25879955291748
O,14,4,2025-04-18,2025-05-16,1.0,0.7680521607398987,0.0,11.46823787689209
O,14,4,2025-04-25,2025-05-23,0.0,0.4354664087295532,0.0,11.135652542114258
O,14,4,2025-05-02,2025-05-30,0.0,0.27727100253105164,0.0,10.977457046508789
O,14,4,2025-05-09,2025-06-06,0.0,0.301927387714386,0.0,11.002113342285156
O,14,4,2025-05-16,2025-06-13,1.0,0.5640653371810913,0.0,11.264250755310059
O,14,4,2025-05-23,2025-06-20,0.0,0.0,0.0,10.700185775756836
O,14,4,2025-05-30,2025-06-27,0.0,0.330110639333725,0.0,11.030296325683594
O,14,4,2025-06-06,2025-07-04,0.0,0.31723836064338684,0.0,11.017424583435059
O,14,4,2025-06-13,2025-07-11,0.0,1.033259630203247,0.0,11.733445167541504
O,14,4,2025-06-20,2025-07-18,1.0,2.351829767227173,0.0,13.05201530456543
O,14,4,2025-06-27,2025-07-25,4.0,3.5439271926879883,0.0,14.244112968444824
O,14,4,2025-07-04,2025-08-01,12.0,5.943304538726807,0.0,16.643489837646484
O,14,4,2025-07-11,2025-08-08,8.0,3.389557123184204,0.0,14.089742660522461
O,14,4,2025-07-18,2025-08-15,0.0,3.803044080734253,0.0,14.503230094909668
O,14,4,2025-07-25,2025-08-22,1.0,1.3055332899093628,0.0,12.005719184875488
O,14,4,2025-08-01,2025-08-29,0.0,1.789493203163147,0.0,12.489679336547852
O,14,4,2025-08-08,2025-09-05,,3.4368293285369873,0.0,14.137015342712402
O,14,4,2025-08-15,2025-09-12,,3.1023192405700684,0.0,12.812305450439453
O,14,4,2025-08-22,2025-09-19,,3.4215872287750244,0.0,9.478282928466797
O,14,8,2023-02-17,2023-04-14,0.0,0.0,0.0,1.7205870151519775
O,14,8,2023-02-24,2023-04-21,0.0,0.0,0.0,1.7205870151519775
O,14,8,2023-03-03,2023-04-28,0.0,0.0,0.0,1.7205870151519775
O,14,8,2023-03-10,2023-05-05,0.0,0.0,0.0,1.7205870151519775
O,14,8,2023-03-17,2023-05-12,0.0,0.0,0.0,1.7205870151519775
O,14,8,2023-03-24,2023-05-19,0.0,0.0,0.0,1.7205870151519775
O,14,8,2023-03-31,2023-05-26,0.0,0.0,0.0,1.7205870151519775
O,14,8,2023-04-07,2023-06-02,1.0,0.3405399024486542,0.0,2.061126947402954
O,14,8,2023-04-14,2023-06-09,1.0,0.47846072912216187,0.0,2.199047803878784
O,14,8,2023-04-21,2023-06-16,0.0,0.08598636090755463,0.0,1.8065733909606934
O,14,8,2023-04-28,2023-06-23,0.0,0.4028172194957733,0.0,2.1234042644500732
O,14,8,2023-05-05,2023-06-30,1.0,0.37686485052108765,0.0,2.09745192527771
O,14,8,2023-05-12,2023-07-07,0.0,0.9304822683334351,0.0,2.651069164276123
O,14,8,2023-05-19,2023-07-14,0.0,1.0053017139434814,0.0,2.725888729095459
O,14,8,2023-05-26,2023-07-21,0.0,1.0614168643951416,0.0,2.782003879547119
O,14,8,2023-06-02,2023-07-28,2.0,1.7195980548858643,0.0,3.440185070037842
O,14,8,2023-06-09,2023-08-04,1.0,3.5610127449035645,1.130707025527954,5.281599998474121
O,14,8,2023-06-16,2023-08-11,4.0,5.547464847564697,3.117159128189087,7.268052101135254
O,14,8,2023-06-23,2023-08-18,3.0,2.9217939376831055,0.4914882183074951,4.642380714416504
O,14,8,2023-06-30,2023-08-25,0.0,4.0719499588012695,1.6416442394256592,5.792536735534668
O,14,8,2023-07-07,2023-09-01,0.0,2.2074193954467773,0.0,3.928006410598755
O,14,8,2023-07-14,2023-09-08,2.0,2.4620699882507324,0.03176426887512207,4.182657241821289
O,14,8,2023-07-21,2023-09-15,0.0,2.050236940383911,0.0,3.7708239555358887
O,14,8,2023-07-28,2023-09-22,0.0,4.717037677764893,2.485797166824341,6.437624931335449
O,14,8,2023-08-04,2023-09-29,1.0,7.1585893630981445,4.927349090576172,8.879176139831543
O,14,8,2023-08-11,2023-10-06,1.0,4.23098611831665,1.9997456073760986,5.654008388519287
O,14,8,2023-08-18,2023-10-13,1.0,2.562410354614258,0.0013976097106933594,3.9854326248168945
O,14,8,2023-08-25,2023-10-20,0.0,0.9734070301055908,0.0,2.3964290618896484
O,14,8,2023-09-01,2023-10-27,1.0,0.2806510925292969,0.0,1.703673243522644
O,14,8,2023-09-08,2023-11-03,1.0,0.6144157648086548,0.0,1.6144157648086548
O,14,8,2023-09-15,2023-11-10,0.0,0.8356406688690186,0.0,1.8356406688690186
O,14,8,2023-09-22,2023-11-17,0.0,0.7848212122917175,0.0,1.7848212718963623
O,14,8,2023-09-29,2023-11-24,0.0,0.22192636132240295,0.0,1.2219263315200806
O,14,8,2023-10-06,2023-12-01,0.0,0.0,0.0,1.0
O,14,8,2023-10-13,2023-12-08,0.0,0.0,0.0,1.0
O,14,8,2023-10-20,2023-12-15,0.0,0.23057487607002258,0.0,1.2305748462677002
O,14,8,2023-10-27,2023-12-22,0.0,0.08892516791820526,0.0,1.0889251232147217
O,14,8,2023-11-03,2023-12-29,1.0,0.23710985481739044,0.0,1.237109899520874
O,14,8,2023-11-10,2024-01-05,0.0,0.899981677532196,0.0,1.8999817371368408
O,14,8,2023-11-17,2024-01-12,0.0,0.7489191293716431,0.0,1.748919129371643
O,14,8,2023-11-24,2024-01-19,0.0,0.4465361535549164,0.0,1.4465361833572388
O,14,8,2023-12-01,2024-01-26,0.0,0.49801772832870483,0.0,1.4980177879333496
O,14,8,2023-12-08,2024-02-02,0.0,0.0,0.0,1.0
O,14,8,2023-12-15,2024-02-09,0.0,0.32635313272476196,0.0,1.3263530731201172
O,14,8,2023-12-22,2024-02-16,1.0,0.22374600172042847,0.0,1.2237460613250732
O,14,8,2023-12-29,2024-02-23,0.0,0.015325568616390228,0.0,1.0153255462646484
O,14,8,2024-01-05,2024-03-01,0.0,0.0,0.0,1.0
O,14,8,2024-01-12,2024-03-08,0.0,0.0,0.0,1.0
O,14,8,2024-01-19,2024-03-15,0.0,0.0,0.0,1.0
O,14,8,2024-01-26,2024-03-22,1.0,0.0,0.0,1.0
O,14,8,2024-02-02,2024-03-29,0.0,0.0,0.0,1.0
O,14,8,2024-02-09,2024-04-05,0.0,0.0,0.0,1.0
O,14,8,2024-02-16,2024-04-12,0.0,0.0,0.0,1.0
O,14,8,2024-02-23,2024-04-19,0.0,0.0,0.0,1.0
O,14,8,2024-03-01,2024-04-26,0.0,0.04249680042266846,0.0,0.81875079870224
O,14,8,2024-03-08,2024-05-03,0.0,0.0894429087638855,0.0,0.865696907043457
O,14,8,2024-03-15,2024-05-10,0.0,0.1547054946422577,0.0,0.9309594631195068
O,14,8,2024-03-22,2024-05-17,0.0,0.25418514013290405,0.0,1.0304391384124756
O,14,8,2024-03-29,2024-05-24,0.0,0.31831082701683044,0.0,1.0945647954940796
O,14,8,2024-04-05,2024-05-31,0.0,0.4705560803413391,0.0,1.4705560207366943
O,14,8,2024-04-12,2024-06-07,0.0,0.6439785361289978,0.0,1.6439785957336426
O,14,8,2024-04-19,2024-06-14,2.0,0.3285800814628601,0.0,1.3285801410675049
O,14,8,2024-04-26,2024-06-21,1.0,0.6524755358695984,0.0,1.6524755954742432
O,14,8,2024-05-03,2024-06-28,0.0,0.9174219369888306,0.0,1.9174219369888306
O,14,8,2024-05-10,2024-07-05,2.0,0.9992890357971191,0.0,1.9992890357971191
O,14,8,2024-05-17,2024-07-12,0.0,1.5491974353790283,0.0,2.5491974353790283
O,14,8,2024-05-24,2024-07-19,1.0,1.9411118030548096,0.0,2.9411118030548096
O,14,8,2024-05-31,2024-07-26,3.0,1.3174982070922852,0.0,2.317498207092285
O,14,8,2024-06-07,2024-08-02,13.0,1.8760812282562256,0.0,2.8760812282562256
O,14,8,2024-06-14,2024-08-09,12.0,3.6700382232666016,0.0,4.670038223266602
O,14,8,2024-06-21,2024-08-16,6.0,2.627711534500122,0.0,3.627711534500122
O,14,8,2024-06-28,2024-08-23,1.0,3.060420036315918,0.0,4.731840133666992
O,14,8,2024-07-05,2024-08-30,0.0,4.7784528732299805,0.0,6.449872970581055
O,14,8,2024-07-12,2024-09-06,2.0,5.20761775970459,0.0,6.879037857055664
O,14,8,2024-07-19,2024-09-13,2.0,7.979373931884766,1.820784568786621,9.65079402923584
O,14,8,2024-07-26,2024-09-20,2.0,5.37828254699707,0.0,7.0497026443481445
O,14,8,2024-08-02,2024-09-27,0.0,5.906782150268555,0.0,7.578202247619629
O,14,8,2024-08-09,2024-10-04,0.0,7.967588424682617,1.8089990615844727,9.650090217590332
O,14,8,2024-08-16,2024-10-11,0.0,2.643496036529541,0.0,13.767414093017578
O,14,8,2024-08-23,2024-10-18,1.0,1.835860013961792,0.0,12.959778785705566
O,14,8,2024-08-30,2024-10-25,0.0,2.551373243331909,0.0,13.675292015075684
O,14,8,2024-09-06,2024-11-01,0.0,3.8143019676208496,0.0,14.938220977783203
O,14,8,2024-09-13,2024-11-08,0.0,3.0217700004577637,0.0,14.145689010620117
O,14,8,2024-09-20,2024-11-15,0.0,0.35758256912231445,0.0,11.481500625610352
O,14,8,2024-09-27,2024-11-22,0.0,0.04201158136129379,0.0,11.165929794311523
O,14,8,2024-10-04,2024-11-29,1.0,0.0,0.0,11.123918533325195
O,14,8,2024-10-11,2024-12-06,0.0,0.0,0.0,11.123918533325195
O,14,8,2024-10-18,2024-12-13,0.0,0.0,0.0,11.123918533325195
O,14,8,2024-10-25,2024-12-20,0.0,0.3437175154685974,0.0,11.467636108398438
O,14,8,2024-11-01,2024-12-27,0.0,0.05504867434501648,0.0,11.178967475891113
O,14,8,2024-11-08,2025-01-03,0.0,0.5546203851699829,0.0,11.678539276123047
O,14,8,2024-11-15,2025-01-10,0.0,0.30891484022140503,0.0,11.432833671569824
O,14,8,2024-11-22,2025-01-17,0.0,0.0,0.0,11.123918533325195
O,14,8,2024-11-29,2025-01-24,0.0,0.38389158248901367,0.0,11.507810592651367
O,14,8,2024-12-06,2025-01-31,0.0,0.7331459522247314,0.0,11.857064247131348
O,14,8,2024-12-13,2025-02-07,0.0,0.926729142665863,0.0,12.050647735595703
O,14,8,2024-12-20,2025-02-14,0.0,0.06737175583839417,0.0,11.191289901733398
O,14,8,2024-12-27,2025-02-21,0.0,0.0,0.0,11.123918533325195
O,14,8,2025-01-03,2025-02-28,0.0,0.0,0.0,11.123918533325195
O,14,8,2025-01-10,2025-03-07,0.0,0.0,0.0,11.123918533325195
O,14,8,2025-01-17,2025-03-14,0.0,0.0,0.0,11.123918533325195
O,14,8,2025-01-24,2025-03-21,0.0,0.0,0.0,11.123918533325195
O,14,8,2025-01-31,2025-03-28,0.0,0.0,0.0,11.123918533325195
O,14,8,2025-02-07,2025-04-04,0.0,0.0,0.0,11.123918533325195
O,14,8,2025-02-14,2025-04-11,0.0,0.0,0.0,11.123918533325195
O,14,8,2025-02-21,2025-04-18,1.0,0.0,0.0,11.123918533325195
O,14,8,2025-02-28,2025-04-25,0.0,0.0,0.0,11.123918533325195
O,14,8,2025-03-07,2025-05-02,0.0,0.0,0.0,11.123918533325195
O,14,8,2025-03-14,2025-05-09,0.0,0.0,0.0,11.123918533325195
O,14,8,2025-03-21,2025-05-16,1.0,0.0027709603309631348,0.0,11.126689910888672
O,14,8,2025-03-28,2025-05-23,0.0,0.0,0.0,11.123918533325195
O,14,8,2025-04-04,2025-05-30,0.0,0.0,0.0,11.123918533325195
O,14,8,2025-04-11,2025-06-06,0.0,0.0,0.0,11.123918533325195
O,14,8,2025-04-18,2025-06-13,1.0,0.08361972868442535,0.0,11.207538604736328
O,14,8,2025-04-25,2025-06-20,0.0,0.5834994316101074,0.0,11.707418441772461
O,14,8,2025-05-02,2025-06-27,0.0,0.6109997034072876,0.0,11.734918594360352
O,14,8,2025-05-09,2025-07-04,0.0,0.5793834924697876,0.0,11.703302383422852
O,14,8,2025-05-16,2025-07-11,0.0,1.3989472389221191,0.0,12.522865295410156
O,14,8,2025-05-23,2025-07-18,1.0,1.4706814289093018,0.0,12.594599723815918
O,14,8,2025-05-30,2025-07-25,4.0,1.5868721008300781,0.0,12.710790634155273
O,14,8,2025-06-06,2025-08-01,12.0,2.8934755325317383,0.0,14.017394065856934
O,14,8,2025-06-13,2025-08-08,8.0,1.263073205947876,0.0,12.386991500854492
O,14,8,2025-06-20,2025-08-15,0.0,1.3609299659729004,0.0,12.484848022460938
O,14,8,2025-06-27,2025-08-22,1.0,1.336319923400879,0.0,12.460238456726074
O,14,8,2025-07-04,2025-08-29,0.0,0.731075644493103,0.0,11.85499382019043
O,14,8,2025-07-11,2025-09-05,,1.3418736457824707,0.0,12.465791702270508
O,14,8,2025-07-18,2025-09-12,,2.6595373153686523,0.0,13.783455848693848
O,14,8,2025-07-25,2025-09-19,,2.138714075088501,0.0,13.262632369995117
O,14,8,2025-08-01,2025-09-26,,1.1770415306091309,0.0,12.300960540771484
O,14,8,2025-08-08,2025-10-03,,0.8695475459098816,0.0,11.9934663772583
O,14,8,2025-08-15,2025-10-10,,0.0,0.0,9.106524467468262
O,14,8,2025-08-22,2025-10-17,,0.0,0.0,9.106524467468262
O,14,12,2023-02-17,2023-05-12,0.0,0.0,0.0,2.0
O,14,12,2023-02-24,2023-05-19,0.0,0.0,0.0,2.0
O,14,12,2023-03-03,2023-05-26,0.0,0.0,0.0,2.0
O,14,12,2023-03-10,2023-06-02,1.0,0.0,0.0,2.0
O,14,12,2023-03-17,2023-06-09,1.0,0.0,0.0,2.0
O,14,12,2023-03-24,2023-06-16,0.0,0.0,0.0,2.0
O,14,12,2023-03-31,2023-06-23,0.0,0.0,0.0,2.0
O,14,12,2023-04-07,2023-06-30,1.0,0.0,0.0,2.0
O,14,12,2023-04-14,2023-07-07,0.0,0.0,0.0,2.0
O,14,12,2023-04-21,2023-07-14,0.0,0.0,0.0,2.0
O,14,12,2023-04-28,2023-07-21,0.0,0.0,0.0,2.0
O,14,12,2023-05-05,2023-07-28,2.0,0.0,0.0,2.0
O,14,12,2023-05-12,2023-08-04,1.0,0.0,0.0,2.0
O,14,12,2023-05-19,2023-08-11,4.0,0.0,0.0,2.0
O,14,12,2023-05-26,2023-08-18,3.0,0.0,0.0,2.0
O,14,12,2023-06-02,2023-08-25,0.0,0.0,0.0,2.0
O,14,12,2023-06-09,2023-09-01,0.0,0.0,0.0,2.0
O,14,12,2023-06-16,2023-09-08,2.0,0.0,0.0,2.0
O,14,12,2023-06-23,2023-09-15,0.0,0.0,0.0,2.0
O,14,12,2023-06-30,2023-09-22,0.0,0.0,0.0,2.0
O,14,12,2023-07-07,2023-09-29,1.0,0.0,0.0,2.0
O,14,12,2023-07-14,2023-10-06,1.0,0.0,0.0,2.0
O,14,12,2023-07-21,2023-10-13,1.0,0.0,0.0,2.0
O,14,12,2023-07-28,2023-10-20,0.0,0.0,0.0,2.0
O,14,12,2023-08-04,2023-10-27,1.0,0.0,0.0,2.0
O,14,12,2023-08-11,2023-11-03,1.0,0.0,0.0,2.0
O,14,12,2023-08-18,2023-11-10,0.0,0.0,0.0,2.0
O,14,12,2023-08-25,2023-11-17,0.0,0.0,0.0,4.0
O,14,12,2023-09-01,2023-11-24,0.0,0.0,0.0,4.0
O,14,12,2023-09-08,2023-12-01,0.0,0.0,0.0,4.0
O,14,12,2023-09-15,2023-12-08,0.0,0.0,0.0,4.0
O,14,12,2023-09-22,2023-12-15,0.0,0.0,0.0,4.0
O,14,12,2023-09-29,2023-12-22,0.0,0.0,0.0,4.0
O,14,12,2023-10-06,2023-12-29,1.0,0.0,0.0,4.0
O,14,12,2023-10-13,2024-01-05,0.0,0.0,0.0,4.0
O,14,12,2023-10-20,2024-01-12,0.0,0.0,0.0,4.0
O,14,12,2023-10-27,2024-01-19,0.0,0.0,0.0,4.0
O,14,12,2023-11-03,2024-01-26,0.0,0.0,0.0,4.0
O,14,12,2023-11-10,2024-02-02,0.0,0.0,0.0,4.0
O,14,12,2023-11-17,2024-02-09,0.0,0.0,0.0,4.0
O,14,12,2023-11-24,2024-02-16,1.0,0.0,0.0,4.0
O,14,12,2023-12-01,2024-02-23,0.0,0.0,0.0,4.0
O,14,12,2023-12-08,2024-03-01,0.0,0.0,0.0,4.0
O,14,12,2023-12-15,2024-03-08,0.0,0.0,0.0,4.0
O,14,12,2023-12-22,2024-03-15,0.0,0.0,0.0,4.0
O,14,12,2023-12-29,2024-03-22,1.0,0.0,0.0,4.0
O,14,12,2024-01-05,2024-03-29,0.0,0.0,0.0,4.0
O,14,12,2024-01-12,2024-04-05,0.0,0.0,0.0,4.0
O,14,12,2024-01-19,2024-04-12,0.0,0.0,0.0,4.0
O,14,12,2024-01-26,2024-04-19,0.0,0.0,0.0,4.0
O,14,12,2024-02-02,2024-04-26,0.0,0.0,0.0,4.0
O,14,12,2024-02-09,2024-05-03,0.0,0.0,0.0,4.0
O,14,12,2024-02-16,2024-05-10,0.0,0.0,0.0,4.0
O,14,12,2024-02-23,2024-05-17,0.0,0.0,0.0,4.0
O,14,12,2024-03-01,2024-05-24,0.0,0.0,0.0,4.0
O,14,12,2024-03-08,2024-05-31,0.0,0.0,0.0,4.0
O,14,12,2024-03-15,2024-06-07,0.0,0.0,0.0,4.0
O,14,12,2024-03-22,2024-06-14,2.0,0.0,0.0,4.0
O,14,12,2024-03-29,2024-06-21,1.0,0.0,0.0,4.0
O,14,12,2024-04-05,2024-06-28,0.0,0.0,0.0,4.0
O,14,12,2024-04-12,2024-07-05,2.0,0.0,0.0,4.0
O,14,12,2024-04-19,2024-07-12,0.0,0.0,0.0,4.0
O,14,12,2024-04-26,2024-07-19,1.0,0.0,0.0,4.0
O,14,12,2024-05-03,2024-07-26,3.0,0.0,0.0,4.0
O,14,12,2024-05-10,2024-08-02,13.0,0.0,0.0,4.0
O,14,12,2024-05-17,2024-08-09,12.0,0.0,0.0,4.0
O,14,12,2024-05-24,2024-08-16,6.0,0.0,0.0,4.0
O,14,12,2024-05-31,2024-08-23,1.0,0.0,0.0,4.0
O,14,12,2024-06-07,2024-08-30,0.0,0.0,0.0,4.0
O,14,12,2024-06-14,2024-09-06,2.0,0.0,0.0,4.0
O,14,12,2024-06-21,2024-09-13,2.0,0.0,0.0,4.0
O,14,12,2024-06-28,2024-09-20,2.0,0.0,0.0,4.0
O,14,12,2024-07-05,2024-09-27,0.0,0.0,0.0,4.0
O,14,12,2024-07-12,2024-10-04,0.0,0.0,0.0,4.0
O,14,12,2024-07-19,2024-10-11,0.0,0.0,0.0,4.0
O,14,12,2024-07-26,2024-10-18,1.0,0.0,0.0,4.0
O,14,12,2024-08-02,2024-10-25,0.0,0.0,0.0,4.0
O,14,12,2024-08-09,2024-11-01,0.0,0.0,0.0,4.0
O,14,12,2024-08-16,2024-11-08,0.0,0.0,0.0,13.0
O,14,12,2024-08-23,2024-11-15,0.0,0.0,0.0,13.0
O,14,12,2024-08-30,2024-11-22,0.0,0.0,0.0,13.0
O,14,12,2024-09-06,2024-11-29,1.0,0.0,0.0,13.0
O,14,12,2024-09-13,2024-12-06,0.0,0.0,0.0,13.0
O,14,12,2024-09-20,2024-12-13,0.0,0.0,0.0,13.0
O,14,12,2024-09-27,2024-12-20,0.0,0.0,0.0,13.0
O,14,12,2024-10-04,2024-12-27,0.0,0.0,0.0,13.0
O,14,12,2024-10-11,2025-01-03,0.0,0.0,0.0,13.0
O,14,12,2024-10-18,2025-01-10,0.0,0.0,0.0,13.0
O,14,12,2024-10-25,2025-01-17,0.0,0.0,0.0,13.0
O,14,12,2024-11-01,2025-01-24,0.0,0.0,0.0,13.0
O,14,12,2024-11-08,2025-01-31,0.0,0.0,0.0,13.0
O,14,12,2024-11-15,2025-02-07,0.0,0.0,0.0,13.0
O,14,12,2024-11-22,2025-02-14,0.0,0.0,0.0,13.0
O,14,12,2024-11-29,2025-02-21,0.0,0.0,0.0,13.0
O,14,12,2024-12-06,2025-02-28,0.0,0.0,0.0,13.0
O,14,12,2024-12-13,2025-03-07,0.0,0.0,0.0,13.0
O,14,12,2024-12-20,2025-03-14,0.0,0.0,0.0,13.0
O,14,12,2024-12-27,2025-03-21,0.0,0.0,0.0,13.0
O,14,12,2025-01-03,2025-03-28,0.0,0.0,0.0,13.0
O,14,12,2025-01-10,2025-04-04,0.0,0.0,0.0,13.0
O,14,12,2025-01-17,2025-04-11,0.0,0.0,0.0,13.0
O,14,12,2025-01-24,2025-04-18,1.0,0.0,0.0,13.0
O,14,12,2025-01-31,2025-04-25,0.0,0.0,0.0,13.0
O,14,12,2025-02-07,2025-05-02,0.0,0.0,0.0,13.0
O,14,12,2025-02-14,2025-05-09,0.0,0.0,0.0,13.0
O,14,12,2025-02-21,2025-05-16,1.0,0.0,0.0,13.0
O,14,12,2025-02-28,2025-05-23,0.0,0.0,0.0,13.0
O,14,12,2025-03-07,2025-05-30,0.0,0.0,0.0,13.0
O,14,12,2025-03-14,2025-06-06,0.0,0.0,0.0,13.0
O,14,12,2025-03-21,2025-06-13,1.0,0.0,0.0,13.0
O,14,12,2025-03-28,2025-06-20,0.0,0.0,0.0,13.0
O,14,12,2025-04-04,2025-06-27,0.0,0.0,0.0,13.0
O,14,12,2025-04-11,2025-07-04,0.0,0.0,0.0,13.0
O,14,12,2025-04-18,2025-07-11,0.0,0.0,0.0,13.0
O,14,12,2025-04-25,2025-07-18,1.0,0.0,0.0,13.0
O,14,12,2025-05-02,2025-07-25,4.0,0.0,0.0,13.0
O,14,12,2025-05-09,2025-08-01,12.0,0.0,0.0,13.0
O,14,12,2025-05-16,2025-08-08,8.0,0.0,0.0,13.0
O,14,12,2025-05-23,2025-08-15,0.0,0.0,0.0,13.0
O,14,12,2025-05-30,2025-08-22,1.0,0.0,0.0,13.0
O,14,12,2025-06-06,2025-08-29,0.0,0.0,0.0,13.0
O,14,12,2025-06-13,2025-09-05,,0.0,0.0,13.0
O,14,12,2025-06-20,2025-09-12,,0.0,0.0,13.0
O,14,12,2025-06-27,2025-09-19,,0.0,0.0,13.0
O,14,12,2025-07-04,2025-09-26,,0.0,0.0,13.0
O,14,12,2025-07-11,2025-10-03,,0.0,0.0,13.0
O,14,12,2025-07-18,2025-10-10,,0.0,0.0,13.0
O,14,12,2025-07-25,2025-10-17,,0.0,0.0,13.0
O,14,12,2025-08-01,2025-10-24,,0.0,0.0,13.0
O,14,12,2025-08-08,2025-10-31,,0.0,0.0,13.0
O,14,12,2025-08-15,2025-11-07,,0.0,0.0,12.0
O,14,12,2025-08-22,2025-11-14,,0.0,0.0,12.0
