cluster,cluster_index,horizon,interval_start_at_inference_time,interval_start_when_prediction_relevant,true_count,prediction,lower,upper,forecast_start
A,0,2,2023-02-17,2023-03-03,0.0,0.09438598146190258,0.0,2.8284654778987015,2023-03-03
A,0,2,2023-02-24,2023-03-10,0.0,0.05183685399608481,0.0,2.785916350432884,2023-03-10
A,0,2,2023-03-03,2023-03-17,0.0,0.03772457659175161,0.0,2.7718040730285507,2023-03-17
A,0,2,2023-03-10,2023-03-24,0.0,0.0399592648114164,0.0,2.7740387612482156,2023-03-24
A,0,2,2023-03-17,2023-03-31,0.0,0.03952897557207382,0.0,2.773608472008873,2023-03-31
A,0,2,2023-03-24,2023-04-07,1.0,0.03284990280704984,0.0,2.766929399243849,2023-04-07
A,0,2,2023-03-31,2023-04-14,0.0,0.03347150097658123,0.0,2.7675509974133803,2023-04-14
A,0,2,2023-04-07,2023-04-21,0.0,0.05827740686197219,0.0,2.792356903298771,2023-04-21
A,0,2,2023-04-14,2023-04-28,0.0,0.31356658275327437,0.0,3.0476460791900735,2023-04-28
A,0,2,2023-04-21,2023-05-05,0.0,0.13546548558866028,0.0,2.8695449820254595,2023-05-05
A,0,2,2023-04-28,2023-05-12,0.0,0.08505323906980142,0.0,2.8191327355066007,2023-05-12
A,0,2,2023-05-05,2023-05-19,0.0,0.2614771816220645,0.0,2.995556678058864,2023-05-19
A,0,2,2023-05-12,2023-05-26,1.0,0.2414795181736194,0.0,2.9755590146104187,2023-05-26
A,0,2,2023-05-19,2023-06-02,0.0,0.1470646747341663,0.0,2.8811441711709653,2023-06-02
A,0,2,2023-05-26,2023-06-09,0.0,0.5430913696105351,0.0,3.277170866047334,2023-06-09
A,0,2,2023-06-02,2023-06-16,1.0,0.41577061264101883,0.0,3.149850109077818,2023-06-16
A,0,2,2023-06-09,2023-06-23,1.0,1.710423565963814,0.0,4.444503062400614,2023-06-23
A,0,2,2023-06-16,2023-06-30,0.0,0.32546968671541937,0.0,3.0595491831522184,2023-06-30
A,0,2,2023-06-23,2023-07-07,0.0,0.6123117809180831,0.0,3.3463912773548823,2023-07-07
A,0,2,2023-06-30,2023-07-14,2.0,1.0537294313517345,0.0,3.7878089277885336,2023-07-14
A,0,2,2023-07-07,2023-07-21,0.0,0.42350629510270227,0.0,3.1575857915395016,2023-07-21
A,0,2,2023-07-14,2023-07-28,0.0,1.3781319599107036,0.0,4.112211456347502,2023-07-28
A,0,2,2023-07-21,2023-08-04,0.0,2.3436571221002644,0.6268422011469097,5.077736618537063,2023-08-04
A,0,2,2023-07-28,2023-08-11,7.0,3.5834954346775625,1.8666805137242077,6.317574931114361,2023-08-11
A,0,2,2023-08-04,2023-08-18,1.0,1.5045202958055433,0.0,4.238599792242343,2023-08-18
A,0,2,2023-08-11,2023-08-25,1.0,0.9880238680759714,0.0,3.722103364512771,2023-08-25
A,0,2,2023-08-18,2023-09-01,0.0,1.1304172672476172,0.0,3.864496763684416,2023-09-01
A,0,2,2023-08-25,2023-09-08,1.0,2.6750029142088225,0.3313457921085581,6.09150747953126,2023-09-08
A,0,2,2023-09-01,2023-09-15,4.0,2.3809355633057265,0.03727844120546209,5.797440128628164,2023-09-15
A,0,2,2023-09-08,2023-09-22,0.0,1.2503380440583303,0.0,4.666842609380768,2023-09-22
A,0,2,2023-09-15,2023-09-29,1.0,0.5988548252080392,0.0,4.0153593905304765,2023-09-29
A,0,2,2023-09-22,2023-10-06,0.0,0.8938300753050863,0.0,4.310334640627524,2023-10-06
A,0,2,2023-09-29,2023-10-13,1.0,1.236681196249121,0.0,4.653185761571558,2023-10-13
A,0,2,2023-10-06,2023-10-20,0.0,0.30954192700109556,0.0,3.7260464923235332,2023-10-20
A,0,2,2023-10-13,2023-10-27,0.0,0.28395977166490677,0.0,3.7004643369873444,2023-10-27
A,0,2,2023-10-20,2023-11-03,0.0,0.27071894859248735,0.0,3.6872235139149248,2023-11-03
A,0,2,2023-10-27,2023-11-10,0.0,0.1494483369761433,0.0,3.565952902298581,2023-11-10
A,0,2,2023-11-03,2023-11-17,0.0,0.1657259806092844,0.0,3.582230545931722,2023-11-17
A,0,2,2023-11-10,2023-11-24,0.0,0.06938586722446823,0.0,3.485890432546906,2023-11-24
A,0,2,2023-11-17,2023-12-01,0.0,0.06315331807469064,0.0,3.4796578833971283,2023-12-01
A,0,2,2023-11-24,2023-12-08,0.0,0.0564175664703085,0.0,3.472922131792746,2023-12-08
A,0,2,2023-12-01,2023-12-15,0.0,0.03830905017108124,0.0,3.454813615493519,2023-12-15
A,0,2,2023-12-08,2023-12-22,0.0,0.0377183485772631,0.0,3.4542229138997005,2023-12-22
A,0,2,2023-12-15,2023-12-29,1.0,0.03989594169242606,0.0,3.456400507014864,2023-12-29
A,0,2,2023-12-22,2024-01-05,0.0,0.05084357318885523,0.0,3.4673481385112925,2024-01-05
A,0,2,2023-12-29,2024-01-12,0.0,0.06637575856982912,0.0,3.4828803238922665,2024-01-12
A,0,2,2024-01-05,2024-01-19,0.0,0.11026739549568615,0.0,3.526771960818124,2024-01-19
A,0,2,2024-01-12,2024-01-26,1.0,0.16283296676674008,0.0,3.579337532089178,2024-01-26
A,0,2,2024-01-19,2024-02-02,0.0,0.10563480720825538,0.0,3.522139372530693,2024-02-02
A,0,2,2024-01-26,2024-02-09,0.0,0.2913263452014507,0.0,3.7078309105238882,2024-02-09
A,0,2,2024-02-02,2024-02-16,0.0,0.07655655869169466,0.0,3.4930611240141323,2024-02-16
A,0,2,2024-02-09,2024-02-23,0.0,0.12491458931476447,0.0,3.541419154637202,2024-02-23
A,0,2,2024-02-16,2024-03-01,0.0,0.04956766363935978,0.0,3.466072228961797,2024-03-01
A,0,2,2024-02-23,2024-03-08,0.0,0.10478952039643395,0.0,3.5212940857188713,2024-03-08
A,0,2,2024-03-01,2024-03-15,0.0,0.03437033926103741,0.0,3.450874904583475,2024-03-15
A,0,2,2024-03-08,2024-03-22,0.0,0.05089625756001716,0.0,3.4674008228824547,2024-03-22
A,0,2,2024-03-15,2024-03-29,0.0,0.029414190381204106,0.0,3.4459187557036417,2024-03-29
A,0,2,2024-03-22,2024-04-05,0.0,0.06139410987752929,0.0,3.4778986751999668,2024-04-05
A,0,2,2024-03-29,2024-04-12,0.0,0.07061568780876744,0.0,3.487120253131205,2024-04-12
A,0,2,2024-04-05,2024-04-19,0.0,0.08543404542074375,0.0,3.5019386107431814,2024-04-19
A,0,2,2024-04-12,2024-04-26,0.0,0.04878435985463428,0.0,3.465288925177072,2024-04-26
A,0,2,2024-04-19,2024-05-03,1.0,0.9333633967082405,0.0,4.349867962030678,2024-05-03
A,0,2,2024-04-26,2024-05-10,0.0,0.11651967331412026,0.0,3.533024238636558,2024-05-10
A,0,2,2024-05-03,2024-05-17,0.0,0.19600144610818254,0.0,3.6125060114306202,2024-05-17
A,0,2,2024-05-10,2024-05-24,1.0,0.2968859549462724,0.0,3.71339052026871,2024-05-24
A,0,2,2024-05-17,2024-05-31,0.0,0.43147969553780063,0.0,3.847984260860238,2024-05-31
A,0,2,2024-05-24,2024-06-07,0.0,0.7996776254853063,0.0,4.216182190807744,2024-06-07
A,0,2,2024-05-31,2024-06-14,0.0,0.735972794396349,0.0,4.1524773597187865,2024-06-14
A,0,2,2024-06-07,2024-06-21,0.0,0.4669540579936442,0.0,3.8834586233160815,2024-06-21
A,0,2,2024-06-14,2024-06-28,0.0,0.20829553161147876,0.0,3.6248000969339165,2024-06-28
A,0,2,2024-06-21,2024-07-05,1.0,0.58503143287866,0.0,4.001535998201097,2024-07-05
A,0,2,2024-06-28,2024-07-12,0.0,0.18334219343709338,0.0,3.599846758759531,2024-07-12
A,0,2,2024-07-05,2024-07-19,2.0,0.4264818136439387,0.0,3.8429863789663763,2024-07-19
A,0,2,2024-07-12,2024-07-26,5.0,0.4869163157673337,0.0,3.903420881089771,2024-07-26
A,0,2,2024-07-19,2024-08-02,8.0,2.7957316324924295,0.45207451039216506,6.2122361978148675,2024-08-02
A,0,2,2024-07-26,2024-08-09,18.0,1.6713231905075143,0.0,5.087827755829952,2024-08-09
A,0,2,2024-08-02,2024-08-16,2.0,2.1917132589437514,0.0,5.608217824266189,2024-08-16
A,0,2,2024-08-09,2024-08-23,1.0,2.763074762370233,0.41941764026996875,7.276158446602899,2024-08-23
A,0,2,2024-08-16,2024-08-30,1.0,1.8178268238387794,0.0,7.02209519134635,2024-08-30
A,0,2,2024-08-23,2024-09-06,1.0,2.234887754783014,0.0,18.5635645642755,2024-09-06
A,0,2,2024-08-30,2024-09-13,2.0,2.6256892233860762,0.2820321012858118,18.95436603287856,2024-09-13
A,0,2,2024-09-06,2024-09-20,2.0,1.9930063655237096,0.0,18.321683175016194,2024-09-20
A,0,2,2024-09-13,2024-09-27,0.0,1.8248424596546204,0.0,18.153519269147104,2024-09-27
A,0,2,2024-09-20,2024-10-04,0.0,1.0631658981565046,0.0,17.39184270764899,2024-10-04
A,0,2,2024-09-27,2024-10-11,0.0,1.180476612963973,0.0,17.509153422456457,2024-10-11
A,0,2,2024-10-04,2024-10-18,0.0,0.49712584711700497,0.0,16.82580265660949,2024-10-18
A,0,2,2024-10-11,2024-10-25,0.0,0.2935122452773989,0.0,16.622189054769883,2024-10-25
A,0,2,2024-10-18,2024-11-01,1.0,0.5517044747496114,0.0,16.880381284242098,2024-11-01
A,0,2,2024-10-25,2024-11-08,0.0,1.6017129622298758,0.0,17.93038977172236,2024-11-08
A,0,2,2024-11-01,2024-11-15,0.0,0.18687479258244416,0.0,16.51555160207493,2024-11-15
A,0,2,2024-11-08,2024-11-22,0.0,0.37010652873915306,0.0,16.69878333823164,2024-11-22
A,0,2,2024-11-15,2024-11-29,1.0,0.18950266747122313,0.0,16.51817947696371,2024-11-29
A,0,2,2024-11-22,2024-12-06,0.0,0.040068646455110414,0.0,16.368745455947597,2024-12-06
A,0,2,2024-11-29,2024-12-13,0.0,0.1731831499171978,0.0,16.501859959409682,2024-12-13
A,0,2,2024-12-06,2024-12-20,0.0,0.14510293897455145,0.0,16.473779748467038,2024-12-20
A,0,2,2024-12-13,2024-12-27,0.0,0.14782049696121954,0.0,16.476497306453705,2024-12-27
A,0,2,2024-12-20,2025-01-03,0.0,0.4341272826875247,0.0,16.76280409218001,2025-01-03
A,0,2,2024-12-27,2025-01-10,0.0,0.14472213961224015,0.0,16.473398949104727,2025-01-10
A,0,2,2025-01-03,2025-01-17,0.0,0.05106325262084056,0.0,16.379740062113324,2025-01-17
A,0,2,2025-01-10,2025-01-24,0.0,0.5431396335105821,0.0,16.871816443003066,2025-01-24
A,0,2,2025-01-17,2025-01-31,0.0,0.12149227271101626,0.0,16.4501690822035,2025-01-31
A,0,2,2025-01-24,2025-02-07,1.0,0.07378600428540066,0.0,16.402462813777888,2025-02-07
A,0,2,2025-01-31,2025-02-14,0.0,0.07347784919442768,0.0,16.402154658686914,2025-02-14
A,0,2,2025-02-07,2025-02-21,0.0,0.26072749579985927,0.0,16.589404305292344,2025-02-21
A,0,2,2025-02-14,2025-02-28,1.0,0.045612361266377834,0.0,16.374289170758864,2025-02-28
A,0,2,2025-02-21,2025-03-07,0.0,0.13038039231567325,0.0,16.459057201808157,2025-03-07
A,0,2,2025-02-28,2025-03-14,0.0,0.10095464630399933,0.0,16.429631455796486,2025-03-14
A,0,2,2025-03-07,2025-03-21,0.0,0.18169929971157361,0.0,16.51037610920406,2025-03-21
A,0,2,2025-03-14,2025-03-28,0.0,0.09181586771677504,0.0,16.42049267720926,2025-03-28
A,0,2,2025-03-21,2025-04-04,0.0,0.034845356200288176,0.0,16.363522165692775,2025-04-04
A,0,2,2025-03-28,2025-04-11,0.0,0.09049115804480012,0.0,16.419167967537284,2025-04-11
A,0,2,2025-04-04,2025-04-18,0.0,0.03289388799255005,0.0,16.361570697485035,2025-04-18
A,0,2,2025-04-11,2025-04-25,0.0,0.06023024765808601,0.0,16.388907057150572,2025-04-25
A,0,2,2025-04-18,2025-05-02,0.0,0.08205051114849798,0.0,16.410727320640984,2025-05-02
A,0,2,2025-04-25,2025-05-09,0.0,0.1041575166296737,0.0,16.43283432612216,2025-05-09
A,0,2,2025-05-02,2025-05-16,0.0,0.13897672650499163,0.0,16.467653535997478,2025-05-16
A,0,2,2025-05-09,2025-05-23,0.0,0.08710198719648267,0.0,16.41577879668897,2025-05-23
A,0,2,2025-05-16,2025-05-30,0.0,0.09148382230091773,0.0,16.420160631793404,2025-05-30
A,0,2,2025-05-23,2025-06-06,0.0,0.1437668298683996,0.0,16.472443639360886,2025-06-06
A,0,2,2025-05-30,2025-06-13,0.0,0.48011124250784437,0.0,16.80878805200033,2025-06-13
A,0,2,2025-06-06,2025-06-20,1.0,0.7718985978645133,0.0,17.100575407357,2025-06-20
A,0,2,2025-06-13,2025-06-27,0.0,0.22231842788607226,0.0,16.550995237378558,2025-06-27
A,0,2,2025-06-20,2025-07-04,0.0,0.44992743340210534,0.0,16.77860424289459,2025-07-04
A,0,2,2025-06-27,2025-07-11,2.0,0.9858806989974053,0.0,17.31455750848989,2025-07-11
A,0,2,2025-07-04,2025-07-18,2.0,1.6166308750682958,0.0,17.94530768456078,2025-07-18
A,0,2,2025-07-11,2025-07-25,2.0,0.9062508634677998,0.0,17.234927672960286,2025-07-25
A,0,2,2025-07-18,2025-08-01,13.0,10.645940352096288,8.821097892441667,26.974617161588775,2025-08-01
A,0,2,2025-07-25,2025-08-08,8.0,4.821839824640081,2.996997364985461,21.150516634132565,2025-08-08
A,0,2,2025-08-01,2025-08-15,1.0,2.0775068664978,0.25266440684317937,18.406183675990285,2025-08-15
A,0,2,2025-08-08,2025-08-22,1.0,1.85048225492457,0.02563979526994964,18.179159064417057,2025-08-22
A,0,2,2025-08-15,2025-08-29,0.0,1.2847784865369258,0.0,17.61345529602941,2025-08-29
A,0,2,2025-08-22,2025-09-05,0.0,2.0813139607196867,0.2564715010650662,18.409990770212172,2025-09-05
B,1,2,2023-02-17,2023-03-03,0.0,0.1108103142363646,0.0,1.0806741813535534,2023-03-03
B,1,2,2023-02-24,2023-03-10,0.0,0.04271565413163519,0.0,1.012579521248824,2023-03-10
B,1,2,2023-03-03,2023-03-17,0.0,0.04770585799350935,0.0,1.017569725110698,2023-03-17
B,1,2,2023-03-10,2023-03-24,0.0,0.03388237007039823,0.0,1.0037462371875872,2023-03-24
B,1,2,2023-03-17,2023-03-31,0.0,0.03196622879192467,0.0,1.0018300959091135,2023-03-31
B,1,2,2023-03-24,2023-04-07,0.0,0.026421673525301066,0.0,0.99628554064249,2023-04-07
B,1,2,2023-03-31,2023-04-14,0.0,0.024761198347683946,0.0,0.9946250654648728,2023-04-14
B,1,2,2023-04-07,2023-04-21,0.0,0.04161841953138267,0.0,1.0114822866485715,2023-04-21
B,1,2,2023-04-14,2023-04-28,0.0,0.07983046153490564,0.0,1.0496943286520946,2023-04-28
B,1,2,2023-04-21,2023-05-05,0.0,0.0653097257911307,0.0,1.0351735929083197,2023-05-05
B,1,2,2023-04-28,2023-05-12,0.0,0.05606081033332262,0.0,1.0259246774505115,2023-05-12
B,1,2,2023-05-05,2023-05-19,0.0,0.11615296300130903,0.0,1.0860168301184978,2023-05-19
B,1,2,2023-05-12,2023-05-26,0.0,0.2696381827321036,0.0,1.2395020498492926,2023-05-26
B,1,2,2023-05-19,2023-06-02,0.0,0.14655544678247168,0.0,1.1164193138996605,2023-06-02
B,1,2,2023-05-26,2023-06-09,0.0,0.6890388961254627,0.0,1.6589027632426516,2023-06-09
B,1,2,2023-06-02,2023-06-16,0.0,0.36779112174165735,0.0,1.3376549888588463,2023-06-16
B,1,2,2023-06-09,2023-06-23,1.0,1.6885532768473739,0.618078688905819,2.658417143964563,2023-06-23
B,1,2,2023-06-16,2023-06-30,1.0,0.2360430475890445,0.0,1.2059069147062333,2023-06-30
B,1,2,2023-06-23,2023-07-07,0.0,0.41128140659773926,0.0,1.3811452737149281,2023-07-07
B,1,2,2023-06-30,2023-07-14,0.0,0.7332960946535905,0.0,1.7031599617707793,2023-07-14
B,1,2,2023-07-07,2023-07-21,0.0,0.8175420881037939,0.0,1.787405955220983,2023-07-21
B,1,2,2023-07-14,2023-07-28,2.0,1.9168539549922798,0.8463793670507249,2.8867178221094685,2023-07-28
B,1,2,2023-07-21,2023-08-04,1.0,2.2253445646639745,1.1548699767224195,3.1952084317811633,2023-08-04
B,1,2,2023-07-28,2023-08-11,6.0,3.833109578416984,2.762634990475429,4.802973445534173,2023-08-11
B,1,2,2023-08-04,2023-08-18,2.0,1.8219113394022488,0.7514367514606939,2.7917752065194374,2023-08-18
B,1,2,2023-08-11,2023-08-25,1.0,1.2929160345809605,0.22244144663940557,2.262779901698149,2023-08-25
B,1,2,2023-08-18,2023-09-01,1.0,1.477716304206944,0.25237173954296965,2.447580171324133,2023-09-01
B,1,2,2023-08-25,2023-09-08,1.0,3.1435846061445667,1.9182400414805922,5.310475027727582,2023-09-08
B,1,2,2023-09-01,2023-09-15,2.0,2.7769222573154786,1.5515776926515041,4.943812678898494,2023-09-15
B,1,2,2023-09-08,2023-09-22,0.0,1.519301033363949,0.2939564686999745,3.686191454946965,2023-09-22
B,1,2,2023-09-15,2023-09-29,1.0,0.852961193772299,0.0,3.019851615355315,2023-09-29
B,1,2,2023-09-22,2023-10-06,2.0,0.6628785152845846,0.0,2.829768936867601,2023-10-06
B,1,2,2023-09-29,2023-10-13,2.0,1.2138618974973574,0.0,3.3807523190803734,2023-10-13
B,1,2,2023-10-06,2023-10-20,1.0,0.5125431030470958,0.0,2.6794335246301118,2023-10-20
B,1,2,2023-10-13,2023-10-27,0.0,0.2167840810113763,0.0,2.3836745025943924,2023-10-27
B,1,2,2023-10-20,2023-11-03,1.0,0.1768395302900335,0.0,2.3437299518730494,2023-11-03
B,1,2,2023-10-27,2023-11-10,1.0,0.208641537411865,0.0,2.375531958994881,2023-11-10
B,1,2,2023-11-03,2023-11-17,1.0,0.44026727654323683,0.0,2.6071576981262528,2023-11-17
B,1,2,2023-11-10,2023-11-24,0.0,0.184971955527172,0.0,2.351862377110188,2023-11-24
B,1,2,2023-11-17,2023-12-01,0.0,0.1870462949206335,0.0,2.3539367165036493,2023-12-01
B,1,2,2023-11-24,2023-12-08,0.0,0.14143438489559482,0.0,2.308324806478611,2023-12-08
B,1,2,2023-12-01,2023-12-15,0.0,0.14157870099710987,0.0,2.3084691225801257,2023-12-15
B,1,2,2023-12-08,2023-12-22,0.0,0.06884738871047386,0.0,2.23573781029349,2023-12-22
B,1,2,2023-12-15,2023-12-29,0.0,0.08172778031130123,0.0,2.2486182018943173,2023-12-29
B,1,2,2023-12-22,2024-01-05,0.0,0.05299896275905282,0.0,2.219889384342069,2024-01-05
B,1,2,2023-12-29,2024-01-12,0.0,0.038251213056093226,0.0,2.205141634639109,2024-01-12
B,1,2,2024-01-05,2024-01-19,0.0,0.03358953897327487,0.0,2.200479960556291,2024-01-19
B,1,2,2024-01-12,2024-01-26,1.0,0.07554968293638588,0.0,2.242440104519402,2024-01-26
B,1,2,2024-01-19,2024-02-02,0.0,0.04084026661260003,0.0,2.2077306881956162,2024-02-02
B,1,2,2024-01-26,2024-02-09,0.0,0.11655222952940311,0.0,2.283442651112419,2024-02-09
B,1,2,2024-02-02,2024-02-16,0.0,0.07432977215974941,0.0,2.2412201937427656,2024-02-16
B,1,2,2024-02-09,2024-02-23,0.0,0.10449602846624116,0.0,2.271386450049257,2024-02-23
B,1,2,2024-02-16,2024-03-01,0.0,0.037593742194771504,0.0,2.2044841637777877,2024-03-01
B,1,2,2024-02-23,2024-03-08,0.0,0.12088185236966373,0.0,2.2877722739526796,2024-03-08
B,1,2,2024-03-01,2024-03-15,0.0,0.04624875665133452,0.0,2.2131391782343504,2024-03-15
B,1,2,2024-03-08,2024-03-22,0.0,0.04577482917180285,0.0,2.212665250754819,2024-03-22
B,1,2,2024-03-15,2024-03-29,0.0,0.03333491797251351,0.0,2.2002253395555296,2024-03-29
B,1,2,2024-03-22,2024-04-05,0.0,0.05788290662506897,0.0,2.224773328208085,2024-04-05
B,1,2,2024-03-29,2024-04-12,0.0,0.052273257119891586,0.0,2.2191636787029076,2024-04-12
B,1,2,2024-04-05,2024-04-19,0.0,0.03665850274672391,0.0,2.20354892432974,2024-04-19
B,1,2,2024-04-12,2024-04-26,0.0,0.031616300998805504,0.0,2.1985067225818216,2024-04-26
B,1,2,2024-04-19,2024-05-03,0.0,0.07764751339753706,0.0,2.244537934980553,2024-05-03
B,1,2,2024-04-26,2024-05-10,0.0,0.09368983769505856,0.0,2.2605802592780746,2024-05-10
B,1,2,2024-05-03,2024-05-17,0.0,0.10206885025691197,0.0,2.268959271839928,2024-05-17
B,1,2,2024-05-10,2024-05-24,1.0,0.10060549387425426,0.0,2.2674959154572703,2024-05-24
B,1,2,2024-05-17,2024-05-31,0.0,0.12981738085178585,0.0,2.2967078024348018,2024-05-31
B,1,2,2024-05-24,2024-06-07,0.0,0.9353650326208691,0.0,3.102255454203885,2024-06-07
B,1,2,2024-05-31,2024-06-14,0.0,0.5171349820576177,0.0,2.684025403640634,2024-06-14
B,1,2,2024-06-07,2024-06-21,0.0,0.4057816592571458,0.0,2.572672080840162,2024-06-21
B,1,2,2024-06-14,2024-06-28,0.0,0.12730022697004176,0.0,2.294190648553058,2024-06-28
B,1,2,2024-06-21,2024-07-05,1.0,0.601092309971469,0.0,2.767982731554485,2024-07-05
B,1,2,2024-06-28,2024-07-12,0.0,0.2635671717121499,0.0,2.430457593295166,2024-07-12
B,1,2,2024-07-05,2024-07-19,0.0,0.508815964613403,0.0,2.6757063861964188,2024-07-19
B,1,2,2024-07-12,2024-07-26,8.0,0.403335213930285,0.0,2.570225635513301,2024-07-26
B,1,2,2024-07-19,2024-08-02,7.0,2.805461279862262,0.6618766737176953,4.9723517014452785,2024-08-02
B,1,2,2024-07-26,2024-08-09,6.0,1.7103379880707619,0.0,3.877228409653778,2024-08-09
B,1,2,2024-08-02,2024-08-16,2.0,1.9786050592694004,0.0,4.145495480852416,2024-08-16
B,1,2,2024-08-09,2024-08-23,2.0,2.8319168148295653,0.6883322086849986,10.42858160089928,2024-08-23
B,1,2,2024-08-16,2024-08-30,1.0,1.3891297183788316,0.0,8.985794504448545,2024-08-30
B,1,2,2024-08-23,2024-09-06,0.0,2.0212872305666094,0.0,9.617952016636323,2024-09-06
B,1,2,2024-08-30,2024-09-13,2.0,2.7072196659005034,0.5636350597559368,10.303884451970218,2024-09-13
B,1,2,2024-09-06,2024-09-20,1.0,1.3909950506746582,0.0,8.987659836744372,2024-09-20
B,1,2,2024-09-13,2024-09-27,1.0,2.073362607254887,0.0,9.670027393324602,2024-09-27
B,1,2,2024-09-20,2024-10-04,0.0,0.9090307178640733,0.0,8.505695503933788,2024-10-04
B,1,2,2024-09-27,2024-10-11,1.0,1.3804120530561184,0.0,8.977076839125832,2024-10-11
B,1,2,2024-10-04,2024-10-18,0.0,0.6205028742433192,0.0,8.217167660313034,2024-10-18
B,1,2,2024-10-11,2024-10-25,1.0,0.33146664116205093,0.0,7.928131427231766,2024-10-25
B,1,2,2024-10-18,2024-11-01,0.0,0.7457092254445871,0.0,8.342374011514302,2024-11-01
B,1,2,2024-10-25,2024-11-08,0.0,2.816742638479277,0.6731580323347104,10.413407424548993,2024-11-08
B,1,2,2024-11-01,2024-11-15,0.0,0.34336633764701363,0.0,7.940031123716729,2024-11-15
B,1,2,2024-11-08,2024-11-22,0.0,0.8525997364375496,0.0,8.449264522507264,2024-11-22
B,1,2,2024-11-15,2024-11-29,0.0,0.056955659256924696,0.0,7.65362044532664,2024-11-29
B,1,2,2024-11-22,2024-12-06,0.0,0.13614516051097297,0.0,7.732809946580688,2024-12-06
B,1,2,2024-11-29,2024-12-13,0.0,0.22062094128000076,0.0,7.817285727349716,2024-12-13
B,1,2,2024-12-06,2024-12-20,0.0,0.18146488237499084,0.0,7.778129668444706,2024-12-20
B,1,2,2024-12-13,2024-12-27,0.0,0.10640328763259688,0.0,7.703068073702312,2024-12-27
B,1,2,2024-12-20,2025-01-03,0.0,0.3831229559339405,0.0,7.979787742003655,2025-01-03
B,1,2,2024-12-27,2025-01-10,0.0,0.11505138479348272,0.0,7.711716170863197,2025-01-10
B,1,2,2025-01-03,2025-01-17,1.0,0.04419766281227132,0.0,7.640862448881986,2025-01-17
B,1,2,2025-01-10,2025-01-24,0.0,0.11017344404036643,0.0,7.7068382301100815,2025-01-24
B,1,2,2025-01-17,2025-01-31,0.0,0.10265598065711179,0.0,7.699320766726826,2025-01-31
B,1,2,2025-01-24,2025-02-07,0.0,0.11091800818287322,0.0,7.707582794252588,2025-02-07
B,1,2,2025-01-31,2025-02-14,0.0,0.08086456848783419,0.0,7.677529354557549,2025-02-14
B,1,2,2025-02-07,2025-02-21,0.0,0.11095259343868817,0.0,7.707617379508403,2025-02-21
B,1,2,2025-02-14,2025-02-28,0.0,0.052083644455705146,0.0,7.64874843052542,2025-02-28
B,1,2,2025-02-21,2025-03-07,0.0,0.10547995998263304,0.0,7.702144746052348,2025-03-07
B,1,2,2025-02-28,2025-03-14,0.0,0.04501575609595164,0.0,7.641680542165666,2025-03-14
B,1,2,2025-03-07,2025-03-21,0.0,0.05223973055036621,0.0,7.648904516620081,2025-03-21
B,1,2,2025-03-14,2025-03-28,0.0,0.04057820913301741,0.0,7.637242995202732,2025-03-28
B,1,2,2025-03-21,2025-04-04,0.0,0.032195836317662256,0.0,7.628860622387377,2025-04-04
B,1,2,2025-03-28,2025-04-11,0.0,0.026694785779724183,0.0,7.623359571849439,2025-04-11
B,1,2,2025-04-04,2025-04-18,0.0,0.029257237383865365,0.0,7.6259220234535805,2025-04-18
B,1,2,2025-04-11,2025-04-25,0.0,0.03272759055557168,0.0,7.629392376625287,2025-04-25
B,1,2,2025-04-18,2025-05-02,1.0,0.06577043907396436,0.0,7.662435225143679,2025-05-02
B,1,2,2025-04-25,2025-05-09,0.0,0.059748241575453526,0.0,7.6564130276451685,2025-05-09
B,1,2,2025-05-02,2025-05-16,0.0,0.23316618300630254,0.0,7.829830969076017,2025-05-16
B,1,2,2025-05-09,2025-05-23,0.0,0.30825655988957007,0.0,7.904921345959285,2025-05-23
B,1,2,2025-05-16,2025-05-30,0.0,0.21146050768827673,0.0,7.808125293757992,2025-05-30
B,1,2,2025-05-23,2025-06-06,0.0,0.1389534091719274,0.0,7.735618195241642,2025-06-06
B,1,2,2025-05-30,2025-06-13,2.0,0.8670808490293179,0.0,8.463745635099032,2025-06-13
B,1,2,2025-06-06,2025-06-20,0.0,0.7199713993269137,0.0,8.316636185396629,2025-06-20
B,1,2,2025-06-13,2025-06-27,0.0,0.36979368118271577,0.0,7.966458467252431,2025-06-27
B,1,2,2025-06-20,2025-07-04,4.0,0.4398454466851008,0.0,8.036510232754816,2025-07-04
B,1,2,2025-06-27,2025-07-11,0.0,0.8175974304252487,0.0,8.414262216494963,2025-07-11
B,1,2,2025-07-04,2025-07-18,3.0,2.2792154778247857,0.0,9.875880263894501,2025-07-18
B,1,2,2025-07-11,2025-07-25,4.0,1.836070560257258,0.0,9.432735346326973,2025-07-25
B,1,2,2025-07-18,2025-08-01,9.0,18.492372414934007,15.67562977645473,26.08903720100372,2025-08-01
B,1,2,2025-07-25,2025-08-08,4.0,5.119484235606905,2.3027415971276275,12.71614902167662,2025-08-08
B,1,2,2025-08-01,2025-08-15,0.0,3.1259338921392748,0.30919125365999767,10.722598678208989,2025-08-15
B,1,2,2025-08-08,2025-08-22,1.0,1.6326305510810273,0.0,9.229295337150742,2025-08-22
B,1,2,2025-08-15,2025-08-29,0.0,1.0739862091555055,0.0,8.67065099522522,2025-08-29
B,1,2,2025-08-22,2025-09-05,0.0,1.7533724280257938,0.0,9.350037214095508,2025-09-05
C,2,2,2023-02-17,2023-03-03,0.0,0.19252481030285354,0.0,1.9198409635087952,2023-03-03
C,2,2,2023-02-24,2023-03-10,0.0,0.19546162787730978,0.0,1.9227777810832514,2023-03-10
C,2,2,2023-03-03,2023-03-17,0.0,0.13064927750025968,0.0,1.8579654307062012,2023-03-17
C,2,2,2023-03-10,2023-03-24,0.0,0.13494321662368228,0.0,1.862259369829624,2023-03-24
C,2,2,2023-03-17,2023-03-31,0.0,0.1439674778826663,0.0,1.8712836310886078,2023-03-31
C,2,2,2023-03-24,2023-04-07,0.0,0.11654142609865291,0.0,1.8438575793045944,2023-04-07
C,2,2,2023-03-31,2023-04-14,0.0,0.14091192186120274,0.0,1.8682280750671443,2023-04-14
C,2,2,2023-04-07,2023-04-21,0.0,0.17691989794103952,0.0,1.9042360511469811,2023-04-21
C,2,2,2023-04-14,2023-04-28,0.0,0.22945734060417478,0.0,1.9567734938101164,2023-04-28
C,2,2,2023-04-21,2023-05-05,0.0,0.1939268566514767,0.0,1.9212430098574182,2023-05-05
C,2,2,2023-04-28,2023-05-12,0.0,0.19919020624449557,0.0,1.9265063594504372,2023-05-12
C,2,2,2023-05-05,2023-05-19,0.0,0.2678743433842611,0.0,1.9951904965902028,2023-05-19
C,2,2,2023-05-12,2023-05-26,0.0,0.3327521245608922,0.0,2.0600682777668338,2023-05-26
C,2,2,2023-05-19,2023-06-02,1.0,0.33465121765521366,0.0,2.0619673708611552,2023-06-02
C,2,2,2023-05-26,2023-06-09,1.0,0.8705516300385555,0.0,2.597867783244497,2023-06-09
C,2,2,2023-06-02,2023-06-16,0.0,0.7265922141251885,0.0,2.45390836733113,2023-06-16
C,2,2,2023-06-09,2023-06-23,2.0,3.820913325045691,1.5992105354632007,5.548229478251632,2023-06-23
C,2,2,2023-06-16,2023-06-30,0.0,0.930466984879965,0.0,2.6577831380859065,2023-06-30
C,2,2,2023-06-23,2023-07-07,0.0,0.6836337822639581,0.0,2.4109499354698998,2023-07-07
C,2,2,2023-06-30,2023-07-14,0.0,0.8973540497471136,0.0,2.6246702029530553,2023-07-14
C,2,2,2023-07-07,2023-07-21,1.0,0.9313843564602459,0.0,2.6587005096661875,2023-07-21
C,2,2,2023-07-14,2023-07-28,2.0,2.18839958967041,0.0,3.915715742876351,2023-07-28
C,2,2,2023-07-21,2023-08-04,4.0,3.8776932226120175,1.6559904330295274,5.605009375817959,2023-08-04
C,2,2,2023-07-28,2023-08-11,11.0,5.487257729999095,3.2655549404166044,7.214573883205036,2023-08-11
C,2,2,2023-08-04,2023-08-18,2.0,2.4705575727899465,0.24885478320745635,4.197873725995888,2023-08-18
C,2,2,2023-08-11,2023-08-25,0.0,2.466605753599531,0.24490296401704104,4.193921906805473,2023-08-25
C,2,2,2023-08-18,2023-09-01,1.0,2.5759000677592603,0.35419727817677016,4.034475293701888,2023-09-01
C,2,2,2023-08-25,2023-09-08,3.0,3.7163785336870467,1.4946757441045566,9.229120803687952,2023-09-08
C,2,2,2023-09-01,2023-09-15,7.0,5.000198652430091,2.7784958628476013,10.512940922430996,2023-09-15
C,2,2,2023-09-08,2023-09-22,4.0,1.6581005278165726,0.0,7.170842797817478,2023-09-22
C,2,2,2023-09-15,2023-09-29,2.0,1.5007566009346724,0.0,7.013498870935578,2023-09-29
C,2,2,2023-09-22,2023-10-06,0.0,1.7998356871833492,0.0,7.312577957184255,2023-10-06
C,2,2,2023-09-29,2023-10-13,0.0,3.2006493518546626,0.7340435982551314,8.713391621855568,2023-10-13
C,2,2,2023-10-06,2023-10-20,1.0,0.9402000105208093,0.0,6.4529422805217145,2023-10-20
C,2,2,2023-10-13,2023-10-27,1.0,0.501688510016367,0.0,6.014430780017273,2023-10-27
C,2,2,2023-10-20,2023-11-03,1.0,0.5450970198183843,0.0,6.05783928981929,2023-11-03
C,2,2,2023-10-27,2023-11-10,2.0,0.35080755205339126,0.0,5.8635498220542965,2023-11-10
C,2,2,2023-11-03,2023-11-17,0.0,0.7001266848945374,0.0,6.212868954895443,2023-11-17
C,2,2,2023-11-10,2023-11-24,0.0,0.35950102487285074,0.0,5.872243294873757,2023-11-24
C,2,2,2023-11-17,2023-12-01,0.0,0.2588022606317446,0.0,5.77154453063265,2023-12-01
C,2,2,2023-11-24,2023-12-08,1.0,0.29143978941859755,0.0,5.804182059419503,2023-12-08
C,2,2,2023-12-01,2023-12-15,0.0,0.23959715386383165,0.0,5.752339423864737,2023-12-15
C,2,2,2023-12-08,2023-12-22,1.0,0.21394613825754197,0.0,5.726688408258448,2023-12-22
C,2,2,2023-12-15,2023-12-29,2.0,0.21486845535936522,0.0,5.727610725360271,2023-12-29
C,2,2,2023-12-22,2024-01-05,0.0,0.19725362684062012,0.0,5.709995896841526,2024-01-05
C,2,2,2023-12-29,2024-01-12,1.0,0.418223552907923,0.0,5.930965822908829,2024-01-12
C,2,2,2024-01-05,2024-01-19,0.0,0.4827279629766003,0.0,5.995470232977506,2024-01-19
C,2,2,2024-01-12,2024-01-26,0.0,0.32623922935454547,0.0,5.838981499355451,2024-01-26
C,2,2,2024-01-19,2024-02-02,0.0,0.3028907340708983,0.0,5.815633004071803,2024-02-02
C,2,2,2024-01-26,2024-02-09,0.0,0.23472709695736718,0.0,5.747469366958272,2024-02-09
C,2,2,2024-02-02,2024-02-16,0.0,0.15280762415454202,0.0,5.665549894155448,2024-02-16
C,2,2,2024-02-09,2024-02-23,0.0,0.21191790410154293,0.0,5.724660174102448,2024-02-23
C,2,2,2024-02-16,2024-03-01,0.0,0.16164033517350798,0.0,5.674382605174413,2024-03-01
C,2,2,2024-02-23,2024-03-08,0.0,0.1515646314312301,0.0,5.664306901432136,2024-03-08
C,2,2,2024-03-01,2024-03-15,0.0,0.16283488483721376,0.0,5.675577154838119,2024-03-15
C,2,2,2024-03-08,2024-03-22,0.0,0.2108230215820496,0.0,5.723565291582955,2024-03-22
C,2,2,2024-03-15,2024-03-29,0.0,0.1450398891330304,0.0,5.6577821591339355,2024-03-29
C,2,2,2024-03-22,2024-04-05,0.0,0.14657425921853315,0.0,5.6593165292194385,2024-04-05
C,2,2,2024-03-29,2024-04-12,1.0,0.16620898524934033,0.0,5.6789512552502455,2024-04-12
C,2,2,2024-04-05,2024-04-19,0.0,0.16380352686608685,0.0,5.676545796866992,2024-04-19
C,2,2,2024-04-12,2024-04-26,0.0,0.2562465987310485,0.0,5.768988868731954,2024-04-26
C,2,2,2024-04-19,2024-05-03,1.0,0.9635084192903912,0.0,6.476250689291296,2024-05-03
C,2,2,2024-04-26,2024-05-10,0.0,0.3409946212759588,0.0,5.853736891276864,2024-05-10
C,2,2,2024-05-03,2024-05-17,0.0,0.17993882311355097,0.0,5.692681093114456,2024-05-17
C,2,2,2024-05-10,2024-05-24,0.0,0.8441217062179361,0.0,6.3568639762188415,2024-05-24
C,2,2,2024-05-17,2024-05-31,0.0,0.4650306959723505,0.0,5.977772965973256,2024-05-31
C,2,2,2024-05-24,2024-06-07,2.0,0.6143868179628652,0.0,6.1271290879637705,2024-06-07
C,2,2,2024-05-31,2024-06-14,2.0,0.602194419645168,0.0,6.114936689646074,2024-06-14
C,2,2,2024-06-07,2024-06-21,0.0,0.45128027446643204,0.0,5.964022544467338,2024-06-21
C,2,2,2024-06-14,2024-06-28,0.0,0.7794846735104114,0.0,6.2922269435113165,2024-06-28
C,2,2,2024-06-21,2024-07-05,0.0,1.3783309713895753,0.0,6.8910732413904805,2024-07-05
C,2,2,2024-06-28,2024-07-12,1.0,0.49619851076645677,0.0,6.008940780767362,2024-07-12
C,2,2,2024-07-05,2024-07-19,0.0,0.6504233114206595,0.0,6.1631655814215645,2024-07-19
C,2,2,2024-07-12,2024-07-26,3.0,1.0145881235177368,0.0,6.527330393518643,2024-07-26
C,2,2,2024-07-19,2024-08-02,6.0,3.606790438241509,0.40614108638684643,9.119532708242414,2024-08-02
C,2,2,2024-07-26,2024-08-09,9.0,1.6497328431990428,0.0,7.162475113199948,2024-08-09
C,2,2,2024-08-02,2024-08-16,0.0,2.459450672006544,0.0,7.9721929420074495,2024-08-16
C,2,2,2024-08-09,2024-08-23,2.0,3.9204988344395106,0.719849482584848,9.433241104440416,2024-08-23
C,2,2,2024-08-16,2024-08-30,0.0,1.2928409545271717,0.0,6.805583224528077,2024-08-30
C,2,2,2024-08-23,2024-09-06,0.0,2.6888235434557055,0.0,10.039090700256661,2024-09-06
C,2,2,2024-08-30,2024-09-13,5.0,3.91490685003346,0.7142574981787972,11.265174006834417,2024-09-13
C,2,2,2024-09-06,2024-09-20,6.0,1.3325039126389817,0.0,8.682771069439939,2024-09-20
C,2,2,2024-09-13,2024-09-27,0.0,2.933719385102102,0.0,10.283986541903058,2024-09-27
C,2,2,2024-09-20,2024-10-04,2.0,1.7368294728730624,0.0,9.087096629674019,2024-10-04
C,2,2,2024-09-27,2024-10-11,2.0,1.5591221310789067,0.0,8.909389287879863,2024-10-11
C,2,2,2024-10-04,2024-10-18,0.0,0.7313566217009303,0.0,8.081623778501887,2024-10-18
C,2,2,2024-10-11,2024-10-25,2.0,0.6378892978541214,0.0,7.988156454655078,2024-10-25
C,2,2,2024-10-18,2024-11-01,1.0,0.732230672141084,0.0,8.08249782894204,2024-11-01
C,2,2,2024-10-25,2024-11-08,4.0,3.7904967705492183,0.5898474186945557,11.140763927350175,2024-11-08
C,2,2,2024-11-01,2024-11-15,1.0,0.6455962766583554,0.0,7.995863433459312,2024-11-15
C,2,2,2024-11-08,2024-11-22,0.0,2.0436461803899952,0.0,9.393913337190952,2024-11-22
C,2,2,2024-11-15,2024-11-29,0.0,1.3439762430406303,0.0,8.694243399841588,2024-11-29
C,2,2,2024-11-22,2024-12-06,0.0,0.510526883156299,0.0,7.860794039957256,2024-12-06
C,2,2,2024-11-29,2024-12-13,0.0,0.5757711637132736,0.0,7.92603832051423,2024-12-13
C,2,2,2024-12-06,2024-12-20,0.0,0.7276340496081554,0.0,8.077901206409113,2024-12-20
C,2,2,2024-12-13,2024-12-27,1.0,0.27433341356693386,0.0,7.624600570367891,2024-12-27
C,2,2,2024-12-20,2025-01-03,0.0,0.4110179572229055,0.0,7.761285114023862,2025-01-03
C,2,2,2024-12-27,2025-01-10,0.0,0.3119855299888698,0.0,7.662252686789826,2025-01-10
C,2,2,2025-01-03,2025-01-17,1.0,0.24271686450284044,0.0,7.592984021303797,2025-01-17
C,2,2,2025-01-10,2025-01-24,0.0,0.2746808686494653,0.0,7.624948025450422,2025-01-24
C,2,2,2025-01-17,2025-01-31,0.0,0.2549015062480186,0.0,7.605168663048976,2025-01-31
C,2,2,2025-01-24,2025-02-07,0.0,0.28692720417444334,0.0,7.6371943609754,2025-02-07
C,2,2,2025-01-31,2025-02-14,0.0,0.23932821701674095,0.0,7.589595373817698,2025-02-14
C,2,2,2025-02-07,2025-02-21,0.0,0.31471559802164345,0.0,7.6649827548226,2025-02-21
C,2,2,2025-02-14,2025-02-28,0.0,0.14670480053173413,0.0,7.496971957332691,2025-02-28
C,2,2,2025-02-21,2025-03-07,0.0,0.2020799314746006,0.0,7.552347088275558,2025-03-07
C,2,2,2025-02-28,2025-03-14,0.0,0.139164871940025,0.0,7.489432028740982,2025-03-14
C,2,2,2025-03-07,2025-03-21,1.0,0.2944387461028516,0.0,7.644705902903809,2025-03-21
C,2,2,2025-03-14,2025-03-28,0.0,0.17583493842229886,0.0,7.526102095223256,2025-03-28
C,2,2,2025-03-21,2025-04-04,1.0,0.29057150052384595,0.0,7.640838657324803,2025-04-04
C,2,2,2025-03-28,2025-04-11,0.0,0.2200968688354814,0.0,7.570364025636438,2025-04-11
C,2,2,2025-04-04,2025-04-18,0.0,0.3713243482302274,0.0,7.721591505031184,2025-04-18
C,2,2,2025-04-11,2025-04-25,1.0,0.3799429902295895,0.0,7.730210147030546,2025-04-25
C,2,2,2025-04-18,2025-05-02,1.0,0.30709636506746985,0.0,7.657363521868427,2025-05-02
C,2,2,2025-04-25,2025-05-09,0.0,0.20465176268380472,0.0,7.554918919484762,2025-05-09
C,2,2,2025-05-02,2025-05-16,3.0,0.7603555689789059,0.0,8.110622725779862,2025-05-16
C,2,2,2025-05-09,2025-05-23,0.0,0.8643706648442615,0.0,8.21463782164522,2025-05-23
C,2,2,2025-05-16,2025-05-30,0.0,0.4450675456366447,0.0,7.795334702437602,2025-05-30
C,2,2,2025-05-23,2025-06-06,0.0,0.4559390449384428,0.0,7.8062062017394,2025-06-06
C,2,2,2025-05-30,2025-06-13,1.0,1.5078937602463742,0.0,8.85816091704733,2025-06-13
C,2,2,2025-06-06,2025-06-20,3.0,1.3763627314746985,0.0,8.726629888275655,2025-06-20
C,2,2,2025-06-13,2025-06-27,2.0,1.3230828858997519,0.0,8.673350042700708,2025-06-27
C,2,2,2025-06-20,2025-07-04,2.0,0.9589750787418191,0.0,8.309242235542776,2025-07-04
C,2,2,2025-06-27,2025-07-11,3.0,3.4165471792880417,0.4828277941859396,10.766814336088999,2025-07-11
C,2,2,2025-07-04,2025-07-18,3.0,3.220635898523154,0.2869165134210516,10.570903055324111,2025-07-18
C,2,2,2025-07-11,2025-07-25,8.0,3.033342100980858,0.09962271587875593,10.383609257781815,2025-07-25
C,2,2,2025-07-18,2025-08-01,26.0,12.508088254334215,9.574368869232114,19.85835541113517,2025-08-01
C,2,2,2025-07-25,2025-08-08,16.0,4.34142033275369,1.4077009476515876,11.691687489554646,2025-08-08
C,2,2,2025-08-01,2025-08-15,0.0,3.686455491137424,0.7527361060353219,11.036722647938381,2025-08-15
C,2,2,2025-08-08,2025-08-22,3.0,2.9779549552528812,0.04423557015077906,10.328222112053838,2025-08-22
C,2,2,2025-08-15,2025-08-29,1.0,1.2556355286440917,0.0,14.747547274309877,2025-08-29
C,2,2,2025-08-22,2025-09-05,0.0,3.2664854019023797,0.3327660168002775,16.758397147568164,2025-09-05
D,3,2,2023-02-17,2023-03-03,0.0,0.034929606787536115,0.0,0.605266798828447,2023-03-03
D,3,2,2023-02-24,2023-03-10,0.0,0.056809252918643985,0.0,0.627146444959555,2023-03-10
D,3,2,2023-03-03,2023-03-17,0.0,0.039738180137293765,0.0,0.6100753721782047,2023-03-17
D,3,2,2023-03-10,2023-03-24,0.0,0.04352806813437279,0.0,0.6138652601752838,2023-03-24
D,3,2,2023-03-17,2023-03-31,0.0,0.02887517543167508,0.0,0.599212367472586,2023-03-31
D,3,2,2023-03-24,2023-04-07,0.0,0.027970643324475387,0.0,0.5983078353653863,2023-04-07
D,3,2,2023-03-31,2023-04-14,0.0,0.028724399937278405,0.0,0.5990615919781893,2023-04-14
D,3,2,2023-04-07,2023-04-21,0.0,0.042688614181994114,0.0,0.613025806222905,2023-04-21
D,3,2,2023-04-14,2023-04-28,0.0,0.1412826037345959,0.0,0.7116197957755068,2023-04-28
D,3,2,2023-04-21,2023-05-05,0.0,0.08644461835231723,0.0,0.6567818103932281,2023-05-05
D,3,2,2023-04-28,2023-05-12,0.0,0.11047197478846499,0.0,0.6808091668293759,2023-05-12
D,3,2,2023-05-05,2023-05-19,1.0,0.15035542419251727,0.0,0.7206926162334282,2023-05-19
D,3,2,2023-05-12,2023-05-26,0.0,0.27780727837406766,0.0,0.8481444704149785,2023-05-26
D,3,2,2023-05-19,2023-06-02,0.0,0.3220577934762798,0.0,0.8923949855171907,2023-06-02
D,3,2,2023-05-26,2023-06-09,0.0,0.9897320101923472,0.0,1.560069202233258,2023-06-09
D,3,2,2023-06-02,2023-06-16,1.0,0.6407039875306699,0.0,1.4903485633381526,2023-06-16
D,3,2,2023-06-09,2023-06-23,0.0,2.329127982015411,1.0608343557142252,3.1787725578228936,2023-06-23
D,3,2,2023-06-16,2023-06-30,0.0,0.6684348866238342,0.0,1.518079462431317,2023-06-30
D,3,2,2023-06-23,2023-07-07,0.0,0.39169491751753027,0.0,1.241339493325013,2023-07-07
D,3,2,2023-06-30,2023-07-14,0.0,0.42123167412873846,0.0,1.2708762499362212,2023-07-14
D,3,2,2023-07-07,2023-07-21,0.0,0.1627186103933058,0.0,1.0123631862007885,2023-07-21
D,3,2,2023-07-14,2023-07-28,0.0,0.8035922430038261,0.0,1.653236818811309,2023-07-28
D,3,2,2023-07-21,2023-08-04,1.0,1.7664324770230049,0.0,2.6160770528304877,2023-08-04
D,3,2,2023-07-28,2023-08-11,1.0,2.837683185275523,0.5085552032601122,3.6873277610830058,2023-08-11
D,3,2,2023-08-04,2023-08-18,0.0,1.9501050099089814,0.0,2.799749585716464,2023-08-18
D,3,2,2023-08-11,2023-08-25,0.0,0.983753698265854,0.0,1.8333982740733368,2023-08-25
D,3,2,2023-08-18,2023-09-01,0.0,0.9940348819481205,0.0,1.8436794577556033,2023-09-01
D,3,2,2023-08-25,2023-09-08,0.0,1.5293186850994913,0.0,2.378963260906974,2023-09-08
D,3,2,2023-09-01,2023-09-15,1.0,2.5514034671488037,0.2222754851333928,3.4010480429562864,2023-09-15
D,3,2,2023-09-08,2023-09-22,0.0,0.4355642113194824,0.0,1.2852087871269653,2023-09-22
D,3,2,2023-09-15,2023-09-29,0.0,0.5107103727318684,0.0,1.3603549485393511,2023-09-29
D,3,2,2023-09-22,2023-10-06,0.0,0.38291669507729414,0.0,1.2325612708847768,2023-10-06
D,3,2,2023-09-29,2023-10-13,0.0,0.7421897048004527,0.0,1.5918342806079355,2023-10-13
D,3,2,2023-10-06,2023-10-20,0.0,0.12441294750172537,0.0,0.9740575233092081,2023-10-20
D,3,2,2023-10-13,2023-10-27,0.0,0.21455975236483105,0.0,1.064204328172314,2023-10-27
D,3,2,2023-10-20,2023-11-03,1.0,0.30840965458124237,0.0,1.1580542303887251,2023-11-03
D,3,2,2023-10-27,2023-11-10,0.0,0.07675570472810402,0.0,0.9264002805355868,2023-11-10
D,3,2,2023-11-03,2023-11-17,0.0,0.3144638285044589,0.0,1.1641084043119416,2023-11-17
D,3,2,2023-11-10,2023-11-24,0.0,0.15560239314079716,0.0,1.00524696894828,2023-11-24
D,3,2,2023-11-17,2023-12-01,0.0,0.0918282591329092,0.0,0.941472834940392,2023-12-01
D,3,2,2023-11-24,2023-12-08,0.0,0.08530634390516527,0.0,0.934950919712648,2023-12-08
D,3,2,2023-12-01,2023-12-15,0.0,0.13700095878115504,0.0,0.9866455345886378,2023-12-15
D,3,2,2023-12-08,2023-12-22,0.0,0.056013019797566496,0.0,0.9056575956050492,2023-12-22
D,3,2,2023-12-15,2023-12-29,0.0,0.06844409152703396,0.0,0.9180886673345168,2023-12-29
D,3,2,2023-12-22,2024-01-05,0.0,0.06544972119124268,0.0,0.9150942969987255,2024-01-05
D,3,2,2023-12-29,2024-01-12,0.0,0.06938457981051682,0.0,0.9190291556179996,2024-01-12
D,3,2,2024-01-05,2024-01-19,0.0,0.08706106975928349,0.0,0.9367056455667663,2024-01-19
D,3,2,2024-01-12,2024-01-26,0.0,0.049445336394639675,0.0,0.8990899122021224,2024-01-26
D,3,2,2024-01-19,2024-02-02,0.0,0.04761896650120961,0.0,0.8972635423086923,2024-02-02
D,3,2,2024-01-26,2024-02-09,0.0,0.029446207697983305,0.0,0.8790907835054661,2024-02-09
D,3,2,2024-02-02,2024-02-16,0.0,0.02749842541170931,0.0,0.8771430012191921,2024-02-16
D,3,2,2024-02-09,2024-02-23,0.0,0.027963096397021152,0.0,0.8776076722045039,2024-02-23
D,3,2,2024-02-16,2024-03-01,0.0,0.03776562464887689,0.0,0.8874102004563597,2024-03-01
D,3,2,2024-02-23,2024-03-08,0.0,0.03968467325018851,0.0,0.8893292490576713,2024-03-08
D,3,2,2024-03-01,2024-03-15,0.0,0.035138093899493246,0.0,0.884782669706976,2024-03-15
D,3,2,2024-03-08,2024-03-22,0.0,0.12408846049685085,0.0,0.9737330363043336,2024-03-22
D,3,2,2024-03-15,2024-03-29,0.0,0.04743083972320585,0.0,0.8970754155306886,2024-03-29
D,3,2,2024-03-22,2024-04-05,0.0,0.046529985328115135,0.0,0.8961745611355979,2024-04-05
D,3,2,2024-03-29,2024-04-12,0.0,0.045205088100440036,0.0,0.8948496639079228,2024-04-12
D,3,2,2024-04-05,2024-04-19,0.0,0.040331290890672784,0.0,0.8899758666981555,2024-04-19
D,3,2,2024-04-12,2024-04-26,0.0,0.040968885654644,0.0,0.8906134614621267,2024-04-26
D,3,2,2024-04-19,2024-05-03,0.0,0.4956587474187716,0.0,1.3453033232262543,2024-05-03
D,3,2,2024-04-26,2024-05-10,0.0,0.07916372467966151,0.0,0.9288083004871442,2024-05-10
D,3,2,2024-05-03,2024-05-17,0.0,0.10808925381361906,0.0,0.9577338296211018,2024-05-17
D,3,2,2024-05-10,2024-05-24,0.0,0.17058238530903927,0.0,1.020226961116522,2024-05-24
D,3,2,2024-05-17,2024-05-31,0.0,0.22178432871590267,0.0,1.0714289045233854,2024-05-31
D,3,2,2024-05-24,2024-06-07,1.0,0.655607175621069,0.0,1.5052517514285517,2024-06-07
D,3,2,2024-05-31,2024-06-14,0.0,0.2483246419612388,0.0,1.0979692177687215,2024-06-14
D,3,2,2024-06-07,2024-06-21,0.0,0.47327622588896,0.0,1.3229208016964429,2024-06-21
D,3,2,2024-06-14,2024-06-28,0.0,0.43385196986104685,0.0,1.2834965456685297,2024-06-28
D,3,2,2024-06-21,2024-07-05,0.0,0.5923647191889402,0.0,1.442009294996423,2024-07-05
D,3,2,2024-06-28,2024-07-12,0.0,0.18347198508650164,0.0,1.0331165608939843,2024-07-12
D,3,2,2024-07-05,2024-07-19,0.0,0.4296351386779202,0.0,1.279279714485403,2024-07-19
D,3,2,2024-07-12,2024-07-26,1.0,0.15843466190258693,0.0,0.8500250073213446,2024-07-26
D,3,2,2024-07-19,2024-08-02,0.0,2.397435617739309,0.06830763572389786,3.0890259631580665,2024-08-02
D,3,2,2024-07-26,2024-08-09,2.0,1.3168820156751757,0.0,2.0084723610939332,2024-08-09
D,3,2,2024-08-02,2024-08-16,1.0,0.7042235143869401,0.0,1.3958138598056977,2024-08-16
D,3,2,2024-08-09,2024-08-23,1.0,1.00572385086951,0.0,1.8472891889669232,2024-08-23
D,3,2,2024-08-16,2024-08-30,0.0,0.8211446091383967,0.0,1.6627099472358098,2024-08-30
D,3,2,2024-08-23,2024-09-06,0.0,1.629100632887125,0.0,2.470665970984538,2024-09-06
D,3,2,2024-08-30,2024-09-13,0.0,1.805094949165656,0.0,2.646660287263069,2024-09-13
D,3,2,2024-09-06,2024-09-20,2.0,0.8402369375455044,0.0,1.6818022756429176,2024-09-20
D,3,2,2024-09-13,2024-09-27,1.0,1.544200782000422,0.0,2.385766120097835,2024-09-27
D,3,2,2024-09-20,2024-10-04,2.0,0.5898076028638115,0.0,1.4313729409612246,2024-10-04
D,3,2,2024-09-27,2024-10-11,0.0,1.0098474756213953,0.0,1.8514128137188084,2024-10-11
D,3,2,2024-10-04,2024-10-18,0.0,0.471639393086661,0.0,1.6314024555411566,2024-10-18
D,3,2,2024-10-11,2024-10-25,0.0,0.37704923674196705,0.0,1.5368122991964628,2024-10-25
D,3,2,2024-10-18,2024-11-01,0.0,1.083034596929912,0.0,2.4932269940661005,2024-11-01
D,3,2,2024-10-25,2024-11-08,1.0,2.211031044726876,0.0,3.621223441863065,2024-11-08
D,3,2,2024-11-01,2024-11-15,0.0,0.9325079125586376,0.0,2.342700309694826,2024-11-15
D,3,2,2024-11-08,2024-11-22,0.0,0.6637166738546464,0.0,2.073909070990835,2024-11-22
D,3,2,2024-11-15,2024-11-29,0.0,0.41400616649323296,0.0,1.8241985636294213,2024-11-29
D,3,2,2024-11-22,2024-12-06,0.0,0.08235031578421437,0.0,1.492542712920403,2024-12-06
D,3,2,2024-11-29,2024-12-13,0.0,0.3341075245637833,0.0,1.7442999216999717,2024-12-13
D,3,2,2024-12-06,2024-12-20,0.0,0.4013556114168208,0.0,1.8115480085530093,2024-12-20
D,3,2,2024-12-13,2024-12-27,0.0,0.09678578958481608,0.0,1.5069781867210046,2024-12-27
D,3,2,2024-12-20,2025-01-03,0.0,0.30304431198648973,0.0,1.7132367091226781,2025-01-03
D,3,2,2024-12-27,2025-01-10,0.0,0.1545428343716071,0.0,1.5647352315077956,2025-01-10
D,3,2,2025-01-03,2025-01-17,0.0,0.02778776254187465,0.0,1.4379801596780633,2025-01-17
D,3,2,2025-01-10,2025-01-24,0.0,0.15237058050403,0.0,1.5625629776402186,2025-01-24
D,3,2,2025-01-17,2025-01-31,0.0,0.03658932808412242,0.0,1.446781725220311,2025-01-31
D,3,2,2025-01-24,2025-02-07,0.0,0.02800180506774749,0.0,1.438194202203936,2025-02-07
D,3,2,2025-01-31,2025-02-14,0.0,0.030512009055814998,0.0,1.4407044061920036,2025-02-14
D,3,2,2025-02-07,2025-02-21,0.0,0.07363793366413303,0.0,1.4838303308003216,2025-02-21
D,3,2,2025-02-14,2025-02-28,1.0,0.053582566626433924,0.0,1.4637749637626225,2025-02-28
D,3,2,2025-02-21,2025-03-07,0.0,0.05747154435239908,0.0,1.4676639414885875,2025-03-07
D,3,2,2025-02-28,2025-03-14,0.0,0.19770782283269955,0.0,1.607900219968888,2025-03-14
D,3,2,2025-03-07,2025-03-21,0.0,0.14866667444877923,0.0,1.5588590715849677,2025-03-21
D,3,2,2025-03-14,2025-03-28,0.0,0.10817651485608175,0.0,1.5183689119922703,2025-03-28
D,3,2,2025-03-21,2025-04-04,0.0,0.040987163716707936,0.0,1.4511795608528963,2025-04-04
D,3,2,2025-03-28,2025-04-11,0.0,0.17136261869295935,0.0,1.5815550158291478,2025-04-11
D,3,2,2025-04-04,2025-04-18,1.0,0.033975795253549435,0.0,1.4441681923897378,2025-04-18
D,3,2,2025-04-11,2025-04-25,0.0,0.058344804086352786,0.0,1.4685372012225413,2025-04-25
D,3,2,2025-04-18,2025-05-02,0.0,0.11704464150209604,0.0,1.5272370386382845,2025-05-02
D,3,2,2025-04-25,2025-05-09,0.0,0.15741501139510655,0.0,1.567607408531295,2025-05-09
D,3,2,2025-05-02,2025-05-16,0.0,0.27039302976887636,0.0,1.6805854269050648,2025-05-16
D,3,2,2025-05-09,2025-05-23,0.0,0.10313645876521324,0.0,1.5133288559014018,2025-05-23
D,3,2,2025-05-16,2025-05-30,0.0,0.3162495877690556,0.0,1.7264419849052441,2025-05-30
D,3,2,2025-05-23,2025-06-06,0.0,0.08123896907804243,0.0,1.491431366214231,2025-06-06
D,3,2,2025-05-30,2025-06-13,0.0,0.42204142242225323,0.0,1.8322338195584418,2025-06-13
D,3,2,2025-06-06,2025-06-20,0.0,0.7863971984885698,0.0,2.1965895956247583,2025-06-20
D,3,2,2025-06-13,2025-06-27,1.0,0.19966695221719236,0.0,1.6098593493533808,2025-06-27
D,3,2,2025-06-20,2025-07-04,0.0,0.5309828978481864,0.0,1.941175294984375,2025-07-04
D,3,2,2025-06-27,2025-07-11,2.0,0.846460774833512,0.0,2.2566531719697007,2025-07-11
D,3,2,2025-07-04,2025-07-18,2.0,1.299858834260957,0.0,2.7100512313971454,2025-07-18
D,3,2,2025-07-11,2025-07-25,0.0,1.7545213459639175,0.0,3.164713743100106,2025-07-25
D,3,2,2025-07-18,2025-08-01,6.0,14.496493096907093,12.099057479167785,15.906685494043282,2025-08-01
D,3,2,2025-07-25,2025-08-08,2.0,2.5320159507763784,0.13458033303706962,3.942208347912567,2025-08-08
D,3,2,2025-08-01,2025-08-15,0.0,1.0225372467308114,0.0,2.432729643867,2025-08-15
D,3,2,2025-08-08,2025-08-22,0.0,1.1128280993238615,0.0,2.5230204964600498,2025-08-22
D,3,2,2025-08-15,2025-08-29,0.0,1.0391320334531884,0.0,2.449324430589377,2025-08-29
D,3,2,2025-08-22,2025-09-05,0.0,1.1531394906853003,0.0,2.563331887821489,2025-09-05
E,4,2,2023-02-17,2023-03-03,0.0,0.11984667686752885,0.0,1.087354755501778,2023-03-03
E,4,2,2023-02-24,2023-03-10,0.0,0.08415672490982533,0.0,1.0516648035440745,2023-03-10
E,4,2,2023-03-03,2023-03-17,0.0,0.16050233029544517,0.0,1.1280104089296943,2023-03-17
E,4,2,2023-03-10,2023-03-24,0.0,0.03861687423257565,0.0,1.0061249528668248,2023-03-24
E,4,2,2023-03-17,2023-03-31,0.0,0.031241627669960245,0.0,0.9987497063042093,2023-03-31
E,4,2,2023-03-24,2023-04-07,0.0,0.025957956486170136,0.0,0.9934660351204193,2023-04-07
E,4,2,2023-03-31,2023-04-14,0.0,0.03637565348406701,0.0,1.003883732118316,2023-04-14
E,4,2,2023-04-07,2023-04-21,0.0,0.07036497949355902,0.0,1.0378730581278082,2023-04-21
E,4,2,2023-04-14,2023-04-28,0.0,0.2251980197993668,0.0,1.192706098433616,2023-04-28
E,4,2,2023-04-21,2023-05-05,0.0,0.6661152364000342,0.0,1.6336233150342834,2023-05-05
E,4,2,2023-04-28,2023-05-12,0.0,0.10300866908443762,0.0,1.0705167477186868,2023-05-12
E,4,2,2023-05-05,2023-05-19,0.0,0.23973273867282505,0.0,1.207240817307074,2023-05-19
E,4,2,2023-05-12,2023-05-26,0.0,0.3213625017766443,0.0,1.2888705804108935,2023-05-26
E,4,2,2023-05-19,2023-06-02,0.0,0.2181602964871727,0.0,1.1856683751214219,2023-06-02
E,4,2,2023-05-26,2023-06-09,0.0,0.5449702526597845,0.0,1.5124783312940338,2023-06-09
E,4,2,2023-06-02,2023-06-16,0.0,0.45406750363066006,0.0,1.4215755822649092,2023-06-16
E,4,2,2023-06-09,2023-06-23,0.0,2.109259561395603,0.7770322139170946,3.0767676400298525,2023-06-23
E,4,2,2023-06-16,2023-06-30,0.0,0.126776042191608,0.0,1.0942841208258571,2023-06-30
E,4,2,2023-06-23,2023-07-07,0.0,0.25380705318232516,0.0,1.2213151318165743,2023-07-07
E,4,2,2023-06-30,2023-07-14,0.0,0.33141857624561766,0.0,1.2989266548798668,2023-07-14
E,4,2,2023-07-07,2023-07-21,0.0,0.23405635590156593,0.0,1.2015644345358152,2023-07-21
E,4,2,2023-07-14,2023-07-28,1.0,0.6023825313077409,0.0,1.56989060994199,2023-07-28
E,4,2,2023-07-21,2023-08-04,0.0,2.1330005319921654,0.023740970596562327,3.100508610626415,2023-08-04
E,4,2,2023-07-28,2023-08-11,1.0,3.289317999147265,1.1800584377516619,4.256826077781514,2023-08-11
E,4,2,2023-08-04,2023-08-18,1.0,1.386335292777815,0.0,2.353843371412064,2023-08-18
E,4,2,2023-08-11,2023-08-25,2.0,1.4129047205736134,0.0,2.3804127992078623,2023-08-25
E,4,2,2023-08-18,2023-09-01,1.0,1.1503322380704177,0.0,2.117840316704667,2023-09-01
E,4,2,2023-08-25,2023-09-08,0.0,2.4066651686474545,0.11734716950018953,3.3741732472817034,2023-09-08
E,4,2,2023-09-01,2023-09-15,6.0,3.1305035024249928,0.8411855032777278,4.098011581059242,2023-09-15
E,4,2,2023-09-08,2023-09-22,0.0,0.6024974701554329,0.0,1.570005548789682,2023-09-22
E,4,2,2023-09-15,2023-09-29,0.0,0.7255109208222621,0.0,1.6930189994565112,2023-09-29
E,4,2,2023-09-22,2023-10-06,1.0,0.9771875238713603,0.0,1.9446956025056095,2023-10-06
E,4,2,2023-09-29,2023-10-13,0.0,1.5819878544020716,0.0,4.451484351977079,2023-10-13
E,4,2,2023-10-06,2023-10-20,0.0,0.42015289354430485,0.0,3.289649391119312,2023-10-20
E,4,2,2023-10-13,2023-10-27,0.0,0.3819058385744883,0.0,3.2514023361494955,2023-10-27
E,4,2,2023-10-20,2023-11-03,0.0,0.30499773160699606,0.0,3.1744942291820033,2023-11-03
E,4,2,2023-10-27,2023-11-10,0.0,0.12980267826038608,0.0,2.9992991758353935,2023-11-10
E,4,2,2023-11-03,2023-11-17,0.0,0.2884358162435127,0.0,3.15793231381852,2023-11-17
E,4,2,2023-11-10,2023-11-24,0.0,0.11897712248414553,0.0,2.988473620059153,2023-11-24
E,4,2,2023-11-17,2023-12-01,0.0,0.12621263801167884,0.0,2.995709135586686,2023-12-01
E,4,2,2023-11-24,2023-12-08,0.0,0.19858435906643548,0.0,3.068080856641443,2023-12-08
E,4,2,2023-12-01,2023-12-15,0.0,0.13173346799584942,0.0,3.0012299655708565,2023-12-15
E,4,2,2023-12-08,2023-12-22,0.0,0.10642305449925238,0.0,2.9759195520742594,2023-12-22
E,4,2,2023-12-15,2023-12-29,0.0,0.08724309009128783,0.0,2.956739587666295,2023-12-29
E,4,2,2023-12-22,2024-01-05,0.0,0.06661847176205551,0.0,2.936114969337063,2024-01-05
E,4,2,2023-12-29,2024-01-12,0.0,0.14613077699628746,0.0,3.015627274571295,2024-01-12
E,4,2,2024-01-05,2024-01-19,0.0,0.14961005665572216,0.0,3.0191065542307296,2024-01-19
E,4,2,2024-01-12,2024-01-26,0.0,0.2647796337096401,0.0,3.1342761312846474,2024-01-26
E,4,2,2024-01-19,2024-02-02,0.0,0.06732445578652593,0.0,2.9368209533615333,2024-02-02
E,4,2,2024-01-26,2024-02-09,0.0,0.028101901653504114,0.0,2.8975983992285115,2024-02-09
E,4,2,2024-02-02,2024-02-16,0.0,0.042048359229596446,0.0,2.911544856804604,2024-02-16
E,4,2,2024-02-09,2024-02-23,0.0,0.0849122203634398,0.0,2.954408717938447,2024-02-23
E,4,2,2024-02-16,2024-03-01,0.0,0.06667738910917347,0.0,2.936173886684181,2024-03-01
E,4,2,2024-02-23,2024-03-08,0.0,0.11498810260891631,0.0,2.9844846001839236,2024-03-08
E,4,2,2024-03-01,2024-03-15,0.0,0.06880849079588235,0.0,2.9383049883708896,2024-03-15
E,4,2,2024-03-08,2024-03-22,0.0,0.13449025850528532,0.0,3.0039867560802924,2024-03-22
E,4,2,2024-03-15,2024-03-29,0.0,0.06108759454140355,0.0,2.9305840921164106,2024-03-29
E,4,2,2024-03-22,2024-04-05,0.0,0.16198470774153392,0.0,3.031481205316541,2024-04-05
E,4,2,2024-03-29,2024-04-12,0.0,0.06403361417454133,0.0,2.9335301117495485,2024-04-12
E,4,2,2024-04-05,2024-04-19,0.0,0.05400857838669831,0.0,2.9235050759617054,2024-04-19
E,4,2,2024-04-12,2024-04-26,0.0,0.04528196325665008,0.0,2.9147784608316574,2024-04-26
E,4,2,2024-04-19,2024-05-03,0.0,0.6768464765626214,0.0,3.5463429741376284,2024-05-03
E,4,2,2024-04-26,2024-05-10,0.0,0.16085588787439387,0.0,3.030352385449401,2024-05-10
E,4,2,2024-05-03,2024-05-17,0.0,0.12790583844466374,0.0,2.997402336019671,2024-05-17
E,4,2,2024-05-10,2024-05-24,0.0,0.1604787154027236,0.0,3.029975212977731,2024-05-24
E,4,2,2024-05-17,2024-05-31,0.0,0.14436298921975688,0.0,3.013859486794764,2024-05-31
E,4,2,2024-05-24,2024-06-07,0.0,0.7883850812140966,0.0,3.657881578789104,2024-06-07
E,4,2,2024-05-31,2024-06-14,0.0,0.3421156962668287,0.0,3.211612193841836,2024-06-14
E,4,2,2024-06-07,2024-06-21,0.0,0.2768583544910523,0.0,3.1463548520660596,2024-06-21
E,4,2,2024-06-14,2024-06-28,0.0,0.2763365721160238,0.0,3.1458330696910313,2024-06-28
E,4,2,2024-06-21,2024-07-05,0.0,0.20677050428962596,0.0,3.0762670018646334,2024-07-05
E,4,2,2024-06-28,2024-07-12,0.0,0.28333204112637456,0.0,3.1528285387013817,2024-07-12
E,4,2,2024-07-05,2024-07-19,0.0,0.23479762895184264,0.0,3.1042941265268498,2024-07-19
E,4,2,2024-07-12,2024-07-26,0.0,0.24681007310502637,0.0,3.1163065706800337,2024-07-26
E,4,2,2024-07-19,2024-08-02,3.0,2.4899860748739706,0.08332090622651611,5.359482572448978,2024-08-02
E,4,2,2024-07-26,2024-08-09,3.0,1.3042466454801704,0.0,4.1737431430551775,2024-08-09
E,4,2,2024-08-02,2024-08-16,0.0,0.8381563550247134,0.0,3.7076528525997205,2024-08-16
E,4,2,2024-08-09,2024-08-23,0.0,1.5054088773150076,0.0,4.374905374890015,2024-08-23
E,4,2,2024-08-16,2024-08-30,0.0,0.9101315105357558,0.0,3.779628008110763,2024-08-30
E,4,2,2024-08-23,2024-09-06,0.0,1.0354599541044722,0.0,3.9049564516794795,2024-09-06
E,4,2,2024-08-30,2024-09-13,3.0,1.7849798101544183,0.0,4.654476307729426,2024-09-13
E,4,2,2024-09-06,2024-09-20,0.0,0.91574031351422,0.0,3.785236811089227,2024-09-20
E,4,2,2024-09-13,2024-09-27,1.0,1.6920546010512352,0.0,4.561551098626243,2024-09-27
E,4,2,2024-09-20,2024-10-04,1.0,0.5992084006890772,0.0,3.4687048982640842,2024-10-04
E,4,2,2024-09-27,2024-10-11,1.0,1.3990846563331476,0.0,4.268581153908155,2024-10-11
E,4,2,2024-10-04,2024-10-18,1.0,0.8764344754434714,0.0,3.7459309730184787,2024-10-18
E,4,2,2024-10-11,2024-10-25,1.0,0.7579962583831441,0.0,3.6274927559581513,2024-10-25
E,4,2,2024-10-18,2024-11-01,1.0,0.8875022173680845,0.0,3.7569987149430917,2024-11-01
E,4,2,2024-10-25,2024-11-08,0.0,2.8857262613280463,0.4790610926805918,5.755222758903054,2024-11-08
E,4,2,2024-11-01,2024-11-15,1.0,0.5491369035485754,0.0,3.4186334011235826,2024-11-15
E,4,2,2024-11-08,2024-11-22,0.0,1.5063348077129919,0.0,3.2020881622328217,2024-11-22
E,4,2,2024-11-15,2024-11-29,0.0,1.0079936605533575,0.0,2.703747015073187,2024-11-29
E,4,2,2024-11-22,2024-12-06,0.0,0.2854077469668367,0.0,1.9811611014866664,2024-12-06
E,4,2,2024-11-29,2024-12-13,0.0,0.43312426634652934,0.0,2.128877620866359,2024-12-13
E,4,2,2024-12-06,2024-12-20,0.0,0.36265947104295765,0.0,2.058412825562787,2024-12-20
E,4,2,2024-12-13,2024-12-27,0.0,0.2991914801145332,0.0,1.9949448346343628,2024-12-27
E,4,2,2024-12-20,2025-01-03,0.0,0.38732134872032076,0.0,2.0830747032401504,2025-01-03
E,4,2,2024-12-27,2025-01-10,0.0,0.28540279656167994,0.0,1.9811561510815094,2025-01-10
E,4,2,2025-01-03,2025-01-17,0.0,0.07410296066969083,0.0,1.7698563151895204,2025-01-17
E,4,2,2025-01-10,2025-01-24,1.0,0.10194842944298006,0.0,1.7977017839628096,2025-01-24
E,4,2,2025-01-17,2025-01-31,0.0,0.05116642918979456,0.0,1.7469197837096242,2025-01-31
E,4,2,2025-01-24,2025-02-07,0.0,0.09321502846046652,0.0,1.788968382980296,2025-02-07
E,4,2,2025-01-31,2025-02-14,0.0,0.11600428498834668,0.0,1.8117576395081763,2025-02-14
E,4,2,2025-02-07,2025-02-21,1.0,0.2916507853759052,0.0,1.9874041398957347,2025-02-21
E,4,2,2025-02-14,2025-02-28,0.0,0.04213074345991065,0.0,1.7378840979797403,2025-02-28
E,4,2,2025-02-21,2025-03-07,0.0,0.7291727076579104,0.0,2.42492606217774,2025-03-07
E,4,2,2025-02-28,2025-03-14,0.0,0.13157662652641322,0.0,1.8273299810462427,2025-03-14
E,4,2,2025-03-07,2025-03-21,0.0,0.12657096722354483,0.0,1.8223243217433744,2025-03-21
E,4,2,2025-03-14,2025-03-28,1.0,0.06496010991337647,0.0,1.760713464433206,2025-03-28
E,4,2,2025-03-21,2025-04-04,1.0,0.09147588684660214,0.0,1.7872292413664317,2025-04-04
E,4,2,2025-03-28,2025-04-11,1.0,0.22710692787856732,0.0,1.922860282398397,2025-04-11
E,4,2,2025-04-04,2025-04-18,0.0,0.5104879759163634,0.0,2.206241330436193,2025-04-18
E,4,2,2025-04-11,2025-04-25,0.0,0.8329862068461862,0.0,2.5287395613660157,2025-04-25
E,4,2,2025-04-18,2025-05-02,0.0,0.41689046059393153,0.0,2.112643815113761,2025-05-02
E,4,2,2025-04-25,2025-05-09,0.0,0.22305664291890429,0.0,1.9188099974387338,2025-05-09
E,4,2,2025-05-02,2025-05-16,0.0,0.36410543675827933,0.0,2.059858791278109,2025-05-16
E,4,2,2025-05-09,2025-05-23,1.0,0.344283841709881,0.0,2.0400371962297106,2025-05-23
E,4,2,2025-05-16,2025-05-30,0.0,0.1874757865207309,0.0,1.8832291410405604,2025-05-30
E,4,2,2025-05-23,2025-06-06,0.0,0.20938939349028432,0.0,1.905142748010114,2025-06-06
E,4,2,2025-05-30,2025-06-13,0.0,0.6867466474629961,0.0,2.3825000019828257,2025-06-13
E,4,2,2025-06-06,2025-06-20,1.0,0.9607958951739921,0.0,2.6565492496938217,2025-06-20
E,4,2,2025-06-13,2025-06-27,1.0,0.26209565952445346,0.0,1.957849014044283,2025-06-27
E,4,2,2025-06-20,2025-07-04,0.0,0.8988172812443799,0.0,2.5945706357642093,2025-07-04
E,4,2,2025-06-27,2025-07-11,0.0,1.9679628713112098,0.0,3.663716225831039,2025-07-11
E,4,2,2025-07-04,2025-07-18,3.0,1.929329738909472,0.0,3.6250830934293017,2025-07-18
E,4,2,2025-07-11,2025-07-25,1.0,0.991440203220913,0.0,2.6871935577407426,2025-07-25
E,4,2,2025-07-18,2025-08-01,7.0,11.22822444208037,8.342498180752322,12.9239777966002,2025-08-01
E,4,2,2025-07-25,2025-08-08,1.0,2.2021376658795457,0.0,3.897891020399375,2025-08-08
E,4,2,2025-08-01,2025-08-15,0.0,1.8232917508366058,0.0,3.5190451053564353,2025-08-15
E,4,2,2025-08-08,2025-08-22,1.0,1.0683022109134108,0.0,2.7640555654332406,2025-08-22
E,4,2,2025-08-15,2025-08-29,1.0,1.0229597955931984,0.0,2.718713150113028,2025-08-29
E,4,2,2025-08-22,2025-09-05,0.0,1.7730116938320175,0.0,3.4687650483518473,2025-09-05
F,5,2,2023-02-17,2023-03-03,0.0,0.04502169275953932,0.0,0.9682534943883963,2023-03-03
F,5,2,2023-02-24,2023-03-10,0.0,0.1252398732672876,0.0,1.0484716748961447,2023-03-10
F,5,2,2023-03-03,2023-03-17,0.0,0.03878020187641962,0.0,0.9620120035052766,2023-03-17
F,5,2,2023-03-10,2023-03-24,0.0,0.036164362028648554,0.0,0.9593961636575056,2023-03-24
F,5,2,2023-03-17,2023-03-31,0.0,0.04444789471865918,0.0,0.9676796963475162,2023-03-31
F,5,2,2023-03-24,2023-04-07,0.0,0.02508803782718923,0.0,0.9483198394560463,2023-04-07
F,5,2,2023-03-31,2023-04-14,0.0,0.025407569886593977,0.0,0.948639371515451,2023-04-14
F,5,2,2023-04-07,2023-04-21,0.0,0.07174330557780323,0.0,0.9949751072066602,2023-04-21
F,5,2,2023-04-14,2023-04-28,0.0,0.1755763248597494,0.0,1.0988081264886063,2023-04-28
F,5,2,2023-04-21,2023-05-05,0.0,0.04722374172379817,0.0,0.9704555433526552,2023-05-05
F,5,2,2023-04-28,2023-05-12,0.0,0.09886265059937799,0.0,1.022094452228235,2023-05-12
F,5,2,2023-05-05,2023-05-19,0.0,0.10639523308434991,0.0,1.0296270347132068,2023-05-19
F,5,2,2023-05-12,2023-05-26,0.0,0.17428155054717615,0.0,1.0975133521760332,2023-05-26
F,5,2,2023-05-19,2023-06-02,0.0,0.2218540285986936,0.0,1.1450858302275506,2023-06-02
F,5,2,2023-05-26,2023-06-09,0.0,0.8470003361004061,0.0,1.7702321377292631,2023-06-09
F,5,2,2023-06-02,2023-06-16,1.0,0.3618971137822896,0.0,1.2851289154111467,2023-06-16
F,5,2,2023-06-09,2023-06-23,2.0,2.592427293149837,0.23706976458067608,3.515659094778694,2023-06-23
F,5,2,2023-06-16,2023-06-30,1.0,0.5136264550801134,0.0,1.4368582567089705,2023-06-30
F,5,2,2023-06-23,2023-07-07,0.0,0.6144315486433604,0.0,1.5376633502722172,2023-07-07
F,5,2,2023-06-30,2023-07-14,0.0,1.2687060471492937,0.0,2.1919378487781507,2023-07-14
F,5,2,2023-07-07,2023-07-21,0.0,0.6875165503453242,0.0,1.6107483519741812,2023-07-21
F,5,2,2023-07-14,2023-07-28,1.0,1.9292042066377022,0.0,2.852436008266559,2023-07-28
F,5,2,2023-07-21,2023-08-04,0.0,1.733452912922856,0.0,2.656684714551713,2023-08-04
F,5,2,2023-07-28,2023-08-11,1.0,3.5803561648352065,1.2249986362660454,4.503587966464064,2023-08-11
F,5,2,2023-08-04,2023-08-18,1.0,1.3117624274784052,0.0,2.2349942291072624,2023-08-18
F,5,2,2023-08-11,2023-08-25,0.0,0.9110615137904811,0.0,1.834293315419338,2023-08-25
F,5,2,2023-08-18,2023-09-01,0.0,0.9706229888456059,0.0,1.893854790474463,2023-09-01
F,5,2,2023-08-25,2023-09-08,0.0,2.37213688056597,0.0,3.295368682194827,2023-09-08
F,5,2,2023-09-01,2023-09-15,0.0,2.5918875292644894,0.011531364429282931,3.5151193308933464,2023-09-15
F,5,2,2023-09-08,2023-09-22,0.0,0.512982845024835,0.0,1.436214646653692,2023-09-22
F,5,2,2023-09-15,2023-09-29,0.0,0.5408981758432919,0.0,1.4641299774721488,2023-09-29
F,5,2,2023-09-22,2023-10-06,1.0,0.32952431569455504,0.0,1.252756117323412,2023-10-06
F,5,2,2023-09-29,2023-10-13,0.0,0.4846563728405031,0.0,1.40788817446936,2023-10-13
F,5,2,2023-10-06,2023-10-20,0.0,0.342535490920662,0.0,1.265767292549519,2023-10-20
F,5,2,2023-10-13,2023-10-27,0.0,0.22986277153293877,0.0,1.1530945731617956,2023-10-27
F,5,2,2023-10-20,2023-11-03,0.0,0.2938674523668091,0.0,1.217099253995666,2023-11-03
F,5,2,2023-10-27,2023-11-10,1.0,0.31753635471539154,0.0,1.2407681563442485,2023-11-10
F,5,2,2023-11-03,2023-11-17,1.0,0.3349726338074788,0.0,1.2582044354363358,2023-11-17
F,5,2,2023-11-10,2023-11-24,0.0,0.15113054171307175,0.0,1.0743623433419287,2023-11-24
F,5,2,2023-11-17,2023-12-01,0.0,0.1413382075024507,0.0,1.0645700091313077,2023-12-01
F,5,2,2023-11-24,2023-12-08,0.0,0.16352278784009835,0.0,1.0867545894689554,2023-12-08
F,5,2,2023-12-01,2023-12-15,1.0,0.082944968073534,0.0,1.006176769702391,2023-12-15
F,5,2,2023-12-08,2023-12-22,0.0,0.082314335539222,0.0,1.005546137168079,2023-12-22
F,5,2,2023-12-15,2023-12-29,0.0,0.08812698555676438,0.0,1.0113587871856213,2023-12-29
F,5,2,2023-12-22,2024-01-05,0.0,0.10692778993053753,0.0,1.0301595915593946,2024-01-05
F,5,2,2023-12-29,2024-01-12,0.0,0.08021778551182379,0.0,1.0034495871406808,2024-01-12
F,5,2,2024-01-05,2024-01-19,0.0,0.05874871098627129,0.0,0.9819805126151283,2024-01-19
F,5,2,2024-01-12,2024-01-26,0.0,0.10232870969167625,0.0,1.0255605113205333,2024-01-26
F,5,2,2024-01-19,2024-02-02,0.0,0.026636515453086367,0.0,0.9498683170819433,2024-02-02
F,5,2,2024-01-26,2024-02-09,0.0,0.07163445119879548,0.0,0.9948662528276525,2024-02-09
F,5,2,2024-02-02,2024-02-16,0.0,0.03251749844814342,0.0,0.9495725303746094,2024-02-16
F,5,2,2024-02-09,2024-02-23,0.0,0.05414033697872015,0.0,0.9711953689051861,2024-02-23
F,5,2,2024-02-16,2024-03-01,0.0,0.03073980771476152,0.0,0.9477948396412275,2024-03-01
F,5,2,2024-02-23,2024-03-08,0.0,0.06855996544676186,0.0,0.9856149973732279,2024-03-08
F,5,2,2024-03-01,2024-03-15,0.0,0.03521875530900527,0.0,0.9522737872354713,2024-03-15
F,5,2,2024-03-08,2024-03-22,0.0,0.06175087071196172,0.0,0.9788059026384277,2024-03-22
F,5,2,2024-03-15,2024-03-29,0.0,0.09964515473457405,0.0,1.0167001866610401,2024-03-29
F,5,2,2024-03-22,2024-04-05,0.0,0.041307699131248064,0.0,0.9583627310577141,2024-04-05
F,5,2,2024-03-29,2024-04-12,0.0,0.055395485057126395,0.0,0.9724505169835924,2024-04-12
F,5,2,2024-04-05,2024-04-19,0.0,0.03350134603778033,0.0,0.9505563779642463,2024-04-19
F,5,2,2024-04-12,2024-04-26,0.0,0.03423466969240018,0.0,0.9512897016188662,2024-04-26
F,5,2,2024-04-19,2024-05-03,0.0,0.09842878502821567,0.0,1.0154838169546816,2024-05-03
F,5,2,2024-04-26,2024-05-10,0.0,0.08263565440917144,0.0,0.9996906863356374,2024-05-10
F,5,2,2024-05-03,2024-05-17,0.0,0.15039093186277872,0.0,1.0674459637892446,2024-05-17
F,5,2,2024-05-10,2024-05-24,0.0,0.1778669707851358,0.0,1.0949220027116018,2024-05-24
F,5,2,2024-05-17,2024-05-31,1.0,0.20494408484083532,0.0,1.1219991167673014,2024-05-31
F,5,2,2024-05-24,2024-06-07,0.0,0.8654912252098179,0.0,1.7825462571362838,2024-06-07
F,5,2,2024-05-31,2024-06-14,1.0,0.6091042503944604,0.0,1.5261592823209265,2024-06-14
F,5,2,2024-06-07,2024-06-21,1.0,0.4031349254001065,0.0,1.3201899573265725,2024-06-21
F,5,2,2024-06-14,2024-06-28,0.0,0.5001921425319982,0.0,1.4172471744584643,2024-06-28
F,5,2,2024-06-21,2024-07-05,0.0,1.0034797575520946,0.0,1.9205347894785607,2024-07-05
F,5,2,2024-06-28,2024-07-12,0.0,1.0851852085054057,0.0,2.0022402404318718,2024-07-12
F,5,2,2024-07-05,2024-07-19,0.0,0.5088583366941619,0.0,1.4259133686206278,2024-07-19
F,5,2,2024-07-12,2024-07-26,0.0,0.7152151167273297,0.0,1.6322701486537956,2024-07-26
F,5,2,2024-07-19,2024-08-02,1.0,2.2608264801306213,0.0,3.177881512057087,2024-08-02
F,5,2,2024-07-26,2024-08-09,5.0,0.37400446692727213,0.0,1.291059498853738,2024-08-09
F,5,2,2024-08-02,2024-08-16,0.0,0.7382866262547481,0.0,1.655341658181214,2024-08-16
F,5,2,2024-08-09,2024-08-23,0.0,1.2082517211694837,0.0,2.1253067530959497,2024-08-23
F,5,2,2024-08-16,2024-08-30,1.0,1.1134529797749044,0.0,2.0305080117013703,2024-08-30
F,5,2,2024-08-23,2024-09-06,0.0,1.0670120726370933,0.0,5.693007605709822,2024-09-06
F,5,2,2024-08-30,2024-09-13,2.0,2.1466348523013603,0.0,6.772630385374088,2024-09-13
F,5,2,2024-09-06,2024-09-20,1.0,1.0350130602923733,0.0,5.661008593365101,2024-09-20
F,5,2,2024-09-13,2024-09-27,0.0,1.5286407066405212,0.0,6.154636239713249,2024-09-27
F,5,2,2024-09-20,2024-10-04,0.0,0.7432344820842581,0.0,5.369230015156986,2024-10-04
F,5,2,2024-09-27,2024-10-11,0.0,1.4872684293792233,0.0,6.113263962451951,2024-10-11
F,5,2,2024-10-04,2024-10-18,0.0,0.39143181682596756,0.0,5.017427349898695,2024-10-18
F,5,2,2024-10-11,2024-10-25,0.0,0.3443355975113048,0.0,4.970331130584032,2024-10-25
F,5,2,2024-10-18,2024-11-01,3.0,1.0384532707189162,0.0,5.664448803791644,2024-11-01
F,5,2,2024-10-25,2024-11-08,1.0,1.974114913328434,0.0,6.600110446401162,2024-11-08
F,5,2,2024-11-01,2024-11-15,0.0,0.31551981166574866,0.0,4.941515344738477,2024-11-15
F,5,2,2024-11-08,2024-11-22,0.0,0.8490870148201669,0.0,5.475082547892895,2024-11-22
F,5,2,2024-11-15,2024-11-29,1.0,0.6507841002519875,0.0,5.276779633324716,2024-11-29
F,5,2,2024-11-22,2024-12-06,0.0,0.15613544103384058,0.0,4.782130974106568,2024-12-06
F,5,2,2024-11-29,2024-12-13,0.0,0.4046668127926935,0.0,5.030662345865421,2024-12-13
F,5,2,2024-12-06,2024-12-20,0.0,0.6423545800820071,0.0,5.268350113154735,2024-12-20
F,5,2,2024-12-13,2024-12-27,0.0,0.13793538969523997,0.0,4.763930922767968,2024-12-27
F,5,2,2024-12-20,2025-01-03,0.0,0.316185011291831,0.0,4.942180544364559,2025-01-03
F,5,2,2024-12-27,2025-01-10,0.0,0.18138362743344957,0.0,4.807379160506177,2025-01-10
F,5,2,2025-01-03,2025-01-17,0.0,0.046503946607092284,0.0,4.6724994796798205,2025-01-17
F,5,2,2025-01-10,2025-01-24,0.0,0.11545429249672498,0.0,4.741449825569453,2025-01-24
F,5,2,2025-01-17,2025-01-31,0.0,0.11022615361523275,0.0,4.73622168668796,2025-01-31
F,5,2,2025-01-24,2025-02-07,0.0,0.06464893815217544,0.0,4.690644471224903,2025-02-07
F,5,2,2025-01-31,2025-02-14,0.0,0.030163115574212626,0.0,4.65615864864694,2025-02-14
F,5,2,2025-02-07,2025-02-21,0.0,0.0692865375985492,0.0,4.6952820706712775,2025-02-21
F,5,2,2025-02-14,2025-02-28,0.0,0.1364216531397523,0.0,4.76241718621248,2025-02-28
F,5,2,2025-02-21,2025-03-07,0.0,0.042878016710433425,0.0,4.668873549783161,2025-03-07
F,5,2,2025-02-28,2025-03-14,0.0,0.046962294524937664,0.0,4.672957827597665,2025-03-14
F,5,2,2025-03-07,2025-03-21,0.0,0.19459927979977365,0.0,4.820594812872502,2025-03-21
F,5,2,2025-03-14,2025-03-28,0.0,0.05445637042230841,0.0,4.680451903495036,2025-03-28
F,5,2,2025-03-21,2025-04-04,1.0,0.05274852178693367,0.0,4.678744054859662,2025-04-04
F,5,2,2025-03-28,2025-04-11,0.0,0.022648081205964933,0.0,4.648643614278693,2025-04-11
F,5,2,2025-04-04,2025-04-18,0.0,0.15710267581677076,0.0,4.783098208889498,2025-04-18
F,5,2,2025-04-11,2025-04-25,0.0,0.2259429843012794,0.0,4.851938517374007,2025-04-25
F,5,2,2025-04-18,2025-05-02,0.0,0.17432019519077302,0.0,4.8003157282635005,2025-05-02
F,5,2,2025-04-25,2025-05-09,1.0,0.09587754096999859,0.0,4.721873074042726,2025-05-09
F,5,2,2025-05-02,2025-05-16,0.0,0.3492585145525695,0.0,4.975254047625297,2025-05-16
F,5,2,2025-05-09,2025-05-23,0.0,0.18187294977317525,0.0,4.807868482845903,2025-05-23
F,5,2,2025-05-16,2025-05-30,0.0,0.3068879084306324,0.0,4.9328834415033604,2025-05-30
F,5,2,2025-05-23,2025-06-06,0.0,0.25498983851015594,0.0,4.8809853715828835,2025-06-06
F,5,2,2025-05-30,2025-06-13,0.0,0.38764221354462874,0.0,5.0136377466173565,2025-06-13
F,5,2,2025-06-06,2025-06-20,0.0,0.976179674954519,0.0,5.602175208027247,2025-06-20
F,5,2,2025-06-13,2025-06-27,0.0,0.29703530196317435,0.0,4.923030835035902,2025-06-27
F,5,2,2025-06-20,2025-07-04,0.0,0.7892856040562126,0.0,5.41528113712894,2025-07-04
F,5,2,2025-06-27,2025-07-11,0.0,0.8536925195788382,0.0,5.479688052651566,2025-07-11
F,5,2,2025-07-04,2025-07-18,0.0,1.5646542916684165,0.03601358502789531,6.190649824741144,2025-07-18
F,5,2,2025-07-11,2025-07-25,2.0,0.6060658438873604,0.0,5.232061376960088,2025-07-25
F,5,2,2025-07-18,2025-08-01,7.0,3.52347876438297,1.994838057742449,8.149474297455697,2025-08-01
F,5,2,2025-07-25,2025-08-08,8.0,2.663847990639613,1.1352072839990919,7.2898435237123405,2025-08-08
F,5,2,2025-08-01,2025-08-15,1.0,3.1830945964324666,1.61844030476405,7.809090129505194,2025-08-15
F,5,2,2025-08-08,2025-08-22,0.0,2.0886736797675893,0.5240193880991728,6.714669212840317,2025-08-22
F,5,2,2025-08-15,2025-08-29,0.0,1.2200676725577284,0.0,5.846063205630456,2025-08-29
F,5,2,2025-08-22,2025-09-05,0.0,2.0074872242577495,0.442832932589333,7.343639233618136,2025-09-05
G,6,2,2023-02-17,2023-03-03,0.0,0.04272726110300965,0.0,0.9896459954458123,2023-03-03
G,6,2,2023-02-24,2023-03-10,0.0,0.065383394632266,0.0,1.0123021289750687,2023-03-10
G,6,2,2023-03-03,2023-03-17,0.0,0.03427338334274392,0.0,0.9811921176855466,2023-03-17
G,6,2,2023-03-10,2023-03-24,0.0,0.03254861775037467,0.0,0.9794673520931774,2023-03-24
G,6,2,2023-03-17,2023-03-31,0.0,0.03328290756285673,0.0,0.9802016419056594,2023-03-31
G,6,2,2023-03-24,2023-04-07,1.0,0.024389409663147472,0.0,0.9713081440059502,2023-04-07
G,6,2,2023-03-31,2023-04-14,0.0,0.029896373958684365,0.0,0.9768151083014871,2023-04-14
G,6,2,2023-04-07,2023-04-21,0.0,0.11641240950411892,0.0,1.0633311438469217,2023-04-21
G,6,2,2023-04-14,2023-04-28,1.0,0.2561270313185193,0.0,1.203045765661322,2023-04-28
G,6,2,2023-04-21,2023-05-05,0.0,0.17442883379392507,0.0,1.1500394241307776,2023-05-05
G,6,2,2023-04-28,2023-05-12,0.0,0.08493324919497017,0.0,1.0605438395318227,2023-05-12
G,6,2,2023-05-05,2023-05-19,0.0,0.6202862482205885,0.0,1.595896838557441,2023-05-19
G,6,2,2023-05-12,2023-05-26,0.0,0.5053468211576952,0.0,1.4809574114945478,2023-05-26
G,6,2,2023-05-19,2023-06-02,0.0,0.1681550155411467,0.0,1.1437656058779992,2023-06-02
G,6,2,2023-05-26,2023-06-09,0.0,1.0716725163916012,0.0,2.047283106728454,2023-06-09
G,6,2,2023-06-02,2023-06-16,1.0,0.3700399734619202,0.0,1.3456505637987726,2023-06-16
G,6,2,2023-06-09,2023-06-23,0.0,2.5973431077610605,0.9357566283142937,3.572953698097913,2023-06-23
G,6,2,2023-06-16,2023-06-30,0.0,0.6803968336330188,0.0,1.6560074239698714,2023-06-30
G,6,2,2023-06-23,2023-07-07,0.0,0.4015014443930125,0.0,1.377112034729865,2023-07-07
G,6,2,2023-06-30,2023-07-14,0.0,0.5176685309385765,0.0,1.493279121275429,2023-07-14
G,6,2,2023-07-07,2023-07-21,1.0,0.1503864677583371,0.0,1.1259970580951897,2023-07-21
G,6,2,2023-07-14,2023-07-28,1.0,0.5761791798521779,0.0,1.5517897701890304,2023-07-28
G,6,2,2023-07-21,2023-08-04,1.0,2.6587349504836713,0.06139184272261078,3.6343455408205236,2023-08-04
G,6,2,2023-07-28,2023-08-11,3.0,4.150727433651689,1.5533843258906281,5.126338023988541,2023-08-11
G,6,2,2023-08-04,2023-08-18,1.0,1.7801058552006006,0.0,2.755716445537453,2023-08-18
G,6,2,2023-08-11,2023-08-25,0.0,1.234036948415671,0.0,2.2096475387525234,2023-08-25
G,6,2,2023-08-18,2023-09-01,1.0,1.7531006134366334,0.0,2.7287112037734857,2023-09-01
G,6,2,2023-08-25,2023-09-08,0.0,2.704214229434469,0.10687112167340862,3.6798248197713215,2023-09-08
G,6,2,2023-09-01,2023-09-15,0.0,3.3104406299540567,0.7130975221929963,4.28605122029091,2023-09-15
G,6,2,2023-09-08,2023-09-22,0.0,0.880942299997732,0.0,1.8565528903345845,2023-09-22
G,6,2,2023-09-15,2023-09-29,0.0,0.4882694644546187,0.0,1.4638800547914712,2023-09-29
G,6,2,2023-09-22,2023-10-06,1.0,0.39231495796042337,0.0,1.3679255482972759,2023-10-06
G,6,2,2023-09-29,2023-10-13,2.0,0.6747008691817145,0.0,1.650311459518567,2023-10-13
G,6,2,2023-10-06,2023-10-20,0.0,0.46188067434473123,0.0,1.4374912646815838,2023-10-20
G,6,2,2023-10-13,2023-10-27,1.0,0.19615726882731807,0.0,1.1717678591641705,2023-10-27
G,6,2,2023-10-20,2023-11-03,0.0,0.2521829977161788,0.0,1.2277935880530313,2023-11-03
G,6,2,2023-10-27,2023-11-10,0.0,0.1258628223033165,0.0,1.451161953121602,2023-11-10
G,6,2,2023-11-03,2023-11-17,0.0,0.3972366386460737,0.0,1.7225357694643593,2023-11-17
G,6,2,2023-11-10,2023-11-24,0.0,0.11340539876501661,0.0,1.438704529583302,2023-11-24
G,6,2,2023-11-17,2023-12-01,0.0,0.07862834490303176,0.0,1.4039274757213174,2023-12-01
G,6,2,2023-11-24,2023-12-08,0.0,0.09539425066064111,0.0,1.4206933814789267,2023-12-08
G,6,2,2023-12-01,2023-12-15,0.0,0.03820422204423634,0.0,1.3635033528625218,2023-12-15
G,6,2,2023-12-08,2023-12-22,0.0,0.05398807377673094,0.0,1.3792872045950164,2023-12-22
G,6,2,2023-12-15,2023-12-29,0.0,0.045809376252922064,0.0,1.3711085070712077,2023-12-29
G,6,2,2023-12-22,2024-01-05,0.0,0.056594366517485145,0.0,1.3818934973357706,2024-01-05
G,6,2,2023-12-29,2024-01-12,0.0,0.04049157541306697,0.0,1.3657907062313526,2024-01-12
G,6,2,2024-01-05,2024-01-19,0.0,0.05183777300353687,0.0,1.3771369038218224,2024-01-19
G,6,2,2024-01-12,2024-01-26,0.0,0.08896478018893593,0.0,1.4142639110072215,2024-01-26
G,6,2,2024-01-19,2024-02-02,0.0,0.03831573146295053,0.0,1.363614862281236,2024-02-02
G,6,2,2024-01-26,2024-02-09,0.0,0.049156810486728104,0.0,1.3744559413050137,2024-02-09
G,6,2,2024-02-02,2024-02-16,0.0,0.031574716794494195,0.0,1.3568738476127797,2024-02-16
G,6,2,2024-02-09,2024-02-23,0.0,0.0978100112872018,0.0,1.4231091421054873,2024-02-23
G,6,2,2024-02-16,2024-03-01,0.0,0.033909418795672205,0.0,1.3592085496139577,2024-03-01
G,6,2,2024-02-23,2024-03-08,0.0,0.06238445766464205,0.0,1.3876835884829275,2024-03-08
G,6,2,2024-03-01,2024-03-15,0.0,0.035328393182832936,0.0,1.3606275240011185,2024-03-15
G,6,2,2024-03-08,2024-03-22,0.0,0.07055892229635596,0.0,1.3958580531146416,2024-03-22
G,6,2,2024-03-15,2024-03-29,0.0,0.0337754917329455,0.0,1.3590746225512311,2024-03-29
G,6,2,2024-03-22,2024-04-05,0.0,0.04980172455002374,0.0,1.3751008553683093,2024-04-05
G,6,2,2024-03-29,2024-04-12,0.0,0.06277655705119949,0.0,1.388075687869485,2024-04-12
G,6,2,2024-04-05,2024-04-19,0.0,0.11053981113709056,0.0,1.435838941955376,2024-04-19
G,6,2,2024-04-12,2024-04-26,0.0,0.04716739750890517,0.0,1.3724665283271906,2024-04-26
G,6,2,2024-04-19,2024-05-03,0.0,0.2964288590549741,0.0,1.6217279898732597,2024-05-03
G,6,2,2024-04-26,2024-05-10,0.0,0.1251628839409755,0.0,1.450462014759261,2024-05-10
G,6,2,2024-05-03,2024-05-17,0.0,0.0894114245059142,0.0,1.4147105553241996,2024-05-17
G,6,2,2024-05-10,2024-05-24,1.0,0.13330311827422095,0.0,1.4586022490925066,2024-05-24
G,6,2,2024-05-17,2024-05-31,0.0,0.12645676193012972,0.0,1.4517558927484153,2024-05-31
G,6,2,2024-05-24,2024-06-07,1.0,0.9719259764813978,0.0,2.2972251072996834,2024-06-07
G,6,2,2024-05-31,2024-06-14,0.0,0.6865443117321839,0.0,2.0118434425504694,2024-06-14
G,6,2,2024-06-07,2024-06-21,1.0,0.4586381015737947,0.0,1.7839372323920801,2024-06-21
G,6,2,2024-06-14,2024-06-28,0.0,0.3328948899983406,0.0,1.6581940208166261,2024-06-28
G,6,2,2024-06-21,2024-07-05,0.0,1.2110909730866244,0.0,2.53639010390491,2024-07-05
G,6,2,2024-06-28,2024-07-12,0.0,0.41710178099898093,0.0,1.7424009118172665,2024-07-12
G,6,2,2024-07-05,2024-07-19,1.0,0.6632087075343938,0.0,1.9885078383526793,2024-07-19
G,6,2,2024-07-12,2024-07-26,2.0,0.3350056721867678,0.0,1.6603048030050533,2024-07-26
G,6,2,2024-07-19,2024-08-02,5.0,3.1237681020536376,0.0,4.449067232871923,2024-08-02
G,6,2,2024-07-26,2024-08-09,3.0,1.3169099981755106,0.0,2.6422091289937963,2024-08-09
G,6,2,2024-08-02,2024-08-16,2.0,1.6628327295804082,0.0,2.9881318603986937,2024-08-16
G,6,2,2024-08-09,2024-08-23,0.0,1.9760818310131743,0.0,3.6410761588264062,2024-08-23
G,6,2,2024-08-16,2024-08-30,1.0,1.4626064519186226,0.0,3.338838349864985,2024-08-30
G,6,2,2024-08-23,2024-09-06,1.0,1.206920914668213,0.0,3.0831528126145753,2024-09-06
G,6,2,2024-08-30,2024-09-13,4.0,2.763493824428638,0.0,4.639725722375,2024-09-13
G,6,2,2024-09-06,2024-09-20,3.0,1.7157648936653056,0.0,3.5919967916116677,2024-09-20
G,6,2,2024-09-13,2024-09-27,0.0,2.2549627241245003,0.0,4.131194622070863,2024-09-27
G,6,2,2024-09-20,2024-10-04,0.0,1.1538414958009557,0.0,3.030073393747318,2024-10-04
G,6,2,2024-09-27,2024-10-11,0.0,1.436814447252182,0.0,3.3130463451985444,2024-10-11
G,6,2,2024-10-04,2024-10-18,0.0,0.4377293779574889,0.0,2.3139612759038513,2024-10-18
G,6,2,2024-10-11,2024-10-25,0.0,0.37310965588928635,0.0,2.2493415538356487,2024-10-25
G,6,2,2024-10-18,2024-11-01,1.0,0.7755012454115428,0.0,2.651733143357905,2024-11-01
G,6,2,2024-10-25,2024-11-08,2.0,1.9645591959629702,0.0,3.8407910939093326,2024-11-08
G,6,2,2024-11-01,2024-11-15,1.0,0.22465272487852592,0.0,2.1008846228248883,2024-11-15
G,6,2,2024-11-08,2024-11-22,1.0,0.8756006807140256,0.0,2.751832578660388,2024-11-22
G,6,2,2024-11-15,2024-11-29,0.0,0.8494443158614884,0.0,2.7256762138078505,2024-11-29
G,6,2,2024-11-22,2024-12-06,0.0,0.23567116082401493,0.0,2.1119030587703773,2024-12-06
G,6,2,2024-11-29,2024-12-13,0.0,0.5234196762868292,0.0,2.3996515742331916,2024-12-13
G,6,2,2024-12-06,2024-12-20,0.0,0.3290841772146509,0.0,2.2053160751610132,2024-12-20
G,6,2,2024-12-13,2024-12-27,0.0,0.13368618697281895,0.0,2.0099180849191813,2024-12-27
G,6,2,2024-12-20,2025-01-03,0.0,0.4431502614593203,0.0,2.3193821594056825,2025-01-03
G,6,2,2024-12-27,2025-01-10,0.0,0.10396706783377965,0.0,1.980198965780142,2025-01-10
G,6,2,2025-01-03,2025-01-17,1.0,0.04110248752176956,0.0,1.917334385468132,2025-01-17
G,6,2,2025-01-10,2025-01-24,0.0,0.18154966235397044,0.0,2.0577815603003327,2025-01-24
G,6,2,2025-01-17,2025-01-31,0.0,0.07202627384878064,0.0,1.948258171795143,2025-01-31
G,6,2,2025-01-24,2025-02-07,0.0,0.1287136501344662,0.0,2.0049455480808285,2025-02-07
G,6,2,2025-01-31,2025-02-14,0.0,0.08482321446545418,0.0,1.9610551124118165,2025-02-14
G,6,2,2025-02-07,2025-02-21,0.0,0.11683390240132532,0.0,1.9930658003476878,2025-02-21
G,6,2,2025-02-14,2025-02-28,0.0,0.1343319222602147,0.0,2.010563820206577,2025-02-28
G,6,2,2025-02-21,2025-03-07,0.0,0.06361321300651897,0.0,1.9398451109528814,2025-03-07
G,6,2,2025-02-28,2025-03-14,0.0,0.07853957509651882,0.0,1.9547714730428811,2025-03-14
G,6,2,2025-03-07,2025-03-21,0.0,0.17554465235800235,0.0,2.0517765503043646,2025-03-21
G,6,2,2025-03-14,2025-03-28,0.0,0.05047174337914035,0.0,1.9267036413255028,2025-03-28
G,6,2,2025-03-21,2025-04-04,0.0,0.024927491909567223,0.0,1.9011593898559296,2025-04-04
G,6,2,2025-03-28,2025-04-11,0.0,0.024782873651556306,0.0,1.9010147715979187,2025-04-11
G,6,2,2025-04-04,2025-04-18,0.0,0.02862910150903539,0.0,1.9048609994553978,2025-04-18
G,6,2,2025-04-11,2025-04-25,1.0,0.04421540782385143,0.0,1.9204473057702138,2025-04-25
G,6,2,2025-04-18,2025-05-02,0.0,0.06434514594283106,0.0,1.9405770438891934,2025-05-02
G,6,2,2025-04-25,2025-05-09,0.0,0.1367588967868507,0.0,2.012990794733213,2025-05-09
G,6,2,2025-05-02,2025-05-16,1.0,0.33471324711885225,0.0,2.2109451450652147,2025-05-16
G,6,2,2025-05-09,2025-05-23,1.0,0.2694939378593611,0.0,2.1457258358057234,2025-05-23
G,6,2,2025-05-16,2025-05-30,1.0,0.21639478587274108,0.0,2.0926266838191037,2025-05-30
G,6,2,2025-05-23,2025-06-06,0.0,0.6046404507920375,0.0,2.4808723487383997,2025-06-06
G,6,2,2025-05-30,2025-06-13,0.0,1.170083024764385,0.0,3.0463149227107476,2025-06-13
G,6,2,2025-06-06,2025-06-20,1.0,1.6073560625790662,0.0,3.4835879605254285,2025-06-20
G,6,2,2025-06-13,2025-06-27,0.0,0.5956043320671411,0.0,2.4718362300135035,2025-06-27
G,6,2,2025-06-20,2025-07-04,2.0,0.5890152815618118,0.0,2.4652471795081743,2025-07-04
G,6,2,2025-06-27,2025-07-11,0.0,1.4188054483741561,0.0,3.2950373463205187,2025-07-11
G,6,2,2025-07-04,2025-07-18,2.0,2.3023763475586048,0.04741362343410449,4.178608245504967,2025-07-18
G,6,2,2025-07-11,2025-07-25,3.0,0.8797868830900999,0.0,2.7560187810364623,2025-07-25
G,6,2,2025-07-18,2025-08-01,8.0,15.047222315936587,12.792259591812087,16.92345421388295,2025-08-01
G,6,2,2025-07-25,2025-08-08,1.0,3.457857338957978,1.2028946148334776,5.33408923690434,2025-08-08
G,6,2,2025-08-01,2025-08-15,0.0,2.8349653436710556,0.5800026195465553,4.711197241617418,2025-08-15
G,6,2,2025-08-08,2025-08-22,0.0,1.0645283973376254,0.0,3.1847415142475253,2025-08-22
G,6,2,2025-08-15,2025-08-29,0.0,0.8858353126109827,0.0,3.0060484295208827,2025-08-29
G,6,2,2025-08-22,2025-09-05,0.0,1.427457090812192,0.0,3.547670207722092,2025-09-05
H,7,2,2023-02-17,2023-03-03,0.0,0.03642279898670274,0.0,2.746308906680189,2023-03-03
H,7,2,2023-02-24,2023-03-10,0.0,0.04127779998779248,0.0,2.751163907681279,2023-03-10
H,7,2,2023-03-03,2023-03-17,0.0,0.0388291013011555,0.0,2.7487152089946423,2023-03-17
H,7,2,2023-03-10,2023-03-24,0.0,0.0427841260898533,0.0,2.75267023378334,2023-03-24
H,7,2,2023-03-17,2023-03-31,0.0,0.035949582362238525,0.0,2.745835690055725,2023-03-31
H,7,2,2023-03-24,2023-04-07,0.0,0.03588157585638546,0.0,2.745767683549872,2023-04-07
H,7,2,2023-03-31,2023-04-14,0.0,0.036944327356106685,0.0,2.7468304350495933,2023-04-14
H,7,2,2023-04-07,2023-04-21,0.0,0.04937902927225283,0.0,2.7592651369657393,2023-04-21
H,7,2,2023-04-14,2023-04-28,0.0,0.15334456428690302,0.0,2.8632306719803897,2023-04-28
H,7,2,2023-04-21,2023-05-05,0.0,0.05706877656039726,0.0,2.766954884253884,2023-05-05
H,7,2,2023-04-28,2023-05-12,0.0,0.08610230338153627,0.0,2.795988411075023,2023-05-12
H,7,2,2023-05-05,2023-05-19,0.0,0.12161337375487168,0.0,2.831499481448358,2023-05-19
H,7,2,2023-05-12,2023-05-26,0.0,0.2361250526166775,0.0,2.946011160310164,2023-05-26
H,7,2,2023-05-19,2023-06-02,0.0,0.1621332832225314,0.0,2.872019390916018,2023-06-02
H,7,2,2023-05-26,2023-06-09,0.0,0.5752831922564795,0.0,3.285169299949966,2023-06-09
H,7,2,2023-06-02,2023-06-16,2.0,0.3034065055227571,0.0,3.013292613216244,2023-06-16
H,7,2,2023-06-09,2023-06-23,0.0,1.7946429524139964,0.0,4.504529060107483,2023-06-23
H,7,2,2023-06-16,2023-06-30,0.0,0.35679910006881443,0.0,3.0666852077623012,2023-06-30
H,7,2,2023-06-23,2023-07-07,0.0,0.38580357764790113,0.0,3.0956896853413878,2023-07-07
H,7,2,2023-06-30,2023-07-14,0.0,0.609659696912731,0.0,3.319545804606218,2023-07-14
H,7,2,2023-07-07,2023-07-21,1.0,0.2737554354672498,0.0,2.9836415431607364,2023-07-21
H,7,2,2023-07-14,2023-07-28,1.0,1.2083669174678984,0.0,3.918253025161385,2023-07-28
H,7,2,2023-07-21,2023-08-04,1.0,2.3634269478623033,0.5523366613791969,5.07331305555579,2023-08-04
H,7,2,2023-07-28,2023-08-11,2.0,3.426244799489668,1.6151545130065614,6.136130907183155,2023-08-11
H,7,2,2023-08-04,2023-08-18,3.0,1.7402107993352265,0.0,4.450096907028713,2023-08-18
H,7,2,2023-08-11,2023-08-25,0.0,1.082289252179489,0.0,3.7921753598729753,2023-08-25
H,7,2,2023-08-18,2023-09-01,1.0,1.5300624212994554,0.0,4.239948528992942,2023-09-01
H,7,2,2023-08-25,2023-09-08,3.0,2.0849441643994235,0.2738538779163171,4.79483027209291,2023-09-08
H,7,2,2023-09-01,2023-09-15,3.0,2.855676578160574,1.0445862916774675,5.5655626858540606,2023-09-15
H,7,2,2023-09-08,2023-09-22,3.0,1.5217493864424765,0.0,3.956997104887446,2023-09-22
H,7,2,2023-09-15,2023-09-29,1.0,0.8985386452124948,0.0,3.3337863636574645,2023-09-29
H,7,2,2023-09-22,2023-10-06,4.0,0.8735034773249403,0.0,3.30875119576991,2023-10-06
H,7,2,2023-09-29,2023-10-13,0.0,1.4261254696074603,0.0,3.86137318805243,2023-10-13
H,7,2,2023-10-06,2023-10-20,0.0,0.46854300151780265,0.0,2.9037907199627724,2023-10-20
H,7,2,2023-10-13,2023-10-27,0.0,0.30494062675139,0.0,2.74018834519636,2023-10-27
H,7,2,2023-10-20,2023-11-03,0.0,0.4808216503630074,0.0,3.607318173038067,2023-11-03
H,7,2,2023-10-27,2023-11-10,0.0,0.10524366450196342,0.0,3.231740187177023,2023-11-10
H,7,2,2023-11-03,2023-11-17,0.0,0.3513965071567574,0.0,3.477893029831817,2023-11-17
H,7,2,2023-11-10,2023-11-24,0.0,0.04252359482847612,0.0,3.1690201175035355,2023-11-24
H,7,2,2023-11-17,2023-12-01,0.0,0.0457773226493269,0.0,3.1722738453243866,2023-12-01
H,7,2,2023-11-24,2023-12-08,1.0,0.037561589205189316,0.0,3.164058111880249,2023-12-08
H,7,2,2023-12-01,2023-12-15,0.0,0.05492861972752815,0.0,3.181425142402588,2023-12-15
H,7,2,2023-12-08,2023-12-22,0.0,0.06027574731664498,0.0,3.1867722699917045,2023-12-22
H,7,2,2023-12-15,2023-12-29,2.0,0.04930024089136314,0.0,3.1757967635664226,2023-12-29
H,7,2,2023-12-22,2024-01-05,0.0,0.10794992582325791,0.0,3.2344464484983177,2024-01-05
H,7,2,2023-12-29,2024-01-12,0.0,0.06691066765717942,0.0,3.193407190332239,2024-01-12
H,7,2,2024-01-05,2024-01-19,0.0,0.20208826169102148,0.0,3.328584784366081,2024-01-19
H,7,2,2024-01-12,2024-01-26,0.0,0.20360013062827684,0.0,3.3300966533033365,2024-01-26
H,7,2,2024-01-19,2024-02-02,0.0,0.03294582800382761,0.0,3.159442350678887,2024-02-02
H,7,2,2024-01-26,2024-02-09,0.0,0.1010551568350795,0.0,3.2275516795101393,2024-02-09
H,7,2,2024-02-02,2024-02-16,0.0,0.034448562751827755,0.0,3.1609450854268872,2024-02-16
H,7,2,2024-02-09,2024-02-23,0.0,0.0698827904177981,0.0,3.1963793130928577,2024-02-23
H,7,2,2024-02-16,2024-03-01,0.0,0.04629736327316022,0.0,3.1727938859482196,2024-03-01
H,7,2,2024-02-23,2024-03-08,0.0,0.05620848442746831,0.0,3.182705007102528,2024-03-08
H,7,2,2024-03-01,2024-03-15,0.0,0.04185406977393776,0.0,3.168350592448997,2024-03-15
H,7,2,2024-03-08,2024-03-22,0.0,0.05587262893855422,0.0,3.1823691516136137,2024-03-22
H,7,2,2024-03-15,2024-03-29,0.0,0.05148111363002955,0.0,3.1779776363050893,2024-03-29
H,7,2,2024-03-22,2024-04-05,0.0,0.0654248615237675,0.0,3.191921384198827,2024-04-05
H,7,2,2024-03-29,2024-04-12,0.0,0.06534240595292963,0.0,3.1918389286279893,2024-04-12
H,7,2,2024-04-05,2024-04-19,0.0,0.043889975839983726,0.0,3.170386498515043,2024-04-19
H,7,2,2024-04-12,2024-04-26,0.0,0.032858238718232395,0.0,3.159354761393292,2024-04-26
H,7,2,2024-04-19,2024-05-03,0.0,0.20392518358095854,0.0,3.330421706256018,2024-05-03
H,7,2,2024-04-26,2024-05-10,0.0,0.11423918144510209,0.0,3.2407357041201617,2024-05-10
H,7,2,2024-05-03,2024-05-17,0.0,0.12810061777862394,0.0,3.2545971404536838,2024-05-17
H,7,2,2024-05-10,2024-05-24,0.0,0.10280400635423176,0.0,3.2293005290292913,2024-05-24
H,7,2,2024-05-17,2024-05-31,0.0,0.14815218280921943,0.0,3.274648705484279,2024-05-31
H,7,2,2024-05-24,2024-06-07,0.0,0.5018623667468726,0.0,3.628358889421932,2024-06-07
H,7,2,2024-05-31,2024-06-14,0.0,0.3317955331608658,0.0,3.4582920558359254,2024-06-14
H,7,2,2024-06-07,2024-06-21,0.0,0.210676738940908,0.0,3.3371732616159675,2024-06-21
H,7,2,2024-06-14,2024-06-28,0.0,0.1861286680449901,0.0,3.3126251907200497,2024-06-28
H,7,2,2024-06-21,2024-07-05,0.0,0.17025154606791879,0.0,3.2967480687429784,2024-07-05
H,7,2,2024-06-28,2024-07-12,0.0,0.21065205615533447,0.0,3.3371485788303943,2024-07-12
H,7,2,2024-07-05,2024-07-19,1.0,0.31062704074297887,0.0,3.4371235634180386,2024-07-19
H,7,2,2024-07-12,2024-07-26,7.0,0.20555705989521578,0.0,3.3320535825702753,2024-07-26
H,7,2,2024-07-19,2024-08-02,34.0,2.80294441632307,1.0083014639090735,5.9294409389981295,2024-08-02
H,7,2,2024-07-26,2024-08-09,22.0,1.6767278080966017,0.0,4.803224330771661,2024-08-09
H,7,2,2024-08-02,2024-08-16,2.0,2.7349213404693966,0.9402783880554002,5.861417863144457,2024-08-16
H,7,2,2024-08-09,2024-08-23,0.0,2.081238354547827,0.2865954021338306,8.875681294652612,2024-08-23
H,7,2,2024-08-16,2024-08-30,1.0,1.6036445967646995,0.17739979727503163,32.80070018044163,2024-08-30
H,7,2,2024-08-23,2024-09-06,1.0,1.5869024521424626,0.16065765265279475,32.783958035819396,2024-09-06
H,7,2,2024-08-30,2024-09-13,1.0,2.110700978072489,0.6844561785828209,33.30775656174942,2024-09-13
H,7,2,2024-09-06,2024-09-20,1.0,1.8054136455024794,0.0,33.00246922917941,2024-09-20
H,7,2,2024-09-13,2024-09-27,0.0,2.167769867339921,0.08653151279209403,33.364825451016856,2024-09-27
H,7,2,2024-09-20,2024-10-04,1.0,0.9153967322623046,0.0,32.11245231593924,2024-10-04
H,7,2,2024-09-27,2024-10-11,0.0,1.179353217149612,0.0,32.376408800826546,2024-10-11
H,7,2,2024-10-04,2024-10-18,1.0,0.6163945188541408,0.0,31.81345010253107,2024-10-18
H,7,2,2024-10-11,2024-10-25,0.0,0.29432464513832685,0.0,31.49138022881526,2024-10-25
H,7,2,2024-10-18,2024-11-01,0.0,0.7132140170835196,0.0,31.91026960076045,2024-11-01
H,7,2,2024-10-25,2024-11-08,0.0,2.0082609258916433,0.0,33.205316509568576,2024-11-08
H,7,2,2024-11-01,2024-11-15,0.0,0.2113409558063421,0.0,31.408396539483274,2024-11-15
H,7,2,2024-11-08,2024-11-22,1.0,0.26367560745670365,0.0,31.460731191133636,2024-11-22
H,7,2,2024-11-15,2024-11-29,0.0,0.16840036487388912,0.0,31.36545594855082,2024-11-29
H,7,2,2024-11-22,2024-12-06,0.0,0.09340009728100322,0.0,31.290455680957933,2024-12-06
H,7,2,2024-11-29,2024-12-13,0.0,0.3290049496426606,0.0,31.52606053331959,2024-12-13
H,7,2,2024-12-06,2024-12-20,0.0,0.16547833533817038,0.0,31.362533919015103,2024-12-20
H,7,2,2024-12-13,2024-12-27,0.0,0.09382600303323796,0.0,31.29088158671017,2024-12-27
H,7,2,2024-12-20,2025-01-03,0.0,0.39615819302188116,0.0,31.593213776698814,2025-01-03
H,7,2,2024-12-27,2025-01-10,0.0,0.08270242720079034,0.0,31.27975801087772,2025-01-10
H,7,2,2025-01-03,2025-01-17,0.0,0.0815689184676937,0.0,31.278624502144623,2025-01-17
H,7,2,2025-01-10,2025-01-24,0.0,0.2222121790775886,0.0,31.41926776275452,2025-01-24
H,7,2,2025-01-17,2025-01-31,0.0,0.09872267720265736,0.0,31.29577826087959,2025-01-31
H,7,2,2025-01-24,2025-02-07,0.0,0.08837472410271151,0.0,31.28543030777964,2025-02-07
H,7,2,2025-01-31,2025-02-14,0.0,0.06569835861147369,0.0,31.262753942288406,2025-02-14
H,7,2,2025-02-07,2025-02-21,0.0,0.07274918273029184,0.0,31.269804766407223,2025-02-21
H,7,2,2025-02-14,2025-02-28,0.0,0.03551394603205448,0.0,31.232569529708986,2025-02-28
H,7,2,2025-02-21,2025-03-07,1.0,0.06339588131303492,0.0,31.260451464989966,2025-03-07
H,7,2,2025-02-28,2025-03-14,1.0,0.06355215904113186,0.0,31.26060774271806,2025-03-14
H,7,2,2025-03-07,2025-03-21,0.0,0.09545457031958089,0.0,31.292510153996513,2025-03-21
H,7,2,2025-03-14,2025-03-28,0.0,0.2691758789317885,0.0,31.46623146260872,2025-03-28
H,7,2,2025-03-21,2025-04-04,2.0,0.12129804998439564,0.0,31.318353633661328,2025-04-04
H,7,2,2025-03-28,2025-04-11,0.0,0.0950570251851341,0.0,31.292112608862066,2025-04-11
H,7,2,2025-04-04,2025-04-18,0.0,0.2647315683867232,0.0,31.461787152063653,2025-04-18
H,7,2,2025-04-11,2025-04-25,0.0,0.36100518138577004,0.0,31.558060765062702,2025-04-25
H,7,2,2025-04-18,2025-05-02,0.0,0.24796985139779165,0.0,31.445025435074722,2025-05-02
H,7,2,2025-04-25,2025-05-09,0.0,0.09116135714704639,0.0,31.28821694082398,2025-05-09
H,7,2,2025-05-02,2025-05-16,0.0,0.39435249849480497,0.0,31.591408082171736,2025-05-16
H,7,2,2025-05-09,2025-05-23,1.0,0.07989737173448298,0.0,31.276952955411414,2025-05-23
H,7,2,2025-05-16,2025-05-30,0.0,0.07101471606950427,0.0,31.268070299746437,2025-05-30
H,7,2,2025-05-23,2025-06-06,1.0,0.16165814163891862,0.0,31.35871372531585,2025-06-06
H,7,2,2025-05-30,2025-06-13,1.0,0.48114247191072407,0.0,31.678198055587657,2025-06-13
H,7,2,2025-06-06,2025-06-20,0.0,1.3721198555539131,0.0,32.56917543923085,2025-06-20
H,7,2,2025-06-13,2025-06-27,0.0,0.6537613708222848,0.0,31.850816954499216,2025-06-27
H,7,2,2025-06-20,2025-07-04,2.0,0.44697099044016186,0.0,31.644026574117092,2025-07-04
H,7,2,2025-06-27,2025-07-11,0.0,0.9981169521284006,0.0,32.195172535805334,2025-07-11
H,7,2,2025-07-04,2025-07-18,4.0,2.1215268168166372,0.0,33.31858240049357,2025-07-18
H,7,2,2025-07-11,2025-07-25,3.0,1.1257142405284721,0.0,32.3227698242054,2025-07-25
H,7,2,2025-07-18,2025-08-01,21.0,10.077226100675498,7.909456233335577,41.27428168435243,2025-08-01
H,7,2,2025-07-25,2025-08-08,9.0,5.06599028624123,2.898220418901309,36.26304586991816,2025-08-08
H,7,2,2025-08-01,2025-08-15,0.0,2.8099515935609816,0.6421817262210605,34.00700717723791,2025-08-15
H,7,2,2025-08-08,2025-08-22,1.0,1.6876401470825912,0.0,32.884695730759525,2025-08-22
H,7,2,2025-08-15,2025-08-29,0.0,1.1049657821727323,0.0,32.30202136584966,2025-08-29
H,7,2,2025-08-22,2025-09-05,0.0,1.6646036524272876,0.0,32.86165923610422,2025-09-05
I,8,2,2023-02-17,2023-03-03,0.0,0.3234483019754935,0.0,3.2994113757615136,2023-03-03
I,8,2,2023-02-24,2023-03-10,0.0,0.17084200658520074,0.0,3.146805080371221,2023-03-10
I,8,2,2023-03-03,2023-03-17,0.0,0.09842652180676442,0.0,3.0743895955927845,2023-03-17
I,8,2,2023-03-10,2023-03-24,0.0,0.09172977397255061,0.0,3.0676928477585705,2023-03-24
I,8,2,2023-03-17,2023-03-31,0.0,0.09303505474018231,0.0,3.0689981285262022,2023-03-31
I,8,2,2023-03-24,2023-04-07,0.0,0.09113612185029293,0.0,3.067099195636313,2023-04-07
I,8,2,2023-03-31,2023-04-14,0.0,0.11841895415941245,0.0,3.0943820279454326,2023-04-14
I,8,2,2023-04-07,2023-04-21,0.0,0.15088674326235257,0.0,3.1268498170483725,2023-04-21
I,8,2,2023-04-14,2023-04-28,0.0,0.2868208050209291,0.0,3.262783878806949,2023-04-28
I,8,2,2023-04-21,2023-05-05,1.0,0.22346485018515055,0.0,3.1994279239711707,2023-05-05
I,8,2,2023-04-28,2023-05-12,0.0,0.1342826160626641,0.0,3.1102456898486843,2023-05-12
I,8,2,2023-05-05,2023-05-19,0.0,0.3718595182872864,0.0,3.3478225920733067,2023-05-19
I,8,2,2023-05-12,2023-05-26,0.0,0.7842373774338234,0.0,3.7602004512198435,2023-05-26
I,8,2,2023-05-19,2023-06-02,0.0,0.6836272324787308,0.0,3.659590306264751,2023-06-02
I,8,2,2023-05-26,2023-06-09,1.0,0.8310801455852983,0.0,3.8070432193713186,2023-06-09
I,8,2,2023-06-02,2023-06-16,0.0,1.1044185776975999,0.0,4.08038165148362,2023-06-16
I,8,2,2023-06-09,2023-06-23,1.0,2.5421322113211273,1.0772067572101767,5.518095285107147,2023-06-23
I,8,2,2023-06-16,2023-06-30,0.0,0.7228426917868419,0.0,3.698805765572862,2023-06-30
I,8,2,2023-06-23,2023-07-07,0.0,0.6131744103248542,0.0,3.589137484110874,2023-07-07
I,8,2,2023-06-30,2023-07-14,0.0,0.6857580767486811,0.0,3.661721150534701,2023-07-14
I,8,2,2023-07-07,2023-07-21,0.0,0.9416661715195891,0.0,3.9176292453056094,2023-07-21
I,8,2,2023-07-14,2023-07-28,5.0,1.7782172843395598,0.2360850730184325,4.75418035812558,2023-07-28
I,8,2,2023-07-21,2023-08-04,2.0,3.077488558761728,1.535356347440601,6.053451632547748,2023-08-04
I,8,2,2023-07-28,2023-08-11,10.0,4.530594605559285,2.988462394238158,7.506557679345305,2023-08-11
I,8,2,2023-08-04,2023-08-18,4.0,2.922780604122632,1.3806483928015045,5.8987436779086515,2023-08-18
I,8,2,2023-08-11,2023-08-25,3.0,2.2294718344945093,0.6873396231733819,5.45125455015495,2023-08-25
I,8,2,2023-08-18,2023-09-01,1.0,2.0212613322912607,0.4791291209701334,5.243044047951701,2023-09-01
I,8,2,2023-08-25,2023-09-08,1.0,5.065266458202964,3.5231342468818365,10.53467185264368,2023-09-08
I,8,2,2023-09-01,2023-09-15,5.0,4.662906078786586,3.1207738674654584,10.1323114732273,2023-09-15
I,8,2,2023-09-08,2023-09-22,4.0,2.039211406455404,0.49707919513427656,7.508616800896119,2023-09-22
I,8,2,2023-09-15,2023-09-29,2.0,1.3973394819873572,0.0,6.866744876428072,2023-09-29
I,8,2,2023-09-22,2023-10-06,1.0,2.0421792405593835,0.0,7.511584635000098,2023-10-06
I,8,2,2023-09-29,2023-10-13,0.0,3.483514461694659,0.0,8.952919856135374,2023-10-13
I,8,2,2023-10-06,2023-10-20,1.0,1.0592228561262897,0.0,6.528628250567005,2023-10-20
I,8,2,2023-10-13,2023-10-27,0.0,0.49429066214096085,0.0,5.963696056581676,2023-10-27
I,8,2,2023-10-20,2023-11-03,2.0,0.7333155236796967,0.0,6.202720918120411,2023-11-03
I,8,2,2023-10-27,2023-11-10,0.0,0.4393919155948285,0.0,5.908797310035544,2023-11-10
I,8,2,2023-11-03,2023-11-17,0.0,0.7310606282583151,0.0,6.20046602269903,2023-11-17
I,8,2,2023-11-10,2023-11-24,0.0,0.37732580118805686,0.0,5.846731195628772,2023-11-24
I,8,2,2023-11-17,2023-12-01,0.0,0.22691107798955895,0.0,5.696316472430274,2023-12-01
I,8,2,2023-11-24,2023-12-08,1.0,0.20465844663075278,0.0,5.674063841071468,2023-12-08
I,8,2,2023-12-01,2023-12-15,1.0,0.2307738301508571,0.0,5.700179224591572,2023-12-15
I,8,2,2023-12-08,2023-12-22,0.0,0.1967715309082828,0.0,5.6661769253489975,2023-12-22
I,8,2,2023-12-15,2023-12-29,0.0,0.231734327325401,0.0,5.701139721766116,2023-12-29
I,8,2,2023-12-22,2024-01-05,1.0,0.35791744606042236,0.0,5.827322840501137,2024-01-05
I,8,2,2023-12-29,2024-01-12,0.0,0.22210810188799793,0.0,5.691513496328713,2024-01-12
I,8,2,2024-01-05,2024-01-19,0.0,0.18376549159017677,0.0,5.653170886030892,2024-01-19
I,8,2,2024-01-12,2024-01-26,0.0,0.4251453983352545,0.0,5.894550792775969,2024-01-26
I,8,2,2024-01-19,2024-02-02,1.0,0.1581805740982508,0.0,5.627585968538965,2024-02-02
I,8,2,2024-01-26,2024-02-09,0.0,0.11902727587211205,0.0,5.588432670312827,2024-02-09
I,8,2,2024-02-02,2024-02-16,0.0,0.2504104620408117,0.0,5.719815856481526,2024-02-16
I,8,2,2024-02-09,2024-02-23,0.0,0.24685883898689068,0.0,5.716264233427606,2024-02-23
I,8,2,2024-02-16,2024-03-01,0.0,0.2527627457852091,0.0,5.722168140225924,2024-03-01
I,8,2,2024-02-23,2024-03-08,0.0,0.20330887248072657,0.0,5.672714266921441,2024-03-08
I,8,2,2024-03-01,2024-03-15,0.0,0.1566874662739569,0.0,5.626092860714672,2024-03-15
I,8,2,2024-03-08,2024-03-22,0.0,0.1910337694937124,0.0,5.660439163934427,2024-03-22
I,8,2,2024-03-15,2024-03-29,1.0,0.12792617072070156,0.0,5.597331565161417,2024-03-29
I,8,2,2024-03-22,2024-04-05,0.0,0.13480470966561547,0.0,5.60421010410633,2024-04-05
I,8,2,2024-03-29,2024-04-12,0.0,0.28031076437735847,0.0,5.749716158818074,2024-04-12
I,8,2,2024-04-05,2024-04-19,0.0,0.30278540179579533,0.0,5.77219079623651,2024-04-19
I,8,2,2024-04-12,2024-04-26,0.0,0.1738548006032012,0.0,5.643260195043916,2024-04-26
I,8,2,2024-04-19,2024-05-03,0.0,0.24515835623157464,0.0,5.71456375067229,2024-05-03
I,8,2,2024-04-26,2024-05-10,0.0,0.3311925820772601,0.0,5.800597976517975,2024-05-10
I,8,2,2024-05-03,2024-05-17,0.0,0.2412674406139113,0.0,5.710672835054626,2024-05-17
I,8,2,2024-05-10,2024-05-24,0.0,0.17334235016311145,0.0,5.6427477446038266,2024-05-24
I,8,2,2024-05-17,2024-05-31,0.0,0.2260799206034782,0.0,5.695485315044193,2024-05-31
I,8,2,2024-05-24,2024-06-07,2.0,0.760820463276949,0.0,6.230225857717664,2024-06-07
I,8,2,2024-05-31,2024-06-14,0.0,0.45072015563139695,0.0,5.920125550072112,2024-06-14
I,8,2,2024-06-07,2024-06-21,0.0,0.5900233509207639,0.0,6.059428745361479,2024-06-21
I,8,2,2024-06-14,2024-06-28,3.0,0.6104766587243788,0.0,6.079882053165093,2024-06-28
I,8,2,2024-06-21,2024-07-05,1.0,0.7720268575543979,0.0,6.241432251995112,2024-07-05
I,8,2,2024-06-28,2024-07-12,3.0,0.5071637189771364,0.0,5.976569113417852,2024-07-12
I,8,2,2024-07-05,2024-07-19,2.0,1.3826132431627043,0.0,6.852018637603419,2024-07-19
I,8,2,2024-07-12,2024-07-26,2.0,1.6480252237987478,0.0,7.117430618239463,2024-07-26
I,8,2,2024-07-19,2024-08-02,9.0,4.115182034358808,0.0499155761558443,9.584587428799523,2024-08-02
I,8,2,2024-07-26,2024-08-09,8.0,3.9463230724943363,0.0,9.41572846693505,2024-08-09
I,8,2,2024-08-02,2024-08-16,5.0,3.20785824167085,0.0,8.677263636111565,2024-08-16
I,8,2,2024-08-09,2024-08-23,2.0,4.05666161391287,0.0,9.526067008353586,2024-08-23
I,8,2,2024-08-16,2024-08-30,0.0,2.080829924584417,0.0,7.550235319025132,2024-08-30
I,8,2,2024-08-23,2024-09-06,2.0,3.6453438360497956,0.0,9.11474923049051,2024-09-06
I,8,2,2024-08-30,2024-09-13,4.0,4.195524416335392,0.1302579581324279,9.664929810776107,2024-09-13
I,8,2,2024-09-06,2024-09-20,2.0,2.6214666375620435,0.0,8.090872032002759,2024-09-20
I,8,2,2024-09-13,2024-09-27,0.0,3.939364134645776,0.0,9.408769529086491,2024-09-27
I,8,2,2024-09-20,2024-10-04,1.0,2.1445467707884376,0.0,7.613952165229152,2024-10-04
I,8,2,2024-09-27,2024-10-11,0.0,1.7638825139552632,0.0,7.233287908395978,2024-10-11
I,8,2,2024-10-04,2024-10-18,1.0,0.9383171022661162,0.0,5.823135067907308,2024-10-18
I,8,2,2024-10-11,2024-10-25,4.0,0.5845200386410346,0.0,5.469338004282227,2024-10-25
I,8,2,2024-10-18,2024-11-01,2.0,1.1464432139759693,0.0,6.031261179617161,2024-11-01
I,8,2,2024-10-25,2024-11-08,1.0,3.5330789878749047,0.0,8.417896953516097,2024-11-08
I,8,2,2024-11-01,2024-11-15,0.0,1.6521131977689703,0.0,6.536931163410162,2024-11-15
I,8,2,2024-11-08,2024-11-22,0.0,1.65453453063344,0.0,6.539352496274632,2024-11-22
I,8,2,2024-11-15,2024-11-29,0.0,0.9848743483299749,0.0,5.869692313971167,2024-11-29
I,8,2,2024-11-22,2024-12-06,0.0,0.45727186871780395,0.0,5.342089834358996,2024-12-06
I,8,2,2024-11-29,2024-12-13,0.0,0.3698385594809689,0.0,5.254656525122161,2024-12-13
I,8,2,2024-12-06,2024-12-20,1.0,0.5183083709192295,0.0,5.403126336560422,2024-12-20
I,8,2,2024-12-13,2024-12-27,0.0,0.2425407446173847,0.0,5.1273587102585765,2024-12-27
I,8,2,2024-12-20,2025-01-03,0.0,0.7133380289275378,0.0,5.59815599456873,2025-01-03
I,8,2,2024-12-27,2025-01-10,0.0,0.3913552480588274,0.0,5.2761732137000195,2025-01-10
I,8,2,2025-01-03,2025-01-17,0.0,0.19969899527446483,0.0,5.084516960915657,2025-01-17
I,8,2,2025-01-10,2025-01-24,0.0,0.2482365641709286,0.0,5.133054529812121,2025-01-24
I,8,2,2025-01-17,2025-01-31,0.0,0.20527973079744607,0.0,5.0900976964386375,2025-01-31
I,8,2,2025-01-24,2025-02-07,0.0,0.15778424508351968,0.0,5.042602210724712,2025-02-07
I,8,2,2025-01-31,2025-02-14,0.0,0.14163327631342323,0.0,5.026451241954615,2025-02-14
I,8,2,2025-02-07,2025-02-21,0.0,0.25116462796788813,0.0,5.13598259360908,2025-02-21
I,8,2,2025-02-14,2025-02-28,1.0,0.13685929797678964,0.0,5.021677263617981,2025-02-28
I,8,2,2025-02-21,2025-03-07,0.0,0.16315939847817587,0.0,5.047977364119368,2025-03-07
I,8,2,2025-02-28,2025-03-14,0.0,0.2753614045391631,0.0,5.160179370180355,2025-03-14
I,8,2,2025-03-07,2025-03-21,1.0,0.33144396196963394,0.0,5.216261927610826,2025-03-21
I,8,2,2025-03-14,2025-03-28,1.0,0.26757139915185524,0.0,5.152389364793047,2025-03-28
I,8,2,2025-03-21,2025-04-04,0.0,0.29534472645551907,0.0,5.180162692096711,2025-04-04
I,8,2,2025-03-28,2025-04-11,0.0,0.9873850308283606,0.0,5.872202996469553,2025-04-11
I,8,2,2025-04-04,2025-04-18,1.0,0.5282018212104146,0.0,5.413019786851606,2025-04-18
I,8,2,2025-04-11,2025-04-25,1.0,0.2789382928407102,0.0,5.163756258481902,2025-04-25
I,8,2,2025-04-18,2025-05-02,0.0,0.38007435876716283,0.0,5.264892324408355,2025-05-02
I,8,2,2025-04-25,2025-05-09,1.0,0.7951095321322159,0.0,5.6799274977734076,2025-05-09
I,8,2,2025-05-02,2025-05-16,1.0,0.9238383243536589,0.0,5.80865628999485,2025-05-16
I,8,2,2025-05-09,2025-05-23,1.0,0.6206213187635629,0.0,5.505439284404755,2025-05-23
I,8,2,2025-05-16,2025-05-30,0.0,1.2252345966562497,0.0,6.110052562297442,2025-05-30
I,8,2,2025-05-23,2025-06-06,0.0,1.3081575466897466,0.0,6.192975512330938,2025-06-06
I,8,2,2025-05-30,2025-06-13,0.0,1.4184598696424628,0.0,6.303277835283655,2025-06-13
I,8,2,2025-06-06,2025-06-20,2.0,1.6560797519818984,0.0,6.54089771762309,2025-06-20
I,8,2,2025-06-13,2025-06-27,2.0,0.6588901431629903,0.0,5.543708108804182,2025-06-27
I,8,2,2025-06-20,2025-07-04,2.0,1.070743765778617,0.0,5.955561731419809,2025-07-04
I,8,2,2025-06-27,2025-07-11,2.0,2.6241929388300456,0.0,7.509010904471237,2025-07-11
I,8,2,2025-07-04,2025-07-18,2.0,2.8026802594913396,0.0,7.687498225132531,2025-07-18
I,8,2,2025-07-11,2025-07-25,4.0,2.6878546314326295,0.0,7.572672597073821,2025-07-25
I,8,2,2025-07-18,2025-08-01,16.0,13.404080442580636,9.464716307934859,18.288898408221826,2025-08-01
I,8,2,2025-07-25,2025-08-08,10.0,3.95957350070881,0.02020936606303403,8.844391466350002,2025-08-08
I,8,2,2025-08-01,2025-08-15,0.0,3.307623778223416,0.0,8.192441743864608,2025-08-15
I,8,2,2025-08-08,2025-08-22,2.0,2.37387293339753,0.0,7.258690899038722,2025-08-22
I,8,2,2025-08-15,2025-08-29,0.0,1.6966361231501177,0.0,6.581454088791309,2025-08-29
I,8,2,2025-08-22,2025-09-05,0.0,2.65781838494864,0.0,8.69824488423983,2025-09-05
J,9,2,2023-02-17,2023-03-03,0.0,0.1193728384184631,0.0,1.3174352911190355,2023-03-03
J,9,2,2023-02-24,2023-03-10,1.0,0.12857363106146322,0.0,1.3266360837620355,2023-03-10
J,9,2,2023-03-03,2023-03-17,0.0,0.1454096218432049,0.0,1.3434720745437772,2023-03-17
J,9,2,2023-03-10,2023-03-24,0.0,0.12463917097296316,0.0,1.3227016236735354,2023-03-24
J,9,2,2023-03-17,2023-03-31,0.0,0.15941264468622407,0.0,1.3574750973867964,2023-03-31
J,9,2,2023-03-24,2023-04-07,0.0,0.14287960458676363,0.0,1.3409420572873358,2023-04-07
J,9,2,2023-03-31,2023-04-14,0.0,0.14821359078756224,0.0,1.3462760434881345,2023-04-14
J,9,2,2023-04-07,2023-04-21,1.0,0.20485170772587294,0.0,1.4029141604264452,2023-04-21
J,9,2,2023-04-14,2023-04-28,0.0,0.39822757817482696,0.0,1.5962900308753993,2023-04-28
J,9,2,2023-04-21,2023-05-05,0.0,0.2987361992239396,0.0,1.496798651924512,2023-05-05
J,9,2,2023-04-28,2023-05-12,0.0,0.2934291900954105,0.0,1.4914916427959828,2023-05-12
J,9,2,2023-05-05,2023-05-19,0.0,0.4102680556117541,0.0,1.6083305083123265,2023-05-19
J,9,2,2023-05-12,2023-05-26,1.0,0.44085693439199847,0.0,1.638919387092571,2023-05-26
J,9,2,2023-05-19,2023-06-02,0.0,0.3384772681497128,0.0,1.5365397208502851,2023-06-02
J,9,2,2023-05-26,2023-06-09,0.0,1.2761196333985723,0.0,2.4741820860991446,2023-06-09
J,9,2,2023-06-02,2023-06-16,0.0,0.5215210513686981,0.0,1.7195835040692704,2023-06-16
J,9,2,2023-06-09,2023-06-23,0.0,4.3414399125069725,2.310489155795185,5.539502365207545,2023-06-23
J,9,2,2023-06-16,2023-06-30,0.0,0.6088434949556607,0.0,1.806905947656233,2023-06-30
J,9,2,2023-06-23,2023-07-07,0.0,0.4791051089327123,0.0,1.6771675616332846,2023-07-07
J,9,2,2023-06-30,2023-07-14,0.0,0.36677095221350065,0.0,1.564833404914073,2023-07-14
J,9,2,2023-07-07,2023-07-21,0.0,0.30589157455021,0.0,1.5039540272507823,2023-07-21
J,9,2,2023-07-14,2023-07-28,2.0,3.3051861590613156,0.0,4.503248611761888,2023-07-28
J,9,2,2023-07-21,2023-08-04,3.0,5.791682214519671,1.4502423020126987,6.9897446672202435,2023-08-04
J,9,2,2023-07-28,2023-08-11,9.0,6.422913240160269,2.0814733276532964,7.620975692860841,2023-08-11
J,9,2,2023-08-04,2023-08-18,6.0,2.2590261614326286,0.0,3.457088614133201,2023-08-18
J,9,2,2023-08-11,2023-08-25,1.0,2.1577266881942996,0.0,3.355789140894872,2023-08-25
J,9,2,2023-08-18,2023-09-01,1.0,1.942033042710139,0.0,3.140095495410711,2023-09-01
J,9,2,2023-08-25,2023-09-08,3.0,5.807013004529431,1.4655730920224581,8.38409976436916,2023-09-08
J,9,2,2023-09-01,2023-09-15,5.0,5.6942061680889,1.352766255581927,9.435180006656271,2023-09-15
J,9,2,2023-09-08,2023-09-22,0.0,0.9117392137941442,0.0,4.6527130523615154,2023-09-22
J,9,2,2023-09-15,2023-09-29,3.0,1.0133859127328977,0.0,4.754359751300269,2023-09-29
J,9,2,2023-09-22,2023-10-06,3.0,2.1485223168347916,0.0,5.889496155402163,2023-10-06
J,9,2,2023-09-29,2023-10-13,4.0,2.906111738415591,0.0,6.647085576982962,2023-10-13
J,9,2,2023-10-06,2023-10-20,0.0,0.8553599134331409,0.0,4.596333752000512,2023-10-20
J,9,2,2023-10-13,2023-10-27,0.0,0.6153816769376848,0.0,4.356355515505056,2023-10-27
J,9,2,2023-10-20,2023-11-03,1.0,0.6258586726807991,0.0,4.3668325112481705,2023-11-03
J,9,2,2023-10-27,2023-11-10,0.0,0.36689434945176885,0.0,4.1078681880191406,2023-11-10
J,9,2,2023-11-03,2023-11-17,1.0,0.5610528755158638,0.0,4.302026714083235,2023-11-17
J,9,2,2023-11-10,2023-11-24,0.0,0.4255203170222871,0.0,4.166494155589659,2023-11-24
J,9,2,2023-11-17,2023-12-01,0.0,0.17062205319503052,0.0,3.911595891762402,2023-12-01
J,9,2,2023-11-24,2023-12-08,0.0,0.2745161002407508,0.0,4.015489938808122,2023-12-08
J,9,2,2023-12-01,2023-12-15,0.0,0.35724380805898126,0.0,4.0982176466263525,2023-12-15
J,9,2,2023-12-08,2023-12-22,0.0,0.14235206075045997,0.0,3.8833258993178315,2023-12-22
J,9,2,2023-12-15,2023-12-29,0.0,0.19036864732494632,0.0,3.931342485892318,2023-12-29
J,9,2,2023-12-22,2024-01-05,0.0,0.10600446532025336,0.0,3.846978303887625,2024-01-05
J,9,2,2023-12-29,2024-01-12,0.0,0.18124118726645871,0.0,3.92221502583383,2024-01-12
J,9,2,2024-01-05,2024-01-19,0.0,0.20437658774448808,0.0,3.9453504263118595,2024-01-19
J,9,2,2024-01-12,2024-01-26,1.0,0.4950407704566404,0.0,4.236014609024012,2024-01-26
J,9,2,2024-01-19,2024-02-02,0.0,0.21771199749764264,0.0,3.958685836065014,2024-02-02
J,9,2,2024-01-26,2024-02-09,0.0,0.328668392481801,0.0,4.069642231049173,2024-02-09
J,9,2,2024-02-02,2024-02-16,0.0,0.16654164039958433,0.0,3.907515478966956,2024-02-16
J,9,2,2024-02-09,2024-02-23,0.0,0.16630477841713315,0.0,3.9072786169845046,2024-02-23
J,9,2,2024-02-16,2024-03-01,0.0,0.1775017420319116,0.0,3.9184755805992832,2024-03-01
J,9,2,2024-02-23,2024-03-08,0.0,0.22128433335755104,0.0,3.9622581719249226,2024-03-08
J,9,2,2024-03-01,2024-03-15,0.0,0.1648168591879747,0.0,3.905790697755346,2024-03-15
J,9,2,2024-03-08,2024-03-22,0.0,0.39922350268725704,0.0,4.140197341254629,2024-03-22
J,9,2,2024-03-15,2024-03-29,2.0,0.13927171434503988,0.0,3.8802455529124114,2024-03-29
J,9,2,2024-03-22,2024-04-05,0.0,0.11875737428061148,0.0,3.859731212847983,2024-04-05
J,9,2,2024-03-29,2024-04-12,0.0,0.17999878576310305,0.0,3.9209726243304743,2024-04-12
J,9,2,2024-04-05,2024-04-19,0.0,0.25267131030366424,0.0,3.993645148871036,2024-04-19
J,9,2,2024-04-12,2024-04-26,0.0,0.20933415002330674,0.0,3.950307988590678,2024-04-26
J,9,2,2024-04-19,2024-05-03,0.0,0.3727194284249809,0.0,4.113693266992352,2024-05-03
J,9,2,2024-04-26,2024-05-10,1.0,0.3928479433168789,0.0,4.13382178188425,2024-05-10
J,9,2,2024-05-03,2024-05-17,0.0,0.2388522620188926,0.0,3.979826100586264,2024-05-17
J,9,2,2024-05-10,2024-05-24,1.0,0.35828395082018105,0.0,4.099257789387552,2024-05-24
J,9,2,2024-05-17,2024-05-31,2.0,0.44039603688820966,0.0,4.181369875455581,2024-05-31
J,9,2,2024-05-24,2024-06-07,0.0,1.4535110512689646,0.0,5.194484889836336,2024-06-07
J,9,2,2024-05-31,2024-06-14,0.0,0.8960571618123713,0.0,4.637031000379743,2024-06-14
J,9,2,2024-06-07,2024-06-21,1.0,0.8773983095796051,0.0,4.618372148146976,2024-06-21
J,9,2,2024-06-14,2024-06-28,0.0,0.5027963247283157,0.0,4.243770163295687,2024-06-28
J,9,2,2024-06-21,2024-07-05,1.0,0.7501350178854037,0.0,4.491108856452775,2024-07-05
J,9,2,2024-06-28,2024-07-12,0.0,0.976043078570602,0.0,4.717016917137974,2024-07-12
J,9,2,2024-07-05,2024-07-19,1.0,0.7876214127922949,0.0,4.528595251359667,2024-07-19
J,9,2,2024-07-12,2024-07-26,8.0,0.6788865402766564,0.0,4.419860378844028,2024-07-26
J,9,2,2024-07-19,2024-08-02,5.0,5.638912969007412,1.297473056500439,9.379886807574783,2024-08-02
J,9,2,2024-07-26,2024-08-09,13.0,2.9033839098136074,0.0,6.644357748380979,2024-08-09
J,9,2,2024-08-02,2024-08-16,3.0,2.9613186686590036,0.0,6.702292507226375,2024-08-16
J,9,2,2024-08-09,2024-08-23,4.0,3.3591751814491735,0.0,10.680288641172517,2024-08-23
J,9,2,2024-08-16,2024-08-30,5.0,2.327352012456636,0.0,9.648465472179979,2024-08-30
J,9,2,2024-08-23,2024-09-06,5.0,4.338319051277225,1.5313060467477948,14.434935141463619,2024-09-06
J,9,2,2024-08-30,2024-09-13,6.0,5.40037506954931,2.593362065019879,15.496991159735703,2024-09-13
J,9,2,2024-09-06,2024-09-20,11.0,2.4806089871822863,0.0,12.577225077368679,2024-09-20
J,9,2,2024-09-13,2024-09-27,4.0,5.225653836818644,2.4186408322892134,15.322269927005037,2024-09-27
J,9,2,2024-09-20,2024-10-04,0.0,2.1719777527242767,0.0,12.268593842910668,2024-10-04
J,9,2,2024-09-27,2024-10-11,1.0,3.088032005569689,0.28101900104025823,13.184648095756081,2024-10-11
J,9,2,2024-10-04,2024-10-18,2.0,1.250707402656061,0.0,11.347323492842454,2024-10-18
J,9,2,2024-10-11,2024-10-25,1.0,0.8713194579221636,0.0,10.967935548108557,2024-10-25
J,9,2,2024-10-18,2024-11-01,1.0,1.3666307481799158,0.0,11.463246838366308,2024-11-01
J,9,2,2024-10-25,2024-11-08,8.0,5.406457313425364,2.599444308895934,15.503073403611758,2024-11-08
J,9,2,2024-11-01,2024-11-15,0.0,0.4870177247623691,0.0,10.583633814948762,2024-11-15
J,9,2,2024-11-08,2024-11-22,0.0,1.3300626131172135,0.0,11.426678703303606,2024-11-22
J,9,2,2024-11-15,2024-11-29,1.0,0.963910942510041,0.0,11.060527032696434,2024-11-29
J,9,2,2024-11-22,2024-12-06,0.0,0.41455484073434884,0.0,10.511170930920741,2024-12-06
J,9,2,2024-11-29,2024-12-13,1.0,0.4484901764436132,0.0,10.545106266630006,2024-12-13
J,9,2,2024-12-06,2024-12-20,0.0,0.9318591242133089,0.0,11.028475214399702,2024-12-20
J,9,2,2024-12-13,2024-12-27,0.0,0.3490671617775829,0.0,10.445683251963976,2024-12-27
J,9,2,2024-12-20,2025-01-03,0.0,0.41753456193420135,0.0,10.514150652120595,2025-01-03
J,9,2,2024-12-27,2025-01-10,0.0,0.438670925751915,0.0,10.535287015938307,2025-01-10
J,9,2,2025-01-03,2025-01-17,1.0,0.18753393341003863,0.0,10.284150023596432,2025-01-17
J,9,2,2025-01-10,2025-01-24,0.0,0.37977908115427517,0.0,10.476395171340668,2025-01-24
J,9,2,2025-01-17,2025-01-31,1.0,0.12757876924083955,0.0,10.224194859427232,2025-01-31
J,9,2,2025-01-24,2025-02-07,0.0,0.2528080046268684,0.0,10.34942409481326,2025-02-07
J,9,2,2025-01-31,2025-02-14,2.0,0.3781863543874145,0.0,10.474802444573807,2025-02-14
J,9,2,2025-02-07,2025-02-21,0.0,0.5068836995436451,0.0,10.603499789730037,2025-02-21
J,9,2,2025-02-14,2025-02-28,0.0,0.25791893334890886,0.0,10.354535023535302,2025-02-28
J,9,2,2025-02-21,2025-03-07,1.0,0.9606428201464371,0.0,11.05725891033283,2025-03-07
J,9,2,2025-02-28,2025-03-14,0.0,0.3084297314952138,0.0,10.405045821681606,2025-03-14
J,9,2,2025-03-07,2025-03-21,0.0,0.44844608065256575,0.0,10.545062170838959,2025-03-21
J,9,2,2025-03-14,2025-03-28,0.0,0.45584002432717496,0.0,10.552456114513568,2025-03-28
J,9,2,2025-03-21,2025-04-04,0.0,0.1799894090373216,0.0,10.276605499223715,2025-04-04
J,9,2,2025-03-28,2025-04-11,0.0,0.19751117660936787,0.0,10.29412726679576,2025-04-11
J,9,2,2025-04-04,2025-04-18,0.0,0.1532097912894809,0.0,10.249825881475873,2025-04-18
J,9,2,2025-04-11,2025-04-25,0.0,0.08561261109213993,0.0,10.182228701278532,2025-04-25
J,9,2,2025-04-18,2025-05-02,0.0,0.10561296186939356,0.0,10.202229052055786,2025-05-02
J,9,2,2025-04-25,2025-05-09,0.0,0.14055084221507358,0.0,10.237166932401466,2025-05-09
J,9,2,2025-05-02,2025-05-16,1.0,0.1645668566731865,0.0,10.261182946859579,2025-05-16
J,9,2,2025-05-09,2025-05-23,0.0,0.16540105779121225,0.0,10.262017147977605,2025-05-23
J,9,2,2025-05-16,2025-05-30,0.0,0.2995188935734175,0.0,10.39613498375981,2025-05-30
J,9,2,2025-05-23,2025-06-06,1.0,0.4230911411683928,0.0,10.519707231354785,2025-06-06
J,9,2,2025-05-30,2025-06-13,1.0,0.9597396572694338,0.0,11.056355747455827,2025-06-13
J,9,2,2025-06-06,2025-06-20,0.0,3.418685232794216,1.2467074800699391,13.515301322980608,2025-06-20
J,9,2,2025-06-13,2025-06-27,0.0,1.0676269279472503,0.0,11.164243018133643,2025-06-27
J,9,2,2025-06-20,2025-07-04,2.0,0.511224009922342,0.0,10.607840100108735,2025-07-04
J,9,2,2025-06-27,2025-07-11,3.0,3.181063479415571,1.0090857266912945,13.277679569601965,2025-07-11
J,9,2,2025-07-04,2025-07-18,9.0,5.203970839642757,1.7852856068485412,15.30058692982915,2025-07-18
J,9,2,2025-07-11,2025-07-25,7.0,3.878077476525843,0.4593922437316271,13.974693566712237,2025-07-25
J,9,2,2025-07-18,2025-08-01,25.0,16.57694154854295,13.158256315748735,26.673557638729342,2025-08-01
J,9,2,2025-07-25,2025-08-08,24.0,9.189015515186423,5.770330282392207,19.285631605372814,2025-08-08
J,9,2,2025-08-01,2025-08-15,1.0,4.548982942877985,1.1302977100837692,14.645599033064379,2025-08-15
J,9,2,2025-08-08,2025-08-22,0.0,2.6737327625087546,0.0,12.770348852695147,2025-08-22
J,9,2,2025-08-15,2025-08-29,1.0,1.9201156914774038,0.0,12.016731781663797,2025-08-29
J,9,2,2025-08-22,2025-09-05,0.0,3.1863698716599655,0.0,17.997354356473544,2025-09-05
K,10,2,2023-02-17,2023-03-03,0.0,0.05730801034534983,0.0,1.9565026294483578,2023-03-03
K,10,2,2023-02-24,2023-03-10,0.0,0.05851166265640833,0.0,1.9577062817594164,2023-03-10
K,10,2,2023-03-03,2023-03-17,0.0,0.052168134275540026,0.0,1.951362753378548,2023-03-17
K,10,2,2023-03-10,2023-03-24,0.0,0.031381106860460514,0.0,1.9305757259634686,2023-03-24
K,10,2,2023-03-17,2023-03-31,0.0,0.03600020643566327,0.0,1.9351948255386713,2023-03-31
K,10,2,2023-03-24,2023-04-07,0.0,0.10172206204539283,0.0,2.000916681148401,2023-04-07
K,10,2,2023-03-31,2023-04-14,0.0,0.02504783588006072,0.0,1.9242424549830688,2023-04-14
K,10,2,2023-04-07,2023-04-21,0.0,0.13093447578379735,0.0,2.0301290948868056,2023-04-21
K,10,2,2023-04-14,2023-04-28,0.0,0.21363923886989744,0.0,2.1128338579729053,2023-04-28
K,10,2,2023-04-21,2023-05-05,0.0,0.07196715998379384,0.0,1.971161779086802,2023-05-05
K,10,2,2023-04-28,2023-05-12,0.0,0.05929252836853946,0.0,1.9584871474715475,2023-05-12
K,10,2,2023-05-05,2023-05-19,0.0,0.1468114889139181,0.0,2.0460061080169263,2023-05-19
K,10,2,2023-05-12,2023-05-26,0.0,0.49082340170676647,0.0,2.3900180208097743,2023-05-26
K,10,2,2023-05-19,2023-06-02,0.0,0.2567402614892044,0.0,1.1855047128577494,2023-06-02
K,10,2,2023-05-26,2023-06-09,0.0,1.0420947722107297,0.0,1.9708592235792746,2023-06-09
K,10,2,2023-06-02,2023-06-16,0.0,0.3384056565383254,0.0,1.2671701079068705,2023-06-16
K,10,2,2023-06-09,2023-06-23,1.0,1.0096348615792101,0.0,1.9383993129477552,2023-06-23
K,10,2,2023-06-16,2023-06-30,0.0,0.3073304136392758,0.0,1.236094865007821,2023-06-30
K,10,2,2023-06-23,2023-07-07,0.0,0.48868908912192616,0.0,1.4174535404904711,2023-07-07
K,10,2,2023-06-30,2023-07-14,0.0,0.6683009323972987,0.0,1.5970653837658437,2023-07-14
K,10,2,2023-07-07,2023-07-21,0.0,0.47790116018563944,0.0,1.4066656115541845,2023-07-21
K,10,2,2023-07-14,2023-07-28,4.0,1.5764801034109697,0.1621307493694073,2.5052445547795146,2023-07-28
K,10,2,2023-07-21,2023-08-04,1.0,2.4517346749259894,1.037385320884427,3.3804991262945343,2023-08-04
K,10,2,2023-07-28,2023-08-11,4.0,3.8892655312392335,2.474916177197671,4.818029982607778,2023-08-11
K,10,2,2023-08-04,2023-08-18,0.0,2.6521263995953324,1.23777704555377,3.5808908509638773,2023-08-18
K,10,2,2023-08-11,2023-08-25,1.0,1.7142034993988031,0.29985414535724075,4.137723395987834,2023-08-25
K,10,2,2023-08-18,2023-09-01,0.0,1.1926500741950936,0.0,3.616169970784124,2023-09-01
K,10,2,2023-08-25,2023-09-08,0.0,2.693639085910493,1.2419044109845037,5.117158982499523,2023-09-08
K,10,2,2023-09-01,2023-09-15,1.0,2.1628016067440554,0.0,4.586321503333085,2023-09-15
K,10,2,2023-09-08,2023-09-22,2.0,1.0931929226295198,0.0,3.51671281921855,2023-09-22
K,10,2,2023-09-15,2023-09-29,0.0,0.5591095793786454,0.0,2.9826294759676757,2023-09-29
K,10,2,2023-09-22,2023-10-06,0.0,0.7025767831054363,0.0,3.1260966796944665,2023-10-06
K,10,2,2023-09-29,2023-10-13,0.0,1.0602967840045079,0.0,3.483816680593538,2023-10-13
K,10,2,2023-10-06,2023-10-20,0.0,0.7958362047183131,0.0,3.2193561013073433,2023-10-20
K,10,2,2023-10-13,2023-10-27,0.0,0.23044112704785824,0.0,2.6539610236368887,2023-10-27
K,10,2,2023-10-20,2023-11-03,2.0,0.4126182565759193,0.0,2.8361381531649497,2023-11-03
K,10,2,2023-10-27,2023-11-10,0.0,0.09832860425821575,0.0,2.521848500847246,2023-11-10
K,10,2,2023-11-03,2023-11-17,0.0,0.3565206529459199,0.0,2.78004054953495,2023-11-17
K,10,2,2023-11-10,2023-11-24,0.0,0.24421931720171786,0.0,2.6677392137907483,2023-11-24
K,10,2,2023-11-17,2023-12-01,0.0,0.11642730653546973,0.0,2.5399472031245,2023-12-01
K,10,2,2023-11-24,2023-12-08,1.0,0.08860533206834668,0.0,2.512125228657377,2023-12-08
K,10,2,2023-12-01,2023-12-15,0.0,0.1674135939949034,0.0,2.5909334905839336,2023-12-15
K,10,2,2023-12-08,2023-12-22,0.0,0.07711831476885721,0.0,2.5006382113578876,2023-12-22
K,10,2,2023-12-15,2023-12-29,0.0,0.11534059267385564,0.0,2.538860489262886,2023-12-29
K,10,2,2023-12-22,2024-01-05,0.0,0.12326431481574715,0.0,2.5467842114047774,2024-01-05
K,10,2,2023-12-29,2024-01-12,0.0,0.06643655879180489,0.0,2.489956455380835,2024-01-12
K,10,2,2024-01-05,2024-01-19,0.0,0.2852333251747049,0.0,2.708753221763735,2024-01-19
K,10,2,2024-01-12,2024-01-26,0.0,0.05395838408739602,0.0,2.477478280676426,2024-01-26
K,10,2,2024-01-19,2024-02-02,0.0,0.03141751675192225,0.0,2.4549374133409527,2024-02-02
K,10,2,2024-01-26,2024-02-09,0.0,0.04708922948328278,0.0,2.470609126072313,2024-02-09
K,10,2,2024-02-02,2024-02-16,0.0,0.149284847524116,0.0,2.5728047441131463,2024-02-16
K,10,2,2024-02-09,2024-02-23,0.0,0.07853613868058691,0.0,2.502056035269617,2024-02-23
K,10,2,2024-02-16,2024-03-01,0.0,0.0690236097465445,0.0,2.4925435063355748,2024-03-01
K,10,2,2024-02-23,2024-03-08,0.0,0.052331481036122715,0.0,2.475851377625153,2024-03-08
K,10,2,2024-03-01,2024-03-15,0.0,0.060378038200477026,0.0,2.4838979347895074,2024-03-15
K,10,2,2024-03-08,2024-03-22,0.0,0.07184958441142353,0.0,2.495369481000454,2024-03-22
K,10,2,2024-03-15,2024-03-29,0.0,0.03563656820714921,0.0,2.4591564647961794,2024-03-29
K,10,2,2024-03-22,2024-04-05,0.0,0.06572508770997663,0.0,2.489244984299007,2024-04-05
K,10,2,2024-03-29,2024-04-12,1.0,0.04191267020522232,0.0,2.4654325667942527,2024-04-12
K,10,2,2024-04-05,2024-04-19,0.0,0.09387971041680239,0.0,2.517399607005833,2024-04-19
K,10,2,2024-04-12,2024-04-26,0.0,0.09773897236648015,0.0,2.5212588689555107,2024-04-26
K,10,2,2024-04-19,2024-05-03,0.0,0.6745551098605701,0.0,3.0980750064496005,2024-05-03
K,10,2,2024-04-26,2024-05-10,1.0,0.22897573654106368,0.0,2.652495633130094,2024-05-10
K,10,2,2024-05-03,2024-05-17,0.0,0.16707705562919525,0.0,2.5905969522182257,2024-05-17
K,10,2,2024-05-10,2024-05-24,1.0,0.5746095654911983,0.0,2.998129462080229,2024-05-24
K,10,2,2024-05-17,2024-05-31,0.0,0.43047239046982116,0.0,2.8539922870588517,2024-05-31
K,10,2,2024-05-24,2024-06-07,1.0,1.4070107684966304,0.0,3.8305306650856608,2024-06-07
K,10,2,2024-05-31,2024-06-14,0.0,0.5773828077793923,0.0,3.0009027043684227,2024-06-14
K,10,2,2024-06-07,2024-06-21,0.0,0.8791018484605564,0.0,3.3026217450495867,2024-06-21
K,10,2,2024-06-14,2024-06-28,1.0,0.3922335897085409,0.0,2.815753486297571,2024-06-28
K,10,2,2024-06-21,2024-07-05,2.0,1.0327566388952256,0.0,3.456276535484256,2024-07-05
K,10,2,2024-06-28,2024-07-12,1.0,0.6080635254871906,0.0,3.031583422076221,2024-07-12
K,10,2,2024-07-05,2024-07-19,1.0,1.1512565510529746,0.0,3.574776447642005,2024-07-19
K,10,2,2024-07-12,2024-07-26,1.0,1.365779862276934,0.0,3.7892997588659645,2024-07-26
K,10,2,2024-07-19,2024-08-02,1.0,2.006148922509811,0.0,4.429668819098842,2024-08-02
K,10,2,2024-07-26,2024-08-09,5.0,2.161138643517698,0.0,4.584658540106728,2024-08-09
K,10,2,2024-08-02,2024-08-16,3.0,1.7803096856960736,0.0,4.203829582285104,2024-08-16
K,10,2,2024-08-09,2024-08-23,1.0,2.74224334077548,0.048604254864986984,5.16576323736451,2024-08-23
K,10,2,2024-08-16,2024-08-30,1.0,1.4502064771560492,0.0,3.8737263737450798,2024-08-30
K,10,2,2024-08-23,2024-09-06,0.0,2.0244826613288867,0.0,4.863344017811189,2024-09-06
K,10,2,2024-08-30,2024-09-13,6.0,2.574077059590995,0.0,5.412938416073297,2024-09-13
K,10,2,2024-09-06,2024-09-20,5.0,2.0226330149671132,0.0,4.861494371449416,2024-09-20
K,10,2,2024-09-13,2024-09-27,2.0,2.456290097342811,0.0,5.295151453825113,2024-09-27
K,10,2,2024-09-20,2024-10-04,0.0,1.3208039669441873,0.0,4.1596653234264895,2024-10-04
K,10,2,2024-09-27,2024-10-11,0.0,2.606253894516283,0.0,6.032176834925288,2024-10-11
K,10,2,2024-10-04,2024-10-18,1.0,0.5502592828301794,0.0,3.976182223239184,2024-10-18
K,10,2,2024-10-11,2024-10-25,2.0,0.4791895209341108,0.0,3.9051124613431156,2024-10-25
K,10,2,2024-10-18,2024-11-01,1.0,1.0062470169489637,0.0,4.432169957357969,2024-11-01
K,10,2,2024-10-25,2024-11-08,1.0,1.2667484505317987,0.0,4.692671390940804,2024-11-08
K,10,2,2024-11-01,2024-11-15,0.0,0.5582696779613401,0.0,3.984192618370345,2024-11-15
K,10,2,2024-11-08,2024-11-22,0.0,1.3700057520825872,0.0,4.795928692491592,2024-11-22
K,10,2,2024-11-15,2024-11-29,0.0,0.6993383606039585,0.0,4.125261301012963,2024-11-29
K,10,2,2024-11-22,2024-12-06,0.0,0.3505670877991959,0.0,3.7764900282082006,2024-12-06
K,10,2,2024-11-29,2024-12-13,1.0,0.6207326119979524,0.0,4.046655552406957,2024-12-13
K,10,2,2024-12-06,2024-12-20,1.0,0.6316059303783934,0.0,4.057528870787398,2024-12-20
K,10,2,2024-12-13,2024-12-27,0.0,0.4512204637896178,0.0,3.8771434041986224,2024-12-27
K,10,2,2024-12-20,2025-01-03,0.0,0.5218351519059637,0.0,3.9477580923149684,2025-01-03
K,10,2,2024-12-27,2025-01-10,0.0,0.294777413008184,0.0,3.7207003534171887,2025-01-10
K,10,2,2025-01-03,2025-01-17,0.0,0.05257013279177013,0.0,3.478493073200775,2025-01-17
K,10,2,2025-01-10,2025-01-24,0.0,0.27126011433354125,0.0,3.697183054742546,2025-01-24
K,10,2,2025-01-17,2025-01-31,0.0,0.1271291662249707,0.0,3.5530521066339755,2025-01-31
K,10,2,2025-01-24,2025-02-07,0.0,0.049077807672791345,0.0,3.475000748081796,2025-02-07
K,10,2,2025-01-31,2025-02-14,1.0,0.02896563327987385,0.0,3.4548885736888786,2025-02-14
K,10,2,2025-02-07,2025-02-21,1.0,0.2801965086385745,0.0,3.7061194490475793,2025-02-21
K,10,2,2025-02-14,2025-02-28,0.0,0.06537303567460495,0.0,3.4912959760836095,2025-02-28
K,10,2,2025-02-21,2025-03-07,1.0,0.533549442769025,0.0,3.9594723831780296,2025-03-07
K,10,2,2025-02-28,2025-03-14,0.0,0.2697801820718543,0.0,3.695703122480859,2025-03-14
K,10,2,2025-03-07,2025-03-21,0.0,0.290856147272312,0.0,3.7167790876813167,2025-03-21
K,10,2,2025-03-14,2025-03-28,0.0,0.3376460328449441,0.0,3.763568973253949,2025-03-28
K,10,2,2025-03-21,2025-04-04,0.0,0.1475259556277268,0.0,3.5734488960367314,2025-04-04
K,10,2,2025-03-28,2025-04-11,0.0,0.03416257898710503,0.0,3.46008551939611,2025-04-11
K,10,2,2025-04-04,2025-04-18,0.0,0.12145932489941454,0.0,3.5473822653084195,2025-04-18
K,10,2,2025-04-11,2025-04-25,0.0,0.09485286477923255,0.0,3.5207758051882374,2025-04-25
K,10,2,2025-04-18,2025-05-02,0.0,0.06447507338226177,0.0,3.4903980137912667,2025-05-02
K,10,2,2025-04-25,2025-05-09,0.0,0.08259865769430885,0.0,3.5085215981033135,2025-05-09
K,10,2,2025-05-02,2025-05-16,0.0,0.08035684302223935,0.0,3.506279783431244,2025-05-16
K,10,2,2025-05-09,2025-05-23,1.0,0.13493560816785072,0.0,3.5608585485768556,2025-05-23
K,10,2,2025-05-16,2025-05-30,0.0,0.19069853966665243,0.0,3.6166214800756573,2025-05-30
K,10,2,2025-05-23,2025-06-06,1.0,0.2724063198970203,0.0,3.698329260306025,2025-06-06
K,10,2,2025-05-30,2025-06-13,0.0,0.7364527719839495,0.0,4.162375712392954,2025-06-13
K,10,2,2025-06-06,2025-06-20,1.0,1.27991858965755,0.0,4.705841530066555,2025-06-20
K,10,2,2025-06-13,2025-06-27,0.0,0.5320983330693803,0.0,3.9580212734783853,2025-06-27
K,10,2,2025-06-20,2025-07-04,0.0,0.905454266194143,0.0,4.331377206603148,2025-07-04
K,10,2,2025-06-27,2025-07-11,1.0,1.0679458157932733,0.0,4.4938687562022785,2025-07-11
K,10,2,2025-07-04,2025-07-18,0.0,2.0260485889072943,0.0,5.4519715293163,2025-07-18
K,10,2,2025-07-11,2025-07-25,3.0,0.9063665689831071,0.0,4.332289509392112,2025-07-25
K,10,2,2025-07-18,2025-08-01,15.0,13.456039750069015,10.849785855552732,16.88196269047802,2025-08-01
K,10,2,2025-07-25,2025-08-08,10.0,2.560453944877331,0.0,5.986376885286336,2025-08-08
K,10,2,2025-08-01,2025-08-15,0.0,1.6555479206000752,0.0,5.08147086100908,2025-08-15
K,10,2,2025-08-08,2025-08-22,1.0,2.0332907077801563,0.0,5.459213648189161,2025-08-22
K,10,2,2025-08-15,2025-08-29,1.0,0.7959509925307863,0.0,4.221873932939791,2025-08-29
K,10,2,2025-08-22,2025-09-05,0.0,2.3261366733952578,0.0,9.765682728517927,2025-09-05
L,11,2,2023-02-17,2023-03-03,0.0,0.059351750525129435,0.0,0.9420860146858594,2023-03-03
L,11,2,2023-02-24,2023-03-10,0.0,0.03755310679069484,0.0,0.9202873709514248,2023-03-10
L,11,2,2023-03-03,2023-03-17,0.0,0.04733278633141374,0.0,0.9300670504921437,2023-03-17
L,11,2,2023-03-10,2023-03-24,0.0,0.03224892937977375,0.0,0.9149831935405037,2023-03-24
L,11,2,2023-03-17,2023-03-31,0.0,0.02973580147321128,0.0,0.9124700656339413,2023-03-31
L,11,2,2023-03-24,2023-04-07,0.0,0.0282370244923608,0.0,0.9109712886530907,2023-04-07
L,11,2,2023-03-31,2023-04-14,0.0,0.02564888455143325,0.0,0.9083831487121632,2023-04-14
L,11,2,2023-04-07,2023-04-21,0.0,0.03373583106771714,0.0,0.9164700952284471,2023-04-21
L,11,2,2023-04-14,2023-04-28,0.0,0.3280150465539028,0.0,1.2107493107146328,2023-04-28
L,11,2,2023-04-21,2023-05-05,0.0,0.06682368460061898,0.0,0.9495579487613489,2023-05-05
L,11,2,2023-04-28,2023-05-12,0.0,0.12144920517912841,0.0,1.0041834693398584,2023-05-12
L,11,2,2023-05-05,2023-05-19,0.0,0.1262352339148239,0.0,1.008969498075554,2023-05-19
L,11,2,2023-05-12,2023-05-26,0.0,0.29683005114563893,0.0,1.1795643153063688,2023-05-26
L,11,2,2023-05-19,2023-06-02,0.0,0.20836854158236312,0.0,1.0911028057430932,2023-06-02
L,11,2,2023-05-26,2023-06-09,0.0,0.6755471508908771,0.0,1.558281415051607,2023-06-09
L,11,2,2023-06-02,2023-06-16,0.0,0.2436128702481626,0.0,1.1263471344088927,2023-06-16
L,11,2,2023-06-09,2023-06-23,0.0,1.6232820141766777,0.0,2.3665026151039963,2023-06-23
L,11,2,2023-06-16,2023-06-30,0.0,0.3844157698445097,0.0,1.1276363707718282,2023-06-30
L,11,2,2023-06-23,2023-07-07,1.0,0.26380776680088147,0.0,1.0070283677282,2023-07-07
L,11,2,2023-06-30,2023-07-14,0.0,0.2988320642726896,0.0,1.042052665200008,2023-07-14
L,11,2,2023-07-07,2023-07-21,1.0,0.33037941390748554,0.0,1.073600014834804,2023-07-21
L,11,2,2023-07-14,2023-07-28,1.0,1.6445180837682327,0.0,2.387738684695551,2023-07-28
L,11,2,2023-07-21,2023-08-04,0.0,2.341967489628121,0.0,3.0851880905554396,2023-08-04
L,11,2,2023-07-28,2023-08-11,1.0,3.427392692380069,0.9447764091116495,4.170613293307388,2023-08-11
L,11,2,2023-08-04,2023-08-18,1.0,1.3299151833556708,0.0,2.0731357842829894,2023-08-18
L,11,2,2023-08-11,2023-08-25,0.0,1.3300949471077905,0.0,2.073315548035109,2023-08-25
L,11,2,2023-08-18,2023-09-01,0.0,1.2783513489825284,0.0,2.021571949909847,2023-09-01
L,11,2,2023-08-25,2023-09-08,0.0,2.216530255861147,0.0,2.9597508567884656,2023-09-08
L,11,2,2023-09-01,2023-09-15,3.0,2.6453805178061334,0.16276423453771383,3.388601118733452,2023-09-15
L,11,2,2023-09-08,2023-09-22,0.0,0.4370284118117046,0.0,1.180249012739023,2023-09-22
L,11,2,2023-09-15,2023-09-29,0.0,0.6847328450001076,0.0,1.4279534459274261,2023-09-29
L,11,2,2023-09-22,2023-10-06,0.0,0.5592117639508404,0.0,1.295403997149959,2023-10-06
L,11,2,2023-09-29,2023-10-13,1.0,0.8869908677741742,0.0,1.6231831009732929,2023-10-13
L,11,2,2023-10-06,2023-10-20,1.0,0.13955035376981476,0.0,0.8757425869689333,2023-10-20
L,11,2,2023-10-13,2023-10-27,0.0,0.33873576763095337,0.0,1.074928000830072,2023-10-27
L,11,2,2023-10-20,2023-11-03,1.0,0.3349000049028272,0.0,1.0710922381019456,2023-11-03
L,11,2,2023-10-27,2023-11-10,0.0,0.18326630267898827,0.0,0.9194585358781068,2023-11-10
L,11,2,2023-11-03,2023-11-17,0.0,0.23808229615516824,0.0,1.0985319423853535,2023-11-17
L,11,2,2023-11-10,2023-11-24,0.0,0.14000945405865886,0.0,1.000459100288844,2023-11-24
L,11,2,2023-11-17,2023-12-01,0.0,0.0938862808175744,0.0,0.9543359270477597,2023-12-01
L,11,2,2023-11-24,2023-12-08,0.0,0.04097397126585076,0.0,0.9014236174960361,2023-12-08
L,11,2,2023-12-01,2023-12-15,0.0,0.09487081935831647,0.0,0.9553204655885017,2023-12-15
L,11,2,2023-12-08,2023-12-22,0.0,0.050299698370171564,0.0,0.9107493446003568,2023-12-22
L,11,2,2023-12-15,2023-12-29,0.0,0.08265375447386912,0.0,0.9431034007040544,2023-12-29
L,11,2,2023-12-22,2024-01-05,0.0,0.07447372974152464,0.0,0.9349233759717099,2024-01-05
L,11,2,2023-12-29,2024-01-12,0.0,0.04699458979238083,0.0,0.9074442360225661,2024-01-12
L,11,2,2024-01-05,2024-01-19,0.0,0.0460817193890349,0.0,0.9065313656192202,2024-01-19
L,11,2,2024-01-12,2024-01-26,0.0,0.07565475788540126,0.0,0.9361044041155865,2024-01-26
L,11,2,2024-01-19,2024-02-02,0.0,0.044554086703061845,0.0,0.9050037329332471,2024-02-02
L,11,2,2024-01-26,2024-02-09,0.0,0.058791733127654885,0.0,0.9192413793578401,2024-02-09
L,11,2,2024-02-02,2024-02-16,0.0,0.035137124724422264,0.0,0.8955867709546075,2024-02-16
L,11,2,2024-02-09,2024-02-23,0.0,0.07440865450525803,0.0,0.9348583007354433,2024-02-23
L,11,2,2024-02-16,2024-03-01,0.0,0.07298717583971642,0.0,0.9334368220699016,2024-03-01
L,11,2,2024-02-23,2024-03-08,0.0,0.05561079228981819,0.0,0.9160604385200035,2024-03-08
L,11,2,2024-03-01,2024-03-15,0.0,0.02704098540831426,0.0,0.8874906316384995,2024-03-15
L,11,2,2024-03-08,2024-03-22,0.0,0.11265752748931743,0.0,0.9731071737195027,2024-03-22
L,11,2,2024-03-15,2024-03-29,0.0,0.027003049953387297,0.0,0.8874526961835726,2024-03-29
L,11,2,2024-03-22,2024-04-05,0.0,0.04936899794015817,0.0,0.9098186441703434,2024-04-05
L,11,2,2024-03-29,2024-04-12,0.0,0.07188556049136954,0.0,0.9323352067215548,2024-04-12
L,11,2,2024-04-05,2024-04-19,0.0,0.11942207331273921,0.0,0.9798717195429245,2024-04-19
L,11,2,2024-04-12,2024-04-26,0.0,0.04185099533918897,0.0,0.9023006415693743,2024-04-26
L,11,2,2024-04-19,2024-05-03,0.0,0.12173916913459584,0.0,0.9821888153647811,2024-05-03
L,11,2,2024-04-26,2024-05-10,0.0,0.16486583855132847,0.0,1.0253154847815138,2024-05-10
L,11,2,2024-05-03,2024-05-17,0.0,0.13919706117569408,0.0,0.9996467074058794,2024-05-17
L,11,2,2024-05-10,2024-05-24,0.0,0.09948975272407988,0.0,0.9599393989542652,2024-05-24
L,11,2,2024-05-17,2024-05-31,0.0,0.16642849268678758,0.0,1.0268781389169728,2024-05-31
L,11,2,2024-05-24,2024-06-07,0.0,0.6910079857421838,0.0,1.5514576319723692,2024-06-07
L,11,2,2024-05-31,2024-06-14,0.0,0.39832670638320006,0.0,1.2587763526133853,2024-06-14
L,11,2,2024-06-07,2024-06-21,1.0,0.2586364141710357,0.0,1.119086060401221,2024-06-21
L,11,2,2024-06-14,2024-06-28,1.0,0.1405386580085155,0.0,1.0009883042387009,2024-06-28
L,11,2,2024-06-21,2024-07-05,0.0,0.5717392469464644,0.0,1.4321888931766495,2024-07-05
L,11,2,2024-06-28,2024-07-12,0.0,0.8616154432134554,0.0,1.7220650894436407,2024-07-12
L,11,2,2024-07-05,2024-07-19,0.0,0.8489442792596839,0.0,1.7093939254898691,2024-07-19
L,11,2,2024-07-12,2024-07-26,1.0,0.4650091432003971,0.0,1.3254587894305825,2024-07-26
L,11,2,2024-07-19,2024-08-02,8.0,2.60773851322531,0.1803458208452411,3.4681881594554955,2024-08-02
L,11,2,2024-07-26,2024-08-09,4.0,2.8201654438292953,0.3927727514492263,3.6806150900594807,2024-08-09
L,11,2,2024-08-02,2024-08-16,0.0,1.0070202808642514,0.0,1.8674699270944366,2024-08-16
L,11,2,2024-08-09,2024-08-23,1.0,1.7358719011680568,0.0,2.596321547398242,2024-08-23
L,11,2,2024-08-16,2024-08-30,0.0,1.136042093230347,0.0,6.528303580005036,2024-08-30
L,11,2,2024-08-23,2024-09-06,0.0,1.2238315194363272,0.0,6.616093006211017,2024-09-06
L,11,2,2024-08-30,2024-09-13,0.0,2.1971301302014976,0.0,7.589391616976187,2024-09-13
L,11,2,2024-09-06,2024-09-20,1.0,0.8396950586087661,0.0,6.231956545383456,2024-09-20
L,11,2,2024-09-13,2024-09-27,0.0,1.1918294058369423,0.0,6.5840908926116315,2024-09-27
L,11,2,2024-09-20,2024-10-04,0.0,0.6350362517132991,0.0,6.027297738487989,2024-10-04
L,11,2,2024-09-27,2024-10-11,0.0,0.5818566711700995,0.0,5.974118157944789,2024-10-11
L,11,2,2024-10-04,2024-10-18,0.0,0.4721723559410538,0.0,5.864433842715743,2024-10-18
L,11,2,2024-10-11,2024-10-25,0.0,0.137197042559077,0.0,5.529458529333766,2024-10-25
L,11,2,2024-10-18,2024-11-01,1.0,0.8458532738534253,0.0,6.238114760628115,2024-11-01
L,11,2,2024-10-25,2024-11-08,0.0,1.6730775482081863,0.0,7.065339034982876,2024-11-08
L,11,2,2024-11-01,2024-11-15,0.0,0.22503164690685384,0.0,5.617293133681543,2024-11-15
L,11,2,2024-11-08,2024-11-22,0.0,0.5123198382435349,0.0,5.904581325018224,2024-11-22
L,11,2,2024-11-15,2024-11-29,0.0,0.19980833217212576,0.0,5.592069818946815,2024-11-29
L,11,2,2024-11-22,2024-12-06,0.0,0.1055587635782562,0.0,5.497820250352945,2024-12-06
L,11,2,2024-11-29,2024-12-13,0.0,0.3738570175466624,0.0,5.766118504321351,2024-12-13
L,11,2,2024-12-06,2024-12-20,0.0,0.3180044288623255,0.0,5.710265915637015,2024-12-20
L,11,2,2024-12-13,2024-12-27,0.0,0.08665595087252205,0.0,5.478917437647212,2024-12-27
L,11,2,2024-12-20,2025-01-03,0.0,0.3159419461671534,0.0,5.7082034329418425,2025-01-03
L,11,2,2024-12-27,2025-01-10,0.0,0.08220941132673908,0.0,5.474470898101428,2025-01-10
L,11,2,2025-01-03,2025-01-17,0.0,0.03865934789816344,0.0,5.430920834672853,2025-01-17
L,11,2,2025-01-10,2025-01-24,0.0,0.17710413009985812,0.0,5.569365616874547,2025-01-24
L,11,2,2025-01-17,2025-01-31,0.0,0.0592460307573508,0.0,5.45150751753204,2025-01-31
L,11,2,2025-01-24,2025-02-07,0.0,0.06547808220149119,0.0,5.457739568976181,2025-02-07
L,11,2,2025-01-31,2025-02-14,0.0,0.04598110139714787,0.0,5.438242588171837,2025-02-14
L,11,2,2025-02-07,2025-02-21,0.0,0.07337971051188259,0.0,5.465641197286572,2025-02-21
L,11,2,2025-02-14,2025-02-28,0.0,0.036725643631571867,0.0,5.428987130406261,2025-02-28
L,11,2,2025-02-21,2025-03-07,0.0,0.05306084059259079,0.0,5.44532232736728,2025-03-07
L,11,2,2025-02-28,2025-03-14,0.0,0.04120036476900948,0.0,5.433461851543699,2025-03-14
L,11,2,2025-03-07,2025-03-21,0.0,0.0739494926916015,0.0,5.4662109794662905,2025-03-21
L,11,2,2025-03-14,2025-03-28,0.0,0.09085474324496726,0.0,5.4831162300196565,2025-03-28
L,11,2,2025-03-21,2025-04-04,0.0,0.03424726937064201,0.0,5.426508756145331,2025-04-04
L,11,2,2025-03-28,2025-04-11,0.0,0.06604679244096089,0.0,5.45830827921565,2025-04-11
L,11,2,2025-04-04,2025-04-18,0.0,0.028317139508651102,0.0,5.420578626283341,2025-04-18
L,11,2,2025-04-11,2025-04-25,0.0,0.04242796815153436,0.0,5.4346894549262235,2025-04-25
L,11,2,2025-04-18,2025-05-02,0.0,0.06584960388113698,0.0,5.458111090655827,2025-05-02
L,11,2,2025-04-25,2025-05-09,0.0,0.07502448412183602,0.0,5.467285970896525,2025-05-09
L,11,2,2025-05-02,2025-05-16,0.0,0.1077446884732167,0.0,5.500006175247906,2025-05-16
L,11,2,2025-05-09,2025-05-23,0.0,0.07827412917710569,0.0,5.470535615951795,2025-05-23
L,11,2,2025-05-16,2025-05-30,0.0,0.1496608985976218,0.0,5.541922385372311,2025-05-30
L,11,2,2025-05-23,2025-06-06,0.0,0.09230563450459899,0.0,5.484567121279288,2025-06-06
L,11,2,2025-05-30,2025-06-13,0.0,0.4764061407046084,0.0,5.868667627479298,2025-06-13
L,11,2,2025-06-06,2025-06-20,0.0,0.43056045343865246,0.0,5.822821940213342,2025-06-20
L,11,2,2025-06-13,2025-06-27,1.0,0.16863307043782919,0.0,5.560894557212519,2025-06-27
L,11,2,2025-06-20,2025-07-04,0.0,0.5895846074175279,0.0,5.981846094192218,2025-07-04
L,11,2,2025-06-27,2025-07-11,0.0,1.565225958823633,0.0,6.957487445598322,2025-07-11
L,11,2,2025-07-04,2025-07-18,2.0,1.5347210903156254,0.0,6.926982577090315,2025-07-18
L,11,2,2025-07-11,2025-07-25,2.0,0.8058832891663312,0.0,6.198144775941021,2025-07-25
L,11,2,2025-07-18,2025-08-01,8.0,11.833212578684288,9.63608244848279,17.225474065458975,2025-08-01
L,11,2,2025-07-25,2025-08-08,7.0,3.7263580215420427,1.529227891340545,9.118619508316732,2025-08-08
L,11,2,2025-08-01,2025-08-15,0.0,2.082886966066077,0.0,7.475148452840767,2025-08-15
L,11,2,2025-08-08,2025-08-22,1.0,1.6413425558440087,0.0,7.033604042618698,2025-08-22
L,11,2,2025-08-15,2025-08-29,0.0,1.122598179652964,0.0,6.514859666427654,2025-08-29
L,11,2,2025-08-22,2025-09-05,0.0,1.7681510276411223,0.0,7.160412514415812,2025-09-05
M,12,2,2023-02-17,2023-03-03,0.0,0.05935038418367055,0.0,1.0263544803905953,2023-03-03
M,12,2,2023-02-24,2023-03-10,0.0,0.03362317557593528,0.0,1.0006272717828602,2023-03-10
M,12,2,2023-03-03,2023-03-17,0.0,0.034838444947620964,0.0,1.0018425411545457,2023-03-17
M,12,2,2023-03-10,2023-03-24,0.0,0.0374209049286645,0.0,1.0044250011355893,2023-03-24
M,12,2,2023-03-17,2023-03-31,0.0,0.029492428207143716,0.0,0.9964965244140686,2023-03-31
M,12,2,2023-03-24,2023-04-07,0.0,0.04314948039501102,0.0,1.0101535766019358,2023-04-07
M,12,2,2023-03-31,2023-04-14,0.0,0.037678092914594966,0.0,1.0046821891215199,2023-04-14
M,12,2,2023-04-07,2023-04-21,0.0,0.13553850705476758,0.0,1.1025426032616925,2023-04-21
M,12,2,2023-04-14,2023-04-28,0.0,0.2535779718865447,0.0,1.2205820680934696,2023-04-28
M,12,2,2023-04-21,2023-05-05,0.0,0.0899847239597428,0.0,1.0569888201666677,2023-05-05
M,12,2,2023-04-28,2023-05-12,0.0,0.06499783057760819,0.0,1.032001926784533,2023-05-12
M,12,2,2023-05-05,2023-05-19,0.0,0.1776796439228722,0.0,1.1446837401297971,2023-05-19
M,12,2,2023-05-12,2023-05-26,0.0,0.24981002735817825,0.0,0.9644681557639387,2023-05-26
M,12,2,2023-05-19,2023-06-02,0.0,0.14822502883490374,0.0,0.8628831572406642,2023-06-02
M,12,2,2023-05-26,2023-06-09,1.0,1.1004808513994393,0.0,1.8151389798051998,2023-06-09
M,12,2,2023-06-02,2023-06-16,2.0,0.6381180472316662,0.0,1.3527761756374268,2023-06-16
M,12,2,2023-06-09,2023-06-23,0.0,1.7129389149783512,0.0,2.427597043384112,2023-06-23
M,12,2,2023-06-16,2023-06-30,0.0,0.8477766699352013,0.0,1.5624347983409619,2023-06-30
M,12,2,2023-06-23,2023-07-07,0.0,0.5776405768274191,0.0,1.2922987052331796,2023-07-07
M,12,2,2023-06-30,2023-07-14,0.0,0.5853873995786968,0.0,1.9472693523470306,2023-07-14
M,12,2,2023-07-07,2023-07-21,0.0,0.46722130927643735,0.0,1.8291032620447711,2023-07-21
M,12,2,2023-07-14,2023-07-28,1.0,1.7394236054828993,0.0,3.101305558251233,2023-07-28
M,12,2,2023-07-21,2023-08-04,5.0,2.23816466041163,0.0,3.600046613179964,2023-08-04
M,12,2,2023-07-28,2023-08-11,8.0,3.2562997570825805,0.9170271775479875,4.618181709850914,2023-08-11
M,12,2,2023-08-04,2023-08-18,0.0,2.0714036781602805,0.0,3.4332856309286144,2023-08-18
M,12,2,2023-08-11,2023-08-25,0.0,1.6337448966139387,0.0,2.9956268493822726,2023-08-25
M,12,2,2023-08-18,2023-09-01,0.0,1.4067856090551523,0.0,4.168620948643522,2023-09-01
M,12,2,2023-08-25,2023-09-08,1.0,2.8684788621393094,0.5292062826047164,7.612179105056729,2023-09-08
M,12,2,2023-09-01,2023-09-15,3.0,2.413693179481797,0.07442059994720385,7.157393422399217,2023-09-15
M,12,2,2023-09-08,2023-09-22,1.0,0.96421733330625,0.0,5.70791757622367,2023-09-22
M,12,2,2023-09-15,2023-09-29,0.0,0.6697114706603955,0.0,5.4134117135778155,2023-09-29
M,12,2,2023-09-22,2023-10-06,2.0,0.6807060312541379,0.0,5.424406274171558,2023-10-06
M,12,2,2023-09-29,2023-10-13,0.0,1.0253445938907717,0.0,5.769044836808192,2023-10-13
M,12,2,2023-10-06,2023-10-20,0.0,0.8386007178968746,0.0,5.582300960814295,2023-10-20
M,12,2,2023-10-13,2023-10-27,0.0,0.39276523063582197,0.0,5.136465473553242,2023-10-27
M,12,2,2023-10-20,2023-11-03,0.0,0.32300158488977876,0.0,5.066701827807199,2023-11-03
M,12,2,2023-10-27,2023-11-10,0.0,0.0583284116715795,0.0,4.802028654589,2023-11-10
M,12,2,2023-11-03,2023-11-17,0.0,0.30117722412134834,0.0,5.044877467038768,2023-11-17
M,12,2,2023-11-10,2023-11-24,0.0,0.057671693333287914,0.0,4.801371936250708,2023-11-24
M,12,2,2023-11-17,2023-12-01,1.0,0.07424055277147272,0.0,4.817940795688893,2023-12-01
M,12,2,2023-11-24,2023-12-08,1.0,0.06959587015091707,0.0,4.813296113068337,2023-12-08
M,12,2,2023-12-01,2023-12-15,0.0,0.06267084671927653,0.0,4.806371089636697,2023-12-15
M,12,2,2023-12-08,2023-12-22,0.0,0.12944336121401706,0.0,4.873143604131437,2023-12-22
M,12,2,2023-12-15,2023-12-29,0.0,0.12579423108859253,0.0,4.869494474006013,2023-12-29
M,12,2,2023-12-22,2024-01-05,0.0,0.11082187374337873,0.0,4.854522116660799,2024-01-05
M,12,2,2023-12-29,2024-01-12,0.0,0.08533598883727321,0.0,4.829036231754693,2024-01-12
M,12,2,2024-01-05,2024-01-19,0.0,0.06579966494556556,0.0,4.809499907862985,2024-01-19
M,12,2,2024-01-12,2024-01-26,0.0,0.07660977778131284,0.0,4.820310020698733,2024-01-26
M,12,2,2024-01-19,2024-02-02,0.0,0.03244297304471738,0.0,4.776143215962137,2024-02-02
M,12,2,2024-01-26,2024-02-09,0.0,0.07317134149246927,0.0,4.816871584409889,2024-02-09
M,12,2,2024-02-02,2024-02-16,0.0,0.041440295553072326,0.0,4.785140538470492,2024-02-16
M,12,2,2024-02-09,2024-02-23,0.0,0.08890692143883179,0.0,4.832607164356252,2024-02-23
M,12,2,2024-02-16,2024-03-01,0.0,0.05809627518418099,0.0,4.801796518101601,2024-03-01
M,12,2,2024-02-23,2024-03-08,0.0,0.06589687652399251,0.0,4.809597119441412,2024-03-08
M,12,2,2024-03-01,2024-03-15,0.0,0.04228347400549141,0.0,4.785983716922911,2024-03-15
M,12,2,2024-03-08,2024-03-22,0.0,0.13563789613246405,0.0,4.879338139049884,2024-03-22
M,12,2,2024-03-15,2024-03-29,0.0,0.05174104925961594,0.0,4.795441292177036,2024-03-29
M,12,2,2024-03-22,2024-04-05,0.0,0.04467717352025032,0.0,4.788377416437671,2024-04-05
M,12,2,2024-03-29,2024-04-12,0.0,0.06780682023730675,0.0,4.8115070631547265,2024-04-12
M,12,2,2024-04-05,2024-04-19,0.0,0.0507304209732044,0.0,4.7944306638906244,2024-04-19
M,12,2,2024-04-12,2024-04-26,0.0,0.03591323151947912,0.0,4.779613474436899,2024-04-26
M,12,2,2024-04-19,2024-05-03,0.0,0.7202624777599542,0.0,5.463962720677374,2024-05-03
M,12,2,2024-04-26,2024-05-10,0.0,0.09114500308533507,0.0,4.834845246002755,2024-05-10
M,12,2,2024-05-03,2024-05-17,1.0,0.13305636482537564,0.0,4.876756607742796,2024-05-17
M,12,2,2024-05-10,2024-05-24,2.0,0.11498130972839816,0.0,4.858681552645818,2024-05-24
M,12,2,2024-05-17,2024-05-31,0.0,0.3581040090881949,0.0,5.101804252005615,2024-05-31
M,12,2,2024-05-24,2024-06-07,0.0,1.3609130229429052,0.0,6.104613265860325,2024-06-07
M,12,2,2024-05-31,2024-06-14,0.0,1.0842350064695718,0.0,5.827935249386992,2024-06-14
M,12,2,2024-06-07,2024-06-21,0.0,0.4442931616541978,0.0,5.187993404571618,2024-06-21
M,12,2,2024-06-14,2024-06-28,0.0,0.403470115713315,0.0,5.147170358630735,2024-06-28
M,12,2,2024-06-21,2024-07-05,1.0,0.5663747012441024,0.0,5.3100749441615225,2024-07-05
M,12,2,2024-06-28,2024-07-12,1.0,0.1761624022575772,0.0,4.919862645174997,2024-07-12
M,12,2,2024-07-05,2024-07-19,0.0,0.35681696731251705,0.0,5.100517210229937,2024-07-19
M,12,2,2024-07-12,2024-07-26,3.0,0.7980812211324335,0.0,5.541781464049853,2024-07-26
M,12,2,2024-07-19,2024-08-02,6.0,2.8717120680145904,0.80030838985431,7.61541231093201,2024-08-02
M,12,2,2024-07-26,2024-08-09,3.0,1.4132517498192176,0.0,6.156951992736637,2024-08-09
M,12,2,2024-08-02,2024-08-16,3.0,2.1112169864340795,0.03981330827379903,6.8549172293515,2024-08-16
M,12,2,2024-08-09,2024-08-23,1.0,3.30616673190532,1.2347630537450396,8.04986697482274,2024-08-23
M,12,2,2024-08-16,2024-08-30,2.0,1.6196746194773597,0.0,6.36337486239478,2024-08-30
M,12,2,2024-08-23,2024-09-06,2.0,1.5649416875182938,0.0,6.308641930435714,2024-09-06
M,12,2,2024-08-30,2024-09-13,4.0,2.7803055095807476,0.7089018314204671,7.524005752498168,2024-09-13
M,12,2,2024-09-06,2024-09-20,1.0,2.0137742804053755,0.0,6.757474523322795,2024-09-20
M,12,2,2024-09-13,2024-09-27,1.0,2.738606056796412,0.4324393248910918,7.482306299713832,2024-09-27
M,12,2,2024-09-20,2024-10-04,2.0,1.3227424823453486,0.0,6.066442725262768,2024-10-04
M,12,2,2024-09-27,2024-10-11,0.0,2.253728366263007,0.0,6.997428609180427,2024-10-11
M,12,2,2024-10-04,2024-10-18,0.0,1.7616996641170388,0.0,4.889987596102449,2024-10-18
M,12,2,2024-10-11,2024-10-25,1.0,0.6447302963727036,0.0,3.7730182283581133,2024-10-25
M,12,2,2024-10-18,2024-11-01,0.0,0.9203989968811093,0.0,4.048686928866519,2024-11-01
M,12,2,2024-10-25,2024-11-08,1.0,2.2369457465116027,0.0,5.365233678497012,2024-11-08
M,12,2,2024-11-01,2024-11-15,0.0,0.5444106394627017,0.0,3.6726985714481115,2024-11-15
M,12,2,2024-11-08,2024-11-22,0.0,0.7068353411884863,0.0,3.835123273173896,2024-11-22
M,12,2,2024-11-15,2024-11-29,1.0,0.2863624379974092,0.0,3.4146503699828186,2024-11-29
M,12,2,2024-11-22,2024-12-06,0.0,0.19991285206576132,0.0,3.328200784051171,2024-12-06
M,12,2,2024-11-29,2024-12-13,0.0,0.3826557079120255,0.0,3.510943639897435,2024-12-13
M,12,2,2024-12-06,2024-12-20,0.0,0.5896102914323533,0.0,3.717898223417763,2024-12-20
M,12,2,2024-12-13,2024-12-27,0.0,0.11082806719930786,0.0,3.2391159991847176,2024-12-27
M,12,2,2024-12-20,2025-01-03,0.0,0.3358231692583456,0.0,3.464111101243755,2025-01-03
M,12,2,2024-12-27,2025-01-10,1.0,0.27943606411593036,0.0,3.40772399610134,2025-01-10
M,12,2,2025-01-03,2025-01-17,0.0,0.09760589129053623,0.0,3.2258938232759458,2025-01-17
M,12,2,2025-01-10,2025-01-24,0.0,0.221616606278489,0.0,3.349904538263899,2025-01-24
M,12,2,2025-01-17,2025-01-31,0.0,0.18744629669914264,0.0,3.315734228684552,2025-01-31
M,12,2,2025-01-24,2025-02-07,0.0,0.0619633416244766,0.0,3.1902512736098863,2025-02-07
M,12,2,2025-01-31,2025-02-14,0.0,0.05554161383941989,0.0,3.1838295458248296,2025-02-14
M,12,2,2025-02-07,2025-02-21,0.0,0.25014242157748284,0.0,3.3784303535628926,2025-02-21
M,12,2,2025-02-14,2025-02-28,0.0,0.037778875450300925,0.0,3.1660668074357106,2025-02-28
M,12,2,2025-02-21,2025-03-07,0.0,0.055198562510834125,0.0,3.1834864944962438,2025-03-07
M,12,2,2025-02-28,2025-03-14,0.0,0.06203564929154009,0.0,3.1903235812769495,2025-03-14
M,12,2,2025-03-07,2025-03-21,0.0,0.10917027747258405,0.0,3.237458209457994,2025-03-21
M,12,2,2025-03-14,2025-03-28,0.0,0.048748987164789793,0.0,3.1770369191501993,2025-03-28
M,12,2,2025-03-21,2025-04-04,0.0,0.030184822127946917,0.0,3.1584727541133564,2025-04-04
M,12,2,2025-03-28,2025-04-11,0.0,0.045594042534504164,0.0,3.173881974519914,2025-04-11
M,12,2,2025-04-04,2025-04-18,0.0,0.031720073800607304,0.0,3.160008005786017,2025-04-18
M,12,2,2025-04-11,2025-04-25,0.0,0.04197864959189012,0.0,3.1702665815772995,2025-04-25
M,12,2,2025-04-18,2025-05-02,0.0,0.05437616295598497,0.0,3.1826640949413947,2025-05-02
M,12,2,2025-04-25,2025-05-09,0.0,0.06966818905445041,0.0,3.19795612103986,2025-05-09
M,12,2,2025-05-02,2025-05-16,0.0,0.07698461318463695,0.0,3.2052725451700463,2025-05-16
M,12,2,2025-05-09,2025-05-23,0.0,0.08808905476578648,0.0,3.216376986751196,2025-05-23
M,12,2,2025-05-16,2025-05-30,0.0,0.1808889132068481,0.0,3.309176845192258,2025-05-30
M,12,2,2025-05-23,2025-06-06,0.0,0.1953143014384484,0.0,3.323602233423858,2025-06-06
M,12,2,2025-05-30,2025-06-13,1.0,0.5301032621818222,0.0,3.6583911941672316,2025-06-13
M,12,2,2025-06-06,2025-06-20,0.0,0.692836566479569,0.0,3.821124498464979,2025-06-20
M,12,2,2025-06-13,2025-06-27,0.0,0.5772617853096894,0.0,3.705549717295099,2025-06-27
M,12,2,2025-06-20,2025-07-04,1.0,0.3937818008282202,0.0,3.52206973281363,2025-07-04
M,12,2,2025-06-27,2025-07-11,0.0,1.3483395016541526,0.0,4.476627433639562,2025-07-11
M,12,2,2025-07-04,2025-07-18,2.0,2.187001911775714,0.0,5.315289843761123,2025-07-18
M,12,2,2025-07-11,2025-07-25,4.0,1.1594797493938152,0.0,4.287767681379225,2025-07-25
M,12,2,2025-07-18,2025-08-01,9.0,15.556680952162015,13.250514220256695,18.684968884147423,2025-08-01
M,12,2,2025-07-25,2025-08-08,9.0,3.3183073357625403,1.0121406038572203,6.44659526774795,2025-08-08
M,12,2,2025-08-01,2025-08-15,3.0,2.965777050375541,0.6596103184702211,6.094064982360951,2025-08-15
M,12,2,2025-08-08,2025-08-22,1.0,1.2776991218036682,0.0,4.405987053789078,2025-08-22
M,12,2,2025-08-15,2025-08-29,1.0,1.533875516602609,0.0,4.662163448588019,2025-08-29
M,12,2,2025-08-22,2025-09-05,0.0,2.3685875164486982,0.0,8.050280180686158,2025-09-05
N,13,2,2023-02-17,2023-03-03,0.0,0.14717267763754144,0.0,1.6641518962466497,2023-03-03
N,13,2,2023-02-24,2023-03-10,0.0,0.06499811801644748,0.0,1.5819773366255556,2023-03-10
N,13,2,2023-03-03,2023-03-17,0.0,0.06304440916892333,0.0,1.5800236277780315,2023-03-17
N,13,2,2023-03-10,2023-03-24,0.0,0.0326039628570235,0.0,1.5495831814661318,2023-03-24
N,13,2,2023-03-17,2023-03-31,0.0,0.0286996512771532,0.0,1.5456788698862614,2023-03-31
N,13,2,2023-03-24,2023-04-07,0.0,0.0253085880462235,0.0,1.5422878066553318,2023-04-07
N,13,2,2023-03-31,2023-04-14,0.0,0.02414768742982607,0.0,1.5411269060389343,2023-04-14
N,13,2,2023-04-07,2023-04-21,0.0,0.044966085969946876,0.0,1.561945304579055,2023-04-21
N,13,2,2023-04-14,2023-04-28,0.0,0.13600177948042003,0.0,1.6529809980895283,2023-04-28
N,13,2,2023-04-21,2023-05-05,0.0,0.06429679930081258,0.0,1.5812760179099208,2023-05-05
N,13,2,2023-04-28,2023-05-12,0.0,0.04637734203313786,0.0,1.5633565606422462,2023-05-12
N,13,2,2023-05-05,2023-05-19,0.0,0.12922690526082345,0.0,1.6462061238699317,2023-05-19
N,13,2,2023-05-12,2023-05-26,0.0,0.29104127017118103,0.0,1.8080204887802893,2023-05-26
N,13,2,2023-05-19,2023-06-02,0.0,0.15003296136227517,0.0,1.6670121799713833,2023-06-02
N,13,2,2023-05-26,2023-06-09,0.0,0.7061806812058605,0.0,2.2231598998149686,2023-06-09
N,13,2,2023-06-02,2023-06-16,0.0,0.3594829812626196,0.0,1.876462199871728,2023-06-16
N,13,2,2023-06-09,2023-06-23,1.0,2.073578151968811,0.367983169506392,3.590557370577919,2023-06-23
N,13,2,2023-06-16,2023-06-30,0.0,0.22326360813073826,0.0,1.7402428267398464,2023-06-30
N,13,2,2023-06-23,2023-07-07,0.0,0.35528359084729483,0.0,1.872262809456403,2023-07-07
N,13,2,2023-06-30,2023-07-14,1.0,0.5153345859609759,0.0,2.032313804570084,2023-07-14
N,13,2,2023-07-07,2023-07-21,0.0,0.41666952493842424,0.0,1.9336487435475325,2023-07-21
N,13,2,2023-07-14,2023-07-28,1.0,2.2323267730568346,0.5267317905944158,3.749305991665943,2023-07-28
N,13,2,2023-07-21,2023-08-04,1.0,3.0047446116614216,1.2991496291990028,4.521723830270529,2023-08-04
N,13,2,2023-07-28,2023-08-11,4.0,4.303386685314845,2.597791702852426,5.820365903923953,2023-08-11
N,13,2,2023-08-04,2023-08-18,1.0,1.5932162520730493,0.0,3.1101954706821573,2023-08-18
N,13,2,2023-08-11,2023-08-25,2.0,1.602657357953595,0.0,3.119636576562703,2023-08-25
N,13,2,2023-08-18,2023-09-01,1.0,1.4247839003332754,0.0,2.941763118942384,2023-09-01
N,13,2,2023-08-25,2023-09-08,0.0,3.432989744485865,1.4282451328244434,4.949968963094973,2023-09-08
N,13,2,2023-09-01,2023-09-15,0.0,3.576020371411814,1.5712757597503924,5.092999590020922,2023-09-15
N,13,2,2023-09-08,2023-09-22,3.0,1.5006973859172215,0.0,3.0176766045263297,2023-09-22
N,13,2,2023-09-15,2023-09-29,0.0,0.5908246015785009,0.0,2.107803820187609,2023-09-29
N,13,2,2023-09-22,2023-10-06,3.0,0.6899578542366426,0.0,2.2069370728457507,2023-10-06
N,13,2,2023-09-29,2023-10-13,0.0,1.2184503323329416,0.0,2.73542955094205,2023-10-13
N,13,2,2023-10-06,2023-10-20,0.0,0.2995911808561696,0.0,1.8165703994652778,2023-10-20
N,13,2,2023-10-13,2023-10-27,0.0,0.19193765503490456,0.0,1.7089168736440128,2023-10-27
N,13,2,2023-10-20,2023-11-03,0.0,0.3667236742063395,0.0,2.676765819969697,2023-11-03
N,13,2,2023-10-27,2023-11-10,0.0,0.05940328042443745,0.0,2.369445426187795,2023-11-10
N,13,2,2023-11-03,2023-11-17,1.0,0.3796894781002168,0.0,2.6897316238635742,2023-11-17
N,13,2,2023-11-10,2023-11-24,0.0,0.03724608861192704,0.0,2.3472882343752848,2023-11-24
N,13,2,2023-11-17,2023-12-01,0.0,0.06243866114805707,0.0,2.3724808069114145,2023-12-01
N,13,2,2023-11-24,2023-12-08,1.0,0.10072989392057678,0.0,2.4107720396839345,2023-12-08
N,13,2,2023-12-01,2023-12-15,0.0,0.049033102955944874,0.0,2.3590752487193023,2023-12-15
N,13,2,2023-12-08,2023-12-22,1.0,0.05229116250647919,0.0,2.362333308269837,2023-12-22
N,13,2,2023-12-15,2023-12-29,0.0,0.16525057188059536,0.0,2.4752927176439528,2023-12-29
N,13,2,2023-12-22,2024-01-05,0.0,0.16001340164054134,0.0,2.470055547403899,2024-01-05
N,13,2,2023-12-29,2024-01-12,1.0,0.05536769393047535,0.0,2.365409839693833,2024-01-12
N,13,2,2024-01-05,2024-01-19,0.0,0.11867997673576822,0.0,2.4287221224991256,2024-01-19
N,13,2,2024-01-12,2024-01-26,0.0,0.19741154140792785,0.0,2.5074536871712856,2024-01-26
N,13,2,2024-01-19,2024-02-02,1.0,0.2183364587513225,0.0,2.52837860451468,2024-02-02
N,13,2,2024-01-26,2024-02-09,1.0,0.12598389372966953,0.0,2.436026039493027,2024-02-09
N,13,2,2024-02-02,2024-02-16,0.0,0.09816009942013885,0.0,2.4082022451834963,2024-02-16
N,13,2,2024-02-09,2024-02-23,0.0,0.26273614193185174,0.0,2.5727782876952094,2024-02-23
N,13,2,2024-02-16,2024-03-01,0.0,0.1347384770478267,0.0,2.444780622811184,2024-03-01
N,13,2,2024-02-23,2024-03-08,0.0,0.10359862602462457,0.0,2.413640771787982,2024-03-08
N,13,2,2024-03-01,2024-03-15,0.0,0.04680519562635816,0.0,2.3568473413897157,2024-03-15
N,13,2,2024-03-08,2024-03-22,0.0,0.1389451297444548,0.0,2.4489872755078124,2024-03-22
N,13,2,2024-03-15,2024-03-29,0.0,0.03290044516872593,0.0,2.3429425909320836,2024-03-29
N,13,2,2024-03-22,2024-04-05,0.0,0.046071457507941595,0.0,2.3561136032712993,2024-04-05
N,13,2,2024-03-29,2024-04-12,0.0,0.05417685087009048,0.0,2.364218996633448,2024-04-12
N,13,2,2024-04-05,2024-04-19,0.0,0.038780623602102986,0.0,2.3488227693654604,2024-04-19
N,13,2,2024-04-12,2024-04-26,1.0,0.029268849105027087,0.0,2.339310994868385,2024-04-26
N,13,2,2024-04-19,2024-05-03,0.0,0.14765773958913908,0.0,2.4576998853524965,2024-05-03
N,13,2,2024-04-26,2024-05-10,0.0,0.1823848004982406,0.0,2.492426946261598,2024-05-10
N,13,2,2024-05-03,2024-05-17,0.0,0.21043774350210176,0.0,2.5204798892654594,2024-05-17
N,13,2,2024-05-10,2024-05-24,0.0,0.31134435561626245,0.0,2.62138650137962,2024-05-24
N,13,2,2024-05-17,2024-05-31,0.0,0.13698273550086398,0.0,2.4470248812642215,2024-05-31
N,13,2,2024-05-24,2024-06-07,0.0,1.0382818185060234,0.0,3.348323964269381,2024-06-07
N,13,2,2024-05-31,2024-06-14,0.0,0.3658994909771906,0.0,2.675941636740548,2024-06-14
N,13,2,2024-06-07,2024-06-21,0.0,0.21388910844324605,0.0,2.5239312542066035,2024-06-21
N,13,2,2024-06-14,2024-06-28,0.0,0.18620588546154113,0.0,2.4962480312248987,2024-06-28
N,13,2,2024-06-21,2024-07-05,0.0,0.2328714843390986,0.0,2.542913630102456,2024-07-05
N,13,2,2024-06-28,2024-07-12,0.0,0.15021758994499343,0.0,2.460259735708351,2024-07-12
N,13,2,2024-07-05,2024-07-19,1.0,0.2113148054910011,0.0,2.5213569512543588,2024-07-19
N,13,2,2024-07-12,2024-07-26,0.0,0.1971696562320904,0.0,2.507211801995448,2024-07-26
N,13,2,2024-07-19,2024-08-02,18.0,3.3702211255110996,0.0,5.680263271274457,2024-08-02
N,13,2,2024-07-26,2024-08-09,10.0,1.3385202975739832,0.0,3.6485624433373407,2024-08-09
N,13,2,2024-08-02,2024-08-16,4.0,1.1672625908237548,0.0,3.4773047365871124,2024-08-16
N,13,2,2024-08-09,2024-08-23,0.0,1.9597661805607396,0.0,4.269808326324097,2024-08-23
N,13,2,2024-08-16,2024-08-30,1.0,1.626369997043813,0.0,16.256148871532712,2024-08-30
N,13,2,2024-08-23,2024-09-06,1.0,1.8954573977977462,0.0,16.525236272286648,2024-09-06
N,13,2,2024-08-30,2024-09-13,1.0,3.224761829887869,0.0,17.85454070437677,2024-09-13
N,13,2,2024-09-06,2024-09-20,0.0,1.800100664074233,0.0,16.429879538563135,2024-09-20
N,13,2,2024-09-13,2024-09-27,0.0,2.325788671970641,0.0,16.95556754645954,2024-09-27
N,13,2,2024-09-20,2024-10-04,1.0,0.8616138067910876,0.0,15.491392681279988,2024-10-04
N,13,2,2024-09-27,2024-10-11,0.0,1.167834499496616,0.0,15.797613373985516,2024-10-11
N,13,2,2024-10-04,2024-10-18,0.0,1.0903530431264785,0.0,15.72013191761538,2024-10-18
N,13,2,2024-10-11,2024-10-25,0.0,0.33195604593679046,0.0,14.961734920425691,2024-10-25
N,13,2,2024-10-18,2024-11-01,0.0,0.5171470713614603,0.0,15.146925945850361,2024-11-01
N,13,2,2024-10-25,2024-11-08,1.0,2.45838745051538,0.0,17.08816632500428,2024-11-08
N,13,2,2024-11-01,2024-11-15,1.0,0.4860356843272846,0.0,15.115814558816185,2024-11-15
N,13,2,2024-11-08,2024-11-22,0.0,0.43510949212863037,0.0,15.06488836661753,2024-11-22
N,13,2,2024-11-15,2024-11-29,0.0,0.695092587286213,0.0,15.324871461775114,2024-11-29
N,13,2,2024-11-22,2024-12-06,0.0,0.12803577091337798,0.0,14.757814645402279,2024-12-06
N,13,2,2024-11-29,2024-12-13,0.0,0.3398827105105999,0.0,14.9696615849995,2024-12-13
N,13,2,2024-12-06,2024-12-20,0.0,0.3753777228740986,0.0,15.005156597363,2024-12-20
N,13,2,2024-12-13,2024-12-27,0.0,0.11081396089264445,0.0,14.740592835381545,2024-12-27
N,13,2,2024-12-20,2025-01-03,0.0,0.34992897558115243,0.0,14.979707850070053,2025-01-03
N,13,2,2024-12-27,2025-01-10,1.0,0.13431554310716315,0.0,14.764094417596064,2025-01-10
N,13,2,2025-01-03,2025-01-17,0.0,0.0632709225254791,0.0,14.69304979701438,2025-01-17
N,13,2,2025-01-10,2025-01-24,0.0,0.2245515590429398,0.0,14.85433043353184,2025-01-24
N,13,2,2025-01-17,2025-01-31,0.0,0.07385593955871154,0.0,14.703634814047613,2025-01-31
N,13,2,2025-01-24,2025-02-07,0.0,0.057382400618462906,0.0,14.687161275107364,2025-02-07
N,13,2,2025-01-31,2025-02-14,0.0,0.04815353461472331,0.0,14.677932409103624,2025-02-14
N,13,2,2025-02-07,2025-02-21,0.0,0.21304684629603263,0.0,14.842825720784933,2025-02-21
N,13,2,2025-02-14,2025-02-28,0.0,0.04630041783313602,0.0,14.676079292322036,2025-02-28
N,13,2,2025-02-21,2025-03-07,0.0,0.06513680998630647,0.0,14.694915684475207,2025-03-07
N,13,2,2025-02-28,2025-03-14,0.0,0.08285141937648036,0.0,14.71263029386538,2025-03-14
N,13,2,2025-03-07,2025-03-21,0.0,0.11299172850534989,0.0,14.74277060299425,2025-03-21
N,13,2,2025-03-14,2025-03-28,0.0,0.04998063742870655,0.0,14.679759511917608,2025-03-28
N,13,2,2025-03-21,2025-04-04,0.0,0.047126939406440166,0.0,14.67690581389534,2025-04-04
N,13,2,2025-03-28,2025-04-11,0.0,0.027435739288281837,0.0,14.657214613777183,2025-04-11
N,13,2,2025-04-04,2025-04-18,0.0,0.02353144546442271,0.0,14.653310319953324,2025-04-18
N,13,2,2025-04-11,2025-04-25,0.0,0.03726257924187529,0.0,14.667041453730777,2025-04-25
N,13,2,2025-04-18,2025-05-02,0.0,0.06617905997786101,0.0,14.695957934466762,2025-05-02
N,13,2,2025-04-25,2025-05-09,0.0,0.09396942968714354,0.0,14.723748304176045,2025-05-09
N,13,2,2025-05-02,2025-05-16,0.0,0.05477919324070837,0.0,14.68455806772961,2025-05-16
N,13,2,2025-05-09,2025-05-23,1.0,0.08999376850569883,0.0,14.719772642994599,2025-05-23
N,13,2,2025-05-16,2025-05-30,0.0,0.07512929933686775,0.0,14.70490817382577,2025-05-30
N,13,2,2025-05-23,2025-06-06,0.0,0.1549595924377252,0.0,14.784738466926626,2025-06-06
N,13,2,2025-05-30,2025-06-13,0.0,0.47434218518784765,0.0,15.104121059676748,2025-06-13
N,13,2,2025-06-06,2025-06-20,0.0,1.055951155762055,0.0,15.685730030250955,2025-06-20
N,13,2,2025-06-13,2025-06-27,0.0,0.1525985618652422,0.0,14.782377436354142,2025-06-27
N,13,2,2025-06-20,2025-07-04,2.0,0.4924819902372154,0.0,15.122260864726115,2025-07-04
N,13,2,2025-06-27,2025-07-11,1.0,0.7771241961914369,0.0,15.406903070680338,2025-07-11
N,13,2,2025-07-04,2025-07-18,3.0,2.455434656533932,0.1296459845632909,17.085213531022834,2025-07-18
N,13,2,2025-07-11,2025-07-25,6.0,1.3581053432150367,0.0,15.987884217703938,2025-07-25
N,13,2,2025-07-18,2025-08-01,9.0,17.20797720191905,14.882188529948408,31.83775607640795,2025-08-01
N,13,2,2025-07-25,2025-08-08,4.0,4.41141602453736,2.0856273525667186,19.04119489902626,2025-08-08
N,13,2,2025-08-01,2025-08-15,3.0,2.9371674117057105,0.6113787397350694,17.56694628619461,2025-08-15
N,13,2,2025-08-08,2025-08-22,1.0,1.9913971758401356,0.0,16.621176050329037,2025-08-22
N,13,2,2025-08-15,2025-08-29,0.0,1.7473908465513242,0.0,16.377169721040225,2025-08-29
N,13,2,2025-08-22,2025-09-05,0.0,2.3517285726638306,0.0,16.98150744715273,2025-09-05
O,14,2,2023-02-17,2023-03-03,0.0,0.07620505121125824,0.0,1.7221074995031036,2023-03-03
O,14,2,2023-02-24,2023-03-10,0.0,0.17077649650325918,0.0,1.8166789447951046,2023-03-10
O,14,2,2023-03-03,2023-03-17,0.0,0.10323030981390975,0.0,1.7491327581057552,2023-03-17
O,14,2,2023-03-10,2023-03-24,0.0,0.07649257151168398,0.0,1.7223950198035294,2023-03-24
O,14,2,2023-03-17,2023-03-31,0.0,0.04353751021637098,0.0,1.6894399585082165,2023-03-31
O,14,2,2023-03-24,2023-04-07,0.0,0.03357648008491359,0.0,1.679478928376759,2023-04-07
O,14,2,2023-03-31,2023-04-14,0.0,0.04199904076353586,0.0,1.6879014890553812,2023-04-14
O,14,2,2023-04-07,2023-04-21,0.0,0.13204674953395776,0.0,1.777949197825803,2023-04-21
O,14,2,2023-04-14,2023-04-28,0.0,0.09858070943381621,0.0,1.7444831577256616,2023-04-28
O,14,2,2023-04-21,2023-05-05,0.0,0.07503782370919353,0.0,1.720940272001039,2023-05-05
O,14,2,2023-04-28,2023-05-12,0.0,0.1776330507897739,0.0,1.8235354990816193,2023-05-12
O,14,2,2023-05-05,2023-05-19,0.0,0.1345680003632126,0.0,1.780470448655058,2023-05-19
O,14,2,2023-05-12,2023-05-26,0.0,0.30045294591071414,0.0,1.9463553942025595,2023-05-26
O,14,2,2023-05-19,2023-06-02,1.0,0.23836037814106856,0.0,1.884262826432914,2023-06-02
O,14,2,2023-05-26,2023-06-09,1.0,0.6434157554423832,0.0,2.2893182037342283,2023-06-09
O,14,2,2023-06-02,2023-06-16,0.0,0.6563128847801363,0.0,2.302215333071982,2023-06-16
O,14,2,2023-06-09,2023-06-23,0.0,2.424841490658397,0.12419724730098691,4.070743938950242,2023-06-23
O,14,2,2023-06-16,2023-06-30,1.0,0.966909767018235,0.0,2.6128122153100803,2023-06-30
O,14,2,2023-06-23,2023-07-07,0.0,0.35358267286676537,0.0,1.9994851211586107,2023-07-07
O,14,2,2023-06-30,2023-07-14,0.0,0.7259362342559704,0.0,2.371838682547816,2023-07-14
O,14,2,2023-07-07,2023-07-21,0.0,0.645381214320243,0.0,2.2912836626120883,2023-07-21
O,14,2,2023-07-14,2023-07-28,2.0,1.271747263723111,0.0,2.9176497120149563,2023-07-28
O,14,2,2023-07-21,2023-08-04,1.0,2.734925963396235,0.310084472737838,4.38082841168808,2023-08-04
O,14,2,2023-07-28,2023-08-11,4.0,5.049812548659086,2.6249710580006895,6.695714996950931,2023-08-11
O,14,2,2023-08-04,2023-08-18,3.0,1.8092117555684026,0.0,3.455114203860248,2023-08-18
O,14,2,2023-08-11,2023-08-25,0.0,1.7935995111456655,0.0,3.4395019594375107,2023-08-25
O,14,2,2023-08-18,2023-09-01,0.0,1.6540595719899824,0.0,3.2999620202818276,2023-09-01
O,14,2,2023-08-25,2023-09-08,2.0,3.709278562256114,1.2844370715977171,5.355181010547959,2023-09-08
O,14,2,2023-09-01,2023-09-15,0.0,3.1661661899371882,0.7413246992787914,4.812068638229034,2023-09-15
O,14,2,2023-09-08,2023-09-22,0.0,1.533080827782241,0.0,3.1789832760740864,2023-09-22
O,14,2,2023-09-15,2023-09-29,1.0,0.7936203062086471,0.0,2.4395227545004925,2023-09-29
O,14,2,2023-09-22,2023-10-06,1.0,0.7036832007385825,0.0,1.8944714451701798,2023-10-06
O,14,2,2023-09-29,2023-10-13,1.0,1.1945477822255697,0.0,2.385336026657167,2023-10-13
O,14,2,2023-10-06,2023-10-20,0.0,0.6766691548224862,0.0,1.8674573992540835,2023-10-20
O,14,2,2023-10-13,2023-10-27,1.0,0.28506595822674813,0.0,1.4758542026583454,2023-10-27
O,14,2,2023-10-20,2023-11-03,1.0,0.30767609780137983,0.0,1.4984643422329773,2023-11-03
O,14,2,2023-10-27,2023-11-10,0.0,0.28214638747726567,0.0,1.472934631908863,2023-11-10
O,14,2,2023-11-03,2023-11-17,0.0,0.6833880409693791,0.0,1.8741762854009765,2023-11-17
O,14,2,2023-11-10,2023-11-24,0.0,0.36170242215638077,0.0,1.552490666587978,2023-11-24
O,14,2,2023-11-17,2023-12-01,0.0,0.13763645569071326,0.0,1.3284247001223106,2023-12-01
O,14,2,2023-11-24,2023-12-08,0.0,0.22166594835020517,0.0,1.4124541927818026,2023-12-08
O,14,2,2023-12-01,2023-12-15,0.0,0.19935107978464783,0.0,1.3901393242162452,2023-12-15
O,14,2,2023-12-08,2023-12-22,0.0,0.12230989694811878,0.0,1.313098141379716,2023-12-22
O,14,2,2023-12-15,2023-12-29,1.0,0.14999417195730977,0.0,1.340782416388907,2023-12-29
O,14,2,2023-12-22,2024-01-05,0.0,0.12960061940068363,0.0,1.320388863832281,2024-01-05
O,14,2,2023-12-29,2024-01-12,0.0,0.1421824045244768,0.0,1.3329706489560742,2024-01-12
O,14,2,2024-01-05,2024-01-19,0.0,0.2317894135873373,0.0,1.4225776580189347,2024-01-19
O,14,2,2024-01-12,2024-01-26,0.0,0.20409491871635016,0.0,1.3948831631479475,2024-01-26
O,14,2,2024-01-19,2024-02-02,0.0,0.08848371191957241,0.0,1.2792719563511699,2024-02-02
O,14,2,2024-01-26,2024-02-09,0.0,0.10414031947619765,0.0,1.294928563907795,2024-02-09
O,14,2,2024-02-02,2024-02-16,1.0,0.04953304265164315,0.0,1.2403212870832405,2024-02-16
O,14,2,2024-02-09,2024-02-23,0.0,0.1330371894548297,0.0,1.323825433886427,2024-02-23
O,14,2,2024-02-16,2024-03-01,0.0,0.14385336210139163,0.0,1.334641606532989,2024-03-01
O,14,2,2024-02-23,2024-03-08,0.0,0.20007136696776312,0.0,1.3908596113993605,2024-03-08
O,14,2,2024-03-01,2024-03-15,0.0,0.12035038280856294,0.0,1.3111386272401604,2024-03-15
O,14,2,2024-03-08,2024-03-22,1.0,0.12021399932046262,0.0,1.31100224375206,2024-03-22
O,14,2,2024-03-15,2024-03-29,0.0,0.15030208082055294,0.0,1.3410903252521502,2024-03-29
O,14,2,2024-03-22,2024-04-05,0.0,0.10249389472353493,0.0,1.2932821391551323,2024-04-05
O,14,2,2024-03-29,2024-04-12,0.0,0.1724652627882212,0.0,1.3632535072198186,2024-04-12
O,14,2,2024-04-05,2024-04-19,0.0,0.15055007785542104,0.0,1.3413383222870183,2024-04-19
O,14,2,2024-04-12,2024-04-26,0.0,0.03994368092981861,0.0,1.230731925361416,2024-04-26
O,14,2,2024-04-19,2024-05-03,0.0,0.2340208871287759,0.0,1.4248091315603733,2024-05-03
O,14,2,2024-04-26,2024-05-10,0.0,0.11154139479061509,0.0,1.3023296392222123,2024-05-10
O,14,2,2024-05-03,2024-05-17,0.0,0.1168029181585924,0.0,1.3075911625901897,2024-05-17
O,14,2,2024-05-10,2024-05-24,0.0,0.1036615569803617,0.0,1.294449801411959,2024-05-24
O,14,2,2024-05-17,2024-05-31,0.0,0.12341995442583191,0.0,1.3142081988574292,2024-05-31
O,14,2,2024-05-24,2024-06-07,0.0,0.5519189771359614,0.0,1.7427072215675588,2024-06-07
O,14,2,2024-05-31,2024-06-14,2.0,0.3642982928211942,0.0,1.5550865372527916,2024-06-14
O,14,2,2024-06-07,2024-06-21,1.0,0.28467567738354504,0.0,1.4754639218151424,2024-06-21
O,14,2,2024-06-14,2024-06-28,0.0,0.5199499150653129,0.0,1.7107381594969102,2024-06-28
O,14,2,2024-06-21,2024-07-05,2.0,1.0237300622419772,0.0,2.2145183066735745,2024-07-05
O,14,2,2024-06-28,2024-07-12,0.0,0.6872347411022156,0.0,2.3229364482810215,2024-07-12
O,14,2,2024-07-05,2024-07-19,1.0,0.6714753114994246,0.0,2.3071770186782303,2024-07-19
O,14,2,2024-07-12,2024-07-26,3.0,0.8880589073383977,0.0,2.5237606145172036,2024-07-26
O,14,2,2024-07-19,2024-08-02,13.0,3.737537604728987,0.5713714147917988,5.373239311907793,2024-08-02
O,14,2,2024-07-26,2024-08-09,12.0,2.4130545805125396,0.0,4.048756287691345,2024-08-09
O,14,2,2024-08-02,2024-08-16,6.0,3.178861690723724,0.012695500786535696,4.81456339790253,2024-08-16
O,14,2,2024-08-09,2024-08-23,1.0,2.950951881143298,0.0,5.0628929738049,2024-08-23
O,14,2,2024-08-16,2024-08-30,0.0,1.8543185362393526,0.0,11.116780931510366,2024-08-30
O,14,2,2024-08-23,2024-09-06,2.0,2.65539095935645,0.0,12.242336378843909,2024-09-06
O,14,2,2024-08-30,2024-09-13,2.0,3.850335870984287,0.684169681047099,13.437281290471747,2024-09-13
O,14,2,2024-09-06,2024-09-20,2.0,2.5981457800145416,0.0,12.185091199502,2024-09-20
O,14,2,2024-09-13,2024-09-27,0.0,3.122819338024089,0.0,12.709764757511548,2024-09-27
O,14,2,2024-09-20,2024-10-04,0.0,1.3034998180723736,0.0,10.890445237559833,2024-10-04
O,14,2,2024-09-27,2024-10-11,0.0,1.0308267454488136,0.0,10.617772164936273,2024-10-11
O,14,2,2024-10-04,2024-10-18,1.0,0.5816708655760622,0.0,10.168616285063521,2024-10-18
O,14,2,2024-10-11,2024-10-25,0.0,0.47995863363693503,0.0,10.066904053124395,2024-10-25
O,14,2,2024-10-18,2024-11-01,0.0,0.9013417803586297,0.0,10.48828719984609,2024-11-01
O,14,2,2024-10-25,2024-11-08,0.0,2.1790454380077864,0.0,11.765990857495247,2024-11-08
O,14,2,2024-11-01,2024-11-15,0.0,0.3086006507995705,0.0,9.89554607028703,2024-11-15
O,14,2,2024-11-08,2024-11-22,0.0,0.3608404132295474,0.0,9.947785832717008,2024-11-22
O,14,2,2024-11-15,2024-11-29,1.0,0.25963775248983056,0.0,9.84658317197729,2024-11-29
O,14,2,2024-11-22,2024-12-06,0.0,0.14410971999232797,0.0,9.731055139479787,2024-12-06
O,14,2,2024-11-29,2024-12-13,0.0,0.3085034985851856,0.0,9.895448918072645,2024-12-13
O,14,2,2024-12-06,2024-12-20,0.0,0.39029049405623156,0.0,9.97723591354369,2024-12-20
O,14,2,2024-12-13,2024-12-27,0.0,0.23190667630082992,0.0,9.818852095788289,2024-12-27
O,14,2,2024-12-20,2025-01-03,0.0,0.3562038829583848,0.0,9.943149302445844,2025-01-03
O,14,2,2024-12-27,2025-01-10,0.0,0.2732921311095775,0.0,9.860237550597038,2025-01-10
O,14,2,2025-01-03,2025-01-17,0.0,0.1225852943644672,0.0,9.709530713851928,2025-01-17
O,14,2,2025-01-10,2025-01-24,0.0,0.17894788575543416,0.0,9.765893305242894,2025-01-24
O,14,2,2025-01-17,2025-01-31,0.0,0.10520114289267163,0.0,9.692146562380131,2025-01-31
O,14,2,2025-01-24,2025-02-07,0.0,0.10290711315898184,0.0,9.689852532646443,2025-02-07
O,14,2,2025-01-31,2025-02-14,0.0,0.052144763356359244,0.0,9.63909018284382,2025-02-14
O,14,2,2025-02-07,2025-02-21,0.0,0.09577640854387189,0.0,9.682721828031331,2025-02-21
O,14,2,2025-02-14,2025-02-28,0.0,0.07611624509363228,0.0,9.663061664581091,2025-02-28
O,14,2,2025-02-21,2025-03-07,0.0,0.10357820426854149,0.0,9.690523623756002,2025-03-07
O,14,2,2025-02-28,2025-03-14,0.0,0.0741709455862337,0.0,9.661116365073694,2025-03-14
O,14,2,2025-03-07,2025-03-21,0.0,0.09732900396099492,0.0,9.684274423448455,2025-03-21
O,14,2,2025-03-14,2025-03-28,0.0,0.1026078569604269,0.0,9.689553276447887,2025-03-28
O,14,2,2025-03-21,2025-04-04,0.0,0.06437491079275928,0.0,9.65132033028022,2025-04-04
O,14,2,2025-03-28,2025-04-11,0.0,0.03647660787370415,0.0,9.623422027361164,2025-04-11
O,14,2,2025-04-04,2025-04-18,1.0,0.03116919143013699,0.0,9.618114610917598,2025-04-18
O,14,2,2025-04-11,2025-04-25,0.0,0.059975972145988043,0.0,9.646921391633448,2025-04-25
O,14,2,2025-04-18,2025-05-02,0.0,0.12996384772800756,0.0,9.716909267215467,2025-05-02
O,14,2,2025-04-25,2025-05-09,0.0,0.1499896137691077,0.0,9.736935033256568,2025-05-09
O,14,2,2025-05-02,2025-05-16,1.0,0.24509180040794148,0.0,9.832037219895401,2025-05-16
O,14,2,2025-05-09,2025-05-23,0.0,0.1501351430210492,0.0,9.73708056250851,2025-05-23
O,14,2,2025-05-16,2025-05-30,0.0,0.3942495608115747,0.0,9.981194980299035,2025-05-30
O,14,2,2025-05-23,2025-06-06,0.0,0.27955607321864534,0.0,9.866501492706105,2025-06-06
O,14,2,2025-05-30,2025-06-13,1.0,0.7582223530898113,0.0,10.345167772577271,2025-06-13
O,14,2,2025-06-06,2025-06-20,0.0,0.9312257740992629,0.0,10.518171193586722,2025-06-20
O,14,2,2025-06-13,2025-06-27,0.0,0.9609261729258277,0.0,10.547871592413287,2025-06-27
O,14,2,2025-06-20,2025-07-04,0.0,0.5584990273836246,0.0,10.145444446871085,2025-07-04
O,14,2,2025-06-27,2025-07-11,0.0,1.3218215440001435,0.0,10.908766963487604,2025-07-11
O,14,2,2025-07-04,2025-07-18,1.0,1.8581540431079124,0.0,11.445099462595373,2025-07-18
O,14,2,2025-07-11,2025-07-25,4.0,1.06122005625479,0.0,10.64816547574225,2025-07-25
O,14,2,2025-07-18,2025-08-01,12.0,14.129740817443805,11.006921479419717,23.716686236931267,2025-08-01
O,14,2,2025-07-25,2025-08-08,8.0,3.6905959238055255,0.5677765857814365,13.277541343292985,2025-08-08
O,14,2,2025-08-01,2025-08-15,0.0,2.884535176158798,0.0,12.471480595646257,2025-08-15
O,14,2,2025-08-08,2025-08-22,1.0,2.3221912781585203,0.0,11.90913669764598,2025-08-22
O,14,2,2025-08-15,2025-08-29,0.0,1.7581500634751384,0.0,11.345095482962599,2025-08-29
O,14,2,2025-08-22,2025-09-05,0.0,2.3438607054498712,0.0,11.93080612493733,2025-09-05
