cluster,cluster_index,horizon,interval_start_at_inference_time,interval_start_when_prediction_relevant,true_count,prediction,lower,upper
A,0,1,2023-02-17,2023-02-24,0.0,0.0,0.0,3.0
A,0,1,2023-02-24,2023-03-03,0.0,0.0,0.0,3.0
A,0,1,2023-03-03,2023-03-10,0.0,0.0,0.0,3.0
A,0,1,2023-03-10,2023-03-17,0.0,0.0,0.0,3.0
A,0,1,2023-03-17,2023-03-24,0.0,0.0,0.0,3.0
A,0,1,2023-03-24,2023-03-31,0.0,0.0,0.0,3.0
A,0,1,2023-03-31,2023-04-07,1.0,0.0,0.0,3.0
A,0,1,2023-04-07,2023-04-14,0.0,0.0,0.0,3.0
A,0,1,2023-04-14,2023-04-21,0.0,0.0,0.0,3.0
A,0,1,2023-04-21,2023-04-28,0.0,0.0,0.0,3.0
A,0,1,2023-04-28,2023-05-05,0.0,0.0,0.0,3.0
A,0,1,2023-05-05,2023-05-12,0.0,0.0,0.0,3.0
A,0,1,2023-05-12,2023-05-19,0.0,0.0,0.0,3.0
A,0,1,2023-05-19,2023-05-26,1.0,0.0,0.0,3.0
A,0,1,2023-05-26,2023-06-02,0.0,0.0,0.0,3.0
A,0,1,2023-06-02,2023-06-09,0.0,0.0,0.0,3.0
A,0,1,2023-06-09,2023-06-16,1.0,0.0,0.0,3.0
A,0,1,2023-06-16,2023-06-23,1.0,0.0,0.0,3.0
A,0,1,2023-06-23,2023-06-30,0.0,0.0,0.0,3.0
A,0,1,2023-06-30,2023-07-07,0.0,0.0,0.0,3.0
A,0,1,2023-07-07,2023-07-14,2.0,0.0,0.0,3.0
A,0,1,2023-07-14,2023-07-21,0.0,0.0,0.0,3.0
A,0,1,2023-07-21,2023-07-28,0.0,0.0,0.0,3.0
A,0,1,2023-07-28,2023-08-04,0.0,0.0,0.0,3.0
A,0,1,2023-08-04,2023-08-11,7.0,0.0,0.0,3.0
A,0,1,2023-08-11,2023-08-18,1.0,0.0,0.0,2.0
A,0,1,2023-08-18,2023-08-25,1.0,0.0,0.0,2.0
A,0,1,2023-08-25,2023-09-01,0.0,0.0,0.0,7.0
A,0,1,2023-09-01,2023-09-08,1.0,0.0,0.0,7.0
A,0,1,2023-09-08,2023-09-15,4.0,0.0,0.0,7.0
A,0,1,2023-09-15,2023-09-22,0.0,0.0,0.0,7.0
A,0,1,2023-09-22,2023-09-29,1.0,0.0,0.0,7.0
A,0,1,2023-09-29,2023-10-06,0.0,0.0,0.0,7.0
A,0,1,2023-10-06,2023-10-13,1.0,0.0,0.0,7.0
A,0,1,2023-10-13,2023-10-20,0.0,0.0,0.0,7.0
A,0,1,2023-10-20,2023-10-27,0.0,0.0,0.0,7.0
A,0,1,2023-10-27,2023-11-03,0.0,0.0,0.0,7.0
A,0,1,2023-11-03,2023-11-10,0.0,0.0,0.0,7.0
A,0,1,2023-11-10,2023-11-17,0.0,0.0,0.0,7.0
A,0,1,2023-11-17,2023-11-24,0.0,0.0,0.0,7.0
A,0,1,2023-11-24,2023-12-01,0.0,0.0,0.0,7.0
A,0,1,2023-12-01,2023-12-08,0.0,0.0,0.0,7.0
A,0,1,2023-12-08,2023-12-15,0.0,0.0,0.0,7.0
A,0,1,2023-12-15,2023-12-22,0.0,0.0,0.0,7.0
A,0,1,2023-12-22,2023-12-29,1.0,0.0,0.0,7.0
A,0,1,2023-12-29,2024-01-05,0.0,0.0,0.0,7.0
A,0,1,2024-01-05,2024-01-12,0.0,0.0,0.0,7.0
A,0,1,2024-01-12,2024-01-19,0.0,0.0,0.0,7.0
A,0,1,2024-01-19,2024-01-26,1.0,0.0,0.0,7.0
A,0,1,2024-01-26,2024-02-02,0.0,0.0,0.0,7.0
A,0,1,2024-02-02,2024-02-09,0.0,0.0,0.0,7.0
A,0,1,2024-02-09,2024-02-16,0.0,0.0,0.0,7.0
A,0,1,2024-02-16,2024-02-23,0.0,0.0,0.0,7.0
A,0,1,2024-02-23,2024-03-01,0.0,0.0,0.0,7.0
A,0,1,2024-03-01,2024-03-08,0.0,0.0,0.0,7.0
A,0,1,2024-03-08,2024-03-15,0.0,0.0,0.0,7.0
A,0,1,2024-03-15,2024-03-22,0.0,0.0,0.0,7.0
A,0,1,2024-03-22,2024-03-29,0.0,0.0,0.0,7.0
A,0,1,2024-03-29,2024-04-05,0.0,0.0,0.0,7.0
A,0,1,2024-04-05,2024-04-12,0.0,0.0,0.0,7.0
A,0,1,2024-04-12,2024-04-19,0.0,0.0,0.0,7.0
A,0,1,2024-04-19,2024-04-26,0.0,0.0,0.0,7.0
A,0,1,2024-04-26,2024-05-03,1.0,0.0,0.0,7.0
A,0,1,2024-05-03,2024-05-10,0.0,0.0,0.0,7.0
A,0,1,2024-05-10,2024-05-17,0.0,0.0,0.0,7.0
A,0,1,2024-05-17,2024-05-24,1.0,0.0,0.0,7.0
A,0,1,2024-05-24,2024-05-31,0.0,0.0,0.0,7.0
A,0,1,2024-05-31,2024-06-07,0.0,0.0,0.0,7.0
A,0,1,2024-06-07,2024-06-14,0.0,0.0,0.0,7.0
A,0,1,2024-06-14,2024-06-21,0.0,0.0,0.0,7.0
A,0,1,2024-06-21,2024-06-28,0.0,0.0,0.0,7.0
A,0,1,2024-06-28,2024-07-05,1.0,0.0,0.0,7.0
A,0,1,2024-07-05,2024-07-12,0.0,0.0,0.0,7.0
A,0,1,2024-07-12,2024-07-19,2.0,0.0,0.0,7.0
A,0,1,2024-07-19,2024-07-26,5.0,0.0,0.0,7.0
A,0,1,2024-07-26,2024-08-02,8.0,0.0,0.0,7.0
A,0,1,2024-08-02,2024-08-09,18.0,0.0,0.0,7.0
A,0,1,2024-08-09,2024-08-16,2.0,0.0,0.0,7.0
A,0,1,2024-08-16,2024-08-23,1.0,0.0,0.0,8.0
A,0,1,2024-08-23,2024-08-30,1.0,0.0,0.0,18.0
A,0,1,2024-08-30,2024-09-06,1.0,0.0,0.0,18.0
A,0,1,2024-09-06,2024-09-13,2.0,0.0,0.0,18.0
A,0,1,2024-09-13,2024-09-20,2.0,0.0,0.0,18.0
A,0,1,2024-09-20,2024-09-27,0.0,0.0,0.0,18.0
A,0,1,2024-09-27,2024-10-04,0.0,0.0,0.0,18.0
A,0,1,2024-10-04,2024-10-11,0.0,0.0,0.0,18.0
A,0,1,2024-10-11,2024-10-18,0.0,0.0,0.0,18.0
A,0,1,2024-10-18,2024-10-25,0.0,0.0,0.0,18.0
A,0,1,2024-10-25,2024-11-01,1.0,0.0,0.0,18.0
A,0,1,2024-11-01,2024-11-08,0.0,0.0,0.0,18.0
A,0,1,2024-11-08,2024-11-15,0.0,0.0,0.0,18.0
A,0,1,2024-11-15,2024-11-22,0.0,0.0,0.0,18.0
A,0,1,2024-11-22,2024-11-29,1.0,0.0,0.0,18.0
A,0,1,2024-11-29,2024-12-06,0.0,0.0,0.0,18.0
A,0,1,2024-12-06,2024-12-13,0.0,0.0,0.0,18.0
A,0,1,2024-12-13,2024-12-20,0.0,0.0,0.0,18.0
A,0,1,2024-12-20,2024-12-27,0.0,0.0,0.0,18.0
A,0,1,2024-12-27,2025-01-03,0.0,0.0,0.0,18.0
A,0,1,2025-01-03,2025-01-10,0.0,0.0,0.0,18.0
A,0,1,2025-01-10,2025-01-17,0.0,0.0,0.0,18.0
A,0,1,2025-01-17,2025-01-24,0.0,0.0,0.0,18.0
A,0,1,2025-01-24,2025-01-31,0.0,0.0,0.0,18.0
A,0,1,2025-01-31,2025-02-07,1.0,0.0,0.0,18.0
A,0,1,2025-02-07,2025-02-14,0.0,0.0,0.0,18.0
A,0,1,2025-02-14,2025-02-21,0.0,0.0,0.0,18.0
A,0,1,2025-02-21,2025-02-28,1.0,0.0,0.0,18.0
A,0,1,2025-02-28,2025-03-07,0.0,0.0,0.0,18.0
A,0,1,2025-03-07,2025-03-14,0.0,0.0,0.0,18.0
A,0,1,2025-03-14,2025-03-21,0.0,0.0,0.0,18.0
A,0,1,2025-03-21,2025-03-28,0.0,0.0,0.0,18.0
A,0,1,2025-03-28,2025-04-04,0.0,0.0,0.0,18.0
A,0,1,2025-04-04,2025-04-11,0.0,0.0,0.0,18.0
A,0,1,2025-04-11,2025-04-18,0.0,0.0,0.0,18.0
A,0,1,2025-04-18,2025-04-25,0.0,0.0,0.0,18.0
A,0,1,2025-04-25,2025-05-02,0.0,0.0,0.0,18.0
A,0,1,2025-05-02,2025-05-09,0.0,0.0,0.0,18.0
A,0,1,2025-05-09,2025-05-16,0.0,0.0,0.0,18.0
A,0,1,2025-05-16,2025-05-23,0.0,0.0,0.0,18.0
A,0,1,2025-05-23,2025-05-30,0.0,0.0,0.0,18.0
A,0,1,2025-05-30,2025-06-06,0.0,0.0,0.0,18.0
A,0,1,2025-06-06,2025-06-13,0.0,0.0,0.0,18.0
A,0,1,2025-06-13,2025-06-20,1.0,0.0,0.0,18.0
A,0,1,2025-06-20,2025-06-27,0.0,0.0,0.0,18.0
A,0,1,2025-06-27,2025-07-04,0.0,0.0,0.0,18.0
A,0,1,2025-07-04,2025-07-11,2.0,0.0,0.0,18.0
A,0,1,2025-07-11,2025-07-18,2.0,0.0,0.0,18.0
A,0,1,2025-07-18,2025-07-25,2.0,0.0,0.0,18.0
A,0,1,2025-07-25,2025-08-01,13.0,0.0,0.0,18.0
A,0,1,2025-08-01,2025-08-08,8.0,0.0,0.0,18.0
A,0,1,2025-08-08,2025-08-15,1.0,0.0,0.0,18.0
A,0,1,2025-08-15,2025-08-22,1.0,0.0,0.0,18.0
A,0,1,2025-08-22,2025-08-29,0.0,0.0,0.0,13.0
A,0,2,2023-02-17,2023-03-03,0.0,0.04836256802082062,0.0,2.8063106536865234
A,0,2,2023-02-24,2023-03-10,0.0,0.038530491292476654,0.0,2.796478748321533
A,0,2,2023-03-03,2023-03-17,0.0,0.03537924215197563,0.0,2.7933273315429688
A,0,2,2023-03-10,2023-03-24,0.0,0.034604672342538834,0.0,2.792552947998047
A,0,2,2023-03-17,2023-03-31,0.0,0.053030312061309814,0.0,2.810978412628174
A,0,2,2023-03-24,2023-04-07,1.0,0.03965332359075546,0.0,2.7976014614105225
A,0,2,2023-03-31,2023-04-14,0.0,0.034593481570482254,0.0,2.792541742324829
A,0,2,2023-04-07,2023-04-21,0.0,0.034536827355623245,0.0,2.792484998703003
A,0,2,2023-04-14,2023-04-28,0.0,0.016171235591173172,0.0,2.7741193771362305
A,0,2,2023-04-21,2023-05-05,0.0,0.03640376403927803,0.0,2.794351816177368
A,0,2,2023-04-28,2023-05-12,0.0,0.06589332222938538,0.0,2.8238415718078613
A,0,2,2023-05-05,2023-05-19,0.0,0.11738283187150955,0.0,2.875330924987793
A,0,2,2023-05-12,2023-05-26,1.0,0.2130129039287567,0.0,2.970961093902588
A,0,2,2023-05-19,2023-06-02,0.0,0.20397374033927917,0.0,2.9619219303131104
A,0,2,2023-05-26,2023-06-09,0.0,0.3154202103614807,0.0,3.0733683109283447
A,0,2,2023-06-02,2023-06-16,1.0,0.2506704330444336,0.0,3.0086185932159424
A,0,2,2023-06-09,2023-06-23,1.0,0.5518854856491089,0.0,3.309833526611328
A,0,2,2023-06-16,2023-06-30,0.0,0.2934516370296478,0.0,3.0513997077941895
A,0,2,2023-06-23,2023-07-07,0.0,0.2856723368167877,0.0,3.0436205863952637
A,0,2,2023-06-30,2023-07-14,2.0,0.23470672965049744,0.0,2.992654800415039
A,0,2,2023-07-07,2023-07-21,0.0,0.3033183813095093,0.0,3.0612664222717285
A,0,2,2023-07-14,2023-07-28,0.0,0.7584044337272644,0.0,3.516352653503418
A,0,2,2023-07-21,2023-08-04,0.0,1.1175296306610107,0.21487700939178467,3.8754777908325195
A,0,2,2023-07-28,2023-08-11,7.0,4.131246566772461,3.2285938262939453,6.889194488525391
A,0,2,2023-08-04,2023-08-18,1.0,1.3222143650054932,0.4195617437362671,4.080162525177002
A,0,2,2023-08-11,2023-08-25,1.0,0.7138607501983643,0.0,2.627053737640381
A,0,2,2023-08-18,2023-09-01,0.0,0.37391912937164307,0.0,2.28711199760437
A,0,2,2023-08-25,2023-09-08,1.0,0.5480524301528931,0.0,3.4168057441711426
A,0,2,2023-09-01,2023-09-15,4.0,1.1612893342971802,0.043759703636169434,4.03004264831543
A,0,2,2023-09-08,2023-09-22,0.0,0.7671281695365906,0.0,3.6358816623687744
A,0,2,2023-09-15,2023-09-29,1.0,0.5022222399711609,0.0,3.3709757328033447
A,0,2,2023-09-22,2023-10-06,0.0,0.39143210649490356,0.0,3.260185480117798
A,0,2,2023-09-29,2023-10-13,1.0,1.0739014148712158,0.0,3.942654848098755
A,0,2,2023-10-06,2023-10-20,0.0,0.5381864309310913,0.0,3.40693998336792
A,0,2,2023-10-13,2023-10-27,0.0,0.31641554832458496,0.0,3.185168981552124
A,0,2,2023-10-20,2023-11-03,0.0,0.26285386085510254,0.0,3.1316072940826416
A,0,2,2023-10-27,2023-11-10,0.0,0.229600727558136,0.0,3.0983541011810303
A,0,2,2023-11-03,2023-11-17,0.0,0.24001723527908325,0.0,3.1087706089019775
A,0,2,2023-11-10,2023-11-24,0.0,0.13658058643341064,0.0,3.00533390045166
A,0,2,2023-11-17,2023-12-01,0.0,0.20921984314918518,0.0,3.0779733657836914
A,0,2,2023-11-24,2023-12-08,0.0,0.17408859729766846,0.0,3.042841911315918
A,0,2,2023-12-01,2023-12-15,0.0,0.09389623999595642,0.0,2.9626495838165283
A,0,2,2023-12-08,2023-12-22,0.0,0.0735308900475502,0.0,2.942284345626831
A,0,2,2023-12-15,2023-12-29,1.0,0.07961034029722214,0.0,2.948363780975342
A,0,2,2023-12-22,2024-01-05,0.0,0.10792558640241623,0.0,2.9766790866851807
A,0,2,2023-12-29,2024-01-12,0.0,0.057830266654491425,0.0,2.926583766937256
A,0,2,2024-01-05,2024-01-19,0.0,0.052425265312194824,0.0,2.9211788177490234
A,0,2,2024-01-12,2024-01-26,1.0,0.05464515835046768,0.0,2.923398494720459
A,0,2,2024-01-19,2024-02-02,0.0,0.050968803465366364,0.0,2.919722318649292
A,0,2,2024-01-26,2024-02-09,0.0,0.054681092500686646,0.0,2.9234344959259033
A,0,2,2024-02-02,2024-02-16,0.0,0.06058183312416077,0.0,2.929335355758667
A,0,2,2024-02-09,2024-02-23,0.0,0.0717213898897171,0.0,2.94047474861145
A,0,2,2024-02-16,2024-03-01,0.0,0.05300895869731903,0.0,2.921762466430664
A,0,2,2024-02-23,2024-03-08,0.0,0.04998122155666351,0.0,2.918734550476074
A,0,2,2024-03-01,2024-03-15,0.0,0.054940834641456604,0.0,2.923694372177124
A,0,2,2024-03-08,2024-03-22,0.0,0.05196809023618698,0.0,2.9207215309143066
A,0,2,2024-03-15,2024-03-29,0.0,0.05229884386062622,0.0,2.9210522174835205
A,0,2,2024-03-22,2024-04-05,0.0,0.046476565301418304,0.0,2.9152300357818604
A,0,2,2024-03-29,2024-04-12,0.0,0.047918982803821564,0.0,2.916672468185425
A,0,2,2024-04-05,2024-04-19,0.0,0.05170648545026779,0.0,2.9204599857330322
A,0,2,2024-04-12,2024-04-26,0.0,0.058151908218860626,0.0,2.926905393600464
A,0,2,2024-04-19,2024-05-03,1.0,0.055662646889686584,0.0,2.9244160652160645
A,0,2,2024-04-26,2024-05-10,0.0,0.09824825078248978,0.0,2.9670016765594482
A,0,2,2024-05-03,2024-05-17,0.0,0.14845150709152222,0.0,3.017204999923706
A,0,2,2024-05-10,2024-05-24,1.0,0.23041072487831116,0.0,3.0991642475128174
A,0,2,2024-05-17,2024-05-31,0.0,0.27202108502388,0.0,3.1407744884490967
A,0,2,2024-05-24,2024-06-07,0.0,0.8898664712905884,0.0,3.758619785308838
A,0,2,2024-05-31,2024-06-14,0.0,0.40443071722984314,0.0,3.273184061050415
A,0,2,2024-06-07,2024-06-21,0.0,0.4652237892150879,0.0,3.333977222442627
A,0,2,2024-06-14,2024-06-28,0.0,0.4986315369606018,0.0,3.367384910583496
A,0,2,2024-06-21,2024-07-05,1.0,0.6280017495155334,0.0,3.4967551231384277
A,0,2,2024-06-28,2024-07-12,0.0,0.5105706453323364,0.0,3.379323959350586
A,0,2,2024-07-05,2024-07-19,2.0,0.4688952565193176,0.0,3.337648630142212
A,0,2,2024-07-12,2024-07-26,5.0,0.6592032313346863,0.0,3.52795672416687
A,0,2,2024-07-19,2024-08-02,8.0,1.5846524238586426,0.46712279319763184,4.453405857086182
A,0,2,2024-07-26,2024-08-09,18.0,0.8193307518959045,0.0,3.688084125518799
A,0,2,2024-08-02,2024-08-16,2.0,1.9129445552825928,0.795414924621582,4.781698226928711
A,0,2,2024-08-09,2024-08-23,1.0,4.267242431640625,3.1497128009796143,8.608039855957031
A,0,2,2024-08-16,2024-08-30,1.0,1.8460471630096436,0.9561806917190552,8.261394500732422
A,0,2,2024-08-23,2024-09-06,1.0,2.8805184364318848,1.9906519651412964,20.061187744140625
A,0,2,2024-08-30,2024-09-13,2.0,4.212001323699951,3.3221349716186523,21.392671585083008
A,0,2,2024-09-06,2024-09-20,2.0,3.7884976863861084,0.5212552547454834,20.969167709350586
A,0,2,2024-09-13,2024-09-27,0.0,1.8470423221588135,0.0,19.027711868286133
A,0,2,2024-09-20,2024-10-04,0.0,1.475124716758728,0.0,18.655794143676758
A,0,2,2024-09-27,2024-10-11,0.0,2.5903737545013428,0.0,19.77104377746582
A,0,2,2024-10-04,2024-10-18,0.0,0.4837666153907776,0.0,17.66443634033203
A,0,2,2024-10-11,2024-10-25,0.0,0.2602021098136902,0.0,17.440872192382812
A,0,2,2024-10-18,2024-11-01,1.0,0.2664134204387665,0.0,17.44708251953125
A,0,2,2024-10-25,2024-11-08,0.0,0.6411978602409363,0.0,17.821866989135742
A,0,2,2024-11-01,2024-11-15,0.0,0.16872814297676086,0.0,17.349397659301758
A,0,2,2024-11-08,2024-11-22,0.0,0.10518001765012741,0.0,17.285850524902344
A,0,2,2024-11-15,2024-11-29,1.0,0.14256128668785095,0.0,17.323230743408203
A,0,2,2024-11-22,2024-12-06,0.0,0.08613508939743042,0.0,17.26680564880371
A,0,2,2024-11-29,2024-12-13,0.0,0.06643351167440414,0.0,17.247102737426758
A,0,2,2024-12-06,2024-12-20,0.0,0.09387794137001038,0.0,17.274547576904297
A,0,2,2024-12-13,2024-12-27,0.0,0.08239542692899704,0.0,17.263065338134766
A,0,2,2024-12-20,2025-01-03,0.0,0.1386605203151703,0.0,17.3193302154541
A,0,2,2024-12-27,2025-01-10,0.0,0.08240877836942673,0.0,17.263078689575195
A,0,2,2025-01-03,2025-01-17,0.0,0.07937117666006088,0.0,17.260040283203125
A,0,2,2025-01-10,2025-01-24,0.0,0.07461655139923096,0.0,17.255287170410156
A,0,2,2025-01-17,2025-01-31,0.0,0.05783083289861679,0.0,17.238500595092773
A,0,2,2025-01-24,2025-02-07,1.0,0.06615898758172989,0.0,17.246828079223633
A,0,2,2025-01-31,2025-02-14,0.0,0.05860911309719086,0.0,17.23927879333496
A,0,2,2025-02-07,2025-02-21,0.0,0.05513563007116318,0.0,17.23580551147461
A,0,2,2025-02-14,2025-02-28,1.0,0.06290782988071442,0.0,17.24357795715332
A,0,2,2025-02-21,2025-03-07,0.0,0.039309315383434296,0.0,17.21997833251953
A,0,2,2025-02-28,2025-03-14,0.0,0.04956955462694168,0.0,17.230239868164062
A,0,2,2025-03-07,2025-03-21,0.0,0.029986854642629623,0.0,17.210657119750977
A,0,2,2025-03-14,2025-03-28,0.0,0.03809783607721329,0.0,17.218767166137695
A,0,2,2025-03-21,2025-04-04,0.0,0.046454332768917084,0.0,17.227123260498047
A,0,2,2025-03-28,2025-04-11,0.0,0.06114089488983154,0.0,17.241809844970703
A,0,2,2025-04-04,2025-04-18,0.0,0.07662485539913177,0.0,17.257293701171875
A,0,2,2025-04-11,2025-04-25,0.0,0.0921887755393982,0.0,17.272857666015625
A,0,2,2025-04-18,2025-05-02,0.0,0.07294123619794846,0.0,17.253610610961914
A,0,2,2025-04-25,2025-05-09,0.0,0.10526498407125473,0.0,17.285934448242188
A,0,2,2025-05-02,2025-05-16,0.0,0.13763543963432312,0.0,17.31830596923828
A,0,2,2025-05-09,2025-05-23,0.0,0.13605180382728577,0.0,17.316720962524414
A,0,2,2025-05-16,2025-05-30,0.0,0.2439814805984497,0.0,17.424652099609375
A,0,2,2025-05-23,2025-06-06,0.0,0.30329716205596924,0.0,17.483966827392578
A,0,2,2025-05-30,2025-06-13,0.0,0.428774356842041,0.0,17.60944366455078
A,0,2,2025-06-06,2025-06-20,1.0,0.5883325934410095,0.0,17.76900291442871
A,0,2,2025-06-13,2025-06-27,0.0,0.3434295654296875,0.0,17.524099349975586
A,0,2,2025-06-20,2025-07-04,0.0,0.24808040261268616,0.0,17.42875099182129
A,0,2,2025-06-27,2025-07-11,2.0,0.3738909661769867,0.0,17.554561614990234
A,0,2,2025-07-04,2025-07-18,2.0,1.5475718975067139,0.0,18.728240966796875
A,0,2,2025-07-11,2025-07-25,2.0,4.1140642166137695,0.8468217849731445,21.294734954833984
A,0,2,2025-07-18,2025-08-01,13.0,8.030323028564453,4.763080596923828,25.21099281311035
A,0,2,2025-07-25,2025-08-08,8.0,5.636050701141357,2.3688082695007324,22.816720962524414
A,0,2,2025-08-01,2025-08-15,1.0,2.701496124267578,0.0,19.882165908813477
A,0,2,2025-08-08,2025-08-22,1.0,1.214379906654358,0.0,18.395050048828125
A,0,2,2025-08-15,2025-08-29,0.0,0.6257603764533997,0.0,17.80643081665039
A,0,2,2025-08-22,2025-09-05,,1.0177900791168213,0.0,5.987466812133789
A,0,4,2023-02-17,2023-03-17,0.0,0.10836992412805557,0.0,2.8534693717956543
A,0,4,2023-02-24,2023-03-24,0.0,0.10892494767904282,0.0,2.8540244102478027
A,0,4,2023-03-03,2023-03-31,0.0,0.10515429824590683,0.0,2.8502538204193115
A,0,4,2023-03-10,2023-04-07,1.0,0.10472892969846725,0.0,2.8498284816741943
A,0,4,2023-03-17,2023-04-14,0.0,0.10399624705314636,0.0,2.8490958213806152
A,0,4,2023-03-24,2023-04-21,0.0,0.11139101535081863,0.0,2.8564906120300293
A,0,4,2023-03-31,2023-04-28,0.0,0.11369273066520691,0.0,2.858792304992676
A,0,4,2023-04-07,2023-05-05,0.0,0.11653284728527069,0.0,2.8616323471069336
A,0,4,2023-04-14,2023-05-12,0.0,0.12874510884284973,0.0,2.873844623565674
A,0,4,2023-04-21,2023-05-19,0.0,0.13843649625778198,0.0,2.8835361003875732
A,0,4,2023-04-28,2023-05-26,1.0,0.17058409750461578,0.0,2.9156837463378906
A,0,4,2023-05-05,2023-06-02,0.0,0.3149615526199341,0.0,3.060060977935791
A,0,4,2023-05-12,2023-06-09,0.0,0.3329734206199646,0.0,3.078073024749756
A,0,4,2023-05-19,2023-06-16,1.0,0.19160036742687225,0.0,2.936699867248535
A,0,4,2023-05-26,2023-06-23,1.0,0.2796069383621216,0.0,3.0247063636779785
A,0,4,2023-06-02,2023-06-30,0.0,0.5855377912521362,0.0,3.3306374549865723
A,0,4,2023-06-09,2023-07-07,0.0,0.8428863286972046,0.0,3.5879859924316406
A,0,4,2023-06-16,2023-07-14,2.0,0.9188833236694336,0.0,3.66398286819458
A,0,4,2023-06-23,2023-07-21,0.0,2.093843698501587,0.0,4.8389434814453125
A,0,4,2023-06-30,2023-07-28,0.0,2.052229642868042,0.0,4.797328948974609
A,0,4,2023-07-07,2023-08-04,0.0,1.6777544021606445,0.0,4.422853946685791
A,0,4,2023-07-14,2023-08-11,7.0,2.112170457839966,0.0,4.857270240783691
A,0,4,2023-07-21,2023-08-18,1.0,0.7439497113227844,0.0,3.489049196243286
A,0,4,2023-07-28,2023-08-25,1.0,1.4041048288345337,0.5612185001373291,4.149204254150391
A,0,4,2023-08-04,2023-09-01,0.0,0.6306857466697693,0.0,3.3757853507995605
A,0,4,2023-08-11,2023-09-08,1.0,0.9504286050796509,0.0,2.7797746658325195
A,0,4,2023-08-18,2023-09-15,4.0,1.46028733253479,0.0,3.2896335124969482
A,0,4,2023-08-25,2023-09-22,0.0,0.8169788122177124,0.0,5.704808712005615
A,0,4,2023-09-01,2023-09-29,1.0,0.6430413722991943,0.0,5.530871391296387
A,0,4,2023-09-08,2023-10-06,0.0,1.073541522026062,0.0,5.961371421813965
A,0,4,2023-09-15,2023-10-13,1.0,3.50569486618042,1.411851167678833,8.393524169921875
A,0,4,2023-09-22,2023-10-20,0.0,1.5317604541778564,0.0,6.419589996337891
A,0,4,2023-09-29,2023-10-27,0.0,0.8445329070091248,0.0,5.732362747192383
A,0,4,2023-10-06,2023-11-03,0.0,0.4773285388946533,0.0,5.3651580810546875
A,0,4,2023-10-13,2023-11-10,0.0,0.7451646327972412,0.0,5.632994651794434
A,0,4,2023-10-20,2023-11-17,0.0,0.5211363434791565,0.0,5.408966064453125
A,0,4,2023-10-27,2023-11-24,0.0,0.21659505367279053,0.0,5.104424953460693
A,0,4,2023-11-03,2023-12-01,0.0,0.23866426944732666,0.0,5.12649393081665
A,0,4,2023-11-10,2023-12-08,0.0,0.21128252148628235,0.0,5.099112510681152
A,0,4,2023-11-17,2023-12-15,0.0,0.208619624376297,0.0,5.096449375152588
A,0,4,2023-11-24,2023-12-22,0.0,0.15697675943374634,0.0,5.044806480407715
A,0,4,2023-12-01,2023-12-29,1.0,0.14386972784996033,0.0,5.0316996574401855
A,0,4,2023-12-08,2024-01-05,0.0,0.14975059032440186,0.0,5.037580490112305
A,0,4,2023-12-15,2024-01-12,0.0,0.17765545845031738,0.0,5.065485000610352
A,0,4,2023-12-22,2024-01-19,0.0,0.16058111190795898,0.0,5.048410892486572
A,0,4,2023-12-29,2024-01-26,1.0,0.12902340292930603,0.0,5.016853332519531
A,0,4,2024-01-05,2024-02-02,0.0,0.12992660701274872,0.0,5.017756462097168
A,0,4,2024-01-12,2024-02-09,0.0,0.153923898935318,0.0,5.041753768920898
A,0,4,2024-01-19,2024-02-16,0.0,0.1185944527387619,0.0,5.006424427032471
A,0,4,2024-01-26,2024-02-23,0.0,0.10418117046356201,0.0,4.992011070251465
A,0,4,2024-02-02,2024-03-01,0.0,0.11023472249507904,0.0,4.9980645179748535
A,0,4,2024-02-09,2024-03-08,0.0,0.11600138247013092,0.0,5.003831386566162
A,0,4,2024-02-16,2024-03-15,0.0,0.11124565452337265,0.0,4.999075412750244
A,0,4,2024-02-23,2024-03-22,0.0,0.10820330679416656,0.0,4.996033191680908
A,0,4,2024-03-01,2024-03-29,0.0,0.10522854328155518,0.0,4.993058204650879
A,0,4,2024-03-08,2024-04-05,0.0,0.11529654264450073,0.0,5.00312614440918
A,0,4,2024-03-15,2024-04-12,0.0,0.11543139815330505,0.0,5.003261089324951
A,0,4,2024-03-22,2024-04-19,0.0,0.1251525729894638,0.0,5.012982368469238
A,0,4,2024-03-29,2024-04-26,0.0,0.1366691291332245,0.0,5.02449893951416
A,0,4,2024-04-05,2024-05-03,1.0,0.16144463419914246,0.0,5.049274444580078
A,0,4,2024-04-12,2024-05-10,0.0,0.1866351217031479,0.0,5.074464797973633
A,0,4,2024-04-19,2024-05-17,0.0,0.21658185124397278,0.0,5.104411602020264
A,0,4,2024-04-26,2024-05-24,1.0,0.27404093742370605,0.0,5.161870956420898
A,0,4,2024-05-03,2024-05-31,0.0,0.5343723893165588,0.0,5.422202110290527
A,0,4,2024-05-10,2024-06-07,0.0,0.9364935159683228,0.0,5.8243231773376465
A,0,4,2024-05-17,2024-06-14,0.0,0.6849207282066345,0.0,5.572750568389893
A,0,4,2024-05-24,2024-06-21,0.0,0.6161669492721558,0.0,5.503996849060059
A,0,4,2024-05-31,2024-06-28,0.0,0.6556001901626587,0.0,5.543429851531982
A,0,4,2024-06-07,2024-07-05,1.0,1.046471118927002,0.0,5.934300899505615
A,0,4,2024-06-14,2024-07-12,0.0,2.13993239402771,0.0,7.027762413024902
A,0,4,2024-06-21,2024-07-19,2.0,3.2385504245758057,0.7328555583953857,8.12637996673584
A,0,4,2024-06-28,2024-07-26,5.0,3.09037709236145,0.5846822261810303,7.978206634521484
A,0,4,2024-07-05,2024-08-02,8.0,2.2940833568573,0.0,7.181913375854492
A,0,4,2024-07-12,2024-08-09,18.0,2.405818223953247,0.0,7.293647766113281
A,0,4,2024-07-19,2024-08-16,2.0,0.7477507591247559,0.0,5.635580539703369
A,0,4,2024-07-26,2024-08-23,1.0,0.9557178020477295,0.0,5.843547821044922
A,0,4,2024-08-02,2024-08-30,1.0,2.284118413925171,0.0,7.171948432922363
A,0,4,2024-08-09,2024-09-06,1.0,4.2249860763549805,1.7192912101745605,9.112815856933594
A,0,4,2024-08-16,2024-09-13,2.0,3.4409170150756836,0.9352221488952637,9.146833419799805
A,0,4,2024-08-23,2024-09-20,2.0,3.966998338699341,1.461303472518921,19.561180114746094
A,0,4,2024-08-30,2024-09-27,0.0,5.030932426452637,2.525237560272217,20.62511444091797
A,0,4,2024-09-06,2024-10-04,0.0,5.543936729431152,3.0382418632507324,21.138118743896484
A,0,4,2024-09-13,2024-10-11,0.0,3.0319666862487793,0.5262718200683594,18.626148223876953
A,0,4,2024-09-20,2024-10-18,0.0,0.605262279510498,0.0,16.199443817138672
A,0,4,2024-09-27,2024-10-25,0.0,1.2003246545791626,0.0,16.794506072998047
A,0,4,2024-10-04,2024-11-01,1.0,0.5418258905410767,0.0,16.13600730895996
A,0,4,2024-10-11,2024-11-08,0.0,0.6498871445655823,0.0,16.244070053100586
A,0,4,2024-10-18,2024-11-15,0.0,0.38331738114356995,0.0,15.977499008178711
A,0,4,2024-10-25,2024-11-22,0.0,0.18677693605422974,0.0,15.780959129333496
A,0,4,2024-11-01,2024-11-29,1.0,0.20437556505203247,0.0,15.79855728149414
A,0,4,2024-11-08,2024-12-06,0.0,0.2894367575645447,0.0,15.883618354797363
A,0,4,2024-11-15,2024-12-13,0.0,0.34207379817962646,0.0,15.93625545501709
A,0,4,2024-11-22,2024-12-20,0.0,0.2044210135936737,0.0,15.798603057861328
A,0,4,2024-11-29,2024-12-27,0.0,0.13844066858291626,0.0,15.732623100280762
A,0,4,2024-12-06,2025-01-03,0.0,0.20478394627571106,0.0,15.798966407775879
A,0,4,2024-12-13,2025-01-10,0.0,0.17474819719791412,0.0,15.768930435180664
A,0,4,2024-12-20,2025-01-17,0.0,0.18879836797714233,0.0,15.782979965209961
A,0,4,2024-12-27,2025-01-24,0.0,0.19448280334472656,0.0,15.788664817810059
A,0,4,2025-01-03,2025-01-31,0.0,0.22333455085754395,0.0,15.817516326904297
A,0,4,2025-01-10,2025-02-07,1.0,0.1779341697692871,0.0,15.772115707397461
A,0,4,2025-01-17,2025-02-14,0.0,0.12704817950725555,0.0,15.721230506896973
A,0,4,2025-01-24,2025-02-21,0.0,0.13587433099746704,0.0,15.730056762695312
A,0,4,2025-01-31,2025-02-28,1.0,0.11196320503950119,0.0,15.706145286560059
A,0,4,2025-02-07,2025-03-07,0.0,0.11378942430019379,0.0,15.707971572875977
A,0,4,2025-02-14,2025-03-14,0.0,0.10642212629318237,0.0,15.700604438781738
A,0,4,2025-02-21,2025-03-21,0.0,0.10696497559547424,0.0,15.701147079467773
A,0,4,2025-02-28,2025-03-28,0.0,0.1074209213256836,0.0,15.701602935791016
A,0,4,2025-03-07,2025-04-04,0.0,0.1161305233836174,0.0,15.710312843322754
A,0,4,2025-03-14,2025-04-11,0.0,0.11446098238229752,0.0,15.708642959594727
A,0,4,2025-03-21,2025-04-18,0.0,0.13483385741710663,0.0,15.729016304016113
A,0,4,2025-03-28,2025-04-25,0.0,0.16837894916534424,0.0,15.762560844421387
A,0,4,2025-04-04,2025-05-02,0.0,0.3968598246574402,0.0,15.991042137145996
A,0,4,2025-04-11,2025-05-09,0.0,0.8981499075889587,0.0,16.492332458496094
A,0,4,2025-04-18,2025-05-16,0.0,0.4408467411994934,0.0,16.0350284576416
A,0,4,2025-04-25,2025-05-23,0.0,0.5694785714149475,0.0,16.163660049438477
A,0,4,2025-05-02,2025-05-30,0.0,0.4623990058898926,0.0,16.056581497192383
A,0,4,2025-05-09,2025-06-06,0.0,0.4555741250514984,0.0,16.04975700378418
A,0,4,2025-05-16,2025-06-13,0.0,0.36112216114997864,0.0,15.955304145812988
A,0,4,2025-05-23,2025-06-20,1.0,0.31257444620132446,0.0,15.906756401062012
A,0,4,2025-05-30,2025-06-27,0.0,0.33076608180999756,0.0,15.924947738647461
A,0,4,2025-06-06,2025-07-04,0.0,0.2727738320827484,0.0,15.866955757141113
A,0,4,2025-06-13,2025-07-11,2.0,0.529420793056488,0.0,16.12360191345215
A,0,4,2025-06-20,2025-07-18,2.0,1.7220478057861328,0.0,17.31623077392578
A,0,4,2025-06-27,2025-07-25,2.0,2.923452377319336,0.0,18.517635345458984
A,0,4,2025-07-04,2025-08-01,13.0,4.845870018005371,0.0,20.440052032470703
A,0,4,2025-07-11,2025-08-08,8.0,1.7977561950683594,0.0,17.391937255859375
A,0,4,2025-07-18,2025-08-15,1.0,1.3527939319610596,0.0,16.946975708007812
A,0,4,2025-07-25,2025-08-22,1.0,0.7577370405197144,0.0,16.351919174194336
A,0,4,2025-08-01,2025-08-29,0.0,0.7352144718170166,0.0,16.329397201538086
A,0,4,2025-08-08,2025-09-05,,1.295522928237915,0.0,16.889705657958984
A,0,4,2025-08-15,2025-09-12,,2.348139524459839,0.0,17.94232177734375
A,0,4,2025-08-22,2025-09-19,,2.453829526901245,0.0,10.607959747314453
A,0,8,2023-02-17,2023-04-14,0.0,0.018699929118156433,0.0,2.6982173919677734
A,0,8,2023-02-24,2023-04-21,0.0,0.005156062543392181,0.0,2.684673547744751
A,0,8,2023-03-03,2023-04-28,0.0,0.003765720874071121,0.0,2.6832833290100098
A,0,8,2023-03-10,2023-05-05,0.0,0.009314939379692078,0.0,2.6888325214385986
A,0,8,2023-03-17,2023-05-12,0.0,0.024384189397096634,0.0,2.703901767730713
A,0,8,2023-03-24,2023-05-19,0.0,0.006143093109130859,0.0,2.6856606006622314
A,0,8,2023-03-31,2023-05-26,1.0,0.01855165883898735,0.0,2.6980690956115723
A,0,8,2023-04-07,2023-06-02,0.0,0.05128330737352371,0.0,2.7308008670806885
A,0,8,2023-04-14,2023-06-09,0.0,0.4866209030151367,0.0,3.1661384105682373
A,0,8,2023-04-21,2023-06-16,1.0,0.31584668159484863,0.0,2.995364189147949
A,0,8,2023-04-28,2023-06-23,1.0,0.18965032696723938,0.0,2.8691678047180176
A,0,8,2023-05-05,2023-06-30,0.0,0.3117707073688507,0.0,2.991288185119629
A,0,8,2023-05-12,2023-07-07,0.0,0.7630438804626465,0.0,3.442561388015747
A,0,8,2023-05-19,2023-07-14,2.0,0.5447767972946167,0.0,3.2242941856384277
A,0,8,2023-05-26,2023-07-21,0.0,0.6430790424346924,0.0,3.322596549987793
A,0,8,2023-06-02,2023-07-28,0.0,0.9582476615905762,0.0,3.6377651691436768
A,0,8,2023-06-09,2023-08-04,0.0,1.6235016584396362,0.0,4.303019046783447
A,0,8,2023-06-16,2023-08-11,7.0,2.781541347503662,1.0219123363494873,5.461058616638184
A,0,8,2023-06-23,2023-08-18,1.0,2.6236002445220947,0.8639712333679199,5.303117752075195
A,0,8,2023-06-30,2023-08-25,1.0,5.064700126647949,3.3050711154937744,7.744217872619629
A,0,8,2023-07-07,2023-09-01,0.0,2.0661699771881104,0.30654096603393555,4.745687484741211
A,0,8,2023-07-14,2023-09-08,1.0,1.233603596687317,0.0,3.913121223449707
A,0,8,2023-07-21,2023-09-15,4.0,1.5090802907943726,0.0,4.188597679138184
A,0,8,2023-07-28,2023-09-22,0.0,4.486019134521484,2.7722156047821045,7.165536880493164
A,0,8,2023-08-04,2023-09-29,1.0,9.00723648071289,7.29343318939209,11.68675422668457
A,0,8,2023-08-11,2023-10-06,0.0,7.924252033233643,6.210448265075684,9.924251556396484
A,0,8,2023-08-18,2023-10-13,1.0,2.0115368366241455,0.2977333068847656,4.011536598205566
A,0,8,2023-08-25,2023-10-20,0.0,0.23688703775405884,0.0,4.455345630645752
A,0,8,2023-09-01,2023-10-27,0.0,0.23562109470367432,0.0,4.454079627990723
A,0,8,2023-09-08,2023-11-03,0.0,0.3540135622024536,0.0,4.572472095489502
A,0,8,2023-09-15,2023-11-10,0.0,0.6506567001342773,0.0,4.869115352630615
A,0,8,2023-09-22,2023-11-17,0.0,0.40843266248703003,0.0,4.626891136169434
A,0,8,2023-09-29,2023-11-24,0.0,0.17495006322860718,0.0,4.39340877532959
A,0,8,2023-10-06,2023-12-01,0.0,0.22253632545471191,0.0,4.440995216369629
A,0,8,2023-10-13,2023-12-08,0.0,0.22275054454803467,0.0,4.441209316253662
A,0,8,2023-10-20,2023-12-15,0.0,0.5058027505874634,0.0,4.724261283874512
A,0,8,2023-10-27,2023-12-22,0.0,0.1366860270500183,0.0,4.355144500732422
A,0,8,2023-11-03,2023-12-29,1.0,0.05919607728719711,0.0,4.277654647827148
A,0,8,2023-11-10,2024-01-05,0.0,0.1428113877773285,0.0,4.361269950866699
A,0,8,2023-11-17,2024-01-12,0.0,0.21282199025154114,0.0,4.431280612945557
A,0,8,2023-11-24,2024-01-19,0.0,0.3486883044242859,0.0,4.5671467781066895
A,0,8,2023-12-01,2024-01-26,1.0,0.24570536613464355,0.0,4.464163780212402
A,0,8,2023-12-08,2024-02-02,0.0,0.3327348530292511,0.0,4.551193714141846
A,0,8,2023-12-15,2024-02-09,0.0,0.38620272278785706,0.0,4.604661464691162
A,0,8,2023-12-22,2024-02-16,0.0,0.2543441951274872,0.0,4.472802639007568
A,0,8,2023-12-29,2024-02-23,0.0,0.08863034844398499,0.0,4.307088851928711
A,0,8,2024-01-05,2024-03-01,0.0,0.14127159118652344,0.0,4.359730243682861
A,0,8,2024-01-12,2024-03-08,0.0,0.12934717535972595,0.0,4.347805976867676
A,0,8,2024-01-19,2024-03-15,0.0,0.04986067861318588,0.0,4.268319129943848
A,0,8,2024-01-26,2024-03-22,0.0,0.028223156929016113,0.0,4.2466816902160645
A,0,8,2024-02-02,2024-03-29,0.0,0.005328629165887833,0.0,4.223787307739258
A,0,8,2024-02-09,2024-04-05,0.0,0.005933813750743866,0.0,4.224392414093018
A,0,8,2024-02-16,2024-04-12,0.0,0.0,0.0,4.218458652496338
A,0,8,2024-02-23,2024-04-19,0.0,0.022933661937713623,0.0,4.241392135620117
A,0,8,2024-03-01,2024-04-26,0.0,0.07093241065740585,0.0,4.289391040802002
A,0,8,2024-03-08,2024-05-03,1.0,0.0913875475525856,0.0,4.3098464012146
A,0,8,2024-03-15,2024-05-10,0.0,0.27286404371261597,0.0,4.4913225173950195
A,0,8,2024-03-22,2024-05-17,0.0,0.4857153594493866,0.0,4.704174041748047
A,0,8,2024-03-29,2024-05-24,1.0,1.2271007299423218,0.0,5.445559501647949
A,0,8,2024-04-05,2024-05-31,0.0,1.7946679592132568,0.0,6.013126373291016
A,0,8,2024-04-12,2024-06-07,0.0,1.3088188171386719,0.0,5.52727746963501
A,0,8,2024-04-19,2024-06-14,0.0,0.9479271769523621,0.0,5.166385650634766
A,0,8,2024-04-26,2024-06-21,0.0,0.9572167992591858,0.0,5.175675392150879
A,0,8,2024-05-03,2024-06-28,0.0,0.6869712471961975,0.0,4.905429840087891
A,0,8,2024-05-10,2024-07-05,1.0,0.7865709662437439,0.0,5.005029678344727
A,0,8,2024-05-17,2024-07-12,0.0,1.0037555694580078,0.0,5.222214221954346
A,0,8,2024-05-24,2024-07-19,2.0,1.4670069217681885,0.0,5.6854658126831055
A,0,8,2024-05-31,2024-07-26,5.0,1.2197229862213135,0.0,5.4381818771362305
A,0,8,2024-06-07,2024-08-02,8.0,1.4869874715805054,0.0,5.705446243286133
A,0,8,2024-06-14,2024-08-09,18.0,1.7048726081848145,0.0,5.923331260681152
A,0,8,2024-06-21,2024-08-16,2.0,1.1523923873901367,0.0,5.370851039886475
A,0,8,2024-06-28,2024-08-23,1.0,1.1056028604507446,0.0,5.324061393737793
A,0,8,2024-07-05,2024-08-30,1.0,1.0360939502716064,0.0,5.254552841186523
A,0,8,2024-07-12,2024-09-06,1.0,2.487837076187134,0.0,6.706295967102051
A,0,8,2024-07-19,2024-09-13,2.0,3.9275732040405273,0.0,8.146032333374023
A,0,8,2024-07-26,2024-09-20,2.0,4.971499919891357,0.0,9.189958572387695
A,0,8,2024-08-02,2024-09-27,0.0,7.398646831512451,0.0,11.617105484008789
A,0,8,2024-08-09,2024-10-04,0.0,11.646129608154297,3.6388931274414062,15.864587783813477
A,0,8,2024-08-16,2024-10-11,0.0,2.5369715690612793,0.0,9.049983978271484
A,0,8,2024-08-23,2024-10-18,0.0,1.981064796447754,0.0,18.27619171142578
A,0,8,2024-08-30,2024-10-25,0.0,2.896846055984497,0.0,19.191974639892578
A,0,8,2024-09-06,2024-11-01,1.0,1.9776407480239868,0.0,18.272768020629883
A,0,8,2024-09-13,2024-11-08,0.0,1.7684067487716675,0.0,18.063533782958984
A,0,8,2024-09-20,2024-11-15,0.0,0.3720318377017975,0.0,16.667160034179688
A,0,8,2024-09-27,2024-11-22,0.0,0.07788202911615372,0.0,16.373010635375977
A,0,8,2024-10-04,2024-11-29,1.0,0.1280166208744049,0.0,16.423145294189453
A,0,8,2024-10-11,2024-12-06,0.0,0.019410230219364166,0.0,16.314538955688477
A,0,8,2024-10-18,2024-12-13,0.0,0.15816128253936768,0.0,16.453289031982422
A,0,8,2024-10-25,2024-12-20,0.0,0.17216813564300537,0.0,16.467296600341797
A,0,8,2024-11-01,2024-12-27,0.0,0.32915589213371277,0.0,16.624282836914062
A,0,8,2024-11-08,2025-01-03,0.0,0.32447415590286255,0.0,16.61960220336914
A,0,8,2024-11-15,2025-01-10,0.0,0.19729813933372498,0.0,16.4924259185791
A,0,8,2024-11-22,2025-01-17,0.0,0.009829852730035782,0.0,16.30495834350586
A,0,8,2024-11-29,2025-01-24,0.0,0.03692065179347992,0.0,16.332048416137695
A,0,8,2024-12-06,2025-01-31,0.0,0.144799143075943,0.0,16.439926147460938
A,0,8,2024-12-13,2025-02-07,1.0,0.46121522784233093,0.0,16.756343841552734
A,0,8,2024-12-20,2025-02-14,0.0,0.38538163900375366,0.0,16.680509567260742
A,0,8,2024-12-27,2025-02-21,0.0,0.2712961435317993,0.0,16.566423416137695
A,0,8,2025-01-03,2025-02-28,1.0,0.14233490824699402,0.0,16.437461853027344
A,0,8,2025-01-10,2025-03-07,0.0,0.059616148471832275,0.0,16.35474395751953
A,0,8,2025-01-17,2025-03-14,0.0,0.018376681953668594,0.0,16.313505172729492
A,0,8,2025-01-24,2025-03-21,0.0,0.02420753613114357,0.0,16.3193359375
A,0,8,2025-01-31,2025-03-28,0.0,0.023223545402288437,0.0,16.31835174560547
A,0,8,2025-02-07,2025-04-04,0.0,0.03153268247842789,0.0,16.32666015625
A,0,8,2025-02-14,2025-04-11,0.0,0.0,0.0,16.295127868652344
A,0,8,2025-02-21,2025-04-18,0.0,0.03503520041704178,0.0,16.330163955688477
A,0,8,2025-02-28,2025-04-25,0.0,0.037738438695669174,0.0,16.332866668701172
A,0,8,2025-03-07,2025-05-02,0.0,0.0370924212038517,0.0,16.33222007751465
A,0,8,2025-03-14,2025-05-09,0.0,0.03988949954509735,0.0,16.335018157958984
A,0,8,2025-03-21,2025-05-16,0.0,0.04064555466175079,0.0,16.335773468017578
A,0,8,2025-03-28,2025-05-23,0.0,0.10627541691064835,0.0,16.401403427124023
A,0,8,2025-04-04,2025-05-30,0.0,0.16986191272735596,0.0,16.464990615844727
A,0,8,2025-04-11,2025-06-06,0.0,0.3775276243686676,0.0,16.67265510559082
A,0,8,2025-04-18,2025-06-13,0.0,0.33021628856658936,0.0,16.625343322753906
A,0,8,2025-04-25,2025-06-20,1.0,0.6355577111244202,0.0,16.93068504333496
A,0,8,2025-05-02,2025-06-27,0.0,0.6882585883140564,0.0,16.983386993408203
A,0,8,2025-05-09,2025-07-04,0.0,0.6181212067604065,0.0,16.913249969482422
A,0,8,2025-05-16,2025-07-11,2.0,1.0088506937026978,0.0,17.303977966308594
A,0,8,2025-05-23,2025-07-18,2.0,1.2394996881484985,0.0,17.53462791442871
A,0,8,2025-05-30,2025-07-25,2.0,1.448651671409607,0.0,17.7437801361084
A,0,8,2025-06-06,2025-08-01,13.0,1.7330551147460938,0.0,18.028182983398438
A,0,8,2025-06-13,2025-08-08,8.0,0.6141337752342224,0.0,16.90926170349121
A,0,8,2025-06-20,2025-08-15,1.0,0.7464805841445923,0.0,17.041608810424805
A,0,8,2025-06-27,2025-08-22,1.0,0.7822046279907227,0.0,17.07733154296875
A,0,8,2025-07-04,2025-08-29,0.0,0.8409460783004761,0.0,17.13607406616211
A,0,8,2025-07-11,2025-09-05,,0.8377795219421387,0.0,17.13290786743164
A,0,8,2025-07-18,2025-09-12,,1.569520115852356,0.0,17.864648818969727
A,0,8,2025-07-25,2025-09-19,,1.8328897953033447,0.0,18.12801742553711
A,0,8,2025-08-01,2025-09-26,,0.8604416847229004,0.0,17.155569076538086
A,0,8,2025-08-08,2025-10-03,,0.47271424531936646,0.0,16.767841339111328
A,0,8,2025-08-15,2025-10-10,,0.27151861786842346,0.0,16.566646575927734
A,0,8,2025-08-22,2025-10-17,,0.43283918499946594,0.0,11.699784278869629
A,0,12,2023-02-17,2023-05-12,0.0,0.08435867726802826,0.0,2.0638012886047363
A,0,12,2023-02-24,2023-05-19,0.0,0.09698805212974548,0.0,2.0764307975769043
A,0,12,2023-03-03,2023-05-26,1.0,0.08961065113544464,0.0,2.0690534114837646
A,0,12,2023-03-10,2023-06-02,0.0,0.11408799886703491,0.0,2.0935306549072266
A,0,12,2023-03-17,2023-06-09,0.0,0.1608448326587677,0.0,2.1402876377105713
A,0,12,2023-03-24,2023-06-16,1.0,0.16135206818580627,0.0,2.1407947540283203
A,0,12,2023-03-31,2023-06-23,1.0,0.16667476296424866,0.0,2.1461174488067627
A,0,12,2023-04-07,2023-06-30,0.0,0.16794997453689575,0.0,2.147392749786377
A,0,12,2023-04-14,2023-07-07,0.0,0.4577752351760864,0.0,2.437217950820923
A,0,12,2023-04-21,2023-07-14,2.0,0.572681725025177,0.0,2.552124500274658
A,0,12,2023-04-28,2023-07-21,0.0,0.8683085441589355,0.0,2.8477511405944824
A,0,12,2023-05-05,2023-07-28,0.0,0.8735539317131042,0.0,2.852996587753296
A,0,12,2023-05-12,2023-08-04,0.0,2.0994369983673096,0.0,4.0788798332214355
A,0,12,2023-05-19,2023-08-11,7.0,2.776552677154541,0.0,4.755995273590088
A,0,12,2023-05-26,2023-08-18,1.0,1.5062536001205444,0.0,3.485696315765381
A,0,12,2023-06-02,2023-08-25,1.0,4.6546759605407715,0.0,6.634118556976318
A,0,12,2023-06-09,2023-09-01,0.0,2.04630184173584,0.0,4.025744438171387
A,0,12,2023-06-16,2023-09-08,1.0,1.3772156238555908,0.0,3.356658458709717
A,0,12,2023-06-23,2023-09-15,4.0,1.218542456626892,0.0,3.1979851722717285
A,0,12,2023-06-30,2023-09-22,0.0,2.2575483322143555,0.0,4.236990928649902
A,0,12,2023-07-07,2023-09-29,1.0,2.6268396377563477,0.0,4.6062822341918945
A,0,12,2023-07-14,2023-10-06,0.0,1.6575922966003418,0.0,3.6370348930358887
A,0,12,2023-07-21,2023-10-13,1.0,0.3504290282726288,0.0,2.329871654510498
A,0,12,2023-07-28,2023-10-20,0.0,0.6392066478729248,0.0,2.618649482727051
A,0,12,2023-08-04,2023-10-27,0.0,1.0713112354278564,0.0,3.0507540702819824
A,0,12,2023-08-11,2023-11-03,0.0,1.0837329626083374,0.0,2.953089714050293
A,0,12,2023-08-18,2023-11-10,0.0,0.8349301218986511,0.0,2.704286813735962
A,0,12,2023-08-25,2023-11-17,0.0,0.27497267723083496,0.0,4.498419761657715
A,0,12,2023-09-01,2023-11-24,0.0,0.11792907863855362,0.0,4.341376304626465
A,0,12,2023-09-08,2023-12-01,0.0,0.1984027773141861,0.0,4.421850204467773
A,0,12,2023-09-15,2023-12-08,0.0,0.278144896030426,0.0,4.50159215927124
A,0,12,2023-09-22,2023-12-15,0.0,0.2745799422264099,0.0,4.498027324676514
A,0,12,2023-09-29,2023-12-22,0.0,0.2063291072845459,0.0,4.429776191711426
A,0,12,2023-10-06,2023-12-29,1.0,0.19589653611183167,0.0,4.419343948364258
A,0,12,2023-10-13,2024-01-05,0.0,0.08564811199903488,0.0,4.30909538269043
A,0,12,2023-10-20,2024-01-12,0.0,0.1705857515335083,0.0,4.394032955169678
A,0,12,2023-10-27,2024-01-19,0.0,0.15212586522102356,0.0,4.37557315826416
A,0,12,2023-11-03,2024-01-26,1.0,0.1735984832048416,0.0,4.397045612335205
A,0,12,2023-11-10,2024-02-02,0.0,0.10917169600725174,0.0,4.3326191902160645
A,0,12,2023-11-17,2024-02-09,0.0,0.0732007771730423,0.0,4.296648025512695
A,0,12,2023-11-24,2024-02-16,0.0,0.13588735461235046,0.0,4.359334468841553
A,0,12,2023-12-01,2024-02-23,0.0,0.16374872624874115,0.0,4.387196063995361
A,0,12,2023-12-08,2024-03-01,0.0,0.2546618580818176,0.0,4.478109359741211
A,0,12,2023-12-15,2024-03-08,0.0,0.23292392492294312,0.0,4.456371307373047
A,0,12,2023-12-22,2024-03-15,0.0,0.13371777534484863,0.0,4.357165336608887
A,0,12,2023-12-29,2024-03-22,0.0,0.12923584878444672,0.0,4.352683067321777
A,0,12,2024-01-05,2024-03-29,0.0,0.11418191343545914,0.0,4.337629318237305
A,0,12,2024-01-12,2024-04-05,0.0,0.08698686212301254,0.0,4.310434341430664
A,0,12,2024-01-19,2024-04-12,0.0,0.07790321856737137,0.0,4.3013505935668945
A,0,12,2024-01-26,2024-04-19,0.0,0.0769042894244194,0.0,4.300351619720459
A,0,12,2024-02-02,2024-04-26,0.0,0.0873805359005928,0.0,4.310827732086182
A,0,12,2024-02-09,2024-05-03,1.0,0.10902506113052368,0.0,4.332472324371338
A,0,12,2024-02-16,2024-05-10,0.0,0.07420255988836288,0.0,4.29764986038208
A,0,12,2024-02-23,2024-05-17,0.0,0.11544517427682877,0.0,4.338892459869385
A,0,12,2024-03-01,2024-05-24,1.0,0.14024850726127625,0.0,4.3636956214904785
A,0,12,2024-03-08,2024-05-31,0.0,0.2537214457988739,0.0,4.477168560028076
A,0,12,2024-03-15,2024-06-07,0.0,0.4685632288455963,0.0,4.692010402679443
A,0,12,2024-03-22,2024-06-14,0.0,1.0829256772994995,0.0,5.306373119354248
A,0,12,2024-03-29,2024-06-21,0.0,1.0942243337631226,0.0,5.317671775817871
A,0,12,2024-04-05,2024-06-28,0.0,1.0901944637298584,0.0,5.313641548156738
A,0,12,2024-04-12,2024-07-05,1.0,1.1913280487060547,0.0,5.414775371551514
A,0,12,2024-04-19,2024-07-12,0.0,1.0350271463394165,0.0,5.258474349975586
A,0,12,2024-04-26,2024-07-19,2.0,1.1958998441696167,0.0,5.419347286224365
A,0,12,2024-05-03,2024-07-26,5.0,1.043283224105835,0.0,5.266730308532715
A,0,12,2024-05-10,2024-08-02,8.0,1.1902722120285034,0.0,5.413719654083252
A,0,12,2024-05-17,2024-08-09,18.0,1.605514407157898,0.0,5.8289618492126465
A,0,12,2024-05-24,2024-08-16,2.0,1.6743229627609253,0.0,5.897770404815674
A,0,12,2024-05-31,2024-08-23,1.0,1.5955333709716797,0.0,5.818980693817139
A,0,12,2024-06-07,2024-08-30,1.0,2.6768012046813965,0.0,6.9002485275268555
A,0,12,2024-06-14,2024-09-06,1.0,4.3765950202941895,0.721919059753418,8.600042343139648
A,0,12,2024-06-21,2024-09-13,2.0,4.53792142868042,0.8832454681396484,8.761368751525879
A,0,12,2024-06-28,2024-09-20,2.0,4.021483898162842,0.3668079376220703,8.2449312210083
A,0,12,2024-07-05,2024-09-27,0.0,2.6849138736724854,0.0,6.908361434936523
A,0,12,2024-07-12,2024-10-04,0.0,2.849905014038086,0.0,7.073352336883545
A,0,12,2024-07-19,2024-10-11,0.0,1.7656408548355103,0.0,5.98908805847168
A,0,12,2024-07-26,2024-10-18,0.0,1.7211799621582031,0.0,5.944627285003662
A,0,12,2024-08-02,2024-10-25,0.0,1.5333075523376465,0.0,5.7567548751831055
A,0,12,2024-08-09,2024-11-01,1.0,2.6375174522399902,0.0,6.860964775085449
A,0,12,2024-08-16,2024-11-08,0.0,3.0290679931640625,0.0,9.83879566192627
A,0,12,2024-08-23,2024-11-15,0.0,1.7322534322738647,0.0,18.126739501953125
A,0,12,2024-08-30,2024-11-22,0.0,0.7284046411514282,0.0,17.12289047241211
A,0,12,2024-09-06,2024-11-29,1.0,0.9023576974868774,0.0,17.296842575073242
A,0,12,2024-09-13,2024-12-06,0.0,0.7894907593727112,0.0,17.183977127075195
A,0,12,2024-09-20,2024-12-13,0.0,0.4483092427253723,0.0,16.84279441833496
A,0,12,2024-09-27,2024-12-20,0.0,0.40485289692878723,0.0,16.799339294433594
A,0,12,2024-10-04,2024-12-27,0.0,0.3737807869911194,0.0,16.768266677856445
A,0,12,2024-10-11,2025-01-03,0.0,0.07773470878601074,0.0,16.472219467163086
A,0,12,2024-10-18,2025-01-10,0.0,0.07273231446743011,0.0,16.46721839904785
A,0,12,2024-10-25,2025-01-17,0.0,0.09790311008691788,0.0,16.492387771606445
A,0,12,2024-11-01,2025-01-24,0.0,0.13812695443630219,0.0,16.532611846923828
A,0,12,2024-11-08,2025-01-31,0.0,0.11984994262456894,0.0,16.51433563232422
A,0,12,2024-11-15,2025-02-07,1.0,0.1468980610370636,0.0,16.541383743286133
A,0,12,2024-11-22,2025-02-14,0.0,0.05234849825501442,0.0,16.446834564208984
A,0,12,2024-11-29,2025-02-21,0.0,0.059675008058547974,0.0,16.454160690307617
A,0,12,2024-12-06,2025-02-28,1.0,0.06899569183588028,0.0,16.463481903076172
A,0,12,2024-12-13,2025-03-07,0.0,0.13321414589881897,0.0,16.527700424194336
A,0,12,2024-12-20,2025-03-14,0.0,0.0991118848323822,0.0,16.49359703063965
A,0,12,2024-12-27,2025-03-21,0.0,0.12133210897445679,0.0,16.515817642211914
A,0,12,2025-01-03,2025-03-28,0.0,0.08537803590297699,0.0,16.4798641204834
A,0,12,2025-01-10,2025-04-04,0.0,0.06182090938091278,0.0,16.45630645751953
A,0,12,2025-01-17,2025-04-11,0.0,0.03996971994638443,0.0,16.43445587158203
A,0,12,2025-01-24,2025-04-18,0.0,0.05858796834945679,0.0,16.453073501586914
A,0,12,2025-01-31,2025-04-25,0.0,0.039369456470012665,0.0,16.433855056762695
A,0,12,2025-02-07,2025-05-02,0.0,0.03788289427757263,0.0,16.432369232177734
A,0,12,2025-02-14,2025-05-09,0.0,0.05274773761630058,0.0,16.447233200073242
A,0,12,2025-02-21,2025-05-16,0.0,0.053183503448963165,0.0,16.447668075561523
A,0,12,2025-02-28,2025-05-23,0.0,0.07033976912498474,0.0,16.464824676513672
A,0,12,2025-03-07,2025-05-30,0.0,0.09818770736455917,0.0,16.492673873901367
A,0,12,2025-03-14,2025-06-06,0.0,0.0866151750087738,0.0,16.48110008239746
A,0,12,2025-03-21,2025-06-13,0.0,0.1282106339931488,0.0,16.522695541381836
A,0,12,2025-03-28,2025-06-20,1.0,0.18348369002342224,0.0,16.57796859741211
A,0,12,2025-04-04,2025-06-27,0.0,0.4359924793243408,0.0,16.83047866821289
A,0,12,2025-04-11,2025-07-04,0.0,0.6280853748321533,0.0,17.022571563720703
A,0,12,2025-04-18,2025-07-11,2.0,0.6677300333976746,0.0,17.06221580505371
A,0,12,2025-04-25,2025-07-18,2.0,0.7983641028404236,0.0,17.19285011291504
A,0,12,2025-05-02,2025-07-25,2.0,1.1336828470230103,0.0,17.528167724609375
A,0,12,2025-05-09,2025-08-01,13.0,1.3486833572387695,0.0,17.743167877197266
A,0,12,2025-05-16,2025-08-08,8.0,1.813623309135437,0.0,18.20810890197754
A,0,12,2025-05-23,2025-08-15,1.0,2.03726863861084,0.0,18.43175506591797
A,0,12,2025-05-30,2025-08-22,1.0,1.5059993267059326,0.0,17.900484085083008
A,0,12,2025-06-06,2025-08-29,0.0,1.2414329051971436,0.0,17.63591766357422
A,0,12,2025-06-13,2025-09-05,,1.3926692008972168,0.0,17.787155151367188
A,0,12,2025-06-20,2025-09-12,,4.160405158996582,0.7838101387023926,20.554889678955078
A,0,12,2025-06-27,2025-09-19,,4.078915119171143,0.7023200988769531,20.473400115966797
A,0,12,2025-07-04,2025-09-26,,0.6891655921936035,0.0,17.083650588989258
A,0,12,2025-07-11,2025-10-03,,0.4993731677532196,0.0,16.893857955932617
A,0,12,2025-07-18,2025-10-10,,0.40366458892822266,0.0,16.79814910888672
A,0,12,2025-07-25,2025-10-17,,0.45582425594329834,0.0,16.850309371948242
A,0,12,2025-08-01,2025-10-24,,0.7497408390045166,0.0,17.14422607421875
A,0,12,2025-08-08,2025-10-31,,0.40699413418769836,0.0,16.80147933959961
A,0,12,2025-08-15,2025-11-07,,0.5610029697418213,0.0,16.955488204956055
A,0,12,2025-08-22,2025-11-14,,0.5674201846122742,0.0,12.21873664855957
B,1,1,2023-02-17,2023-02-24,0.0,0.0,0.0,2.0
B,1,1,2023-02-24,2023-03-03,0.0,0.0,0.0,2.0
B,1,1,2023-03-03,2023-03-10,0.0,0.0,0.0,2.0
B,1,1,2023-03-10,2023-03-17,0.0,0.0,0.0,1.0
B,1,1,2023-03-17,2023-03-24,0.0,0.0,0.0,1.0
B,1,1,2023-03-24,2023-03-31,0.0,0.0,0.0,1.0
B,1,1,2023-03-31,2023-04-07,0.0,0.0,0.0,1.0
B,1,1,2023-04-07,2023-04-14,0.0,0.0,0.0,1.0
B,1,1,2023-04-14,2023-04-21,0.0,0.0,0.0,1.0
B,1,1,2023-04-21,2023-04-28,0.0,0.0,0.0,1.0
B,1,1,2023-04-28,2023-05-05,0.0,0.0,0.0,1.0
B,1,1,2023-05-05,2023-05-12,0.0,0.0,0.0,1.0
B,1,1,2023-05-12,2023-05-19,0.0,0.0,0.0,1.0
B,1,1,2023-05-19,2023-05-26,0.0,0.0,0.0,1.0
B,1,1,2023-05-26,2023-06-02,0.0,0.0,0.0,1.0
B,1,1,2023-06-02,2023-06-09,0.0,0.0,0.0,1.0
B,1,1,2023-06-09,2023-06-16,0.0,0.0,0.0,1.0
B,1,1,2023-06-16,2023-06-23,1.0,0.0,0.0,1.0
B,1,1,2023-06-23,2023-06-30,1.0,0.0,0.0,1.0
B,1,1,2023-06-30,2023-07-07,0.0,0.0,0.0,1.0
B,1,1,2023-07-07,2023-07-14,0.0,0.0,0.0,1.0
B,1,1,2023-07-14,2023-07-21,0.0,0.0,0.0,1.0
B,1,1,2023-07-21,2023-07-28,2.0,0.0,0.0,1.0
B,1,1,2023-07-28,2023-08-04,1.0,0.0,0.0,1.0
B,1,1,2023-08-04,2023-08-11,6.0,0.0,0.0,1.0
B,1,1,2023-08-11,2023-08-18,2.0,0.0,0.0,2.0
B,1,1,2023-08-18,2023-08-25,1.0,0.0,0.0,2.0
B,1,1,2023-08-25,2023-09-01,1.0,0.0,0.0,6.0
B,1,1,2023-09-01,2023-09-08,1.0,0.0,0.0,6.0
B,1,1,2023-09-08,2023-09-15,2.0,0.0,0.0,6.0
B,1,1,2023-09-15,2023-09-22,0.0,0.0,0.0,6.0
B,1,1,2023-09-22,2023-09-29,1.0,0.0,0.0,6.0
B,1,1,2023-09-29,2023-10-06,2.0,0.0,0.0,6.0
B,1,1,2023-10-06,2023-10-13,2.0,0.0,0.0,6.0
B,1,1,2023-10-13,2023-10-20,1.0,0.0,0.0,6.0
B,1,1,2023-10-20,2023-10-27,0.0,0.0,0.0,6.0
B,1,1,2023-10-27,2023-11-03,1.0,0.0,0.0,6.0
B,1,1,2023-11-03,2023-11-10,1.0,0.0,0.0,6.0
B,1,1,2023-11-10,2023-11-17,1.0,0.0,0.0,6.0
B,1,1,2023-11-17,2023-11-24,0.0,0.0,0.0,6.0
B,1,1,2023-11-24,2023-12-01,0.0,0.0,0.0,6.0
B,1,1,2023-12-01,2023-12-08,0.0,0.0,0.0,6.0
B,1,1,2023-12-08,2023-12-15,0.0,0.0,0.0,6.0
B,1,1,2023-12-15,2023-12-22,0.0,0.0,0.0,6.0
B,1,1,2023-12-22,2023-12-29,0.0,0.0,0.0,6.0
B,1,1,2023-12-29,2024-01-05,0.0,0.0,0.0,6.0
B,1,1,2024-01-05,2024-01-12,0.0,0.0,0.0,6.0
B,1,1,2024-01-12,2024-01-19,0.0,0.0,0.0,6.0
B,1,1,2024-01-19,2024-01-26,1.0,0.0,0.0,6.0
B,1,1,2024-01-26,2024-02-02,0.0,0.0,0.0,6.0
B,1,1,2024-02-02,2024-02-09,0.0,0.0,0.0,6.0
B,1,1,2024-02-09,2024-02-16,0.0,0.0,0.0,6.0
B,1,1,2024-02-16,2024-02-23,0.0,0.0,0.0,6.0
B,1,1,2024-02-23,2024-03-01,0.0,0.0,0.0,6.0
B,1,1,2024-03-01,2024-03-08,0.0,0.0,0.0,6.0
B,1,1,2024-03-08,2024-03-15,0.0,0.0,0.0,6.0
B,1,1,2024-03-15,2024-03-22,0.0,0.0,0.0,6.0
B,1,1,2024-03-22,2024-03-29,0.0,0.0,0.0,6.0
B,1,1,2024-03-29,2024-04-05,0.0,0.0,0.0,6.0
B,1,1,2024-04-05,2024-04-12,0.0,0.0,0.0,6.0
B,1,1,2024-04-12,2024-04-19,0.0,0.0,0.0,6.0
B,1,1,2024-04-19,2024-04-26,0.0,0.0,0.0,6.0
B,1,1,2024-04-26,2024-05-03,0.0,0.0,0.0,6.0
B,1,1,2024-05-03,2024-05-10,0.0,0.0,0.0,6.0
B,1,1,2024-05-10,2024-05-17,0.0,0.0,0.0,6.0
B,1,1,2024-05-17,2024-05-24,1.0,0.0,0.0,6.0
B,1,1,2024-05-24,2024-05-31,0.0,0.0,0.0,6.0
B,1,1,2024-05-31,2024-06-07,0.0,0.0,0.0,6.0
B,1,1,2024-06-07,2024-06-14,0.0,0.0,0.0,6.0
B,1,1,2024-06-14,2024-06-21,0.0,0.0,0.0,6.0
B,1,1,2024-06-21,2024-06-28,0.0,0.0,0.0,6.0
B,1,1,2024-06-28,2024-07-05,1.0,0.0,0.0,6.0
B,1,1,2024-07-05,2024-07-12,0.0,0.0,0.0,6.0
B,1,1,2024-07-12,2024-07-19,0.0,0.0,0.0,6.0
B,1,1,2024-07-19,2024-07-26,8.0,0.0,0.0,6.0
B,1,1,2024-07-26,2024-08-02,7.0,0.0,0.0,6.0
B,1,1,2024-08-02,2024-08-09,6.0,0.0,0.0,6.0
B,1,1,2024-08-09,2024-08-16,2.0,0.0,0.0,8.0
B,1,1,2024-08-16,2024-08-23,2.0,0.0,0.0,8.0
B,1,1,2024-08-23,2024-08-30,1.0,0.0,0.0,8.0
B,1,1,2024-08-30,2024-09-06,0.0,0.0,0.0,8.0
B,1,1,2024-09-06,2024-09-13,2.0,0.0,0.0,8.0
B,1,1,2024-09-13,2024-09-20,1.0,0.0,0.0,8.0
B,1,1,2024-09-20,2024-09-27,1.0,0.0,0.0,8.0
B,1,1,2024-09-27,2024-10-04,0.0,0.0,0.0,8.0
B,1,1,2024-10-04,2024-10-11,1.0,0.0,0.0,8.0
B,1,1,2024-10-11,2024-10-18,0.0,0.0,0.0,8.0
B,1,1,2024-10-18,2024-10-25,1.0,0.0,0.0,8.0
B,1,1,2024-10-25,2024-11-01,0.0,0.0,0.0,8.0
B,1,1,2024-11-01,2024-11-08,0.0,0.0,0.0,8.0
B,1,1,2024-11-08,2024-11-15,0.0,0.0,0.0,8.0
B,1,1,2024-11-15,2024-11-22,0.0,0.0,0.0,8.0
B,1,1,2024-11-22,2024-11-29,0.0,0.0,0.0,8.0
B,1,1,2024-11-29,2024-12-06,0.0,0.0,0.0,8.0
B,1,1,2024-12-06,2024-12-13,0.0,0.0,0.0,8.0
B,1,1,2024-12-13,2024-12-20,0.0,0.0,0.0,8.0
B,1,1,2024-12-20,2024-12-27,0.0,0.0,0.0,8.0
B,1,1,2024-12-27,2025-01-03,0.0,0.0,0.0,8.0
B,1,1,2025-01-03,2025-01-10,0.0,0.0,0.0,8.0
B,1,1,2025-01-10,2025-01-17,1.0,0.0,0.0,8.0
B,1,1,2025-01-17,2025-01-24,0.0,0.0,0.0,8.0
B,1,1,2025-01-24,2025-01-31,0.0,0.0,0.0,8.0
B,1,1,2025-01-31,2025-02-07,0.0,0.0,0.0,8.0
B,1,1,2025-02-07,2025-02-14,0.0,0.0,0.0,8.0
B,1,1,2025-02-14,2025-02-21,0.0,0.0,0.0,8.0
B,1,1,2025-02-21,2025-02-28,0.0,0.0,0.0,8.0
B,1,1,2025-02-28,2025-03-07,0.0,0.0,0.0,8.0
B,1,1,2025-03-07,2025-03-14,0.0,0.0,0.0,8.0
B,1,1,2025-03-14,2025-03-21,0.0,0.0,0.0,8.0
B,1,1,2025-03-21,2025-03-28,0.0,0.0,0.0,8.0
B,1,1,2025-03-28,2025-04-04,0.0,0.0,0.0,8.0
B,1,1,2025-04-04,2025-04-11,0.0,0.0,0.0,8.0
B,1,1,2025-04-11,2025-04-18,0.0,0.0,0.0,8.0
B,1,1,2025-04-18,2025-04-25,0.0,0.0,0.0,8.0
B,1,1,2025-04-25,2025-05-02,1.0,0.0,0.0,8.0
B,1,1,2025-05-02,2025-05-09,0.0,0.0,0.0,8.0
B,1,1,2025-05-09,2025-05-16,0.0,0.0,0.0,8.0
B,1,1,2025-05-16,2025-05-23,0.0,0.0,0.0,8.0
B,1,1,2025-05-23,2025-05-30,0.0,0.0,0.0,8.0
B,1,1,2025-05-30,2025-06-06,0.0,0.0,0.0,8.0
B,1,1,2025-06-06,2025-06-13,2.0,0.0,0.0,8.0
B,1,1,2025-06-13,2025-06-20,0.0,0.0,0.0,8.0
B,1,1,2025-06-20,2025-06-27,0.0,0.0,0.0,8.0
B,1,1,2025-06-27,2025-07-04,4.0,0.0,0.0,8.0
B,1,1,2025-07-04,2025-07-11,0.0,0.0,0.0,8.0
B,1,1,2025-07-11,2025-07-18,3.0,0.0,0.0,8.0
B,1,1,2025-07-18,2025-07-25,4.0,0.0,0.0,8.0
B,1,1,2025-07-25,2025-08-01,9.0,0.0,0.0,8.0
B,1,1,2025-08-01,2025-08-08,4.0,0.0,0.0,8.0
B,1,1,2025-08-08,2025-08-15,0.0,0.0,0.0,7.0
B,1,1,2025-08-15,2025-08-22,1.0,0.0,0.0,9.0
B,1,1,2025-08-22,2025-08-29,0.0,0.0,0.0,9.0
B,1,2,2023-02-17,2023-03-03,0.0,0.05880676954984665,0.0,0.9901184439659119
B,1,2,2023-02-24,2023-03-10,0.0,0.05243752896785736,0.0,0.9837492108345032
B,1,2,2023-03-03,2023-03-17,0.0,0.04842258244752884,0.0,0.9797342419624329
B,1,2,2023-03-10,2023-03-24,0.0,0.053725115954875946,0.0,0.9850367903709412
B,1,2,2023-03-17,2023-03-31,0.0,0.060395464301109314,0.0,0.9917071461677551
B,1,2,2023-03-24,2023-04-07,0.0,0.047432005405426025,0.0,0.9787436723709106
B,1,2,2023-03-31,2023-04-14,0.0,0.04344496876001358,0.0,0.97475665807724
B,1,2,2023-04-07,2023-04-21,0.0,0.04616132378578186,0.0,0.9774730205535889
B,1,2,2023-04-14,2023-04-28,0.0,0.03138517588376999,0.0,0.9626968502998352
B,1,2,2023-04-21,2023-05-05,0.0,0.04268112778663635,0.0,0.9739928245544434
B,1,2,2023-04-28,2023-05-12,0.0,0.06851837784051895,0.0,0.9998300671577454
B,1,2,2023-05-05,2023-05-19,0.0,0.09560593962669373,0.0,1.026917576789856
B,1,2,2023-05-12,2023-05-26,0.0,0.16575774550437927,0.0,1.0970693826675415
B,1,2,2023-05-19,2023-06-02,0.0,0.1618882715702057,0.0,1.0931999683380127
B,1,2,2023-05-26,2023-06-09,0.0,0.23497429490089417,0.0,1.1662859916687012
B,1,2,2023-06-02,2023-06-16,0.0,0.18633237481117249,0.0,1.1176440715789795
B,1,2,2023-06-09,2023-06-23,1.0,0.4850558042526245,0.10565078258514404,1.416367530822754
B,1,2,2023-06-16,2023-06-30,1.0,0.2403590977191925,0.0,1.1716707944869995
B,1,2,2023-06-23,2023-07-07,0.0,0.21390613913536072,0.0,1.145217776298523
B,1,2,2023-06-30,2023-07-14,0.0,0.16492867469787598,0.0,1.0962402820587158
B,1,2,2023-07-07,2023-07-21,0.0,0.28462594747543335,0.0,1.215937614440918
B,1,2,2023-07-14,2023-07-28,2.0,0.6902848482131958,0.4522233307361603,1.6215965747833252
B,1,2,2023-07-21,2023-08-04,1.0,0.9039182662963867,0.6658567190170288,1.8352298736572266
B,1,2,2023-07-28,2023-08-11,6.0,3.811213970184326,3.573152542114258,4.742525577545166
B,1,2,2023-08-04,2023-08-18,2.0,1.0194021463394165,0.7347761988639832,1.950713872909546
B,1,2,2023-08-11,2023-08-25,1.0,0.7555786371231079,0.47095268964767456,2.065293788909912
B,1,2,2023-08-18,2023-09-01,1.0,0.5157926678657532,0.23116672039031982,1.8255078792572021
B,1,2,2023-08-25,2023-09-08,1.0,0.643476665019989,0.35885071754455566,2.8322627544403076
B,1,2,2023-09-01,2023-09-15,2.0,0.9035684466362,0.6189424991607666,3.0923545360565186
B,1,2,2023-09-08,2023-09-22,0.0,0.6702739596366882,0.3856480121612549,2.859060049057007
B,1,2,2023-09-15,2023-09-29,1.0,0.5289926528930664,0.24436670541763306,2.7177786827087402
B,1,2,2023-09-22,2023-10-06,2.0,0.3695618212223053,0.08493587374687195,2.5583479404449463
B,1,2,2023-09-29,2023-10-13,2.0,0.6113038063049316,0.3266778588294983,2.8000898361206055
B,1,2,2023-10-06,2023-10-20,1.0,0.35339394211769104,0.0,2.542180061340332
B,1,2,2023-10-13,2023-10-27,0.0,0.20855984091758728,0.0,2.397345781326294
B,1,2,2023-10-20,2023-11-03,1.0,0.1961764693260193,0.0,2.384962558746338
B,1,2,2023-10-27,2023-11-10,1.0,0.1539587378501892,0.0,2.342744827270508
B,1,2,2023-11-03,2023-11-17,1.0,0.1447400152683258,0.0,2.333526134490967
B,1,2,2023-11-10,2023-11-24,0.0,0.0959189161658287,0.0,2.2847049236297607
B,1,2,2023-11-17,2023-12-01,0.0,0.12569504976272583,0.0,2.314481019973755
B,1,2,2023-11-24,2023-12-08,0.0,0.16443628072738647,0.0,2.353222370147705
B,1,2,2023-12-01,2023-12-15,0.0,0.04526568204164505,0.0,2.2340517044067383
B,1,2,2023-12-08,2023-12-22,0.0,0.06505383551120758,0.0,2.2538399696350098
B,1,2,2023-12-15,2023-12-29,0.0,0.06552208214998245,0.0,2.2543082237243652
B,1,2,2023-12-22,2024-01-05,0.0,0.058795347809791565,0.0,2.2475814819335938
B,1,2,2023-12-29,2024-01-12,0.0,0.044990599155426025,0.0,2.233776569366455
B,1,2,2024-01-05,2024-01-19,0.0,0.04590732604265213,0.0,2.2346932888031006
B,1,2,2024-01-12,2024-01-26,1.0,0.050132036209106445,0.0,2.2389180660247803
B,1,2,2024-01-19,2024-02-02,0.0,0.04524431377649307,0.0,2.234030246734619
B,1,2,2024-01-26,2024-02-09,0.0,0.04280360788106918,0.0,2.2315895557403564
B,1,2,2024-02-02,2024-02-16,0.0,0.05888202786445618,0.0,2.2476680278778076
B,1,2,2024-02-09,2024-02-23,0.0,0.07170490175485611,0.0,2.260490894317627
B,1,2,2024-02-16,2024-03-01,0.0,0.07223962992429733,0.0,2.2610256671905518
B,1,2,2024-02-23,2024-03-08,0.0,0.05512133240699768,0.0,2.2439074516296387
B,1,2,2024-03-01,2024-03-15,0.0,0.058878861367702484,0.0,2.2476649284362793
B,1,2,2024-03-08,2024-03-22,0.0,0.04903203994035721,0.0,2.2378180027008057
B,1,2,2024-03-15,2024-03-29,0.0,0.05547255277633667,0.0,2.2442586421966553
B,1,2,2024-03-22,2024-04-05,0.0,0.052817150950431824,0.0,2.241603136062622
B,1,2,2024-03-29,2024-04-12,0.0,0.061693400144577026,0.0,2.2504794597625732
B,1,2,2024-04-05,2024-04-19,0.0,0.07234111428260803,0.0,2.261127233505249
B,1,2,2024-04-12,2024-04-26,0.0,0.08256907016038895,0.0,2.271355152130127
B,1,2,2024-04-19,2024-05-03,0.0,0.07841610908508301,0.0,2.267202138900757
B,1,2,2024-04-26,2024-05-10,0.0,0.09229755401611328,0.0,2.281083583831787
B,1,2,2024-05-03,2024-05-17,0.0,0.12857183814048767,0.0,2.3173577785491943
B,1,2,2024-05-10,2024-05-24,1.0,0.18979227542877197,0.0,2.3785781860351562
B,1,2,2024-05-17,2024-05-31,0.0,0.23560085892677307,0.0,2.424386978149414
B,1,2,2024-05-24,2024-06-07,0.0,0.7627033591270447,0.09242939949035645,2.9514894485473633
B,1,2,2024-05-31,2024-06-14,0.0,0.4796478748321533,0.0,2.668433904647827
B,1,2,2024-06-07,2024-06-21,0.0,0.4211529791355133,0.0,2.6099390983581543
B,1,2,2024-06-14,2024-06-28,0.0,0.5000098943710327,0.0,2.688796043395996
B,1,2,2024-06-21,2024-07-05,1.0,0.5094371438026428,0.0,2.698223114013672
B,1,2,2024-06-28,2024-07-12,0.0,0.5086439251899719,0.0,2.697429895401001
B,1,2,2024-07-05,2024-07-19,0.0,0.4357702136039734,0.0,2.624556303024292
B,1,2,2024-07-12,2024-07-26,8.0,0.5764424800872803,0.0,2.765228509902954
B,1,2,2024-07-19,2024-08-02,7.0,1.4261391162872314,0.6634357571601868,3.6149251461029053
B,1,2,2024-07-26,2024-08-09,6.0,0.9604915976524353,0.19778823852539062,3.149277687072754
B,1,2,2024-08-02,2024-08-16,2.0,2.016925096511841,1.2542216777801514,4.205711364746094
B,1,2,2024-08-09,2024-08-23,2.0,2.5591814517974854,1.796478033065796,9.982738494873047
B,1,2,2024-08-16,2024-08-30,1.0,1.2300351858139038,0.46733182668685913,8.653592109680176
B,1,2,2024-08-23,2024-09-06,0.0,1.6836591958999634,0.9209558367729187,9.107216835021973
B,1,2,2024-08-30,2024-09-13,2.0,2.9641664028167725,2.201462984085083,10.387723922729492
B,1,2,2024-09-06,2024-09-20,1.0,2.388188600540161,1.6254851818084717,9.811745643615723
B,1,2,2024-09-13,2024-09-27,1.0,2.5546367168426514,1.791933298110962,9.978194236755371
B,1,2,2024-09-20,2024-10-04,0.0,0.8995412588119507,0.0,8.323098182678223
B,1,2,2024-09-27,2024-10-11,1.0,0.5732557773590088,0.0,7.99681282043457
B,1,2,2024-10-04,2024-10-18,0.0,0.14366987347602844,0.0,7.567227363586426
B,1,2,2024-10-11,2024-10-25,1.0,0.1921846568584442,0.0,7.615741729736328
B,1,2,2024-10-18,2024-11-01,0.0,0.21039879322052002,0.0,7.633955955505371
B,1,2,2024-10-25,2024-11-08,0.0,0.2026025354862213,0.0,7.62615966796875
B,1,2,2024-11-01,2024-11-15,0.0,0.08708571642637253,0.0,7.510643005371094
B,1,2,2024-11-08,2024-11-22,0.0,0.06662686914205551,0.0,7.490184307098389
B,1,2,2024-11-15,2024-11-29,0.0,0.07974155992269516,0.0,7.503298759460449
B,1,2,2024-11-22,2024-12-06,0.0,0.07059568911790848,0.0,7.494153022766113
B,1,2,2024-11-29,2024-12-13,0.0,0.05122089385986328,0.0,7.474778175354004
B,1,2,2024-12-06,2024-12-20,0.0,0.028848499059677124,0.0,7.45240592956543
B,1,2,2024-12-13,2024-12-27,0.0,0.03125962242484093,0.0,7.454816818237305
B,1,2,2024-12-20,2025-01-03,0.0,0.04969926178455353,0.0,7.473256587982178
B,1,2,2024-12-27,2025-01-10,0.0,0.0588734969496727,0.0,7.482430934906006
B,1,2,2025-01-03,2025-01-17,1.0,0.07160798460245132,0.0,7.4951653480529785
B,1,2,2025-01-10,2025-01-24,0.0,0.06553787738084793,0.0,7.489095211029053
B,1,2,2025-01-17,2025-01-31,0.0,0.07269065827131271,0.0,7.4962477684021
B,1,2,2025-01-24,2025-02-07,0.0,0.07935283333063126,0.0,7.502910137176514
B,1,2,2025-01-31,2025-02-14,0.0,0.07149489223957062,0.0,7.495052337646484
B,1,2,2025-02-07,2025-02-21,0.0,0.07236183434724808,0.0,7.495919227600098
B,1,2,2025-02-14,2025-02-28,0.0,0.07148841768503189,0.0,7.4950456619262695
B,1,2,2025-02-21,2025-03-07,0.0,0.049118585884571075,0.0,7.472675800323486
B,1,2,2025-02-28,2025-03-14,0.0,0.05444023758172989,0.0,7.477997303009033
B,1,2,2025-03-07,2025-03-21,0.0,0.03173783794045448,0.0,7.455295085906982
B,1,2,2025-03-14,2025-03-28,0.0,0.037855662405490875,0.0,7.4614129066467285
B,1,2,2025-03-21,2025-04-04,0.0,0.04322681576013565,0.0,7.4667840003967285
B,1,2,2025-03-28,2025-04-11,0.0,0.06388386338949203,0.0,7.487441062927246
B,1,2,2025-04-04,2025-04-18,0.0,0.07673273235559464,0.0,7.5002899169921875
B,1,2,2025-04-11,2025-04-25,0.0,0.1078958585858345,0.0,7.5314531326293945
B,1,2,2025-04-18,2025-05-02,1.0,0.10533028095960617,0.0,7.528887748718262
B,1,2,2025-04-25,2025-05-09,0.0,0.11467177420854568,0.0,7.538228988647461
B,1,2,2025-05-02,2025-05-16,0.0,0.11912279576063156,0.0,7.542680263519287
B,1,2,2025-05-09,2025-05-23,0.0,0.14754822850227356,0.0,7.571105480194092
B,1,2,2025-05-16,2025-05-30,0.0,0.24554404616355896,0.0,7.669101238250732
B,1,2,2025-05-23,2025-06-06,0.0,0.3461415469646454,0.0,7.769698619842529
B,1,2,2025-05-30,2025-06-13,2.0,0.4007929563522339,0.0,7.824350357055664
B,1,2,2025-06-06,2025-06-20,0.0,0.6015229225158691,0.0,8.025079727172852
B,1,2,2025-06-13,2025-06-27,0.0,0.3985375761985779,0.0,7.822094917297363
B,1,2,2025-06-20,2025-07-04,4.0,0.25953108072280884,0.0,7.683088302612305
B,1,2,2025-06-27,2025-07-11,0.0,0.38189324736595154,0.0,7.805450439453125
B,1,2,2025-07-04,2025-07-18,3.0,1.8352184295654297,0.1515592336654663,9.25877571105957
B,1,2,2025-07-11,2025-07-25,4.0,4.488101005554199,2.8044419288635254,11.91165828704834
B,1,2,2025-07-18,2025-08-01,9.0,7.126009941101074,5.4423508644104,14.549567222595215
B,1,2,2025-07-25,2025-08-08,4.0,6.008194446563721,4.324535369873047,13.431751251220703
B,1,2,2025-08-01,2025-08-15,0.0,2.85034441947937,1.1666852235794067,10.27390193939209
B,1,2,2025-08-08,2025-08-22,1.0,0.5237729549407959,0.0,6.097634315490723
B,1,2,2025-08-15,2025-08-29,0.0,0.3378192186355591,0.0,5.3773274421691895
B,1,2,2025-08-22,2025-09-05,,0.969395637512207,0.0,4.709864616394043
B,1,4,2023-02-17,2023-03-17,0.0,0.10413292050361633,0.0,0.9837652444839478
B,1,4,2023-02-24,2023-03-24,0.0,0.10389123857021332,0.0,0.9835236072540283
B,1,4,2023-03-03,2023-03-31,0.0,0.10566268116235733,0.0,0.9852950572967529
B,1,4,2023-03-10,2023-04-07,0.0,0.10326144099235535,0.0,0.9828938245773315
B,1,4,2023-03-17,2023-04-14,0.0,0.10402194410562515,0.0,0.9836543202400208
B,1,4,2023-03-24,2023-04-21,0.0,0.11157482117414474,0.0,0.9912071824073792
B,1,4,2023-03-31,2023-04-28,0.0,0.1123531311750412,0.0,0.9919854998588562
B,1,4,2023-04-07,2023-05-05,0.0,0.11274193972349167,0.0,0.9923743009567261
B,1,4,2023-04-14,2023-05-12,0.0,0.12333028763532639,0.0,1.002962589263916
B,1,4,2023-04-21,2023-05-19,0.0,0.13347500562667847,0.0,1.0131072998046875
B,1,4,2023-04-28,2023-05-26,0.0,0.16422411799430847,0.0,1.0438565015792847
B,1,4,2023-05-05,2023-06-02,0.0,0.24920186400413513,0.0,1.1288342475891113
B,1,4,2023-05-12,2023-06-09,0.0,0.24493408203125,0.0,1.1245664358139038
B,1,4,2023-05-19,2023-06-16,0.0,0.1762646585702896,0.0,1.0558969974517822
B,1,4,2023-05-26,2023-06-23,1.0,0.2665315866470337,0.0,1.1461639404296875
B,1,4,2023-06-02,2023-06-30,1.0,0.6127633452415466,0.0,1.4923956394195557
B,1,4,2023-06-09,2023-07-07,0.0,0.7853313088417053,0.0,1.664963722229004
B,1,4,2023-06-16,2023-07-14,0.0,1.0512011051177979,0.0,1.9308334589004517
B,1,4,2023-06-23,2023-07-21,0.0,2.1354548931121826,0.8678950071334839,3.015087127685547
B,1,4,2023-06-30,2023-07-28,2.0,1.644654631614685,0.37709474563598633,2.524286985397339
B,1,4,2023-07-07,2023-08-04,1.0,1.6997367143630981,0.4321768283843994,2.579369068145752
B,1,4,2023-07-14,2023-08-11,6.0,1.8124393224716187,0.7335845232009888,2.6920716762542725
B,1,4,2023-07-21,2023-08-18,2.0,0.5742284655570984,0.0,1.4538607597351074
B,1,4,2023-07-28,2023-08-25,1.0,1.4495773315429688,0.3983762264251709,2.329209804534912
B,1,4,2023-08-04,2023-09-01,1.0,0.7022559642791748,0.0,1.5818883180618286
B,1,4,2023-08-11,2023-09-08,1.0,0.9316806793212891,0.0,1.8113130331039429
B,1,4,2023-08-18,2023-09-15,2.0,1.3260711431503296,0.0,2.2057034969329834
B,1,4,2023-08-25,2023-09-22,0.0,0.8904661536216736,0.0,5.07802677154541
B,1,4,2023-09-01,2023-09-29,1.0,0.920340359210968,0.0,5.107901096343994
B,1,4,2023-09-08,2023-10-06,2.0,1.1903125047683716,0.0,5.377872943878174
B,1,4,2023-09-15,2023-10-13,2.0,2.480125904083252,0.34467101097106934,6.667686462402344
B,1,4,2023-09-22,2023-10-20,1.0,1.1370412111282349,0.0,5.324601650238037
B,1,4,2023-09-29,2023-10-27,0.0,0.7000246644020081,0.0,4.887585163116455
B,1,4,2023-10-06,2023-11-03,1.0,0.3904690444469452,0.0,4.578029632568359
B,1,4,2023-10-13,2023-11-10,1.0,0.40374481678009033,0.0,4.591305255889893
B,1,4,2023-10-20,2023-11-17,1.0,0.3380787670612335,0.0,4.525639533996582
B,1,4,2023-10-27,2023-11-24,0.0,0.19332322478294373,0.0,4.380883693695068
B,1,4,2023-11-03,2023-12-01,0.0,0.1953536570072174,0.0,4.382914066314697
B,1,4,2023-11-10,2023-12-08,0.0,0.18081021308898926,0.0,4.36837100982666
B,1,4,2023-11-17,2023-12-15,0.0,0.177870512008667,0.0,4.36543083190918
B,1,4,2023-11-24,2023-12-22,0.0,0.14528487622737885,0.0,4.332845211029053
B,1,4,2023-12-01,2023-12-29,0.0,0.13193145394325256,0.0,4.319491863250732
B,1,4,2023-12-08,2024-01-05,0.0,0.13385188579559326,0.0,4.321412563323975
B,1,4,2023-12-15,2024-01-12,0.0,0.14643985033035278,0.0,4.334000587463379
B,1,4,2023-12-22,2024-01-19,0.0,0.11842148751020432,0.0,4.3059821128845215
B,1,4,2023-12-29,2024-01-26,1.0,0.11047403514385223,0.0,4.29803466796875
B,1,4,2024-01-05,2024-02-02,0.0,0.10801930725574493,0.0,4.29557991027832
B,1,4,2024-01-12,2024-02-09,0.0,0.12258976697921753,0.0,4.310150146484375
B,1,4,2024-01-19,2024-02-16,0.0,0.11066161841154099,0.0,4.298222064971924
B,1,4,2024-01-26,2024-02-23,0.0,0.10008248686790466,0.0,4.287642955780029
B,1,4,2024-02-02,2024-03-01,0.0,0.10370536893606186,0.0,4.291265964508057
B,1,4,2024-02-09,2024-03-08,0.0,0.11667167395353317,0.0,4.304232120513916
B,1,4,2024-02-16,2024-03-15,0.0,0.1164977177977562,0.0,4.304058074951172
B,1,4,2024-02-23,2024-03-22,0.0,0.11024746298789978,0.0,4.2978081703186035
B,1,4,2024-03-01,2024-03-29,0.0,0.10536585003137589,0.0,4.29292631149292
B,1,4,2024-03-08,2024-04-05,0.0,0.11136889457702637,0.0,4.298929214477539
B,1,4,2024-03-15,2024-04-12,0.0,0.11287149041891098,0.0,4.300432205200195
B,1,4,2024-03-22,2024-04-19,0.0,0.1224566325545311,0.0,4.310017108917236
B,1,4,2024-03-29,2024-04-26,0.0,0.1384826898574829,0.0,4.326043128967285
B,1,4,2024-04-05,2024-05-03,0.0,0.15807467699050903,0.0,4.345635414123535
B,1,4,2024-04-12,2024-05-10,0.0,0.17302101850509644,0.0,4.360581398010254
B,1,4,2024-04-19,2024-05-17,0.0,0.19077318906784058,0.0,4.378333568572998
B,1,4,2024-04-26,2024-05-24,1.0,0.2590186893939972,0.0,4.446579456329346
B,1,4,2024-05-03,2024-05-31,0.0,0.4539427161216736,0.0,4.64150333404541
B,1,4,2024-05-10,2024-06-07,0.0,0.8266524076461792,0.0,5.0142130851745605
B,1,4,2024-05-17,2024-06-14,0.0,0.6566435098648071,0.0,4.844203948974609
B,1,4,2024-05-24,2024-06-21,0.0,0.6457464694976807,0.0,4.833307266235352
B,1,4,2024-05-31,2024-06-28,0.0,0.7047355771064758,0.0,4.892296314239502
B,1,4,2024-06-07,2024-07-05,1.0,1.1868654489517212,0.0,5.374425888061523
B,1,4,2024-06-14,2024-07-12,0.0,2.477205514907837,0.3417506217956543,6.664766311645508
B,1,4,2024-06-21,2024-07-19,0.0,3.490948438644409,1.3554935455322266,7.678508758544922
B,1,4,2024-06-28,2024-07-26,8.0,3.2007029056549072,1.0652480125427246,7.388263702392578
B,1,4,2024-07-05,2024-08-02,7.0,2.283311128616333,0.1478562355041504,6.470871925354004
B,1,4,2024-07-12,2024-08-09,6.0,2.0872511863708496,0.0,6.274811744689941
B,1,4,2024-07-19,2024-08-16,2.0,0.6542855501174927,0.0,4.841845989227295
B,1,4,2024-07-26,2024-08-23,2.0,0.7315976619720459,0.0,4.919157981872559
B,1,4,2024-08-02,2024-08-30,1.0,2.017685651779175,0.0,6.2052459716796875
B,1,4,2024-08-09,2024-09-06,0.0,3.780458450317383,0.28951001167297363,8.579755783081055
B,1,4,2024-08-16,2024-09-13,2.0,2.56042218208313,0.0,7.359719276428223
B,1,4,2024-08-23,2024-09-20,1.0,2.3844547271728516,0.0,7.183752059936523
B,1,4,2024-08-30,2024-09-27,1.0,4.886484622955322,1.395536184310913,9.685781478881836
B,1,4,2024-09-06,2024-10-04,0.0,2.2725749015808105,0.0,7.071872234344482
B,1,4,2024-09-13,2024-10-11,1.0,0.9113245010375977,0.0,5.7106218338012695
B,1,4,2024-09-20,2024-10-18,0.0,0.5399269461631775,0.0,5.339224338531494
B,1,4,2024-09-27,2024-10-25,1.0,0.5680615901947021,0.0,5.367359161376953
B,1,4,2024-10-04,2024-11-01,0.0,0.3023274838924408,0.0,5.101624965667725
B,1,4,2024-10-11,2024-11-08,0.0,0.26659244298934937,0.0,5.065889835357666
B,1,4,2024-10-18,2024-11-15,0.0,0.24488383531570435,0.0,5.0441813468933105
B,1,4,2024-10-25,2024-11-22,0.0,0.16915130615234375,0.0,4.968448638916016
B,1,4,2024-11-01,2024-11-29,0.0,0.17243066430091858,0.0,4.9717278480529785
B,1,4,2024-11-08,2024-12-06,0.0,0.2014334797859192,0.0,5.000730991363525
B,1,4,2024-11-15,2024-12-13,0.0,0.2567216455936432,0.0,5.056018829345703
B,1,4,2024-11-22,2024-12-20,0.0,0.1670829951763153,0.0,4.9663801193237305
B,1,4,2024-11-29,2024-12-27,0.0,0.13498815894126892,0.0,4.934285640716553
B,1,4,2024-12-06,2025-01-03,0.0,0.11348864436149597,0.0,4.91278600692749
B,1,4,2024-12-13,2025-01-10,0.0,0.1268419623374939,0.0,4.9261393547058105
B,1,4,2024-12-20,2025-01-17,1.0,0.12872737646102905,0.0,4.928024768829346
B,1,4,2024-12-27,2025-01-24,0.0,0.11953356862068176,0.0,4.918830871582031
B,1,4,2025-01-03,2025-01-31,0.0,0.14398804306983948,0.0,4.9432854652404785
B,1,4,2025-01-10,2025-02-07,0.0,0.14041638374328613,0.0,4.939713478088379
B,1,4,2025-01-17,2025-02-14,0.0,0.11573091894388199,0.0,4.915028095245361
B,1,4,2025-01-24,2025-02-21,0.0,0.11216771602630615,0.0,4.911465167999268
B,1,4,2025-01-31,2025-02-28,0.0,0.10516975820064545,0.0,4.9044671058654785
B,1,4,2025-02-07,2025-03-07,0.0,0.10690240561962128,0.0,4.906199932098389
B,1,4,2025-02-14,2025-03-14,0.0,0.10581536591053009,0.0,4.9051127433776855
B,1,4,2025-02-21,2025-03-21,0.0,0.10336627066135406,0.0,4.902663707733154
B,1,4,2025-02-28,2025-03-28,0.0,0.10571905970573425,0.0,4.9050164222717285
B,1,4,2025-03-07,2025-04-04,0.0,0.110960952937603,0.0,4.9102582931518555
B,1,4,2025-03-14,2025-04-11,0.0,0.10722792148590088,0.0,4.906525135040283
B,1,4,2025-03-21,2025-04-18,0.0,0.12188269197940826,0.0,4.921180248260498
B,1,4,2025-03-28,2025-04-25,0.0,0.1512002944946289,0.0,4.950497627258301
B,1,4,2025-04-04,2025-05-02,1.0,0.18791994452476501,0.0,4.987217426300049
B,1,4,2025-04-11,2025-05-09,0.0,0.3760879933834076,0.0,5.175385475158691
B,1,4,2025-04-18,2025-05-16,0.0,0.41388529539108276,0.0,5.21318244934082
B,1,4,2025-04-25,2025-05-23,0.0,0.49763885140419006,0.0,5.29693603515625
B,1,4,2025-05-02,2025-05-30,0.0,0.3969085216522217,0.0,5.196206092834473
B,1,4,2025-05-09,2025-06-06,0.0,0.42036277055740356,0.0,5.21966028213501
B,1,4,2025-05-16,2025-06-13,2.0,0.3814215064048767,0.0,5.180718898773193
B,1,4,2025-05-23,2025-06-20,0.0,0.37814661860466003,0.0,5.177443981170654
B,1,4,2025-05-30,2025-06-27,0.0,0.38752642273902893,0.0,5.186823844909668
B,1,4,2025-06-06,2025-07-04,4.0,0.32760316133499146,0.0,5.126900672912598
B,1,4,2025-06-13,2025-07-11,0.0,0.5825756788253784,0.0,5.38187313079834
B,1,4,2025-06-20,2025-07-18,3.0,1.969224452972412,0.0,6.768521785736084
B,1,4,2025-06-27,2025-07-25,4.0,2.5730137825012207,0.0,7.372311115264893
B,1,4,2025-07-04,2025-08-01,9.0,2.7035553455352783,0.0,7.502852439880371
B,1,4,2025-07-11,2025-08-08,4.0,1.0944448709487915,0.0,5.893742084503174
B,1,4,2025-07-18,2025-08-15,0.0,1.2511249780654907,0.0,6.050422191619873
B,1,4,2025-07-25,2025-08-22,1.0,0.7200472950935364,0.0,5.519344806671143
B,1,4,2025-08-01,2025-08-29,0.0,0.8301660418510437,0.0,5.629463195800781
B,1,4,2025-08-08,2025-09-05,,1.016493558883667,0.0,5.733182907104492
B,1,4,2025-08-15,2025-09-12,,0.9815452098846436,0.0,7.277990341186523
B,1,4,2025-08-22,2025-09-19,,1.5106613636016846,0.0,7.807106018066406
B,1,8,2023-02-17,2023-04-14,0.0,0.05805050954222679,0.0,1.0319660902023315
B,1,8,2023-02-24,2023-04-21,0.0,0.042716845870018005,0.0,1.0166324377059937
B,1,8,2023-03-03,2023-04-28,0.0,0.044902704656124115,0.0,1.0188183784484863
B,1,8,2023-03-10,2023-05-05,0.0,0.05196724086999893,0.0,1.0258828401565552
B,1,8,2023-03-17,2023-05-12,0.0,0.0580967515707016,0.0,1.0320123434066772
B,1,8,2023-03-24,2023-05-19,0.0,0.05111502483487129,0.0,1.0250306129455566
B,1,8,2023-03-31,2023-05-26,0.0,0.04019370302557945,0.0,1.0141093730926514
B,1,8,2023-04-07,2023-06-02,0.0,0.04738796874880791,0.0,1.021303653717041
B,1,8,2023-04-14,2023-06-09,0.0,0.2832712233066559,0.0,1.2571868896484375
B,1,8,2023-04-21,2023-06-16,0.0,0.13303551077842712,0.0,1.106951117515564
B,1,8,2023-04-28,2023-06-23,1.0,0.14198872447013855,0.0,1.1159043312072754
B,1,8,2023-05-05,2023-06-30,1.0,0.26101747155189514,0.0,1.2349331378936768
B,1,8,2023-05-12,2023-07-07,0.0,0.8054141402244568,0.0,1.779329776763916
B,1,8,2023-05-19,2023-07-14,0.0,0.7065075039863586,0.0,1.6804231405258179
B,1,8,2023-05-26,2023-07-21,0.0,0.6787749528884888,0.0,1.6526906490325928
B,1,8,2023-06-02,2023-07-28,2.0,1.145403504371643,0.0,2.119319200515747
B,1,8,2023-06-09,2023-08-04,1.0,1.9277857542037964,0.377638578414917,2.9017014503479004
B,1,8,2023-06-16,2023-08-11,6.0,2.551811695098877,1.0016645193099976,3.5257272720336914
B,1,8,2023-06-23,2023-08-18,2.0,1.0167396068572998,0.0,1.9906551837921143
B,1,8,2023-06-30,2023-08-25,1.0,1.62482750415802,0.07468032836914062,2.598743200302124
B,1,8,2023-07-07,2023-09-01,1.0,0.9354531168937683,0.0,1.9093687534332275
B,1,8,2023-07-14,2023-09-08,1.0,0.7385909557342529,0.0,1.7125065326690674
B,1,8,2023-07-21,2023-09-15,2.0,0.847606897354126,0.04219275712966919,1.8215224742889404
B,1,8,2023-07-28,2023-09-22,0.0,2.7732415199279785,1.967827320098877,3.747157096862793
B,1,8,2023-08-04,2023-09-29,1.0,4.602675437927246,3.7972612380981445,5.5765910148620605
B,1,8,2023-08-11,2023-10-06,2.0,2.496173620223999,1.6907594203948975,3.4700891971588135
B,1,8,2023-08-18,2023-10-13,2.0,0.809605062007904,0.0,1.7835206985473633
B,1,8,2023-08-25,2023-10-20,1.0,0.22017404437065125,0.0,3.6683623790740967
B,1,8,2023-09-01,2023-10-27,0.0,0.2912047803401947,0.0,3.7393929958343506
B,1,8,2023-09-08,2023-11-03,1.0,0.4189714789390564,0.0,3.867159843444824
B,1,8,2023-09-15,2023-11-10,1.0,0.5109593272209167,0.0,3.9591476917266846
B,1,8,2023-09-22,2023-11-17,1.0,0.3504509925842285,0.0,3.7986392974853516
B,1,8,2023-09-29,2023-11-24,0.0,0.15581735968589783,0.0,3.6040055751800537
B,1,8,2023-10-06,2023-12-01,0.0,0.11429422348737717,0.0,3.5624825954437256
B,1,8,2023-10-13,2023-12-08,0.0,0.15720778703689575,0.0,3.605396032333374
B,1,8,2023-10-20,2023-12-15,0.0,0.3875727653503418,0.0,3.835761070251465
B,1,8,2023-10-27,2023-12-22,0.0,0.1387994885444641,0.0,3.5869877338409424
B,1,8,2023-11-03,2023-12-29,0.0,0.0943431630730629,0.0,3.5425314903259277
B,1,8,2023-11-10,2024-01-05,0.0,0.1470206379890442,0.0,3.5952088832855225
B,1,8,2023-11-17,2024-01-12,0.0,0.2000921070575714,0.0,3.648280382156372
B,1,8,2023-11-24,2024-01-19,0.0,0.1964893639087677,0.0,3.6446776390075684
B,1,8,2023-12-01,2024-01-26,1.0,0.13362222909927368,0.0,3.581810474395752
B,1,8,2023-12-08,2024-02-02,0.0,0.16104522347450256,0.0,3.6092336177825928
B,1,8,2023-12-15,2024-02-09,0.0,0.20183315873146057,0.0,3.650021553039551
B,1,8,2023-12-22,2024-02-16,0.0,0.0929592102766037,0.0,3.541147470474243
B,1,8,2023-12-29,2024-02-23,0.0,0.036661297082901,0.0,3.484849691390991
B,1,8,2024-01-05,2024-03-01,0.0,0.05501065403223038,0.0,3.5031988620758057
B,1,8,2024-01-12,2024-03-08,0.0,0.08858472853899002,0.0,3.5367729663848877
B,1,8,2024-01-19,2024-03-15,0.0,0.0314919650554657,0.0,3.479680299758911
B,1,8,2024-01-26,2024-03-22,0.0,0.03631148487329483,0.0,3.48449969291687
B,1,8,2024-02-02,2024-03-29,0.0,0.027390997856855392,0.0,3.475579261779785
B,1,8,2024-02-09,2024-04-05,0.0,0.04036809876561165,0.0,3.488556385040283
B,1,8,2024-02-16,2024-04-12,0.0,0.0075709037482738495,0.0,3.455759286880493
B,1,8,2024-02-23,2024-04-19,0.0,0.0379454679787159,0.0,3.4861338138580322
B,1,8,2024-03-01,2024-04-26,0.0,0.0888800323009491,0.0,3.5370683670043945
B,1,8,2024-03-08,2024-05-03,0.0,0.08590221405029297,0.0,3.534090518951416
B,1,8,2024-03-15,2024-05-10,0.0,0.25594809651374817,0.0,3.704136371612549
B,1,8,2024-03-22,2024-05-17,0.0,0.5312819480895996,0.0,3.9794702529907227
B,1,8,2024-03-29,2024-05-24,1.0,1.1274482011795044,0.0,4.575636386871338
B,1,8,2024-04-05,2024-05-31,0.0,1.6315475702285767,0.0,5.07973575592041
B,1,8,2024-04-12,2024-06-07,0.0,1.1424453258514404,0.0,4.590633392333984
B,1,8,2024-04-19,2024-06-14,0.0,0.876810610294342,0.0,4.32499885559082
B,1,8,2024-04-26,2024-06-21,0.0,0.9251400232315063,0.0,4.37332820892334
B,1,8,2024-05-03,2024-06-28,0.0,0.8149293661117554,0.0,4.263117790222168
B,1,8,2024-05-10,2024-07-05,1.0,0.9457101225852966,0.0,4.3938984870910645
B,1,8,2024-05-17,2024-07-12,0.0,1.0993776321411133,0.0,4.547565937042236
B,1,8,2024-05-24,2024-07-19,0.0,1.679020643234253,0.0,5.127208709716797
B,1,8,2024-05-31,2024-07-26,8.0,1.3398183584213257,0.0,4.788006782531738
B,1,8,2024-06-07,2024-08-02,7.0,1.4382951259613037,0.0,4.886483192443848
B,1,8,2024-06-14,2024-08-09,6.0,1.777903437614441,0.0,5.2260918617248535
B,1,8,2024-06-21,2024-08-16,2.0,1.1799139976501465,0.0,4.6281023025512695
B,1,8,2024-06-28,2024-08-23,2.0,0.9927532076835632,0.0,4.440941333770752
B,1,8,2024-07-05,2024-08-30,1.0,0.9800934791564941,0.0,4.428281784057617
B,1,8,2024-07-12,2024-09-06,0.0,1.8351166248321533,0.0,5.2833051681518555
B,1,8,2024-07-19,2024-09-13,2.0,2.8565175533294678,0.0,6.304705619812012
B,1,8,2024-07-26,2024-09-20,1.0,3.14502215385437,0.0,6.593210220336914
B,1,8,2024-08-02,2024-09-27,1.0,4.563134670257568,0.9604592323303223,8.011322975158691
B,1,8,2024-08-09,2024-10-04,0.0,5.448399543762207,1.845724105834961,12.10858154296875
B,1,8,2024-08-16,2024-10-11,1.0,1.215235948562622,0.0,7.875417709350586
B,1,8,2024-08-23,2024-10-18,0.0,1.0228559970855713,0.0,7.683037757873535
B,1,8,2024-08-30,2024-10-25,1.0,1.6044219732284546,0.0,8.264603614807129
B,1,8,2024-09-06,2024-11-01,0.0,0.9429036378860474,0.0,7.603085041046143
B,1,8,2024-09-13,2024-11-08,0.0,0.4447934031486511,0.0,7.104974746704102
B,1,8,2024-09-20,2024-11-15,0.0,0.18368792533874512,0.0,6.843869209289551
B,1,8,2024-09-27,2024-11-22,0.0,0.024111073464155197,0.0,6.684292793273926
B,1,8,2024-10-04,2024-11-29,0.0,0.037192437797784805,0.0,6.697373867034912
B,1,8,2024-10-11,2024-12-06,0.0,0.05989573895931244,0.0,6.720077037811279
B,1,8,2024-10-18,2024-12-13,0.0,0.16736534237861633,0.0,6.827547073364258
B,1,8,2024-10-25,2024-12-20,0.0,0.2753197252750397,0.0,6.9355010986328125
B,1,8,2024-11-01,2024-12-27,0.0,0.18441468477249146,0.0,6.8445963859558105
B,1,8,2024-11-08,2025-01-03,0.0,0.17526906728744507,0.0,6.835450649261475
B,1,8,2024-11-15,2025-01-10,0.0,0.10073357075452805,0.0,6.760915279388428
B,1,8,2024-11-22,2025-01-17,1.0,0.01933533325791359,0.0,6.679516792297363
B,1,8,2024-11-29,2025-01-24,0.0,0.0,0.0,6.660181522369385
B,1,8,2024-12-06,2025-01-31,0.0,0.05940772593021393,0.0,6.7195892333984375
B,1,8,2024-12-13,2025-02-07,0.0,0.08390845358371735,0.0,6.7440900802612305
B,1,8,2024-12-20,2025-02-14,0.0,0.14183935523033142,0.0,6.802021026611328
B,1,8,2024-12-27,2025-02-21,0.0,0.07522902637720108,0.0,6.735410690307617
B,1,8,2025-01-03,2025-02-28,0.0,0.08606983721256256,0.0,6.746251583099365
B,1,8,2025-01-10,2025-03-07,0.0,0.044867247343063354,0.0,6.705048561096191
B,1,8,2025-01-17,2025-03-14,0.0,0.02843957021832466,0.0,6.6886210441589355
B,1,8,2025-01-24,2025-03-21,0.0,0.04209233820438385,0.0,6.702273845672607
B,1,8,2025-01-31,2025-03-28,0.0,0.04040295630693436,0.0,6.700584411621094
B,1,8,2025-02-07,2025-04-04,0.0,0.05586289241909981,0.0,6.7160444259643555
B,1,8,2025-02-14,2025-04-11,0.0,0.02746792510151863,0.0,6.687649250030518
B,1,8,2025-02-21,2025-04-18,0.0,0.04973515868186951,0.0,6.709916591644287
B,1,8,2025-02-28,2025-04-25,0.0,0.07137814164161682,0.0,6.731559753417969
B,1,8,2025-03-07,2025-05-02,1.0,0.055773645639419556,0.0,6.7159552574157715
B,1,8,2025-03-14,2025-05-09,0.0,0.03648221492767334,0.0,6.696663856506348
B,1,8,2025-03-21,2025-05-16,0.0,0.045566361397504807,0.0,6.705748081207275
B,1,8,2025-03-28,2025-05-23,0.0,0.08189530670642853,0.0,6.742076873779297
B,1,8,2025-04-04,2025-05-30,0.0,0.088605135679245,0.0,6.748786449432373
B,1,8,2025-04-11,2025-06-06,0.0,0.29652315378189087,0.0,6.956704616546631
B,1,8,2025-04-18,2025-06-13,2.0,0.3586522042751312,0.0,7.018833637237549
B,1,8,2025-04-25,2025-06-20,0.0,0.6553166508674622,0.0,7.315498352050781
B,1,8,2025-05-02,2025-06-27,0.0,0.6334142088890076,0.0,7.293595790863037
B,1,8,2025-05-09,2025-07-04,4.0,0.6190218925476074,0.0,7.279203414916992
B,1,8,2025-05-16,2025-07-11,0.0,1.1427081823349,0.0,7.802889823913574
B,1,8,2025-05-23,2025-07-18,3.0,1.238893985748291,0.0,7.899075508117676
B,1,8,2025-05-30,2025-07-25,4.0,1.4702391624450684,0.0,8.130420684814453
B,1,8,2025-06-06,2025-08-01,9.0,1.9433377981185913,0.0,8.603519439697266
B,1,8,2025-06-13,2025-08-08,4.0,0.7660416960716248,0.0,7.426223278045654
B,1,8,2025-06-20,2025-08-15,0.0,0.8667900562286377,0.0,7.526971817016602
B,1,8,2025-06-27,2025-08-22,1.0,0.8668204545974731,0.0,7.527001857757568
B,1,8,2025-07-04,2025-08-29,0.0,0.8047340512275696,0.0,7.464915752410889
B,1,8,2025-07-11,2025-09-05,,0.7924187183380127,0.0,7.452600479125977
B,1,8,2025-07-18,2025-09-12,,1.0296924114227295,0.0,7.689873695373535
B,1,8,2025-07-25,2025-09-19,,1.5409348011016846,0.0,8.201116561889648
B,1,8,2025-08-01,2025-09-26,,0.6290349364280701,0.0,7.2892165184021
B,1,8,2025-08-08,2025-10-03,,0.20708993077278137,0.0,5.768794536590576
B,1,8,2025-08-15,2025-10-10,,0.1429479569196701,0.0,7.199610233306885
B,1,8,2025-08-22,2025-10-17,,0.29616764187812805,0.0,7.352829933166504
B,1,12,2023-02-17,2023-05-12,0.0,0.10249002277851105,0.0,1.031192660331726
B,1,12,2023-02-24,2023-05-19,0.0,0.11795670539140701,0.0,1.0466593503952026
B,1,12,2023-03-03,2023-05-26,0.0,0.10515313595533371,0.0,1.033855676651001
B,1,12,2023-03-10,2023-06-02,0.0,0.13086152076721191,0.0,1.0595641136169434
B,1,12,2023-03-17,2023-06-09,0.0,0.1611940562725067,0.0,1.0898966789245605
B,1,12,2023-03-24,2023-06-16,0.0,0.16468730568885803,0.0,1.093389868736267
B,1,12,2023-03-31,2023-06-23,1.0,0.1826668381690979,0.0,1.1113693714141846
B,1,12,2023-04-07,2023-06-30,1.0,0.17850250005722046,0.0,1.1072051525115967
B,1,12,2023-04-14,2023-07-07,0.0,0.35837477445602417,0.0,1.2870774269104004
B,1,12,2023-04-21,2023-07-14,0.0,0.4111868739128113,0.0,1.3398895263671875
B,1,12,2023-04-28,2023-07-21,0.0,0.6200863718986511,0.0,1.5487890243530273
B,1,12,2023-05-05,2023-07-28,2.0,0.6261519193649292,0.0,1.5548545122146606
B,1,12,2023-05-12,2023-08-04,1.0,1.1949326992034912,0.0,2.1236352920532227
B,1,12,2023-05-19,2023-08-11,6.0,1.4918912649154663,0.0,2.420593738555908
B,1,12,2023-05-26,2023-08-18,2.0,0.7972044348716736,0.0,1.7259070873260498
B,1,12,2023-06-02,2023-08-25,1.0,2.1423606872558594,0.0,3.071063280105591
B,1,12,2023-06-09,2023-09-01,1.0,0.9157356023788452,0.0,1.8444381952285767
B,1,12,2023-06-16,2023-09-08,1.0,0.8225066661834717,0.0,1.7512092590332031
B,1,12,2023-06-23,2023-09-15,2.0,0.5781683325767517,0.0,1.506870985031128
B,1,12,2023-06-30,2023-09-22,0.0,0.9455004930496216,0.0,1.874203085899353
B,1,12,2023-07-07,2023-09-29,1.0,0.8886507749557495,0.0,1.817353367805481
B,1,12,2023-07-14,2023-10-06,2.0,0.573613703250885,0.0,1.5023162364959717
B,1,12,2023-07-21,2023-10-13,2.0,0.1927463859319687,0.0,1.1214489936828613
B,1,12,2023-07-28,2023-10-20,1.0,0.4151558578014374,0.0,1.3438584804534912
B,1,12,2023-08-04,2023-10-27,0.0,0.7658879160881042,0.0,1.6945905685424805
B,1,12,2023-08-11,2023-11-03,1.0,0.7547321915626526,0.0,2.128580331802368
B,1,12,2023-08-18,2023-11-10,1.0,0.6386929154396057,0.0,2.0125410556793213
B,1,12,2023-08-25,2023-11-17,1.0,0.28623390197753906,0.0,4.794342517852783
B,1,12,2023-09-01,2023-11-24,0.0,0.1691654622554779,0.0,4.677274227142334
B,1,12,2023-09-08,2023-12-01,0.0,0.19002729654312134,0.0,4.698135852813721
B,1,12,2023-09-15,2023-12-08,0.0,0.24329432845115662,0.0,4.751402854919434
B,1,12,2023-09-22,2023-12-15,0.0,0.27012544870376587,0.0,4.778234004974365
B,1,12,2023-09-29,2023-12-22,0.0,0.18311694264411926,0.0,4.691225528717041
B,1,12,2023-10-06,2023-12-29,0.0,0.12182942032814026,0.0,4.629938125610352
B,1,12,2023-10-13,2024-01-05,0.0,0.05829280987381935,0.0,4.566401481628418
B,1,12,2023-10-20,2024-01-12,0.0,0.13158291578292847,0.0,4.639691352844238
B,1,12,2023-10-27,2024-01-19,0.0,0.14281335473060608,0.0,4.650921821594238
B,1,12,2023-11-03,2024-01-26,1.0,0.11269155144691467,0.0,4.620800018310547
B,1,12,2023-11-10,2024-02-02,0.0,0.07012507319450378,0.0,4.57823371887207
B,1,12,2023-11-17,2024-02-09,0.0,0.0701889917254448,0.0,4.5782976150512695
B,1,12,2023-11-24,2024-02-16,0.0,0.1112525686621666,0.0,4.619361400604248
B,1,12,2023-12-01,2024-02-23,0.0,0.150787815451622,0.0,4.658896446228027
B,1,12,2023-12-08,2024-03-01,0.0,0.17157456278800964,0.0,4.679683208465576
B,1,12,2023-12-15,2024-03-08,0.0,0.1535029411315918,0.0,4.661611557006836
B,1,12,2023-12-22,2024-03-15,0.0,0.09103060513734818,0.0,4.599139213562012
B,1,12,2023-12-29,2024-03-22,0.0,0.13308656215667725,0.0,4.641195297241211
B,1,12,2024-01-05,2024-03-29,0.0,0.1301615834236145,0.0,4.638270378112793
B,1,12,2024-01-12,2024-04-05,0.0,0.08561722934246063,0.0,4.593725681304932
B,1,12,2024-01-19,2024-04-12,0.0,0.07272330671548843,0.0,4.580832004547119
B,1,12,2024-01-26,2024-04-19,0.0,0.0850272998213768,0.0,4.593135833740234
B,1,12,2024-02-02,2024-04-26,0.0,0.10524463653564453,0.0,4.613353252410889
B,1,12,2024-02-09,2024-05-03,0.0,0.1345529556274414,0.0,4.6426615715026855
B,1,12,2024-02-16,2024-05-10,0.0,0.12132158875465393,0.0,4.629430294036865
B,1,12,2024-02-23,2024-05-17,0.0,0.13480772078037262,0.0,4.642916202545166
B,1,12,2024-03-01,2024-05-24,1.0,0.15949784219264984,0.0,4.667606353759766
B,1,12,2024-03-08,2024-05-31,0.0,0.26008108258247375,0.0,4.768189907073975
B,1,12,2024-03-15,2024-06-07,0.0,0.4451618492603302,0.0,4.953270435333252
B,1,12,2024-03-22,2024-06-14,0.0,0.8590582013130188,0.0,5.367166996002197
B,1,12,2024-03-29,2024-06-21,0.0,1.168635368347168,0.026274681091308594,5.676743984222412
B,1,12,2024-04-05,2024-06-28,0.0,1.2634702920913696,0.12110960483551025,5.771578788757324
B,1,12,2024-04-12,2024-07-05,1.0,1.1313683986663818,0.0,5.639476776123047
B,1,12,2024-04-19,2024-07-12,0.0,0.8403761386871338,0.0,5.348484992980957
B,1,12,2024-04-26,2024-07-19,0.0,1.0951042175292969,0.0,5.603212833404541
B,1,12,2024-05-03,2024-07-26,8.0,1.0234521627426147,0.0,5.531560897827148
B,1,12,2024-05-10,2024-08-02,7.0,1.0633113384246826,0.0,5.571419715881348
B,1,12,2024-05-17,2024-08-09,6.0,1.3840880393981934,0.24172735214233398,5.8921966552734375
B,1,12,2024-05-24,2024-08-16,2.0,1.6435599327087402,0.5011992454528809,6.151668548583984
B,1,12,2024-05-31,2024-08-23,2.0,1.5561479330062866,0.41378724575042725,6.06425666809082
B,1,12,2024-06-07,2024-08-30,1.0,1.9184248447418213,0.7760641574859619,6.4265336990356445
B,1,12,2024-06-14,2024-09-06,0.0,3.287437677383423,2.1450769901275635,7.795546531677246
B,1,12,2024-06-21,2024-09-13,2.0,2.9782307147979736,1.8358700275421143,7.486339569091797
B,1,12,2024-06-28,2024-09-20,1.0,1.8227410316467285,0.6803803443908691,6.330849647521973
B,1,12,2024-07-05,2024-09-27,1.0,1.1306788921356201,0.0,5.638787269592285
B,1,12,2024-07-12,2024-10-04,0.0,1.0127533674240112,0.0,5.520862102508545
B,1,12,2024-07-19,2024-10-11,1.0,0.8319516777992249,0.0,5.340060234069824
B,1,12,2024-07-26,2024-10-18,0.0,0.8765129446983337,0.0,5.384621620178223
B,1,12,2024-08-02,2024-10-25,1.0,0.9640260934829712,0.0,5.472134590148926
B,1,12,2024-08-09,2024-11-01,0.0,1.5939019918441772,0.3304316997528076,8.570449829101562
B,1,12,2024-08-16,2024-11-08,0.0,1.6213055849075317,0.3578352928161621,8.597853660583496
B,1,12,2024-08-23,2024-11-15,0.0,0.778592050075531,0.0,7.7551398277282715
B,1,12,2024-08-30,2024-11-22,0.0,0.4883810579776764,0.0,7.46492862701416
B,1,12,2024-09-06,2024-11-29,0.0,0.37257280945777893,0.0,7.349120616912842
B,1,12,2024-09-13,2024-12-06,0.0,0.2651859223842621,0.0,7.241733551025391
B,1,12,2024-09-20,2024-12-13,0.0,0.3504359722137451,0.0,7.326983451843262
B,1,12,2024-09-27,2024-12-20,0.0,0.2615468204021454,0.0,7.238094329833984
B,1,12,2024-10-04,2024-12-27,0.0,0.13523057103157043,0.0,7.111778259277344
B,1,12,2024-10-11,2025-01-03,0.0,0.06718020886182785,0.0,7.043727874755859
B,1,12,2024-10-18,2025-01-10,0.0,0.08143866062164307,0.0,7.057986259460449
B,1,12,2024-10-25,2025-01-17,1.0,0.06914380192756653,0.0,7.04569149017334
B,1,12,2024-11-01,2025-01-24,0.0,0.07633496820926666,0.0,7.052882671356201
B,1,12,2024-11-08,2025-01-31,0.0,0.0991952121257782,0.0,7.075742721557617
B,1,12,2024-11-15,2025-02-07,0.0,0.09523864090442657,0.0,7.071786403656006
B,1,12,2024-11-22,2025-02-14,0.0,0.06438678503036499,0.0,7.0409345626831055
B,1,12,2024-11-29,2025-02-21,0.0,0.04817773029208183,0.0,7.024725437164307
B,1,12,2024-12-06,2025-02-28,0.0,0.0524103119969368,0.0,7.028957843780518
B,1,12,2024-12-13,2025-03-07,0.0,0.0818551778793335,0.0,7.058403015136719
B,1,12,2024-12-20,2025-03-14,0.0,0.07957275956869125,0.0,7.0561203956604
B,1,12,2024-12-27,2025-03-21,0.0,0.08884389698505402,0.0,7.065391540527344
B,1,12,2025-01-03,2025-03-28,0.0,0.08393841236829758,0.0,7.060486316680908
B,1,12,2025-01-10,2025-04-04,0.0,0.06893378496170044,0.0,7.0454816818237305
B,1,12,2025-01-17,2025-04-11,0.0,0.058183521032333374,0.0,7.034731388092041
B,1,12,2025-01-24,2025-04-18,0.0,0.06968249380588531,0.0,7.046230316162109
B,1,12,2025-01-31,2025-04-25,0.0,0.06414563953876495,0.0,7.040693283081055
B,1,12,2025-02-07,2025-05-02,1.0,0.06400228291749954,0.0,7.040550231933594
B,1,12,2025-02-14,2025-05-09,0.0,0.07312196493148804,0.0,7.0496697425842285
B,1,12,2025-02-21,2025-05-16,0.0,0.06734142452478409,0.0,7.043889045715332
B,1,12,2025-02-28,2025-05-23,0.0,0.09034980833530426,0.0,7.066897392272949
B,1,12,2025-03-07,2025-05-30,0.0,0.13082174956798553,0.0,7.107369422912598
B,1,12,2025-03-14,2025-06-06,0.0,0.12249736487865448,0.0,7.099045276641846
B,1,12,2025-03-21,2025-06-13,2.0,0.14503073692321777,0.0,7.121578216552734
B,1,12,2025-03-28,2025-06-20,0.0,0.17661482095718384,0.0,7.153162479400635
B,1,12,2025-04-04,2025-06-27,0.0,0.2760372459888458,0.0,7.252584934234619
B,1,12,2025-04-11,2025-07-04,4.0,0.4341181218624115,0.0,7.410665988922119
B,1,12,2025-04-18,2025-07-11,0.0,0.5567964315414429,0.0,7.533344268798828
B,1,12,2025-04-25,2025-07-18,3.0,0.6796937584877014,0.0,7.656241416931152
B,1,12,2025-05-02,2025-07-25,4.0,0.856054961681366,0.0,7.832602500915527
B,1,12,2025-05-09,2025-08-01,9.0,0.910499095916748,0.0,7.887046813964844
B,1,12,2025-05-16,2025-08-08,4.0,1.2860336303710938,0.0,8.262580871582031
B,1,12,2025-05-23,2025-08-15,0.0,1.5329082012176514,0.0,8.509455680847168
B,1,12,2025-05-30,2025-08-22,1.0,1.3570414781570435,0.0,8.333589553833008
B,1,12,2025-06-06,2025-08-29,0.0,1.0821846723556519,0.0,8.058732032775879
B,1,12,2025-06-13,2025-09-05,,0.9641374945640564,0.0,7.940685272216797
B,1,12,2025-06-20,2025-09-12,,2.506094455718994,0.0,9.48264217376709
B,1,12,2025-06-27,2025-09-19,,2.985041379928589,0.0,9.961588859558105
B,1,12,2025-07-04,2025-09-26,,0.4501272737979889,0.0,7.426674842834473
B,1,12,2025-07-11,2025-10-03,,0.36316725611686707,0.0,7.339715003967285
B,1,12,2025-07-18,2025-10-10,,0.3833962380886078,0.0,7.359943866729736
B,1,12,2025-07-25,2025-10-17,,0.4138462245464325,0.0,7.3903937339782715
B,1,12,2025-08-01,2025-10-24,,0.6043947339057922,0.0,7.580942630767822
B,1,12,2025-08-08,2025-10-31,,0.374847412109375,0.0,6.311535835266113
B,1,12,2025-08-15,2025-11-07,,0.2736881971359253,0.0,8.363188743591309
B,1,12,2025-08-22,2025-11-14,,0.33053794503211975,0.0,8.420038223266602
C,2,1,2023-02-17,2023-02-24,0.0,0.0,0.0,3.0
C,2,1,2023-02-24,2023-03-03,0.0,0.0,0.0,3.0
C,2,1,2023-03-03,2023-03-10,0.0,0.0,0.0,3.0
C,2,1,2023-03-10,2023-03-17,0.0,0.0,0.0,3.0
C,2,1,2023-03-17,2023-03-24,0.0,0.0,0.0,3.0
C,2,1,2023-03-24,2023-03-31,0.0,0.0,0.0,3.0
C,2,1,2023-03-31,2023-04-07,0.0,0.0,0.0,3.0
C,2,1,2023-04-07,2023-04-14,0.0,0.0,0.0,3.0
C,2,1,2023-04-14,2023-04-21,0.0,0.0,0.0,3.0
C,2,1,2023-04-21,2023-04-28,0.0,0.0,0.0,3.0
C,2,1,2023-04-28,2023-05-05,0.0,0.0,0.0,3.0
C,2,1,2023-05-05,2023-05-12,0.0,0.0,0.0,3.0
C,2,1,2023-05-12,2023-05-19,0.0,0.0,0.0,3.0
C,2,1,2023-05-19,2023-05-26,0.0,0.0,0.0,3.0
C,2,1,2023-05-26,2023-06-02,1.0,0.0,0.0,3.0
C,2,1,2023-06-02,2023-06-09,1.0,0.0,0.0,3.0
C,2,1,2023-06-09,2023-06-16,0.0,0.0,0.0,3.0
C,2,1,2023-06-16,2023-06-23,2.0,0.0,0.0,3.0
C,2,1,2023-06-23,2023-06-30,0.0,0.0,0.0,3.0
C,2,1,2023-06-30,2023-07-07,0.0,0.0,0.0,3.0
C,2,1,2023-07-07,2023-07-14,0.0,0.0,0.0,3.0
C,2,1,2023-07-14,2023-07-21,1.0,0.0,0.0,3.0
C,2,1,2023-07-21,2023-07-28,2.0,0.0,0.0,3.0
C,2,1,2023-07-28,2023-08-04,4.0,0.0,0.0,3.0
C,2,1,2023-08-04,2023-08-11,11.0,0.0,0.0,3.0
C,2,1,2023-08-11,2023-08-18,2.0,0.0,0.0,3.0
C,2,1,2023-08-18,2023-08-25,0.0,0.0,0.0,4.0
C,2,1,2023-08-25,2023-09-01,1.0,0.0,0.0,11.0
C,2,1,2023-09-01,2023-09-08,3.0,0.0,0.0,11.0
C,2,1,2023-09-08,2023-09-15,7.0,0.0,0.0,11.0
C,2,1,2023-09-15,2023-09-22,4.0,0.0,0.0,11.0
C,2,1,2023-09-22,2023-09-29,2.0,0.0,0.0,11.0
C,2,1,2023-09-29,2023-10-06,0.0,0.0,0.0,11.0
C,2,1,2023-10-06,2023-10-13,0.0,0.0,0.0,11.0
C,2,1,2023-10-13,2023-10-20,1.0,0.0,0.0,11.0
C,2,1,2023-10-20,2023-10-27,1.0,0.0,0.0,11.0
C,2,1,2023-10-27,2023-11-03,1.0,0.0,0.0,11.0
C,2,1,2023-11-03,2023-11-10,2.0,0.0,0.0,11.0
C,2,1,2023-11-10,2023-11-17,0.0,0.0,0.0,11.0
C,2,1,2023-11-17,2023-11-24,0.0,0.0,0.0,11.0
C,2,1,2023-11-24,2023-12-01,0.0,0.0,0.0,11.0
C,2,1,2023-12-01,2023-12-08,1.0,0.0,0.0,11.0
C,2,1,2023-12-08,2023-12-15,0.0,0.0,0.0,11.0
C,2,1,2023-12-15,2023-12-22,1.0,0.0,0.0,11.0
C,2,1,2023-12-22,2023-12-29,2.0,0.0,0.0,11.0
C,2,1,2023-12-29,2024-01-05,0.0,0.0,0.0,11.0
C,2,1,2024-01-05,2024-01-12,1.0,0.0,0.0,11.0
C,2,1,2024-01-12,2024-01-19,0.0,0.0,0.0,11.0
C,2,1,2024-01-19,2024-01-26,0.0,0.0,0.0,11.0
C,2,1,2024-01-26,2024-02-02,0.0,0.0,0.0,11.0
C,2,1,2024-02-02,2024-02-09,0.0,0.0,0.0,11.0
C,2,1,2024-02-09,2024-02-16,0.0,0.0,0.0,11.0
C,2,1,2024-02-16,2024-02-23,0.0,0.0,0.0,11.0
C,2,1,2024-02-23,2024-03-01,0.0,0.0,0.0,11.0
C,2,1,2024-03-01,2024-03-08,0.0,0.0,0.0,11.0
C,2,1,2024-03-08,2024-03-15,0.0,0.0,0.0,11.0
C,2,1,2024-03-15,2024-03-22,0.0,0.0,0.0,11.0
C,2,1,2024-03-22,2024-03-29,0.0,0.0,0.0,11.0
C,2,1,2024-03-29,2024-04-05,0.0,0.0,0.0,11.0
C,2,1,2024-04-05,2024-04-12,1.0,0.0,0.0,11.0
C,2,1,2024-04-12,2024-04-19,0.0,0.0,0.0,11.0
C,2,1,2024-04-19,2024-04-26,0.0,0.0,0.0,11.0
C,2,1,2024-04-26,2024-05-03,1.0,0.0,0.0,11.0
C,2,1,2024-05-03,2024-05-10,0.0,0.0,0.0,11.0
C,2,1,2024-05-10,2024-05-17,0.0,0.0,0.0,11.0
C,2,1,2024-05-17,2024-05-24,0.0,0.0,0.0,11.0
C,2,1,2024-05-24,2024-05-31,0.0,0.0,0.0,11.0
C,2,1,2024-05-31,2024-06-07,2.0,0.0,0.0,11.0
C,2,1,2024-06-07,2024-06-14,2.0,0.0,0.0,11.0
C,2,1,2024-06-14,2024-06-21,0.0,0.0,0.0,11.0
C,2,1,2024-06-21,2024-06-28,0.0,0.0,0.0,11.0
C,2,1,2024-06-28,2024-07-05,0.0,0.0,0.0,11.0
C,2,1,2024-07-05,2024-07-12,1.0,0.0,0.0,11.0
C,2,1,2024-07-12,2024-07-19,0.0,0.0,0.0,11.0
C,2,1,2024-07-19,2024-07-26,3.0,0.0,0.0,11.0
C,2,1,2024-07-26,2024-08-02,6.0,0.0,0.0,11.0
C,2,1,2024-08-02,2024-08-09,9.0,0.0,0.0,11.0
C,2,1,2024-08-09,2024-08-16,0.0,0.0,0.0,11.0
C,2,1,2024-08-16,2024-08-23,2.0,0.0,0.0,11.0
C,2,1,2024-08-23,2024-08-30,0.0,0.0,0.0,9.0
C,2,1,2024-08-30,2024-09-06,0.0,0.0,0.0,9.0
C,2,1,2024-09-06,2024-09-13,5.0,0.0,0.0,9.0
C,2,1,2024-09-13,2024-09-20,6.0,0.0,0.0,9.0
C,2,1,2024-09-20,2024-09-27,0.0,0.0,0.0,9.0
C,2,1,2024-09-27,2024-10-04,2.0,0.0,0.0,9.0
C,2,1,2024-10-04,2024-10-11,2.0,0.0,0.0,9.0
C,2,1,2024-10-11,2024-10-18,0.0,0.0,0.0,9.0
C,2,1,2024-10-18,2024-10-25,2.0,0.0,0.0,9.0
C,2,1,2024-10-25,2024-11-01,1.0,0.0,0.0,9.0
C,2,1,2024-11-01,2024-11-08,4.0,0.0,0.0,9.0
C,2,1,2024-11-08,2024-11-15,1.0,0.0,0.0,9.0
C,2,1,2024-11-15,2024-11-22,0.0,0.0,0.0,9.0
C,2,1,2024-11-22,2024-11-29,0.0,0.0,0.0,9.0
C,2,1,2024-11-29,2024-12-06,0.0,0.0,0.0,9.0
C,2,1,2024-12-06,2024-12-13,0.0,0.0,0.0,9.0
C,2,1,2024-12-13,2024-12-20,0.0,0.0,0.0,9.0
C,2,1,2024-12-20,2024-12-27,1.0,0.0,0.0,9.0
C,2,1,2024-12-27,2025-01-03,0.0,0.0,0.0,9.0
C,2,1,2025-01-03,2025-01-10,0.0,0.0,0.0,9.0
C,2,1,2025-01-10,2025-01-17,1.0,0.0,0.0,9.0
C,2,1,2025-01-17,2025-01-24,0.0,0.0,0.0,9.0
C,2,1,2025-01-24,2025-01-31,0.0,0.0,0.0,9.0
C,2,1,2025-01-31,2025-02-07,0.0,0.0,0.0,9.0
C,2,1,2025-02-07,2025-02-14,0.0,0.0,0.0,9.0
C,2,1,2025-02-14,2025-02-21,0.0,0.0,0.0,9.0
C,2,1,2025-02-21,2025-02-28,0.0,0.0,0.0,9.0
C,2,1,2025-02-28,2025-03-07,0.0,0.0,0.0,9.0
C,2,1,2025-03-07,2025-03-14,0.0,0.0,0.0,9.0
C,2,1,2025-03-14,2025-03-21,1.0,0.0,0.0,9.0
C,2,1,2025-03-21,2025-03-28,0.0,0.0,0.0,9.0
C,2,1,2025-03-28,2025-04-04,1.0,0.0,0.0,9.0
C,2,1,2025-04-04,2025-04-11,0.0,0.0,0.0,9.0
C,2,1,2025-04-11,2025-04-18,0.0,0.0,0.0,9.0
C,2,1,2025-04-18,2025-04-25,1.0,0.0,0.0,9.0
C,2,1,2025-04-25,2025-05-02,1.0,0.0,0.0,9.0
C,2,1,2025-05-02,2025-05-09,0.0,0.0,0.0,9.0
C,2,1,2025-05-09,2025-05-16,3.0,0.0,0.0,9.0
C,2,1,2025-05-16,2025-05-23,0.0,0.0,0.0,9.0
C,2,1,2025-05-23,2025-05-30,0.0,0.0,0.0,9.0
C,2,1,2025-05-30,2025-06-06,0.0,0.0,0.0,9.0
C,2,1,2025-06-06,2025-06-13,1.0,0.0,0.0,9.0
C,2,1,2025-06-13,2025-06-20,3.0,0.0,0.0,9.0
C,2,1,2025-06-20,2025-06-27,2.0,0.0,0.0,9.0
C,2,1,2025-06-27,2025-07-04,2.0,0.0,0.0,9.0
C,2,1,2025-07-04,2025-07-11,3.0,0.0,0.0,9.0
C,2,1,2025-07-11,2025-07-18,3.0,0.0,0.0,9.0
C,2,1,2025-07-18,2025-07-25,8.0,0.0,0.0,9.0
C,2,1,2025-07-25,2025-08-01,26.0,0.0,0.0,9.0
C,2,1,2025-08-01,2025-08-08,16.0,0.0,0.0,9.0
C,2,1,2025-08-08,2025-08-15,0.0,0.0,0.0,9.0
C,2,1,2025-08-15,2025-08-22,3.0,0.0,0.0,26.0
C,2,1,2025-08-22,2025-08-29,1.0,0.0,0.0,26.0
C,2,2,2023-02-17,2023-03-03,0.0,0.06862467527389526,0.0,2.68487548828125
C,2,2,2023-02-24,2023-03-10,0.0,0.06478629261255264,0.0,2.681036949157715
C,2,2,2023-03-03,2023-03-17,0.0,0.047033049166202545,0.0,2.6632838249206543
C,2,2,2023-03-10,2023-03-24,0.0,0.06468158960342407,0.0,2.6809322834014893
C,2,2,2023-03-17,2023-03-31,0.0,0.07365281134843826,0.0,2.689903497695923
C,2,2,2023-03-24,2023-04-07,0.0,0.06930758059024811,0.0,2.685558319091797
C,2,2,2023-03-31,2023-04-14,0.0,0.06706564128398895,0.0,2.683316469192505
C,2,2,2023-04-07,2023-04-21,0.0,0.06874153017997742,0.0,2.6849923133850098
C,2,2,2023-04-14,2023-04-28,0.0,0.05796503275632858,0.0,2.674215793609619
C,2,2,2023-04-21,2023-05-05,0.0,0.06971797347068787,0.0,2.6859686374664307
C,2,2,2023-04-28,2023-05-12,0.0,0.08998864889144897,0.0,2.7062394618988037
C,2,2,2023-05-05,2023-05-19,0.0,0.13882437348365784,0.0,2.755075216293335
C,2,2,2023-05-12,2023-05-26,0.0,0.23774605989456177,0.0,2.853996753692627
C,2,2,2023-05-19,2023-06-02,1.0,0.27877816557884216,0.0,2.895028829574585
C,2,2,2023-05-26,2023-06-09,1.0,0.8355039358139038,0.1470184326171875,3.451754570007324
C,2,2,2023-06-02,2023-06-16,0.0,0.5478041172027588,0.0,3.1640548706054688
C,2,2,2023-06-09,2023-06-23,2.0,1.5200821161270142,1.0368585586547852,4.136332988739014
C,2,2,2023-06-16,2023-06-30,0.0,0.5341842174530029,0.050960659980773926,3.150434970855713
C,2,2,2023-06-23,2023-07-07,0.0,0.5048853158950806,0.021661758422851562,3.12113618850708
C,2,2,2023-06-30,2023-07-14,0.0,0.3096613883972168,0.0,2.9259121417999268
C,2,2,2023-07-07,2023-07-21,1.0,0.49603837728500366,0.0,3.1122891902923584
C,2,2,2023-07-14,2023-07-28,2.0,1.6941628456115723,1.1463587284088135,4.310413360595703
C,2,2,2023-07-21,2023-08-04,4.0,2.9824416637420654,2.4346375465393066,5.598692417144775
C,2,2,2023-07-28,2023-08-11,11.0,4.011741638183594,3.463937520980835,6.627992630004883
C,2,2,2023-08-04,2023-08-18,2.0,2.7451589107513428,2.197354793548584,5.361409664154053
C,2,2,2023-08-11,2023-08-25,0.0,4.25009298324585,3.702288866043091,6.8663434982299805
C,2,2,2023-08-18,2023-09-01,1.0,2.3915650844573975,1.8437609672546387,5.007815837860107
C,2,2,2023-08-25,2023-09-08,3.0,3.3059229850769043,2.7581188678741455,10.294181823730469
C,2,2,2023-09-01,2023-09-15,7.0,4.124597549438477,3.379438638687134,11.112855911254883
C,2,2,2023-09-08,2023-09-22,4.0,3.040945291519165,0.0,10.029203414916992
C,2,2,2023-09-15,2023-09-29,2.0,1.5097452402114868,0.0,8.498003959655762
C,2,2,2023-09-22,2023-10-06,0.0,2.7655344009399414,0.0,9.753792762756348
C,2,2,2023-09-29,2023-10-13,0.0,4.836930274963379,0.5868372917175293,11.825188636779785
C,2,2,2023-10-06,2023-10-20,1.0,0.9961693286895752,0.0,7.984427452087402
C,2,2,2023-10-13,2023-10-27,1.0,1.035773754119873,0.0,8.024032592773438
C,2,2,2023-10-20,2023-11-03,1.0,0.5223192572593689,0.0,7.51057767868042
C,2,2,2023-10-27,2023-11-10,2.0,0.6031728386878967,0.0,7.591431140899658
C,2,2,2023-11-03,2023-11-17,0.0,0.5420949459075928,0.0,7.530353546142578
C,2,2,2023-11-10,2023-11-24,0.0,0.2644551694393158,0.0,7.252713680267334
C,2,2,2023-11-17,2023-12-01,0.0,0.26804038882255554,0.0,7.256298542022705
C,2,2,2023-11-24,2023-12-08,1.0,0.24923479557037354,0.0,7.23749303817749
C,2,2,2023-12-01,2023-12-15,0.0,0.19541054964065552,0.0,7.183669090270996
C,2,2,2023-12-08,2023-12-22,1.0,0.12486574798822403,0.0,7.113123893737793
C,2,2,2023-12-15,2023-12-29,2.0,0.12443225830793381,0.0,7.112690448760986
C,2,2,2023-12-22,2024-01-05,0.0,0.15531569719314575,0.0,7.143574237823486
C,2,2,2023-12-29,2024-01-12,1.0,0.11321055144071579,0.0,7.101469039916992
C,2,2,2024-01-05,2024-01-19,0.0,0.10380097478628159,0.0,7.092059135437012
C,2,2,2024-01-12,2024-01-26,0.0,0.1609269678592682,0.0,7.1491851806640625
C,2,2,2024-01-19,2024-02-02,0.0,0.13171640038490295,0.0,7.119974613189697
C,2,2,2024-01-26,2024-02-09,0.0,0.0920935869216919,0.0,7.080351829528809
C,2,2,2024-02-02,2024-02-16,0.0,0.07193323224782944,0.0,7.060191631317139
C,2,2,2024-02-09,2024-02-23,0.0,0.08151423186063766,0.0,7.069772720336914
C,2,2,2024-02-16,2024-03-01,0.0,0.08300748467445374,0.0,7.071265697479248
C,2,2,2024-02-23,2024-03-08,0.0,0.07839742302894592,0.0,7.06665563583374
C,2,2,2024-03-01,2024-03-15,0.0,0.09107056260108948,0.0,7.079329013824463
C,2,2,2024-03-08,2024-03-22,0.0,0.06278835982084274,0.0,7.051046848297119
C,2,2,2024-03-15,2024-03-29,0.0,0.060097597539424896,0.0,7.048356056213379
C,2,2,2024-03-22,2024-04-05,0.0,0.06182585656642914,0.0,7.050084114074707
C,2,2,2024-03-29,2024-04-12,1.0,0.06932958215475082,0.0,7.05758810043335
C,2,2,2024-04-05,2024-04-19,0.0,0.10583605617284775,0.0,7.094094276428223
C,2,2,2024-04-12,2024-04-26,0.0,0.08338040858507156,0.0,7.071638584136963
C,2,2,2024-04-19,2024-05-03,1.0,0.11503943055868149,0.0,7.103297710418701
C,2,2,2024-04-26,2024-05-10,0.0,0.18015962839126587,0.0,7.168417930603027
C,2,2,2024-05-03,2024-05-17,0.0,0.29208987951278687,0.0,7.280348300933838
C,2,2,2024-05-10,2024-05-24,0.0,0.3820520043373108,0.0,7.370310306549072
C,2,2,2024-05-17,2024-05-31,0.0,0.40988343954086304,0.0,7.398141860961914
C,2,2,2024-05-24,2024-06-07,2.0,1.3273862600326538,0.0,8.315644264221191
C,2,2,2024-05-31,2024-06-14,2.0,0.7230303287506104,0.0,7.7112884521484375
C,2,2,2024-06-07,2024-06-21,0.0,0.7214414477348328,0.0,7.709699630737305
C,2,2,2024-06-14,2024-06-28,0.0,1.0623066425323486,0.0,8.050564765930176
C,2,2,2024-06-21,2024-07-05,0.0,1.4259837865829468,0.0,8.414241790771484
C,2,2,2024-06-28,2024-07-12,1.0,1.1278074979782104,0.0,8.116065979003906
C,2,2,2024-07-05,2024-07-19,0.0,0.9503678679466248,0.0,7.938626289367676
C,2,2,2024-07-12,2024-07-26,3.0,0.6558219790458679,0.0,7.64408016204834
C,2,2,2024-07-19,2024-08-02,6.0,2.9252474308013916,0.0,9.913505554199219
C,2,2,2024-07-26,2024-08-09,9.0,2.311849355697632,0.0,9.300107955932617
C,2,2,2024-08-02,2024-08-16,0.0,2.2512195110321045,0.0,9.23947811126709
C,2,2,2024-08-09,2024-08-23,2.0,2.535757303237915,0.0,9.524015426635742
C,2,2,2024-08-16,2024-08-30,0.0,1.1298255920410156,0.0,8.118083953857422
C,2,2,2024-08-23,2024-09-06,0.0,1.5622719526290894,0.0,8.250422477722168
C,2,2,2024-08-30,2024-09-13,5.0,5.196611404418945,0.3596811294555664,11.884761810302734
C,2,2,2024-09-06,2024-09-20,6.0,3.913386821746826,0.0,10.601537704467773
C,2,2,2024-09-13,2024-09-27,0.0,2.0944719314575195,0.0,8.782622337341309
C,2,2,2024-09-20,2024-10-04,2.0,2.72072696685791,0.0,9.4088773727417
C,2,2,2024-09-27,2024-10-11,2.0,2.5008795261383057,0.0,9.189029693603516
C,2,2,2024-10-04,2024-10-18,0.0,0.4024231731891632,0.0,7.090573787689209
C,2,2,2024-10-11,2024-10-25,2.0,0.4729923605918884,0.0,7.161142826080322
C,2,2,2024-10-18,2024-11-01,1.0,0.35958772897720337,0.0,7.047738075256348
C,2,2,2024-10-25,2024-11-08,4.0,0.6387548446655273,0.0,7.326905250549316
C,2,2,2024-11-01,2024-11-15,1.0,0.36020874977111816,0.0,7.048358917236328
C,2,2,2024-11-08,2024-11-22,0.0,0.24920660257339478,0.0,6.937356948852539
C,2,2,2024-11-15,2024-11-29,0.0,0.18166083097457886,0.0,6.869811058044434
C,2,2,2024-11-22,2024-12-06,0.0,0.22479867935180664,0.0,6.912949085235596
C,2,2,2024-11-29,2024-12-13,0.0,0.28379443287849426,0.0,6.971944808959961
C,2,2,2024-12-06,2024-12-20,0.0,0.323856920003891,0.0,7.012007236480713
C,2,2,2024-12-13,2024-12-27,1.0,0.22085466980934143,0.0,6.909005165100098
C,2,2,2024-12-20,2025-01-03,0.0,0.15038010478019714,0.0,6.838530540466309
C,2,2,2024-12-27,2025-01-10,0.0,0.17422595620155334,0.0,6.8623762130737305
C,2,2,2025-01-03,2025-01-17,1.0,0.07994206994771957,0.0,6.768092632293701
C,2,2,2025-01-10,2025-01-24,0.0,0.0992543026804924,0.0,6.787404537200928
C,2,2,2025-01-17,2025-01-31,0.0,0.09377421438694,0.0,6.781924724578857
C,2,2,2025-01-24,2025-02-07,0.0,0.07688365131616592,0.0,6.765034198760986
C,2,2,2025-01-31,2025-02-14,0.0,0.07008727639913559,0.0,6.758237838745117
C,2,2,2025-02-07,2025-02-21,0.0,0.06559842079877853,0.0,6.753748893737793
C,2,2,2025-02-14,2025-02-28,0.0,0.08404107391834259,0.0,6.772191524505615
C,2,2,2025-02-21,2025-03-07,0.0,0.0707506388425827,0.0,6.758901119232178
C,2,2,2025-02-28,2025-03-14,0.0,0.08007177710533142,0.0,6.768222332000732
C,2,2,2025-03-07,2025-03-21,1.0,0.06471756100654602,0.0,6.752868175506592
C,2,2,2025-03-14,2025-03-28,0.0,0.0667281448841095,0.0,6.754878520965576
C,2,2,2025-03-21,2025-04-04,1.0,0.05524323135614395,0.0,6.743393421173096
C,2,2,2025-03-28,2025-04-11,0.0,0.08900727331638336,0.0,6.777157783508301
C,2,2,2025-04-04,2025-04-18,0.0,0.09719164669513702,0.0,6.785342216491699
C,2,2,2025-04-11,2025-04-25,1.0,0.12308981269598007,0.0,6.811240196228027
C,2,2,2025-04-18,2025-05-02,1.0,0.14921805262565613,0.0,6.837368488311768
C,2,2,2025-04-25,2025-05-09,0.0,0.2524098753929138,0.0,6.940560340881348
C,2,2,2025-05-02,2025-05-16,3.0,0.42696425318717957,0.0,7.115114688873291
C,2,2,2025-05-09,2025-05-23,0.0,0.31457236409187317,0.0,7.00272274017334
C,2,2,2025-05-16,2025-05-30,0.0,0.4341617226600647,0.0,7.122312068939209
C,2,2,2025-05-23,2025-06-06,0.0,0.7574479579925537,0.0,7.445598602294922
C,2,2,2025-05-30,2025-06-13,1.0,1.0635491609573364,0.0,7.751699447631836
C,2,2,2025-06-06,2025-06-20,3.0,1.6926428079605103,0.0,8.380793571472168
C,2,2,2025-06-13,2025-06-27,2.0,1.2170233726501465,0.0,7.9051737785339355
C,2,2,2025-06-20,2025-07-04,2.0,0.3684435486793518,0.0,7.056593894958496
C,2,2,2025-06-27,2025-07-11,3.0,0.7635610103607178,0.0,7.451711654663086
C,2,2,2025-07-04,2025-07-18,3.0,3.9897682666778564,1.738548755645752,10.677918434143066
C,2,2,2025-07-11,2025-07-25,8.0,4.284420967102051,2.0332014560699463,10.97257137298584
C,2,2,2025-07-18,2025-08-01,26.0,7.613466262817383,5.362246513366699,14.301616668701172
C,2,2,2025-07-25,2025-08-08,16.0,7.792660713195801,5.541440963745117,14.48081111907959
C,2,2,2025-08-01,2025-08-15,0.0,8.19943904876709,5.948219299316406,14.887589454650879
C,2,2,2025-08-08,2025-08-22,3.0,7.3757853507995605,5.124566078186035,14.063936233520508
C,2,2,2025-08-15,2025-08-29,1.0,2.546672821044922,0.2954533100128174,20.93320655822754
C,2,2,2025-08-22,2025-09-05,,4.0566582679748535,1.805438756942749,22.443191528320312
C,2,4,2023-02-17,2023-03-17,0.0,0.10718248784542084,0.0,2.6766629219055176
C,2,4,2023-02-24,2023-03-24,0.0,0.10032680630683899,0.0,2.669807195663452
C,2,4,2023-03-03,2023-03-31,0.0,0.09957116842269897,0.0,2.6690516471862793
C,2,4,2023-03-10,2023-04-07,0.0,0.10574370622634888,0.0,2.6752240657806396
C,2,4,2023-03-17,2023-04-14,0.0,0.10226330161094666,0.0,2.671743631362915
C,2,4,2023-03-24,2023-04-21,0.0,0.10778550058603287,0.0,2.6772658824920654
C,2,4,2023-03-31,2023-04-28,0.0,0.12222664058208466,0.0,2.691707134246826
C,2,4,2023-04-07,2023-05-05,0.0,0.11051668971776962,0.0,2.679997205734253
C,2,4,2023-04-14,2023-05-12,0.0,0.11584118008613586,0.0,2.685321569442749
C,2,4,2023-04-21,2023-05-19,0.0,0.16284291446208954,0.0,2.732323408126831
C,2,4,2023-04-28,2023-05-26,0.0,0.25806766748428345,0.0,2.827548027038574
C,2,4,2023-05-05,2023-06-02,1.0,0.5751670002937317,0.0,3.1446473598480225
C,2,4,2023-05-12,2023-06-09,1.0,0.7140368819236755,0.0,3.283517360687256
C,2,4,2023-05-19,2023-06-16,0.0,0.5225803852081299,0.0,3.0920608043670654
C,2,4,2023-05-26,2023-06-23,2.0,0.7964842915534973,0.0,3.365964651107788
C,2,4,2023-06-02,2023-06-30,0.0,1.7515716552734375,0.0,4.321052074432373
C,2,4,2023-06-09,2023-07-07,0.0,2.779491424560547,0.0,5.348971843719482
C,2,4,2023-06-16,2023-07-14,0.0,3.9523582458496094,0.31369686126708984,6.521838665008545
C,2,4,2023-06-23,2023-07-21,1.0,5.238685607910156,1.6000242233276367,7.808166027069092
C,2,4,2023-06-30,2023-07-28,2.0,2.942542552947998,0.0,5.512022972106934
C,2,4,2023-07-07,2023-08-04,4.0,4.605202674865723,0.9665412902832031,7.174683094024658
C,2,4,2023-07-14,2023-08-11,11.0,5.1215386390686035,1.482877254486084,7.691019058227539
C,2,4,2023-07-21,2023-08-18,2.0,2.0190861225128174,0.0,4.588566780090332
C,2,4,2023-07-28,2023-08-25,0.0,2.784403085708618,0.0,5.353883743286133
C,2,4,2023-08-04,2023-09-01,1.0,2.176445245742798,0.0,4.7459259033203125
C,2,4,2023-08-11,2023-09-08,3.0,4.137356281280518,0.0,6.706836700439453
C,2,4,2023-08-18,2023-09-15,7.0,5.457826614379883,1.2191410064697266,8.027307510375977
C,2,4,2023-08-25,2023-09-22,4.0,4.6451287269592285,0.40644311904907227,10.523590087890625
C,2,4,2023-09-01,2023-09-29,2.0,4.237946510314941,0.0,10.11640739440918
C,2,4,2023-09-08,2023-10-06,0.0,5.848305702209473,1.6096200942993164,11.726766586303711
C,2,4,2023-09-15,2023-10-13,0.0,7.104020118713379,2.8653345108032227,12.982481002807617
C,2,4,2023-09-22,2023-10-20,1.0,3.3013319969177246,0.0,9.179793357849121
C,2,4,2023-09-29,2023-10-27,1.0,3.007753372192383,0.0,8.886215209960938
C,2,4,2023-10-06,2023-11-03,1.0,1.5732388496398926,0.0,7.451700210571289
C,2,4,2023-10-13,2023-11-10,2.0,2.7802016735076904,0.0,8.658662796020508
C,2,4,2023-10-20,2023-11-17,0.0,1.7719224691390991,0.0,7.650383949279785
C,2,4,2023-10-27,2023-11-24,0.0,0.4281265437602997,0.0,6.3065876960754395
C,2,4,2023-11-03,2023-12-01,0.0,0.46651607751846313,0.0,6.344977378845215
C,2,4,2023-11-10,2023-12-08,1.0,0.522598147392273,0.0,6.401059627532959
C,2,4,2023-11-17,2023-12-15,0.0,0.3972975015640259,0.0,6.275758743286133
C,2,4,2023-11-24,2023-12-22,1.0,0.21207872033119202,0.0,6.090539932250977
C,2,4,2023-12-01,2023-12-29,2.0,0.1760074496269226,0.0,6.054468631744385
C,2,4,2023-12-08,2024-01-05,0.0,0.2920343577861786,0.0,6.170495510101318
C,2,4,2023-12-15,2024-01-12,1.0,0.4048774838447571,0.0,6.283339023590088
C,2,4,2023-12-22,2024-01-19,0.0,0.28056326508522034,0.0,6.159024715423584
C,2,4,2023-12-29,2024-01-26,0.0,0.22630858421325684,0.0,6.104769706726074
C,2,4,2024-01-05,2024-02-02,0.0,0.20541638135910034,0.0,6.0838775634765625
C,2,4,2024-01-12,2024-02-09,0.0,0.30561453104019165,0.0,6.184075832366943
C,2,4,2024-01-19,2024-02-16,0.0,0.16365645825862885,0.0,6.042117595672607
C,2,4,2024-01-26,2024-02-23,0.0,0.14664623141288757,0.0,6.025107383728027
C,2,4,2024-02-02,2024-03-01,0.0,0.12416940927505493,0.0,6.002630710601807
C,2,4,2024-02-09,2024-03-08,0.0,0.1261138916015625,0.0,6.004575252532959
C,2,4,2024-02-16,2024-03-15,0.0,0.10126051306724548,0.0,5.979722023010254
C,2,4,2024-02-23,2024-03-22,0.0,0.09775117039680481,0.0,5.976212501525879
C,2,4,2024-03-01,2024-03-29,0.0,0.09816162288188934,0.0,5.976623058319092
C,2,4,2024-03-08,2024-04-05,0.0,0.1010311096906662,0.0,5.979492664337158
C,2,4,2024-03-15,2024-04-12,1.0,0.10535003244876862,0.0,5.983811378479004
C,2,4,2024-03-22,2024-04-19,0.0,0.11314977705478668,0.0,5.991611003875732
C,2,4,2024-03-29,2024-04-26,0.0,0.13293367624282837,0.0,6.01139497756958
C,2,4,2024-04-05,2024-05-03,1.0,0.19254380464553833,0.0,6.071005344390869
C,2,4,2024-04-12,2024-05-10,0.0,0.19510269165039062,0.0,6.073564052581787
C,2,4,2024-04-19,2024-05-17,0.0,0.23965716361999512,0.0,6.1181182861328125
C,2,4,2024-04-26,2024-05-24,0.0,0.46344584226608276,0.0,6.341907024383545
C,2,4,2024-05-03,2024-05-31,0.0,0.940836489200592,0.0,6.819297790527344
C,2,4,2024-05-10,2024-06-07,2.0,2.2764947414398193,0.0,8.154955863952637
C,2,4,2024-05-17,2024-06-14,2.0,1.5380457639694214,0.0,7.416507244110107
C,2,4,2024-05-24,2024-06-21,0.0,1.4090900421142578,0.0,7.287551403045654
C,2,4,2024-05-31,2024-06-28,0.0,2.1404805183410645,0.0,8.018941879272461
C,2,4,2024-06-07,2024-07-05,0.0,3.4197256565093994,0.0,9.298187255859375
C,2,4,2024-06-14,2024-07-12,1.0,5.895473003387451,0.0,11.773934364318848
C,2,4,2024-06-21,2024-07-19,0.0,7.764156341552734,0.6601362228393555,13.642618179321289
C,2,4,2024-06-28,2024-07-26,3.0,5.534884929656982,0.0,11.413346290588379
C,2,4,2024-07-05,2024-08-02,6.0,4.196193218231201,0.0,10.074654579162598
C,2,4,2024-07-12,2024-08-09,9.0,4.124629974365234,0.0,10.003091812133789
C,2,4,2024-07-19,2024-08-16,0.0,1.6127480268478394,0.0,7.491209506988525
C,2,4,2024-07-26,2024-08-23,2.0,1.3335061073303223,0.0,7.211967468261719
C,2,4,2024-08-02,2024-08-30,0.0,2.6288232803344727,0.0,8.507284164428711
C,2,4,2024-08-09,2024-09-06,0.0,5.263906955718994,0.0,11.14236831665039
C,2,4,2024-08-16,2024-09-13,5.0,4.491390705108643,0.0,10.369852066040039
C,2,4,2024-08-23,2024-09-20,6.0,2.5749123096466064,0.0,7.450282096862793
C,2,4,2024-08-30,2024-09-27,0.0,2.960068941116333,0.0,7.8354387283325195
C,2,4,2024-09-06,2024-10-04,2.0,4.716351509094238,0.0,9.591721534729004
C,2,4,2024-09-13,2024-10-11,2.0,2.794809579849243,0.0,7.67017936706543
C,2,4,2024-09-20,2024-10-18,0.0,1.371425747871399,0.0,6.246795654296875
C,2,4,2024-09-27,2024-10-25,2.0,1.8319157361984253,0.0,6.7072858810424805
C,2,4,2024-10-04,2024-11-01,1.0,0.6184606552124023,0.0,5.493830680847168
C,2,4,2024-10-11,2024-11-08,4.0,0.6142803430557251,0.0,5.489650249481201
C,2,4,2024-10-18,2024-11-15,1.0,0.7249718904495239,0.0,5.600341796875
C,2,4,2024-10-25,2024-11-22,0.0,0.33397120237350464,0.0,5.209341049194336
C,2,4,2024-11-01,2024-11-29,0.0,0.27688324451446533,0.0,5.152253150939941
C,2,4,2024-11-08,2024-12-06,0.0,0.4466913342475891,0.0,5.322061538696289
C,2,4,2024-11-15,2024-12-13,0.0,0.4428730010986328,0.0,5.318243026733398
C,2,4,2024-11-22,2024-12-20,0.0,0.34996694326400757,0.0,5.225337028503418
C,2,4,2024-11-29,2024-12-27,1.0,0.2542518377304077,0.0,5.129621982574463
C,2,4,2024-12-06,2025-01-03,0.0,0.21398311853408813,0.0,5.089353084564209
C,2,4,2024-12-13,2025-01-10,0.0,0.4114461839199066,0.0,5.286816120147705
C,2,4,2024-12-20,2025-01-17,1.0,0.2837129533290863,0.0,5.159082889556885
C,2,4,2024-12-27,2025-01-24,0.0,0.28446075320243835,0.0,5.159830570220947
C,2,4,2025-01-03,2025-01-31,0.0,0.20393848419189453,0.0,5.07930850982666
C,2,4,2025-01-10,2025-02-07,0.0,0.24656403064727783,0.0,5.121933937072754
C,2,4,2025-01-17,2025-02-14,0.0,0.18089759349822998,0.0,5.056267738342285
C,2,4,2025-01-24,2025-02-21,0.0,0.16760751605033875,0.0,5.042977333068848
C,2,4,2025-01-31,2025-02-28,0.0,0.1326337307691574,0.0,5.0080037117004395
C,2,4,2025-02-07,2025-03-07,0.0,0.13164404034614563,0.0,5.007014274597168
C,2,4,2025-02-14,2025-03-14,0.0,0.11818262934684753,0.0,4.9935526847839355
C,2,4,2025-02-21,2025-03-21,1.0,0.11613495647907257,0.0,4.991505146026611
C,2,4,2025-02-28,2025-03-28,0.0,0.09910617768764496,0.0,4.974476337432861
C,2,4,2025-03-07,2025-04-04,1.0,0.11949273943901062,0.0,4.9948625564575195
C,2,4,2025-03-14,2025-04-11,0.0,0.10632429271936417,0.0,4.981694221496582
C,2,4,2025-03-21,2025-04-18,0.0,0.12308723479509354,0.0,4.998457431793213
C,2,4,2025-03-28,2025-04-25,1.0,0.16509416699409485,0.0,5.040464401245117
C,2,4,2025-04-04,2025-05-02,1.0,0.28828147053718567,0.0,5.163651466369629
C,2,4,2025-04-11,2025-05-09,0.0,0.5899927020072937,0.0,5.465362548828125
C,2,4,2025-04-18,2025-05-16,3.0,0.6228808760643005,0.0,5.498250961303711
C,2,4,2025-04-25,2025-05-23,0.0,0.8881089687347412,0.0,5.763479232788086
C,2,4,2025-05-02,2025-05-30,0.0,0.6979407668113708,0.0,5.573310852050781
C,2,4,2025-05-09,2025-06-06,0.0,0.9689870476722717,0.0,5.844357013702393
C,2,4,2025-05-16,2025-06-13,1.0,1.0646671056747437,0.0,5.940037250518799
C,2,4,2025-05-23,2025-06-20,3.0,1.5375580787658691,0.0,6.412928104400635
C,2,4,2025-05-30,2025-06-27,2.0,1.5695689916610718,0.0,6.444939136505127
C,2,4,2025-06-06,2025-07-04,2.0,1.084429383277893,0.0,5.959799289703369
C,2,4,2025-06-13,2025-07-11,3.0,3.05029034614563,0.0,7.925660133361816
C,2,4,2025-06-20,2025-07-18,3.0,6.3324503898620605,0.0,11.207820892333984
C,2,4,2025-06-27,2025-07-25,8.0,6.40856409072876,0.0,11.283933639526367
C,2,4,2025-07-04,2025-08-01,26.0,6.780998706817627,0.0,11.656368255615234
C,2,4,2025-07-11,2025-08-08,16.0,2.418581485748291,0.0,7.293951511383057
C,2,4,2025-07-18,2025-08-15,0.0,1.9375406503677368,0.0,6.812910556793213
C,2,4,2025-07-25,2025-08-22,3.0,1.6327483654022217,0.0,6.508118629455566
C,2,4,2025-08-01,2025-08-29,1.0,2.3823251724243164,0.0,7.257695198059082
C,2,4,2025-08-08,2025-09-05,,4.558514595031738,0.0,9.433884620666504
C,2,4,2025-08-15,2025-09-12,,6.078117370605469,0.8142104148864746,25.297119140625
C,2,4,2025-08-22,2025-09-19,,4.9747538566589355,0.0,24.193756103515625
C,2,8,2023-02-17,2023-04-14,0.0,0.06968846172094345,0.0,2.3658807277679443
C,2,8,2023-02-24,2023-04-21,0.0,0.05986795574426651,0.0,2.356060028076172
C,2,8,2023-03-03,2023-04-28,0.0,0.07464161515235901,0.0,2.3708338737487793
C,2,8,2023-03-10,2023-05-05,0.0,0.049701377749443054,0.0,2.345893621444702
C,2,8,2023-03-17,2023-05-12,0.0,0.0674058347940445,0.0,2.363598108291626
C,2,8,2023-03-24,2023-05-19,0.0,0.05233892798423767,0.0,2.3485310077667236
C,2,8,2023-03-31,2023-05-26,0.0,0.06267699599266052,0.0,2.3588690757751465
C,2,8,2023-04-07,2023-06-02,1.0,0.07701210677623749,0.0,2.373204231262207
C,2,8,2023-04-14,2023-06-09,1.0,0.1256488561630249,0.0,2.4218411445617676
C,2,8,2023-04-21,2023-06-16,0.0,0.1518717110157013,0.0,2.448063850402832
C,2,8,2023-04-28,2023-06-23,2.0,0.2745056450366974,0.0,2.570697784423828
C,2,8,2023-05-05,2023-06-30,0.0,0.6137570142745972,0.0,2.90994930267334
C,2,8,2023-05-12,2023-07-07,0.0,1.5555652379989624,0.0,3.851757526397705
C,2,8,2023-05-19,2023-07-14,0.0,1.1133650541305542,0.0,3.409557342529297
C,2,8,2023-05-26,2023-07-21,1.0,1.4257978200912476,0.0,3.7219901084899902
C,2,8,2023-06-02,2023-07-28,2.0,2.628473997116089,0.0,4.924666404724121
C,2,8,2023-06-09,2023-08-04,4.0,4.792791366577148,1.7826323509216309,7.088983535766602
C,2,8,2023-06-16,2023-08-11,11.0,5.886352062225342,2.876193046569824,8.182544708251953
C,2,8,2023-06-23,2023-08-18,2.0,2.9363510608673096,0.0,5.232542991638184
C,2,8,2023-06-30,2023-08-25,0.0,2.7346136569976807,0.0,5.030805587768555
C,2,8,2023-07-07,2023-09-01,1.0,1.5894911289215088,0.0,3.885683298110962
C,2,8,2023-07-14,2023-09-08,3.0,2.0950539112091064,0.10619592666625977,4.3912458419799805
C,2,8,2023-07-21,2023-09-15,7.0,2.366507053375244,0.8109418153762817,4.662699222564697
C,2,8,2023-07-28,2023-09-22,4.0,5.4509663581848145,3.8954010009765625,7.747158527374268
C,2,8,2023-08-04,2023-09-29,2.0,8.199033737182617,6.643468379974365,10.49522590637207
C,2,8,2023-08-11,2023-10-06,0.0,8.865224838256836,7.309659481048584,11.161417007446289
C,2,8,2023-08-18,2023-10-13,0.0,5.583449363708496,4.027884006500244,7.879641532897949
C,2,8,2023-08-25,2023-10-20,1.0,1.534249186515808,0.0,6.647897243499756
C,2,8,2023-09-01,2023-10-27,1.0,1.6028034687042236,0.04723823070526123,6.716451644897461
C,2,8,2023-09-08,2023-11-03,1.0,1.8988163471221924,0.0,7.01246452331543
C,2,8,2023-09-15,2023-11-10,2.0,4.67445182800293,1.939838171005249,9.78809928894043
C,2,8,2023-09-22,2023-11-17,0.0,2.270904064178467,0.0,7.384552001953125
C,2,8,2023-09-29,2023-11-24,0.0,0.7935450673103333,0.0,5.907193183898926
C,2,8,2023-10-06,2023-12-01,0.0,0.5838963985443115,0.0,5.697544097900391
C,2,8,2023-10-13,2023-12-08,1.0,0.935009241104126,0.0,6.048657417297363
C,2,8,2023-10-20,2023-12-15,0.0,1.46330988407135,0.0,6.576957702636719
C,2,8,2023-10-27,2023-12-22,1.0,0.5890972018241882,0.0,5.702744960784912
C,2,8,2023-11-03,2023-12-29,2.0,0.3486069142818451,0.0,5.462255001068115
C,2,8,2023-11-10,2024-01-05,0.0,0.30564743280410767,0.0,5.419295310974121
C,2,8,2023-11-17,2024-01-12,1.0,0.30781233310699463,0.0,5.421460151672363
C,2,8,2023-11-24,2024-01-19,0.0,0.5114613771438599,0.0,5.6251091957092285
C,2,8,2023-12-01,2024-01-26,0.0,0.596533477306366,0.0,5.71018123626709
C,2,8,2023-12-08,2024-02-02,0.0,0.7104439735412598,0.0,5.824091911315918
C,2,8,2023-12-15,2024-02-09,0.0,1.5268691778182983,0.0,6.640517234802246
C,2,8,2023-12-22,2024-02-16,0.0,0.5638211369514465,0.0,5.677469253540039
C,2,8,2023-12-29,2024-02-23,0.0,0.09380032867193222,0.0,5.207448482513428
C,2,8,2024-01-05,2024-03-01,0.0,0.13193418085575104,0.0,5.245582103729248
C,2,8,2024-01-12,2024-03-08,0.0,0.28796839714050293,0.0,5.401616096496582
C,2,8,2024-01-19,2024-03-15,0.0,0.17212828993797302,0.0,5.285776138305664
C,2,8,2024-01-26,2024-03-22,0.0,0.09958615154027939,0.0,5.213233947753906
C,2,8,2024-02-02,2024-03-29,0.0,0.0951627716422081,0.0,5.208810806274414
C,2,8,2024-02-09,2024-04-05,0.0,0.03828186169266701,0.0,5.15192985534668
C,2,8,2024-02-16,2024-04-12,1.0,0.015735868364572525,0.0,5.1293840408325195
C,2,8,2024-02-23,2024-04-19,0.0,0.06794106960296631,0.0,5.181589126586914
C,2,8,2024-03-01,2024-04-26,0.0,0.12827563285827637,0.0,5.2419233322143555
C,2,8,2024-03-08,2024-05-03,1.0,0.10919325053691864,0.0,5.222841262817383
C,2,8,2024-03-15,2024-05-10,0.0,0.24991947412490845,0.0,5.363567352294922
C,2,8,2024-03-22,2024-05-17,0.0,0.9941490292549133,0.0,6.107797145843506
C,2,8,2024-03-29,2024-05-24,0.0,2.22795033454895,0.0,7.3415985107421875
C,2,8,2024-04-05,2024-05-31,0.0,2.727271795272827,0.0,7.840919494628906
C,2,8,2024-04-12,2024-06-07,2.0,1.1760406494140625,0.0,6.289688587188721
C,2,8,2024-04-19,2024-06-14,2.0,0.5743070840835571,0.0,5.687954902648926
C,2,8,2024-04-26,2024-06-21,0.0,1.2749589681625366,0.0,6.388607025146484
C,2,8,2024-05-03,2024-06-28,0.0,1.0677475929260254,0.0,6.181395530700684
C,2,8,2024-05-10,2024-07-05,0.0,1.4037874937057495,0.0,6.517435550689697
C,2,8,2024-05-17,2024-07-12,1.0,1.824853777885437,0.0,6.938501834869385
C,2,8,2024-05-24,2024-07-19,0.0,2.6330630779266357,0.0,7.746710777282715
C,2,8,2024-05-31,2024-07-26,3.0,1.8579564094543457,0.0,6.971604347229004
C,2,8,2024-06-07,2024-08-02,6.0,2.5405147075653076,0.0,7.654162406921387
C,2,8,2024-06-14,2024-08-09,9.0,3.0973362922668457,0.0,8.210984230041504
C,2,8,2024-06-21,2024-08-16,0.0,2.324599027633667,0.0,7.438246726989746
C,2,8,2024-06-28,2024-08-23,2.0,2.077887535095215,0.0,7.191535472869873
C,2,8,2024-07-05,2024-08-30,0.0,2.9394099712371826,0.0,8.053057670593262
C,2,8,2024-07-12,2024-09-06,0.0,5.26867151260376,0.0,10.382319450378418
C,2,8,2024-07-19,2024-09-13,5.0,5.296551704406738,0.0,10.410200119018555
C,2,8,2024-07-26,2024-09-20,6.0,4.34429931640625,0.0,9.45794677734375
C,2,8,2024-08-02,2024-09-27,0.0,5.102080821990967,0.0,10.215728759765625
C,2,8,2024-08-09,2024-10-04,2.0,9.801380157470703,0.9361553192138672,14.915027618408203
C,2,8,2024-08-16,2024-10-11,2.0,2.62021541595459,0.0,7.733863353729248
C,2,8,2024-08-23,2024-10-18,0.0,1.3458102941513062,0.0,7.24847412109375
C,2,8,2024-08-30,2024-10-25,2.0,1.734560251235962,0.0,7.637224197387695
C,2,8,2024-09-06,2024-11-01,1.0,1.7328211069107056,0.0,7.63548469543457
C,2,8,2024-09-13,2024-11-08,4.0,2.128340005874634,0.0,8.031003952026367
C,2,8,2024-09-20,2024-11-15,1.0,0.7018204927444458,0.0,6.6044840812683105
C,2,8,2024-09-27,2024-11-22,0.0,0.27582570910453796,0.0,6.1784892082214355
C,2,8,2024-10-04,2024-11-29,0.0,0.1940748393535614,0.0,6.096738338470459
C,2,8,2024-10-11,2024-12-06,0.0,0.1543664038181305,0.0,6.057030200958252
C,2,8,2024-10-18,2024-12-13,0.0,0.3444627821445465,0.0,6.247126579284668
C,2,8,2024-10-25,2024-12-20,0.0,0.4678107500076294,0.0,6.370474338531494
C,2,8,2024-11-01,2024-12-27,1.0,0.387581467628479,0.0,6.290245056152344
C,2,8,2024-11-08,2025-01-03,0.0,0.2271418571472168,0.0,6.129805564880371
C,2,8,2024-11-15,2025-01-10,0.0,0.40311968326568604,0.0,6.305783271789551
C,2,8,2024-11-22,2025-01-17,1.0,0.163843035697937,0.0,6.066506862640381
C,2,8,2024-11-29,2025-01-24,0.0,0.12402775883674622,0.0,6.026691436767578
C,2,8,2024-12-06,2025-01-31,0.0,0.35311561822891235,0.0,6.255779266357422
C,2,8,2024-12-13,2025-02-07,0.0,0.727730393409729,0.0,6.630393981933594
C,2,8,2024-12-20,2025-02-14,0.0,0.27996116876602173,0.0,6.182624816894531
C,2,8,2024-12-27,2025-02-21,0.0,0.1772046685218811,0.0,6.079868316650391
C,2,8,2025-01-03,2025-02-28,0.0,0.15791237354278564,0.0,6.06057596206665
C,2,8,2025-01-10,2025-03-07,0.0,0.12238901108503342,0.0,6.025052547454834
C,2,8,2025-01-17,2025-03-14,0.0,0.07738000154495239,0.0,5.980043888092041
C,2,8,2025-01-24,2025-03-21,1.0,0.07568877935409546,0.0,5.9783525466918945
C,2,8,2025-01-31,2025-03-28,0.0,0.11006626486778259,0.0,6.012730121612549
C,2,8,2025-02-07,2025-04-04,1.0,0.07942395657300949,0.0,5.9820876121521
C,2,8,2025-02-14,2025-04-11,0.0,0.0436282604932785,0.0,5.946291923522949
C,2,8,2025-02-21,2025-04-18,0.0,0.0466778501868248,0.0,5.949341773986816
C,2,8,2025-02-28,2025-04-25,1.0,0.07611291110515594,0.0,5.978776454925537
C,2,8,2025-03-07,2025-05-02,1.0,0.05407337844371796,0.0,5.956737041473389
C,2,8,2025-03-14,2025-05-09,0.0,0.04222980886697769,0.0,5.9448933601379395
C,2,8,2025-03-21,2025-05-16,3.0,0.10776569694280624,0.0,6.010429382324219
C,2,8,2025-03-28,2025-05-23,0.0,0.21097323298454285,0.0,6.1136369705200195
C,2,8,2025-04-04,2025-05-30,0.0,0.14835500717163086,0.0,6.051018714904785
C,2,8,2025-04-11,2025-06-06,0.0,0.5918890237808228,0.0,6.4945526123046875
C,2,8,2025-04-18,2025-06-13,1.0,0.5220568180084229,0.0,6.424720764160156
C,2,8,2025-04-25,2025-06-20,3.0,1.2674490213394165,0.0,7.170112609863281
C,2,8,2025-05-02,2025-06-27,2.0,1.4664067029953003,0.0,7.369070529937744
C,2,8,2025-05-09,2025-07-04,2.0,1.3995862007141113,0.0,7.302249908447266
C,2,8,2025-05-16,2025-07-11,3.0,3.0603413581848145,0.0,8.963005065917969
C,2,8,2025-05-23,2025-07-18,3.0,2.9407496452331543,0.0,8.843413352966309
C,2,8,2025-05-30,2025-07-25,8.0,3.137600898742676,0.0,9.040264129638672
C,2,8,2025-06-06,2025-08-01,26.0,3.676131010055542,0.0,9.578794479370117
C,2,8,2025-06-13,2025-08-08,16.0,2.160521984100342,0.0,8.063185691833496
C,2,8,2025-06-20,2025-08-15,0.0,1.9810912609100342,0.0,7.883754730224609
C,2,8,2025-06-27,2025-08-22,3.0,1.911813497543335,0.0,7.81447696685791
C,2,8,2025-07-04,2025-08-29,1.0,1.1511547565460205,0.0,7.053818702697754
C,2,8,2025-07-11,2025-09-05,,1.109692096710205,0.0,7.012355804443359
C,2,8,2025-07-18,2025-09-12,,1.7911659479141235,0.0,7.693829536437988
C,2,8,2025-07-25,2025-09-19,,2.897852897644043,0.0,8.800516128540039
C,2,8,2025-08-01,2025-09-26,,3.027212381362915,0.0,8.929876327514648
C,2,8,2025-08-08,2025-10-03,,3.696643114089966,0.0,9.5993070602417
C,2,8,2025-08-15,2025-10-10,,1.4123467206954956,0.0,23.736215591430664
C,2,8,2025-08-22,2025-10-17,,1.8803354501724243,0.0,24.204204559326172
C,2,12,2023-02-17,2023-05-12,0.0,0.11339818686246872,0.0,1.512248158454895
C,2,12,2023-02-24,2023-05-19,0.0,0.13851235806941986,0.0,1.5373623371124268
C,2,12,2023-03-03,2023-05-26,0.0,0.11258570849895477,0.0,1.511435627937317
C,2,12,2023-03-10,2023-06-02,1.0,0.16994014382362366,0.0,1.568790078163147
C,2,12,2023-03-17,2023-06-09,1.0,0.18542920053005219,0.0,1.584279179573059
C,2,12,2023-03-24,2023-06-16,0.0,0.24728059768676758,0.0,1.6461305618286133
C,2,12,2023-03-31,2023-06-23,2.0,0.419516921043396,0.0,1.8183668851852417
C,2,12,2023-04-07,2023-06-30,0.0,0.4602222144603729,0.0,1.859072208404541
C,2,12,2023-04-14,2023-07-07,0.0,0.7959180474281311,0.0,2.194767951965332
C,2,12,2023-04-21,2023-07-14,0.0,1.4297034740447998,0.0,2.8285534381866455
C,2,12,2023-04-28,2023-07-21,1.0,2.2112462520599365,0.0,3.6100962162017822
C,2,12,2023-05-05,2023-07-28,2.0,2.4660348892211914,0.0,3.864884853363037
C,2,12,2023-05-12,2023-08-04,4.0,3.4134068489074707,0.0,4.812256813049316
C,2,12,2023-05-19,2023-08-11,11.0,3.6971871852874756,0.0,5.096036911010742
C,2,12,2023-05-26,2023-08-18,2.0,3.3535726070404053,0.0,4.752422332763672
C,2,12,2023-06-02,2023-08-25,0.0,6.227199554443359,0.0,7.626049518585205
C,2,12,2023-06-09,2023-09-01,1.0,4.277624607086182,0.0,5.676474571228027
C,2,12,2023-06-16,2023-09-08,3.0,3.9513251781463623,0.0,5.350174903869629
C,2,12,2023-06-23,2023-09-15,7.0,3.0190176963806152,0.0,4.417867660522461
C,2,12,2023-06-30,2023-09-22,4.0,3.921692132949829,0.0,5.320542335510254
C,2,12,2023-07-07,2023-09-29,2.0,2.9847114086151123,0.0,4.565194606781006
C,2,12,2023-07-14,2023-10-06,0.0,2.0653164386749268,0.0,3.6457996368408203
C,2,12,2023-07-21,2023-10-13,0.0,0.6978709101676941,0.0,2.2783539295196533
C,2,12,2023-07-28,2023-10-20,1.0,0.96742844581604,0.0,2.5479116439819336
C,2,12,2023-08-04,2023-10-27,1.0,2.123706102371216,0.0,3.7041893005371094
C,2,12,2023-08-11,2023-11-03,1.0,2.7528979778289795,0.0,4.333381175994873
C,2,12,2023-08-18,2023-11-10,2.0,3.452758312225342,0.0,5.033241271972656
C,2,12,2023-08-25,2023-11-17,0.0,1.2652029991149902,0.0,8.568016052246094
C,2,12,2023-09-01,2023-11-24,0.0,0.5881900787353516,0.0,7.891002655029297
C,2,12,2023-09-08,2023-12-01,0.0,0.9455814957618713,0.0,8.248394012451172
C,2,12,2023-09-15,2023-12-08,1.0,1.4389232397079468,0.0,8.741735458374023
C,2,12,2023-09-22,2023-12-15,0.0,2.1168010234832764,0.0,9.4196138381958
C,2,12,2023-09-29,2023-12-22,1.0,1.7465476989746094,0.0,9.049360275268555
C,2,12,2023-10-06,2023-12-29,2.0,0.8184126019477844,0.0,8.121225357055664
C,2,12,2023-10-13,2024-01-05,0.0,0.37608838081359863,0.0,7.678900718688965
C,2,12,2023-10-20,2024-01-12,1.0,0.396518349647522,0.0,7.699330806732178
C,2,12,2023-10-27,2024-01-19,0.0,0.39368948340415955,0.0,7.696502208709717
C,2,12,2023-11-03,2024-01-26,0.0,0.47348690032958984,0.0,7.776299476623535
C,2,12,2023-11-10,2024-02-02,0.0,0.33258500695228577,0.0,7.635397434234619
C,2,12,2023-11-17,2024-02-09,0.0,0.2334105223417282,0.0,7.5362229347229
C,2,12,2023-11-24,2024-02-16,0.0,0.48469722270965576,0.0,7.787509918212891
C,2,12,2023-12-01,2024-02-23,0.0,0.43996819853782654,0.0,7.742780685424805
C,2,12,2023-12-08,2024-03-01,0.0,0.8442306518554688,0.0,8.147043228149414
C,2,12,2023-12-15,2024-03-08,0.0,1.0500375032424927,0.0,8.352849960327148
C,2,12,2023-12-22,2024-03-15,0.0,0.6319775581359863,0.0,7.934790134429932
C,2,12,2023-12-29,2024-03-22,0.0,0.5136817693710327,0.0,7.816494464874268
C,2,12,2024-01-05,2024-03-29,0.0,0.3182162344455719,0.0,7.621028900146484
C,2,12,2024-01-12,2024-04-05,0.0,0.181331068277359,0.0,7.4841437339782715
C,2,12,2024-01-19,2024-04-12,1.0,0.16283267736434937,0.0,7.4656453132629395
C,2,12,2024-01-26,2024-04-19,0.0,0.1661885529756546,0.0,7.469001293182373
C,2,12,2024-02-02,2024-04-26,0.0,0.15707698464393616,0.0,7.4598894119262695
C,2,12,2024-02-09,2024-05-03,1.0,0.13237912952899933,0.0,7.435191631317139
C,2,12,2024-02-16,2024-05-10,0.0,0.11498604714870453,0.0,7.4177985191345215
C,2,12,2024-02-23,2024-05-17,0.0,0.17201770842075348,0.0,7.474830150604248
C,2,12,2024-03-01,2024-05-24,0.0,0.29813218116760254,0.0,7.600944519042969
C,2,12,2024-03-08,2024-05-31,0.0,0.6796492338180542,0.0,7.982461929321289
C,2,12,2024-03-15,2024-06-07,2.0,1.0693984031677246,0.0,8.372211456298828
C,2,12,2024-03-22,2024-06-14,2.0,1.881170392036438,0.0,9.183982849121094
C,2,12,2024-03-29,2024-06-21,0.0,2.4804272651672363,0.0,9.783239364624023
C,2,12,2024-04-05,2024-06-28,0.0,2.16451096534729,0.0,9.467323303222656
C,2,12,2024-04-12,2024-07-05,0.0,2.186453104019165,0.0,9.489265441894531
C,2,12,2024-04-19,2024-07-12,1.0,1.2932863235473633,0.0,8.596098899841309
C,2,12,2024-04-26,2024-07-19,0.0,1.8194398880004883,0.0,9.122252464294434
C,2,12,2024-05-03,2024-07-26,3.0,1.7115124464035034,0.0,9.014325141906738
C,2,12,2024-05-10,2024-08-02,6.0,2.25075626373291,0.0,9.553568840026855
C,2,12,2024-05-17,2024-08-09,9.0,3.9202868938446045,0.0,11.223099708557129
C,2,12,2024-05-24,2024-08-16,0.0,4.534541606903076,0.0,11.83735466003418
C,2,12,2024-05-31,2024-08-23,2.0,4.231086254119873,0.0,11.533899307250977
C,2,12,2024-06-07,2024-08-30,0.0,6.0671820640563965,0.0,13.3699951171875
C,2,12,2024-06-14,2024-09-06,0.0,8.81755256652832,2.590353012084961,16.120365142822266
C,2,12,2024-06-21,2024-09-13,5.0,6.443284034729004,0.21608448028564453,13.74609661102295
C,2,12,2024-06-28,2024-09-20,6.0,4.531416416168213,0.0,11.834228515625
C,2,12,2024-07-05,2024-09-27,0.0,3.4880709648132324,0.0,10.790884017944336
C,2,12,2024-07-12,2024-10-04,2.0,3.511019229888916,0.0,10.813831329345703
C,2,12,2024-07-19,2024-10-11,2.0,1.6517300605773926,0.0,8.95454216003418
C,2,12,2024-07-26,2024-10-18,0.0,1.3592870235443115,0.0,8.662099838256836
C,2,12,2024-08-02,2024-10-25,2.0,1.3659745454788208,0.0,8.668787002563477
C,2,12,2024-08-09,2024-11-01,1.0,2.875885248184204,0.0,10.17869758605957
C,2,12,2024-08-16,2024-11-08,4.0,3.650292158126831,0.0,10.953104972839355
C,2,12,2024-08-23,2024-11-15,1.0,1.396838903427124,0.0,6.4765520095825195
C,2,12,2024-08-30,2024-11-22,0.0,0.5148447751998901,0.0,5.594557762145996
C,2,12,2024-09-06,2024-11-29,0.0,1.0059818029403687,0.0,6.085694789886475
C,2,12,2024-09-13,2024-12-06,0.0,0.7422383427619934,0.0,5.821951389312744
C,2,12,2024-09-20,2024-12-13,0.0,0.457736074924469,0.0,5.537448883056641
C,2,12,2024-09-27,2024-12-20,0.0,0.5372676253318787,0.0,5.61698055267334
C,2,12,2024-10-04,2024-12-27,1.0,0.32996422052383423,0.0,5.409677028656006
C,2,12,2024-10-11,2025-01-03,0.0,0.0973433256149292,0.0,5.177056312561035
C,2,12,2024-10-18,2025-01-10,0.0,0.17855492234230042,0.0,5.258267879486084
C,2,12,2024-10-25,2025-01-17,1.0,0.12991613149642944,0.0,5.209629058837891
C,2,12,2024-11-01,2025-01-24,0.0,0.12957347929477692,0.0,5.209286212921143
C,2,12,2024-11-08,2025-01-31,0.0,0.26973557472229004,0.0,5.349448204040527
C,2,12,2024-11-15,2025-02-07,0.0,0.34298470616340637,0.0,5.4226975440979
C,2,12,2024-11-22,2025-02-14,0.0,0.07042863965034485,0.0,5.150141716003418
C,2,12,2024-11-29,2025-02-21,0.0,0.0859086811542511,0.0,5.165621757507324
C,2,12,2024-12-06,2025-02-28,0.0,0.13326025009155273,0.0,5.212973117828369
C,2,12,2024-12-13,2025-03-07,0.0,0.21429622173309326,0.0,5.294009208679199
C,2,12,2024-12-20,2025-03-14,0.0,0.16858524084091187,0.0,5.248298168182373
C,2,12,2024-12-27,2025-03-21,1.0,0.15293779969215393,0.0,5.2326507568359375
C,2,12,2025-01-03,2025-03-28,0.0,0.1451491117477417,0.0,5.224862098693848
C,2,12,2025-01-10,2025-04-04,1.0,0.10300800204277039,0.0,5.18272066116333
C,2,12,2025-01-17,2025-04-11,0.0,0.051059290766716,0.0,5.130772113800049
C,2,12,2025-01-24,2025-04-18,0.0,0.10698488354682922,0.0,5.186697959899902
C,2,12,2025-01-31,2025-04-25,1.0,0.13022656738758087,0.0,5.209939479827881
C,2,12,2025-02-07,2025-05-02,1.0,0.08799958974123001,0.0,5.167712688446045
C,2,12,2025-02-14,2025-05-09,0.0,0.09956537932157516,0.0,5.179278373718262
C,2,12,2025-02-21,2025-05-16,3.0,0.10028230398893356,0.0,5.179995059967041
C,2,12,2025-02-28,2025-05-23,0.0,0.10001814365386963,0.0,5.1797308921813965
C,2,12,2025-03-07,2025-05-30,0.0,0.13342440128326416,0.0,5.213137149810791
C,2,12,2025-03-14,2025-06-06,0.0,0.1533483862876892,0.0,5.23306131362915
C,2,12,2025-03-21,2025-06-13,1.0,0.17659854888916016,0.0,5.256311416625977
C,2,12,2025-03-28,2025-06-20,3.0,0.8843792676925659,0.0,5.964092254638672
C,2,12,2025-04-04,2025-06-27,2.0,1.8105350732803345,0.0,6.890247821807861
C,2,12,2025-04-11,2025-07-04,2.0,2.2912003993988037,0.0,7.370913505554199
C,2,12,2025-04-18,2025-07-11,3.0,1.9688241481781006,0.0,7.048537254333496
C,2,12,2025-04-25,2025-07-18,3.0,3.1480460166931152,0.0,8.227758407592773
C,2,12,2025-05-02,2025-07-25,8.0,3.723395586013794,0.0,8.803108215332031
C,2,12,2025-05-09,2025-08-01,26.0,4.526996612548828,0.0,9.606709480285645
C,2,12,2025-05-16,2025-08-08,16.0,5.244705677032471,0.0,10.324419021606445
C,2,12,2025-05-23,2025-08-15,0.0,5.412914752960205,0.0,10.49262809753418
C,2,12,2025-05-30,2025-08-22,3.0,5.616576671600342,0.0,10.6962890625
C,2,12,2025-06-06,2025-08-29,1.0,3.882310152053833,0.0,8.96202278137207
C,2,12,2025-06-13,2025-09-05,,4.56133508682251,0.0,9.641048431396484
C,2,12,2025-06-20,2025-09-12,,8.773127555847168,0.0,13.852840423583984
C,2,12,2025-06-27,2025-09-19,,6.883135795593262,0.0,11.962848663330078
C,2,12,2025-07-04,2025-09-26,,1.2379549741744995,0.0,6.3176679611206055
C,2,12,2025-07-11,2025-10-03,,0.9222307205200195,0.0,6.001943588256836
C,2,12,2025-07-18,2025-10-10,,0.4808990955352783,0.0,5.560611724853516
C,2,12,2025-07-25,2025-10-17,,0.5773081183433533,0.0,5.6570210456848145
C,2,12,2025-08-01,2025-10-24,,1.2902339696884155,0.0,6.3699469566345215
C,2,12,2025-08-08,2025-10-31,,2.3338723182678223,0.0,7.413585186004639
C,2,12,2025-08-15,2025-11-07,,5.038999080657959,0.0,26.51200294494629
C,2,12,2025-08-22,2025-11-14,,2.812356948852539,0.0,24.28536033630371
D,3,1,2023-02-17,2023-02-24,0.0,0.0,0.0,1.0
D,3,1,2023-02-24,2023-03-03,0.0,0.0,0.0,1.0
D,3,1,2023-03-03,2023-03-10,0.0,0.0,0.0,1.0
D,3,1,2023-03-10,2023-03-17,0.0,0.0,0.0,1.0
D,3,1,2023-03-17,2023-03-24,0.0,0.0,0.0,1.0
D,3,1,2023-03-24,2023-03-31,0.0,0.0,0.0,1.0
D,3,1,2023-03-31,2023-04-07,0.0,0.0,0.0,1.0
D,3,1,2023-04-07,2023-04-14,0.0,0.0,0.0,1.0
D,3,1,2023-04-14,2023-04-21,0.0,0.0,0.0,1.0
D,3,1,2023-04-21,2023-04-28,0.0,0.0,0.0,1.0
D,3,1,2023-04-28,2023-05-05,0.0,0.0,0.0,1.0
D,3,1,2023-05-05,2023-05-12,0.0,0.0,0.0,1.0
D,3,1,2023-05-12,2023-05-19,1.0,0.0,0.0,1.0
D,3,1,2023-05-19,2023-05-26,0.0,0.0,0.0,1.0
D,3,1,2023-05-26,2023-06-02,0.0,0.0,0.0,1.0
D,3,1,2023-06-02,2023-06-09,0.0,0.0,0.0,1.0
D,3,1,2023-06-09,2023-06-16,1.0,0.0,0.0,1.0
D,3,1,2023-06-16,2023-06-23,0.0,0.0,0.0,1.0
D,3,1,2023-06-23,2023-06-30,0.0,0.0,0.0,1.0
D,3,1,2023-06-30,2023-07-07,0.0,0.0,0.0,1.0
D,3,1,2023-07-07,2023-07-14,0.0,0.0,0.0,1.0
D,3,1,2023-07-14,2023-07-21,0.0,0.0,0.0,1.0
D,3,1,2023-07-21,2023-07-28,0.0,0.0,0.0,1.0
D,3,1,2023-07-28,2023-08-04,1.0,0.0,0.0,1.0
D,3,1,2023-08-04,2023-08-11,1.0,0.0,0.0,1.0
D,3,1,2023-08-11,2023-08-18,0.0,0.0,0.0,1.0
D,3,1,2023-08-18,2023-08-25,0.0,0.0,0.0,1.0
D,3,1,2023-08-25,2023-09-01,0.0,0.0,0.0,1.0
D,3,1,2023-09-01,2023-09-08,0.0,0.0,0.0,1.0
D,3,1,2023-09-08,2023-09-15,1.0,0.0,0.0,1.0
D,3,1,2023-09-15,2023-09-22,0.0,0.0,0.0,1.0
D,3,1,2023-09-22,2023-09-29,0.0,0.0,0.0,1.0
D,3,1,2023-09-29,2023-10-06,0.0,0.0,0.0,1.0
D,3,1,2023-10-06,2023-10-13,0.0,0.0,0.0,1.0
D,3,1,2023-10-13,2023-10-20,0.0,0.0,0.0,1.0
D,3,1,2023-10-20,2023-10-27,0.0,0.0,0.0,1.0
D,3,1,2023-10-27,2023-11-03,1.0,0.0,0.0,1.0
D,3,1,2023-11-03,2023-11-10,0.0,0.0,0.0,1.0
D,3,1,2023-11-10,2023-11-17,0.0,0.0,0.0,1.0
D,3,1,2023-11-17,2023-11-24,0.0,0.0,0.0,1.0
D,3,1,2023-11-24,2023-12-01,0.0,0.0,0.0,1.0
D,3,1,2023-12-01,2023-12-08,0.0,0.0,0.0,1.0
D,3,1,2023-12-08,2023-12-15,0.0,0.0,0.0,1.0
D,3,1,2023-12-15,2023-12-22,0.0,0.0,0.0,1.0
D,3,1,2023-12-22,2023-12-29,0.0,0.0,0.0,1.0
D,3,1,2023-12-29,2024-01-05,0.0,0.0,0.0,1.0
D,3,1,2024-01-05,2024-01-12,0.0,0.0,0.0,1.0
D,3,1,2024-01-12,2024-01-19,0.0,0.0,0.0,1.0
D,3,1,2024-01-19,2024-01-26,0.0,0.0,0.0,1.0
D,3,1,2024-01-26,2024-02-02,0.0,0.0,0.0,1.0
D,3,1,2024-02-02,2024-02-09,0.0,0.0,0.0,1.0
D,3,1,2024-02-09,2024-02-16,0.0,0.0,0.0,1.0
D,3,1,2024-02-16,2024-02-23,0.0,0.0,0.0,1.0
D,3,1,2024-02-23,2024-03-01,0.0,0.0,0.0,1.0
D,3,1,2024-03-01,2024-03-08,0.0,0.0,0.0,1.0
D,3,1,2024-03-08,2024-03-15,0.0,0.0,0.0,1.0
D,3,1,2024-03-15,2024-03-22,0.0,0.0,0.0,1.0
D,3,1,2024-03-22,2024-03-29,0.0,0.0,0.0,1.0
D,3,1,2024-03-29,2024-04-05,0.0,0.0,0.0,1.0
D,3,1,2024-04-05,2024-04-12,0.0,0.0,0.0,1.0
D,3,1,2024-04-12,2024-04-19,0.0,0.0,0.0,1.0
D,3,1,2024-04-19,2024-04-26,0.0,0.0,0.0,1.0
D,3,1,2024-04-26,2024-05-03,0.0,0.0,0.0,1.0
D,3,1,2024-05-03,2024-05-10,0.0,0.0,0.0,1.0
D,3,1,2024-05-10,2024-05-17,0.0,0.0,0.0,1.0
D,3,1,2024-05-17,2024-05-24,0.0,0.0,0.0,1.0
D,3,1,2024-05-24,2024-05-31,0.0,0.0,0.0,1.0
D,3,1,2024-05-31,2024-06-07,1.0,0.0,0.0,1.0
D,3,1,2024-06-07,2024-06-14,0.0,0.0,0.0,1.0
D,3,1,2024-06-14,2024-06-21,0.0,0.0,0.0,1.0
D,3,1,2024-06-21,2024-06-28,0.0,0.0,0.0,1.0
D,3,1,2024-06-28,2024-07-05,0.0,0.0,0.0,1.0
D,3,1,2024-07-05,2024-07-12,0.0,0.0,0.0,1.0
D,3,1,2024-07-12,2024-07-19,0.0,0.0,0.0,1.0
D,3,1,2024-07-19,2024-07-26,1.0,0.0,0.0,1.0
D,3,1,2024-07-26,2024-08-02,0.0,0.0,0.0,1.0
D,3,1,2024-08-02,2024-08-09,2.0,0.0,0.0,1.0
D,3,1,2024-08-09,2024-08-16,1.0,0.0,0.0,1.0
D,3,1,2024-08-16,2024-08-23,1.0,0.0,0.0,1.0
D,3,1,2024-08-23,2024-08-30,0.0,0.0,0.0,2.0
D,3,1,2024-08-30,2024-09-06,0.0,0.0,0.0,2.0
D,3,1,2024-09-06,2024-09-13,0.0,0.0,0.0,2.0
D,3,1,2024-09-13,2024-09-20,2.0,0.0,0.0,2.0
D,3,1,2024-09-20,2024-09-27,1.0,0.0,0.0,2.0
D,3,1,2024-09-27,2024-10-04,2.0,0.0,0.0,2.0
D,3,1,2024-10-04,2024-10-11,0.0,0.0,0.0,2.0
D,3,1,2024-10-11,2024-10-18,0.0,0.0,0.0,2.0
D,3,1,2024-10-18,2024-10-25,0.0,0.0,0.0,2.0
D,3,1,2024-10-25,2024-11-01,0.0,0.0,0.0,2.0
D,3,1,2024-11-01,2024-11-08,1.0,0.0,0.0,2.0
D,3,1,2024-11-08,2024-11-15,0.0,0.0,0.0,2.0
D,3,1,2024-11-15,2024-11-22,0.0,0.0,0.0,2.0
D,3,1,2024-11-22,2024-11-29,0.0,0.0,0.0,2.0
D,3,1,2024-11-29,2024-12-06,0.0,0.0,0.0,2.0
D,3,1,2024-12-06,2024-12-13,0.0,0.0,0.0,2.0
D,3,1,2024-12-13,2024-12-20,0.0,0.0,0.0,2.0
D,3,1,2024-12-20,2024-12-27,0.0,0.0,0.0,2.0
D,3,1,2024-12-27,2025-01-03,0.0,0.0,0.0,2.0
D,3,1,2025-01-03,2025-01-10,0.0,0.0,0.0,2.0
D,3,1,2025-01-10,2025-01-17,0.0,0.0,0.0,2.0
D,3,1,2025-01-17,2025-01-24,0.0,0.0,0.0,2.0
D,3,1,2025-01-24,2025-01-31,0.0,0.0,0.0,2.0
D,3,1,2025-01-31,2025-02-07,0.0,0.0,0.0,2.0
D,3,1,2025-02-07,2025-02-14,0.0,0.0,0.0,2.0
D,3,1,2025-02-14,2025-02-21,0.0,0.0,0.0,2.0
D,3,1,2025-02-21,2025-02-28,1.0,0.0,0.0,2.0
D,3,1,2025-02-28,2025-03-07,0.0,0.0,0.0,2.0
D,3,1,2025-03-07,2025-03-14,0.0,0.0,0.0,2.0
D,3,1,2025-03-14,2025-03-21,0.0,0.0,0.0,2.0
D,3,1,2025-03-21,2025-03-28,0.0,0.0,0.0,2.0
D,3,1,2025-03-28,2025-04-04,0.0,0.0,0.0,2.0
D,3,1,2025-04-04,2025-04-11,0.0,0.0,0.0,2.0
D,3,1,2025-04-11,2025-04-18,1.0,0.0,0.0,2.0
D,3,1,2025-04-18,2025-04-25,0.0,0.0,0.0,2.0
D,3,1,2025-04-25,2025-05-02,0.0,0.0,0.0,2.0
D,3,1,2025-05-02,2025-05-09,0.0,0.0,0.0,2.0
D,3,1,2025-05-09,2025-05-16,0.0,0.0,0.0,2.0
D,3,1,2025-05-16,2025-05-23,0.0,0.0,0.0,2.0
D,3,1,2025-05-23,2025-05-30,0.0,0.0,0.0,2.0
D,3,1,2025-05-30,2025-06-06,0.0,0.0,0.0,2.0
D,3,1,2025-06-06,2025-06-13,0.0,0.0,0.0,2.0
D,3,1,2025-06-13,2025-06-20,0.0,0.0,0.0,2.0
D,3,1,2025-06-20,2025-06-27,1.0,0.0,0.0,2.0
D,3,1,2025-06-27,2025-07-04,0.0,0.0,0.0,2.0
D,3,1,2025-07-04,2025-07-11,2.0,0.0,0.0,2.0
D,3,1,2025-07-11,2025-07-18,2.0,0.0,0.0,2.0
D,3,1,2025-07-18,2025-07-25,0.0,0.0,0.0,2.0
D,3,1,2025-07-25,2025-08-01,6.0,0.0,0.0,2.0
D,3,1,2025-08-01,2025-08-08,2.0,0.0,0.0,2.0
D,3,1,2025-08-08,2025-08-15,0.0,0.0,0.0,2.0
D,3,1,2025-08-15,2025-08-22,0.0,0.0,0.0,6.0
D,3,1,2025-08-22,2025-08-29,0.0,0.0,0.0,6.0
D,3,2,2023-02-17,2023-03-03,0.0,0.055464841425418854,0.0,0.9826840162277222
D,3,2,2023-02-24,2023-03-10,0.0,0.05019007623195648,0.0,0.9774092435836792
D,3,2,2023-03-03,2023-03-17,0.0,0.04412241280078888,0.0,0.9713415503501892
D,3,2,2023-03-10,2023-03-24,0.0,0.055590830743312836,0.0,0.9828099608421326
D,3,2,2023-03-17,2023-03-31,0.0,0.06108605116605759,0.0,0.9883052110671997
D,3,2,2023-03-24,2023-04-07,0.0,0.056692272424697876,0.0,0.983911395072937
D,3,2,2023-03-31,2023-04-14,0.0,0.05523084104061127,0.0,0.982450008392334
D,3,2,2023-04-07,2023-04-21,0.0,0.054103054106235504,0.0,0.9813222289085388
D,3,2,2023-04-14,2023-04-28,0.0,0.0417494997382164,0.0,0.9689686298370361
D,3,2,2023-04-21,2023-05-05,0.0,0.04986003786325455,0.0,0.9770792126655579
D,3,2,2023-04-28,2023-05-12,0.0,0.0748930349946022,0.0,1.0021121501922607
D,3,2,2023-05-05,2023-05-19,1.0,0.08454293757677078,0.0,1.0117621421813965
D,3,2,2023-05-12,2023-05-26,0.0,0.0962318480014801,0.0,1.0234509706497192
D,3,2,2023-05-19,2023-06-02,0.0,0.09470895677804947,0.0,1.021928071975708
D,3,2,2023-05-26,2023-06-09,0.0,0.16390368342399597,0.0,1.0911228656768799
D,3,2,2023-06-02,2023-06-16,1.0,0.1526385247707367,0.0,1.0798577070236206
D,3,2,2023-06-09,2023-06-23,0.0,0.3423081040382385,0.11183419823646545,1.2695271968841553
D,3,2,2023-06-16,2023-06-30,0.0,0.19691696763038635,0.0,1.1241360902786255
D,3,2,2023-06-23,2023-07-07,0.0,0.14728939533233643,0.0,1.074508547782898
D,3,2,2023-06-30,2023-07-14,0.0,0.13753652572631836,0.0,1.0647556781768799
D,3,2,2023-07-07,2023-07-21,0.0,0.13877400755882263,0.0,1.0659931898117065
D,3,2,2023-07-14,2023-07-28,0.0,0.1944962441921234,0.0,1.1217154264450073
D,3,2,2023-07-21,2023-08-04,1.0,0.19824060797691345,0.0,1.1254597902297974
D,3,2,2023-07-28,2023-08-11,1.0,1.0638349056243896,0.7215268015861511,1.9910540580749512
D,3,2,2023-08-04,2023-08-18,0.0,0.7387315034866333,0.3964233994483948,1.6659506559371948
D,3,2,2023-08-11,2023-08-25,0.0,0.2592490315437317,0.0,1.1864681243896484
D,3,2,2023-08-18,2023-09-01,0.0,0.27275848388671875,0.0,1.1999776363372803
D,3,2,2023-08-25,2023-09-08,0.0,0.25595271587371826,0.0,1.1831718683242798
D,3,2,2023-09-01,2023-09-15,1.0,0.28827840089797974,0.0,1.2154974937438965
D,3,2,2023-09-08,2023-09-22,0.0,0.15888363122940063,0.0,1.0861027240753174
D,3,2,2023-09-15,2023-09-29,0.0,0.1727689802646637,0.0,1.0999881029129028
D,3,2,2023-09-22,2023-10-06,0.0,0.1424693465232849,0.0,1.0696885585784912
D,3,2,2023-09-29,2023-10-13,0.0,0.14247581362724304,0.0,1.0579328536987305
D,3,2,2023-10-06,2023-10-20,0.0,0.08499142527580261,0.0,1.00044846534729
D,3,2,2023-10-13,2023-10-27,0.0,0.060810089111328125,0.0,0.9762671589851379
D,3,2,2023-10-20,2023-11-03,1.0,0.0755448117852211,0.0,0.9910019040107727
D,3,2,2023-10-27,2023-11-10,0.0,0.06500600278377533,0.0,0.9804630875587463
D,3,2,2023-11-03,2023-11-17,0.0,0.04953468590974808,0.0,0.9649917483329773
D,3,2,2023-11-10,2023-11-24,0.0,0.0544060617685318,0.0,0.9698631167411804
D,3,2,2023-11-17,2023-12-01,0.0,0.056330107152462006,0.0,0.9807852506637573
D,3,2,2023-11-24,2023-12-08,0.0,0.04208417981863022,0.0,0.9665393233299255
D,3,2,2023-12-01,2023-12-15,0.0,0.02570313587784767,0.0,0.9501582980155945
D,3,2,2023-12-08,2023-12-22,0.0,0.06317076832056046,0.0,0.9876259565353394
D,3,2,2023-12-15,2023-12-29,0.0,0.06883931159973145,0.0,0.9932944774627686
D,3,2,2023-12-22,2024-01-05,0.0,0.06960555166006088,0.0,0.9940606951713562
D,3,2,2023-12-29,2024-01-12,0.0,0.05771312117576599,0.0,0.9821683168411255
D,3,2,2024-01-05,2024-01-19,0.0,0.04948808252811432,0.0,0.9739432334899902
D,3,2,2024-01-12,2024-01-26,0.0,0.05309484899044037,0.0,0.9775500297546387
D,3,2,2024-01-19,2024-02-02,0.0,0.05695129185914993,0.0,0.9814064502716064
D,3,2,2024-01-26,2024-02-09,0.0,0.06358862668275833,0.0,0.9880437850952148
D,3,2,2024-02-02,2024-02-16,0.0,0.07045727968215942,0.0,0.9949124455451965
D,3,2,2024-02-09,2024-02-23,0.0,0.06976587325334549,0.0,0.994221031665802
D,3,2,2024-02-16,2024-03-01,0.0,0.06343304365873337,0.0,0.9878882169723511
D,3,2,2024-02-23,2024-03-08,0.0,0.05659264326095581,0.0,0.9810478091239929
D,3,2,2024-03-01,2024-03-15,0.0,0.06368368119001389,0.0,0.9881388545036316
D,3,2,2024-03-08,2024-03-22,0.0,0.04890831559896469,0.0,0.97336345911026
D,3,2,2024-03-15,2024-03-29,0.0,0.05197936296463013,0.0,0.9764345288276672
D,3,2,2024-03-22,2024-04-05,0.0,0.052992381155490875,0.0,0.9774475693702698
D,3,2,2024-03-29,2024-04-12,0.0,0.05748122185468674,0.0,0.9819363951683044
D,3,2,2024-04-05,2024-04-19,0.0,0.07837826013565063,0.0,1.002833366394043
D,3,2,2024-04-12,2024-04-26,0.0,0.07762757688760757,0.0,1.0020827054977417
D,3,2,2024-04-19,2024-05-03,0.0,0.059130601584911346,0.0,0.983585774898529
D,3,2,2024-04-26,2024-05-10,0.0,0.08539953082799911,0.0,1.0098546743392944
D,3,2,2024-05-03,2024-05-17,0.0,0.09516759216785431,0.0,1.019622802734375
D,3,2,2024-05-10,2024-05-24,0.0,0.1424640417098999,0.0,1.066919207572937
D,3,2,2024-05-17,2024-05-31,0.0,0.17188769578933716,0.0,1.0963428020477295
D,3,2,2024-05-24,2024-06-07,1.0,0.5244678854942322,0.0,1.448923110961914
D,3,2,2024-05-31,2024-06-14,0.0,0.2462558150291443,0.0,1.1707110404968262
D,3,2,2024-06-07,2024-06-21,0.0,0.3674282133579254,0.0,1.2918833494186401
D,3,2,2024-06-14,2024-06-28,0.0,0.46660515666007996,0.0,1.3910603523254395
D,3,2,2024-06-21,2024-07-05,0.0,0.4528345465660095,0.0,1.3772897720336914
D,3,2,2024-06-28,2024-07-12,0.0,0.3911014199256897,0.0,1.315556526184082
D,3,2,2024-07-05,2024-07-19,0.0,0.2938437759876251,0.0,1.2182989120483398
D,3,2,2024-07-12,2024-07-26,1.0,0.21963870525360107,0.0,1.1440938711166382
D,3,2,2024-07-19,2024-08-02,0.0,1.0995877981185913,0.360856294631958,2.024043083190918
D,3,2,2024-07-26,2024-08-09,2.0,0.3226040005683899,0.0,1.2470591068267822
D,3,2,2024-08-02,2024-08-16,1.0,0.24445250630378723,0.0,1.168907642364502
D,3,2,2024-08-09,2024-08-23,1.0,0.21521523594856262,0.0,1.1396703720092773
D,3,2,2024-08-16,2024-08-30,0.0,0.2203129529953003,0.0,1.1447681188583374
D,3,2,2024-08-23,2024-09-06,0.0,0.1883678436279297,0.0,1.8657639026641846
D,3,2,2024-08-30,2024-09-13,0.0,0.5451733469963074,0.0,2.222569465637207
D,3,2,2024-09-06,2024-09-20,2.0,0.5731812715530396,0.0,2.250577449798584
D,3,2,2024-09-13,2024-09-27,1.0,0.2807657718658447,0.0,1.9581618309020996
D,3,2,2024-09-20,2024-10-04,2.0,0.103378064930439,0.0,1.7807741165161133
D,3,2,2024-09-27,2024-10-11,0.0,0.44127464294433594,0.0,2.118670701980591
D,3,2,2024-10-04,2024-10-18,0.0,0.10440366715192795,0.0,1.7817996740341187
D,3,2,2024-10-11,2024-10-25,0.0,0.08492100238800049,0.0,1.7623170614242554
D,3,2,2024-10-18,2024-11-01,0.0,0.09868799895048141,0.0,1.9953099489212036
D,3,2,2024-10-25,2024-11-08,1.0,0.13347885012626648,0.0,2.0301008224487305
D,3,2,2024-11-01,2024-11-15,0.0,0.033535197377204895,0.0,1.93015718460083
D,3,2,2024-11-08,2024-11-22,0.0,0.07282352447509766,0.0,1.9694454669952393
D,3,2,2024-11-15,2024-11-29,0.0,0.07009922713041306,0.0,1.9667211771011353
D,3,2,2024-11-22,2024-12-06,0.0,0.06276165693998337,0.0,1.9593836069107056
D,3,2,2024-11-29,2024-12-13,0.0,0.05090995132923126,0.0,1.9475319385528564
D,3,2,2024-12-06,2024-12-20,0.0,0.039030522108078,0.0,1.935652494430542
D,3,2,2024-12-13,2024-12-27,0.0,0.04256390780210495,0.0,1.9391858577728271
D,3,2,2024-12-20,2025-01-03,0.0,0.04745987802743912,0.0,1.9440817832946777
D,3,2,2024-12-27,2025-01-10,0.0,0.060033902525901794,0.0,1.9566558599472046
D,3,2,2025-01-03,2025-01-17,0.0,0.07127480208873749,0.0,1.9678966999053955
D,3,2,2025-01-10,2025-01-24,0.0,0.06828966736793518,0.0,1.9649115800857544
D,3,2,2025-01-17,2025-01-31,0.0,0.07023243606090546,0.0,1.9668543338775635
D,3,2,2025-01-24,2025-02-07,0.0,0.06864459067583084,0.0,1.9652665853500366
D,3,2,2025-01-31,2025-02-14,0.0,0.0658712089061737,0.0,1.9624931812286377
D,3,2,2025-02-07,2025-02-21,0.0,0.0586189404129982,0.0,1.9552408456802368
D,3,2,2025-02-14,2025-02-28,1.0,0.062367796897888184,0.0,1.9589897394180298
D,3,2,2025-02-21,2025-03-07,0.0,0.05423896014690399,0.0,1.950860857963562
D,3,2,2025-02-28,2025-03-14,0.0,0.058768026530742645,0.0,1.9553899765014648
D,3,2,2025-03-07,2025-03-21,0.0,0.04021686315536499,0.0,1.9368388652801514
D,3,2,2025-03-14,2025-03-28,0.0,0.043139152228832245,0.0,1.9397610425949097
D,3,2,2025-03-21,2025-04-04,0.0,0.04774646461009979,0.0,1.9443683624267578
D,3,2,2025-03-28,2025-04-11,0.0,0.07564365118741989,0.0,1.972265601158142
D,3,2,2025-04-04,2025-04-18,1.0,0.0829535648226738,0.0,1.979575514793396
D,3,2,2025-04-11,2025-04-25,0.0,0.09493351727724075,0.0,1.9915554523468018
D,3,2,2025-04-18,2025-05-02,0.0,0.07177188247442245,0.0,1.9683938026428223
D,3,2,2025-04-25,2025-05-09,0.0,0.091473788022995,0.0,1.988095760345459
D,3,2,2025-05-02,2025-05-16,0.0,0.07820810377597809,0.0,1.9748300313949585
D,3,2,2025-05-09,2025-05-23,0.0,0.07663577049970627,0.0,1.9732576608657837
D,3,2,2025-05-16,2025-05-30,0.0,0.1329207420349121,0.0,2.0295426845550537
D,3,2,2025-05-23,2025-06-06,0.0,0.25602585077285767,0.0,2.1526477336883545
D,3,2,2025-05-30,2025-06-13,0.0,0.3652656674385071,0.0,2.261887550354004
D,3,2,2025-06-06,2025-06-20,0.0,0.5688942670822144,0.0,2.4655160903930664
D,3,2,2025-06-13,2025-06-27,1.0,0.237748920917511,0.0,2.134370803833008
D,3,2,2025-06-20,2025-07-04,0.0,0.17409098148345947,0.0,2.0707130432128906
D,3,2,2025-06-27,2025-07-11,2.0,0.2034807801246643,0.0,2.100102663040161
D,3,2,2025-07-04,2025-07-18,2.0,0.658890426158905,0.0,2.5555124282836914
D,3,2,2025-07-11,2025-07-25,0.0,1.7701656818389893,0.670577883720398,3.666787624359131
D,3,2,2025-07-18,2025-08-01,6.0,4.171224594116211,3.07163667678833,6.067846298217773
D,3,2,2025-07-25,2025-08-08,2.0,2.252119302749634,1.1525315046310425,4.148741245269775
D,3,2,2025-08-01,2025-08-15,0.0,0.5016621947288513,0.0,2.3982841968536377
D,3,2,2025-08-08,2025-08-22,0.0,0.23665285110473633,0.0,2.133274793624878
D,3,2,2025-08-15,2025-08-29,0.0,0.25700658559799194,0.0,2.1536285877227783
D,3,2,2025-08-22,2025-09-05,,0.3609919250011444,0.0,2.2576138973236084
D,3,4,2023-02-17,2023-03-17,0.0,0.09845836460590363,0.0,0.917585551738739
D,3,4,2023-02-24,2023-03-24,0.0,0.10083140432834625,0.0,0.9199585914611816
D,3,4,2023-03-03,2023-03-31,0.0,0.09686116874217987,0.0,0.9159883856773376
D,3,4,2023-03-10,2023-04-07,0.0,0.09871798008680344,0.0,0.9178451895713806
D,3,4,2023-03-17,2023-04-14,0.0,0.09989676624536514,0.0,0.9190239906311035
D,3,4,2023-03-24,2023-04-21,0.0,0.10551707446575165,0.0,0.9246442914009094
D,3,4,2023-03-31,2023-04-28,0.0,0.10926485061645508,0.0,0.9283920526504517
D,3,4,2023-04-07,2023-05-05,0.0,0.10644595324993134,0.0,0.9255731701850891
D,3,4,2023-04-14,2023-05-12,0.0,0.11183395981788635,0.0,0.9309611320495605
D,3,4,2023-04-21,2023-05-19,1.0,0.12385287135839462,0.0,0.9429800510406494
D,3,4,2023-04-28,2023-05-26,0.0,0.15498971939086914,0.0,0.9741169214248657
D,3,4,2023-05-05,2023-06-02,0.0,0.24349921941757202,0.0,1.0626263618469238
D,3,4,2023-05-12,2023-06-09,0.0,0.19927629828453064,0.0,1.0184035301208496
D,3,4,2023-05-19,2023-06-16,1.0,0.17590728402137756,0.0,0.9950344562530518
D,3,4,2023-05-26,2023-06-23,0.0,0.2606828510761261,0.0,1.0798100233078003
D,3,4,2023-06-02,2023-06-30,0.0,0.4751399755477905,0.0,1.3512871265411377
D,3,4,2023-06-09,2023-07-07,0.0,0.5566505789756775,0.0,1.4327976703643799
D,3,4,2023-06-16,2023-07-14,0.0,0.8960323333740234,0.0,1.7721794843673706
D,3,4,2023-06-23,2023-07-21,0.0,1.5269718170166016,0.21953248977661133,2.4031190872192383
D,3,4,2023-06-30,2023-07-28,0.0,0.7373777627944946,0.0,1.6135249137878418
D,3,4,2023-07-07,2023-08-04,1.0,0.728674054145813,0.0,1.6048212051391602
D,3,4,2023-07-14,2023-08-11,1.0,1.1779751777648926,0.0,2.0541224479675293
D,3,4,2023-07-21,2023-08-18,0.0,0.40881332755088806,0.0,1.2849605083465576
D,3,4,2023-07-28,2023-08-25,0.0,0.5288621783256531,0.0,1.4050092697143555
D,3,4,2023-08-04,2023-09-01,0.0,0.40725839138031006,0.0,1.2834055423736572
D,3,4,2023-08-11,2023-09-08,0.0,0.5552977919578552,0.0,1.4314448833465576
D,3,4,2023-08-18,2023-09-15,1.0,0.935391902923584,0.0,1.8115390539169312
D,3,4,2023-08-25,2023-09-22,0.0,0.48060309886932373,0.0,1.356750249862671
D,3,4,2023-09-01,2023-09-29,0.0,0.33645474910736084,0.0,1.212601900100708
D,3,4,2023-09-08,2023-10-06,0.0,0.5026752352714539,0.0,1.3788223266601562
D,3,4,2023-09-15,2023-10-13,0.0,0.7361295223236084,0.0,1.6122766733169556
D,3,4,2023-09-22,2023-10-20,0.0,0.6770561337471008,0.0,1.5532033443450928
D,3,4,2023-09-29,2023-10-27,0.0,0.34409844875335693,0.0,1.220245599746704
D,3,4,2023-10-06,2023-11-03,1.0,0.20839449763298035,0.0,1.08454167842865
D,3,4,2023-10-13,2023-11-10,0.0,0.27690616250038147,0.0,1.1530532836914062
D,3,4,2023-10-20,2023-11-17,0.0,0.21570536494255066,0.0,1.0918525457382202
D,3,4,2023-10-27,2023-11-24,0.0,0.1705056130886078,0.0,1.0466527938842773
D,3,4,2023-11-03,2023-12-01,0.0,0.18125194311141968,0.0,1.057399034500122
D,3,4,2023-11-10,2023-12-08,0.0,0.17245176434516907,0.0,1.0485988855361938
D,3,4,2023-11-17,2023-12-15,0.0,0.15481004118919373,0.0,1.0309572219848633
D,3,4,2023-11-24,2023-12-22,0.0,0.1287607103586197,0.0,1.0049078464508057
D,3,4,2023-12-01,2023-12-29,0.0,0.12420671433210373,0.0,1.0003538131713867
D,3,4,2023-12-08,2024-01-05,0.0,0.14580711722373962,0.0,1.0219542980194092
D,3,4,2023-12-15,2024-01-12,0.0,0.13798359036445618,0.0,1.014130711555481
D,3,4,2023-12-22,2024-01-19,0.0,0.13037729263305664,0.0,1.0065244436264038
D,3,4,2023-12-29,2024-01-26,0.0,0.11440078914165497,0.0,0.9905479550361633
D,3,4,2024-01-05,2024-02-02,0.0,0.10433216392993927,0.0,0.9804793000221252
D,3,4,2024-01-12,2024-02-09,0.0,0.10735011845827103,0.0,0.9834972620010376
D,3,4,2024-01-19,2024-02-16,0.0,0.1053803488612175,0.0,0.9815275073051453
D,3,4,2024-01-26,2024-02-23,0.0,0.10197566449642181,0.0,0.9781228303909302
D,3,4,2024-02-02,2024-03-01,0.0,0.10046445578336716,0.0,0.9766116142272949
D,3,4,2024-02-09,2024-03-08,0.0,0.10193061828613281,0.0,0.97807776927948
D,3,4,2024-02-16,2024-03-15,0.0,0.10299850255250931,0.0,0.9791456460952759
D,3,4,2024-02-23,2024-03-22,0.0,0.10456637293100357,0.0,0.9807135462760925
D,3,4,2024-03-01,2024-03-29,0.0,0.10274709761142731,0.0,0.9788942337036133
D,3,4,2024-03-08,2024-04-05,0.0,0.10814516246318817,0.0,0.9842923283576965
D,3,4,2024-03-15,2024-04-12,0.0,0.1057344600558281,0.0,0.9818816184997559
D,3,4,2024-03-22,2024-04-19,0.0,0.11038198322057724,0.0,0.9865291118621826
D,3,4,2024-03-29,2024-04-26,0.0,0.12370942533016205,0.0,0.9998565912246704
D,3,4,2024-04-05,2024-05-03,0.0,0.14982889592647552,0.0,1.0259760618209839
D,3,4,2024-04-12,2024-05-10,0.0,0.1578613817691803,0.0,1.034008502960205
D,3,4,2024-04-19,2024-05-17,0.0,0.1681462675333023,0.0,1.0442934036254883
D,3,4,2024-04-26,2024-05-24,0.0,0.24707040190696716,0.0,1.1232175827026367
D,3,4,2024-05-03,2024-05-31,0.0,0.3880987763404846,0.0,1.2642459869384766
D,3,4,2024-05-10,2024-06-07,1.0,0.6693430542945862,0.0,1.5454902648925781
D,3,4,2024-05-17,2024-06-14,0.0,0.4877158999443054,0.0,1.3638629913330078
D,3,4,2024-05-24,2024-06-21,0.0,0.47457727789878845,0.0,1.350724458694458
D,3,4,2024-05-31,2024-06-28,0.0,0.5968948602676392,0.0,1.420987606048584
D,3,4,2024-06-07,2024-07-05,0.0,1.1541849374771118,0.0,1.9782776832580566
D,3,4,2024-06-14,2024-07-12,0.0,2.6029393672943115,1.07596755027771,3.427031993865967
D,3,4,2024-06-21,2024-07-19,0.0,2.964592695236206,1.4376208782196045,3.7886853218078613
D,3,4,2024-06-28,2024-07-26,1.0,1.9624112844467163,0.43543946743011475,2.754016876220703
D,3,4,2024-07-05,2024-08-02,0.0,1.2268635034561157,0.0,2.0184688568115234
D,3,4,2024-07-12,2024-08-09,2.0,1.2738538980484009,0.0,2.0654592514038086
D,3,4,2024-07-19,2024-08-16,1.0,0.4758766293525696,0.0,1.267482042312622
D,3,4,2024-07-26,2024-08-23,1.0,0.352932870388031,0.0,1.144538402557373
D,3,4,2024-08-02,2024-08-30,0.0,0.6152945756912231,0.0,1.4069000482559204
D,3,4,2024-08-09,2024-09-06,0.0,0.8793034553527832,0.0,1.6709089279174805
D,3,4,2024-08-16,2024-09-13,0.0,0.5799577236175537,0.0,1.371563196182251
D,3,4,2024-08-23,2024-09-20,2.0,0.31098124384880066,0.0,1.1025867462158203
D,3,4,2024-08-30,2024-09-27,1.0,0.3320344388484955,0.0,1.1236399412155151
D,3,4,2024-09-06,2024-10-04,2.0,0.405106782913208,0.0,1.1967122554779053
D,3,4,2024-09-13,2024-10-11,0.0,0.36956119537353516,0.0,1.1611666679382324
D,3,4,2024-09-20,2024-10-18,0.0,0.28265997767448425,0.0,1.074265480041504
D,3,4,2024-09-27,2024-10-25,0.0,0.3071061968803406,0.0,1.0987117290496826
D,3,4,2024-10-04,2024-11-01,0.0,0.22147324681282043,0.0,1.910491943359375
D,3,4,2024-10-11,2024-11-08,1.0,0.2544248104095459,0.0,1.9434435367584229
D,3,4,2024-10-18,2024-11-15,0.0,0.2261841893196106,0.0,1.9152028560638428
D,3,4,2024-10-25,2024-11-22,0.0,0.14830723404884338,0.0,1.837325930595398
D,3,4,2024-11-01,2024-11-29,0.0,0.113678477704525,0.0,1.8026971817016602
D,3,4,2024-11-08,2024-12-06,0.0,0.1604870706796646,0.0,1.8495057821273804
D,3,4,2024-11-15,2024-12-13,0.0,0.21431571245193481,0.0,1.903334379196167
D,3,4,2024-11-22,2024-12-20,0.0,0.1555151641368866,0.0,1.844533920288086
D,3,4,2024-11-29,2024-12-27,0.0,0.12850531935691833,0.0,1.8175240755081177
D,3,4,2024-12-06,2025-01-03,0.0,0.1228838711977005,0.0,1.811902642250061
D,3,4,2024-12-13,2025-01-10,0.0,0.12647098302841187,0.0,1.8154897689819336
D,3,4,2024-12-20,2025-01-17,0.0,0.11847878992557526,0.0,1.807497501373291
D,3,4,2024-12-27,2025-01-24,0.0,0.11983533948659897,0.0,1.808854103088379
D,3,4,2025-01-03,2025-01-31,0.0,0.11497486382722855,0.0,1.803993582725525
D,3,4,2025-01-10,2025-02-07,0.0,0.11881864815950394,0.0,1.8078373670578003
D,3,4,2025-01-17,2025-02-14,0.0,0.1095236986875534,0.0,1.7985423803329468
D,3,4,2025-01-24,2025-02-21,0.0,0.10029293596744537,0.0,1.7893116474151611
D,3,4,2025-01-31,2025-02-28,1.0,0.10169517993927002,0.0,1.790713906288147
D,3,4,2025-02-07,2025-03-07,0.0,0.0993921235203743,0.0,1.7884109020233154
D,3,4,2025-02-14,2025-03-14,0.0,0.10144858062267303,0.0,1.7904672622680664
D,3,4,2025-02-21,2025-03-21,0.0,0.10293810069561005,0.0,1.7919567823410034
D,3,4,2025-02-28,2025-03-28,0.0,0.10429336875677109,0.0,1.7933120727539062
D,3,4,2025-03-07,2025-04-04,0.0,0.11031895875930786,0.0,1.79933762550354
D,3,4,2025-03-14,2025-04-11,0.0,0.10417488217353821,0.0,1.7931935787200928
D,3,4,2025-03-21,2025-04-18,1.0,0.11036748439073563,0.0,1.7993862628936768
D,3,4,2025-03-28,2025-04-25,0.0,0.12897539138793945,0.0,1.8179941177368164
D,3,4,2025-04-04,2025-05-02,0.0,0.1538010537624359,0.0,1.8428198099136353
D,3,4,2025-04-11,2025-05-09,0.0,0.19287222623825073,0.0,1.8818910121917725
D,3,4,2025-04-18,2025-05-16,0.0,0.23103657364845276,0.0,1.9200552701950073
D,3,4,2025-04-25,2025-05-23,0.0,0.312248170375824,0.0,2.0012669563293457
D,3,4,2025-05-02,2025-05-30,0.0,0.26136842370033264,0.0,1.9503871202468872
D,3,4,2025-05-09,2025-06-06,0.0,0.27237582206726074,0.0,1.9613945484161377
D,3,4,2025-05-16,2025-06-13,0.0,0.40221333503723145,0.0,2.0912320613861084
D,3,4,2025-05-23,2025-06-20,0.0,0.4959063231945038,0.0,2.184925079345703
D,3,4,2025-05-30,2025-06-27,1.0,0.40010279417037964,0.0,2.0891215801239014
D,3,4,2025-06-06,2025-07-04,0.0,0.36769965291023254,0.0,2.056718349456787
D,3,4,2025-06-13,2025-07-11,2.0,0.8268567323684692,0.0,2.5158753395080566
D,3,4,2025-06-20,2025-07-18,2.0,1.5522493124008179,0.0,3.2412681579589844
D,3,4,2025-06-27,2025-07-25,0.0,1.6003687381744385,0.0,3.2893874645233154
D,3,4,2025-07-04,2025-08-01,6.0,1.2833925485610962,0.0,2.9724111557006836
D,3,4,2025-07-11,2025-08-08,2.0,0.5115885734558105,0.0,2.2006072998046875
D,3,4,2025-07-18,2025-08-15,0.0,0.5684133172035217,0.0,2.257431983947754
D,3,4,2025-07-25,2025-08-22,0.0,0.4793456494808197,0.0,2.1683642864227295
D,3,4,2025-08-01,2025-08-29,0.0,0.4253405034542084,0.0,2.114359140396118
D,3,4,2025-08-08,2025-09-05,,0.5067562460899353,0.0,2.195775032043457
D,3,4,2025-08-15,2025-09-12,,0.6655795574188232,0.0,5.3821868896484375
D,3,4,2025-08-22,2025-09-19,,0.47845256328582764,0.0,5.1950602531433105
D,3,8,2023-02-17,2023-04-14,0.0,0.09957481175661087,0.0,0.9781962633132935
D,3,8,2023-02-24,2023-04-21,0.0,0.09176890552043915,0.0,0.9703903794288635
D,3,8,2023-03-03,2023-04-28,0.0,0.0983109399676323,0.0,0.9769324064254761
D,3,8,2023-03-10,2023-05-05,0.0,0.09995316714048386,0.0,0.9785746335983276
D,3,8,2023-03-17,2023-05-12,0.0,0.092671237885952,0.0,0.9712926745414734
D,3,8,2023-03-24,2023-05-19,1.0,0.08950658142566681,0.0,0.9681280255317688
D,3,8,2023-03-31,2023-05-26,0.0,0.08473727107048035,0.0,0.9633587598800659
D,3,8,2023-04-07,2023-06-02,0.0,0.08438621461391449,0.0,0.9630076885223389
D,3,8,2023-04-14,2023-06-09,0.0,0.10271742939949036,0.0,0.9813388586044312
D,3,8,2023-04-21,2023-06-16,1.0,0.08777263760566711,0.0,0.9663940668106079
D,3,8,2023-04-28,2023-06-23,0.0,0.08398053050041199,0.0,0.9626020193099976
D,3,8,2023-05-05,2023-06-30,0.0,0.15375372767448425,0.0,1.0323752164840698
D,3,8,2023-05-12,2023-07-07,0.0,0.3466714322566986,0.0,1.2252929210662842
D,3,8,2023-05-19,2023-07-14,0.0,0.3185838758945465,0.0,1.1972053050994873
D,3,8,2023-05-26,2023-07-21,0.0,0.35748210549354553,0.0,1.2361035346984863
D,3,8,2023-06-02,2023-07-28,0.0,0.6016691327095032,0.0,1.5121625661849976
D,3,8,2023-06-09,2023-08-04,1.0,0.9283636212348938,0.0,1.8388570547103882
D,3,8,2023-06-16,2023-08-11,1.0,1.4474910497665405,0.4495766758918762,2.3579845428466797
D,3,8,2023-06-23,2023-08-18,0.0,0.6520891785621643,0.0,1.5625826120376587
D,3,8,2023-06-30,2023-08-25,0.0,0.6449478268623352,0.0,1.5571751594543457
D,3,8,2023-07-07,2023-09-01,0.0,0.3206883668899536,0.0,1.2329157590866089
D,3,8,2023-07-14,2023-09-08,0.0,0.2316996455192566,0.0,1.1439270973205566
D,3,8,2023-07-21,2023-09-15,1.0,0.30998408794403076,0.0,1.222211480140686
D,3,8,2023-07-28,2023-09-22,0.0,0.9460986852645874,0.5994272232055664,1.8583260774612427
D,3,8,2023-08-04,2023-09-29,0.0,1.3517518043518066,0.9942697286605835,2.263979196548462
D,3,8,2023-08-11,2023-10-06,0.0,1.3371273279190063,0.7354581952095032,2.249354839324951
D,3,8,2023-08-18,2023-10-13,0.0,0.5917709469795227,0.0,1.5039982795715332
D,3,8,2023-08-25,2023-10-20,0.0,0.17490792274475098,0.0,1.0871353149414062
D,3,8,2023-09-01,2023-10-27,0.0,0.12303628027439117,0.0,1.0352636575698853
D,3,8,2023-09-08,2023-11-03,1.0,0.17048567533493042,0.0,1.0827131271362305
D,3,8,2023-09-15,2023-11-10,0.0,0.20638027787208557,0.0,1.1186076402664185
D,3,8,2023-09-22,2023-11-17,0.0,0.1706569492816925,0.0,1.0828843116760254
D,3,8,2023-09-29,2023-11-24,0.0,0.08836013078689575,0.0,1.0005874633789062
D,3,8,2023-10-06,2023-12-01,0.0,0.0934453159570694,0.0,1.0056726932525635
D,3,8,2023-10-13,2023-12-08,0.0,0.1526840627193451,0.0,1.0649114847183228
D,3,8,2023-10-20,2023-12-15,0.0,0.301621675491333,0.0,1.2138490676879883
D,3,8,2023-10-27,2023-12-22,0.0,0.148387610912323,0.0,1.060615062713623
D,3,8,2023-11-03,2023-12-29,0.0,0.08163244277238846,0.0,0.9938598275184631
D,3,8,2023-11-10,2024-01-05,0.0,0.08985026925802231,0.0,1.0020776987075806
D,3,8,2023-11-17,2024-01-12,0.0,0.13779762387275696,0.0,1.0500249862670898
D,3,8,2023-11-24,2024-01-19,0.0,0.15299460291862488,0.0,1.0652220249176025
D,3,8,2023-12-01,2024-01-26,0.0,0.13509270548820496,0.0,1.0473201274871826
D,3,8,2023-12-08,2024-02-02,0.0,0.1531538963317871,0.0,1.0653812885284424
D,3,8,2023-12-15,2024-02-09,0.0,0.20541167259216309,0.0,1.1176390647888184
D,3,8,2023-12-22,2024-02-16,0.0,0.1267189383506775,0.0,1.0389463901519775
D,3,8,2023-12-29,2024-02-23,0.0,0.09369274228811264,0.0,1.005920171737671
D,3,8,2024-01-05,2024-03-01,0.0,0.09277256578207016,0.0,1.0049999952316284
D,3,8,2024-01-12,2024-03-08,0.0,0.08833995461463928,0.0,1.0005673170089722
D,3,8,2024-01-19,2024-03-15,0.0,0.06226654350757599,0.0,0.9744939208030701
D,3,8,2024-01-26,2024-03-22,0.0,0.0660405158996582,0.0,0.9782679080963135
D,3,8,2024-02-02,2024-03-29,0.0,0.07091666013002396,0.0,0.9831440448760986
D,3,8,2024-02-09,2024-04-05,0.0,0.0736120417714119,0.0,0.9858394265174866
D,3,8,2024-02-16,2024-04-12,0.0,0.058791905641555786,0.0,0.9710192680358887
D,3,8,2024-02-23,2024-04-19,0.0,0.08933227509260178,0.0,1.0015596151351929
D,3,8,2024-03-01,2024-04-26,0.0,0.1146150678396225,0.0,1.026842474937439
D,3,8,2024-03-08,2024-05-03,0.0,0.11903214454650879,0.0,1.031259536743164
D,3,8,2024-03-15,2024-05-10,0.0,0.1430073380470276,0.0,1.055234670639038
D,3,8,2024-03-22,2024-05-17,0.0,0.1878778636455536,0.0,1.1001052856445312
D,3,8,2024-03-29,2024-05-24,0.0,0.604202151298523,0.0,1.5164295434951782
D,3,8,2024-04-05,2024-05-31,0.0,0.6304267048835754,0.0,1.542654037475586
D,3,8,2024-04-12,2024-06-07,1.0,0.3054184317588806,0.0,1.2176458835601807
D,3,8,2024-04-19,2024-06-14,0.0,0.22635963559150696,0.0,1.1385869979858398
D,3,8,2024-04-26,2024-06-21,0.0,0.4551731050014496,0.0,1.3674005270004272
D,3,8,2024-05-03,2024-06-28,0.0,0.43989890813827515,0.0,1.3521263599395752
D,3,8,2024-05-10,2024-07-05,0.0,0.5552878379821777,0.0,1.467515230178833
D,3,8,2024-05-17,2024-07-12,0.0,0.9036690592765808,0.0,1.8158965110778809
D,3,8,2024-05-24,2024-07-19,0.0,0.8701208829879761,0.0,1.7823482751846313
D,3,8,2024-05-31,2024-07-26,1.0,0.7533472180366516,0.0,1.665574550628662
D,3,8,2024-06-07,2024-08-02,0.0,1.07675039768219,0.0,1.9889777898788452
D,3,8,2024-06-14,2024-08-09,2.0,1.0779054164886475,0.0,1.9901328086853027
D,3,8,2024-06-21,2024-08-16,1.0,0.7951832413673401,0.0,1.7074105739593506
D,3,8,2024-06-28,2024-08-23,1.0,0.5739861130714417,0.0,1.4035004377365112
D,3,8,2024-07-05,2024-08-30,0.0,0.5685460567474365,0.0,1.3980603218078613
D,3,8,2024-07-12,2024-09-06,0.0,0.8632765412330627,0.0,1.6927908658981323
D,3,8,2024-07-19,2024-09-13,0.0,1.529834270477295,0.17808246612548828,2.3593485355377197
D,3,8,2024-07-26,2024-09-20,2.0,0.9326565861701965,0.0,1.7621709108352661
D,3,8,2024-08-02,2024-09-27,1.0,0.6626237630844116,0.0,1.492138147354126
D,3,8,2024-08-09,2024-10-04,2.0,0.6617302894592285,0.0,1.4912445545196533
D,3,8,2024-08-16,2024-10-11,0.0,0.20249998569488525,0.0,1.0320143699645996
D,3,8,2024-08-23,2024-10-18,0.0,0.1877632439136505,0.0,1.1098577976226807
D,3,8,2024-08-30,2024-10-25,0.0,0.21750840544700623,0.0,1.1396030187606812
D,3,8,2024-09-06,2024-11-01,0.0,0.20256754755973816,0.0,1.124662160873413
D,3,8,2024-09-13,2024-11-08,1.0,0.12082356959581375,0.0,1.0429182052612305
D,3,8,2024-09-20,2024-11-15,0.0,0.11863702535629272,0.0,1.04073166847229
D,3,8,2024-09-27,2024-11-22,0.0,0.09901398420333862,0.0,1.021108627319336
D,3,8,2024-10-04,2024-11-29,0.0,0.031538426876068115,0.0,1.0988819599151611
D,3,8,2024-10-11,2024-12-06,0.0,0.06514308601617813,0.0,1.1324865818023682
D,3,8,2024-10-18,2024-12-13,0.0,0.14116829633712769,0.0,1.479438066482544
D,3,8,2024-10-25,2024-12-20,0.0,0.10336362570524216,0.0,1.4416333436965942
D,3,8,2024-11-01,2024-12-27,0.0,0.11675504595041275,0.0,1.4550247192382812
D,3,8,2024-11-08,2025-01-03,0.0,0.1929088532924652,0.0,1.531178593635559
D,3,8,2024-11-15,2025-01-10,0.0,0.11276502162218094,0.0,1.4510347843170166
D,3,8,2024-11-22,2025-01-17,0.0,0.04314717650413513,0.0,1.381416916847229
D,3,8,2024-11-29,2025-01-24,0.0,0.06292271614074707,0.0,1.4011924266815186
D,3,8,2024-12-06,2025-01-31,0.0,0.08858445286750793,0.0,1.426854133605957
D,3,8,2024-12-13,2025-02-07,0.0,0.12291698902845383,0.0,1.4611866474151611
D,3,8,2024-12-20,2025-02-14,0.0,0.09581271559000015,0.0,1.4340823888778687
D,3,8,2024-12-27,2025-02-21,0.0,0.1050754114985466,0.0,1.443345069885254
D,3,8,2025-01-03,2025-02-28,1.0,0.08206530660390854,0.0,1.420335054397583
D,3,8,2025-01-10,2025-03-07,0.0,0.0803299993276596,0.0,1.4185997247695923
D,3,8,2025-01-17,2025-03-14,0.0,0.06625564396381378,0.0,1.4045253992080688
D,3,8,2025-01-24,2025-03-21,0.0,0.08216190338134766,0.0,1.4204316139221191
D,3,8,2025-01-31,2025-03-28,0.0,0.10722842067480087,0.0,1.4454981088638306
D,3,8,2025-02-07,2025-04-04,0.0,0.0805669054389,0.0,1.4188365936279297
D,3,8,2025-02-14,2025-04-11,0.0,0.06953027844429016,0.0,1.4077999591827393
D,3,8,2025-02-21,2025-04-18,1.0,0.08451048284769058,0.0,1.422780156135559
D,3,8,2025-02-28,2025-04-25,0.0,0.10155455023050308,0.0,1.4398242235183716
D,3,8,2025-03-07,2025-05-02,0.0,0.07325677573680878,0.0,1.4115264415740967
D,3,8,2025-03-14,2025-05-09,0.0,0.05232260003685951,0.0,1.390592336654663
D,3,8,2025-03-21,2025-05-16,0.0,0.07069192826747894,0.0,1.4089616537094116
D,3,8,2025-03-28,2025-05-23,0.0,0.08154667168855667,0.0,1.4198163747787476
D,3,8,2025-04-04,2025-05-30,0.0,0.05468670278787613,0.0,1.3929563760757446
D,3,8,2025-04-11,2025-06-06,0.0,0.1209714412689209,0.0,1.4592411518096924
D,3,8,2025-04-18,2025-06-13,0.0,0.1722431182861328,0.0,1.5105128288269043
D,3,8,2025-04-25,2025-06-20,0.0,0.3779013752937317,0.0,1.7161710262298584
D,3,8,2025-05-02,2025-06-27,1.0,0.36779868602752686,0.0,1.7060683965682983
D,3,8,2025-05-09,2025-07-04,0.0,0.40343230962753296,0.0,1.7417020797729492
D,3,8,2025-05-16,2025-07-11,2.0,0.6255853176116943,0.0,1.9638550281524658
D,3,8,2025-05-23,2025-07-18,2.0,0.8380264639854431,0.0,2.1762962341308594
D,3,8,2025-05-30,2025-07-25,0.0,0.7787072062492371,0.0,2.1169769763946533
D,3,8,2025-06-06,2025-08-01,6.0,0.8461824059486389,0.0,2.1844520568847656
D,3,8,2025-06-13,2025-08-08,2.0,0.4337855577468872,0.0,1.7720552682876587
D,3,8,2025-06-20,2025-08-15,0.0,0.4799872636795044,0.0,1.8182569742202759
D,3,8,2025-06-27,2025-08-22,0.0,0.4606304466724396,0.0,1.7989001274108887
D,3,8,2025-07-04,2025-08-29,0.0,0.33561086654663086,0.0,1.6738805770874023
D,3,8,2025-07-11,2025-09-05,,0.4644275903701782,0.0,1.8026973009109497
D,3,8,2025-07-18,2025-09-12,,0.8553232550621033,0.0,2.1935930252075195
D,3,8,2025-07-25,2025-09-19,,0.9398260116577148,0.0,2.3142406940460205
D,3,8,2025-08-01,2025-09-26,,0.3917158246040344,0.0,1.7661304473876953
D,3,8,2025-08-08,2025-10-03,,0.14936822652816772,0.0,1.5237829685211182
D,3,8,2025-08-15,2025-10-10,,0.13130176067352295,0.0,5.285119533538818
D,3,8,2025-08-22,2025-10-17,,0.2054729461669922,0.0,5.359290599822998
D,3,12,2023-02-17,2023-05-12,0.0,0.11203375458717346,0.0,0.4590512216091156
D,3,12,2023-02-24,2023-05-19,1.0,0.13476862013339996,0.0,0.4817860722541809
D,3,12,2023-03-03,2023-05-26,0.0,0.1275612860918045,0.0,0.47457873821258545
D,3,12,2023-03-10,2023-06-02,0.0,0.1479066014289856,0.0,0.49492406845092773
D,3,12,2023-03-17,2023-06-09,0.0,0.1653040647506714,0.0,0.5123215317726135
D,3,12,2023-03-24,2023-06-16,1.0,0.168104887008667,0.0,0.5151223540306091
D,3,12,2023-03-31,2023-06-23,0.0,0.17406345903873444,0.0,0.5210809111595154
D,3,12,2023-04-07,2023-06-30,0.0,0.18392688035964966,0.0,0.5309443473815918
D,3,12,2023-04-14,2023-07-07,0.0,0.20474040508270264,0.0,0.5517578721046448
D,3,12,2023-04-21,2023-07-14,0.0,0.230511873960495,0.0,0.5775293111801147
D,3,12,2023-04-28,2023-07-21,0.0,0.3556693196296692,0.0,0.7026867866516113
D,3,12,2023-05-05,2023-07-28,0.0,0.3730234205722809,0.0,0.7200409173965454
D,3,12,2023-05-12,2023-08-04,1.0,0.5735747218132019,0.0,0.920592188835144
D,3,12,2023-05-19,2023-08-11,1.0,0.4815802574157715,0.0,0.8285977244377136
D,3,12,2023-05-26,2023-08-18,0.0,0.35737645626068115,0.0,0.7043939232826233
D,3,12,2023-06-02,2023-08-25,0.0,0.8663393259048462,0.0,1.7315707206726074
D,3,12,2023-06-09,2023-09-01,0.0,0.47046321630477905,0.0,1.3356945514678955
D,3,12,2023-06-16,2023-09-08,0.0,0.5054564476013184,0.0,1.3706878423690796
D,3,12,2023-06-23,2023-09-15,1.0,0.38787487149238586,0.0,1.2531062364578247
D,3,12,2023-06-30,2023-09-22,0.0,0.4920140206813812,0.0,1.3572454452514648
D,3,12,2023-07-07,2023-09-29,0.0,0.3055416941642761,0.0,1.1707730293273926
D,3,12,2023-07-14,2023-10-06,0.0,0.2545503079891205,0.0,1.119781732559204
D,3,12,2023-07-21,2023-10-13,0.0,0.09379750490188599,0.0,0.9590288996696472
D,3,12,2023-07-28,2023-10-20,0.0,0.20232591032981873,0.0,1.0675573348999023
D,3,12,2023-08-04,2023-10-27,0.0,0.3547491729259491,0.0,1.2199805974960327
D,3,12,2023-08-11,2023-11-03,1.0,0.43156173825263977,0.0,1.2967931032180786
D,3,12,2023-08-18,2023-11-10,0.0,0.4779830276966095,0.0,1.3432143926620483
D,3,12,2023-08-25,2023-11-17,0.0,0.20720714330673218,0.0,1.0724384784698486
D,3,12,2023-09-01,2023-11-24,0.0,0.11061674356460571,0.0,0.9758481383323669
D,3,12,2023-09-08,2023-12-01,0.0,0.1396714597940445,0.0,1.0049028396606445
D,3,12,2023-09-15,2023-12-08,0.0,0.17005318403244019,0.0,1.0352845191955566
D,3,12,2023-09-22,2023-12-15,0.0,0.1800445169210434,0.0,1.0452759265899658
D,3,12,2023-09-29,2023-12-22,0.0,0.15294060111045837,0.0,1.018172025680542
D,3,12,2023-10-06,2023-12-29,0.0,0.06531544029712677,0.0,0.9305468201637268
D,3,12,2023-10-13,2024-01-05,0.0,0.08353658765554428,0.0,0.9487679600715637
D,3,12,2023-10-20,2024-01-12,0.0,0.1454468071460724,0.0,1.0106781721115112
D,3,12,2023-10-27,2024-01-19,0.0,0.1431717723608017,0.0,1.0084031820297241
D,3,12,2023-11-03,2024-01-26,0.0,0.12118883430957794,0.0,0.986420214176178
D,3,12,2023-11-10,2024-02-02,0.0,0.08655840158462524,0.0,0.9517897963523865
D,3,12,2023-11-17,2024-02-09,0.0,0.09336810559034348,0.0,0.9585995078086853
D,3,12,2023-11-24,2024-02-16,0.0,0.1336677372455597,0.0,0.9988991022109985
D,3,12,2023-12-01,2024-02-23,0.0,0.1640743762254715,0.0,1.0293058156967163
D,3,12,2023-12-08,2024-03-01,0.0,0.18737821280956268,0.0,1.0526095628738403
D,3,12,2023-12-15,2024-03-08,0.0,0.19605159759521484,0.0,1.061282992362976
D,3,12,2023-12-22,2024-03-15,0.0,0.15781494975090027,0.0,1.0230463743209839
D,3,12,2023-12-29,2024-03-22,0.0,0.18199950456619263,0.0,1.0472309589385986
D,3,12,2024-01-05,2024-03-29,0.0,0.13315294682979584,0.0,0.9983843564987183
D,3,12,2024-01-12,2024-04-05,0.0,0.10319149494171143,0.0,0.9684228897094727
D,3,12,2024-01-19,2024-04-12,0.0,0.10893163830041885,0.0,0.9741630554199219
D,3,12,2024-01-26,2024-04-19,0.0,0.1101546585559845,0.0,0.9753860235214233
D,3,12,2024-02-02,2024-04-26,0.0,0.12143909931182861,0.0,0.9866704940795898
D,3,12,2024-02-09,2024-05-03,0.0,0.13933812081813812,0.0,1.0045695304870605
D,3,12,2024-02-16,2024-05-10,0.0,0.12521694600582123,0.0,0.9904483556747437
D,3,12,2024-02-23,2024-05-17,0.0,0.15281794965267181,0.0,1.0180493593215942
D,3,12,2024-03-01,2024-05-24,0.0,0.17923210561275482,0.0,1.0444635152816772
D,3,12,2024-03-08,2024-05-31,0.0,0.2224399447441101,0.0,1.0876712799072266
D,3,12,2024-03-15,2024-06-07,1.0,0.2525798976421356,0.0,1.1178113222122192
D,3,12,2024-03-22,2024-06-14,0.0,0.33437854051589966,0.0,1.1996099948883057
D,3,12,2024-03-29,2024-06-21,0.0,0.5063387751579285,0.0,1.371570110321045
D,3,12,2024-04-05,2024-06-28,0.0,0.419426292181015,0.0,1.2846577167510986
D,3,12,2024-04-12,2024-07-05,0.0,0.48359987139701843,0.0,1.348831295967102
D,3,12,2024-04-19,2024-07-12,0.0,0.2663784325122833,0.0,1.1316097974777222
D,3,12,2024-04-26,2024-07-19,0.0,0.46071958541870117,0.0,1.3259509801864624
D,3,12,2024-05-03,2024-07-26,1.0,0.4866276979446411,0.0,1.3518590927124023
D,3,12,2024-05-10,2024-08-02,0.0,0.6852683424949646,0.0,1.550499677658081
D,3,12,2024-05-17,2024-08-09,2.0,1.0905834436416626,0.2242441177368164,1.9558148384094238
D,3,12,2024-05-24,2024-08-16,1.0,1.1684964895248413,0.3021571636199951,2.0337278842926025
D,3,12,2024-05-31,2024-08-23,1.0,1.0515635013580322,0.18522417545318604,1.8834586143493652
D,3,12,2024-06-07,2024-08-30,0.0,1.4248554706573486,0.5585161447525024,2.2567505836486816
D,3,12,2024-06-14,2024-09-06,0.0,2.019460678100586,1.1531213521957397,2.851355791091919
D,3,12,2024-06-21,2024-09-13,0.0,1.6392943859100342,0.772955060005188,2.471189498901367
D,3,12,2024-06-28,2024-09-20,2.0,0.7216997742652893,0.0,1.4691197872161865
D,3,12,2024-07-05,2024-09-27,1.0,0.3881741166114807,0.0,1.135594129562378
D,3,12,2024-07-12,2024-10-04,2.0,0.34603482484817505,0.0,1.0934548377990723
D,3,12,2024-07-19,2024-10-11,0.0,0.3072812855243683,0.0,1.054701328277588
D,3,12,2024-07-26,2024-10-18,0.0,0.3218689262866974,0.0,1.069288969039917
D,3,12,2024-08-02,2024-10-25,0.0,0.29302042722702026,0.0,1.040440559387207
D,3,12,2024-08-09,2024-11-01,0.0,0.30905577540397644,0.0,1.0564758777618408
D,3,12,2024-08-16,2024-11-08,1.0,0.28142762184143066,0.0,1.0288476943969727
D,3,12,2024-08-23,2024-11-15,0.0,0.19979733228683472,0.0,1.1092138290405273
D,3,12,2024-08-30,2024-11-22,0.0,0.11597079783678055,0.0,1.0253874063491821
D,3,12,2024-09-06,2024-11-29,0.0,0.1934473067522049,0.0,1.1028639078140259
D,3,12,2024-09-13,2024-12-06,0.0,0.15984760224819183,0.0,1.0692641735076904
D,3,12,2024-09-20,2024-12-13,0.0,0.14707396924495697,0.0,1.0564905405044556
D,3,12,2024-09-27,2024-12-20,0.0,0.15202437341213226,0.0,1.0614409446716309
D,3,12,2024-10-04,2024-12-27,0.0,0.1620853692293167,0.0,1.4403856992721558
D,3,12,2024-10-11,2025-01-03,0.0,0.12697353959083557,0.0,1.4052737951278687
D,3,12,2024-10-18,2025-01-10,0.0,0.08981652557849884,0.0,1.7437818050384521
D,3,12,2024-10-25,2025-01-17,0.0,0.06378733366727829,0.0,1.7177525758743286
D,3,12,2024-11-01,2025-01-24,0.0,0.09334775805473328,0.0,1.7473130226135254
D,3,12,2024-11-08,2025-01-31,0.0,0.12065112590789795,0.0,1.7746163606643677
D,3,12,2024-11-15,2025-02-07,0.0,0.15216480195522308,0.0,1.806130051612854
D,3,12,2024-11-22,2025-02-14,0.0,0.09690336883068085,0.0,1.750868558883667
D,3,12,2024-11-29,2025-02-21,0.0,0.0582718588411808,0.0,1.7122371196746826
D,3,12,2024-12-06,2025-02-28,1.0,0.058822356164455414,0.0,1.7127876281738281
D,3,12,2024-12-13,2025-03-07,0.0,0.08831655234098434,0.0,1.7422817945480347
D,3,12,2024-12-20,2025-03-14,0.0,0.10466520488262177,0.0,1.758630394935608
D,3,12,2024-12-27,2025-03-21,0.0,0.1312166005373001,0.0,1.7851818799972534
D,3,12,2025-01-03,2025-03-28,0.0,0.12315376847982407,0.0,1.7771190404891968
D,3,12,2025-01-10,2025-04-04,0.0,0.09325209259986877,0.0,1.7472172975540161
D,3,12,2025-01-17,2025-04-11,0.0,0.07043180614709854,0.0,1.72439706325531
D,3,12,2025-01-24,2025-04-18,1.0,0.09458266198635101,0.0,1.748547911643982
D,3,12,2025-01-31,2025-04-25,0.0,0.09074132144451141,0.0,1.7447065114974976
D,3,12,2025-02-07,2025-05-02,0.0,0.08949446678161621,0.0,1.743459701538086
D,3,12,2025-02-14,2025-05-09,0.0,0.10448925942182541,0.0,1.758454442024231
D,3,12,2025-02-21,2025-05-16,0.0,0.10242190957069397,0.0,1.7563871145248413
D,3,12,2025-02-28,2025-05-23,0.0,0.12388008087873459,0.0,1.7778452634811401
D,3,12,2025-03-07,2025-05-30,0.0,0.15989504754543304,0.0,1.813860297203064
D,3,12,2025-03-14,2025-06-06,0.0,0.14597263932228088,0.0,1.7999378442764282
D,3,12,2025-03-21,2025-06-13,0.0,0.14816156029701233,0.0,1.8021267652511597
D,3,12,2025-03-28,2025-06-20,0.0,0.17574188113212585,0.0,1.829707145690918
D,3,12,2025-04-04,2025-06-27,1.0,0.22079896926879883,0.0,1.8747642040252686
D,3,12,2025-04-11,2025-07-04,0.0,0.2786579728126526,0.0,1.9326231479644775
D,3,12,2025-04-18,2025-07-11,2.0,0.341631680727005,0.0,1.9955968856811523
D,3,12,2025-04-25,2025-07-18,2.0,0.49226295948028564,0.0,2.146228313446045
D,3,12,2025-05-02,2025-07-25,0.0,0.658403217792511,0.0,2.312368392944336
D,3,12,2025-05-09,2025-08-01,6.0,0.7315142154693604,0.0,2.38547945022583
D,3,12,2025-05-16,2025-08-08,2.0,0.9552705883979797,0.0,2.6092357635498047
D,3,12,2025-05-23,2025-08-15,0.0,1.1775237321853638,0.0,2.831489086151123
D,3,12,2025-05-30,2025-08-22,0.0,1.0284658670425415,0.0,2.682431221008301
D,3,12,2025-06-06,2025-08-29,0.0,0.836674153804779,0.0,2.4906394481658936
D,3,12,2025-06-13,2025-09-05,,1.0585743188858032,0.0,2.7125396728515625
D,3,12,2025-06-20,2025-09-12,,1.8809243440628052,0.0,3.5348896980285645
D,3,12,2025-06-27,2025-09-19,,1.3885173797607422,0.0,3.042482614517212
D,3,12,2025-07-04,2025-09-26,,0.21792654693126678,0.0,1.871891736984253
D,3,12,2025-07-11,2025-10-03,,0.2256987988948822,0.0,1.8796640634536743
D,3,12,2025-07-18,2025-10-10,,0.3063874840736389,0.0,1.9603526592254639
D,3,12,2025-07-25,2025-10-17,,0.34816816449165344,0.0,2.0065364837646484
D,3,12,2025-08-01,2025-10-24,,0.40256839990615845,0.0,2.060936689376831
D,3,12,2025-08-08,2025-10-31,,0.2964198589324951,0.0,1.9547882080078125
D,3,12,2025-08-15,2025-11-07,,0.2069844752550125,0.0,5.475470542907715
D,3,12,2025-08-22,2025-11-14,,0.179996520280838,0.0,5.448482513427734
E,4,1,2023-02-17,2023-02-24,0.0,0.0,0.0,1.0
E,4,1,2023-02-24,2023-03-03,0.0,0.0,0.0,1.0
E,4,1,2023-03-03,2023-03-10,0.0,0.0,0.0,1.0
E,4,1,2023-03-10,2023-03-17,0.0,0.0,0.0,1.0
E,4,1,2023-03-17,2023-03-24,0.0,0.0,0.0,1.0
E,4,1,2023-03-24,2023-03-31,0.0,0.0,0.0,1.0
E,4,1,2023-03-31,2023-04-07,0.0,0.0,0.0,1.0
E,4,1,2023-04-07,2023-04-14,0.0,0.0,0.0,1.0
E,4,1,2023-04-14,2023-04-21,0.0,0.0,0.0,1.0
E,4,1,2023-04-21,2023-04-28,0.0,0.0,0.0,1.0
E,4,1,2023-04-28,2023-05-05,0.0,0.0,0.0,1.0
E,4,1,2023-05-05,2023-05-12,0.0,0.0,0.0,1.0
E,4,1,2023-05-12,2023-05-19,0.0,0.0,0.0,1.0
E,4,1,2023-05-19,2023-05-26,0.0,0.0,0.0,1.0
E,4,1,2023-05-26,2023-06-02,0.0,0.0,0.0,1.0
E,4,1,2023-06-02,2023-06-09,0.0,0.0,0.0,1.0
E,4,1,2023-06-09,2023-06-16,0.0,0.0,0.0,1.0
E,4,1,2023-06-16,2023-06-23,0.0,0.0,0.0,1.0
E,4,1,2023-06-23,2023-06-30,0.0,0.0,0.0,1.0
E,4,1,2023-06-30,2023-07-07,0.0,0.0,0.0,1.0
E,4,1,2023-07-07,2023-07-14,0.0,0.0,0.0,1.0
E,4,1,2023-07-14,2023-07-21,0.0,0.0,0.0,1.0
E,4,1,2023-07-21,2023-07-28,1.0,0.0,0.0,1.0
E,4,1,2023-07-28,2023-08-04,0.0,0.0,0.0,1.0
E,4,1,2023-08-04,2023-08-11,1.0,0.0,0.0,1.0
E,4,1,2023-08-11,2023-08-18,1.0,0.0,0.0,1.0
E,4,1,2023-08-18,2023-08-25,2.0,0.0,0.0,1.0
E,4,1,2023-08-25,2023-09-01,1.0,0.0,0.0,1.0
E,4,1,2023-09-01,2023-09-08,0.0,0.0,0.0,1.0
E,4,1,2023-09-08,2023-09-15,6.0,0.0,0.0,2.0
E,4,1,2023-09-15,2023-09-22,0.0,0.0,0.0,2.0
E,4,1,2023-09-22,2023-09-29,0.0,0.0,0.0,2.0
E,4,1,2023-09-29,2023-10-06,1.0,0.0,0.0,6.0
E,4,1,2023-10-06,2023-10-13,0.0,0.0,0.0,6.0
E,4,1,2023-10-13,2023-10-20,0.0,0.0,0.0,6.0
E,4,1,2023-10-20,2023-10-27,0.0,0.0,0.0,6.0
E,4,1,2023-10-27,2023-11-03,0.0,0.0,0.0,6.0
E,4,1,2023-11-03,2023-11-10,0.0,0.0,0.0,6.0
E,4,1,2023-11-10,2023-11-17,0.0,0.0,0.0,6.0
E,4,1,2023-11-17,2023-11-24,0.0,0.0,0.0,6.0
E,4,1,2023-11-24,2023-12-01,0.0,0.0,0.0,6.0
E,4,1,2023-12-01,2023-12-08,0.0,0.0,0.0,6.0
E,4,1,2023-12-08,2023-12-15,0.0,0.0,0.0,6.0
E,4,1,2023-12-15,2023-12-22,0.0,0.0,0.0,6.0
E,4,1,2023-12-22,2023-12-29,0.0,0.0,0.0,6.0
E,4,1,2023-12-29,2024-01-05,0.0,0.0,0.0,6.0
E,4,1,2024-01-05,2024-01-12,0.0,0.0,0.0,6.0
E,4,1,2024-01-12,2024-01-19,0.0,0.0,0.0,6.0
E,4,1,2024-01-19,2024-01-26,0.0,0.0,0.0,6.0
E,4,1,2024-01-26,2024-02-02,0.0,0.0,0.0,6.0
E,4,1,2024-02-02,2024-02-09,0.0,0.0,0.0,6.0
E,4,1,2024-02-09,2024-02-16,0.0,0.0,0.0,6.0
E,4,1,2024-02-16,2024-02-23,0.0,0.0,0.0,6.0
E,4,1,2024-02-23,2024-03-01,0.0,0.0,0.0,6.0
E,4,1,2024-03-01,2024-03-08,0.0,0.0,0.0,6.0
E,4,1,2024-03-08,2024-03-15,0.0,0.0,0.0,6.0
E,4,1,2024-03-15,2024-03-22,0.0,0.0,0.0,6.0
E,4,1,2024-03-22,2024-03-29,0.0,0.0,0.0,6.0
E,4,1,2024-03-29,2024-04-05,0.0,0.0,0.0,6.0
E,4,1,2024-04-05,2024-04-12,0.0,0.0,0.0,6.0
E,4,1,2024-04-12,2024-04-19,0.0,0.0,0.0,6.0
E,4,1,2024-04-19,2024-04-26,0.0,0.0,0.0,6.0
E,4,1,2024-04-26,2024-05-03,0.0,0.0,0.0,6.0
E,4,1,2024-05-03,2024-05-10,0.0,0.0,0.0,6.0
E,4,1,2024-05-10,2024-05-17,0.0,0.0,0.0,6.0
E,4,1,2024-05-17,2024-05-24,0.0,0.0,0.0,6.0
E,4,1,2024-05-24,2024-05-31,0.0,0.0,0.0,6.0
E,4,1,2024-05-31,2024-06-07,0.0,0.0,0.0,6.0
E,4,1,2024-06-07,2024-06-14,0.0,0.0,0.0,6.0
E,4,1,2024-06-14,2024-06-21,0.0,0.0,0.0,6.0
E,4,1,2024-06-21,2024-06-28,0.0,0.0,0.0,6.0
E,4,1,2024-06-28,2024-07-05,0.0,0.0,0.0,6.0
E,4,1,2024-07-05,2024-07-12,0.0,0.0,0.0,6.0
E,4,1,2024-07-12,2024-07-19,0.0,0.0,0.0,6.0
E,4,1,2024-07-19,2024-07-26,0.0,0.0,0.0,6.0
E,4,1,2024-07-26,2024-08-02,3.0,0.0,0.0,6.0
E,4,1,2024-08-02,2024-08-09,3.0,0.0,0.0,6.0
E,4,1,2024-08-09,2024-08-16,0.0,0.0,0.0,6.0
E,4,1,2024-08-16,2024-08-23,0.0,0.0,0.0,6.0
E,4,1,2024-08-23,2024-08-30,0.0,0.0,0.0,6.0
E,4,1,2024-08-30,2024-09-06,0.0,0.0,0.0,6.0
E,4,1,2024-09-06,2024-09-13,3.0,0.0,0.0,6.0
E,4,1,2024-09-13,2024-09-20,0.0,0.0,0.0,6.0
E,4,1,2024-09-20,2024-09-27,1.0,0.0,0.0,6.0
E,4,1,2024-09-27,2024-10-04,1.0,0.0,0.0,3.0
E,4,1,2024-10-04,2024-10-11,1.0,0.0,0.0,3.0
E,4,1,2024-10-11,2024-10-18,1.0,0.0,0.0,3.0
E,4,1,2024-10-18,2024-10-25,1.0,0.0,0.0,3.0
E,4,1,2024-10-25,2024-11-01,1.0,0.0,0.0,3.0
E,4,1,2024-11-01,2024-11-08,0.0,0.0,0.0,3.0
E,4,1,2024-11-08,2024-11-15,1.0,0.0,0.0,3.0
E,4,1,2024-11-15,2024-11-22,0.0,0.0,0.0,3.0
E,4,1,2024-11-22,2024-11-29,0.0,0.0,0.0,3.0
E,4,1,2024-11-29,2024-12-06,0.0,0.0,0.0,3.0
E,4,1,2024-12-06,2024-12-13,0.0,0.0,0.0,3.0
E,4,1,2024-12-13,2024-12-20,0.0,0.0,0.0,3.0
E,4,1,2024-12-20,2024-12-27,0.0,0.0,0.0,3.0
E,4,1,2024-12-27,2025-01-03,0.0,0.0,0.0,3.0
E,4,1,2025-01-03,2025-01-10,0.0,0.0,0.0,3.0
E,4,1,2025-01-10,2025-01-17,0.0,0.0,0.0,3.0
E,4,1,2025-01-17,2025-01-24,1.0,0.0,0.0,3.0
E,4,1,2025-01-24,2025-01-31,0.0,0.0,0.0,3.0
E,4,1,2025-01-31,2025-02-07,0.0,0.0,0.0,3.0
E,4,1,2025-02-07,2025-02-14,0.0,0.0,0.0,3.0
E,4,1,2025-02-14,2025-02-21,1.0,0.0,0.0,3.0
E,4,1,2025-02-21,2025-02-28,0.0,0.0,0.0,3.0
E,4,1,2025-02-28,2025-03-07,0.0,0.0,0.0,3.0
E,4,1,2025-03-07,2025-03-14,0.0,0.0,0.0,3.0
E,4,1,2025-03-14,2025-03-21,0.0,0.0,0.0,3.0
E,4,1,2025-03-21,2025-03-28,1.0,0.0,0.0,3.0
E,4,1,2025-03-28,2025-04-04,1.0,0.0,0.0,3.0
E,4,1,2025-04-04,2025-04-11,1.0,0.0,0.0,3.0
E,4,1,2025-04-11,2025-04-18,0.0,0.0,0.0,3.0
E,4,1,2025-04-18,2025-04-25,0.0,0.0,0.0,3.0
E,4,1,2025-04-25,2025-05-02,0.0,0.0,0.0,3.0
E,4,1,2025-05-02,2025-05-09,0.0,0.0,0.0,3.0
E,4,1,2025-05-09,2025-05-16,0.0,0.0,0.0,3.0
E,4,1,2025-05-16,2025-05-23,1.0,0.0,0.0,3.0
E,4,1,2025-05-23,2025-05-30,0.0,0.0,0.0,3.0
E,4,1,2025-05-30,2025-06-06,0.0,0.0,0.0,3.0
E,4,1,2025-06-06,2025-06-13,0.0,0.0,0.0,3.0
E,4,1,2025-06-13,2025-06-20,1.0,0.0,0.0,3.0
E,4,1,2025-06-20,2025-06-27,1.0,0.0,0.0,3.0
E,4,1,2025-06-27,2025-07-04,0.0,0.0,0.0,3.0
E,4,1,2025-07-04,2025-07-11,0.0,0.0,0.0,3.0
E,4,1,2025-07-11,2025-07-18,3.0,0.0,0.0,3.0
E,4,1,2025-07-18,2025-07-25,1.0,0.0,0.0,3.0
E,4,1,2025-07-25,2025-08-01,7.0,0.0,0.0,3.0
E,4,1,2025-08-01,2025-08-08,1.0,0.0,0.0,3.0
E,4,1,2025-08-08,2025-08-15,0.0,0.0,0.0,3.0
E,4,1,2025-08-15,2025-08-22,1.0,0.0,0.0,7.0
E,4,1,2025-08-22,2025-08-29,1.0,0.0,0.0,7.0
E,4,2,2023-02-17,2023-03-03,0.0,0.06144461780786514,0.0,1.0412300825119019
E,4,2,2023-02-24,2023-03-10,0.0,0.03794407099485397,0.0,1.0177295207977295
E,4,2,2023-03-03,2023-03-17,0.0,0.043455205857753754,0.0,1.0232406854629517
E,4,2,2023-03-10,2023-03-24,0.0,0.06727303564548492,0.0,1.0470584630966187
E,4,2,2023-03-17,2023-03-31,0.0,0.0717814490199089,0.0,1.0515668392181396
E,4,2,2023-03-24,2023-04-07,0.0,0.07216726988554001,0.0,1.0519527196884155
E,4,2,2023-03-31,2023-04-14,0.0,0.06736116856336594,0.0,1.0471465587615967
E,4,2,2023-04-07,2023-04-21,0.0,0.04728397727012634,0.0,1.0270694494247437
E,4,2,2023-04-14,2023-04-28,0.0,0.031913213431835175,0.0,1.011698603630066
E,4,2,2023-04-21,2023-05-05,0.0,0.027627047151327133,0.0,1.0074124336242676
E,4,2,2023-04-28,2023-05-12,0.0,0.052134282886981964,0.0,1.0319197177886963
E,4,2,2023-05-05,2023-05-19,0.0,0.07933617383241653,0.0,1.0591216087341309
E,4,2,2023-05-12,2023-05-26,0.0,0.13975921273231506,0.0,1.1195446252822876
E,4,2,2023-05-19,2023-06-02,0.0,0.11839313060045242,0.0,1.0981786251068115
E,4,2,2023-05-26,2023-06-09,0.0,0.07859588414430618,0.0,1.0583813190460205
E,4,2,2023-06-02,2023-06-16,0.0,0.10246246308088303,0.0,1.0822478532791138
E,4,2,2023-06-09,2023-06-23,0.0,0.36951470375061035,0.0,1.3493001461029053
E,4,2,2023-06-16,2023-06-30,0.0,0.2417455017566681,0.0,1.2215309143066406
E,4,2,2023-06-23,2023-07-07,0.0,0.17405042052268982,0.0,1.1538358926773071
E,4,2,2023-06-30,2023-07-14,0.0,0.14446789026260376,0.0,1.124253273010254
E,4,2,2023-07-07,2023-07-21,0.0,0.12655705213546753,0.0,1.1063425540924072
E,4,2,2023-07-14,2023-07-28,1.0,0.15961191058158875,0.0,1.139397382736206
E,4,2,2023-07-21,2023-08-04,0.0,0.3202325999736786,0.0,1.300018072128296
E,4,2,2023-07-28,2023-08-11,1.0,1.2813527584075928,0.9118380546569824,2.2611382007598877
E,4,2,2023-08-04,2023-08-18,1.0,0.5744104981422424,0.20489579439163208,1.5541958808898926
E,4,2,2023-08-11,2023-08-25,2.0,0.41337311267852783,0.04385840892791748,1.3931585550308228
E,4,2,2023-08-18,2023-09-01,1.0,0.32092344760894775,0.0,1.3007088899612427
E,4,2,2023-08-25,2023-09-08,0.0,0.44798198342323303,0.07846727967262268,1.4277673959732056
E,4,2,2023-09-01,2023-09-15,6.0,0.5736523270606995,0.2041376233100891,1.5534377098083496
E,4,2,2023-09-08,2023-09-22,0.0,0.29151520133018494,0.0,1.8781421184539795
E,4,2,2023-09-15,2023-09-29,0.0,0.2157326638698578,0.0,1.8023595809936523
E,4,2,2023-09-22,2023-10-06,1.0,0.19222015142440796,0.0,1.7788469791412354
E,4,2,2023-09-29,2023-10-13,0.0,0.25391870737075806,0.0,5.680266380310059
E,4,2,2023-10-06,2023-10-20,0.0,0.18116658926010132,0.0,5.607514381408691
E,4,2,2023-10-13,2023-10-27,0.0,0.15500786900520325,0.0,5.581355571746826
E,4,2,2023-10-20,2023-11-03,0.0,0.09456963837146759,0.0,5.5209174156188965
E,4,2,2023-10-27,2023-11-10,0.0,0.10154309123754501,0.0,5.527890682220459
E,4,2,2023-11-03,2023-11-17,0.0,0.17178598046302795,0.0,5.598133563995361
E,4,2,2023-11-10,2023-11-24,0.0,0.07930098474025726,0.0,5.505648612976074
E,4,2,2023-11-17,2023-12-01,0.0,0.054521724581718445,0.0,5.480869293212891
E,4,2,2023-11-24,2023-12-08,0.0,0.05685977637767792,0.0,5.483207702636719
E,4,2,2023-12-01,2023-12-15,0.0,0.03318708762526512,0.0,5.459534645080566
E,4,2,2023-12-08,2023-12-22,0.0,0.06944331526756287,0.0,5.495790958404541
E,4,2,2023-12-15,2023-12-29,0.0,0.07535505294799805,0.0,5.501702785491943
E,4,2,2023-12-22,2024-01-05,0.0,0.08535958081483841,0.0,5.511707305908203
E,4,2,2023-12-29,2024-01-12,0.0,0.06396625936031342,0.0,5.49031400680542
E,4,2,2024-01-05,2024-01-19,0.0,0.06148364394903183,0.0,5.4878315925598145
E,4,2,2024-01-12,2024-01-26,0.0,0.06317049264907837,0.0,5.489518165588379
E,4,2,2024-01-19,2024-02-02,0.0,0.047997571527957916,0.0,5.4743452072143555
E,4,2,2024-01-26,2024-02-09,0.0,0.0555674210190773,0.0,5.48191499710083
E,4,2,2024-02-02,2024-02-16,0.0,0.07147304713726044,0.0,5.497820854187012
E,4,2,2024-02-09,2024-02-23,0.0,0.07086034119129181,0.0,5.497208118438721
E,4,2,2024-02-16,2024-03-01,0.0,0.07407040148973465,0.0,5.500418186187744
E,4,2,2024-02-23,2024-03-08,0.0,0.06263832747936249,0.0,5.488986015319824
E,4,2,2024-03-01,2024-03-15,0.0,0.0669613853096962,0.0,5.493309020996094
E,4,2,2024-03-08,2024-03-22,0.0,0.058805979788303375,0.0,5.485153675079346
E,4,2,2024-03-15,2024-03-29,0.0,0.06262470036745071,0.0,5.4889726638793945
E,4,2,2024-03-22,2024-04-05,0.0,0.05972777307033539,0.0,5.486075401306152
E,4,2,2024-03-29,2024-04-12,0.0,0.071197010576725,0.0,5.497544765472412
E,4,2,2024-04-05,2024-04-19,0.0,0.07429690659046173,0.0,5.500644683837891
E,4,2,2024-04-12,2024-04-26,0.0,0.07594968378543854,0.0,5.502297401428223
E,4,2,2024-04-19,2024-05-03,0.0,0.05772492289543152,0.0,5.484072685241699
E,4,2,2024-04-26,2024-05-10,0.0,0.09449794888496399,0.0,5.520845890045166
E,4,2,2024-05-03,2024-05-17,0.0,0.11826971918344498,0.0,5.544617652893066
E,4,2,2024-05-10,2024-05-24,0.0,0.20447811484336853,0.0,5.630825996398926
E,4,2,2024-05-17,2024-05-31,0.0,0.22010278701782227,0.0,5.646450519561768
E,4,2,2024-05-24,2024-06-07,0.0,0.8456041812896729,0.3976221978664398,6.271951675415039
E,4,2,2024-05-31,2024-06-14,0.0,0.2893191874027252,0.0,5.715666770935059
E,4,2,2024-06-07,2024-06-21,0.0,0.38908499479293823,0.0,5.815432548522949
E,4,2,2024-06-14,2024-06-28,0.0,0.4743559956550598,0.026374012231826782,5.9007039070129395
E,4,2,2024-06-21,2024-07-05,0.0,0.45474541187286377,0.0,5.8810930252075195
E,4,2,2024-06-28,2024-07-12,0.0,0.47521376609802246,0.0,5.901561737060547
E,4,2,2024-07-05,2024-07-19,0.0,0.3171258866786957,0.0,5.743473529815674
E,4,2,2024-07-12,2024-07-26,0.0,0.2589232623577118,0.0,5.6852707862854
E,4,2,2024-07-19,2024-08-02,3.0,1.1383516788482666,0.29274749755859375,6.564699172973633
E,4,2,2024-07-26,2024-08-09,3.0,0.5319423079490662,0.0,5.958290100097656
E,4,2,2024-08-02,2024-08-16,0.0,0.2869751453399658,0.0,5.713322639465332
E,4,2,2024-08-09,2024-08-23,0.0,0.43462955951690674,0.0,5.8609771728515625
E,4,2,2024-08-16,2024-08-30,0.0,0.34578901529312134,0.0,5.772136688232422
E,4,2,2024-08-23,2024-09-06,0.0,0.3470250070095062,0.0,5.773372650146484
E,4,2,2024-08-30,2024-09-13,3.0,0.4224962890148163,0.0,5.848844051361084
E,4,2,2024-09-06,2024-09-20,0.0,0.7600936889648438,0.0,6.186441421508789
E,4,2,2024-09-13,2024-09-27,1.0,0.5893090963363647,0.0,6.0156569480896
E,4,2,2024-09-20,2024-10-04,1.0,0.4032037556171417,0.0,5.829551696777344
E,4,2,2024-09-27,2024-10-11,1.0,0.5005998611450195,0.0,3.078103542327881
E,4,2,2024-10-04,2024-10-18,1.0,0.10197252780199051,0.0,2.679476261138916
E,4,2,2024-10-11,2024-10-25,1.0,0.0797811821103096,0.0,2.65728497505188
E,4,2,2024-10-18,2024-11-01,1.0,0.09369693696498871,0.0,2.6712005138397217
E,4,2,2024-10-25,2024-11-08,0.0,0.17663410305976868,0.0,2.7541377544403076
E,4,2,2024-11-01,2024-11-15,1.0,0.04787641018629074,0.0,2.625380039215088
E,4,2,2024-11-08,2024-11-22,0.0,0.06192430853843689,0.0,2.639427900314331
E,4,2,2024-11-15,2024-11-29,0.0,0.056609898805618286,0.0,2.6341135501861572
E,4,2,2024-11-22,2024-12-06,0.0,0.05812496691942215,0.0,2.6356287002563477
E,4,2,2024-11-29,2024-12-13,0.0,0.042005278170108795,0.0,2.619508981704712
E,4,2,2024-12-06,2024-12-20,0.0,0.036166638135910034,0.0,2.6136703491210938
E,4,2,2024-12-13,2024-12-27,0.0,0.04655063897371292,0.0,2.624054431915283
E,4,2,2024-12-20,2025-01-03,0.0,0.04106766730546951,0.0,2.6185712814331055
E,4,2,2024-12-27,2025-01-10,0.0,0.04671762138605118,0.0,2.6242213249206543
E,4,2,2025-01-03,2025-01-17,0.0,0.05504938215017319,0.0,2.6325531005859375
E,4,2,2025-01-10,2025-01-24,1.0,0.06390403211116791,0.0,2.6414077281951904
E,4,2,2025-01-17,2025-01-31,0.0,0.05957841873168945,0.0,2.637082099914551
E,4,2,2025-01-24,2025-02-07,0.0,0.0670330822467804,0.0,2.6445367336273193
E,4,2,2025-01-31,2025-02-14,0.0,0.07136029750108719,0.0,2.6488640308380127
E,4,2,2025-02-07,2025-02-21,1.0,0.060919709503650665,0.0,2.638423442840576
E,4,2,2025-02-14,2025-02-28,0.0,0.0618450790643692,0.0,2.6393487453460693
E,4,2,2025-02-21,2025-03-07,0.0,0.05773690342903137,0.0,2.6352405548095703
E,4,2,2025-02-28,2025-03-14,0.0,0.06475090235471725,0.0,2.642254590988159
E,4,2,2025-03-07,2025-03-21,0.0,0.03969922661781311,0.0,2.6172029972076416
E,4,2,2025-03-14,2025-03-28,1.0,0.0469282865524292,0.0,2.62443208694458
E,4,2,2025-03-21,2025-04-04,1.0,0.055803097784519196,0.0,2.6333067417144775
E,4,2,2025-03-28,2025-04-11,1.0,0.07219052314758301,0.0,2.6496942043304443
E,4,2,2025-04-04,2025-04-18,0.0,0.07641369849443436,0.0,2.6539173126220703
E,4,2,2025-04-11,2025-04-25,0.0,0.0930575579404831,0.0,2.6705613136291504
E,4,2,2025-04-18,2025-05-02,0.0,0.09052536636590958,0.0,2.6680290699005127
E,4,2,2025-04-25,2025-05-09,0.0,0.11351829022169113,0.0,2.6910219192504883
E,4,2,2025-05-02,2025-05-16,0.0,0.07564938813447952,0.0,2.65315318107605
E,4,2,2025-05-09,2025-05-23,1.0,0.10484545677900314,0.0,2.68234920501709
E,4,2,2025-05-16,2025-05-30,0.0,0.23043975234031677,0.0,2.807943344116211
E,4,2,2025-05-23,2025-06-06,0.0,0.2309679388999939,0.0,2.8084716796875
E,4,2,2025-05-30,2025-06-13,0.0,0.3534317910671234,0.0,2.9309353828430176
E,4,2,2025-06-06,2025-06-20,1.0,0.4228299558162689,0.0,3.000333547592163
E,4,2,2025-06-13,2025-06-27,1.0,0.2772870659828186,0.0,2.854790687561035
E,4,2,2025-06-20,2025-07-04,0.0,0.18930023908615112,0.0,2.7668039798736572
E,4,2,2025-06-27,2025-07-11,0.0,0.29127824306488037,0.0,2.8687820434570312
E,4,2,2025-07-04,2025-07-18,3.0,1.226676344871521,0.46658265590667725,3.804180145263672
E,4,2,2025-07-11,2025-07-25,1.0,1.8119734525680542,1.0518797636032104,4.389477252960205
E,4,2,2025-07-18,2025-08-01,7.0,2.895141363143921,2.135047674179077,5.472644805908203
E,4,2,2025-07-25,2025-08-08,1.0,1.9522449970245361,1.1921513080596924,4.529748916625977
E,4,2,2025-08-01,2025-08-15,0.0,0.682724118232727,0.0,3.260227680206299
E,4,2,2025-08-08,2025-08-22,1.0,0.2554019093513489,0.0,2.8329055309295654
E,4,2,2025-08-15,2025-08-29,1.0,0.2315310835838318,0.0,4.336389541625977
E,4,2,2025-08-22,2025-09-05,,0.3899519145488739,0.0,4.494810104370117
E,4,4,2023-02-17,2023-03-17,0.0,0.09895134717226028,0.0,0.9793140888214111
E,4,4,2023-02-24,2023-03-24,0.0,0.09897077083587646,0.0,0.9793335199356079
E,4,4,2023-03-03,2023-03-31,0.0,0.10004430264234543,0.0,0.9804070591926575
E,4,4,2023-03-10,2023-04-07,0.0,0.09985937923192978,0.0,0.9802221059799194
E,4,4,2023-03-17,2023-04-14,0.0,0.1009494960308075,0.0,0.9813122749328613
E,4,4,2023-03-24,2023-04-21,0.0,0.107654869556427,0.0,0.9880176186561584
E,4,4,2023-03-31,2023-04-28,0.0,0.10676160454750061,0.0,0.9871243238449097
E,4,4,2023-04-07,2023-05-05,0.0,0.10240787267684937,0.0,0.9827706217765808
E,4,4,2023-04-14,2023-05-12,0.0,0.1034991666674614,0.0,0.9838619232177734
E,4,4,2023-04-21,2023-05-19,0.0,0.11394325643777847,0.0,0.9943060278892517
E,4,4,2023-04-28,2023-05-26,0.0,0.16008111834526062,0.0,1.0404438972473145
E,4,4,2023-05-05,2023-06-02,0.0,0.24189171195030212,0.0,1.122254490852356
E,4,4,2023-05-12,2023-06-09,0.0,0.2991301715373993,0.0,1.1794929504394531
E,4,4,2023-05-19,2023-06-16,0.0,0.17794641852378845,0.0,1.0583091974258423
E,4,4,2023-05-26,2023-06-23,0.0,0.2617342472076416,0.0,1.142096996307373
E,4,4,2023-06-02,2023-06-30,0.0,0.6012634634971619,0.0,1.481626272201538
E,4,4,2023-06-09,2023-07-07,0.0,0.6526929140090942,0.0,1.5330556631088257
E,4,4,2023-06-16,2023-07-14,0.0,1.1694055795669556,0.0,2.0497684478759766
E,4,4,2023-06-23,2023-07-21,0.0,1.5586098432540894,0.09416830539703369,2.4389724731445312
E,4,4,2023-06-30,2023-07-28,1.0,0.8219559192657471,0.0,1.7023186683654785
E,4,4,2023-07-07,2023-08-04,0.0,0.678170382976532,0.0,1.5585331916809082
E,4,4,2023-07-14,2023-08-11,1.0,0.6652930378913879,0.0,1.5456557273864746
E,4,4,2023-07-21,2023-08-18,1.0,0.33412107825279236,0.0,1.2144838571548462
E,4,4,2023-07-28,2023-08-25,2.0,0.5448117852210999,0.0,1.4251744747161865
E,4,4,2023-08-04,2023-09-01,1.0,0.4012403190135956,0.0,1.2816030979156494
E,4,4,2023-08-11,2023-09-08,0.0,0.611966073513031,0.0,1.4923288822174072
E,4,4,2023-08-18,2023-09-15,6.0,1.0230915546417236,0.0,1.903454303741455
E,4,4,2023-08-25,2023-09-22,0.0,0.6033766865730286,0.0,1.4837393760681152
E,4,4,2023-09-01,2023-09-29,0.0,0.46557483077049255,0.0,1.3459376096725464
E,4,4,2023-09-08,2023-10-06,1.0,0.6296483874320984,0.0,2.084836721420288
E,4,4,2023-09-15,2023-10-13,0.0,0.7582459449768066,0.0,2.2134342193603516
E,4,4,2023-09-22,2023-10-20,0.0,0.8767089247703552,0.0,2.331897258758545
E,4,4,2023-09-29,2023-10-27,0.0,0.5670686364173889,0.0,5.5439772605896
E,4,4,2023-10-06,2023-11-03,0.0,0.3388195335865021,0.0,5.315728187561035
E,4,4,2023-10-13,2023-11-10,0.0,0.4936239719390869,0.0,5.470532417297363
E,4,4,2023-10-20,2023-11-17,0.0,0.43928444385528564,0.0,5.416193008422852
E,4,4,2023-10-27,2023-11-24,0.0,0.1614481508731842,0.0,5.138356685638428
E,4,4,2023-11-03,2023-12-01,0.0,0.2296963334083557,0.0,5.206604957580566
E,4,4,2023-11-10,2023-12-08,0.0,0.18109948933124542,0.0,5.158008098602295
E,4,4,2023-11-17,2023-12-15,0.0,0.15519940853118896,0.0,5.132108211517334
E,4,4,2023-11-24,2023-12-22,0.0,0.15086480975151062,0.0,5.127773284912109
E,4,4,2023-12-01,2023-12-29,0.0,0.12457787990570068,0.0,5.101486682891846
E,4,4,2023-12-08,2024-01-05,0.0,0.1253814399242401,0.0,5.102290153503418
E,4,4,2023-12-15,2024-01-12,0.0,0.16267293691635132,0.0,5.139581680297852
E,4,4,2023-12-22,2024-01-19,0.0,0.14985854923725128,0.0,5.126767158508301
E,4,4,2023-12-29,2024-01-26,0.0,0.11787557601928711,0.0,5.094784259796143
E,4,4,2024-01-05,2024-02-02,0.0,0.1133016049861908,0.0,5.090210437774658
E,4,4,2024-01-12,2024-02-09,0.0,0.11348047107458115,0.0,5.090389251708984
E,4,4,2024-01-19,2024-02-16,0.0,0.10616981983184814,0.0,5.083078384399414
E,4,4,2024-01-26,2024-02-23,0.0,0.10008850693702698,0.0,5.07699728012085
E,4,4,2024-02-02,2024-03-01,0.0,0.09985637664794922,0.0,5.076765060424805
E,4,4,2024-02-09,2024-03-08,0.0,0.10536535084247589,0.0,5.082273960113525
E,4,4,2024-02-16,2024-03-15,0.0,0.1077444851398468,0.0,5.084653377532959
E,4,4,2024-02-23,2024-03-22,0.0,0.10334565490484238,0.0,5.080254554748535
E,4,4,2024-03-01,2024-03-29,0.0,0.10389820486307144,0.0,5.080806732177734
E,4,4,2024-03-08,2024-04-05,0.0,0.10496234893798828,0.0,5.081871032714844
E,4,4,2024-03-15,2024-04-12,0.0,0.10477989166975021,0.0,5.081688404083252
E,4,4,2024-03-22,2024-04-19,0.0,0.1118735820055008,0.0,5.08878231048584
E,4,4,2024-03-29,2024-04-26,0.0,0.1285337507724762,0.0,5.105442523956299
E,4,4,2024-04-05,2024-05-03,0.0,0.14228695631027222,0.0,5.119195461273193
E,4,4,2024-04-12,2024-05-10,0.0,0.15187661349773407,0.0,5.128785133361816
E,4,4,2024-04-19,2024-05-17,0.0,0.16543850302696228,0.0,5.14234733581543
E,4,4,2024-04-26,2024-05-24,0.0,0.27656471729278564,0.0,5.253473281860352
E,4,4,2024-05-03,2024-05-31,0.0,0.47953033447265625,0.0,5.456439018249512
E,4,4,2024-05-10,2024-06-07,0.0,1.0386627912521362,0.0,6.015571594238281
E,4,4,2024-05-17,2024-06-14,0.0,0.6136771440505981,0.0,5.590585708618164
E,4,4,2024-05-24,2024-06-21,0.0,0.5714569687843323,0.0,5.548365592956543
E,4,4,2024-05-31,2024-06-28,0.0,0.7957046031951904,0.0,5.772613525390625
E,4,4,2024-06-07,2024-07-05,0.0,1.3134995698928833,0.0,6.290408134460449
E,4,4,2024-06-14,2024-07-12,0.0,2.705860137939453,1.1472502946853638,7.682768821716309
E,4,4,2024-06-21,2024-07-19,0.0,2.7035725116729736,1.1449626684188843,7.68048095703125
E,4,4,2024-06-28,2024-07-26,0.0,1.9747458696365356,0.4161360263824463,6.951654434204102
E,4,4,2024-07-05,2024-08-02,3.0,1.3575186729431152,0.0,6.334427356719971
E,4,4,2024-07-12,2024-08-09,3.0,1.1533602476119995,0.0,6.1302690505981445
E,4,4,2024-07-19,2024-08-16,0.0,0.4828118085861206,0.0,5.459720611572266
E,4,4,2024-07-26,2024-08-23,0.0,0.34745338559150696,0.0,5.324362277984619
E,4,4,2024-08-02,2024-08-30,0.0,0.7053274512290955,0.0,5.682236194610596
E,4,4,2024-08-09,2024-09-06,0.0,1.0454469919204712,0.0,6.022355556488037
E,4,4,2024-08-16,2024-09-13,3.0,0.8999850749969482,0.0,5.876893997192383
E,4,4,2024-08-23,2024-09-20,0.0,0.40152162313461304,0.0,5.378430366516113
E,4,4,2024-08-30,2024-09-27,1.0,0.4036559462547302,0.0,5.3805646896362305
E,4,4,2024-09-06,2024-10-04,1.0,0.7747510075569153,0.0,5.751659870147705
E,4,4,2024-09-13,2024-10-11,1.0,0.5926806926727295,0.0,5.569589614868164
E,4,4,2024-09-20,2024-10-18,1.0,0.306769996881485,0.0,5.2836785316467285
E,4,4,2024-09-27,2024-10-25,1.0,0.35547101497650146,0.0,2.4554858207702637
E,4,4,2024-10-04,2024-11-01,1.0,0.20026057958602905,0.0,2.3002755641937256
E,4,4,2024-10-11,2024-11-08,0.0,0.28498151898384094,0.0,2.3849964141845703
E,4,4,2024-10-18,2024-11-15,1.0,0.20133689045906067,0.0,2.30135178565979
E,4,4,2024-10-25,2024-11-22,0.0,0.13431283831596375,0.0,2.234327793121338
E,4,4,2024-11-01,2024-11-29,0.0,0.1492013931274414,0.0,2.249216318130493
E,4,4,2024-11-08,2024-12-06,0.0,0.15653520822525024,0.0,2.2565500736236572
E,4,4,2024-11-15,2024-12-13,0.0,0.20580509305000305,0.0,2.3058199882507324
E,4,4,2024-11-22,2024-12-20,0.0,0.1451898068189621,0.0,2.2452046871185303
E,4,4,2024-11-29,2024-12-27,0.0,0.11322244256734848,0.0,2.2132372856140137
E,4,4,2024-12-06,2025-01-03,0.0,0.11552206426858902,0.0,2.2155370712280273
E,4,4,2024-12-13,2025-01-10,0.0,0.13668136298656464,0.0,2.236696243286133
E,4,4,2024-12-20,2025-01-17,0.0,0.11550994962453842,0.0,2.215524911880493
E,4,4,2024-12-27,2025-01-24,1.0,0.10571400076150894,0.0,2.2057290077209473
E,4,4,2025-01-03,2025-01-31,0.0,0.10828720778226852,0.0,2.2083020210266113
E,4,4,2025-01-10,2025-02-07,0.0,0.11113233119249344,0.0,2.2111473083496094
E,4,4,2025-01-17,2025-02-14,0.0,0.10275400429964066,0.0,2.2027690410614014
E,4,4,2025-01-24,2025-02-21,1.0,0.0977826714515686,0.0,2.1977975368499756
E,4,4,2025-01-31,2025-02-28,0.0,0.10041145235300064,0.0,2.2004263401031494
E,4,4,2025-02-07,2025-03-07,0.0,0.09656417369842529,0.0,2.1965789794921875
E,4,4,2025-02-14,2025-03-14,0.0,0.10006651282310486,0.0,2.2000813484191895
E,4,4,2025-02-21,2025-03-21,0.0,0.10115011036396027,0.0,2.201164960861206
E,4,4,2025-02-28,2025-03-28,1.0,0.10211554914712906,0.0,2.2021305561065674
E,4,4,2025-03-07,2025-04-04,1.0,0.10346023738384247,0.0,2.2034752368927
E,4,4,2025-03-14,2025-04-11,1.0,0.10363662242889404,0.0,2.2036514282226562
E,4,4,2025-03-21,2025-04-18,0.0,0.10615560412406921,0.0,2.2061705589294434
E,4,4,2025-03-28,2025-04-25,0.0,0.1197008565068245,0.0,2.2197158336639404
E,4,4,2025-04-04,2025-05-02,0.0,0.1421635001897812,0.0,2.242178440093994
E,4,4,2025-04-11,2025-05-09,0.0,0.18494164943695068,0.0,2.284956455230713
E,4,4,2025-04-18,2025-05-16,0.0,0.2096255123615265,0.0,2.309640407562256
E,4,4,2025-04-25,2025-05-23,1.0,0.28625333309173584,0.0,2.386268138885498
E,4,4,2025-05-02,2025-05-30,0.0,0.27494093775749207,0.0,2.374955892562866
E,4,4,2025-05-09,2025-06-06,0.0,0.26651275157928467,0.0,2.366527557373047
E,4,4,2025-05-16,2025-06-13,0.0,0.35230034589767456,0.0,2.452315330505371
E,4,4,2025-05-23,2025-06-20,1.0,0.4576411247253418,0.0,2.5576560497283936
E,4,4,2025-05-30,2025-06-27,1.0,0.4713476598262787,0.0,2.5713624954223633
E,4,4,2025-06-06,2025-07-04,0.0,0.3364636301994324,0.0,2.436478614807129
E,4,4,2025-06-13,2025-07-11,0.0,0.6921098828315735,0.0,2.7921247482299805
E,4,4,2025-06-20,2025-07-18,3.0,1.5034494400024414,0.0,3.603464365005493
E,4,4,2025-06-27,2025-07-25,1.0,1.3181440830230713,0.0,3.418159008026123
E,4,4,2025-07-04,2025-08-01,7.0,0.8384329080581665,0.0,2.938447952270508
E,4,4,2025-07-11,2025-08-08,1.0,0.4457416832447052,0.0,2.5457565784454346
E,4,4,2025-07-18,2025-08-15,0.0,0.6401770114898682,0.0,2.74019193649292
E,4,4,2025-07-25,2025-08-22,1.0,0.4561506509780884,0.0,2.5561656951904297
E,4,4,2025-08-01,2025-08-29,1.0,0.4370737671852112,0.0,2.537088632583618
E,4,4,2025-08-08,2025-09-05,,0.43569672107696533,0.0,2.5357117652893066
E,4,4,2025-08-15,2025-09-12,,0.5315905809402466,0.0,6.69315767288208
E,4,4,2025-08-22,2025-09-19,,0.5005204081535339,0.0,6.662087440490723
E,4,8,2023-02-17,2023-04-14,0.0,0.10324454307556152,0.0,0.9904592037200928
E,4,8,2023-02-24,2023-04-21,0.0,0.08960489928722382,0.0,0.9768195748329163
E,4,8,2023-03-03,2023-04-28,0.0,0.10283561795949936,0.0,0.9900502562522888
E,4,8,2023-03-10,2023-05-05,0.0,0.09921369701623917,0.0,0.9864283800125122
E,4,8,2023-03-17,2023-05-12,0.0,0.1045784130692482,0.0,0.9917930960655212
E,4,8,2023-03-24,2023-05-19,0.0,0.09078265726566315,0.0,0.9779973030090332
E,4,8,2023-03-31,2023-05-26,0.0,0.08280368894338608,0.0,0.9700183272361755
E,4,8,2023-04-07,2023-06-02,0.0,0.07891664654016495,0.0,0.966131329536438
E,4,8,2023-04-14,2023-06-09,0.0,0.1399800181388855,0.0,1.0271947383880615
E,4,8,2023-04-21,2023-06-16,0.0,0.10926230996847153,0.0,0.996476948261261
E,4,8,2023-04-28,2023-06-23,0.0,0.13072383403778076,0.0,1.017938494682312
E,4,8,2023-05-05,2023-06-30,0.0,0.1912502944469452,0.0,1.0784649848937988
E,4,8,2023-05-12,2023-07-07,0.0,0.2889014780521393,0.0,1.1761161088943481
E,4,8,2023-05-19,2023-07-14,0.0,0.3217330574989319,0.0,1.2089476585388184
E,4,8,2023-05-26,2023-07-21,0.0,0.25446999073028564,0.0,1.141684651374817
E,4,8,2023-06-02,2023-07-28,1.0,0.37166649103164673,0.0,1.2588810920715332
E,4,8,2023-06-09,2023-08-04,0.0,0.629109263420105,0.0,1.5163239240646362
E,4,8,2023-06-16,2023-08-11,1.0,0.6850202083587646,0.0,1.572234869003296
E,4,8,2023-06-23,2023-08-18,1.0,0.6738634705543518,0.0,1.5610780715942383
E,4,8,2023-06-30,2023-08-25,2.0,0.9660465717315674,0.0,1.8532612323760986
E,4,8,2023-07-07,2023-09-01,1.0,0.38173145055770874,0.0,1.2689461708068848
E,4,8,2023-07-14,2023-09-08,0.0,0.24989938735961914,0.0,1.1371140480041504
E,4,8,2023-07-21,2023-09-15,6.0,0.4041203558444977,0.0,1.2913349866867065
E,4,8,2023-07-28,2023-09-22,0.0,1.1344631910324097,0.8029335737228394,2.0216779708862305
E,4,8,2023-08-04,2023-09-29,0.0,1.4874272346496582,1.155897617340088,2.3746418952941895
E,4,8,2023-08-11,2023-10-06,1.0,1.7307014465332031,1.3991718292236328,2.6179161071777344
E,4,8,2023-08-18,2023-10-13,0.0,0.7436068654060364,0.1144976019859314,1.6308214664459229
E,4,8,2023-08-25,2023-10-20,0.0,0.25541263818740845,0.0,1.142627239227295
E,4,8,2023-09-01,2023-10-27,0.0,0.18680083751678467,0.0,1.074015498161316
E,4,8,2023-09-08,2023-11-03,0.0,0.2070876657962799,0.0,1.2410410642623901
E,4,8,2023-09-15,2023-11-10,0.0,0.2514980435371399,0.0,1.2854514122009277
E,4,8,2023-09-22,2023-11-17,0.0,0.23496243357658386,0.0,1.2689158916473389
E,4,8,2023-09-29,2023-11-24,0.0,0.1394932121038437,0.0,5.735372543334961
E,4,8,2023-10-06,2023-12-01,0.0,0.17930081486701965,0.0,5.775180339813232
E,4,8,2023-10-13,2023-12-08,0.0,0.2211761176586151,0.0,5.817055702209473
E,4,8,2023-10-20,2023-12-15,0.0,0.45875832438468933,0.0,6.054637908935547
E,4,8,2023-10-27,2023-12-22,0.0,0.1926489770412445,0.0,5.7885284423828125
E,4,8,2023-11-03,2023-12-29,0.0,0.07974790036678314,0.0,5.6756272315979
E,4,8,2023-11-10,2024-01-05,0.0,0.1536133587360382,0.0,5.74949312210083
E,4,8,2023-11-17,2024-01-12,0.0,0.20432674884796143,0.0,5.800206184387207
E,4,8,2023-11-24,2024-01-19,0.0,0.2716275155544281,0.0,5.867506980895996
E,4,8,2023-12-01,2024-01-26,0.0,0.1269283890724182,0.0,5.722807884216309
E,4,8,2023-12-08,2024-02-02,0.0,0.19100138545036316,0.0,5.786880970001221
E,4,8,2023-12-15,2024-02-09,0.0,0.2503368556499481,0.0,5.846216201782227
E,4,8,2023-12-22,2024-02-16,0.0,0.14619854092597961,0.0,5.7420783042907715
E,4,8,2023-12-29,2024-02-23,0.0,0.10963884741067886,0.0,5.7055182456970215
E,4,8,2024-01-05,2024-03-01,0.0,0.12509268522262573,0.0,5.720972061157227
E,4,8,2024-01-12,2024-03-08,0.0,0.11806657165288925,0.0,5.713946342468262
E,4,8,2024-01-19,2024-03-15,0.0,0.07308381795883179,0.0,5.668963432312012
E,4,8,2024-01-26,2024-03-22,0.0,0.0645458772778511,0.0,5.660425662994385
E,4,8,2024-02-02,2024-03-29,0.0,0.07767444849014282,0.0,5.673553943634033
E,4,8,2024-02-09,2024-04-05,0.0,0.08336524665355682,0.0,5.6792449951171875
E,4,8,2024-02-16,2024-04-12,0.0,0.06001896411180496,0.0,5.655898571014404
E,4,8,2024-02-23,2024-04-19,0.0,0.08210869133472443,0.0,5.677988052368164
E,4,8,2024-03-01,2024-04-26,0.0,0.11908899247646332,0.0,5.714968681335449
E,4,8,2024-03-08,2024-05-03,0.0,0.10920901596546173,0.0,5.7050886154174805
E,4,8,2024-03-15,2024-05-10,0.0,0.19488674402236938,0.0,5.79076623916626
E,4,8,2024-03-22,2024-05-17,0.0,0.35989460349082947,0.0,5.955774307250977
E,4,8,2024-03-29,2024-05-24,0.0,1.1841894388198853,0.0,6.780068874359131
E,4,8,2024-04-05,2024-05-31,0.0,1.6450856924057007,0.15765845775604248,7.240965366363525
E,4,8,2024-04-12,2024-06-07,0.0,0.7886323928833008,0.0,6.384511947631836
E,4,8,2024-04-19,2024-06-14,0.0,0.44841307401657104,0.0,6.044292449951172
E,4,8,2024-04-26,2024-06-21,0.0,0.6745203137397766,0.0,6.270400047302246
E,4,8,2024-05-03,2024-06-28,0.0,0.6240408420562744,0.0,6.2199201583862305
E,4,8,2024-05-10,2024-07-05,0.0,0.6898506283760071,0.0,6.285730361938477
E,4,8,2024-05-17,2024-07-12,0.0,1.0496598482131958,0.0,6.645539283752441
E,4,8,2024-05-24,2024-07-19,0.0,1.0606414079666138,0.0,6.656520843505859
E,4,8,2024-05-31,2024-07-26,0.0,0.9753106832504272,0.0,6.571190357208252
E,4,8,2024-06-07,2024-08-02,3.0,1.3112115859985352,0.0,6.90709114074707
E,4,8,2024-06-14,2024-08-09,3.0,1.1825106143951416,0.0,6.778389930725098
E,4,8,2024-06-21,2024-08-16,0.0,0.7489937543869019,0.0,6.344873428344727
E,4,8,2024-06-28,2024-08-23,0.0,0.6124154329299927,0.0,6.208294868469238
E,4,8,2024-07-05,2024-08-30,0.0,0.6914440393447876,0.0,6.287323474884033
E,4,8,2024-07-12,2024-09-06,0.0,1.1167186498641968,0.0,6.7125983238220215
E,4,8,2024-07-19,2024-09-13,3.0,1.6784262657165527,0.03334057331085205,7.274305820465088
E,4,8,2024-07-26,2024-09-20,0.0,1.0418002605438232,0.0,6.6376800537109375
E,4,8,2024-08-02,2024-09-27,1.0,0.7927954196929932,0.0,6.388674736022949
E,4,8,2024-08-09,2024-10-04,1.0,1.0045474767684937,0.0,6.600427150726318
E,4,8,2024-08-16,2024-10-11,1.0,0.332107275724411,0.0,5.9279866218566895
E,4,8,2024-08-23,2024-10-18,1.0,0.205733060836792,0.0,5.801612854003906
E,4,8,2024-08-30,2024-10-25,1.0,0.17917710542678833,0.0,5.775056838989258
E,4,8,2024-09-06,2024-11-01,1.0,0.2734029293060303,0.0,5.8692827224731445
E,4,8,2024-09-13,2024-11-08,0.0,0.26775500178337097,0.0,5.8636345863342285
E,4,8,2024-09-20,2024-11-15,1.0,0.12284837663173676,0.0,5.718728065490723
E,4,8,2024-09-27,2024-11-22,0.0,0.1144777238368988,0.0,1.9319671392440796
E,4,8,2024-10-04,2024-11-29,0.0,0.0784778743982315,0.0,1.8959672451019287
E,4,8,2024-10-11,2024-12-06,0.0,0.06327330321073532,0.0,1.8807626962661743
E,4,8,2024-10-18,2024-12-13,0.0,0.11436585336923599,0.0,1.9318552017211914
E,4,8,2024-10-25,2024-12-20,0.0,0.10647759586572647,0.0,1.9239670038223267
E,4,8,2024-11-01,2024-12-27,0.0,0.08550815284252167,0.0,1.9029974937438965
E,4,8,2024-11-08,2025-01-03,0.0,0.13813099265098572,0.0,1.9556204080581665
E,4,8,2024-11-15,2025-01-10,0.0,0.10202914476394653,0.0,1.9195184707641602
E,4,8,2024-11-22,2025-01-17,0.0,0.03868107497692108,0.0,1.856170415878296
E,4,8,2024-11-29,2025-01-24,1.0,0.05669138580560684,0.0,1.874180793762207
E,4,8,2024-12-06,2025-01-31,0.0,0.11239943653345108,0.0,1.9298888444900513
E,4,8,2024-12-13,2025-02-07,0.0,0.12417209893465042,0.0,1.9416614770889282
E,4,8,2024-12-20,2025-02-14,0.0,0.08315116167068481,0.0,1.9006404876708984
E,4,8,2024-12-27,2025-02-21,1.0,0.09380265325307846,0.0,1.9112920761108398
E,4,8,2025-01-03,2025-02-28,0.0,0.09097898006439209,0.0,1.9084683656692505
E,4,8,2025-01-10,2025-03-07,0.0,0.09268645942211151,0.0,1.9101758003234863
E,4,8,2025-01-17,2025-03-14,0.0,0.07208555191755295,0.0,1.8895748853683472
E,4,8,2025-01-24,2025-03-21,0.0,0.07049332559108734,0.0,1.887982726097107
E,4,8,2025-01-31,2025-03-28,1.0,0.0790671557188034,0.0,1.8965564966201782
E,4,8,2025-02-07,2025-04-04,1.0,0.08610493689775467,0.0,1.9035943746566772
E,4,8,2025-02-14,2025-04-11,1.0,0.06506383419036865,0.0,1.882553219795227
E,4,8,2025-02-21,2025-04-18,0.0,0.08951176702976227,0.0,1.9070011377334595
E,4,8,2025-02-28,2025-04-25,0.0,0.0965263769030571,0.0,1.914015769958496
E,4,8,2025-03-07,2025-05-02,0.0,0.08597657829523087,0.0,1.903465986251831
E,4,8,2025-03-14,2025-05-09,0.0,0.07692068815231323,0.0,1.8944101333618164
E,4,8,2025-03-21,2025-05-16,0.0,0.06132175773382187,0.0,1.8788111209869385
E,4,8,2025-03-28,2025-05-23,1.0,0.09408000856637955,0.0,1.911569356918335
E,4,8,2025-04-04,2025-05-30,0.0,0.08961201459169388,0.0,1.9071013927459717
E,4,8,2025-04-11,2025-06-06,0.0,0.17664706707000732,0.0,1.9941364526748657
E,4,8,2025-04-18,2025-06-13,0.0,0.3587208092212677,0.0,2.1762101650238037
E,4,8,2025-04-25,2025-06-20,1.0,0.7041608095169067,0.0,2.5216503143310547
E,4,8,2025-05-02,2025-06-27,1.0,0.5330781936645508,0.0,2.350567579269409
E,4,8,2025-05-09,2025-07-04,0.0,0.47318312525749207,0.0,2.290672540664673
E,4,8,2025-05-16,2025-07-11,0.0,0.9357872605323792,0.0,2.7532765865325928
E,4,8,2025-05-23,2025-07-18,3.0,0.9838716387748718,0.0,2.801361083984375
E,4,8,2025-05-30,2025-07-25,1.0,1.0402395725250244,0.0,2.857728958129883
E,4,8,2025-06-06,2025-08-01,7.0,1.1640948057174683,0.0,2.981584072113037
E,4,8,2025-06-13,2025-08-08,1.0,0.4884096384048462,0.0,2.305899143218994
E,4,8,2025-06-20,2025-08-15,0.0,0.6396647691726685,0.0,2.4571542739868164
E,4,8,2025-06-27,2025-08-22,1.0,0.6321806907653809,0.0,2.4496700763702393
E,4,8,2025-07-04,2025-08-29,1.0,0.4961898624897003,0.0,2.3136792182922363
E,4,8,2025-07-11,2025-09-05,,0.4300772547721863,0.0,2.2475666999816895
E,4,8,2025-07-18,2025-09-12,,0.7108299732208252,0.0,2.5283193588256836
E,4,8,2025-07-25,2025-09-19,,0.7137944102287292,0.0,2.5312838554382324
E,4,8,2025-08-01,2025-09-26,,0.34441179037094116,0.0,2.3605401515960693
E,4,8,2025-08-08,2025-10-03,,0.18121302127838135,0.0,2.1973414421081543
E,4,8,2025-08-15,2025-10-10,,0.17399847507476807,0.0,6.009903430938721
E,4,8,2025-08-22,2025-10-17,,0.21031033992767334,0.0,6.046215534210205
E,4,12,2023-02-17,2023-05-12,0.0,0.10676410049200058,0.0,1.0216755867004395
E,4,12,2023-02-24,2023-05-19,0.0,0.11110973358154297,0.0,1.0260212421417236
E,4,12,2023-03-03,2023-05-26,0.0,0.11667254567146301,0.0,1.0315840244293213
E,4,12,2023-03-10,2023-06-02,0.0,0.1538320630788803,0.0,1.0687435865402222
E,4,12,2023-03-17,2023-06-09,0.0,0.17662200331687927,0.0,1.0915335416793823
E,4,12,2023-03-24,2023-06-16,0.0,0.18300947546958923,0.0,1.0979210138320923
E,4,12,2023-03-31,2023-06-23,0.0,0.19009234011173248,0.0,1.105003833770752
E,4,12,2023-04-07,2023-06-30,0.0,0.15091067552566528,0.0,1.0658221244812012
E,4,12,2023-04-14,2023-07-07,0.0,0.1829395890235901,0.0,1.097851037979126
E,4,12,2023-04-21,2023-07-14,0.0,0.18460732698440552,0.0,1.0995187759399414
E,4,12,2023-04-28,2023-07-21,0.0,0.2745891511440277,0.0,1.1895006895065308
E,4,12,2023-05-05,2023-07-28,1.0,0.3514109253883362,0.0,1.266322374343872
E,4,12,2023-05-12,2023-08-04,0.0,0.5640518069267273,0.0,1.4789633750915527
E,4,12,2023-05-19,2023-08-11,1.0,0.561497688293457,0.0,1.4764091968536377
E,4,12,2023-05-26,2023-08-18,1.0,0.4480361044406891,0.0,1.3629475831985474
E,4,12,2023-06-02,2023-08-25,2.0,0.980883002281189,0.0,1.8957945108413696
E,4,12,2023-06-09,2023-09-01,1.0,0.5623742341995239,0.0,1.4772857427597046
E,4,12,2023-06-16,2023-09-08,0.0,0.4818505644798279,0.0,1.3967621326446533
E,4,12,2023-06-23,2023-09-15,6.0,0.3888108432292938,0.0,1.3037223815917969
E,4,12,2023-06-30,2023-09-22,0.0,0.6066392660140991,0.0,1.5215507745742798
E,4,12,2023-07-07,2023-09-29,0.0,0.37621089816093445,0.0,1.2911224365234375
E,4,12,2023-07-14,2023-10-06,1.0,0.27467361092567444,0.0,1.1895850896835327
E,4,12,2023-07-21,2023-10-13,0.0,0.1221151277422905,0.0,1.0370266437530518
E,4,12,2023-07-28,2023-10-20,0.0,0.25525063276290894,0.0,1.1701622009277344
E,4,12,2023-08-04,2023-10-27,0.0,0.3859173357486725,0.0,1.3008288145065308
E,4,12,2023-08-11,2023-11-03,0.0,0.5072252750396729,0.0,1.4221367835998535
E,4,12,2023-08-18,2023-11-10,0.0,0.5369210243225098,0.0,1.4518325328826904
E,4,12,2023-08-25,2023-11-17,0.0,0.25051814317703247,0.0,1.1654295921325684
E,4,12,2023-09-01,2023-11-24,0.0,0.1327127069234848,0.0,1.0476242303848267
E,4,12,2023-09-08,2023-12-01,0.0,0.18030035495758057,0.0,1.1994173526763916
E,4,12,2023-09-15,2023-12-08,0.0,0.19299644231796265,0.0,1.212113380432129
E,4,12,2023-09-22,2023-12-15,0.0,0.22509229183197021,0.0,1.2442092895507812
E,4,12,2023-09-29,2023-12-22,0.0,0.20351088047027588,0.0,5.814700126647949
E,4,12,2023-10-06,2023-12-29,0.0,0.08944075554609299,0.0,5.700630187988281
E,4,12,2023-10-13,2024-01-05,0.0,0.12569323182106018,0.0,5.73688268661499
E,4,12,2023-10-20,2024-01-12,0.0,0.21499179303646088,0.0,5.826180934906006
E,4,12,2023-10-27,2024-01-19,0.0,0.18379677832126617,0.0,5.794986248016357
E,4,12,2023-11-03,2024-01-26,0.0,0.11704520881175995,0.0,5.728234767913818
E,4,12,2023-11-10,2024-02-02,0.0,0.15476995706558228,0.0,5.7659592628479
E,4,12,2023-11-17,2024-02-09,0.0,0.13235294818878174,0.0,5.743542194366455
E,4,12,2023-11-24,2024-02-16,0.0,0.14293211698532104,0.0,5.75412130355835
E,4,12,2023-12-01,2024-02-23,0.0,0.18805038928985596,0.0,5.799239635467529
E,4,12,2023-12-08,2024-03-01,0.0,0.1928725242614746,0.0,5.8040618896484375
E,4,12,2023-12-15,2024-03-08,0.0,0.20376348495483398,0.0,5.814952850341797
E,4,12,2023-12-22,2024-03-15,0.0,0.17726701498031616,0.0,5.788456439971924
E,4,12,2023-12-29,2024-03-22,0.0,0.19221347570419312,0.0,5.803402900695801
E,4,12,2024-01-05,2024-03-29,0.0,0.15784087777137756,0.0,5.7690300941467285
E,4,12,2024-01-12,2024-04-05,0.0,0.12029074132442474,0.0,5.731480121612549
E,4,12,2024-01-19,2024-04-12,0.0,0.09889340400695801,0.0,5.7100830078125
E,4,12,2024-01-26,2024-04-19,0.0,0.12019604444503784,0.0,5.731385231018066
E,4,12,2024-02-02,2024-04-26,0.0,0.14133881032466888,0.0,5.752528190612793
E,4,12,2024-02-09,2024-05-03,0.0,0.14959034323692322,0.0,5.760779857635498
E,4,12,2024-02-16,2024-05-10,0.0,0.1551186442375183,0.0,5.766307830810547
E,4,12,2024-02-23,2024-05-17,0.0,0.16670992970466614,0.0,5.777899265289307
E,4,12,2024-03-01,2024-05-24,0.0,0.18590745329856873,0.0,5.7970967292785645
E,4,12,2024-03-08,2024-05-31,0.0,0.2795148193836212,0.0,5.890704154968262
E,4,12,2024-03-15,2024-06-07,0.0,0.45449572801589966,0.0,6.065685272216797
E,4,12,2024-03-22,2024-06-14,0.0,0.6921297311782837,0.08549046516418457,6.303318977355957
E,4,12,2024-03-29,2024-06-21,0.0,1.113381266593933,0.506742000579834,6.7245707511901855
E,4,12,2024-04-05,2024-06-28,0.0,0.8505899906158447,0.2439507246017456,6.461779594421387
E,4,12,2024-04-12,2024-07-05,0.0,0.6774846911430359,0.07084542512893677,6.2886738777160645
E,4,12,2024-04-19,2024-07-12,0.0,0.39650478959083557,0.0,6.007694244384766
E,4,12,2024-04-26,2024-07-19,0.0,0.7066676020622253,0.10002833604812622,6.317856788635254
E,4,12,2024-05-03,2024-07-26,0.0,0.7312618494033813,0.12462258338928223,6.342451095581055
E,4,12,2024-05-10,2024-08-02,3.0,0.8283640742301941,0.22172480821609497,6.439553260803223
E,4,12,2024-05-17,2024-08-09,3.0,1.2811509370803833,0.6745116710662842,6.892340183258057
E,4,12,2024-05-24,2024-08-16,0.0,1.2677847146987915,0.6611454486846924,6.878973960876465
E,4,12,2024-05-31,2024-08-23,0.0,1.3123987913131714,0.7057595252990723,6.923588275909424
E,4,12,2024-06-07,2024-08-30,0.0,1.8021727800369263,1.1955335140228271,7.4133620262146
E,4,12,2024-06-14,2024-09-06,0.0,2.5370635986328125,1.9304243326187134,8.148252487182617
E,4,12,2024-06-21,2024-09-13,3.0,1.530816912651062,0.9241776466369629,7.1420063972473145
E,4,12,2024-06-28,2024-09-20,0.0,0.6279294490814209,0.0,6.239118576049805
E,4,12,2024-07-05,2024-09-27,1.0,0.39867570996284485,0.0,6.0098652839660645
E,4,12,2024-07-12,2024-10-04,1.0,0.3951672613620758,0.0,6.006356716156006
E,4,12,2024-07-19,2024-10-11,1.0,0.34936490654945374,0.0,5.960554122924805
E,4,12,2024-07-26,2024-10-18,1.0,0.3306955397129059,0.0,5.941884994506836
E,4,12,2024-08-02,2024-10-25,1.0,0.3483072817325592,0.0,5.95949649810791
E,4,12,2024-08-09,2024-11-01,1.0,0.375070720911026,0.0,5.986259937286377
E,4,12,2024-08-16,2024-11-08,0.0,0.4439207911491394,0.0,6.055109977722168
E,4,12,2024-08-23,2024-11-15,1.0,0.20723800361156464,0.0,5.818427562713623
E,4,12,2024-08-30,2024-11-22,0.0,0.1180390790104866,0.0,5.729228496551514
E,4,12,2024-09-06,2024-11-29,0.0,0.2042999565601349,0.0,5.815489292144775
E,4,12,2024-09-13,2024-12-06,0.0,0.1976626217365265,0.0,5.808852195739746
E,4,12,2024-09-20,2024-12-13,0.0,0.1533641815185547,0.0,5.764553546905518
E,4,12,2024-09-27,2024-12-20,0.0,0.20354443788528442,0.0,2.375180244445801
E,4,12,2024-10-04,2024-12-27,0.0,0.1731128990650177,0.0,2.3447487354278564
E,4,12,2024-10-11,2025-01-03,0.0,0.10500957071781158,0.0,2.2766454219818115
E,4,12,2024-10-18,2025-01-10,0.0,0.08189144730567932,0.0,2.2535274028778076
E,4,12,2024-10-25,2025-01-17,0.0,0.07668972760438919,0.0,2.2483255863189697
E,4,12,2024-11-01,2025-01-24,1.0,0.10965099185705185,0.0,2.2812869548797607
E,4,12,2024-11-08,2025-01-31,0.0,0.1315564066171646,0.0,2.303192377090454
E,4,12,2024-11-15,2025-02-07,0.0,0.09271793067455292,0.0,2.2643537521362305
E,4,12,2024-11-22,2025-02-14,0.0,0.06340105086565018,0.0,2.235036849975586
E,4,12,2024-11-29,2025-02-21,1.0,0.06935074925422668,0.0,2.2409865856170654
E,4,12,2024-12-06,2025-02-28,0.0,0.08463016897439957,0.0,2.2562661170959473
E,4,12,2024-12-13,2025-03-07,0.0,0.12306252121925354,0.0,2.294698476791382
E,4,12,2024-12-20,2025-03-14,0.0,0.08079451322555542,0.0,2.2524304389953613
E,4,12,2024-12-27,2025-03-21,0.0,0.11714912950992584,0.0,2.288784980773926
E,4,12,2025-01-03,2025-03-28,1.0,0.09750829637050629,0.0,2.269144058227539
E,4,12,2025-01-10,2025-04-04,1.0,0.10905454307794571,0.0,2.2806904315948486
E,4,12,2025-01-17,2025-04-11,1.0,0.10210254788398743,0.0,2.273738384246826
E,4,12,2025-01-24,2025-04-18,0.0,0.08672070503234863,0.0,2.2583565711975098
E,4,12,2025-01-31,2025-04-25,0.0,0.09129972755908966,0.0,2.2629356384277344
E,4,12,2025-02-07,2025-05-02,0.0,0.08655059337615967,0.0,2.2581863403320312
E,4,12,2025-02-14,2025-05-09,0.0,0.10183142125606537,0.0,2.2734673023223877
E,4,12,2025-02-21,2025-05-16,0.0,0.09832611680030823,0.0,2.2699620723724365
E,4,12,2025-02-28,2025-05-23,1.0,0.12174014747142792,0.0,2.2933759689331055
E,4,12,2025-03-07,2025-05-30,0.0,0.16226153075695038,0.0,2.333897352218628
E,4,12,2025-03-14,2025-06-06,0.0,0.1440906822681427,0.0,2.3157265186309814
E,4,12,2025-03-21,2025-06-13,0.0,0.15957748889923096,0.0,2.3312134742736816
E,4,12,2025-03-28,2025-06-20,1.0,0.17412161827087402,0.0,2.345757484436035
E,4,12,2025-04-04,2025-06-27,1.0,0.2470564842224121,0.0,2.4186923503875732
E,4,12,2025-04-11,2025-07-04,0.0,0.37405896186828613,0.0,2.5456948280334473
E,4,12,2025-04-18,2025-07-11,0.0,0.4674564301967621,0.0,2.639092206954956
E,4,12,2025-04-25,2025-07-18,3.0,0.644244372844696,0.0,2.815880298614502
E,4,12,2025-05-02,2025-07-25,1.0,0.8151922225952148,0.0,2.986828088760376
E,4,12,2025-05-09,2025-08-01,7.0,0.7163643836975098,0.0,2.888000249862671
E,4,12,2025-05-16,2025-08-08,1.0,1.0154024362564087,0.0,3.1870384216308594
E,4,12,2025-05-23,2025-08-15,0.0,1.5151424407958984,0.0,3.6867783069610596
E,4,12,2025-05-30,2025-08-22,1.0,1.3829567432403564,0.0,3.5545926094055176
E,4,12,2025-06-06,2025-08-29,1.0,0.9601666331291199,0.0,3.131802558898926
E,4,12,2025-06-13,2025-09-05,,0.6856819987297058,0.0,2.8573179244995117
E,4,12,2025-06-20,2025-09-12,,1.465582013130188,0.0,3.6372179985046387
E,4,12,2025-06-27,2025-09-19,,1.0799627304077148,0.0,3.251598596572876
E,4,12,2025-07-04,2025-09-26,,0.23944798111915588,0.0,2.411083936691284
E,4,12,2025-07-11,2025-10-03,,0.2691385746002197,0.0,2.440774440765381
E,4,12,2025-07-18,2025-10-10,,0.32321277260780334,0.0,2.4948487281799316
E,4,12,2025-07-25,2025-10-17,,0.27976834774017334,0.0,2.451404094696045
E,4,12,2025-08-01,2025-10-24,,0.391568124294281,0.0,2.747323751449585
E,4,12,2025-08-08,2025-10-31,,0.26595360040664673,0.0,2.621709108352661
E,4,12,2025-08-15,2025-11-07,,0.20641958713531494,0.0,6.490055084228516
E,4,12,2025-08-22,2025-11-14,,0.20398026704788208,0.0,6.487616062164307
F,5,1,2023-02-17,2023-02-24,0.0,0.0,0.0,1.0
F,5,1,2023-02-24,2023-03-03,0.0,0.0,0.0,1.0
F,5,1,2023-03-03,2023-03-10,0.0,0.0,0.0,1.0
F,5,1,2023-03-10,2023-03-17,0.0,0.0,0.0,1.0
F,5,1,2023-03-17,2023-03-24,0.0,0.0,0.0,1.0
F,5,1,2023-03-24,2023-03-31,0.0,0.0,0.0,1.0
F,5,1,2023-03-31,2023-04-07,0.0,0.0,0.0,1.0
F,5,1,2023-04-07,2023-04-14,0.0,0.0,0.0,1.0
F,5,1,2023-04-14,2023-04-21,0.0,0.0,0.0,1.0
F,5,1,2023-04-21,2023-04-28,0.0,0.0,0.0,1.0
F,5,1,2023-04-28,2023-05-05,0.0,0.0,0.0,1.0
F,5,1,2023-05-05,2023-05-12,0.0,0.0,0.0,1.0
F,5,1,2023-05-12,2023-05-19,0.0,0.0,0.0,1.0
F,5,1,2023-05-19,2023-05-26,0.0,0.0,0.0,1.0
F,5,1,2023-05-26,2023-06-02,0.0,0.0,0.0,1.0
F,5,1,2023-06-02,2023-06-09,0.0,0.0,0.0,1.0
F,5,1,2023-06-09,2023-06-16,1.0,0.0,0.0,1.0
F,5,1,2023-06-16,2023-06-23,2.0,0.0,0.0,1.0
F,5,1,2023-06-23,2023-06-30,1.0,0.0,0.0,1.0
F,5,1,2023-06-30,2023-07-07,0.0,0.0,0.0,1.0
F,5,1,2023-07-07,2023-07-14,0.0,0.0,0.0,2.0
F,5,1,2023-07-14,2023-07-21,0.0,0.0,0.0,2.0
F,5,1,2023-07-21,2023-07-28,1.0,0.0,0.0,2.0
F,5,1,2023-07-28,2023-08-04,0.0,0.0,0.0,2.0
F,5,1,2023-08-04,2023-08-11,1.0,0.0,0.0,2.0
F,5,1,2023-08-11,2023-08-18,1.0,0.0,0.0,2.0
F,5,1,2023-08-18,2023-08-25,0.0,0.0,0.0,2.0
F,5,1,2023-08-25,2023-09-01,0.0,0.0,0.0,2.0
F,5,1,2023-09-01,2023-09-08,0.0,0.0,0.0,2.0
F,5,1,2023-09-08,2023-09-15,0.0,0.0,0.0,2.0
F,5,1,2023-09-15,2023-09-22,0.0,0.0,0.0,2.0
F,5,1,2023-09-22,2023-09-29,0.0,0.0,0.0,2.0
F,5,1,2023-09-29,2023-10-06,1.0,0.0,0.0,2.0
F,5,1,2023-10-06,2023-10-13,0.0,0.0,0.0,2.0
F,5,1,2023-10-13,2023-10-20,0.0,0.0,0.0,2.0
F,5,1,2023-10-20,2023-10-27,0.0,0.0,0.0,2.0
F,5,1,2023-10-27,2023-11-03,0.0,0.0,0.0,2.0
F,5,1,2023-11-03,2023-11-10,1.0,0.0,0.0,2.0
F,5,1,2023-11-10,2023-11-17,1.0,0.0,0.0,2.0
F,5,1,2023-11-17,2023-11-24,0.0,0.0,0.0,2.0
F,5,1,2023-11-24,2023-12-01,0.0,0.0,0.0,2.0
F,5,1,2023-12-01,2023-12-08,0.0,0.0,0.0,2.0
F,5,1,2023-12-08,2023-12-15,1.0,0.0,0.0,2.0
F,5,1,2023-12-15,2023-12-22,0.0,0.0,0.0,2.0
F,5,1,2023-12-22,2023-12-29,0.0,0.0,0.0,2.0
F,5,1,2023-12-29,2024-01-05,0.0,0.0,0.0,2.0
F,5,1,2024-01-05,2024-01-12,0.0,0.0,0.0,2.0
F,5,1,2024-01-12,2024-01-19,0.0,0.0,0.0,2.0
F,5,1,2024-01-19,2024-01-26,0.0,0.0,0.0,2.0
F,5,1,2024-01-26,2024-02-02,0.0,0.0,0.0,2.0
F,5,1,2024-02-02,2024-02-09,0.0,0.0,0.0,2.0
F,5,1,2024-02-09,2024-02-16,0.0,0.0,0.0,2.0
F,5,1,2024-02-16,2024-02-23,0.0,0.0,0.0,2.0
F,5,1,2024-02-23,2024-03-01,0.0,0.0,0.0,2.0
F,5,1,2024-03-01,2024-03-08,0.0,0.0,0.0,2.0
F,5,1,2024-03-08,2024-03-15,0.0,0.0,0.0,2.0
F,5,1,2024-03-15,2024-03-22,0.0,0.0,0.0,2.0
F,5,1,2024-03-22,2024-03-29,0.0,0.0,0.0,2.0
F,5,1,2024-03-29,2024-04-05,0.0,0.0,0.0,2.0
F,5,1,2024-04-05,2024-04-12,0.0,0.0,0.0,2.0
F,5,1,2024-04-12,2024-04-19,0.0,0.0,0.0,2.0
F,5,1,2024-04-19,2024-04-26,0.0,0.0,0.0,2.0
F,5,1,2024-04-26,2024-05-03,0.0,0.0,0.0,2.0
F,5,1,2024-05-03,2024-05-10,0.0,0.0,0.0,2.0
F,5,1,2024-05-10,2024-05-17,0.0,0.0,0.0,2.0
F,5,1,2024-05-17,2024-05-24,0.0,0.0,0.0,2.0
F,5,1,2024-05-24,2024-05-31,1.0,0.0,0.0,2.0
F,5,1,2024-05-31,2024-06-07,0.0,0.0,0.0,2.0
F,5,1,2024-06-07,2024-06-14,1.0,0.0,0.0,2.0
F,5,1,2024-06-14,2024-06-21,1.0,0.0,0.0,2.0
F,5,1,2024-06-21,2024-06-28,0.0,0.0,0.0,2.0
F,5,1,2024-06-28,2024-07-05,0.0,0.0,0.0,2.0
F,5,1,2024-07-05,2024-07-12,0.0,0.0,0.0,1.0
F,5,1,2024-07-12,2024-07-19,0.0,0.0,0.0,1.0
F,5,1,2024-07-19,2024-07-26,0.0,0.0,0.0,1.0
F,5,1,2024-07-26,2024-08-02,1.0,0.0,0.0,1.0
F,5,1,2024-08-02,2024-08-09,5.0,0.0,0.0,1.0
F,5,1,2024-08-09,2024-08-16,0.0,0.0,0.0,1.0
F,5,1,2024-08-16,2024-08-23,0.0,0.0,0.0,1.0
F,5,1,2024-08-23,2024-08-30,1.0,0.0,0.0,5.0
F,5,1,2024-08-30,2024-09-06,0.0,0.0,0.0,5.0
F,5,1,2024-09-06,2024-09-13,2.0,0.0,0.0,5.0
F,5,1,2024-09-13,2024-09-20,1.0,0.0,0.0,5.0
F,5,1,2024-09-20,2024-09-27,0.0,0.0,0.0,5.0
F,5,1,2024-09-27,2024-10-04,0.0,0.0,0.0,5.0
F,5,1,2024-10-04,2024-10-11,0.0,0.0,0.0,5.0
F,5,1,2024-10-11,2024-10-18,0.0,0.0,0.0,5.0
F,5,1,2024-10-18,2024-10-25,0.0,0.0,0.0,5.0
F,5,1,2024-10-25,2024-11-01,3.0,0.0,0.0,5.0
F,5,1,2024-11-01,2024-11-08,1.0,0.0,0.0,5.0
F,5,1,2024-11-08,2024-11-15,0.0,0.0,0.0,5.0
F,5,1,2024-11-15,2024-11-22,0.0,0.0,0.0,5.0
F,5,1,2024-11-22,2024-11-29,1.0,0.0,0.0,5.0
F,5,1,2024-11-29,2024-12-06,0.0,0.0,0.0,5.0
F,5,1,2024-12-06,2024-12-13,0.0,0.0,0.0,5.0
F,5,1,2024-12-13,2024-12-20,0.0,0.0,0.0,5.0
F,5,1,2024-12-20,2024-12-27,0.0,0.0,0.0,5.0
F,5,1,2024-12-27,2025-01-03,0.0,0.0,0.0,5.0
F,5,1,2025-01-03,2025-01-10,0.0,0.0,0.0,5.0
F,5,1,2025-01-10,2025-01-17,0.0,0.0,0.0,5.0
F,5,1,2025-01-17,2025-01-24,0.0,0.0,0.0,5.0
F,5,1,2025-01-24,2025-01-31,0.0,0.0,0.0,5.0
F,5,1,2025-01-31,2025-02-07,0.0,0.0,0.0,5.0
F,5,1,2025-02-07,2025-02-14,0.0,0.0,0.0,5.0
F,5,1,2025-02-14,2025-02-21,0.0,0.0,0.0,5.0
F,5,1,2025-02-21,2025-02-28,0.0,0.0,0.0,5.0
F,5,1,2025-02-28,2025-03-07,0.0,0.0,0.0,5.0
F,5,1,2025-03-07,2025-03-14,0.0,0.0,0.0,5.0
F,5,1,2025-03-14,2025-03-21,0.0,0.0,0.0,5.0
F,5,1,2025-03-21,2025-03-28,0.0,0.0,0.0,5.0
F,5,1,2025-03-28,2025-04-04,1.0,0.0,0.0,5.0
F,5,1,2025-04-04,2025-04-11,0.0,0.0,0.0,5.0
F,5,1,2025-04-11,2025-04-18,0.0,0.0,0.0,5.0
F,5,1,2025-04-18,2025-04-25,0.0,0.0,0.0,5.0
F,5,1,2025-04-25,2025-05-02,0.0,0.0,0.0,5.0
F,5,1,2025-05-02,2025-05-09,1.0,0.0,0.0,5.0
F,5,1,2025-05-09,2025-05-16,0.0,0.0,0.0,5.0
F,5,1,2025-05-16,2025-05-23,0.0,0.0,0.0,5.0
F,5,1,2025-05-23,2025-05-30,0.0,0.0,0.0,5.0
F,5,1,2025-05-30,2025-06-06,0.0,0.0,0.0,5.0
F,5,1,2025-06-06,2025-06-13,0.0,0.0,0.0,5.0
F,5,1,2025-06-13,2025-06-20,0.0,0.0,0.0,5.0
F,5,1,2025-06-20,2025-06-27,0.0,0.0,0.0,5.0
F,5,1,2025-06-27,2025-07-04,0.0,0.0,0.0,5.0
F,5,1,2025-07-04,2025-07-11,0.0,0.0,0.0,5.0
F,5,1,2025-07-11,2025-07-18,0.0,0.0,0.0,5.0
F,5,1,2025-07-18,2025-07-25,2.0,0.0,0.0,5.0
F,5,1,2025-07-25,2025-08-01,7.0,0.0,0.0,5.0
F,5,1,2025-08-01,2025-08-08,8.0,0.0,0.0,5.0
F,5,1,2025-08-08,2025-08-15,1.0,0.0,0.0,5.0
F,5,1,2025-08-15,2025-08-22,0.0,0.0,0.0,7.0
F,5,1,2025-08-22,2025-08-29,0.0,0.0,0.0,8.0
F,5,2,2023-02-17,2023-03-03,0.0,0.07166449725627899,0.0,1.0456969738006592
F,5,2,2023-02-24,2023-03-10,0.0,0.049256667494773865,0.0,1.0232892036437988
F,5,2,2023-03-03,2023-03-17,0.0,0.052522167563438416,0.0,1.0265547037124634
F,5,2,2023-03-10,2023-03-24,0.0,0.0695444718003273,0.0,1.043576955795288
F,5,2,2023-03-17,2023-03-31,0.0,0.0831785574555397,0.0,1.0572110414505005
F,5,2,2023-03-24,2023-04-07,0.0,0.0704241394996643,0.0,1.0444567203521729
F,5,2,2023-03-31,2023-04-14,0.0,0.06145168095827103,0.0,1.0354841947555542
F,5,2,2023-04-07,2023-04-21,0.0,0.05109109729528427,0.0,1.0251235961914062
F,5,2,2023-04-14,2023-04-28,0.0,0.04916880279779434,0.0,1.0232013463974
F,5,2,2023-04-21,2023-05-05,0.0,0.050159648060798645,0.0,1.024192214012146
F,5,2,2023-04-28,2023-05-12,0.0,0.063527911901474,0.0,1.0375604629516602
F,5,2,2023-05-05,2023-05-19,0.0,0.0804247185587883,0.0,1.054457187652588
F,5,2,2023-05-12,2023-05-26,0.0,0.11360127478837967,0.0,1.0876338481903076
F,5,2,2023-05-19,2023-06-02,0.0,0.08711706101894379,0.0,1.0611495971679688
F,5,2,2023-05-26,2023-06-09,0.0,0.10863038152456284,0.0,1.0826629400253296
F,5,2,2023-06-02,2023-06-16,1.0,0.08789131790399551,0.0,1.061923861503601
F,5,2,2023-06-09,2023-06-23,2.0,0.24692165851593018,0.021827489137649536,1.220954179763794
F,5,2,2023-06-16,2023-06-30,1.0,0.1627049744129181,0.0,1.1367374658584595
F,5,2,2023-06-23,2023-07-07,0.0,0.12652906775474548,0.0,1.1005616188049316
F,5,2,2023-06-30,2023-07-14,0.0,0.13013064861297607,0.0,1.1041631698608398
F,5,2,2023-07-07,2023-07-21,0.0,0.17867401242256165,0.0,1.931752324104309
F,5,2,2023-07-14,2023-07-28,1.0,0.28617721796035767,0.12826403975486755,2.0392556190490723
F,5,2,2023-07-21,2023-08-04,0.0,0.2103346288204193,0.06302610039710999,1.9634130001068115
F,5,2,2023-07-28,2023-08-11,1.0,1.2984100580215454,1.1511015892028809,3.0514883995056152
F,5,2,2023-08-04,2023-08-18,1.0,0.7995544672012329,0.6208804845809937,2.5526328086853027
F,5,2,2023-08-11,2023-08-25,0.0,0.38947194814682007,0.21079793572425842,2.142550230026245
F,5,2,2023-08-18,2023-09-01,0.0,0.3316566050052643,0.12132197618484497,2.0847349166870117
F,5,2,2023-08-25,2023-09-08,0.0,0.3072848916053772,0.008874833583831787,2.060363292694092
F,5,2,2023-09-01,2023-09-15,0.0,0.22310596704483032,0.0,1.976184368133545
F,5,2,2023-09-08,2023-09-22,0.0,0.16949939727783203,0.0,1.9225777387619019
F,5,2,2023-09-15,2023-09-29,0.0,0.18585574626922607,0.0,1.938934087753296
F,5,2,2023-09-22,2023-10-06,1.0,0.1779121458530426,0.0,1.93099045753479
F,5,2,2023-09-29,2023-10-13,0.0,0.16384679079055786,0.0,1.9169251918792725
F,5,2,2023-10-06,2023-10-20,0.0,0.11363329738378525,0.0,1.8667116165161133
F,5,2,2023-10-13,2023-10-27,0.0,0.10380513221025467,0.0,1.8568835258483887
F,5,2,2023-10-20,2023-11-03,0.0,0.10047363489866257,0.0,1.853551983833313
F,5,2,2023-10-27,2023-11-10,1.0,0.06370755285024643,0.0,1.8167859315872192
F,5,2,2023-11-03,2023-11-17,1.0,0.040113650262355804,0.0,1.7931920289993286
F,5,2,2023-11-10,2023-11-24,0.0,0.05113617330789566,0.0,1.8042144775390625
F,5,2,2023-11-17,2023-12-01,0.0,0.08596164733171463,0.0,1.8390400409698486
F,5,2,2023-11-24,2023-12-08,0.0,0.06261546909809113,0.0,1.8156938552856445
F,5,2,2023-12-01,2023-12-15,1.0,0.025113705545663834,0.0,1.7781920433044434
F,5,2,2023-12-08,2023-12-22,0.0,0.059148408472537994,0.0,1.8122267723083496
F,5,2,2023-12-15,2023-12-29,0.0,0.06765955686569214,0.0,1.8207378387451172
F,5,2,2023-12-22,2024-01-05,0.0,0.059292666614055634,0.0,1.812371015548706
F,5,2,2023-12-29,2024-01-12,0.0,0.06480520963668823,0.0,1.8178834915161133
F,5,2,2024-01-05,2024-01-19,0.0,0.059683240950107574,0.0,1.8127615451812744
F,5,2,2024-01-12,2024-01-26,0.0,0.057234182953834534,0.0,1.8103125095367432
F,5,2,2024-01-19,2024-02-02,0.0,0.060977786779403687,0.0,1.814056158065796
F,5,2,2024-01-26,2024-02-09,0.0,0.0514855831861496,0.0,1.8045638799667358
F,5,2,2024-02-02,2024-02-16,0.0,0.049089401960372925,0.0,1.8021677732467651
F,5,2,2024-02-09,2024-02-23,0.0,0.07958323508501053,0.0,1.8326616287231445
F,5,2,2024-02-16,2024-03-01,0.0,0.07131257653236389,0.0,1.8243908882141113
F,5,2,2024-02-23,2024-03-08,0.0,0.06604737043380737,0.0,1.8191256523132324
F,5,2,2024-03-01,2024-03-15,0.0,0.0692124217748642,0.0,1.8222907781600952
F,5,2,2024-03-08,2024-03-22,0.0,0.04524721950292587,0.0,1.798325538635254
F,5,2,2024-03-15,2024-03-29,0.0,0.056970566511154175,0.0,1.8100489377975464
F,5,2,2024-03-22,2024-04-05,0.0,0.0569666251540184,0.0,1.8100450038909912
F,5,2,2024-03-29,2024-04-12,0.0,0.059224799275398254,0.0,1.8123031854629517
F,5,2,2024-04-05,2024-04-19,0.0,0.07840583473443985,0.0,1.8314841985702515
F,5,2,2024-04-12,2024-04-26,0.0,0.07829134911298752,0.0,1.8313696384429932
F,5,2,2024-04-19,2024-05-03,0.0,0.07641240209341049,0.0,1.8294907808303833
F,5,2,2024-04-26,2024-05-10,0.0,0.09775416553020477,0.0,1.850832462310791
F,5,2,2024-05-03,2024-05-17,0.0,0.1023135855793953,0.0,1.8553919792175293
F,5,2,2024-05-10,2024-05-24,0.0,0.13499504327774048,0.0,1.888073444366455
F,5,2,2024-05-17,2024-05-31,1.0,0.14967972040176392,0.0,1.9027581214904785
F,5,2,2024-05-24,2024-06-07,0.0,0.5111874341964722,0.1217154860496521,2.264265775680542
F,5,2,2024-05-31,2024-06-14,1.0,0.23748332262039185,0.0,1.9905617237091064
F,5,2,2024-06-07,2024-06-21,1.0,0.28554728627204895,0.0,2.038625717163086
F,5,2,2024-06-14,2024-06-28,0.0,0.3769958019256592,0.0,2.1300740242004395
F,5,2,2024-06-21,2024-07-05,0.0,0.44407710433006287,0.0,2.197155475616455
F,5,2,2024-06-28,2024-07-12,0.0,0.42957326769828796,0.0,2.1826515197753906
F,5,2,2024-07-05,2024-07-19,0.0,0.3015354573726654,0.0,1.2764217853546143
F,5,2,2024-07-12,2024-07-26,0.0,0.20351842045783997,0.0,1.178404688835144
F,5,2,2024-07-19,2024-08-02,1.0,0.562640368938446,0.05145293474197388,1.5375266075134277
F,5,2,2024-07-26,2024-08-09,5.0,0.19226396083831787,0.0,1.1671502590179443
F,5,2,2024-08-02,2024-08-16,0.0,0.30422303080558777,0.0,1.2791093587875366
F,5,2,2024-08-09,2024-08-23,0.0,0.2504858374595642,0.0,1.225372076034546
F,5,2,2024-08-16,2024-08-30,1.0,0.18510234355926514,0.0,1.1599886417388916
F,5,2,2024-08-23,2024-09-06,0.0,0.22089353203773499,0.0,5.028629302978516
F,5,2,2024-08-30,2024-09-13,2.0,0.7050161957740784,0.1938287615776062,5.512752056121826
F,5,2,2024-09-06,2024-09-20,1.0,0.2931300401687622,0.0,5.100865840911865
F,5,2,2024-09-13,2024-09-27,0.0,0.21528181433677673,0.0,5.023017883300781
F,5,2,2024-09-20,2024-10-04,0.0,0.12789487838745117,0.0,4.935630798339844
F,5,2,2024-09-27,2024-10-11,0.0,0.7201271653175354,0.20893973112106323,5.527863025665283
F,5,2,2024-10-04,2024-10-18,0.0,0.11818074434995651,0.0,4.92591667175293
F,5,2,2024-10-11,2024-10-25,0.0,0.08527161180973053,0.0,4.893007755279541
F,5,2,2024-10-18,2024-11-01,3.0,0.09441888332366943,0.0,4.902154922485352
F,5,2,2024-10-25,2024-11-08,1.0,0.07056236267089844,0.0,4.878298282623291
F,5,2,2024-11-01,2024-11-15,0.0,0.04128117859363556,0.0,4.849017143249512
F,5,2,2024-11-08,2024-11-22,0.0,0.07213260233402252,0.0,4.879868507385254
F,5,2,2024-11-15,2024-11-29,1.0,0.06789346039295197,0.0,4.875629425048828
F,5,2,2024-11-22,2024-12-06,0.0,0.06849993765354156,0.0,4.8762359619140625
F,5,2,2024-11-29,2024-12-13,0.0,0.045083098113536835,0.0,4.852818965911865
F,5,2,2024-12-06,2024-12-20,0.0,0.056438930332660675,0.0,4.864174842834473
F,5,2,2024-12-13,2024-12-27,0.0,0.055488698184490204,0.0,4.863224506378174
F,5,2,2024-12-20,2025-01-03,0.0,0.05302359163761139,0.0,4.860759735107422
F,5,2,2024-12-27,2025-01-10,0.0,0.07977946847677231,0.0,4.887515544891357
F,5,2,2025-01-03,2025-01-17,0.0,0.07066848129034042,0.0,4.87840461730957
F,5,2,2025-01-10,2025-01-24,0.0,0.06902564316987991,0.0,4.876761436462402
F,5,2,2025-01-17,2025-01-31,0.0,0.05400024354457855,0.0,4.861736297607422
F,5,2,2025-01-24,2025-02-07,0.0,0.06519303470849991,0.0,4.872929096221924
F,5,2,2025-01-31,2025-02-14,0.0,0.07711459696292877,0.0,4.88485050201416
F,5,2,2025-02-07,2025-02-21,0.0,0.08789003640413284,0.0,4.895626068115234
F,5,2,2025-02-14,2025-02-28,0.0,0.06095576286315918,0.0,4.868691444396973
F,5,2,2025-02-21,2025-03-07,0.0,0.058629296720027924,0.0,4.866365432739258
F,5,2,2025-02-28,2025-03-14,0.0,0.0683721974492073,0.0,4.876108169555664
F,5,2,2025-03-07,2025-03-21,0.0,0.0506502166390419,0.0,4.858386039733887
F,5,2,2025-03-14,2025-03-28,0.0,0.04380076378583908,0.0,4.851536750793457
F,5,2,2025-03-21,2025-04-04,1.0,0.051915884017944336,0.0,4.859651565551758
F,5,2,2025-03-28,2025-04-11,0.0,0.06481385976076126,0.0,4.872550010681152
F,5,2,2025-04-04,2025-04-18,0.0,0.07710029929876328,0.0,4.884836196899414
F,5,2,2025-04-11,2025-04-25,0.0,0.0971408262848854,0.0,4.904876708984375
F,5,2,2025-04-18,2025-05-02,0.0,0.09213977307081223,0.0,4.899875640869141
F,5,2,2025-04-25,2025-05-09,1.0,0.09478215128183365,0.0,4.902518272399902
F,5,2,2025-05-02,2025-05-16,0.0,0.08055759221315384,0.0,4.888293743133545
F,5,2,2025-05-09,2025-05-23,0.0,0.09165609627962112,0.0,4.899392127990723
F,5,2,2025-05-16,2025-05-30,0.0,0.13237911462783813,0.0,4.940114974975586
F,5,2,2025-05-23,2025-06-06,0.0,0.2045079469680786,0.0,5.012243747711182
F,5,2,2025-05-30,2025-06-13,0.0,0.2706407904624939,0.0,5.078376770019531
F,5,2,2025-06-06,2025-06-20,0.0,0.35624098777770996,0.0,5.163976669311523
F,5,2,2025-06-13,2025-06-27,0.0,0.14476799964904785,0.0,4.9525041580200195
F,5,2,2025-06-20,2025-07-04,0.0,0.17856255173683167,0.0,4.986298561096191
F,5,2,2025-06-27,2025-07-11,0.0,0.19890692830085754,0.0,5.006642818450928
F,5,2,2025-07-04,2025-07-18,0.0,0.6629882454872131,0.0,5.470724105834961
F,5,2,2025-07-11,2025-07-25,2.0,0.9689202904701233,0.2487931251525879,5.776656150817871
F,5,2,2025-07-18,2025-08-01,7.0,2.50565767288208,1.7855305671691895,7.313393592834473
F,5,2,2025-07-25,2025-08-08,8.0,1.7814786434173584,1.0613515377044678,6.589214324951172
F,5,2,2025-08-01,2025-08-15,1.0,1.0702464580535889,0.35011929273605347,5.877982139587402
F,5,2,2025-08-08,2025-08-22,0.0,0.28047096729278564,0.0,5.088206768035889
F,5,2,2025-08-15,2025-08-29,0.0,0.24944129586219788,0.0,5.0571770668029785
F,5,2,2025-08-22,2025-09-05,,0.3990461528301239,0.0,6.61756706237793
F,5,4,2023-02-17,2023-03-17,0.0,0.10316094756126404,0.0,0.9613006114959717
F,5,4,2023-02-24,2023-03-24,0.0,0.1056269034743309,0.0,0.9637665152549744
F,5,4,2023-03-03,2023-03-31,0.0,0.10337166488170624,0.0,0.9615113139152527
F,5,4,2023-03-10,2023-04-07,0.0,0.10011842846870422,0.0,0.9582580327987671
F,5,4,2023-03-17,2023-04-14,0.0,0.10574037581682205,0.0,0.9638800024986267
F,5,4,2023-03-24,2023-04-21,0.0,0.11475689709186554,0.0,0.9728965163230896
F,5,4,2023-03-31,2023-04-28,0.0,0.11371361464262009,0.0,0.9718532562255859
F,5,4,2023-04-07,2023-05-05,0.0,0.11002713441848755,0.0,0.9681667685508728
F,5,4,2023-04-14,2023-05-12,0.0,0.12334062904119492,0.0,0.9814802408218384
F,5,4,2023-04-21,2023-05-19,0.0,0.13044142723083496,0.0,0.9885810613632202
F,5,4,2023-04-28,2023-05-26,0.0,0.15814313292503357,0.0,1.0162827968597412
F,5,4,2023-05-05,2023-06-02,0.0,0.2102883756160736,0.0,1.0684280395507812
F,5,4,2023-05-12,2023-06-09,0.0,0.20063292980194092,0.0,1.0587725639343262
F,5,4,2023-05-19,2023-06-16,1.0,0.18134769797325134,0.0,1.039487361907959
F,5,4,2023-05-26,2023-06-23,2.0,0.19286245107650757,0.0,1.051002025604248
F,5,4,2023-06-02,2023-06-30,1.0,0.352297842502594,0.0,1.210437536239624
F,5,4,2023-06-09,2023-07-07,0.0,0.35012710094451904,0.0,1.2082667350769043
F,5,4,2023-06-16,2023-07-14,0.0,0.47957372665405273,0.0,1.337713360786438
F,5,4,2023-06-23,2023-07-21,0.0,0.8869476914405823,0.0,1.7450873851776123
F,5,4,2023-06-30,2023-07-28,1.0,0.6512911319732666,0.0,1.5094307661056519
F,5,4,2023-07-07,2023-08-04,0.0,0.8939836621284485,0.0,2.7011210918426514
F,5,4,2023-07-14,2023-08-11,1.0,0.7144550085067749,0.0,2.521592617034912
F,5,4,2023-07-21,2023-08-18,1.0,0.39971643686294556,0.0,2.2068538665771484
F,5,4,2023-07-28,2023-08-25,0.0,0.8934689164161682,0.4138951897621155,2.700606346130371
F,5,4,2023-08-04,2023-09-01,0.0,0.5088114142417908,0.0,2.315948963165283
F,5,4,2023-08-11,2023-09-08,0.0,0.6073448061943054,0.0,2.414482355117798
F,5,4,2023-08-18,2023-09-15,0.0,0.724018394947052,0.0,2.531155824661255
F,5,4,2023-08-25,2023-09-22,0.0,0.3663543164730072,0.0,2.1734917163848877
F,5,4,2023-09-01,2023-09-29,0.0,0.3335871994495392,0.0,2.1407246589660645
F,5,4,2023-09-08,2023-10-06,1.0,0.4272959232330322,0.0,2.23443341255188
F,5,4,2023-09-15,2023-10-13,0.0,0.6686687469482422,0.0,2.47580623626709
F,5,4,2023-09-22,2023-10-20,0.0,0.8070307374000549,0.0,2.614168167114258
F,5,4,2023-09-29,2023-10-27,0.0,0.3630112111568451,0.0,2.1701486110687256
F,5,4,2023-10-06,2023-11-03,0.0,0.2674836814403534,0.0,2.0746212005615234
F,5,4,2023-10-13,2023-11-10,1.0,0.267975777387619,0.0,2.075113296508789
F,5,4,2023-10-20,2023-11-17,1.0,0.2052956223487854,0.0,2.0124330520629883
F,5,4,2023-10-27,2023-11-24,0.0,0.1719771921634674,0.0,1.9791146516799927
F,5,4,2023-11-03,2023-12-01,0.0,0.17943474650382996,0.0,1.986572265625
F,5,4,2023-11-10,2023-12-08,0.0,0.19173316657543182,0.0,1.998870611190796
F,5,4,2023-11-17,2023-12-15,1.0,0.18062913417816162,0.0,1.9877666234970093
F,5,4,2023-11-24,2023-12-22,0.0,0.14590047299861908,0.0,1.953037977218628
F,5,4,2023-12-01,2023-12-29,0.0,0.1323329210281372,0.0,1.9394704103469849
F,5,4,2023-12-08,2024-01-05,0.0,0.13765734434127808,0.0,1.9447948932647705
F,5,4,2023-12-15,2024-01-12,0.0,0.14062601327896118,0.0,1.947763442993164
F,5,4,2023-12-22,2024-01-19,0.0,0.13467492163181305,0.0,1.9418123960494995
F,5,4,2023-12-29,2024-01-26,0.0,0.12034554779529572,0.0,1.927483081817627
F,5,4,2024-01-05,2024-02-02,0.0,0.11548028886318207,0.0,1.922617793083191
F,5,4,2024-01-12,2024-02-09,0.0,0.12112895399332047,0.0,1.9282664060592651
F,5,4,2024-01-19,2024-02-16,0.0,0.11139026284217834,0.0,1.9185277223587036
F,5,4,2024-01-26,2024-02-23,0.0,0.11030809581279755,0.0,1.9174455404281616
F,5,4,2024-02-02,2024-03-01,0.0,0.10821058601140976,0.0,1.9153480529785156
F,5,4,2024-02-09,2024-03-08,0.0,0.10774121433496475,0.0,1.9148787260055542
F,5,4,2024-02-16,2024-03-15,0.0,0.11705321818590164,0.0,1.9241907596588135
F,5,4,2024-02-23,2024-03-22,0.0,0.10955040901899338,0.0,1.9166878461837769
F,5,4,2024-03-01,2024-03-29,0.0,0.10509905964136124,0.0,1.9122365713119507
F,5,4,2024-03-08,2024-04-05,0.0,0.10697461664676666,0.0,1.9141120910644531
F,5,4,2024-03-15,2024-04-12,0.0,0.11040469259023666,0.0,1.9175422191619873
F,5,4,2024-03-22,2024-04-19,0.0,0.11836938560009003,0.0,1.925506830215454
F,5,4,2024-03-29,2024-04-26,0.0,0.13099944591522217,0.0,1.9381369352340698
F,5,4,2024-04-05,2024-05-03,0.0,0.1538648009300232,0.0,1.9610023498535156
F,5,4,2024-04-12,2024-05-10,0.0,0.16630785167217255,0.0,1.9734452962875366
F,5,4,2024-04-19,2024-05-17,0.0,0.1893531084060669,0.0,1.9964905977249146
F,5,4,2024-04-26,2024-05-24,0.0,0.27811363339424133,0.0,2.0852510929107666
F,5,4,2024-05-03,2024-05-31,1.0,0.3498503565788269,0.0,2.1569879055023193
F,5,4,2024-05-10,2024-06-07,0.0,0.43693286180496216,0.0,2.244070291519165
F,5,4,2024-05-17,2024-06-14,1.0,0.3787268400192261,0.0,2.1858644485473633
F,5,4,2024-05-24,2024-06-21,1.0,0.3608880937099457,0.0,2.168025493621826
F,5,4,2024-05-31,2024-06-28,0.0,0.5533237457275391,0.0,2.3604612350463867
F,5,4,2024-06-07,2024-07-05,0.0,1.0167030096054077,0.12271934747695923,2.823840618133545
F,5,4,2024-06-14,2024-07-12,0.0,2.1030421257019043,1.2090585231781006,3.910179615020752
F,5,4,2024-06-21,2024-07-19,0.0,2.3690438270568848,1.475060224533081,4.176181316375732
F,5,4,2024-06-28,2024-07-26,0.0,1.7463754415512085,0.85239177942276,3.5535130500793457
F,5,4,2024-07-05,2024-08-02,1.0,1.0225942134857178,0.1286105513572693,1.8419650793075562
F,5,4,2024-07-12,2024-08-09,5.0,0.8261137008666992,0.0,1.6454845666885376
F,5,4,2024-07-19,2024-08-16,0.0,0.5373580455780029,0.0,1.3567289113998413
F,5,4,2024-07-26,2024-08-23,0.0,0.4351341724395752,0.0,1.2545050382614136
F,5,4,2024-08-02,2024-08-30,1.0,0.4759698808193207,0.0,1.2953407764434814
F,5,4,2024-08-09,2024-09-06,0.0,0.8083288073539734,0.0,1.627699613571167
F,5,4,2024-08-16,2024-09-13,2.0,0.5926575660705566,0.0,1.412028431892395
F,5,4,2024-08-23,2024-09-20,1.0,0.3165183365345001,0.0,4.4904046058654785
F,5,4,2024-08-30,2024-09-27,0.0,0.3631119728088379,0.0,4.536998271942139
F,5,4,2024-09-06,2024-10-04,0.0,0.3303910791873932,0.0,4.504277229309082
F,5,4,2024-09-13,2024-10-11,0.0,0.42384621500968933,0.0,4.5977325439453125
F,5,4,2024-09-20,2024-10-18,0.0,0.2646763324737549,0.0,4.438562393188477
F,5,4,2024-09-27,2024-10-25,0.0,0.36816003918647766,0.0,4.542046546936035
F,5,4,2024-10-04,2024-11-01,3.0,0.2532830834388733,0.0,4.427169322967529
F,5,4,2024-10-11,2024-11-08,1.0,0.2771012485027313,0.0,4.450987339019775
F,5,4,2024-10-18,2024-11-15,0.0,0.252412885427475,0.0,4.426299095153809
F,5,4,2024-10-25,2024-11-22,0.0,0.14355474710464478,0.0,4.317440986633301
F,5,4,2024-11-01,2024-11-29,1.0,0.13219735026359558,0.0,4.306083679199219
F,5,4,2024-11-08,2024-12-06,0.0,0.185430109500885,0.0,4.359316349029541
F,5,4,2024-11-15,2024-12-13,0.0,0.2375091016292572,0.0,4.41139554977417
F,5,4,2024-11-22,2024-12-20,0.0,0.1609499454498291,0.0,4.334836006164551
F,5,4,2024-11-29,2024-12-27,0.0,0.1340695172548294,0.0,4.307955741882324
F,5,4,2024-12-06,2025-01-03,0.0,0.15968352556228638,0.0,4.3335700035095215
F,5,4,2024-12-13,2025-01-10,0.0,0.1359660029411316,0.0,4.309852123260498
F,5,4,2024-12-20,2025-01-17,0.0,0.14612743258476257,0.0,4.320013523101807
F,5,4,2024-12-27,2025-01-24,0.0,0.12262293696403503,0.0,4.296509265899658
F,5,4,2025-01-03,2025-01-31,0.0,0.10781478136777878,0.0,4.28170108795166
F,5,4,2025-01-10,2025-02-07,0.0,0.11628830432891846,0.0,4.29017448425293
F,5,4,2025-01-17,2025-02-14,0.0,0.10503095388412476,0.0,4.27891731262207
F,5,4,2025-01-24,2025-02-21,0.0,0.09640246629714966,0.0,4.270288944244385
F,5,4,2025-01-31,2025-02-28,0.0,0.10058203339576721,0.0,4.274468421936035
F,5,4,2025-02-07,2025-03-07,0.0,0.10524563491344452,0.0,4.279131889343262
F,5,4,2025-02-14,2025-03-14,0.0,0.10628322511911392,0.0,4.280169486999512
F,5,4,2025-02-21,2025-03-21,0.0,0.101275235414505,0.0,4.2751617431640625
F,5,4,2025-02-28,2025-03-28,0.0,0.10235755890607834,0.0,4.276243686676025
F,5,4,2025-03-07,2025-04-04,1.0,0.1105019599199295,0.0,4.284388065338135
F,5,4,2025-03-14,2025-04-11,0.0,0.11319822818040848,0.0,4.287084579467773
F,5,4,2025-03-21,2025-04-18,0.0,0.11766212433576584,0.0,4.291548252105713
F,5,4,2025-03-28,2025-04-25,0.0,0.1305435597896576,0.0,4.30443000793457
F,5,4,2025-04-04,2025-05-02,0.0,0.17818617820739746,0.0,4.352072715759277
F,5,4,2025-04-11,2025-05-09,1.0,0.21896228194236755,0.0,4.392848491668701
F,5,4,2025-04-18,2025-05-16,0.0,0.21597886085510254,0.0,4.389864921569824
F,5,4,2025-04-25,2025-05-23,0.0,0.2689390778541565,0.0,4.4428253173828125
F,5,4,2025-05-02,2025-05-30,0.0,0.28791508078575134,0.0,4.461801528930664
F,5,4,2025-05-09,2025-06-06,0.0,0.24061861634254456,0.0,4.4145050048828125
F,5,4,2025-05-16,2025-06-13,0.0,0.25856196880340576,0.0,4.432448387145996
F,5,4,2025-05-23,2025-06-20,0.0,0.3204093873500824,0.0,4.494295597076416
F,5,4,2025-05-30,2025-06-27,0.0,0.2807922959327698,0.0,4.454678535461426
F,5,4,2025-06-06,2025-07-04,0.0,0.24658697843551636,0.0,4.420473098754883
F,5,4,2025-06-13,2025-07-11,0.0,0.46525734663009644,0.0,4.639143466949463
F,5,4,2025-06-20,2025-07-18,0.0,1.0349555015563965,0.0,5.208841800689697
F,5,4,2025-06-27,2025-07-25,2.0,1.1113576889038086,0.0,5.285243988037109
F,5,4,2025-07-04,2025-08-01,7.0,0.9276777505874634,0.0,5.101563930511475
F,5,4,2025-07-11,2025-08-08,8.0,0.3289082646369934,0.0,4.5027947425842285
F,5,4,2025-07-18,2025-08-15,1.0,0.39711758494377136,0.0,4.5710039138793945
F,5,4,2025-07-25,2025-08-22,0.0,0.36348921060562134,0.0,4.537375450134277
F,5,4,2025-08-01,2025-08-29,0.0,0.32833731174468994,0.0,4.502223491668701
F,5,4,2025-08-08,2025-09-05,,0.40749916434288025,0.0,4.581385612487793
F,5,4,2025-08-15,2025-09-12,,0.6464181542396545,0.0,6.718740463256836
F,5,4,2025-08-22,2025-09-19,,0.6676015257835388,0.0,8.338692665100098
F,5,8,2023-02-17,2023-04-14,0.0,0.08616548776626587,0.0,1.05617094039917
F,5,8,2023-02-24,2023-04-21,0.0,0.08270853757858276,0.0,1.0527138710021973
F,5,8,2023-03-03,2023-04-28,0.0,0.07847891002893448,0.0,1.0484843254089355
F,5,8,2023-03-10,2023-05-05,0.0,0.08446855843067169,0.0,1.0544739961624146
F,5,8,2023-03-17,2023-05-12,0.0,0.09686128050088882,0.0,1.0668666362762451
F,5,8,2023-03-24,2023-05-19,0.0,0.06923499703407288,0.0,1.0392403602600098
F,5,8,2023-03-31,2023-05-26,0.0,0.05978090316057205,0.0,1.0297863483428955
F,5,8,2023-04-07,2023-06-02,0.0,0.04991505295038223,0.0,1.0199204683303833
F,5,8,2023-04-14,2023-06-09,0.0,0.09313672035932541,0.0,1.0631420612335205
F,5,8,2023-04-21,2023-06-16,1.0,0.057121697813272476,0.0,1.0271271467208862
F,5,8,2023-04-28,2023-06-23,2.0,0.03401965647935867,0.0,1.0040251016616821
F,5,8,2023-05-05,2023-06-30,1.0,0.10411962121725082,0.0,1.074125051498413
F,5,8,2023-05-12,2023-07-07,0.0,0.2684228718280792,0.0,1.2384282350540161
F,5,8,2023-05-19,2023-07-14,0.0,0.2270621657371521,0.0,1.1970674991607666
F,5,8,2023-05-26,2023-07-21,0.0,0.18252629041671753,0.0,1.152531623840332
F,5,8,2023-06-02,2023-07-28,1.0,0.34768590331077576,0.0,1.3176913261413574
F,5,8,2023-06-09,2023-08-04,0.0,0.8398729562759399,0.15018725395202637,1.8098783493041992
F,5,8,2023-06-16,2023-08-11,1.0,1.204973578453064,0.5152878761291504,2.1749789714813232
F,5,8,2023-06-23,2023-08-18,1.0,0.42317327857017517,0.0,1.3931787014007568
F,5,8,2023-06-30,2023-08-25,0.0,0.893348217010498,0.20366251468658447,1.8633536100387573
F,5,8,2023-07-07,2023-09-01,0.0,0.4969586431980133,0.0,2.4629390239715576
F,5,8,2023-07-14,2023-09-08,0.0,0.2774844169616699,0.0,2.243464708328247
F,5,8,2023-07-21,2023-09-15,0.0,0.30305156111717224,0.03462868928909302,2.2690317630767822
F,5,8,2023-07-28,2023-09-22,0.0,0.8287407159805298,0.560317873954773,2.7947211265563965
F,5,8,2023-08-04,2023-09-29,0.0,1.7858399152755737,1.517417073249817,3.7518200874328613
F,5,8,2023-08-11,2023-10-06,1.0,0.6110063791275024,0.3425835072994232,2.576986789703369
F,5,8,2023-08-18,2023-10-13,0.0,0.2658017873764038,0.0,2.2317819595336914
F,5,8,2023-08-25,2023-10-20,0.0,0.10782407224178314,0.0,2.0738043785095215
F,5,8,2023-09-01,2023-10-27,0.0,0.10084034502506256,0.0,2.0668206214904785
F,5,8,2023-09-08,2023-11-03,0.0,0.16204789280891418,0.0,2.128028154373169
F,5,8,2023-09-15,2023-11-10,1.0,0.19602742791175842,0.0,2.1620078086853027
F,5,8,2023-09-22,2023-11-17,1.0,0.1314164698123932,0.0,2.0973968505859375
F,5,8,2023-09-29,2023-11-24,0.0,0.0771583616733551,0.0,2.0431387424468994
F,5,8,2023-10-06,2023-12-01,0.0,0.06799864768981934,0.0,2.0339789390563965
F,5,8,2023-10-13,2023-12-08,0.0,0.1274050921201706,0.0,2.0933854579925537
F,5,8,2023-10-20,2023-12-15,1.0,0.2180381715297699,0.0,2.18401837348938
F,5,8,2023-10-27,2023-12-22,0.0,0.11431960016489029,0.0,2.0802998542785645
F,5,8,2023-11-03,2023-12-29,0.0,0.07529331743717194,0.0,2.041273593902588
F,5,8,2023-11-10,2024-01-05,0.0,0.0994858518242836,0.0,2.0654661655426025
F,5,8,2023-11-17,2024-01-12,0.0,0.12835967540740967,0.0,2.0943398475646973
F,5,8,2023-11-24,2024-01-19,0.0,0.12835925817489624,0.0,2.094339609146118
F,5,8,2023-12-01,2024-01-26,0.0,0.1207861676812172,0.0,2.086766481399536
F,5,8,2023-12-08,2024-02-02,0.0,0.10171937197446823,0.0,2.067699670791626
F,5,8,2023-12-15,2024-02-09,0.0,0.09701796621084213,0.0,2.0629982948303223
F,5,8,2023-12-22,2024-02-16,0.0,0.05859946459531784,0.0,2.0245797634124756
F,5,8,2023-12-29,2024-02-23,0.0,0.041869208216667175,0.0,2.0078494548797607
F,5,8,2024-01-05,2024-03-01,0.0,0.06069929525256157,0.0,2.026679515838623
F,5,8,2024-01-12,2024-03-08,0.0,0.06416362524032593,0.0,2.030143976211548
F,5,8,2024-01-19,2024-03-15,0.0,0.06525103747844696,0.0,2.03123140335083
F,5,8,2024-01-26,2024-03-22,0.0,0.055613551288843155,0.0,2.0215938091278076
F,5,8,2024-02-02,2024-03-29,0.0,0.0660770833492279,0.0,2.032057285308838
F,5,8,2024-02-09,2024-04-05,0.0,0.05256663262844086,0.0,2.0185468196868896
F,5,8,2024-02-16,2024-04-12,0.0,0.041283756494522095,0.0,2.0072641372680664
F,5,8,2024-02-23,2024-04-19,0.0,0.06279487907886505,0.0,2.028775215148926
F,5,8,2024-03-01,2024-04-26,0.0,0.05912735313177109,0.0,2.0251076221466064
F,5,8,2024-03-08,2024-05-03,0.0,0.09221311658620834,0.0,2.0581934452056885
F,5,8,2024-03-15,2024-05-10,0.0,0.13069024682044983,0.0,2.096670627593994
F,5,8,2024-03-22,2024-05-17,0.0,0.08942481130361557,0.0,2.0554051399230957
F,5,8,2024-03-29,2024-05-24,0.0,0.31443536281585693,0.0,2.2804155349731445
F,5,8,2024-04-05,2024-05-31,1.0,0.6510054469108582,0.0,2.61698579788208
F,5,8,2024-04-12,2024-06-07,0.0,0.40142005681991577,0.0,2.3674004077911377
F,5,8,2024-04-19,2024-06-14,1.0,0.2597798705101013,0.0,2.2257602214813232
F,5,8,2024-04-26,2024-06-21,1.0,0.43356359004974365,0.0,2.3995437622070312
F,5,8,2024-05-03,2024-06-28,0.0,0.49898985028266907,0.0,2.464970111846924
F,5,8,2024-05-10,2024-07-05,0.0,0.6721813678741455,0.0,2.6381616592407227
F,5,8,2024-05-17,2024-07-12,0.0,0.9503194689750671,0.0,2.916299819946289
F,5,8,2024-05-24,2024-07-19,0.0,1.1540085077285767,0.0,3.1199889183044434
F,5,8,2024-05-31,2024-07-26,0.0,0.9202587604522705,0.0,2.8862390518188477
F,5,8,2024-06-07,2024-08-02,1.0,0.7327931523323059,0.0,2.6987733840942383
F,5,8,2024-06-14,2024-08-09,5.0,0.7395873069763184,0.0,2.7055675983428955
F,5,8,2024-06-21,2024-08-16,0.0,0.6214907765388489,0.0,2.5874710083007812
F,5,8,2024-06-28,2024-08-23,0.0,0.5416274070739746,0.0,2.5076076984405518
F,5,8,2024-07-05,2024-08-30,1.0,0.6407281160354614,0.0,1.5366084575653076
F,5,8,2024-07-12,2024-09-06,0.0,0.912441611289978,0.0,1.7810251712799072
F,5,8,2024-07-19,2024-09-13,2.0,1.0349414348602295,0.0,1.9035249948501587
F,5,8,2024-07-26,2024-09-20,1.0,0.7378814220428467,0.0,1.6064649820327759
F,5,8,2024-08-02,2024-09-27,0.0,0.5419813990592957,0.0,1.41056489944458
F,5,8,2024-08-09,2024-10-04,0.0,0.6303349137306213,0.0,1.4989185333251953
F,5,8,2024-08-16,2024-10-11,0.0,0.190594881772995,0.0,1.0591784715652466
F,5,8,2024-08-23,2024-10-18,0.0,0.3068966865539551,0.0,4.567309379577637
F,5,8,2024-08-30,2024-10-25,0.0,0.29227733612060547,0.0,4.552690029144287
F,5,8,2024-09-06,2024-11-01,3.0,0.1710519790649414,0.0,4.431464672088623
F,5,8,2024-09-13,2024-11-08,1.0,0.19240769743919373,0.0,4.452820301055908
F,5,8,2024-09-20,2024-11-15,0.0,0.08131293952465057,0.0,4.341725826263428
F,5,8,2024-09-27,2024-11-22,0.0,0.09376052767038345,0.0,4.354173183441162
F,5,8,2024-10-04,2024-11-29,1.0,0.049787405878305435,0.0,4.310200214385986
F,5,8,2024-10-11,2024-12-06,0.0,0.02980586141347885,0.0,4.290218353271484
F,5,8,2024-10-18,2024-12-13,0.0,0.1211276724934578,0.0,4.381540298461914
F,5,8,2024-10-25,2024-12-20,0.0,0.09952376782894135,0.0,4.359936237335205
F,5,8,2024-11-01,2024-12-27,0.0,0.09710186719894409,0.0,4.357514381408691
F,5,8,2024-11-08,2025-01-03,0.0,0.21213653683662415,0.0,4.4725494384765625
F,5,8,2024-11-15,2025-01-10,0.0,0.08905757963657379,0.0,4.349470138549805
F,5,8,2024-11-22,2025-01-17,0.0,0.03288193792104721,0.0,4.293294429779053
F,5,8,2024-11-29,2025-01-24,0.0,0.02702750638127327,0.0,4.287440299987793
F,5,8,2024-12-06,2025-01-31,0.0,0.08508629351854324,0.0,4.345499038696289
F,5,8,2024-12-13,2025-02-07,0.0,0.075088731944561,0.0,4.335501194000244
F,5,8,2024-12-20,2025-02-14,0.0,0.052691612392663956,0.0,4.313104152679443
F,5,8,2024-12-27,2025-02-21,0.0,0.040872178971767426,0.0,4.3012847900390625
F,5,8,2025-01-03,2025-02-28,0.0,0.04839986562728882,0.0,4.308812618255615
F,5,8,2025-01-10,2025-03-07,0.0,0.05971843749284744,0.0,4.320131301879883
F,5,8,2025-01-17,2025-03-14,0.0,0.03591880574822426,0.0,4.296331405639648
F,5,8,2025-01-24,2025-03-21,0.0,0.06813184916973114,0.0,4.328544616699219
F,5,8,2025-01-31,2025-03-28,0.0,0.0848492681980133,0.0,4.345262050628662
F,5,8,2025-02-07,2025-04-04,1.0,0.06878979504108429,0.0,4.329202651977539
F,5,8,2025-02-14,2025-04-11,0.0,0.036933790892362595,0.0,4.297346591949463
F,5,8,2025-02-21,2025-04-18,0.0,0.0647691860795021,0.0,4.32518196105957
F,5,8,2025-02-28,2025-04-25,0.0,0.0807478278875351,0.0,4.341160297393799
F,5,8,2025-03-07,2025-05-02,0.0,0.07637137174606323,0.0,4.3367838859558105
F,5,8,2025-03-14,2025-05-09,1.0,0.032712578773498535,0.0,4.293125152587891
F,5,8,2025-03-21,2025-05-16,0.0,0.033579934388399124,0.0,4.293992519378662
F,5,8,2025-03-28,2025-05-23,0.0,0.04738018661737442,0.0,4.307792663574219
F,5,8,2025-04-04,2025-05-30,0.0,0.029088973999023438,0.0,4.289501667022705
F,5,8,2025-04-11,2025-06-06,0.0,0.12370116263628006,0.0,4.384113788604736
F,5,8,2025-04-18,2025-06-13,0.0,0.19271165132522583,0.0,4.453124523162842
F,5,8,2025-04-25,2025-06-20,0.0,0.3662087321281433,0.0,4.626621246337891
F,5,8,2025-05-02,2025-06-27,0.0,0.3319084346294403,0.0,4.592320919036865
F,5,8,2025-05-09,2025-07-04,0.0,0.25918999314308167,0.0,4.5196027755737305
F,5,8,2025-05-16,2025-07-11,0.0,0.44118139147758484,0.0,4.70159387588501
F,5,8,2025-05-23,2025-07-18,0.0,0.5448368191719055,0.0,4.8052496910095215
F,5,8,2025-05-30,2025-07-25,2.0,0.7514523863792419,0.0,5.011865139007568
F,5,8,2025-06-06,2025-08-01,7.0,0.8453323245048523,0.0,5.1057448387146
F,5,8,2025-06-13,2025-08-08,8.0,0.25548675656318665,0.0,4.515899658203125
F,5,8,2025-06-20,2025-08-15,1.0,0.26621514558792114,0.0,4.526628017425537
F,5,8,2025-06-27,2025-08-22,0.0,0.3070008456707001,0.0,4.567413330078125
F,5,8,2025-07-04,2025-08-29,0.0,0.27128902077674866,0.0,4.531701564788818
F,5,8,2025-07-11,2025-09-05,,0.25957098603248596,0.0,4.519983768463135
F,5,8,2025-07-18,2025-09-12,,0.5550686717033386,0.0,4.815481185913086
F,5,8,2025-07-25,2025-09-19,,0.6147840023040771,0.0,4.87519645690918
F,5,8,2025-08-01,2025-09-26,,0.3665849566459656,0.0,4.626997470855713
F,5,8,2025-08-08,2025-10-03,,0.057582590728998184,0.0,4.317995071411133
F,5,8,2025-08-15,2025-10-10,,0.1044134870171547,0.0,6.2590813636779785
F,5,8,2025-08-22,2025-10-17,,0.1552864909172058,0.0,7.899799346923828
F,5,12,2023-02-17,2023-05-12,0.0,0.09400621056556702,0.0,0.9935718774795532
F,5,12,2023-02-24,2023-05-19,0.0,0.09632104635238647,0.0,0.9958867430686951
F,5,12,2023-03-03,2023-05-26,0.0,0.10063176602125168,0.0,1.000197410583496
F,5,12,2023-03-10,2023-06-02,0.0,0.14354439079761505,0.0,1.0431101322174072
F,5,12,2023-03-17,2023-06-09,0.0,0.15690836310386658,0.0,1.0564740896224976
F,5,12,2023-03-24,2023-06-16,1.0,0.15804380178451538,0.0,1.0576095581054688
F,5,12,2023-03-31,2023-06-23,2.0,0.14853312075138092,0.0,1.0480988025665283
F,5,12,2023-04-07,2023-06-30,1.0,0.141524076461792,0.0,1.0410897731781006
F,5,12,2023-04-14,2023-07-07,0.0,0.20496273040771484,0.0,1.1045284271240234
F,5,12,2023-04-21,2023-07-14,0.0,0.21130594611167908,0.0,1.11087167263031
F,5,12,2023-04-28,2023-07-21,0.0,0.3315473794937134,0.0,1.231113076210022
F,5,12,2023-05-05,2023-07-28,1.0,0.3846875727176666,0.0,1.2842532396316528
F,5,12,2023-05-12,2023-08-04,0.0,0.6015107035636902,0.0,1.5010764598846436
F,5,12,2023-05-19,2023-08-11,1.0,0.500313401222229,0.0,1.3998790979385376
F,5,12,2023-05-26,2023-08-18,1.0,0.31565043330192566,0.0,1.2152161598205566
F,5,12,2023-06-02,2023-08-25,0.0,0.9119008183479309,0.0,1.8114664554595947
F,5,12,2023-06-09,2023-09-01,0.0,0.43579673767089844,0.0,1.335362434387207
F,5,12,2023-06-16,2023-09-08,0.0,0.47347310185432434,0.0,1.3730387687683105
F,5,12,2023-06-23,2023-09-15,0.0,0.37035173177719116,0.0,1.2699174880981445
F,5,12,2023-06-30,2023-09-22,0.0,0.6263295412063599,0.0,1.5258952379226685
F,5,12,2023-07-07,2023-09-29,0.0,0.4540529251098633,0.0,2.3055198192596436
F,5,12,2023-07-14,2023-10-06,1.0,0.29044753313064575,0.0,2.1419143676757812
F,5,12,2023-07-21,2023-10-13,0.0,0.08956886827945709,0.0,1.9410357475280762
F,5,12,2023-07-28,2023-10-20,0.0,0.2254204899072647,0.0,2.076887369155884
F,5,12,2023-08-04,2023-10-27,0.0,0.37249860167503357,0.0,2.2239654064178467
F,5,12,2023-08-11,2023-11-03,0.0,0.4237644076347351,0.0,2.27523136138916
F,5,12,2023-08-18,2023-11-10,1.0,0.43278107047080994,0.0,2.284247875213623
F,5,12,2023-08-25,2023-11-17,1.0,0.15711984038352966,0.0,2.0085866451263428
F,5,12,2023-09-01,2023-11-24,0.0,0.07826510071754456,0.0,1.9297319650650024
F,5,12,2023-09-08,2023-12-01,0.0,0.1341807097196579,0.0,1.9856475591659546
F,5,12,2023-09-15,2023-12-08,0.0,0.16217486560344696,0.0,2.013641834259033
F,5,12,2023-09-22,2023-12-15,1.0,0.2127527892589569,0.0,2.0642197132110596
F,5,12,2023-09-29,2023-12-22,0.0,0.1096557229757309,0.0,1.9611226320266724
F,5,12,2023-10-06,2023-12-29,0.0,0.039244696497917175,0.0,1.8907115459442139
F,5,12,2023-10-13,2024-01-05,0.0,0.06423461437225342,0.0,1.9157015085220337
F,5,12,2023-10-20,2024-01-12,0.0,0.11744382977485657,0.0,1.9689106941223145
F,5,12,2023-10-27,2024-01-19,0.0,0.13411357998847961,0.0,1.9855804443359375
F,5,12,2023-11-03,2024-01-26,0.0,0.10921017825603485,0.0,1.9606770277023315
F,5,12,2023-11-10,2024-02-02,0.0,0.08865481615066528,0.0,1.9401216506958008
F,5,12,2023-11-17,2024-02-09,0.0,0.09987036138772964,0.0,1.951337218284607
F,5,12,2023-11-24,2024-02-16,0.0,0.11496518552303314,0.0,1.9664320945739746
F,5,12,2023-12-01,2024-02-23,0.0,0.1513594090938568,0.0,2.00282621383667
F,5,12,2023-12-08,2024-03-01,0.0,0.16978880763053894,0.0,2.0212557315826416
F,5,12,2023-12-15,2024-03-08,0.0,0.1587281972169876,0.0,2.010195016860962
F,5,12,2023-12-22,2024-03-15,0.0,0.16159826517105103,0.0,2.0130650997161865
F,5,12,2023-12-29,2024-03-22,0.0,0.1789509356021881,0.0,2.0304179191589355
F,5,12,2024-01-05,2024-03-29,0.0,0.14946326613426208,0.0,2.000930070877075
F,5,12,2024-01-12,2024-04-05,0.0,0.10301123559474945,0.0,1.954478144645691
F,5,12,2024-01-19,2024-04-12,0.0,0.08620705455541611,0.0,1.9376739263534546
F,5,12,2024-01-26,2024-04-19,0.0,0.0931742787361145,0.0,1.94464111328125
F,5,12,2024-02-02,2024-04-26,0.0,0.12139095366001129,0.0,1.9728578329086304
F,5,12,2024-02-09,2024-05-03,0.0,0.16246306896209717,0.0,2.013929843902588
F,5,12,2024-02-16,2024-05-10,0.0,0.11956395208835602,0.0,1.971030831336975
F,5,12,2024-02-23,2024-05-17,0.0,0.1274242401123047,0.0,1.978891134262085
F,5,12,2024-03-01,2024-05-24,0.0,0.15067163109779358,0.0,2.002138614654541
F,5,12,2024-03-08,2024-05-31,1.0,0.2031434178352356,0.0,2.054610252380371
F,5,12,2024-03-15,2024-06-07,0.0,0.24743148684501648,0.0,2.098898410797119
F,5,12,2024-03-22,2024-06-14,1.0,0.32959994673728943,0.0,2.1810667514801025
F,5,12,2024-03-29,2024-06-21,1.0,0.4702170491218567,0.0,2.321683883666992
F,5,12,2024-04-05,2024-06-28,0.0,0.4100143313407898,0.0,2.261481285095215
F,5,12,2024-04-12,2024-07-05,0.0,0.5447997450828552,0.0,2.3962666988372803
F,5,12,2024-04-19,2024-07-12,0.0,0.33694636821746826,0.0,2.188413143157959
F,5,12,2024-04-26,2024-07-19,0.0,0.5980482697486877,0.0,2.4495151042938232
F,5,12,2024-05-03,2024-07-26,0.0,0.5900664925575256,0.0,2.441533327102661
F,5,12,2024-05-10,2024-08-02,1.0,0.7131505608558655,0.0,2.564617395401001
F,5,12,2024-05-17,2024-08-09,5.0,1.1176881790161133,0.20578736066818237,2.9691550731658936
F,5,12,2024-05-24,2024-08-16,0.0,1.260737419128418,0.34883660078048706,3.1122043132781982
F,5,12,2024-05-31,2024-08-23,0.0,1.2215789556503296,0.3096781373023987,3.0730457305908203
F,5,12,2024-06-07,2024-08-30,1.0,1.391296148300171,0.47939532995224,3.242763042449951
F,5,12,2024-06-14,2024-09-06,0.0,1.902471899986267,0.9905710816383362,3.753938674926758
F,5,12,2024-06-21,2024-09-13,2.0,1.3283895254135132,0.4164887070655823,3.179856300354004
F,5,12,2024-06-28,2024-09-20,1.0,0.8658682107925415,0.0,2.7173352241516113
F,5,12,2024-07-05,2024-09-27,0.0,0.5080227255821228,0.0,1.3664987087249756
F,5,12,2024-07-12,2024-10-04,0.0,0.4539191424846649,0.0,1.2967993021011353
F,5,12,2024-07-19,2024-10-11,0.0,0.40656518936157227,0.0,1.2494453191757202
F,5,12,2024-07-26,2024-10-18,0.0,0.40175750851631165,0.0,1.2446376085281372
F,5,12,2024-08-02,2024-10-25,0.0,0.2476767599582672,0.0,1.0905568599700928
F,5,12,2024-08-09,2024-11-01,3.0,0.3137558102607727,0.0,1.1566359996795654
F,5,12,2024-08-16,2024-11-08,1.0,0.29883164167404175,0.0,1.141711711883545
F,5,12,2024-08-23,2024-11-15,0.0,0.2277013212442398,0.0,4.110013008117676
F,5,12,2024-08-30,2024-11-22,0.0,0.14317338168621063,0.0,4.025485038757324
F,5,12,2024-09-06,2024-11-29,1.0,0.15559326112270355,0.0,4.037905216217041
F,5,12,2024-09-13,2024-12-06,0.0,0.15398888289928436,0.0,4.0363006591796875
F,5,12,2024-09-20,2024-12-13,0.0,0.10650783777236938,0.0,3.9888195991516113
F,5,12,2024-09-27,2024-12-20,0.0,0.16525018215179443,0.0,4.047562122344971
F,5,12,2024-10-04,2024-12-27,0.0,0.19886107742786407,0.0,4.081172943115234
F,5,12,2024-10-11,2025-01-03,0.0,0.06926168501377106,0.0,3.951573610305786
F,5,12,2024-10-18,2025-01-10,0.0,0.0628863126039505,0.0,3.9451980590820312
F,5,12,2024-10-25,2025-01-17,0.0,0.063622385263443,0.0,3.945934295654297
F,5,12,2024-11-01,2025-01-24,0.0,0.09488605707883835,0.0,3.9771978855133057
F,5,12,2024-11-08,2025-01-31,0.0,0.11988069117069244,0.0,4.002192497253418
F,5,12,2024-11-15,2025-02-07,0.0,0.10072866082191467,0.0,3.9830405712127686
F,5,12,2024-11-22,2025-02-14,0.0,0.06794565171003342,0.0,3.9502575397491455
F,5,12,2024-11-29,2025-02-21,0.0,0.05760006979107857,0.0,3.9399118423461914
F,5,12,2024-12-06,2025-02-28,0.0,0.06967176496982574,0.0,3.951983690261841
F,5,12,2024-12-13,2025-03-07,0.0,0.10753048956394196,0.0,3.989842414855957
F,5,12,2024-12-20,2025-03-14,0.0,0.06936086714267731,0.0,3.9516727924346924
F,5,12,2024-12-27,2025-03-21,0.0,0.11081985384225845,0.0,3.993131637573242
F,5,12,2025-01-03,2025-03-28,0.0,0.07320244610309601,0.0,3.9555141925811768
F,5,12,2025-01-10,2025-04-04,1.0,0.052379123866558075,0.0,3.9346909523010254
F,5,12,2025-01-17,2025-04-11,0.0,0.05204353481531143,0.0,3.9343552589416504
F,5,12,2025-01-24,2025-04-18,0.0,0.08651131391525269,0.0,3.968823194503784
F,5,12,2025-01-31,2025-04-25,0.0,0.08031272888183594,0.0,3.9626245498657227
F,5,12,2025-02-07,2025-05-02,0.0,0.07891444861888885,0.0,3.961226224899292
F,5,12,2025-02-14,2025-05-09,1.0,0.07674778997898102,0.0,3.959059715270996
F,5,12,2025-02-21,2025-05-16,0.0,0.07973562180995941,0.0,3.9620473384857178
F,5,12,2025-02-28,2025-05-23,0.0,0.09867268055677414,0.0,3.9809844493865967
F,5,12,2025-03-07,2025-05-30,0.0,0.1291963905096054,0.0,4.011507987976074
F,5,12,2025-03-14,2025-06-06,0.0,0.1162257269024849,0.0,3.998537540435791
F,5,12,2025-03-21,2025-06-13,0.0,0.14126181602478027,0.0,4.023573875427246
F,5,12,2025-03-28,2025-06-20,0.0,0.15098530054092407,0.0,4.033297061920166
F,5,12,2025-04-04,2025-06-27,0.0,0.22656649351119995,0.0,4.108878135681152
F,5,12,2025-04-11,2025-07-04,0.0,0.31461405754089355,0.0,4.196926116943359
F,5,12,2025-04-18,2025-07-11,0.0,0.38954806327819824,0.0,4.271860122680664
F,5,12,2025-04-25,2025-07-18,0.0,0.5064817667007446,0.0,4.388793468475342
F,5,12,2025-05-02,2025-07-25,2.0,0.6691109538078308,0.0,4.551422595977783
F,5,12,2025-05-09,2025-08-01,7.0,0.6141901612281799,0.0,4.496501922607422
F,5,12,2025-05-16,2025-08-08,8.0,0.76711505651474,0.0,4.6494269371032715
F,5,12,2025-05-23,2025-08-15,1.0,0.9042270183563232,0.0,4.786539077758789
F,5,12,2025-05-30,2025-08-22,0.0,0.9842302203178406,0.0,4.866541862487793
F,5,12,2025-06-06,2025-08-29,0.0,0.6228926181793213,0.0,4.505204200744629
F,5,12,2025-06-13,2025-09-05,,0.7558265924453735,0.0,4.638138294219971
F,5,12,2025-06-20,2025-09-12,,1.3146859407424927,0.0,5.19699764251709
F,5,12,2025-06-27,2025-09-19,,0.9323758482933044,0.0,4.814687728881836
F,5,12,2025-07-04,2025-09-26,,0.177193745970726,0.0,4.059505462646484
F,5,12,2025-07-11,2025-10-03,,0.19203253090381622,0.0,4.074344158172607
F,5,12,2025-07-18,2025-10-10,,0.2634926438331604,0.0,4.145804405212402
F,5,12,2025-07-25,2025-10-17,,0.26716914772987366,0.0,4.149480819702148
F,5,12,2025-08-01,2025-10-24,,0.35735225677490234,0.0,4.239664077758789
F,5,12,2025-08-08,2025-10-31,,0.30231404304504395,0.0,4.184625625610352
F,5,12,2025-08-15,2025-11-07,,0.23399436473846436,0.0,6.619804382324219
F,5,12,2025-08-22,2025-11-14,,0.32448577880859375,0.0,7.557370662689209
G,6,1,2023-02-17,2023-02-24,0.0,0.0,0.0,2.0
G,6,1,2023-02-24,2023-03-03,0.0,0.0,0.0,2.0
G,6,1,2023-03-03,2023-03-10,0.0,0.0,0.0,2.0
G,6,1,2023-03-10,2023-03-17,0.0,0.0,0.0,2.0
G,6,1,2023-03-17,2023-03-24,0.0,0.0,0.0,2.0
G,6,1,2023-03-24,2023-03-31,0.0,0.0,0.0,2.0
G,6,1,2023-03-31,2023-04-07,1.0,0.0,0.0,2.0
G,6,1,2023-04-07,2023-04-14,0.0,0.0,0.0,2.0
G,6,1,2023-04-14,2023-04-21,0.0,0.0,0.0,2.0
G,6,1,2023-04-21,2023-04-28,1.0,0.0,0.0,2.0
G,6,1,2023-04-28,2023-05-05,0.0,0.0,0.0,2.0
G,6,1,2023-05-05,2023-05-12,0.0,0.0,0.0,2.0
G,6,1,2023-05-12,2023-05-19,0.0,0.0,0.0,2.0
G,6,1,2023-05-19,2023-05-26,0.0,0.0,0.0,2.0
G,6,1,2023-05-26,2023-06-02,0.0,0.0,0.0,2.0
G,6,1,2023-06-02,2023-06-09,0.0,0.0,0.0,2.0
G,6,1,2023-06-09,2023-06-16,1.0,0.0,0.0,2.0
G,6,1,2023-06-16,2023-06-23,0.0,0.0,0.0,2.0
G,6,1,2023-06-23,2023-06-30,0.0,0.0,0.0,2.0
G,6,1,2023-06-30,2023-07-07,0.0,0.0,0.0,2.0
G,6,1,2023-07-07,2023-07-14,0.0,0.0,0.0,2.0
G,6,1,2023-07-14,2023-07-21,1.0,0.0,0.0,2.0
G,6,1,2023-07-21,2023-07-28,1.0,0.0,0.0,2.0
G,6,1,2023-07-28,2023-08-04,1.0,0.0,0.0,2.0
G,6,1,2023-08-04,2023-08-11,3.0,0.0,0.0,2.0
G,6,1,2023-08-11,2023-08-18,1.0,0.0,0.0,2.0
G,6,1,2023-08-18,2023-08-25,0.0,0.0,0.0,2.0
G,6,1,2023-08-25,2023-09-01,1.0,0.0,0.0,3.0
G,6,1,2023-09-01,2023-09-08,0.0,0.0,0.0,3.0
G,6,1,2023-09-08,2023-09-15,0.0,0.0,0.0,3.0
G,6,1,2023-09-15,2023-09-22,0.0,0.0,0.0,3.0
G,6,1,2023-09-22,2023-09-29,0.0,0.0,0.0,3.0
G,6,1,2023-09-29,2023-10-06,1.0,0.0,0.0,3.0
G,6,1,2023-10-06,2023-10-13,2.0,0.0,0.0,3.0
G,6,1,2023-10-13,2023-10-20,0.0,0.0,0.0,3.0
G,6,1,2023-10-20,2023-10-27,1.0,0.0,0.0,3.0
G,6,1,2023-10-27,2023-11-03,0.0,0.0,0.0,3.0
G,6,1,2023-11-03,2023-11-10,0.0,0.0,0.0,3.0
G,6,1,2023-11-10,2023-11-17,0.0,0.0,0.0,3.0
G,6,1,2023-11-17,2023-11-24,0.0,0.0,0.0,3.0
G,6,1,2023-11-24,2023-12-01,0.0,0.0,0.0,3.0
G,6,1,2023-12-01,2023-12-08,0.0,0.0,0.0,3.0
G,6,1,2023-12-08,2023-12-15,0.0,0.0,0.0,3.0
G,6,1,2023-12-15,2023-12-22,0.0,0.0,0.0,3.0
G,6,1,2023-12-22,2023-12-29,0.0,0.0,0.0,3.0
G,6,1,2023-12-29,2024-01-05,0.0,0.0,0.0,3.0
G,6,1,2024-01-05,2024-01-12,0.0,0.0,0.0,3.0
G,6,1,2024-01-12,2024-01-19,0.0,0.0,0.0,3.0
G,6,1,2024-01-19,2024-01-26,0.0,0.0,0.0,3.0
G,6,1,2024-01-26,2024-02-02,0.0,0.0,0.0,3.0
G,6,1,2024-02-02,2024-02-09,0.0,0.0,0.0,3.0
G,6,1,2024-02-09,2024-02-16,0.0,0.0,0.0,3.0
G,6,1,2024-02-16,2024-02-23,0.0,0.0,0.0,3.0
G,6,1,2024-02-23,2024-03-01,0.0,0.0,0.0,3.0
G,6,1,2024-03-01,2024-03-08,0.0,0.0,0.0,3.0
G,6,1,2024-03-08,2024-03-15,0.0,0.0,0.0,3.0
G,6,1,2024-03-15,2024-03-22,0.0,0.0,0.0,3.0
G,6,1,2024-03-22,2024-03-29,0.0,0.0,0.0,3.0
G,6,1,2024-03-29,2024-04-05,0.0,0.0,0.0,3.0
G,6,1,2024-04-05,2024-04-12,0.0,0.0,0.0,3.0
G,6,1,2024-04-12,2024-04-19,0.0,0.0,0.0,3.0
G,6,1,2024-04-19,2024-04-26,0.0,0.0,0.0,3.0
G,6,1,2024-04-26,2024-05-03,0.0,0.0,0.0,3.0
G,6,1,2024-05-03,2024-05-10,0.0,0.0,0.0,3.0
G,6,1,2024-05-10,2024-05-17,0.0,0.0,0.0,3.0
G,6,1,2024-05-17,2024-05-24,1.0,0.0,0.0,3.0
G,6,1,2024-05-24,2024-05-31,0.0,0.0,0.0,3.0
G,6,1,2024-05-31,2024-06-07,1.0,0.0,0.0,3.0
G,6,1,2024-06-07,2024-06-14,0.0,0.0,0.0,3.0
G,6,1,2024-06-14,2024-06-21,1.0,0.0,0.0,3.0
G,6,1,2024-06-21,2024-06-28,0.0,0.0,0.0,3.0
G,6,1,2024-06-28,2024-07-05,0.0,0.0,0.0,3.0
G,6,1,2024-07-05,2024-07-12,0.0,0.0,0.0,3.0
G,6,1,2024-07-12,2024-07-19,1.0,0.0,0.0,3.0
G,6,1,2024-07-19,2024-07-26,2.0,0.0,0.0,3.0
G,6,1,2024-07-26,2024-08-02,5.0,0.0,0.0,3.0
G,6,1,2024-08-02,2024-08-09,3.0,0.0,0.0,3.0
G,6,1,2024-08-09,2024-08-16,2.0,0.0,0.0,3.0
G,6,1,2024-08-16,2024-08-23,0.0,0.0,0.0,5.0
G,6,1,2024-08-23,2024-08-30,1.0,0.0,0.0,5.0
G,6,1,2024-08-30,2024-09-06,1.0,0.0,0.0,5.0
G,6,1,2024-09-06,2024-09-13,4.0,0.0,0.0,5.0
G,6,1,2024-09-13,2024-09-20,3.0,0.0,0.0,5.0
G,6,1,2024-09-20,2024-09-27,0.0,0.0,0.0,5.0
G,6,1,2024-09-27,2024-10-04,0.0,0.0,0.0,5.0
G,6,1,2024-10-04,2024-10-11,0.0,0.0,0.0,5.0
G,6,1,2024-10-11,2024-10-18,0.0,0.0,0.0,5.0
G,6,1,2024-10-18,2024-10-25,0.0,0.0,0.0,5.0
G,6,1,2024-10-25,2024-11-01,1.0,0.0,0.0,5.0
G,6,1,2024-11-01,2024-11-08,2.0,0.0,0.0,5.0
G,6,1,2024-11-08,2024-11-15,1.0,0.0,0.0,5.0
G,6,1,2024-11-15,2024-11-22,1.0,0.0,0.0,5.0
G,6,1,2024-11-22,2024-11-29,0.0,0.0,0.0,5.0
G,6,1,2024-11-29,2024-12-06,0.0,0.0,0.0,5.0
G,6,1,2024-12-06,2024-12-13,0.0,0.0,0.0,5.0
G,6,1,2024-12-13,2024-12-20,0.0,0.0,0.0,5.0
G,6,1,2024-12-20,2024-12-27,0.0,0.0,0.0,5.0
G,6,1,2024-12-27,2025-01-03,0.0,0.0,0.0,5.0
G,6,1,2025-01-03,2025-01-10,0.0,0.0,0.0,5.0
G,6,1,2025-01-10,2025-01-17,1.0,0.0,0.0,5.0
G,6,1,2025-01-17,2025-01-24,0.0,0.0,0.0,5.0
G,6,1,2025-01-24,2025-01-31,0.0,0.0,0.0,5.0
G,6,1,2025-01-31,2025-02-07,0.0,0.0,0.0,5.0
G,6,1,2025-02-07,2025-02-14,0.0,0.0,0.0,5.0
G,6,1,2025-02-14,2025-02-21,0.0,0.0,0.0,5.0
G,6,1,2025-02-21,2025-02-28,0.0,0.0,0.0,5.0
G,6,1,2025-02-28,2025-03-07,0.0,0.0,0.0,5.0
G,6,1,2025-03-07,2025-03-14,0.0,0.0,0.0,5.0
G,6,1,2025-03-14,2025-03-21,0.0,0.0,0.0,5.0
G,6,1,2025-03-21,2025-03-28,0.0,0.0,0.0,5.0
G,6,1,2025-03-28,2025-04-04,0.0,0.0,0.0,5.0
G,6,1,2025-04-04,2025-04-11,0.0,0.0,0.0,5.0
G,6,1,2025-04-11,2025-04-18,0.0,0.0,0.0,5.0
G,6,1,2025-04-18,2025-04-25,1.0,0.0,0.0,5.0
G,6,1,2025-04-25,2025-05-02,0.0,0.0,0.0,5.0
G,6,1,2025-05-02,2025-05-09,0.0,0.0,0.0,5.0
G,6,1,2025-05-09,2025-05-16,1.0,0.0,0.0,5.0
G,6,1,2025-05-16,2025-05-23,1.0,0.0,0.0,5.0
G,6,1,2025-05-23,2025-05-30,1.0,0.0,0.0,5.0
G,6,1,2025-05-30,2025-06-06,0.0,0.0,0.0,5.0
G,6,1,2025-06-06,2025-06-13,0.0,0.0,0.0,5.0
G,6,1,2025-06-13,2025-06-20,1.0,0.0,0.0,5.0
G,6,1,2025-06-20,2025-06-27,0.0,0.0,0.0,5.0
G,6,1,2025-06-27,2025-07-04,2.0,0.0,0.0,5.0
G,6,1,2025-07-04,2025-07-11,0.0,0.0,0.0,5.0
G,6,1,2025-07-11,2025-07-18,2.0,0.0,0.0,5.0
G,6,1,2025-07-18,2025-07-25,3.0,0.0,0.0,5.0
G,6,1,2025-07-25,2025-08-01,8.0,0.0,0.0,5.0
G,6,1,2025-08-01,2025-08-08,1.0,0.0,0.0,5.0
G,6,1,2025-08-08,2025-08-15,0.0,0.0,0.0,5.0
G,6,1,2025-08-15,2025-08-22,0.0,0.0,0.0,8.0
G,6,1,2025-08-22,2025-08-29,0.0,0.0,0.0,8.0
G,6,2,2023-02-17,2023-03-03,0.0,0.0607508048415184,0.0,1.987148404121399
G,6,2,2023-02-24,2023-03-10,0.0,0.055655673146247864,0.0,1.982053279876709
G,6,2,2023-03-03,2023-03-17,0.0,0.05781629681587219,0.0,1.9842138290405273
G,6,2,2023-03-10,2023-03-24,0.0,0.07022290676832199,0.0,1.9966204166412354
G,6,2,2023-03-17,2023-03-31,0.0,0.074052594602108,0.0,2.0004501342773438
G,6,2,2023-03-24,2023-04-07,1.0,0.0629010871052742,0.0,1.989298701286316
G,6,2,2023-03-31,2023-04-14,0.0,0.05836820602416992,0.0,1.9847657680511475
G,6,2,2023-04-07,2023-04-21,0.0,0.05582267791032791,0.0,1.9822202920913696
G,6,2,2023-04-14,2023-04-28,1.0,0.04125167429447174,0.0,1.967649221420288
G,6,2,2023-04-21,2023-05-05,0.0,0.046536825597286224,0.0,1.972934365272522
G,6,2,2023-04-28,2023-05-12,0.0,0.05027839541435242,0.0,1.9766759872436523
G,6,2,2023-05-05,2023-05-19,0.0,0.07428111881017685,0.0,2.000678777694702
G,6,2,2023-05-12,2023-05-26,0.0,0.11471106857061386,0.0,2.0411086082458496
G,6,2,2023-05-19,2023-06-02,0.0,0.11294282227754593,0.0,2.0393404960632324
G,6,2,2023-05-26,2023-06-09,0.0,0.3063608407974243,0.03046056628227234,2.2327585220336914
G,6,2,2023-06-02,2023-06-16,1.0,0.11758290976285934,0.0,2.043980360031128
G,6,2,2023-06-09,2023-06-23,0.0,0.3794683516025543,0.10356807708740234,2.305866003036499
G,6,2,2023-06-16,2023-06-30,0.0,0.32604047656059265,0.050140202045440674,2.2524380683898926
G,6,2,2023-06-23,2023-07-07,0.0,0.1558113396167755,0.0,2.0822088718414307
G,6,2,2023-06-30,2023-07-14,0.0,0.14402920007705688,0.0,2.0704267024993896
G,6,2,2023-07-07,2023-07-21,1.0,0.19982856512069702,0.0,2.1262261867523193
G,6,2,2023-07-14,2023-07-28,1.0,0.2627376914024353,0.0,2.1891353130340576
G,6,2,2023-07-21,2023-08-04,1.0,0.32783636450767517,0.0,2.2542338371276855
G,6,2,2023-07-28,2023-08-11,3.0,1.9252889156341553,1.5458205938339233,3.851686477661133
G,6,2,2023-08-04,2023-08-18,1.0,1.391453742980957,1.011985421180725,3.3178513050079346
G,6,2,2023-08-11,2023-08-25,0.0,0.4315807819366455,0.052112430334091187,2.357978343963623
G,6,2,2023-08-18,2023-09-01,1.0,0.3696870803833008,0.0,2.2960846424102783
G,6,2,2023-08-25,2023-09-08,0.0,0.41975000500679016,0.04028165340423584,2.3461475372314453
G,6,2,2023-09-01,2023-09-15,0.0,0.5260906219482422,0.13463687896728516,2.4524881839752197
G,6,2,2023-09-08,2023-09-22,0.0,0.25648680329322815,0.0,2.182884454727173
G,6,2,2023-09-15,2023-09-29,0.0,0.23122337460517883,0.0,1.3059344291687012
G,6,2,2023-09-22,2023-10-06,1.0,0.19112062454223633,0.0,1.265831708908081
G,6,2,2023-09-29,2023-10-13,2.0,0.22376307845115662,0.0,1.2984741926193237
G,6,2,2023-10-06,2023-10-20,0.0,0.1623842418193817,0.0,1.2370953559875488
G,6,2,2023-10-13,2023-10-27,1.0,0.13803619146347046,0.0,1.21274733543396
G,6,2,2023-10-20,2023-11-03,0.0,0.1117795780301094,0.0,1.1864906549453735
G,6,2,2023-10-27,2023-11-10,0.0,0.06649096310138702,0.0,1.8427278995513916
G,6,2,2023-11-03,2023-11-17,0.0,0.055069372057914734,0.0,1.8313062191009521
G,6,2,2023-11-10,2023-11-24,0.0,0.06751558929681778,0.0,1.8437525033950806
G,6,2,2023-11-17,2023-12-01,0.0,0.08457779139280319,0.0,1.8608146905899048
G,6,2,2023-11-24,2023-12-08,0.0,0.1105543002486229,0.0,1.8867912292480469
G,6,2,2023-12-01,2023-12-15,0.0,0.037968412041664124,0.0,1.814205288887024
G,6,2,2023-12-08,2023-12-22,0.0,0.06564316153526306,0.0,1.8418800830841064
G,6,2,2023-12-15,2023-12-29,0.0,0.06696159392595291,0.0,1.843198537826538
G,6,2,2023-12-22,2024-01-05,0.0,0.05647546052932739,0.0,1.8327124118804932
G,6,2,2023-12-29,2024-01-12,0.0,0.057640813291072845,0.0,1.833877682685852
G,6,2,2024-01-05,2024-01-19,0.0,0.059982627630233765,0.0,1.8362195491790771
G,6,2,2024-01-12,2024-01-26,0.0,0.0627489760518074,0.0,1.8389859199523926
G,6,2,2024-01-19,2024-02-02,0.0,0.056001536548137665,0.0,1.8322384357452393
G,6,2,2024-01-26,2024-02-09,0.0,0.058342933654785156,0.0,1.8345798254013062
G,6,2,2024-02-02,2024-02-16,0.0,0.06361834704875946,0.0,1.8398551940917969
G,6,2,2024-02-09,2024-02-23,0.0,0.06838162988424301,0.0,1.844618558883667
G,6,2,2024-02-16,2024-03-01,0.0,0.06552127748727798,0.0,1.841758131980896
G,6,2,2024-02-23,2024-03-08,0.0,0.05756542831659317,0.0,1.833802342414856
G,6,2,2024-03-01,2024-03-15,0.0,0.06305325031280518,0.0,1.8392901420593262
G,6,2,2024-03-08,2024-03-22,0.0,0.05051093548536301,0.0,1.8267477750778198
G,6,2,2024-03-15,2024-03-29,0.0,0.05973229557275772,0.0,1.8359692096710205
G,6,2,2024-03-22,2024-04-05,0.0,0.06073461472988129,0.0,1.8369715213775635
G,6,2,2024-03-29,2024-04-12,0.0,0.06085023283958435,0.0,1.8370871543884277
G,6,2,2024-04-05,2024-04-19,0.0,0.07035743445158005,0.0,1.8465943336486816
G,6,2,2024-04-12,2024-04-26,0.0,0.07519155740737915,0.0,1.851428508758545
G,6,2,2024-04-19,2024-05-03,0.0,0.06843122839927673,0.0,1.8446681499481201
G,6,2,2024-04-26,2024-05-10,0.0,0.09979898482561111,0.0,1.8760359287261963
G,6,2,2024-05-03,2024-05-17,0.0,0.12806656956672668,0.0,1.9043034315109253
G,6,2,2024-05-10,2024-05-24,1.0,0.16345179080963135,0.0,1.9396886825561523
G,6,2,2024-05-17,2024-05-31,0.0,0.16303282976150513,0.0,1.939269781112671
G,6,2,2024-05-24,2024-06-07,1.0,0.634889543056488,0.10879892110824585,2.4111263751983643
G,6,2,2024-05-31,2024-06-14,0.0,0.41784870624542236,0.0,2.1940855979919434
G,6,2,2024-06-07,2024-06-21,1.0,0.3576739728450775,0.0,2.133910894393921
G,6,2,2024-06-14,2024-06-28,0.0,0.4092634618282318,0.0,2.185500383377075
G,6,2,2024-06-21,2024-07-05,0.0,0.4456891417503357,0.0,2.221925973892212
G,6,2,2024-06-28,2024-07-12,0.0,0.4940442442893982,0.0,2.2702810764312744
G,6,2,2024-07-05,2024-07-19,1.0,0.437997967004776,0.0,2.2142348289489746
G,6,2,2024-07-12,2024-07-26,2.0,0.5390911102294922,0.01300048828125,2.3153281211853027
G,6,2,2024-07-19,2024-08-02,5.0,1.3088271617889404,0.7827365398406982,3.085063934326172
G,6,2,2024-07-26,2024-08-09,3.0,0.4326290786266327,0.0,2.2088658809661865
G,6,2,2024-08-02,2024-08-16,2.0,0.6543011665344238,0.12821054458618164,2.4305381774902344
G,6,2,2024-08-09,2024-08-23,0.0,0.9665297269821167,0.4404391050338745,2.7427666187286377
G,6,2,2024-08-16,2024-08-30,1.0,0.4707716405391693,0.0,4.161944389343262
G,6,2,2024-08-23,2024-09-06,1.0,0.46786361932754517,0.0,4.159036636352539
G,6,2,2024-08-30,2024-09-13,4.0,1.2967950105667114,0.7707043886184692,4.9879679679870605
G,6,2,2024-09-06,2024-09-20,3.0,1.4256656169891357,0.45913589000701904,5.116838455200195
G,6,2,2024-09-13,2024-09-27,0.0,0.7157963514328003,0.0,4.40696907043457
G,6,2,2024-09-20,2024-10-04,0.0,0.5803555846214294,0.0,4.271528244018555
G,6,2,2024-09-27,2024-10-11,0.0,0.5731931924819946,0.0,4.264366149902344
G,6,2,2024-10-04,2024-10-18,0.0,0.12388146668672562,0.0,3.815054416656494
G,6,2,2024-10-11,2024-10-25,0.0,0.09285333007574081,0.0,3.7840261459350586
G,6,2,2024-10-18,2024-11-01,1.0,0.10818275064229965,0.0,3.7993555068969727
G,6,2,2024-10-25,2024-11-08,2.0,0.1517542600631714,0.0,3.8429269790649414
G,6,2,2024-11-01,2024-11-15,1.0,0.030143145471811295,0.0,3.72131609916687
G,6,2,2024-11-08,2024-11-22,1.0,0.07685018330812454,0.0,3.7680230140686035
G,6,2,2024-11-15,2024-11-29,0.0,0.06451573222875595,0.0,3.7556886672973633
G,6,2,2024-11-22,2024-12-06,0.0,0.062128059566020966,0.0,3.753300905227661
G,6,2,2024-11-29,2024-12-13,0.0,0.03350359946489334,0.0,3.7246763706207275
G,6,2,2024-12-06,2024-12-20,0.0,0.03107907995581627,0.0,3.7222518920898438
G,6,2,2024-12-13,2024-12-27,0.0,0.0568636953830719,0.0,3.7480366230010986
G,6,2,2024-12-20,2025-01-03,0.0,0.05677606165409088,0.0,3.7479488849639893
G,6,2,2024-12-27,2025-01-10,0.0,0.06476639211177826,0.0,3.755939245223999
G,6,2,2025-01-03,2025-01-17,1.0,0.06033451855182648,0.0,3.75150728225708
G,6,2,2025-01-10,2025-01-24,0.0,0.054677680134773254,0.0,3.7458505630493164
G,6,2,2025-01-17,2025-01-31,0.0,0.0628606453537941,0.0,3.7540335655212402
G,6,2,2025-01-24,2025-02-07,0.0,0.05354217439889908,0.0,3.7447149753570557
G,6,2,2025-01-31,2025-02-14,0.0,0.06041809171438217,0.0,3.7515909671783447
G,6,2,2025-02-07,2025-02-21,0.0,0.0711008682847023,0.0,3.7622737884521484
G,6,2,2025-02-14,2025-02-28,0.0,0.06335862725973129,0.0,3.7545313835144043
G,6,2,2025-02-21,2025-03-07,0.0,0.06729487329721451,0.0,3.758467674255371
G,6,2,2025-02-28,2025-03-14,0.0,0.06417697668075562,0.0,3.75534987449646
G,6,2,2025-03-07,2025-03-21,0.0,0.044058479368686676,0.0,3.735231399536133
G,6,2,2025-03-14,2025-03-28,0.0,0.040601521730422974,0.0,3.73177433013916
G,6,2,2025-03-21,2025-04-04,0.0,0.05521199107170105,0.0,3.746384859085083
G,6,2,2025-03-28,2025-04-11,0.0,0.07090570032596588,0.0,3.7620785236358643
G,6,2,2025-04-04,2025-04-18,0.0,0.07927657663822174,0.0,3.77044939994812
G,6,2,2025-04-11,2025-04-25,1.0,0.09251638501882553,0.0,3.783689260482788
G,6,2,2025-04-18,2025-05-02,0.0,0.08454415947198868,0.0,3.77571702003479
G,6,2,2025-04-25,2025-05-09,0.0,0.11236033588647842,0.0,3.8035330772399902
G,6,2,2025-05-02,2025-05-16,1.0,0.09545671939849854,0.0,3.7866296768188477
G,6,2,2025-05-09,2025-05-23,1.0,0.10472194105386734,0.0,3.7958948612213135
G,6,2,2025-05-16,2025-05-30,1.0,0.17070698738098145,0.0,3.861879825592041
G,6,2,2025-05-23,2025-06-06,0.0,0.28377988934516907,0.0,3.9749526977539062
G,6,2,2025-05-30,2025-06-13,0.0,0.3589514493942261,0.0,4.050124168395996
G,6,2,2025-06-06,2025-06-20,1.0,0.7595641016960144,0.0,4.450736999511719
G,6,2,2025-06-13,2025-06-27,0.0,0.3554457426071167,0.0,4.046618461608887
G,6,2,2025-06-20,2025-07-04,2.0,0.2236139476299286,0.0,3.9147868156433105
G,6,2,2025-06-27,2025-07-11,0.0,0.3050081729888916,0.0,3.996181011199951
G,6,2,2025-07-04,2025-07-18,2.0,1.2659074068069458,0.2993776798248291,4.957080364227295
G,6,2,2025-07-11,2025-07-25,3.0,2.461003541946411,1.4944738149642944,6.152176380157471
G,6,2,2025-07-18,2025-08-01,8.0,5.464033603668213,4.497503757476807,9.155206680297852
G,6,2,2025-07-25,2025-08-08,1.0,2.9970648288726807,2.0305352210998535,6.68823766708374
G,6,2,2025-08-01,2025-08-15,0.0,0.9301550984382629,0.0,4.621327877044678
G,6,2,2025-08-08,2025-08-22,0.0,0.27839142084121704,0.0,3.969564199447632
G,6,2,2025-08-15,2025-08-29,0.0,0.25707927346229553,0.0,2.960284471511841
G,6,2,2025-08-22,2025-09-05,,0.4876065254211426,0.0,3.1908116340637207
G,6,4,2023-02-17,2023-03-17,0.0,0.1039317175745964,0.0,1.8922502994537354
G,6,4,2023-02-24,2023-03-24,0.0,0.10267611593008041,0.0,1.8909947872161865
G,6,4,2023-03-03,2023-03-31,0.0,0.10298426449298859,0.0,1.8913029432296753
G,6,4,2023-03-10,2023-04-07,1.0,0.10315728932619095,0.0,1.8914759159088135
G,6,4,2023-03-17,2023-04-14,0.0,0.10518784821033478,0.0,1.8935065269470215
G,6,4,2023-03-24,2023-04-21,0.0,0.10883201658725739,0.0,1.8971506357192993
G,6,4,2023-03-31,2023-04-28,1.0,0.10984514653682709,0.0,1.8981637954711914
G,6,4,2023-04-07,2023-05-05,0.0,0.11285927891731262,0.0,1.9011778831481934
G,6,4,2023-04-14,2023-05-12,0.0,0.12188228964805603,0.0,1.9102009534835815
G,6,4,2023-04-21,2023-05-19,0.0,0.12565895915031433,0.0,1.9139776229858398
G,6,4,2023-04-28,2023-05-26,0.0,0.15106849372386932,0.0,1.9393870830535889
G,6,4,2023-05-05,2023-06-02,0.0,0.2513609528541565,0.0,2.039679527282715
G,6,4,2023-05-12,2023-06-09,0.0,0.2648427486419678,0.0,2.053161382675171
G,6,4,2023-05-19,2023-06-16,1.0,0.17607653141021729,0.0,1.9643951654434204
G,6,4,2023-05-26,2023-06-23,0.0,0.25842973589897156,0.0,2.046748399734497
G,6,4,2023-06-02,2023-06-30,0.0,0.5961170196533203,0.0,2.3844356536865234
G,6,4,2023-06-09,2023-07-07,0.0,0.5729223489761353,0.0,2.361240863800049
G,6,4,2023-06-16,2023-07-14,0.0,0.7488194108009338,0.0,2.537137985229492
G,6,4,2023-06-23,2023-07-21,1.0,1.5588600635528564,0.02267014980316162,3.3471786975860596
G,6,4,2023-06-30,2023-07-28,1.0,1.0959323644638062,0.0,2.884251117706299
G,6,4,2023-07-07,2023-08-04,1.0,1.27793550491333,0.0,3.066254138946533
G,6,4,2023-07-14,2023-08-11,3.0,1.457768201828003,0.0,3.246086835861206
G,6,4,2023-07-21,2023-08-18,1.0,0.4970027506351471,0.0,2.2853214740753174
G,6,4,2023-07-28,2023-08-25,0.0,0.9156270623207092,0.1668076515197754,2.7039456367492676
G,6,4,2023-08-04,2023-09-01,1.0,0.6337326765060425,0.0,2.422051429748535
G,6,4,2023-08-11,2023-09-08,0.0,0.6621437072753906,0.0,2.4504623413085938
G,6,4,2023-08-18,2023-09-15,0.0,1.116515874862671,0.36769646406173706,2.904834508895874
G,6,4,2023-08-25,2023-09-22,0.0,0.5364952683448792,0.0,2.3248138427734375
G,6,4,2023-09-01,2023-09-29,0.0,0.4846469759941101,0.0,2.272965669631958
G,6,4,2023-09-08,2023-10-06,1.0,0.8693973422050476,0.0,2.6577160358428955
G,6,4,2023-09-15,2023-10-13,2.0,1.300222635269165,0.3845955729484558,2.842454433441162
G,6,4,2023-09-22,2023-10-20,0.0,1.0301085710525513,0.11448150873184204,2.572340488433838
G,6,4,2023-09-29,2023-10-27,1.0,0.463262677192688,0.0,2.0054945945739746
G,6,4,2023-10-06,2023-11-03,0.0,0.27737000584602356,0.0,1.8196017742156982
G,6,4,2023-10-13,2023-11-10,0.0,0.31708142161369324,0.0,1.8593132495880127
G,6,4,2023-10-20,2023-11-17,0.0,0.2655867338180542,0.0,1.8078185319900513
G,6,4,2023-10-27,2023-11-24,0.0,0.18726366758346558,0.0,1.7294955253601074
G,6,4,2023-11-03,2023-12-01,0.0,0.1773025244474411,0.0,1.7195342779159546
G,6,4,2023-11-10,2023-12-08,0.0,0.20663371682167053,0.0,1.7488654851913452
G,6,4,2023-11-17,2023-12-15,0.0,0.1869458556175232,0.0,1.729177713394165
G,6,4,2023-11-24,2023-12-22,0.0,0.14599695801734924,0.0,1.688228726387024
G,6,4,2023-12-01,2023-12-29,0.0,0.1379185914993286,0.0,1.6801503896713257
G,6,4,2023-12-08,2024-01-05,0.0,0.13291651010513306,0.0,1.6751482486724854
G,6,4,2023-12-15,2024-01-12,0.0,0.15084713697433472,0.0,1.6930789947509766
G,6,4,2023-12-22,2024-01-19,0.0,0.129155695438385,0.0,1.6713874340057373
G,6,4,2023-12-29,2024-01-26,0.0,0.11119790375232697,0.0,1.6534297466278076
G,6,4,2024-01-05,2024-02-02,0.0,0.11228261142969131,0.0,1.6545144319534302
G,6,4,2024-01-12,2024-02-09,0.0,0.12425781786441803,0.0,1.666489601135254
G,6,4,2024-01-19,2024-02-16,0.0,0.10908494889736176,0.0,1.65131676197052
G,6,4,2024-01-26,2024-02-23,0.0,0.1020839661359787,0.0,1.6443157196044922
G,6,4,2024-02-02,2024-03-01,0.0,0.10321325808763504,0.0,1.6454451084136963
G,6,4,2024-02-09,2024-03-08,0.0,0.10878979414701462,0.0,1.6510215997695923
G,6,4,2024-02-16,2024-03-15,0.0,0.10998512804508209,0.0,1.652216911315918
G,6,4,2024-02-23,2024-03-22,0.0,0.10910152643918991,0.0,1.6513333320617676
G,6,4,2024-03-01,2024-03-29,0.0,0.10542552918195724,0.0,1.6476572751998901
G,6,4,2024-03-08,2024-04-05,0.0,0.1112922728061676,0.0,1.6535240411758423
G,6,4,2024-03-15,2024-04-12,0.0,0.11156563460826874,0.0,1.6537973880767822
G,6,4,2024-03-22,2024-04-19,0.0,0.1246616318821907,0.0,1.666893482208252
G,6,4,2024-03-29,2024-04-26,0.0,0.13931402564048767,0.0,1.6815458536148071
G,6,4,2024-04-05,2024-05-03,0.0,0.15659791231155396,0.0,1.6988296508789062
G,6,4,2024-04-12,2024-05-10,0.0,0.17327910661697388,0.0,1.7155108451843262
G,6,4,2024-04-19,2024-05-17,0.0,0.1910017728805542,0.0,1.7332335710525513
G,6,4,2024-04-26,2024-05-24,1.0,0.2893345355987549,0.0,1.831566333770752
G,6,4,2024-05-03,2024-05-31,0.0,0.4104960858821869,0.0,1.9527279138565063
G,6,4,2024-05-10,2024-06-07,1.0,0.6598695516586304,0.0,2.202101230621338
G,6,4,2024-05-17,2024-06-14,0.0,0.41115623712539673,0.0,1.953387975692749
G,6,4,2024-05-24,2024-06-21,1.0,0.41942262649536133,0.0,1.9616544246673584
G,6,4,2024-05-31,2024-06-28,0.0,0.5137038826942444,0.0,2.0559356212615967
G,6,4,2024-06-07,2024-07-05,0.0,1.042512059211731,0.0,2.5847439765930176
G,6,4,2024-06-14,2024-07-12,0.0,2.3048477172851562,1.1883318424224854,3.8470795154571533
G,6,4,2024-06-21,2024-07-19,1.0,3.4251301288604736,2.3086142539978027,4.967361927032471
G,6,4,2024-06-28,2024-07-26,2.0,3.027554750442505,1.911038875579834,4.569786548614502
G,6,4,2024-07-05,2024-08-02,5.0,1.7015125751495361,0.5849967002868652,3.243744373321533
G,6,4,2024-07-12,2024-08-09,3.0,2.2135331630706787,1.0970172882080078,3.755764961242676
G,6,4,2024-07-19,2024-08-16,2.0,0.6804205179214478,0.0,2.2226524353027344
G,6,4,2024-07-26,2024-08-23,0.0,0.6167744994163513,0.0,2.159006357192993
G,6,4,2024-08-02,2024-08-30,1.0,1.0466477870941162,0.0,2.5888795852661133
G,6,4,2024-08-09,2024-09-06,1.0,1.901379942893982,0.0,3.4436116218566895
G,6,4,2024-08-16,2024-09-13,4.0,1.5663567781448364,0.0,4.86484432220459
G,6,4,2024-08-23,2024-09-20,3.0,0.6922177076339722,0.0,3.9907050132751465
G,6,4,2024-08-30,2024-09-27,0.0,1.0449070930480957,0.0,4.3433942794799805
G,6,4,2024-09-06,2024-10-04,0.0,0.9203692078590393,0.0,4.2188568115234375
G,6,4,2024-09-13,2024-10-11,0.0,0.42898446321487427,0.0,3.7274718284606934
G,6,4,2024-09-20,2024-10-18,0.0,0.39062273502349854,0.0,3.689110279083252
G,6,4,2024-09-27,2024-10-25,0.0,0.3856872320175171,0.0,3.6841745376586914
G,6,4,2024-10-04,2024-11-01,1.0,0.29335325956344604,0.0,3.5918407440185547
G,6,4,2024-10-11,2024-11-08,2.0,0.2638711631298065,0.0,3.5623586177825928
G,6,4,2024-10-18,2024-11-15,1.0,0.3102104365825653,0.0,3.6086978912353516
G,6,4,2024-10-25,2024-11-22,1.0,0.16905999183654785,0.0,3.4675474166870117
G,6,4,2024-11-01,2024-11-29,0.0,0.14937129616737366,0.0,3.4478588104248047
G,6,4,2024-11-08,2024-12-06,0.0,0.22082993388175964,0.0,3.519317388534546
G,6,4,2024-11-15,2024-12-13,0.0,0.22546899318695068,0.0,3.523956298828125
G,6,4,2024-11-22,2024-12-20,0.0,0.1716155856847763,0.0,3.4701030254364014
G,6,4,2024-11-29,2024-12-27,0.0,0.12493633478879929,0.0,3.4234237670898438
G,6,4,2024-12-06,2025-01-03,0.0,0.12812216579914093,0.0,3.426609516143799
G,6,4,2024-12-13,2025-01-10,0.0,0.1643598973751068,0.0,3.4628472328186035
G,6,4,2024-12-20,2025-01-17,1.0,0.1501762568950653,0.0,3.4486637115478516
G,6,4,2024-12-27,2025-01-24,0.0,0.11616824567317963,0.0,3.4146556854248047
G,6,4,2025-01-03,2025-01-31,0.0,0.10799777507781982,0.0,3.406485080718994
G,6,4,2025-01-10,2025-02-07,0.0,0.11900602281093597,0.0,3.4174933433532715
G,6,4,2025-01-17,2025-02-14,0.0,0.1044391542673111,0.0,3.4029266834259033
G,6,4,2025-01-24,2025-02-21,0.0,0.09676744043827057,0.0,3.3952548503875732
G,6,4,2025-01-31,2025-02-28,0.0,0.09992841631174088,0.0,3.3984158039093018
G,6,4,2025-02-07,2025-03-07,0.0,0.10275818407535553,0.0,3.401245594024658
G,6,4,2025-02-14,2025-03-14,0.0,0.10430585592985153,0.0,3.4027931690216064
G,6,4,2025-02-21,2025-03-21,0.0,0.10053399205207825,0.0,3.3990213871002197
G,6,4,2025-02-28,2025-03-28,0.0,0.10158698260784149,0.0,3.4000744819641113
G,6,4,2025-03-07,2025-04-04,0.0,0.1090654581785202,0.0,3.40755295753479
G,6,4,2025-03-14,2025-04-11,0.0,0.10118970274925232,0.0,3.399677038192749
G,6,4,2025-03-21,2025-04-18,0.0,0.11218587309122086,0.0,3.4106733798980713
G,6,4,2025-03-28,2025-04-25,1.0,0.12788566946983337,0.0,3.42637300491333
G,6,4,2025-04-04,2025-05-02,0.0,0.1786704957485199,0.0,3.4771578311920166
G,6,4,2025-04-11,2025-05-09,0.0,0.22673603892326355,0.0,3.52522349357605
G,6,4,2025-04-18,2025-05-16,1.0,0.27564847469329834,0.0,3.5741357803344727
G,6,4,2025-04-25,2025-05-23,1.0,0.4229728579521179,0.0,3.7214603424072266
G,6,4,2025-05-02,2025-05-30,1.0,0.3790172338485718,0.0,3.677504539489746
G,6,4,2025-05-09,2025-06-06,0.0,0.31104278564453125,0.0,3.609530210494995
G,6,4,2025-05-16,2025-06-13,0.0,0.340207576751709,0.0,3.638695001602173
G,6,4,2025-05-23,2025-06-20,1.0,0.472070574760437,0.0,3.7705578804016113
G,6,4,2025-05-30,2025-06-27,0.0,0.3966832160949707,0.0,3.6951706409454346
G,6,4,2025-06-06,2025-07-04,2.0,0.2674390375614166,0.0,3.5659265518188477
G,6,4,2025-06-13,2025-07-11,0.0,0.5631796717643738,0.0,3.8616671562194824
G,6,4,2025-06-20,2025-07-18,2.0,1.776441216468811,0.0,5.0749287605285645
G,6,4,2025-06-27,2025-07-25,3.0,2.0254135131835938,0.0,5.323901176452637
G,6,4,2025-07-04,2025-08-01,8.0,2.074894666671753,0.0,5.373382091522217
G,6,4,2025-07-11,2025-08-08,1.0,0.4803432524204254,0.0,3.7788307666778564
G,6,4,2025-07-18,2025-08-15,0.0,0.6068591475486755,0.0,3.905346632003784
G,6,4,2025-07-25,2025-08-22,0.0,0.47414255142211914,0.0,3.772629976272583
G,6,4,2025-08-01,2025-08-29,0.0,0.4470231831073761,0.0,3.7455105781555176
G,6,4,2025-08-08,2025-09-05,,0.5630781054496765,0.0,3.861565589904785
G,6,4,2025-08-15,2025-09-12,,0.6199445128440857,0.0,6.545049667358398
G,6,4,2025-08-22,2025-09-19,,0.6410647630691528,0.0,6.566169738769531
G,6,8,2023-02-17,2023-04-14,0.0,0.06567975133657455,0.0,1.830611228942871
G,6,8,2023-02-24,2023-04-21,0.0,0.0632120743393898,0.0,1.8281434774398804
G,6,8,2023-03-03,2023-04-28,1.0,0.07195597887039185,0.0,1.8368873596191406
G,6,8,2023-03-10,2023-05-05,0.0,0.08300617337226868,0.0,1.8479375839233398
G,6,8,2023-03-17,2023-05-12,0.0,0.08582118153572083,0.0,1.850752592086792
G,6,8,2023-03-24,2023-05-19,0.0,0.04105672985315323,0.0,1.8059881925582886
G,6,8,2023-03-31,2023-05-26,0.0,0.05034177750349045,0.0,1.8152731657028198
G,6,8,2023-04-07,2023-06-02,0.0,0.064998097717762,0.0,1.8299295902252197
G,6,8,2023-04-14,2023-06-09,0.0,0.11727219074964523,0.0,1.8822035789489746
G,6,8,2023-04-21,2023-06-16,1.0,0.0648510754108429,0.0,1.829782485961914
G,6,8,2023-04-28,2023-06-23,0.0,0.08450251072645187,0.0,1.8494338989257812
G,6,8,2023-05-05,2023-06-30,0.0,0.1640964150428772,0.0,1.929027795791626
G,6,8,2023-05-12,2023-07-07,0.0,0.4312047064304352,0.0,2.196136236190796
G,6,8,2023-05-19,2023-07-14,0.0,0.3494524359703064,0.0,2.1143839359283447
G,6,8,2023-05-26,2023-07-21,1.0,0.36106932163238525,0.0,2.1260008811950684
G,6,8,2023-06-02,2023-07-28,1.0,0.7346293926239014,0.0,2.499560832977295
G,6,8,2023-06-09,2023-08-04,1.0,1.7284084558486938,0.10405242443084717,3.493340015411377
G,6,8,2023-06-16,2023-08-11,3.0,2.101177930831909,0.4768218994140625,3.8661093711853027
G,6,8,2023-06-23,2023-08-18,1.0,0.650435209274292,0.0,2.4153666496276855
G,6,8,2023-06-30,2023-08-25,0.0,1.516438364982605,0.0,3.281369686126709
G,6,8,2023-07-07,2023-09-01,1.0,0.7112480998039246,0.0,2.476179599761963
G,6,8,2023-07-14,2023-09-08,0.0,0.26935553550720215,0.0,2.0342869758605957
G,6,8,2023-07-21,2023-09-15,0.0,0.38546791672706604,0.0,2.1503994464874268
G,6,8,2023-07-28,2023-09-22,0.0,1.0515652894973755,0.6203606128692627,2.8164968490600586
G,6,8,2023-08-04,2023-09-29,0.0,2.130634307861328,1.6994296312332153,3.8955657482147217
G,6,8,2023-08-11,2023-10-06,1.0,1.9901360273361206,1.5589313507080078,3.7550673484802246
G,6,8,2023-08-18,2023-10-13,2.0,0.812445878982544,0.0840374231338501,2.5773773193359375
G,6,8,2023-08-25,2023-10-20,0.0,0.19628995656967163,0.0,1.96122145652771
G,6,8,2023-09-01,2023-10-27,1.0,0.1369401216506958,0.0,1.9018715620040894
G,6,8,2023-09-08,2023-11-03,0.0,0.20502158999443054,0.0,1.9699530601501465
G,6,8,2023-09-15,2023-11-10,0.0,0.30200883746147156,0.0,1.2371578216552734
G,6,8,2023-09-22,2023-11-17,0.0,0.19781944155693054,0.0,1.1329684257507324
G,6,8,2023-09-29,2023-11-24,0.0,0.06360498815774918,0.0,0.9987539649009705
G,6,8,2023-10-06,2023-12-01,0.0,0.07827679067850113,0.0,1.0134257078170776
G,6,8,2023-10-13,2023-12-08,0.0,0.1540049910545349,0.0,1.0891540050506592
G,6,8,2023-10-20,2023-12-15,0.0,0.2976202368736267,0.0,1.232769250869751
G,6,8,2023-10-27,2023-12-22,0.0,0.12811186909675598,0.0,1.3156659603118896
G,6,8,2023-11-03,2023-12-29,0.0,0.059842295944690704,0.0,1.247396469116211
G,6,8,2023-11-10,2024-01-05,0.0,0.09314021468162537,0.0,1.2806943655014038
G,6,8,2023-11-17,2024-01-12,0.0,0.1970309019088745,0.0,1.3845850229263306
G,6,8,2023-11-24,2024-01-19,0.0,0.21877247095108032,0.0,1.4063265323638916
G,6,8,2023-12-01,2024-01-26,0.0,0.10997066646814346,0.0,1.2975248098373413
G,6,8,2023-12-08,2024-02-02,0.0,0.11293365061283112,0.0,1.300487756729126
G,6,8,2023-12-15,2024-02-09,0.0,0.10852394998073578,0.0,1.296078085899353
G,6,8,2023-12-22,2024-02-16,0.0,0.08318039774894714,0.0,1.2707345485687256
G,6,8,2023-12-29,2024-02-23,0.0,0.04287078604102135,0.0,1.2304248809814453
G,6,8,2024-01-05,2024-03-01,0.0,0.0767824575304985,0.0,1.2643365859985352
G,6,8,2024-01-12,2024-03-08,0.0,0.06732301414012909,0.0,1.2548770904541016
G,6,8,2024-01-19,2024-03-15,0.0,0.05552275478839874,0.0,1.2430769205093384
G,6,8,2024-01-26,2024-03-22,0.0,0.05710376054048538,0.0,1.2446578741073608
G,6,8,2024-02-02,2024-03-29,0.0,0.05519414320588112,0.0,1.2427482604980469
G,6,8,2024-02-09,2024-04-05,0.0,0.05902563035488129,0.0,1.2465797662734985
G,6,8,2024-02-16,2024-04-12,0.0,0.03297624737024307,0.0,1.220530390739441
G,6,8,2024-02-23,2024-04-19,0.0,0.05697520077228546,0.0,1.244529366493225
G,6,8,2024-03-01,2024-04-26,0.0,0.08776213973760605,0.0,1.2753162384033203
G,6,8,2024-03-08,2024-05-03,0.0,0.08775810897350311,0.0,1.2753121852874756
G,6,8,2024-03-15,2024-05-10,0.0,0.2251642942428589,0.0,1.412718415260315
G,6,8,2024-03-22,2024-05-17,0.0,0.33075159788131714,0.0,1.518305778503418
G,6,8,2024-03-29,2024-05-24,1.0,0.7441329956054688,0.0,1.9316871166229248
G,6,8,2024-04-05,2024-05-31,0.0,1.150111436843872,0.0,2.337665557861328
G,6,8,2024-04-12,2024-06-07,1.0,0.6252629160881042,0.0,1.812817096710205
G,6,8,2024-04-19,2024-06-14,0.0,0.3830665051937103,0.0,1.5706206560134888
G,6,8,2024-04-26,2024-06-21,1.0,0.5592617392539978,0.0,1.7468159198760986
G,6,8,2024-05-03,2024-06-28,0.0,0.5439132452011108,0.0,1.731467366218567
G,6,8,2024-05-10,2024-07-05,0.0,0.615424394607544,0.0,1.802978515625
G,6,8,2024-05-17,2024-07-12,0.0,0.7682729363441467,0.0,1.955826997756958
G,6,8,2024-05-24,2024-07-19,1.0,1.1184548139572144,0.0,2.306008815765381
G,6,8,2024-05-31,2024-07-26,2.0,1.1628186702728271,0.0,2.350372791290283
G,6,8,2024-06-07,2024-08-02,5.0,1.2278141975402832,0.0,2.4153683185577393
G,6,8,2024-06-14,2024-08-09,3.0,1.5356618165969849,0.0,2.7232160568237305
G,6,8,2024-06-21,2024-08-16,2.0,1.076009750366211,0.0,2.263563871383667
G,6,8,2024-06-28,2024-08-23,0.0,0.8332834839820862,0.0,2.0208375453948975
G,6,8,2024-07-05,2024-08-30,1.0,0.854748547077179,0.0,2.0423026084899902
G,6,8,2024-07-12,2024-09-06,1.0,1.5578817129135132,0.0,2.7454357147216797
G,6,8,2024-07-19,2024-09-13,4.0,2.5562994480133057,0.42566514015197754,3.7438535690307617
G,6,8,2024-07-26,2024-09-20,3.0,1.612107515335083,0.0,2.799661636352539
G,6,8,2024-08-02,2024-09-27,0.0,1.4933230876922607,0.0,2.680877208709717
G,6,8,2024-08-09,2024-10-04,0.0,1.7417837381362915,0.0,2.929337978363037
G,6,8,2024-08-16,2024-10-11,0.0,0.40812379121780396,0.0,4.180309772491455
G,6,8,2024-08-23,2024-10-18,0.0,0.3984086513519287,0.0,4.170594215393066
G,6,8,2024-08-30,2024-10-25,0.0,0.5862234830856323,0.0,4.358409404754639
G,6,8,2024-09-06,2024-11-01,1.0,0.44176793098449707,0.0,4.213953971862793
G,6,8,2024-09-13,2024-11-08,2.0,0.2681962847709656,0.0,4.040381908416748
G,6,8,2024-09-20,2024-11-15,1.0,0.13935700058937073,0.0,3.9115428924560547
G,6,8,2024-09-27,2024-11-22,1.0,0.08810485899448395,0.0,3.860290765762329
G,6,8,2024-10-04,2024-11-29,0.0,0.0619833841919899,0.0,3.8341691493988037
G,6,8,2024-10-11,2024-12-06,0.0,0.08353309333324432,0.0,3.8557188510894775
G,6,8,2024-10-18,2024-12-13,0.0,0.14810849726200104,0.0,3.9202942848205566
G,6,8,2024-10-25,2024-12-20,0.0,0.17812579870224,0.0,3.9503116607666016
G,6,8,2024-11-01,2024-12-27,0.0,0.0713111162185669,0.0,3.843496799468994
G,6,8,2024-11-08,2025-01-03,0.0,0.11804269999265671,0.0,3.890228509902954
G,6,8,2024-11-15,2025-01-10,0.0,0.08771432936191559,0.0,3.8599002361297607
G,6,8,2024-11-22,2025-01-17,1.0,0.02950919046998024,0.0,3.8016951084136963
G,6,8,2024-11-29,2025-01-24,0.0,0.017963960766792297,0.0,3.790149688720703
G,6,8,2024-12-06,2025-01-31,0.0,0.08897799998521805,0.0,3.861163854598999
G,6,8,2024-12-13,2025-02-07,0.0,0.2273743450641632,0.0,3.9995601177215576
G,6,8,2024-12-20,2025-02-14,0.0,0.09324537217617035,0.0,3.865431070327759
G,6,8,2024-12-27,2025-02-21,0.0,0.036329105496406555,0.0,3.8085148334503174
G,6,8,2025-01-03,2025-02-28,0.0,0.0674864798784256,0.0,3.839672327041626
G,6,8,2025-01-10,2025-03-07,0.0,0.06126582249999046,0.0,3.833451509475708
G,6,8,2025-01-17,2025-03-14,0.0,0.03380095213651657,0.0,3.8059866428375244
G,6,8,2025-01-24,2025-03-21,0.0,0.05207529291510582,0.0,3.82426118850708
G,6,8,2025-01-31,2025-03-28,0.0,0.06428229808807373,0.0,3.83646821975708
G,6,8,2025-02-07,2025-04-04,0.0,0.061693839728832245,0.0,3.8338797092437744
G,6,8,2025-02-14,2025-04-11,0.0,0.05491985008120537,0.0,3.827105760574341
G,6,8,2025-02-21,2025-04-18,0.0,0.059868503361940384,0.0,3.832054376602173
G,6,8,2025-02-28,2025-04-25,1.0,0.0791938528418541,0.0,3.851379632949829
G,6,8,2025-03-07,2025-05-02,0.0,0.06475891172885895,0.0,3.836944818496704
G,6,8,2025-03-14,2025-05-09,0.0,0.04288166016340256,0.0,3.8150675296783447
G,6,8,2025-03-21,2025-05-16,1.0,0.05556469038128853,0.0,3.8277504444122314
G,6,8,2025-03-28,2025-05-23,1.0,0.0763043463230133,0.0,3.8484902381896973
G,6,8,2025-04-04,2025-05-30,1.0,0.070510134100914,0.0,3.842695951461792
G,6,8,2025-04-11,2025-06-06,0.0,0.18067198991775513,0.0,3.952857732772827
G,6,8,2025-04-18,2025-06-13,0.0,0.27996376156806946,0.0,4.052149772644043
G,6,8,2025-04-25,2025-06-20,1.0,0.5942587852478027,0.0,4.3664445877075195
G,6,8,2025-05-02,2025-06-27,0.0,0.4867100715637207,0.0,4.2588958740234375
G,6,8,2025-05-09,2025-07-04,2.0,0.43150657415390015,0.0,4.203692436218262
G,6,8,2025-05-16,2025-07-11,0.0,0.8854998350143433,0.0,4.65768575668335
G,6,8,2025-05-23,2025-07-18,2.0,1.1503225564956665,0.0,4.922508239746094
G,6,8,2025-05-30,2025-07-25,3.0,1.407088041305542,0.0,5.17927360534668
G,6,8,2025-06-06,2025-08-01,8.0,1.8760592937469482,0.13427555561065674,5.648244857788086
G,6,8,2025-06-13,2025-08-08,1.0,0.506320595741272,0.0,4.278506278991699
G,6,8,2025-06-20,2025-08-15,0.0,0.5910807847976685,0.0,4.363266468048096
G,6,8,2025-06-27,2025-08-22,0.0,0.6934494972229004,0.0,4.465635299682617
G,6,8,2025-07-04,2025-08-29,0.0,0.4694356322288513,0.0,4.241621494293213
G,6,8,2025-07-11,2025-09-05,,0.41033482551574707,0.0,4.182520866394043
G,6,8,2025-07-18,2025-09-12,,0.7531822323799133,0.0,4.5253682136535645
G,6,8,2025-07-25,2025-09-19,,0.8720321655273438,0.0,4.6442179679870605
G,6,8,2025-08-01,2025-09-26,,0.3306308686733246,0.0,4.102816581726074
G,6,8,2025-08-08,2025-10-03,,0.08613692224025726,0.0,3.8583226203918457
G,6,8,2025-08-15,2025-10-10,,0.1273898184299469,0.0,6.251330375671387
G,6,8,2025-08-22,2025-10-17,,0.19785913825035095,0.0,6.3217997550964355
G,6,12,2023-02-17,2023-05-12,0.0,0.10071925818920135,0.0,0.9950984120368958
G,6,12,2023-02-24,2023-05-19,0.0,0.11264685541391373,0.0,1.007025957107544
G,6,12,2023-03-03,2023-05-26,0.0,0.11152409017086029,0.0,1.0059032440185547
G,6,12,2023-03-10,2023-06-02,0.0,0.15053822100162506,0.0,1.044917345046997
G,6,12,2023-03-17,2023-06-09,0.0,0.16969914734363556,0.0,1.0640783309936523
G,6,12,2023-03-24,2023-06-16,1.0,0.16718965768814087,0.0,1.0615687370300293
G,6,12,2023-03-31,2023-06-23,0.0,0.16838547587394714,0.0,1.0627646446228027
G,6,12,2023-04-07,2023-06-30,0.0,0.1650867611169815,0.0,1.0594658851623535
G,6,12,2023-04-14,2023-07-07,0.0,0.2282848209142685,0.0,1.122663974761963
G,6,12,2023-04-21,2023-07-14,0.0,0.25957927107810974,0.0,1.1539584398269653
G,6,12,2023-04-28,2023-07-21,1.0,0.3188270330429077,0.0,1.213206171989441
G,6,12,2023-05-05,2023-07-28,1.0,0.4145618677139282,0.0,1.3089410066604614
G,6,12,2023-05-12,2023-08-04,1.0,0.8297780752182007,0.0,1.7241572141647339
G,6,12,2023-05-19,2023-08-11,3.0,0.8603823184967041,0.0,1.7547614574432373
G,6,12,2023-05-26,2023-08-18,1.0,0.454241007566452,0.0,1.3486201763153076
G,6,12,2023-06-02,2023-08-25,0.0,1.3359935283660889,0.0,2.230372667312622
G,6,12,2023-06-09,2023-09-01,1.0,0.6479931473731995,0.0,1.542372226715088
G,6,12,2023-06-16,2023-09-08,0.0,0.5966741442680359,0.0,1.4910533428192139
G,6,12,2023-06-23,2023-09-15,0.0,0.45891496539115906,0.0,1.3532941341400146
G,6,12,2023-06-30,2023-09-22,0.0,0.7275463342666626,0.0,1.6219254732131958
G,6,12,2023-07-07,2023-09-29,0.0,0.6112305521965027,0.0,1.5056097507476807
G,6,12,2023-07-14,2023-10-06,1.0,0.4375157952308655,0.0,1.331894874572754
G,6,12,2023-07-21,2023-10-13,2.0,0.0871349647641182,0.0,0.9815140962600708
G,6,12,2023-07-28,2023-10-20,0.0,0.23910406231880188,0.0,1.1334831714630127
G,6,12,2023-08-04,2023-10-27,1.0,0.4262983500957489,0.0,1.3206775188446045
G,6,12,2023-08-11,2023-11-03,0.0,0.6505104303359985,0.0,1.5448895692825317
G,6,12,2023-08-18,2023-11-10,0.0,0.6373105645179749,0.0,1.5316896438598633
G,6,12,2023-08-25,2023-11-17,0.0,0.24425119161605835,0.0,2.383868932723999
G,6,12,2023-09-01,2023-11-24,0.0,0.14063437283039093,0.0,2.280251979827881
G,6,12,2023-09-08,2023-12-01,0.0,0.15160322189331055,0.0,2.2912209033966064
G,6,12,2023-09-15,2023-12-08,0.0,0.20035570859909058,0.0,2.3399734497070312
G,6,12,2023-09-22,2023-12-15,0.0,0.2443227469921112,0.0,2.3839404582977295
G,6,12,2023-09-29,2023-12-22,0.0,0.12578243017196655,0.0,2.2654001712799072
G,6,12,2023-10-06,2023-12-29,0.0,0.05314821004867554,0.0,2.192765951156616
G,6,12,2023-10-13,2024-01-05,0.0,0.06713686883449554,0.0,2.206754446029663
G,6,12,2023-10-20,2024-01-12,0.0,0.1186288520693779,0.0,2.258246421813965
G,6,12,2023-10-27,2024-01-19,0.0,0.15361738204956055,0.0,2.2932350635528564
G,6,12,2023-11-03,2024-01-26,0.0,0.1078590527176857,0.0,2.247476816177368
G,6,12,2023-11-10,2024-02-02,0.0,0.06473111361265182,0.0,2.2043488025665283
G,6,12,2023-11-17,2024-02-09,0.0,0.08554897457361221,0.0,2.2251665592193604
G,6,12,2023-11-24,2024-02-16,0.0,0.12681038677692413,0.0,2.266427993774414
G,6,12,2023-12-01,2024-02-23,0.0,0.16090832650661469,0.0,2.3005259037017822
G,6,12,2023-12-08,2024-03-01,0.0,0.1908377707004547,0.0,2.3304555416107178
G,6,12,2023-12-15,2024-03-08,0.0,0.1401354968547821,0.0,2.2797532081604004
G,6,12,2023-12-22,2024-03-15,0.0,0.12972646951675415,0.0,2.2693440914154053
G,6,12,2023-12-29,2024-03-22,0.0,0.15061736106872559,0.0,2.2902350425720215
G,6,12,2024-01-05,2024-03-29,0.0,0.1488284319639206,0.0,2.2884461879730225
G,6,12,2024-01-12,2024-04-05,0.0,0.10141555964946747,0.0,2.2410333156585693
G,6,12,2024-01-19,2024-04-12,0.0,0.08627460151910782,0.0,2.2258923053741455
G,6,12,2024-01-26,2024-04-19,0.0,0.09536552429199219,0.0,2.234983205795288
G,6,12,2024-02-02,2024-04-26,0.0,0.12194788455963135,0.0,2.261565685272217
G,6,12,2024-02-09,2024-05-03,0.0,0.14383003115653992,0.0,2.283447742462158
G,6,12,2024-02-16,2024-05-10,0.0,0.12419808655977249,0.0,2.2638158798217773
G,6,12,2024-02-23,2024-05-17,0.0,0.14450114965438843,0.0,2.284118890762329
G,6,12,2024-03-01,2024-05-24,1.0,0.1763058602809906,0.0,2.3159234523773193
G,6,12,2024-03-08,2024-05-31,0.0,0.2338484227657318,0.0,2.3734660148620605
G,6,12,2024-03-15,2024-06-07,1.0,0.3249855041503906,0.0,2.4646031856536865
G,6,12,2024-03-22,2024-06-14,0.0,0.46292880177497864,0.0,2.602546453475952
G,6,12,2024-03-29,2024-06-21,1.0,0.6376147866249084,0.0,2.7772324085235596
G,6,12,2024-04-05,2024-06-28,0.0,0.5728267431259155,0.0,2.712444305419922
G,6,12,2024-04-12,2024-07-05,0.0,0.613814115524292,0.0,2.753431797027588
G,6,12,2024-04-19,2024-07-12,0.0,0.3744034469127655,0.0,2.514021158218384
G,6,12,2024-04-26,2024-07-19,1.0,0.6747267246246338,0.0,2.8143444061279297
G,6,12,2024-05-03,2024-07-26,2.0,0.6647444367408752,0.0,2.8043620586395264
G,6,12,2024-05-10,2024-08-02,5.0,0.7637069225311279,0.0,2.903324604034424
G,6,12,2024-05-17,2024-08-09,3.0,1.1224122047424316,0.0,3.2620298862457275
G,6,12,2024-05-24,2024-08-16,2.0,1.2778233289718628,0.0,3.417440891265869
G,6,12,2024-05-31,2024-08-23,0.0,1.2088758945465088,0.0,3.3484935760498047
G,6,12,2024-06-07,2024-08-30,1.0,1.5814396142959595,0.2454460859298706,3.721057415008545
G,6,12,2024-06-14,2024-09-06,1.0,2.403583526611328,1.0675899982452393,4.543201446533203
G,6,12,2024-06-21,2024-09-13,4.0,2.2453415393829346,0.9093480110168457,4.3849592208862305
G,6,12,2024-06-28,2024-09-20,3.0,1.293957233428955,0.0,3.433574914932251
G,6,12,2024-07-05,2024-09-27,0.0,0.676802396774292,0.0,2.816420078277588
G,6,12,2024-07-12,2024-10-04,0.0,0.5772129893302917,0.0,2.7168307304382324
G,6,12,2024-07-19,2024-10-11,0.0,0.6131659746170044,0.0,2.75278377532959
G,6,12,2024-07-26,2024-10-18,0.0,0.5778327584266663,0.0,2.7174503803253174
G,6,12,2024-08-02,2024-10-25,0.0,0.4744693636894226,0.0,2.6140871047973633
G,6,12,2024-08-09,2024-11-01,1.0,0.5807676315307617,0.0,2.7203853130340576
G,6,12,2024-08-16,2024-11-08,2.0,0.7424039244651794,0.0,4.978696823120117
G,6,12,2024-08-23,2024-11-15,1.0,0.29128363728523254,0.0,4.527576446533203
G,6,12,2024-08-30,2024-11-22,1.0,0.2091781497001648,0.0,4.445470809936523
G,6,12,2024-09-06,2024-11-29,0.0,0.23518523573875427,0.0,4.47147798538208
G,6,12,2024-09-13,2024-12-06,0.0,0.18403920531272888,0.0,4.420331954956055
G,6,12,2024-09-20,2024-12-13,0.0,0.17731674015522003,0.0,4.413609504699707
G,6,12,2024-09-27,2024-12-20,0.0,0.24201101064682007,0.0,4.478303909301758
G,6,12,2024-10-04,2024-12-27,0.0,0.17429260909557343,0.0,4.410585403442383
G,6,12,2024-10-11,2025-01-03,0.0,0.09361327439546585,0.0,4.329905986785889
G,6,12,2024-10-18,2025-01-10,0.0,0.07912912964820862,0.0,4.315422058105469
G,6,12,2024-10-25,2025-01-17,1.0,0.059813618659973145,0.0,4.296106338500977
G,6,12,2024-11-01,2025-01-24,0.0,0.08031950891017914,0.0,4.316612243652344
G,6,12,2024-11-08,2025-01-31,0.0,0.09897031635046005,0.0,4.335263252258301
G,6,12,2024-11-15,2025-02-07,0.0,0.09371063858270645,0.0,4.330003261566162
G,6,12,2024-11-22,2025-02-14,0.0,0.04449711740016937,0.0,4.280789852142334
G,6,12,2024-11-29,2025-02-21,0.0,0.07111814618110657,0.0,4.307411193847656
G,6,12,2024-12-06,2025-02-28,0.0,0.09184098243713379,0.0,4.328133583068848
G,6,12,2024-12-13,2025-03-07,0.0,0.12461696565151215,0.0,4.360909938812256
G,6,12,2024-12-20,2025-03-14,0.0,0.08057127147912979,0.0,4.316864013671875
G,6,12,2024-12-27,2025-03-21,0.0,0.08766636252403259,0.0,4.3239593505859375
G,6,12,2025-01-03,2025-03-28,0.0,0.10201334953308105,0.0,4.338306427001953
G,6,12,2025-01-10,2025-04-04,0.0,0.07054287195205688,0.0,4.306835651397705
G,6,12,2025-01-17,2025-04-11,0.0,0.062489718198776245,0.0,4.2987823486328125
G,6,12,2025-01-24,2025-04-18,0.0,0.07591260224580765,0.0,4.3122053146362305
G,6,12,2025-01-31,2025-04-25,1.0,0.07926447689533234,0.0,4.315557479858398
G,6,12,2025-02-07,2025-05-02,0.0,0.08027783036231995,0.0,4.31657075881958
G,6,12,2025-02-14,2025-05-09,0.0,0.08234170824289322,0.0,4.318634510040283
G,6,12,2025-02-21,2025-05-16,1.0,0.08471649140119553,0.0,4.321009159088135
G,6,12,2025-02-28,2025-05-23,1.0,0.10447212308645248,0.0,4.340764999389648
G,6,12,2025-03-07,2025-05-30,1.0,0.11992974579334259,0.0,4.356222629547119
G,6,12,2025-03-14,2025-06-06,0.0,0.1320648193359375,0.0,4.3683576583862305
G,6,12,2025-03-21,2025-06-13,0.0,0.1511516571044922,0.0,4.387444496154785
G,6,12,2025-03-28,2025-06-20,1.0,0.16344816982746124,0.0,4.399741172790527
G,6,12,2025-04-04,2025-06-27,0.0,0.27335283160209656,0.0,4.509645462036133
G,6,12,2025-04-11,2025-07-04,2.0,0.3619765043258667,0.0,4.598269462585449
G,6,12,2025-04-18,2025-07-11,0.0,0.4299066364765167,0.0,4.666199684143066
G,6,12,2025-04-25,2025-07-18,2.0,0.6063833832740784,0.0,4.842676162719727
G,6,12,2025-05-02,2025-07-25,3.0,0.842769205570221,0.0,5.079061985015869
G,6,12,2025-05-09,2025-08-01,8.0,0.7606838345527649,0.0,4.996976852416992
G,6,12,2025-05-16,2025-08-08,1.0,0.9127360582351685,0.0,5.149028778076172
G,6,12,2025-05-23,2025-08-15,0.0,1.1975681781768799,0.0,5.433860778808594
G,6,12,2025-05-30,2025-08-22,0.0,1.213411569595337,0.0,5.449704170227051
G,6,12,2025-06-06,2025-08-29,0.0,0.8695279359817505,0.0,5.105820655822754
G,6,12,2025-06-13,2025-09-05,,0.8408756256103516,0.0,5.0771684646606445
G,6,12,2025-06-20,2025-09-12,,1.835070252418518,0.43148672580718994,6.0713629722595215
G,6,12,2025-06-27,2025-09-19,,1.6495602130889893,0.24597668647766113,5.885852813720703
G,6,12,2025-07-04,2025-09-26,,0.3133217692375183,0.0,4.549614429473877
G,6,12,2025-07-11,2025-10-03,,0.2531871795654297,0.0,4.489480018615723
G,6,12,2025-07-18,2025-10-10,,0.3222479522228241,0.0,4.5585408210754395
G,6,12,2025-07-25,2025-10-17,,0.33442753553390503,0.0,4.570720195770264
G,6,12,2025-08-01,2025-10-24,,0.39582791924476624,0.0,4.632120609283447
G,6,12,2025-08-08,2025-10-31,,0.2519018352031708,0.0,4.488194465637207
G,6,12,2025-08-15,2025-11-07,,0.2464587390422821,0.0,7.485774517059326
G,6,12,2025-08-22,2025-11-14,,0.16325153410434723,0.0,7.402567386627197
H,7,1,2023-02-17,2023-02-24,0.0,0.0,0.0,3.0
H,7,1,2023-02-24,2023-03-03,0.0,0.0,0.0,3.0
H,7,1,2023-03-03,2023-03-10,0.0,0.0,0.0,3.0
H,7,1,2023-03-10,2023-03-17,0.0,0.0,0.0,3.0
H,7,1,2023-03-17,2023-03-24,0.0,0.0,0.0,3.0
H,7,1,2023-03-24,2023-03-31,0.0,0.0,0.0,3.0
H,7,1,2023-03-31,2023-04-07,0.0,0.0,0.0,3.0
H,7,1,2023-04-07,2023-04-14,0.0,0.0,0.0,3.0
H,7,1,2023-04-14,2023-04-21,0.0,0.0,0.0,3.0
H,7,1,2023-04-21,2023-04-28,0.0,0.0,0.0,3.0
H,7,1,2023-04-28,2023-05-05,0.0,0.0,0.0,3.0
H,7,1,2023-05-05,2023-05-12,0.0,0.0,0.0,3.0
H,7,1,2023-05-12,2023-05-19,0.0,0.0,0.0,3.0
H,7,1,2023-05-19,2023-05-26,0.0,0.0,0.0,3.0
H,7,1,2023-05-26,2023-06-02,0.0,0.0,0.0,3.0
H,7,1,2023-06-02,2023-06-09,0.0,0.0,0.0,3.0
H,7,1,2023-06-09,2023-06-16,2.0,0.0,0.0,3.0
H,7,1,2023-06-16,2023-06-23,0.0,0.0,0.0,3.0
H,7,1,2023-06-23,2023-06-30,0.0,0.0,0.0,3.0
H,7,1,2023-06-30,2023-07-07,0.0,0.0,0.0,3.0
H,7,1,2023-07-07,2023-07-14,0.0,0.0,0.0,3.0
H,7,1,2023-07-14,2023-07-21,1.0,0.0,0.0,3.0
H,7,1,2023-07-21,2023-07-28,1.0,0.0,0.0,3.0
H,7,1,2023-07-28,2023-08-04,1.0,0.0,0.0,3.0
H,7,1,2023-08-04,2023-08-11,2.0,0.0,0.0,3.0
H,7,1,2023-08-11,2023-08-18,3.0,0.0,0.0,3.0
H,7,1,2023-08-18,2023-08-25,0.0,0.0,0.0,3.0
H,7,1,2023-08-25,2023-09-01,1.0,0.0,0.0,3.0
H,7,1,2023-09-01,2023-09-08,3.0,0.0,0.0,3.0
H,7,1,2023-09-08,2023-09-15,3.0,0.0,0.0,3.0
H,7,1,2023-09-15,2023-09-22,3.0,0.0,0.0,3.0
H,7,1,2023-09-22,2023-09-29,1.0,0.0,0.0,3.0
H,7,1,2023-09-29,2023-10-06,4.0,0.0,0.0,3.0
H,7,1,2023-10-06,2023-10-13,0.0,0.0,0.0,3.0
H,7,1,2023-10-13,2023-10-20,0.0,0.0,0.0,3.0
H,7,1,2023-10-20,2023-10-27,0.0,0.0,0.0,4.0
H,7,1,2023-10-27,2023-11-03,0.0,0.0,0.0,4.0
H,7,1,2023-11-03,2023-11-10,0.0,0.0,0.0,4.0
H,7,1,2023-11-10,2023-11-17,0.0,0.0,0.0,4.0
H,7,1,2023-11-17,2023-11-24,0.0,0.0,0.0,4.0
H,7,1,2023-11-24,2023-12-01,0.0,0.0,0.0,4.0
H,7,1,2023-12-01,2023-12-08,1.0,0.0,0.0,4.0
H,7,1,2023-12-08,2023-12-15,0.0,0.0,0.0,4.0
H,7,1,2023-12-15,2023-12-22,0.0,0.0,0.0,4.0
H,7,1,2023-12-22,2023-12-29,2.0,0.0,0.0,4.0
H,7,1,2023-12-29,2024-01-05,0.0,0.0,0.0,4.0
H,7,1,2024-01-05,2024-01-12,0.0,0.0,0.0,4.0
H,7,1,2024-01-12,2024-01-19,0.0,0.0,0.0,4.0
H,7,1,2024-01-19,2024-01-26,0.0,0.0,0.0,4.0
H,7,1,2024-01-26,2024-02-02,0.0,0.0,0.0,4.0
H,7,1,2024-02-02,2024-02-09,0.0,0.0,0.0,4.0
H,7,1,2024-02-09,2024-02-16,0.0,0.0,0.0,4.0
H,7,1,2024-02-16,2024-02-23,0.0,0.0,0.0,4.0
H,7,1,2024-02-23,2024-03-01,0.0,0.0,0.0,4.0
H,7,1,2024-03-01,2024-03-08,0.0,0.0,0.0,4.0
H,7,1,2024-03-08,2024-03-15,0.0,0.0,0.0,4.0
H,7,1,2024-03-15,2024-03-22,0.0,0.0,0.0,4.0
H,7,1,2024-03-22,2024-03-29,0.0,0.0,0.0,4.0
H,7,1,2024-03-29,2024-04-05,0.0,0.0,0.0,4.0
H,7,1,2024-04-05,2024-04-12,0.0,0.0,0.0,4.0
H,7,1,2024-04-12,2024-04-19,0.0,0.0,0.0,4.0
H,7,1,2024-04-19,2024-04-26,0.0,0.0,0.0,4.0
H,7,1,2024-04-26,2024-05-03,0.0,0.0,0.0,4.0
H,7,1,2024-05-03,2024-05-10,0.0,0.0,0.0,4.0
H,7,1,2024-05-10,2024-05-17,0.0,0.0,0.0,4.0
H,7,1,2024-05-17,2024-05-24,0.0,0.0,0.0,4.0
H,7,1,2024-05-24,2024-05-31,0.0,0.0,0.0,4.0
H,7,1,2024-05-31,2024-06-07,0.0,0.0,0.0,4.0
H,7,1,2024-06-07,2024-06-14,0.0,0.0,0.0,4.0
H,7,1,2024-06-14,2024-06-21,0.0,0.0,0.0,4.0
H,7,1,2024-06-21,2024-06-28,0.0,0.0,0.0,4.0
H,7,1,2024-06-28,2024-07-05,0.0,0.0,0.0,4.0
H,7,1,2024-07-05,2024-07-12,0.0,0.0,0.0,4.0
H,7,1,2024-07-12,2024-07-19,1.0,0.0,0.0,4.0
H,7,1,2024-07-19,2024-07-26,7.0,0.0,0.0,4.0
H,7,1,2024-07-26,2024-08-02,34.0,0.0,0.0,4.0
H,7,1,2024-08-02,2024-08-09,22.0,0.0,0.0,4.0
H,7,1,2024-08-09,2024-08-16,2.0,0.0,0.0,7.0
H,7,1,2024-08-16,2024-08-23,0.0,0.0,0.0,34.0
H,7,1,2024-08-23,2024-08-30,1.0,0.0,0.0,34.0
H,7,1,2024-08-30,2024-09-06,1.0,0.0,0.0,34.0
H,7,1,2024-09-06,2024-09-13,1.0,0.0,0.0,34.0
H,7,1,2024-09-13,2024-09-20,1.0,0.0,0.0,34.0
H,7,1,2024-09-20,2024-09-27,0.0,0.0,0.0,34.0
H,7,1,2024-09-27,2024-10-04,1.0,0.0,0.0,34.0
H,7,1,2024-10-04,2024-10-11,0.0,0.0,0.0,34.0
H,7,1,2024-10-11,2024-10-18,1.0,0.0,0.0,34.0
H,7,1,2024-10-18,2024-10-25,0.0,0.0,0.0,34.0
H,7,1,2024-10-25,2024-11-01,0.0,0.0,0.0,34.0
H,7,1,2024-11-01,2024-11-08,0.0,0.0,0.0,34.0
H,7,1,2024-11-08,2024-11-15,0.0,0.0,0.0,34.0
H,7,1,2024-11-15,2024-11-22,1.0,0.0,0.0,34.0
H,7,1,2024-11-22,2024-11-29,0.0,0.0,0.0,34.0
H,7,1,2024-11-29,2024-12-06,0.0,0.0,0.0,34.0
H,7,1,2024-12-06,2024-12-13,0.0,0.0,0.0,34.0
H,7,1,2024-12-13,2024-12-20,0.0,0.0,0.0,34.0
H,7,1,2024-12-20,2024-12-27,0.0,0.0,0.0,34.0
H,7,1,2024-12-27,2025-01-03,0.0,0.0,0.0,34.0
H,7,1,2025-01-03,2025-01-10,0.0,0.0,0.0,34.0
H,7,1,2025-01-10,2025-01-17,0.0,0.0,0.0,34.0
H,7,1,2025-01-17,2025-01-24,0.0,0.0,0.0,34.0
H,7,1,2025-01-24,2025-01-31,0.0,0.0,0.0,34.0
H,7,1,2025-01-31,2025-02-07,0.0,0.0,0.0,34.0
H,7,1,2025-02-07,2025-02-14,0.0,0.0,0.0,34.0
H,7,1,2025-02-14,2025-02-21,0.0,0.0,0.0,34.0
H,7,1,2025-02-21,2025-02-28,0.0,0.0,0.0,34.0
H,7,1,2025-02-28,2025-03-07,1.0,0.0,0.0,34.0
H,7,1,2025-03-07,2025-03-14,1.0,0.0,0.0,34.0
H,7,1,2025-03-14,2025-03-21,0.0,0.0,0.0,34.0
H,7,1,2025-03-21,2025-03-28,0.0,0.0,0.0,34.0
H,7,1,2025-03-28,2025-04-04,2.0,0.0,0.0,34.0
H,7,1,2025-04-04,2025-04-11,0.0,0.0,0.0,34.0
H,7,1,2025-04-11,2025-04-18,0.0,0.0,0.0,34.0
H,7,1,2025-04-18,2025-04-25,0.0,0.0,0.0,34.0
H,7,1,2025-04-25,2025-05-02,0.0,0.0,0.0,34.0
H,7,1,2025-05-02,2025-05-09,0.0,0.0,0.0,34.0
H,7,1,2025-05-09,2025-05-16,0.0,0.0,0.0,34.0
H,7,1,2025-05-16,2025-05-23,1.0,0.0,0.0,34.0
H,7,1,2025-05-23,2025-05-30,0.0,0.0,0.0,34.0
H,7,1,2025-05-30,2025-06-06,1.0,0.0,0.0,34.0
H,7,1,2025-06-06,2025-06-13,1.0,0.0,0.0,34.0
H,7,1,2025-06-13,2025-06-20,0.0,0.0,0.0,34.0
H,7,1,2025-06-20,2025-06-27,0.0,0.0,0.0,34.0
H,7,1,2025-06-27,2025-07-04,2.0,0.0,0.0,34.0
H,7,1,2025-07-04,2025-07-11,0.0,0.0,0.0,34.0
H,7,1,2025-07-11,2025-07-18,4.0,0.0,0.0,34.0
H,7,1,2025-07-18,2025-07-25,3.0,0.0,0.0,34.0
H,7,1,2025-07-25,2025-08-01,21.0,0.0,0.0,34.0
H,7,1,2025-08-01,2025-08-08,9.0,0.0,0.0,34.0
H,7,1,2025-08-08,2025-08-15,0.0,0.0,0.0,34.0
H,7,1,2025-08-15,2025-08-22,1.0,0.0,0.0,22.0
H,7,1,2025-08-22,2025-08-29,0.0,0.0,0.0,21.0
H,7,2,2023-02-17,2023-03-03,0.0,0.028398137539625168,0.0,2.789501667022705
H,7,2,2023-02-24,2023-03-10,0.0,0.02686402201652527,0.0,2.7879676818847656
H,7,2,2023-03-03,2023-03-17,0.0,0.0206184983253479,0.0,2.781722068786621
H,7,2,2023-03-10,2023-03-24,0.0,0.03396333009004593,0.0,2.795067071914673
H,7,2,2023-03-17,2023-03-31,0.0,0.041553743183612823,0.0,2.80265736579895
H,7,2,2023-03-24,2023-04-07,0.0,0.03786635398864746,0.0,2.7989699840545654
H,7,2,2023-03-31,2023-04-14,0.0,0.03618677332997322,0.0,2.797290325164795
H,7,2,2023-04-07,2023-04-21,0.0,0.03451274707913399,0.0,2.795616388320923
H,7,2,2023-04-14,2023-04-28,0.0,0.03481356054544449,0.0,2.795917272567749
H,7,2,2023-04-21,2023-05-05,0.0,0.043792784214019775,0.0,2.804896354675293
H,7,2,2023-04-28,2023-05-12,0.0,0.0786941647529602,0.0,2.8397977352142334
H,7,2,2023-05-05,2023-05-19,0.0,0.17813968658447266,0.0,2.9392433166503906
H,7,2,2023-05-12,2023-05-26,0.0,0.26522305607795715,0.0,3.0263266563415527
H,7,2,2023-05-19,2023-06-02,0.0,0.3133770525455475,0.0,3.0744807720184326
H,7,2,2023-05-26,2023-06-09,0.0,0.461652547121048,0.0,3.2227561473846436
H,7,2,2023-06-02,2023-06-16,2.0,0.2998310327529907,0.0,3.060934543609619
H,7,2,2023-06-09,2023-06-23,0.0,0.7120414972305298,0.0,3.473145008087158
H,7,2,2023-06-16,2023-06-30,0.0,0.38658222556114197,0.0,3.1476857662200928
H,7,2,2023-06-23,2023-07-07,0.0,0.33518415689468384,0.0,3.096287727355957
H,7,2,2023-06-30,2023-07-14,0.0,0.2878161072731018,0.0,3.048919677734375
H,7,2,2023-07-07,2023-07-21,1.0,0.4094593822956085,0.0,3.170562982559204
H,7,2,2023-07-14,2023-07-28,1.0,1.099062442779541,0.0,3.860166072845459
H,7,2,2023-07-21,2023-08-04,1.0,2.173919677734375,0.0,4.935023307800293
H,7,2,2023-07-28,2023-08-11,2.0,6.141859531402588,3.350703239440918,8.661486625671387
H,7,2,2023-08-04,2023-08-18,3.0,2.3878397941589355,0.0,4.907466888427734
H,7,2,2023-08-11,2023-08-25,0.0,0.7833831310272217,0.0,3.3030099868774414
H,7,2,2023-08-18,2023-09-01,1.0,0.4674539864063263,0.0,2.9870808124542236
H,7,2,2023-08-25,2023-09-08,3.0,0.8129410743713379,0.0,3.3325679302215576
H,7,2,2023-09-01,2023-09-15,3.0,1.196027159690857,0.0,3.715653896331787
H,7,2,2023-09-08,2023-09-22,3.0,1.293878197669983,0.0,3.813505172729492
H,7,2,2023-09-15,2023-09-29,1.0,0.7392305731773376,0.0,3.258857488632202
H,7,2,2023-09-22,2023-10-06,4.0,0.9477259516716003,0.0,3.467352867126465
H,7,2,2023-09-29,2023-10-13,0.0,0.933661162853241,0.0,3.4532880783081055
H,7,2,2023-10-06,2023-10-20,0.0,1.028509259223938,0.0,3.2155680656433105
H,7,2,2023-10-13,2023-10-27,0.0,0.7184695601463318,0.0,2.9055285453796387
H,7,2,2023-10-20,2023-11-03,0.0,0.6514765024185181,0.0,3.7037506103515625
H,7,2,2023-10-27,2023-11-10,0.0,0.4298318922519684,0.0,3.4821059703826904
H,7,2,2023-11-03,2023-11-17,0.0,0.34729716181755066,0.0,3.399571180343628
H,7,2,2023-11-10,2023-11-24,0.0,0.3635932505130768,0.0,3.415867328643799
H,7,2,2023-11-17,2023-12-01,0.0,0.17602986097335815,0.0,3.228303909301758
H,7,2,2023-11-24,2023-12-08,1.0,0.3568090796470642,0.0,3.409083127975464
H,7,2,2023-12-01,2023-12-15,0.0,0.12068428844213486,0.0,3.1729583740234375
H,7,2,2023-12-08,2023-12-22,0.0,0.09366816282272339,0.0,3.145942211151123
H,7,2,2023-12-15,2023-12-29,2.0,0.1434212327003479,0.0,3.195695161819458
H,7,2,2023-12-22,2024-01-05,0.0,0.20458176732063293,0.0,3.2568557262420654
H,7,2,2023-12-29,2024-01-12,0.0,0.14189007878303528,0.0,3.1941640377044678
H,7,2,2024-01-05,2024-01-19,0.0,0.12396762520074844,0.0,3.176241636276245
H,7,2,2024-01-12,2024-01-26,0.0,0.17047512531280518,0.0,3.2227492332458496
H,7,2,2024-01-19,2024-02-02,0.0,0.11399679630994797,0.0,3.1662707328796387
H,7,2,2024-01-26,2024-02-09,0.0,0.1516910195350647,0.0,3.203964948654175
H,7,2,2024-02-02,2024-02-16,0.0,0.06260649859905243,0.0,3.1148805618286133
H,7,2,2024-02-09,2024-02-23,0.0,0.060076020658016205,0.0,3.1123499870300293
H,7,2,2024-02-16,2024-03-01,0.0,0.04588664323091507,0.0,3.098160743713379
H,7,2,2024-02-23,2024-03-08,0.0,0.03523172438144684,0.0,3.08750581741333
H,7,2,2024-03-01,2024-03-15,0.0,0.05153461545705795,0.0,3.103808641433716
H,7,2,2024-03-08,2024-03-22,0.0,0.04258926957845688,0.0,3.094863176345825
H,7,2,2024-03-15,2024-03-29,0.0,0.04919648915529251,0.0,3.101470470428467
H,7,2,2024-03-22,2024-04-05,0.0,0.043834857642650604,0.0,3.096108913421631
H,7,2,2024-03-29,2024-04-12,0.0,0.04415811598300934,0.0,3.0964322090148926
H,7,2,2024-04-05,2024-04-19,0.0,0.056060612201690674,0.0,3.108334541320801
H,7,2,2024-04-12,2024-04-26,0.0,0.06903006136417389,0.0,3.1213040351867676
H,7,2,2024-04-19,2024-05-03,0.0,0.07247321307659149,0.0,3.1247472763061523
H,7,2,2024-04-26,2024-05-10,0.0,0.11268646270036697,0.0,3.1649603843688965
H,7,2,2024-05-03,2024-05-17,0.0,0.17197054624557495,0.0,3.2242445945739746
H,7,2,2024-05-10,2024-05-24,0.0,0.2573035657405853,0.0,3.309577465057373
H,7,2,2024-05-17,2024-05-31,0.0,0.2973884344100952,0.0,3.3496623039245605
H,7,2,2024-05-24,2024-06-07,0.0,0.9038622975349426,0.0,3.9561362266540527
H,7,2,2024-05-31,2024-06-14,0.0,0.47760307788848877,0.0,3.529877185821533
H,7,2,2024-06-07,2024-06-21,0.0,0.4847196936607361,0.0,3.5369937419891357
H,7,2,2024-06-14,2024-06-28,0.0,0.5843925476074219,0.0,3.6366665363311768
H,7,2,2024-06-21,2024-07-05,0.0,0.6195127367973328,0.0,3.6717867851257324
H,7,2,2024-06-28,2024-07-12,0.0,0.559393584728241,0.0,3.6116676330566406
H,7,2,2024-07-05,2024-07-19,1.0,0.6131972074508667,0.0,3.665471076965332
H,7,2,2024-07-12,2024-07-26,7.0,0.8309120535850525,0.0,3.883186101913452
H,7,2,2024-07-19,2024-08-02,34.0,2.4445126056671143,0.0,5.496786594390869
H,7,2,2024-07-26,2024-08-09,22.0,1.7897694110870361,0.0,4.842043399810791
H,7,2,2024-08-02,2024-08-16,2.0,6.878118991851807,2.7362594604492188,9.93039321899414
H,7,2,2024-08-09,2024-08-23,0.0,9.949408531188965,5.807548999786377,16.11849594116211
H,7,2,2024-08-16,2024-08-30,1.0,5.874174118041992,1.7323145866394043,37.42966079711914
H,7,2,2024-08-23,2024-09-06,1.0,5.1916046142578125,4.163095474243164,36.747093200683594
H,7,2,2024-08-30,2024-09-13,1.0,11.279147148132324,6.401028156280518,42.834632873535156
H,7,2,2024-09-06,2024-09-20,1.0,3.9721286296844482,0.0,35.52761459350586
H,7,2,2024-09-13,2024-09-27,0.0,2.7623696327209473,0.0,34.31785583496094
H,7,2,2024-09-20,2024-10-04,1.0,5.705731391906738,0.0,37.2612190246582
H,7,2,2024-09-27,2024-10-11,0.0,1.822271704673767,0.0,33.37775802612305
H,7,2,2024-10-04,2024-10-18,1.0,0.5775691270828247,0.0,32.133056640625
H,7,2,2024-10-11,2024-10-25,0.0,0.35238662362098694,0.0,31.907873153686523
H,7,2,2024-10-18,2024-11-01,0.0,0.9815388917922974,0.0,32.537025451660156
H,7,2,2024-10-25,2024-11-08,0.0,1.394505262374878,0.0,32.94999313354492
H,7,2,2024-11-01,2024-11-15,0.0,0.26111871004104614,0.0,31.816604614257812
H,7,2,2024-11-08,2024-11-22,1.0,0.27492624521255493,0.0,31.830413818359375
H,7,2,2024-11-15,2024-11-29,0.0,0.2450697124004364,0.0,31.800556182861328
H,7,2,2024-11-22,2024-12-06,0.0,0.15838578343391418,0.0,31.7138729095459
H,7,2,2024-11-29,2024-12-13,0.0,0.1306791603565216,0.0,31.686166763305664
H,7,2,2024-12-06,2024-12-20,0.0,0.2263743281364441,0.0,31.7818603515625
H,7,2,2024-12-13,2024-12-27,0.0,0.17743170261383057,0.0,31.73291778564453
H,7,2,2024-12-20,2025-01-03,0.0,0.20136091113090515,0.0,31.756847381591797
H,7,2,2024-12-27,2025-01-10,0.0,0.14382866024971008,0.0,31.699316024780273
H,7,2,2025-01-03,2025-01-17,0.0,0.11899930983781815,0.0,31.67448616027832
H,7,2,2025-01-10,2025-01-24,0.0,0.13320288062095642,0.0,31.688690185546875
H,7,2,2025-01-17,2025-01-31,0.0,0.06958393007516861,0.0,31.625070571899414
H,7,2,2025-01-24,2025-02-07,0.0,0.08520665019750595,0.0,31.64069366455078
H,7,2,2025-01-31,2025-02-14,0.0,0.06022241711616516,0.0,31.61570930480957
H,7,2,2025-02-07,2025-02-21,0.0,0.06714437156915665,0.0,31.622631072998047
H,7,2,2025-02-14,2025-02-28,0.0,0.05530326068401337,0.0,31.610790252685547
H,7,2,2025-02-21,2025-03-07,1.0,0.044325001537799835,0.0,31.599811553955078
H,7,2,2025-02-28,2025-03-14,1.0,0.050857871770858765,0.0,31.60634422302246
H,7,2,2025-03-07,2025-03-21,0.0,0.050681762397289276,0.0,31.606168746948242
H,7,2,2025-03-14,2025-03-28,0.0,0.05933263152837753,0.0,31.614818572998047
H,7,2,2025-03-21,2025-04-04,2.0,0.06014713644981384,0.0,31.615633010864258
H,7,2,2025-03-28,2025-04-11,0.0,0.06811284273862839,0.0,31.623600006103516
H,7,2,2025-04-04,2025-04-18,0.0,0.06597255915403366,0.0,31.6214599609375
H,7,2,2025-04-11,2025-04-25,0.0,0.09887413680553436,0.0,31.654361724853516
H,7,2,2025-04-18,2025-05-02,0.0,0.1419728398323059,0.0,31.697460174560547
H,7,2,2025-04-25,2025-05-09,0.0,0.16380029916763306,0.0,31.719287872314453
H,7,2,2025-05-02,2025-05-16,0.0,0.26563364267349243,0.0,31.821121215820312
H,7,2,2025-05-09,2025-05-23,1.0,0.23330208659172058,0.0,31.788787841796875
H,7,2,2025-05-16,2025-05-30,0.0,0.32393205165863037,0.0,31.879419326782227
H,7,2,2025-05-23,2025-06-06,1.0,0.43190622329711914,0.0,31.98739242553711
H,7,2,2025-05-30,2025-06-13,1.0,0.6010458469390869,0.0,32.156532287597656
H,7,2,2025-06-06,2025-06-20,0.0,0.9500341415405273,0.0,32.50551986694336
H,7,2,2025-06-13,2025-06-27,0.0,0.48594051599502563,0.0,32.04142761230469
H,7,2,2025-06-20,2025-07-04,2.0,0.3271480202674866,0.0,31.88263511657715
H,7,2,2025-06-27,2025-07-11,0.0,0.5573108792304993,0.0,32.112796783447266
H,7,2,2025-07-04,2025-07-18,4.0,2.560953378677368,0.0,34.11643981933594
H,7,2,2025-07-11,2025-07-25,3.0,7.671361923217773,0.0,39.22684860229492
H,7,2,2025-07-18,2025-08-01,21.0,10.40117359161377,0.12202644348144531,41.956661224365234
H,7,2,2025-07-25,2025-08-08,9.0,8.464247703552246,0.0,40.01973342895508
H,7,2,2025-08-01,2025-08-15,0.0,7.923977851867676,0.0,39.47946548461914
H,7,2,2025-08-08,2025-08-22,1.0,2.5529067516326904,0.0,34.108394622802734
H,7,2,2025-08-15,2025-08-29,0.0,1.1586833000183105,0.0,21.368913650512695
H,7,2,2025-08-22,2025-09-05,,1.842516541481018,0.0,12.441343307495117
H,7,4,2023-02-17,2023-03-17,0.0,0.11064344644546509,0.0,2.4363937377929688
H,7,4,2023-02-24,2023-03-24,0.0,0.11098628491163254,0.0,2.436736583709717
H,7,4,2023-03-03,2023-03-31,0.0,0.1083122119307518,0.0,2.4340624809265137
H,7,4,2023-03-10,2023-04-07,0.0,0.10600468516349792,0.0,2.4317550659179688
H,7,4,2023-03-17,2023-04-14,0.0,0.11095354706048965,0.0,2.43670392036438
H,7,4,2023-03-24,2023-04-21,0.0,0.12194733321666718,0.0,2.447697639465332
H,7,4,2023-03-31,2023-04-28,0.0,0.1255553662776947,0.0,2.451305627822876
H,7,4,2023-04-07,2023-05-05,0.0,0.12337328493595123,0.0,2.4491236209869385
H,7,4,2023-04-14,2023-05-12,0.0,0.14306224882602692,0.0,2.4688127040863037
H,7,4,2023-04-21,2023-05-19,0.0,0.1490338146686554,0.0,2.4747841358184814
H,7,4,2023-04-28,2023-05-26,0.0,0.1946624219417572,0.0,2.5204126834869385
H,7,4,2023-05-05,2023-06-02,0.0,0.3805553913116455,0.0,2.706305742263794
H,7,4,2023-05-12,2023-06-09,0.0,0.35481858253479004,0.0,2.6805689334869385
H,7,4,2023-05-19,2023-06-16,2.0,0.22902128100395203,0.0,2.554771661758423
H,7,4,2023-05-26,2023-06-23,0.0,0.3673948049545288,0.0,2.693145275115967
H,7,4,2023-06-02,2023-06-30,0.0,0.6763044595718384,0.0,3.0020546913146973
H,7,4,2023-06-09,2023-07-07,0.0,1.0242341756820679,0.0,3.349984645843506
H,7,4,2023-06-16,2023-07-14,0.0,1.2652639150619507,0.0,3.5910143852233887
H,7,4,2023-06-23,2023-07-21,1.0,2.705928325653076,0.0,5.031678676605225
H,7,4,2023-06-30,2023-07-28,1.0,2.249868631362915,0.0,4.575618743896484
H,7,4,2023-07-07,2023-08-04,1.0,2.6655311584472656,0.0,4.991281509399414
H,7,4,2023-07-14,2023-08-11,2.0,3.723428964614868,0.6315743923187256,6.0491790771484375
H,7,4,2023-07-21,2023-08-18,3.0,1.5852559804916382,0.5610218048095703,3.911006450653076
H,7,4,2023-07-28,2023-08-25,0.0,1.729257583618164,0.4639936685562134,4.0550079345703125
H,7,4,2023-08-04,2023-09-01,1.0,0.8806442618370056,0.0,3.206394672393799
H,7,4,2023-08-11,2023-09-08,3.0,1.1084297895431519,0.0,3.43418025970459
H,7,4,2023-08-18,2023-09-15,3.0,1.8279212713241577,0.12199294567108154,4.153671741485596
H,7,4,2023-08-25,2023-09-22,3.0,1.1352005004882812,0.0,3.4609508514404297
H,7,4,2023-09-01,2023-09-29,1.0,1.2063212394714355,0.0,3.532071590423584
H,7,4,2023-09-08,2023-10-06,4.0,2.3132131099700928,0.5839555263519287,4.63896369934082
H,7,4,2023-09-15,2023-10-13,0.0,3.340085029602051,1.6108274459838867,5.665835380554199
H,7,4,2023-09-22,2023-10-20,0.0,3.565727949142456,1.836470365524292,5.891478538513184
H,7,4,2023-09-29,2023-10-27,0.0,0.9675828814506531,0.0,3.2933332920074463
H,7,4,2023-10-06,2023-11-03,0.0,1.1418033838272095,0.0,3.0333735942840576
H,7,4,2023-10-13,2023-11-10,0.0,1.6331638097763062,0.0,3.5247340202331543
H,7,4,2023-10-20,2023-11-17,0.0,1.0201231241226196,0.0,2.9116933345794678
H,7,4,2023-10-27,2023-11-24,0.0,0.39535248279571533,0.0,2.2869226932525635
H,7,4,2023-11-03,2023-12-01,0.0,0.27009665966033936,0.0,2.1616668701171875
H,7,4,2023-11-10,2023-12-08,1.0,0.3582877218723297,0.0,2.2498579025268555
H,7,4,2023-11-17,2023-12-15,0.0,0.20136088132858276,0.0,2.092931032180786
H,7,4,2023-11-24,2023-12-22,0.0,0.18882912397384644,0.0,2.08039927482605
H,7,4,2023-12-01,2023-12-29,2.0,0.14904341101646423,0.0,2.0406136512756348
H,7,4,2023-12-08,2024-01-05,0.0,0.18471723794937134,0.0,2.0762875080108643
H,7,4,2023-12-15,2024-01-12,0.0,0.2260701060295105,0.0,2.117640256881714
H,7,4,2023-12-22,2024-01-19,0.0,0.22947663068771362,0.0,2.121046781539917
H,7,4,2023-12-29,2024-01-26,0.0,0.2047746181488037,0.0,2.0963449478149414
H,7,4,2024-01-05,2024-02-02,0.0,0.2073013186454773,0.0,2.0988714694976807
H,7,4,2024-01-12,2024-02-09,0.0,0.2489810585975647,0.0,2.1405513286590576
H,7,4,2024-01-19,2024-02-16,0.0,0.15414762496948242,0.0,2.045717716217041
H,7,4,2024-01-26,2024-02-23,0.0,0.13109952211380005,0.0,2.022669792175293
H,7,4,2024-02-02,2024-03-01,0.0,0.12263569235801697,0.0,2.0142059326171875
H,7,4,2024-02-09,2024-03-08,0.0,0.13624835014343262,0.0,2.0278186798095703
H,7,4,2024-02-16,2024-03-15,0.0,0.11740396916866302,0.0,2.008974075317383
H,7,4,2024-02-23,2024-03-22,0.0,0.10972301661968231,0.0,2.001293182373047
H,7,4,2024-03-01,2024-03-29,0.0,0.10523250699043274,0.0,1.9968026876449585
H,7,4,2024-03-08,2024-04-05,0.0,0.12173965573310852,0.0,2.013309955596924
H,7,4,2024-03-15,2024-04-12,0.0,0.12532919645309448,0.0,2.016899347305298
H,7,4,2024-03-22,2024-04-19,0.0,0.1371297389268875,0.0,2.0286998748779297
H,7,4,2024-03-29,2024-04-26,0.0,0.14683833718299866,0.0,2.0384085178375244
H,7,4,2024-04-05,2024-05-03,0.0,0.18200057744979858,0.0,2.073570728302002
H,7,4,2024-04-12,2024-05-10,0.0,0.20400306582450867,0.0,2.0955731868743896
H,7,4,2024-04-19,2024-05-17,0.0,0.23406320810317993,0.0,2.125633478164673
H,7,4,2024-04-26,2024-05-24,0.0,0.29497119784355164,0.0,2.1865413188934326
H,7,4,2024-05-03,2024-05-31,0.0,0.5964565277099609,0.0,2.4880266189575195
H,7,4,2024-05-10,2024-06-07,0.0,1.051677942276001,0.0,2.9432482719421387
H,7,4,2024-05-17,2024-06-14,0.0,0.7203402519226074,0.0,2.611910343170166
H,7,4,2024-05-24,2024-06-21,0.0,0.6969529390335083,0.0,2.5885231494903564
H,7,4,2024-05-31,2024-06-28,0.0,0.7089866399765015,0.0,2.6005568504333496
H,7,4,2024-06-07,2024-07-05,0.0,1.0651096105575562,0.0,2.9566798210144043
H,7,4,2024-06-14,2024-07-12,0.0,2.6138107776641846,0.0,4.505381107330322
H,7,4,2024-06-21,2024-07-19,1.0,3.69443416595459,0.1287062168121338,5.586004257202148
H,7,4,2024-06-28,2024-07-26,7.0,3.7209110260009766,0.1551830768585205,5.612481117248535
H,7,4,2024-07-05,2024-08-02,34.0,3.163693904876709,0.0,5.055263996124268
H,7,4,2024-07-12,2024-08-09,22.0,3.5947892665863037,0.029061317443847656,5.486359596252441
H,7,4,2024-07-19,2024-08-16,2.0,1.1120036840438843,0.0,3.0035738945007324
H,7,4,2024-07-26,2024-08-23,0.0,1.2070133686065674,0.0,3.098583698272705
H,7,4,2024-08-02,2024-08-30,1.0,4.776580333709717,1.2108523845672607,6.668150424957275
H,7,4,2024-08-09,2024-09-06,1.0,7.285423755645752,3.719695806503296,10.564512252807617
H,7,4,2024-08-16,2024-09-13,1.0,8.805586814880371,5.239858627319336,39.64189147949219
H,7,4,2024-08-23,2024-09-20,1.0,5.769395351409912,2.203667402267456,36.6057014465332
H,7,4,2024-08-30,2024-09-27,0.0,11.164283752441406,7.598555564880371,42.000587463378906
H,7,4,2024-09-06,2024-10-04,1.0,23.229360580444336,19.663633346557617,54.06566619873047
H,7,4,2024-09-13,2024-10-11,0.0,2.4201152324676514,0.0,33.25642013549805
H,7,4,2024-09-20,2024-10-18,1.0,1.70283043384552,0.0,32.53913497924805
H,7,4,2024-09-27,2024-10-25,0.0,1.7156819105148315,0.0,32.55198669433594
H,7,4,2024-10-04,2024-11-01,0.0,1.2084237337112427,0.0,32.04473114013672
H,7,4,2024-10-11,2024-11-08,0.0,1.2974003553390503,0.0,32.133705139160156
H,7,4,2024-10-18,2024-11-15,0.0,0.4139799475669861,0.0,31.250286102294922
H,7,4,2024-10-25,2024-11-22,1.0,0.3291740119457245,0.0,31.16547966003418
H,7,4,2024-11-01,2024-11-29,0.0,0.38922858238220215,0.0,31.225534439086914
H,7,4,2024-11-08,2024-12-06,0.0,0.6107227802276611,0.0,31.44702911376953
H,7,4,2024-11-15,2024-12-13,0.0,0.49943405389785767,0.0,31.335739135742188
H,7,4,2024-11-22,2024-12-20,0.0,0.3034925162792206,0.0,31.13979721069336
H,7,4,2024-11-29,2024-12-27,0.0,0.21175196766853333,0.0,31.048057556152344
H,7,4,2024-12-06,2025-01-03,0.0,0.3387342691421509,0.0,31.175039291381836
H,7,4,2024-12-13,2025-01-10,0.0,0.2354188859462738,0.0,31.07172393798828
H,7,4,2024-12-20,2025-01-17,0.0,0.2696317434310913,0.0,31.105937957763672
H,7,4,2024-12-27,2025-01-24,0.0,0.36491912603378296,0.0,31.20122528076172
H,7,4,2025-01-03,2025-01-31,0.0,0.2684292793273926,0.0,31.104734420776367
H,7,4,2025-01-10,2025-02-07,0.0,0.28245607018470764,0.0,31.11876106262207
H,7,4,2025-01-17,2025-02-14,0.0,0.2119046151638031,0.0,31.04821014404297
H,7,4,2025-01-24,2025-02-21,0.0,0.21112903952598572,0.0,31.047433853149414
H,7,4,2025-01-31,2025-02-28,0.0,0.1304681897163391,0.0,30.966773986816406
H,7,4,2025-02-07,2025-03-07,1.0,0.13404425978660583,0.0,30.97035026550293
H,7,4,2025-02-14,2025-03-14,1.0,0.11788585036993027,0.0,30.954191207885742
H,7,4,2025-02-21,2025-03-21,0.0,0.13126203417778015,0.0,30.967567443847656
H,7,4,2025-02-28,2025-03-28,0.0,0.115096814930439,0.0,30.95140266418457
H,7,4,2025-03-07,2025-04-04,2.0,0.1244748905301094,0.0,30.96078109741211
H,7,4,2025-03-14,2025-04-11,0.0,0.11995180696249008,0.0,30.956256866455078
H,7,4,2025-03-21,2025-04-18,0.0,0.17326566576957703,0.0,31.009571075439453
H,7,4,2025-03-28,2025-04-25,0.0,0.20990872383117676,0.0,31.046215057373047
H,7,4,2025-04-04,2025-05-02,0.0,0.46564781665802,0.0,31.30195426940918
H,7,4,2025-04-11,2025-05-09,0.0,1.244320034980774,0.0,32.08062744140625
H,7,4,2025-04-18,2025-05-16,0.0,0.8118222951889038,0.0,31.648128509521484
H,7,4,2025-04-25,2025-05-23,1.0,0.7407017350196838,0.0,31.577007293701172
H,7,4,2025-05-02,2025-05-30,0.0,0.6698997616767883,0.0,31.50620460510254
H,7,4,2025-05-09,2025-06-06,1.0,0.8113587498664856,0.0,31.64766502380371
H,7,4,2025-05-16,2025-06-13,1.0,0.4902856647968292,0.0,31.32659149169922
H,7,4,2025-05-23,2025-06-20,0.0,0.3666471838951111,0.0,31.202953338623047
H,7,4,2025-05-30,2025-06-27,0.0,0.397743821144104,0.0,31.23404884338379
H,7,4,2025-06-06,2025-07-04,2.0,0.3969903290271759,0.0,31.233295440673828
H,7,4,2025-06-13,2025-07-11,0.0,0.7650493383407593,0.0,31.601354598999023
H,7,4,2025-06-20,2025-07-18,4.0,2.2939658164978027,0.0,33.130271911621094
H,7,4,2025-06-27,2025-07-25,3.0,4.389880180358887,0.0,35.2261848449707
H,7,4,2025-07-04,2025-08-01,21.0,5.176435470581055,0.0,36.01274108886719
H,7,4,2025-07-11,2025-08-08,9.0,2.1268842220306396,0.0,32.96318817138672
H,7,4,2025-07-18,2025-08-15,0.0,1.4953396320343018,0.0,32.33164596557617
H,7,4,2025-07-25,2025-08-22,1.0,0.8642925024032593,0.0,31.700597763061523
H,7,4,2025-08-01,2025-08-29,0.0,1.6113711595535278,0.0,32.44767761230469
H,7,4,2025-08-08,2025-09-05,,2.8312392234802246,0.0,33.667545318603516
H,7,4,2025-08-15,2025-09-12,,5.464397430419922,0.0,23.86960792541504
H,7,4,2025-08-22,2025-09-19,,5.191787242889404,0.0,21.015352249145508
H,7,8,2023-02-17,2023-04-14,0.0,0.0,0.0,2.4659535884857178
H,7,8,2023-02-24,2023-04-21,0.0,0.0,0.0,2.4659535884857178
H,7,8,2023-03-03,2023-04-28,0.0,0.0,0.0,2.4659535884857178
H,7,8,2023-03-10,2023-05-05,0.0,0.0,0.0,2.4659535884857178
H,7,8,2023-03-17,2023-05-12,0.0,0.0,0.0,2.4659535884857178
H,7,8,2023-03-24,2023-05-19,0.0,0.0,0.0,2.4659535884857178
H,7,8,2023-03-31,2023-05-26,0.0,0.0,0.0,2.4659535884857178
H,7,8,2023-04-07,2023-06-02,0.0,0.04064188897609711,0.0,2.5065953731536865
H,7,8,2023-04-14,2023-06-09,0.0,0.28985729813575745,0.0,2.7558109760284424
H,7,8,2023-04-21,2023-06-16,2.0,0.278107225894928,0.0,2.744060754776001
H,7,8,2023-04-28,2023-06-23,0.0,0.19819164276123047,0.0,2.6641452312469482
H,7,8,2023-05-05,2023-06-30,0.0,0.29461950063705444,0.0,2.760573148727417
H,7,8,2023-05-12,2023-07-07,0.0,0.6789222359657288,0.0,3.1448757648468018
H,7,8,2023-05-19,2023-07-14,0.0,0.518215537071228,0.0,2.9841690063476562
H,7,8,2023-05-26,2023-07-21,1.0,0.6898066401481628,0.0,3.1557602882385254
H,7,8,2023-06-02,2023-07-28,1.0,0.9084452390670776,0.0,3.374398708343506
H,7,8,2023-06-09,2023-08-04,1.0,1.7610666751861572,0.12157392501831055,4.227020263671875
H,7,8,2023-06-16,2023-08-11,2.0,3.2496347427368164,1.6101419925689697,5.715588569641113
H,7,8,2023-06-23,2023-08-18,3.0,2.707592010498047,1.0680992603302002,5.173545837402344
H,7,8,2023-06-30,2023-08-25,0.0,3.8133656978607178,2.173872947692871,6.2793192863464355
H,7,8,2023-07-07,2023-09-01,1.0,1.8935035467147827,0.25401079654693604,4.359457015991211
H,7,8,2023-07-14,2023-09-08,3.0,1.5773029327392578,0.0,4.043256759643555
H,7,8,2023-07-21,2023-09-15,3.0,1.7031766176223755,0.06368386745452881,4.169130325317383
H,7,8,2023-07-28,2023-09-22,3.0,5.020308494567871,3.3808157444000244,6.963528156280518
H,7,8,2023-08-04,2023-09-29,1.0,13.375523567199707,11.736030578613281,15.318742752075195
H,7,8,2023-08-11,2023-10-06,4.0,12.076070785522461,10.436577796936035,14.01928997039795
H,7,8,2023-08-18,2023-10-13,0.0,1.6831161975860596,0.04362344741821289,3.626335620880127
H,7,8,2023-08-25,2023-10-20,0.0,0.40697914361953735,0.0,2.350198745727539
H,7,8,2023-09-01,2023-10-27,0.0,0.2517533600330353,0.0,2.1949729919433594
H,7,8,2023-09-08,2023-11-03,0.0,0.4766484498977661,0.0,2.419867992401123
H,7,8,2023-09-15,2023-11-10,0.0,0.5598841905593872,0.0,2.503103733062744
H,7,8,2023-09-22,2023-11-17,0.0,0.6188874244689941,0.0,2.5621070861816406
H,7,8,2023-09-29,2023-11-24,0.0,0.2348504662513733,0.0,2.178070068359375
H,7,8,2023-10-06,2023-12-01,0.0,0.2404506802558899,0.0,1.962343454360962
H,7,8,2023-10-13,2023-12-08,1.0,0.5234776735305786,0.0,2.245370388031006
H,7,8,2023-10-20,2023-12-15,0.0,0.6999610662460327,0.0,2.421854019165039
H,7,8,2023-10-27,2023-12-22,0.0,0.2342999279499054,0.0,1.9561927318572998
H,7,8,2023-11-03,2023-12-29,2.0,0.03683700039982796,0.0,1.7587298154830933
H,7,8,2023-11-10,2024-01-05,0.0,0.08553643524646759,0.0,1.807429313659668
H,7,8,2023-11-17,2024-01-12,0.0,0.17888444662094116,0.0,1.9007773399353027
H,7,8,2023-11-24,2024-01-19,0.0,0.14068114757537842,0.0,1.8625739812850952
H,7,8,2023-12-01,2024-01-26,0.0,0.462982177734375,0.0,2.184875011444092
H,7,8,2023-12-08,2024-02-02,0.0,0.32838529348373413,0.0,2.0502781867980957
H,7,8,2023-12-15,2024-02-09,0.0,0.6697707772254944,0.0,2.3916635513305664
H,7,8,2023-12-22,2024-02-16,0.0,0.2859322428703308,0.0,2.0078251361846924
H,7,8,2023-12-29,2024-02-23,0.0,0.21593910455703735,0.0,1.9378318786621094
H,7,8,2024-01-05,2024-03-01,0.0,0.14779189229011536,0.0,1.8696846961975098
H,7,8,2024-01-12,2024-03-08,0.0,0.1207561045885086,0.0,2.083919048309326
H,7,8,2024-01-19,2024-03-15,0.0,0.025403901934623718,0.0,1.9885668754577637
H,7,8,2024-01-26,2024-03-22,0.0,0.00019347667694091797,0.0,1.9633564949035645
H,7,8,2024-02-02,2024-03-29,0.0,0.0,0.0,1.9631630182266235
H,7,8,2024-02-09,2024-04-05,0.0,0.0,0.0,1.9631630182266235
H,7,8,2024-02-16,2024-04-12,0.0,0.0,0.0,1.9631630182266235
H,7,8,2024-02-23,2024-04-19,0.0,0.0,0.0,1.9631630182266235
H,7,8,2024-03-01,2024-04-26,0.0,0.03281975910067558,0.0,1.9959827661514282
H,7,8,2024-03-08,2024-05-03,0.0,0.0475987009704113,0.0,2.0107617378234863
H,7,8,2024-03-15,2024-05-10,0.0,0.19728857278823853,0.0,2.160451650619507
H,7,8,2024-03-22,2024-05-17,0.0,0.39988869428634644,0.0,2.363051652908325
H,7,8,2024-03-29,2024-05-24,0.0,0.8484885692596436,0.0,2.8116517066955566
H,7,8,2024-04-05,2024-05-31,0.0,1.136994481086731,0.0,3.1001574993133545
H,7,8,2024-04-12,2024-06-07,0.0,1.131751537322998,0.0,3.094914436340332
H,7,8,2024-04-19,2024-06-14,0.0,0.6596170663833618,0.0,2.6227800846099854
H,7,8,2024-04-26,2024-06-21,0.0,0.7279928922653198,0.0,2.6911559104919434
H,7,8,2024-05-03,2024-06-28,0.0,0.6324244141578674,0.0,2.5955874919891357
H,7,8,2024-05-10,2024-07-05,0.0,0.6999281644821167,0.0,2.6630911827087402
H,7,8,2024-05-17,2024-07-12,0.0,0.8833654522895813,0.0,2.8465285301208496
H,7,8,2024-05-24,2024-07-19,1.0,1.3938168287277222,0.0,3.3569798469543457
H,7,8,2024-05-31,2024-07-26,7.0,1.0764095783233643,0.0,3.0395727157592773
H,7,8,2024-06-07,2024-08-02,34.0,1.2436259984970093,0.0,3.206789016723633
H,7,8,2024-06-14,2024-08-09,22.0,1.562440276145935,0.0,3.5256032943725586
H,7,8,2024-06-21,2024-08-16,2.0,1.1240493059158325,0.0,3.087212324142456
H,7,8,2024-06-28,2024-08-23,0.0,1.0747119188308716,0.0,3.037874937057495
H,7,8,2024-07-05,2024-08-30,1.0,1.1322723627090454,0.0,3.095435380935669
H,7,8,2024-07-12,2024-09-06,1.0,2.340197801589966,0.0,4.303360939025879
H,7,8,2024-07-19,2024-09-13,1.0,4.441052436828613,0.0,6.404215335845947
H,7,8,2024-07-26,2024-09-20,1.0,5.3889336585998535,0.0,7.3520965576171875
H,7,8,2024-08-02,2024-09-27,0.0,16.478031158447266,4.102507591247559,18.441194534301758
H,7,8,2024-08-09,2024-10-04,1.0,24.845735549926758,12.47021198272705,30.769325256347656
H,7,8,2024-08-16,2024-10-11,0.0,3.5531044006347656,0.0,36.309478759765625
H,7,8,2024-08-23,2024-10-18,1.0,3.677485466003418,0.0,36.433860778808594
H,7,8,2024-08-30,2024-10-25,0.0,4.418624401092529,0.0,37.17499923706055
H,7,8,2024-09-06,2024-11-01,0.0,3.7432663440704346,0.0,36.49964141845703
H,7,8,2024-09-13,2024-11-08,0.0,2.470163106918335,0.0,35.22653579711914
H,7,8,2024-09-20,2024-11-15,0.0,0.0719224289059639,0.0,32.82829666137695
H,7,8,2024-09-27,2024-11-22,1.0,0.0,0.0,32.75637435913086
H,7,8,2024-10-04,2024-11-29,0.0,0.0,0.0,32.75637435913086
H,7,8,2024-10-11,2024-12-06,0.0,0.0,0.0,32.75637435913086
H,7,8,2024-10-18,2024-12-13,0.0,0.0,0.0,32.75637435913086
H,7,8,2024-10-25,2024-12-20,0.0,0.42466726899147034,0.0,33.1810417175293
H,7,8,2024-11-01,2024-12-27,0.0,0.7593249082565308,0.0,33.51569747924805
H,7,8,2024-11-08,2025-01-03,0.0,0.551484227180481,0.0,33.307857513427734
H,7,8,2024-11-15,2025-01-10,0.0,0.05305992066860199,0.0,32.80943298339844
H,7,8,2024-11-22,2025-01-17,0.0,0.0,0.0,32.75637435913086
H,7,8,2024-11-29,2025-01-24,0.0,0.01815292239189148,0.0,32.77452850341797
H,7,8,2024-12-06,2025-01-31,0.0,0.11439301818609238,0.0,32.870765686035156
H,7,8,2024-12-13,2025-02-07,0.0,0.5214123129844666,0.0,33.27778625488281
H,7,8,2024-12-20,2025-02-14,0.0,0.4644048810005188,0.0,33.22077941894531
H,7,8,2024-12-27,2025-02-21,0.0,0.3256288766860962,0.0,33.08200454711914
H,7,8,2025-01-03,2025-02-28,0.0,0.11880499869585037,0.0,32.875179290771484
H,7,8,2025-01-10,2025-03-07,1.0,0.028835479170084,0.0,32.78520965576172
H,7,8,2025-01-17,2025-03-14,1.0,0.0,0.0,32.75637435913086
H,7,8,2025-01-24,2025-03-21,0.0,0.0,0.0,32.75637435913086
H,7,8,2025-01-31,2025-03-28,0.0,0.0,0.0,32.75637435913086
H,7,8,2025-02-07,2025-04-04,2.0,0.0,0.0,32.75637435913086
H,7,8,2025-02-14,2025-04-11,0.0,0.0,0.0,32.75637435913086
H,7,8,2025-02-21,2025-04-18,0.0,0.0,0.0,32.75637435913086
H,7,8,2025-02-28,2025-04-25,0.0,0.007222458720207214,0.0,32.76359558105469
H,7,8,2025-03-07,2025-05-02,0.0,0.0037611424922943115,0.0,32.760135650634766
H,7,8,2025-03-14,2025-05-09,0.0,0.03775213658809662,0.0,32.794124603271484
H,7,8,2025-03-21,2025-05-16,0.0,0.015822164714336395,0.0,32.77219772338867
H,7,8,2025-03-28,2025-05-23,1.0,0.106917604804039,0.0,32.8632926940918
H,7,8,2025-04-04,2025-05-30,0.0,0.2395368218421936,0.0,32.99591064453125
H,7,8,2025-04-11,2025-06-06,1.0,0.5774046182632446,0.0,33.333778381347656
H,7,8,2025-04-18,2025-06-13,1.0,0.4908404052257538,0.0,33.247215270996094
H,7,8,2025-04-25,2025-06-20,0.0,0.7809723615646362,0.0,33.53734588623047
H,7,8,2025-05-02,2025-06-27,0.0,0.7310645580291748,0.0,33.4874382019043
H,7,8,2025-05-09,2025-07-04,2.0,0.6625003218650818,0.0,33.41887283325195
H,7,8,2025-05-16,2025-07-11,0.0,0.9436994194984436,0.0,33.7000732421875
H,7,8,2025-05-23,2025-07-18,4.0,0.9448457956314087,0.0,33.70122146606445
H,7,8,2025-05-30,2025-07-25,3.0,1.5142496824264526,0.0,34.27062225341797
H,7,8,2025-06-06,2025-08-01,21.0,1.8706026077270508,0.0,34.626976013183594
H,7,8,2025-06-13,2025-08-08,9.0,0.943705677986145,0.0,33.70008087158203
H,7,8,2025-06-20,2025-08-15,0.0,0.8173835873603821,0.0,33.57375717163086
H,7,8,2025-06-27,2025-08-22,1.0,1.065252661705017,0.0,33.82162857055664
H,7,8,2025-07-04,2025-08-29,0.0,1.0626143217086792,0.0,33.81898880004883
H,7,8,2025-07-11,2025-09-05,,1.0150120258331299,0.0,33.771385192871094
H,7,8,2025-07-18,2025-09-12,,1.4343441724777222,0.0,34.19071960449219
H,7,8,2025-07-25,2025-09-19,,1.5309518575668335,0.0,34.28732681274414
H,7,8,2025-08-01,2025-09-26,,1.5728708505630493,0.0,34.329246520996094
H,7,8,2025-08-08,2025-10-03,,0.7375479340553284,0.0,33.49392318725586
H,7,8,2025-08-15,2025-10-10,,0.32977133989334106,0.0,20.767330169677734
H,7,8,2025-08-22,2025-10-17,,0.6783428192138672,0.0,19.807741165161133
H,7,12,2023-02-17,2023-05-12,0.0,0.06336022913455963,0.0,0.9617069959640503
H,7,12,2023-02-24,2023-05-19,0.0,0.11494244635105133,0.0,1.013289213180542
H,7,12,2023-03-03,2023-05-26,0.0,0.06996656954288483,0.0,0.9683133363723755
H,7,12,2023-03-10,2023-06-02,0.0,0.12512421607971191,0.0,1.0234709978103638
H,7,12,2023-03-17,2023-06-09,0.0,0.16300126910209656,0.0,1.0613480806350708
H,7,12,2023-03-24,2023-06-16,2.0,0.209554061293602,0.0,1.107900857925415
H,7,12,2023-03-31,2023-06-23,0.0,0.2223328948020935,0.0,1.1206796169281006
H,7,12,2023-04-07,2023-06-30,0.0,0.2789699137210846,0.0,1.177316665649414
H,7,12,2023-04-14,2023-07-07,0.0,0.9047878384590149,0.0,1.8031346797943115
H,7,12,2023-04-21,2023-07-14,0.0,1.2116152048110962,0.0,2.109961986541748
H,7,12,2023-04-28,2023-07-21,1.0,1.820508360862732,0.0,2.718855142593384
H,7,12,2023-05-05,2023-07-28,1.0,1.6611403226852417,0.0,2.5594871044158936
H,7,12,2023-05-12,2023-08-04,1.0,3.890403985977173,0.0,4.788750648498535
H,7,12,2023-05-19,2023-08-11,2.0,4.814523696899414,0.0,5.7128705978393555
H,7,12,2023-05-26,2023-08-18,3.0,2.2016360759735107,0.0,3.099982738494873
H,7,12,2023-06-02,2023-08-25,0.0,5.925053119659424,0.0,6.823400020599365
H,7,12,2023-06-09,2023-09-01,1.0,2.6257736682891846,0.0,3.524120330810547
H,7,12,2023-06-16,2023-09-08,3.0,1.7334336042404175,0.0,2.6317803859710693
H,7,12,2023-06-23,2023-09-15,3.0,1.5653542280197144,0.0,2.463701009750366
H,7,12,2023-06-30,2023-09-22,3.0,2.539332151412964,0.0,4.32977819442749
H,7,12,2023-07-07,2023-09-29,1.0,2.8218376636505127,0.0,4.612283706665039
H,7,12,2023-07-14,2023-10-06,4.0,2.2830255031585693,0.0,4.073471546173096
H,7,12,2023-07-21,2023-10-13,0.0,0.4475541412830353,0.0,2.2380001544952393
H,7,12,2023-07-28,2023-10-20,0.0,0.7911677956581116,0.0,2.581613779067993
H,7,12,2023-08-04,2023-10-27,0.0,1.3444851636886597,0.0,3.1349310874938965
H,7,12,2023-08-11,2023-11-03,0.0,1.283502221107483,0.0,3.0739481449127197
H,7,12,2023-08-18,2023-11-10,0.0,0.9480581879615784,0.0,2.73850417137146
H,7,12,2023-08-25,2023-11-17,0.0,0.2819959223270416,0.0,2.072441816329956
H,7,12,2023-09-01,2023-11-24,0.0,0.1546136438846588,0.0,1.9450595378875732
H,7,12,2023-09-08,2023-12-01,0.0,0.23079624772071838,0.0,2.021242141723633
H,7,12,2023-09-15,2023-12-08,1.0,0.286136269569397,0.0,2.076582193374634
H,7,12,2023-09-22,2023-12-15,0.0,0.42547231912612915,0.0,2.2159183025360107
H,7,12,2023-09-29,2023-12-22,0.0,0.30269721150398254,0.0,2.0931432247161865
H,7,12,2023-10-06,2023-12-29,2.0,0.16073408722877502,0.0,1.9511799812316895
H,7,12,2023-10-13,2024-01-05,0.0,0.1589363068342209,0.0,1.9493821859359741
H,7,12,2023-10-20,2024-01-12,0.0,0.26085761189460754,0.0,2.0513036251068115
H,7,12,2023-10-27,2024-01-19,0.0,0.23930615186691284,0.0,2.029752016067505
H,7,12,2023-11-03,2024-01-26,0.0,0.18414956331253052,0.0,1.974595546722412
H,7,12,2023-11-10,2024-02-02,0.0,0.08665478974580765,0.0,1.8771007061004639
H,7,12,2023-11-17,2024-02-09,0.0,0.10190226882696152,0.0,1.8923481702804565
H,7,12,2023-11-24,2024-02-16,0.0,0.11737294495105743,0.0,1.9078189134597778
H,7,12,2023-12-01,2024-02-23,0.0,0.2811541259288788,0.0,2.0715999603271484
H,7,12,2023-12-08,2024-03-01,0.0,0.2006174772977829,0.0,1.9910633563995361
H,7,12,2023-12-15,2024-03-08,0.0,0.2462194859981537,0.0,2.036665439605713
H,7,12,2023-12-22,2024-03-15,0.0,0.16265501081943512,0.0,1.9531009197235107
H,7,12,2023-12-29,2024-03-22,0.0,0.20055046677589417,0.0,1.9909963607788086
H,7,12,2024-01-05,2024-03-29,0.0,0.13248373568058014,0.0,1.9229296445846558
H,7,12,2024-01-12,2024-04-05,0.0,0.08275263756513596,0.0,1.9220185279846191
H,7,12,2024-01-19,2024-04-12,0.0,0.07447527348995209,0.0,1.9137412309646606
H,7,12,2024-01-26,2024-04-19,0.0,0.07227375358343124,0.0,1.9115396738052368
H,7,12,2024-02-02,2024-04-26,0.0,0.0845889002084732,0.0,1.9238548278808594
H,7,12,2024-02-09,2024-05-03,0.0,0.09036405384540558,0.0,1.9296300411224365
H,7,12,2024-02-16,2024-05-10,0.0,0.045169033110141754,0.0,1.8844349384307861
H,7,12,2024-02-23,2024-05-17,0.0,0.10238039493560791,0.0,1.9416463375091553
H,7,12,2024-03-01,2024-05-24,0.0,0.14319901168346405,0.0,1.9824649095535278
H,7,12,2024-03-08,2024-05-31,0.0,0.24609702825546265,0.0,2.0853629112243652
H,7,12,2024-03-15,2024-06-07,0.0,0.5089104175567627,0.0,2.3481764793395996
H,7,12,2024-03-22,2024-06-14,0.0,1.1303330659866333,0.0,2.9695990085601807
H,7,12,2024-03-29,2024-06-21,0.0,1.5282275676727295,0.0,3.3674936294555664
H,7,12,2024-04-05,2024-06-28,0.0,1.4760372638702393,0.0,3.315303325653076
H,7,12,2024-04-12,2024-07-05,0.0,1.8798085451126099,0.0,3.7190744876861572
H,7,12,2024-04-19,2024-07-12,0.0,1.4534350633621216,0.0,3.292701005935669
H,7,12,2024-04-26,2024-07-19,1.0,1.6545151472091675,0.0,3.493781089782715
H,7,12,2024-05-03,2024-07-26,7.0,1.3192991018295288,0.0,3.158565044403076
H,7,12,2024-05-10,2024-08-02,34.0,1.4163846969604492,0.0,3.255650520324707
H,7,12,2024-05-17,2024-08-09,22.0,1.8012439012527466,0.0,3.640509843826294
H,7,12,2024-05-24,2024-08-16,2.0,2.1723344326019287,0.0,4.011600494384766
H,7,12,2024-05-31,2024-08-23,0.0,1.773923635482788,0.0,3.613189697265625
H,7,12,2024-06-07,2024-08-30,1.0,2.8812596797943115,0.0,4.720525741577148
H,7,12,2024-06-14,2024-09-06,1.0,4.946948528289795,0.0,6.786214351654053
H,7,12,2024-06-21,2024-09-13,1.0,6.0126142501831055,0.08756113052368164,7.851880073547363
H,7,12,2024-06-28,2024-09-20,1.0,5.131811618804932,0.0,6.9710774421691895
H,7,12,2024-07-05,2024-09-27,0.0,3.624272346496582,0.0,5.46353816986084
H,7,12,2024-07-12,2024-10-04,1.0,3.6783065795898438,0.0,5.517572402954102
H,7,12,2024-07-19,2024-10-11,0.0,2.297208547592163,0.0,4.136474609375
H,7,12,2024-07-26,2024-10-18,1.0,1.7314672470092773,0.0,3.570733070373535
H,7,12,2024-08-02,2024-10-25,0.0,2.521549701690674,0.0,4.360815525054932
H,7,12,2024-08-09,2024-11-01,0.0,5.650191783905029,0.0,11.330892562866211
H,7,12,2024-08-16,2024-11-08,0.0,6.927074909210205,1.0020217895507812,39.51068878173828
H,7,12,2024-08-23,2024-11-15,0.0,2.8793723583221436,0.0,35.46298599243164
H,7,12,2024-08-30,2024-11-22,1.0,2.1534581184387207,0.0,34.7370719909668
H,7,12,2024-09-06,2024-11-29,0.0,2.25390887260437,0.37410032749176025,34.8375244140625
H,7,12,2024-09-13,2024-12-06,0.0,1.179177165031433,0.0,33.76279067993164
H,7,12,2024-09-20,2024-12-13,0.0,0.6431137919425964,0.0,33.22672653198242
H,7,12,2024-09-27,2024-12-20,0.0,1.7205084562301636,0.0,34.30412292480469
H,7,12,2024-10-04,2024-12-27,0.0,0.5216638445854187,0.0,33.10527801513672
H,7,12,2024-10-11,2025-01-03,0.0,0.07328277826309204,0.0,32.656898498535156
H,7,12,2024-10-18,2025-01-10,0.0,0.09525538235902786,0.0,32.678871154785156
H,7,12,2024-10-25,2025-01-17,0.0,0.21451351046562195,0.0,32.798126220703125
H,7,12,2024-11-01,2025-01-24,0.0,0.26684460043907166,0.0,32.850460052490234
H,7,12,2024-11-08,2025-01-31,0.0,0.18288427591323853,0.0,32.76649856567383
H,7,12,2024-11-15,2025-02-07,0.0,0.10481120645999908,0.0,32.68842697143555
H,7,12,2024-11-22,2025-02-14,0.0,0.052043113857507706,0.0,32.635658264160156
H,7,12,2024-11-29,2025-02-21,0.0,0.05359044671058655,0.0,32.637203216552734
H,7,12,2024-12-06,2025-02-28,0.0,0.043510451912879944,0.0,32.62712478637695
H,7,12,2024-12-13,2025-03-07,1.0,0.12100506573915482,0.0,32.704620361328125
H,7,12,2024-12-20,2025-03-14,1.0,0.10019030421972275,0.0,32.68380355834961
H,7,12,2024-12-27,2025-03-21,0.0,0.10222355276346207,0.0,32.68583679199219
H,7,12,2025-01-03,2025-03-28,0.0,0.08007396757602692,0.0,32.66368865966797
H,7,12,2025-01-10,2025-04-04,2.0,0.05518614500761032,0.0,32.63880157470703
H,7,12,2025-01-17,2025-04-11,0.0,0.029928304255008698,0.0,32.61354446411133
H,7,12,2025-01-24,2025-04-18,0.0,0.0296480655670166,0.0,32.61326217651367
H,7,12,2025-01-31,2025-04-25,0.0,0.01894436776638031,0.0,32.60255813598633
H,7,12,2025-02-07,2025-05-02,0.0,0.03274296969175339,0.0,32.616355895996094
H,7,12,2025-02-14,2025-05-09,0.0,0.03850560635328293,0.0,32.62211990356445
H,7,12,2025-02-21,2025-05-16,0.0,0.04075157642364502,0.0,32.624366760253906
H,7,12,2025-02-28,2025-05-23,1.0,0.04934348538517952,0.0,32.632957458496094
H,7,12,2025-03-07,2025-05-30,0.0,0.0889337807893753,0.0,32.67254638671875
H,7,12,2025-03-14,2025-06-06,1.0,0.09353870153427124,0.0,32.677154541015625
H,7,12,2025-03-21,2025-06-13,1.0,0.13474184274673462,0.0,32.71835708618164
H,7,12,2025-03-28,2025-06-20,0.0,0.23085883259773254,0.0,32.81447219848633
H,7,12,2025-04-04,2025-06-27,0.0,0.5424883961677551,0.0,33.126102447509766
H,7,12,2025-04-11,2025-07-04,2.0,0.9811601638793945,0.0,33.56477355957031
H,7,12,2025-04-18,2025-07-11,0.0,0.9825734496116638,0.0,33.56618881225586
H,7,12,2025-04-25,2025-07-18,4.0,1.0994409322738647,0.0,33.68305587768555
H,7,12,2025-05-02,2025-07-25,3.0,1.7400892972946167,0.0,34.32370376586914
H,7,12,2025-05-09,2025-08-01,21.0,2.142467975616455,0.0,34.72608184814453
H,7,12,2025-05-16,2025-08-08,9.0,2.7528741359710693,0.0,35.33648681640625
H,7,12,2025-05-23,2025-08-15,0.0,2.935983896255493,0.0,35.51959991455078
H,7,12,2025-05-30,2025-08-22,1.0,2.6389691829681396,0.0,35.22258377075195
H,7,12,2025-06-06,2025-08-29,0.0,1.7537996768951416,0.0,34.3374137878418
H,7,12,2025-06-13,2025-09-05,,2.5324339866638184,0.0,35.11604690551758
H,7,12,2025-06-20,2025-09-12,,5.831193923950195,0.0,38.41481018066406
H,7,12,2025-06-27,2025-09-19,,6.9141082763671875,0.0,39.49772262573242
H,7,12,2025-07-04,2025-09-26,,1.0978988409042358,0.0,33.681514739990234
H,7,12,2025-07-11,2025-10-03,,0.6434913277626038,0.0,33.22710418701172
H,7,12,2025-07-18,2025-10-10,,0.4798184931278229,0.0,33.06343460083008
H,7,12,2025-07-25,2025-10-17,,0.464753121137619,0.0,33.04836654663086
H,7,12,2025-08-01,2025-10-24,,1.1589388847351074,0.0,33.7425537109375
H,7,12,2025-08-08,2025-10-31,,0.838031530380249,0.0,33.42164611816406
H,7,12,2025-08-15,2025-11-07,,1.2583330869674683,0.0,21.457088470458984
H,7,12,2025-08-22,2025-11-14,,0.6402624249458313,0.0,19.49779510498047
I,8,1,2023-02-17,2023-02-24,0.0,0.0,0.0,4.0
I,8,1,2023-02-24,2023-03-03,0.0,0.0,0.0,4.0
I,8,1,2023-03-03,2023-03-10,0.0,0.0,0.0,4.0
I,8,1,2023-03-10,2023-03-17,0.0,0.0,0.0,4.0
I,8,1,2023-03-17,2023-03-24,0.0,0.0,0.0,4.0
I,8,1,2023-03-24,2023-03-31,0.0,0.0,0.0,4.0
I,8,1,2023-03-31,2023-04-07,0.0,0.0,0.0,4.0
I,8,1,2023-04-07,2023-04-14,0.0,0.0,0.0,4.0
I,8,1,2023-04-14,2023-04-21,0.0,0.0,0.0,4.0
I,8,1,2023-04-21,2023-04-28,0.0,0.0,0.0,4.0
I,8,1,2023-04-28,2023-05-05,1.0,0.0,0.0,4.0
I,8,1,2023-05-05,2023-05-12,0.0,0.0,0.0,4.0
I,8,1,2023-05-12,2023-05-19,0.0,0.0,0.0,4.0
I,8,1,2023-05-19,2023-05-26,0.0,0.0,0.0,4.0
I,8,1,2023-05-26,2023-06-02,0.0,0.0,0.0,4.0
I,8,1,2023-06-02,2023-06-09,1.0,0.0,0.0,4.0
I,8,1,2023-06-09,2023-06-16,0.0,0.0,0.0,4.0
I,8,1,2023-06-16,2023-06-23,1.0,0.0,0.0,4.0
I,8,1,2023-06-23,2023-06-30,0.0,0.0,0.0,4.0
I,8,1,2023-06-30,2023-07-07,0.0,0.0,0.0,4.0
I,8,1,2023-07-07,2023-07-14,0.0,0.0,0.0,4.0
I,8,1,2023-07-14,2023-07-21,0.0,0.0,0.0,4.0
I,8,1,2023-07-21,2023-07-28,5.0,0.0,0.0,4.0
I,8,1,2023-07-28,2023-08-04,2.0,0.0,0.0,4.0
I,8,1,2023-08-04,2023-08-11,10.0,0.0,0.0,4.0
I,8,1,2023-08-11,2023-08-18,4.0,0.0,0.0,5.0
I,8,1,2023-08-18,2023-08-25,3.0,0.0,0.0,5.0
I,8,1,2023-08-25,2023-09-01,1.0,0.0,0.0,10.0
I,8,1,2023-09-01,2023-09-08,1.0,0.0,0.0,10.0
I,8,1,2023-09-08,2023-09-15,5.0,0.0,0.0,10.0
I,8,1,2023-09-15,2023-09-22,4.0,0.0,0.0,10.0
I,8,1,2023-09-22,2023-09-29,2.0,0.0,0.0,10.0
I,8,1,2023-09-29,2023-10-06,1.0,0.0,0.0,10.0
I,8,1,2023-10-06,2023-10-13,0.0,0.0,0.0,10.0
I,8,1,2023-10-13,2023-10-20,1.0,0.0,0.0,10.0
I,8,1,2023-10-20,2023-10-27,0.0,0.0,0.0,10.0
I,8,1,2023-10-27,2023-11-03,2.0,0.0,0.0,10.0
I,8,1,2023-11-03,2023-11-10,0.0,0.0,0.0,10.0
I,8,1,2023-11-10,2023-11-17,0.0,0.0,0.0,10.0
I,8,1,2023-11-17,2023-11-24,0.0,0.0,0.0,10.0
I,8,1,2023-11-24,2023-12-01,0.0,0.0,0.0,10.0
I,8,1,2023-12-01,2023-12-08,1.0,0.0,0.0,10.0
I,8,1,2023-12-08,2023-12-15,1.0,0.0,0.0,10.0
I,8,1,2023-12-15,2023-12-22,0.0,0.0,0.0,10.0
I,8,1,2023-12-22,2023-12-29,0.0,0.0,0.0,10.0
I,8,1,2023-12-29,2024-01-05,1.0,0.0,0.0,10.0
I,8,1,2024-01-05,2024-01-12,0.0,0.0,0.0,10.0
I,8,1,2024-01-12,2024-01-19,0.0,0.0,0.0,10.0
I,8,1,2024-01-19,2024-01-26,0.0,0.0,0.0,10.0
I,8,1,2024-01-26,2024-02-02,1.0,0.0,0.0,10.0
I,8,1,2024-02-02,2024-02-09,0.0,0.0,0.0,10.0
I,8,1,2024-02-09,2024-02-16,0.0,0.0,0.0,10.0
I,8,1,2024-02-16,2024-02-23,0.0,0.0,0.0,10.0
I,8,1,2024-02-23,2024-03-01,0.0,0.0,0.0,10.0
I,8,1,2024-03-01,2024-03-08,0.0,0.0,0.0,10.0
I,8,1,2024-03-08,2024-03-15,0.0,0.0,0.0,10.0
I,8,1,2024-03-15,2024-03-22,0.0,0.0,0.0,10.0
I,8,1,2024-03-22,2024-03-29,1.0,0.0,0.0,10.0
I,8,1,2024-03-29,2024-04-05,0.0,0.0,0.0,10.0
I,8,1,2024-04-05,2024-04-12,0.0,0.0,0.0,10.0
I,8,1,2024-04-12,2024-04-19,0.0,0.0,0.0,10.0
I,8,1,2024-04-19,2024-04-26,0.0,0.0,0.0,10.0
I,8,1,2024-04-26,2024-05-03,0.0,0.0,0.0,10.0
I,8,1,2024-05-03,2024-05-10,0.0,0.0,0.0,10.0
I,8,1,2024-05-10,2024-05-17,0.0,0.0,0.0,10.0
I,8,1,2024-05-17,2024-05-24,0.0,0.0,0.0,10.0
I,8,1,2024-05-24,2024-05-31,0.0,0.0,0.0,10.0
I,8,1,2024-05-31,2024-06-07,2.0,0.0,0.0,10.0
I,8,1,2024-06-07,2024-06-14,0.0,0.0,0.0,10.0
I,8,1,2024-06-14,2024-06-21,0.0,0.0,0.0,10.0
I,8,1,2024-06-21,2024-06-28,3.0,0.0,0.0,10.0
I,8,1,2024-06-28,2024-07-05,1.0,0.0,0.0,10.0
I,8,1,2024-07-05,2024-07-12,3.0,0.0,0.0,10.0
I,8,1,2024-07-12,2024-07-19,2.0,0.0,0.0,10.0
I,8,1,2024-07-19,2024-07-26,2.0,0.0,0.0,10.0
I,8,1,2024-07-26,2024-08-02,9.0,0.0,0.0,10.0
I,8,1,2024-08-02,2024-08-09,8.0,0.0,0.0,10.0
I,8,1,2024-08-09,2024-08-16,5.0,0.0,0.0,10.0
I,8,1,2024-08-16,2024-08-23,2.0,0.0,0.0,10.0
I,8,1,2024-08-23,2024-08-30,0.0,0.0,0.0,9.0
I,8,1,2024-08-30,2024-09-06,2.0,0.0,0.0,9.0
I,8,1,2024-09-06,2024-09-13,4.0,0.0,0.0,9.0
I,8,1,2024-09-13,2024-09-20,2.0,0.0,0.0,9.0
I,8,1,2024-09-20,2024-09-27,0.0,0.0,0.0,9.0
I,8,1,2024-09-27,2024-10-04,1.0,0.0,0.0,9.0
I,8,1,2024-10-04,2024-10-11,0.0,0.0,0.0,9.0
I,8,1,2024-10-11,2024-10-18,1.0,0.0,0.0,9.0
I,8,1,2024-10-18,2024-10-25,4.0,0.0,0.0,9.0
I,8,1,2024-10-25,2024-11-01,2.0,0.0,0.0,9.0
I,8,1,2024-11-01,2024-11-08,1.0,0.0,0.0,9.0
I,8,1,2024-11-08,2024-11-15,0.0,0.0,0.0,9.0
I,8,1,2024-11-15,2024-11-22,0.0,0.0,0.0,9.0
I,8,1,2024-11-22,2024-11-29,0.0,0.0,0.0,9.0
I,8,1,2024-11-29,2024-12-06,0.0,0.0,0.0,9.0
I,8,1,2024-12-06,2024-12-13,0.0,0.0,0.0,9.0
I,8,1,2024-12-13,2024-12-20,1.0,0.0,0.0,9.0
I,8,1,2024-12-20,2024-12-27,0.0,0.0,0.0,9.0
I,8,1,2024-12-27,2025-01-03,0.0,0.0,0.0,9.0
I,8,1,2025-01-03,2025-01-10,0.0,0.0,0.0,9.0
I,8,1,2025-01-10,2025-01-17,0.0,0.0,0.0,9.0
I,8,1,2025-01-17,2025-01-24,0.0,0.0,0.0,9.0
I,8,1,2025-01-24,2025-01-31,0.0,0.0,0.0,9.0
I,8,1,2025-01-31,2025-02-07,0.0,0.0,0.0,9.0
I,8,1,2025-02-07,2025-02-14,0.0,0.0,0.0,9.0
I,8,1,2025-02-14,2025-02-21,0.0,0.0,0.0,9.0
I,8,1,2025-02-21,2025-02-28,1.0,0.0,0.0,9.0
I,8,1,2025-02-28,2025-03-07,0.0,0.0,0.0,9.0
I,8,1,2025-03-07,2025-03-14,0.0,0.0,0.0,9.0
I,8,1,2025-03-14,2025-03-21,1.0,0.0,0.0,9.0
I,8,1,2025-03-21,2025-03-28,1.0,0.0,0.0,9.0
I,8,1,2025-03-28,2025-04-04,0.0,0.0,0.0,9.0
I,8,1,2025-04-04,2025-04-11,0.0,0.0,0.0,9.0
I,8,1,2025-04-11,2025-04-18,1.0,0.0,0.0,9.0
I,8,1,2025-04-18,2025-04-25,1.0,0.0,0.0,9.0
I,8,1,2025-04-25,2025-05-02,0.0,0.0,0.0,9.0
I,8,1,2025-05-02,2025-05-09,1.0,0.0,0.0,9.0
I,8,1,2025-05-09,2025-05-16,1.0,0.0,0.0,9.0
I,8,1,2025-05-16,2025-05-23,1.0,0.0,0.0,9.0
I,8,1,2025-05-23,2025-05-30,0.0,0.0,0.0,9.0
I,8,1,2025-05-30,2025-06-06,0.0,0.0,0.0,9.0
I,8,1,2025-06-06,2025-06-13,0.0,0.0,0.0,9.0
I,8,1,2025-06-13,2025-06-20,2.0,0.0,0.0,9.0
I,8,1,2025-06-20,2025-06-27,2.0,0.0,0.0,9.0
I,8,1,2025-06-27,2025-07-04,2.0,0.0,0.0,9.0
I,8,1,2025-07-04,2025-07-11,2.0,0.0,0.0,9.0
I,8,1,2025-07-11,2025-07-18,2.0,0.0,0.0,9.0
I,8,1,2025-07-18,2025-07-25,4.0,0.0,0.0,9.0
I,8,1,2025-07-25,2025-08-01,16.0,0.0,0.0,9.0
I,8,1,2025-08-01,2025-08-08,10.0,0.0,0.0,9.0
I,8,1,2025-08-08,2025-08-15,0.0,0.0,0.0,9.0
I,8,1,2025-08-15,2025-08-22,2.0,0.0,0.0,16.0
I,8,1,2025-08-22,2025-08-29,0.0,0.0,0.0,16.0
I,8,2,2023-02-17,2023-03-03,0.0,0.05104125291109085,0.0,3.8361589908599854
I,8,2,2023-02-24,2023-03-10,0.0,0.037542663514614105,0.0,3.822660207748413
I,8,2,2023-03-03,2023-03-17,0.0,0.04037594795227051,0.0,3.825493574142456
I,8,2,2023-03-10,2023-03-24,0.0,0.06405996531248093,0.0,3.849177598953247
I,8,2,2023-03-17,2023-03-31,0.0,0.06619638204574585,0.0,3.851314067840576
I,8,2,2023-03-24,2023-04-07,0.0,0.05796079337596893,0.0,3.843078374862671
I,8,2,2023-03-31,2023-04-14,0.0,0.06000552326440811,0.0,3.845123052597046
I,8,2,2023-04-07,2023-04-21,0.0,0.05930372327566147,0.0,3.84442138671875
I,8,2,2023-04-14,2023-04-28,0.0,0.04024069756269455,0.0,3.8253583908081055
I,8,2,2023-04-21,2023-05-05,1.0,0.042663611471652985,0.0,3.8277812004089355
I,8,2,2023-04-28,2023-05-12,0.0,0.08528865873813629,0.0,3.87040638923645
I,8,2,2023-05-05,2023-05-19,0.0,0.1712881624698639,0.0,3.9564058780670166
I,8,2,2023-05-12,2023-05-26,0.0,0.3142313063144684,0.0,4.099349021911621
I,8,2,2023-05-19,2023-06-02,0.0,0.38765719532966614,0.0,4.172774791717529
I,8,2,2023-05-26,2023-06-09,1.0,0.677584707736969,0.0,4.46270227432251
I,8,2,2023-06-02,2023-06-16,0.0,0.5225093960762024,0.0,4.307627201080322
I,8,2,2023-06-09,2023-06-23,1.0,1.1887259483337402,0.38291817903518677,4.973843574523926
I,8,2,2023-06-16,2023-06-30,0.0,0.6494401693344116,0.0,4.434557914733887
I,8,2,2023-06-23,2023-07-07,0.0,0.589800238609314,0.0,4.374917984008789
I,8,2,2023-06-30,2023-07-14,0.0,0.34894853830337524,0.0,4.134066104888916
I,8,2,2023-07-07,2023-07-21,0.0,0.5545233488082886,0.0,4.339641094207764
I,8,2,2023-07-14,2023-07-28,5.0,1.5907206535339355,0.8163979053497314,5.375838279724121
I,8,2,2023-07-21,2023-08-04,2.0,2.1179885864257812,1.3436658382415771,5.903106212615967
I,8,2,2023-07-28,2023-08-11,10.0,5.985567092895508,5.211244583129883,9.770685195922852
I,8,2,2023-08-04,2023-08-18,4.0,2.390944480895996,1.616621732711792,6.176062107086182
I,8,2,2023-08-11,2023-08-25,3.0,2.374115228652954,1.59979248046875,6.159233093261719
I,8,2,2023-08-18,2023-09-01,1.0,1.5913662910461426,0.8170435428619385,5.376483917236328
I,8,2,2023-08-25,2023-09-08,1.0,2.867368221282959,2.093045473098755,6.881801128387451
I,8,2,2023-09-01,2023-09-15,5.0,3.2719638347625732,2.497641086578369,7.2863969802856445
I,8,2,2023-09-08,2023-09-22,4.0,2.5383307933807373,1.7640080451965332,6.552763938903809
I,8,2,2023-09-15,2023-09-29,2.0,2.524287462234497,1.749964714050293,6.53872013092041
I,8,2,2023-09-22,2023-10-06,1.0,1.4021486043930054,0.0,5.416581630706787
I,8,2,2023-09-29,2023-10-13,0.0,2.510712146759033,0.6433439254760742,6.525145053863525
I,8,2,2023-10-06,2023-10-20,1.0,1.0078136920928955,0.0,5.022246360778809
I,8,2,2023-10-13,2023-10-27,0.0,1.0284415483474731,0.0,5.042874336242676
I,8,2,2023-10-20,2023-11-03,2.0,0.626963198184967,0.0,4.6413960456848145
I,8,2,2023-10-27,2023-11-10,0.0,0.4682305157184601,0.0,4.482663631439209
I,8,2,2023-11-03,2023-11-17,0.0,0.5467473864555359,0.0,4.561180114746094
I,8,2,2023-11-10,2023-11-24,0.0,0.35528460144996643,0.0,4.369717597961426
I,8,2,2023-11-17,2023-12-01,0.0,0.1993560791015625,0.0,4.213788986206055
I,8,2,2023-11-24,2023-12-08,1.0,0.2937189042568207,0.0,4.308151721954346
I,8,2,2023-12-01,2023-12-15,1.0,0.15299606323242188,0.0,4.167428970336914
I,8,2,2023-12-08,2023-12-22,0.0,0.10945407301187515,0.0,4.123887062072754
I,8,2,2023-12-15,2023-12-29,0.0,0.1445455551147461,0.0,4.158978462219238
I,8,2,2023-12-22,2024-01-05,1.0,0.2419656217098236,0.0,4.256398677825928
I,8,2,2023-12-29,2024-01-12,0.0,0.09478706866502762,0.0,4.109220027923584
I,8,2,2024-01-05,2024-01-19,0.0,0.08874455839395523,0.0,4.103177547454834
I,8,2,2024-01-12,2024-01-26,0.0,0.09185528010129929,0.0,4.106287956237793
I,8,2,2024-01-19,2024-02-02,1.0,0.07215122878551483,0.0,4.086584091186523
I,8,2,2024-01-26,2024-02-09,0.0,0.08129231631755829,0.0,4.095725059509277
I,8,2,2024-02-02,2024-02-16,0.0,0.07293156534433365,0.0,4.087364673614502
I,8,2,2024-02-09,2024-02-23,0.0,0.08043449372053146,0.0,4.09486722946167
I,8,2,2024-02-16,2024-03-01,0.0,0.06744490563869476,0.0,4.081877708435059
I,8,2,2024-02-23,2024-03-08,0.0,0.040698304772377014,0.0,4.055131435394287
I,8,2,2024-03-01,2024-03-15,0.0,0.06024801731109619,0.0,4.074680805206299
I,8,2,2024-03-08,2024-03-22,0.0,0.05187445133924484,0.0,4.066307544708252
I,8,2,2024-03-15,2024-03-29,1.0,0.061088480055332184,0.0,4.075521469116211
I,8,2,2024-03-22,2024-04-05,0.0,0.05838378518819809,0.0,4.072816848754883
I,8,2,2024-03-29,2024-04-12,0.0,0.07160411030054092,0.0,4.0860371589660645
I,8,2,2024-04-05,2024-04-19,0.0,0.0902332291007042,0.0,4.104666233062744
I,8,2,2024-04-12,2024-04-26,0.0,0.10229674726724625,0.0,4.116729736328125
I,8,2,2024-04-19,2024-05-03,0.0,0.10312049835920334,0.0,4.117553234100342
I,8,2,2024-04-26,2024-05-10,0.0,0.17248907685279846,0.0,4.186922073364258
I,8,2,2024-05-03,2024-05-17,0.0,0.27648547291755676,0.0,4.290918350219727
I,8,2,2024-05-10,2024-05-24,0.0,0.4041298031806946,0.0,4.418562889099121
I,8,2,2024-05-17,2024-05-31,0.0,0.4708862900733948,0.0,4.485319137573242
I,8,2,2024-05-24,2024-06-07,2.0,1.29571533203125,0.0,5.310148239135742
I,8,2,2024-05-31,2024-06-14,0.0,0.8339323997497559,0.0,4.848365306854248
I,8,2,2024-06-07,2024-06-21,0.0,0.9263488054275513,0.0,4.940781593322754
I,8,2,2024-06-14,2024-06-28,3.0,1.0195363759994507,0.0,5.033969402313232
I,8,2,2024-06-21,2024-07-05,1.0,0.997962236404419,0.0,5.012394905090332
I,8,2,2024-06-28,2024-07-12,3.0,1.224186897277832,0.0,5.238619804382324
I,8,2,2024-07-05,2024-07-19,2.0,1.5781559944152832,0.0,5.592588901519775
I,8,2,2024-07-12,2024-07-26,2.0,2.063059091567993,0.0,6.077491760253906
I,8,2,2024-07-19,2024-08-02,9.0,3.9695627689361572,1.458850622177124,7.98399543762207
I,8,2,2024-07-26,2024-08-09,8.0,4.008143901824951,1.497431755065918,8.022577285766602
I,8,2,2024-08-02,2024-08-16,5.0,3.2328548431396484,0.7221426963806152,7.247287750244141
I,8,2,2024-08-09,2024-08-23,2.0,5.501727104187012,2.9910149574279785,9.516160011291504
I,8,2,2024-08-16,2024-08-30,0.0,4.657397270202637,2.1466851234436035,9.687834739685059
I,8,2,2024-08-23,2024-09-06,2.0,3.4821503162384033,0.9714381694793701,8.512587547302246
I,8,2,2024-08-30,2024-09-13,4.0,6.698007106781006,4.187294960021973,11.728445053100586
I,8,2,2024-09-06,2024-09-20,2.0,4.384504318237305,0.882777214050293,9.414941787719727
I,8,2,2024-09-13,2024-09-27,0.0,3.3925929069519043,0.0,8.423030853271484
I,8,2,2024-09-20,2024-10-04,1.0,3.217285633087158,0.0,8.247722625732422
I,8,2,2024-09-27,2024-10-11,0.0,1.9063029289245605,0.0,6.936740398406982
I,8,2,2024-10-04,2024-10-18,1.0,0.5631316304206848,0.0,5.593569278717041
I,8,2,2024-10-11,2024-10-25,4.0,0.32420670986175537,0.0,5.354644298553467
I,8,2,2024-10-18,2024-11-01,2.0,0.5385736227035522,0.0,5.569011211395264
I,8,2,2024-10-25,2024-11-08,1.0,1.110608696937561,0.0,6.141046047210693
I,8,2,2024-11-01,2024-11-15,0.0,0.4910420775413513,0.0,5.521479606628418
I,8,2,2024-11-08,2024-11-22,0.0,0.34415680170059204,0.0,5.374594211578369
I,8,2,2024-11-15,2024-11-29,0.0,0.1706109344959259,0.0,5.201048374176025
I,8,2,2024-11-22,2024-12-06,0.0,0.19682082533836365,0.0,5.227258205413818
I,8,2,2024-11-29,2024-12-13,0.0,0.20132794976234436,0.0,5.231765270233154
I,8,2,2024-12-06,2024-12-20,1.0,0.18434682488441467,0.0,5.214784145355225
I,8,2,2024-12-13,2024-12-27,0.0,0.23288759589195251,0.0,5.263325214385986
I,8,2,2024-12-20,2025-01-03,0.0,0.18359312415122986,0.0,5.214030742645264
I,8,2,2024-12-27,2025-01-10,0.0,0.09071721881628036,0.0,5.12115478515625
I,8,2,2025-01-03,2025-01-17,0.0,0.07626786082983017,0.0,5.106705188751221
I,8,2,2025-01-10,2025-01-24,0.0,0.09011924266815186,0.0,5.120556831359863
I,8,2,2025-01-17,2025-01-31,0.0,0.06393580883741379,0.0,5.0943732261657715
I,8,2,2025-01-24,2025-02-07,0.0,0.06860184669494629,0.0,5.099039077758789
I,8,2,2025-01-31,2025-02-14,0.0,0.07134822756052017,0.0,5.101785659790039
I,8,2,2025-02-07,2025-02-21,0.0,0.05859803408384323,0.0,5.089035511016846
I,8,2,2025-02-14,2025-02-28,1.0,0.06954025477170944,0.0,5.099977493286133
I,8,2,2025-02-21,2025-03-07,0.0,0.05632859468460083,0.0,5.086766242980957
I,8,2,2025-02-28,2025-03-14,0.0,0.061047546565532684,0.0,5.091485023498535
I,8,2,2025-03-07,2025-03-21,1.0,0.04073512554168701,0.0,5.071172714233398
I,8,2,2025-03-14,2025-03-28,1.0,0.04499528557062149,0.0,5.075432777404785
I,8,2,2025-03-21,2025-04-04,0.0,0.05267884582281113,0.0,5.08311653137207
I,8,2,2025-03-28,2025-04-11,0.0,0.06874631345272064,0.0,5.099183559417725
I,8,2,2025-04-04,2025-04-18,1.0,0.10169481486082077,0.0,5.132132053375244
I,8,2,2025-04-11,2025-04-25,1.0,0.16086551547050476,0.0,5.19130277633667
I,8,2,2025-04-18,2025-05-02,0.0,0.21697992086410522,0.0,5.247417449951172
I,8,2,2025-04-25,2025-05-09,1.0,0.30868127942085266,0.0,5.339118957519531
I,8,2,2025-05-02,2025-05-16,1.0,0.39389902353286743,0.0,5.4243364334106445
I,8,2,2025-05-09,2025-05-23,1.0,0.5213587880134583,0.0,5.5517964363098145
I,8,2,2025-05-16,2025-05-30,0.0,0.7576386332511902,0.0,5.788075923919678
I,8,2,2025-05-23,2025-06-06,0.0,0.848976731300354,0.0,5.879414081573486
I,8,2,2025-05-30,2025-06-13,0.0,1.1439858675003052,0.0,6.1744232177734375
I,8,2,2025-06-06,2025-06-20,2.0,2.075476884841919,0.0,7.105914115905762
I,8,2,2025-06-13,2025-06-27,2.0,0.9429602026939392,0.0,5.973397731781006
I,8,2,2025-06-20,2025-07-04,2.0,0.5360682606697083,0.0,5.5665059089660645
I,8,2,2025-06-27,2025-07-11,2.0,0.9899238348007202,0.0,6.020361423492432
I,8,2,2025-07-04,2025-07-18,2.0,4.407863616943359,0.0,9.438301086425781
I,8,2,2025-07-11,2025-07-25,4.0,8.52313232421875,3.8657350540161133,13.553569793701172
I,8,2,2025-07-18,2025-08-01,16.0,9.161237716674805,4.503840446472168,14.191675186157227
I,8,2,2025-07-25,2025-08-08,10.0,6.562313556671143,1.9049162864685059,11.592750549316406
I,8,2,2025-08-01,2025-08-15,0.0,4.7588887214660645,0.10149145126342773,9.789325714111328
I,8,2,2025-08-08,2025-08-22,2.0,2.000697135925293,0.0,7.031134605407715
I,8,2,2025-08-15,2025-08-29,0.0,1.1853910684585571,0.0,8.024153709411621
I,8,2,2025-08-22,2025-09-05,,2.0701396465301514,0.0,8.908902168273926
I,8,4,2023-02-17,2023-03-17,0.0,0.10011336207389832,0.0,3.5316450595855713
I,8,4,2023-02-24,2023-03-24,0.0,0.10080243647098541,0.0,3.532334089279175
I,8,4,2023-03-03,2023-03-31,0.0,0.10124027729034424,0.0,3.5327720642089844
I,8,4,2023-03-10,2023-04-07,0.0,0.09806044399738312,0.0,3.5295920372009277
I,8,4,2023-03-17,2023-04-14,0.0,0.10456366837024689,0.0,3.536095380783081
I,8,4,2023-03-24,2023-04-21,0.0,0.10936418920755386,0.0,3.540895938873291
I,8,4,2023-03-31,2023-04-28,0.0,0.11493334174156189,0.0,3.5464649200439453
I,8,4,2023-04-07,2023-05-05,1.0,0.11449471116065979,0.0,3.5460264682769775
I,8,4,2023-04-14,2023-05-12,0.0,0.12112864851951599,0.0,3.5526602268218994
I,8,4,2023-04-21,2023-05-19,0.0,0.13276907801628113,0.0,3.564300775527954
I,8,4,2023-04-28,2023-05-26,0.0,0.18535983562469482,0.0,3.616891384124756
I,8,4,2023-05-05,2023-06-02,0.0,0.49894535541534424,0.0,3.9304771423339844
I,8,4,2023-05-12,2023-06-09,1.0,0.6726215481758118,0.0,4.104153156280518
I,8,4,2023-05-19,2023-06-16,0.0,0.3580213189125061,0.0,3.789552927017212
I,8,4,2023-05-26,2023-06-23,1.0,0.6192349791526794,0.0,4.050766468048096
I,8,4,2023-06-02,2023-06-30,0.0,1.6998199224472046,0.0,5.131351470947266
I,8,4,2023-06-09,2023-07-07,0.0,3.3452823162078857,0.0,6.776813983917236
I,8,4,2023-06-16,2023-07-14,0.0,3.4385793209075928,0.0,6.870110988616943
I,8,4,2023-06-23,2023-07-21,0.0,5.754601955413818,1.8605902194976807,9.18613338470459
I,8,4,2023-06-30,2023-07-28,5.0,3.788076400756836,0.0,7.219608306884766
I,8,4,2023-07-07,2023-08-04,2.0,4.479403972625732,0.5853922367095947,7.910935401916504
I,8,4,2023-07-14,2023-08-11,10.0,5.080153942108154,1.1861422061920166,8.511685371398926
I,8,4,2023-07-21,2023-08-18,4.0,1.4742943048477173,0.0,4.905826091766357
I,8,4,2023-07-28,2023-08-25,3.0,3.3523783683776855,0.0,6.783909797668457
I,8,4,2023-08-04,2023-09-01,1.0,1.878503441810608,0.0,5.310035228729248
I,8,4,2023-08-11,2023-09-08,1.0,3.1031432151794434,0.0,6.534674644470215
I,8,4,2023-08-18,2023-09-15,5.0,4.205280303955078,0.0,7.636812210083008
I,8,4,2023-08-25,2023-09-22,4.0,3.7615039348602295,0.0,8.681349754333496
I,8,4,2023-09-01,2023-09-29,2.0,4.7779951095581055,0.0,9.69784164428711
I,8,4,2023-09-08,2023-10-06,1.0,4.804821014404297,0.0,9.724666595458984
I,8,4,2023-09-15,2023-10-13,0.0,7.35040283203125,1.5958008766174316,12.270248413085938
I,8,4,2023-09-22,2023-10-20,1.0,3.6363465785980225,0.0,8.556192398071289
I,8,4,2023-09-29,2023-10-27,0.0,2.2952210903167725,0.0,7.215066909790039
I,8,4,2023-10-06,2023-11-03,2.0,1.0266684293746948,0.0,5.94651460647583
I,8,4,2023-10-13,2023-11-10,0.0,1.1367474794387817,0.0,6.056593418121338
I,8,4,2023-10-20,2023-11-17,0.0,1.2058273553848267,0.0,6.125673294067383
I,8,4,2023-10-27,2023-11-24,0.0,0.43527889251708984,0.0,5.3551249504089355
I,8,4,2023-11-03,2023-12-01,0.0,0.3794080317020416,0.0,5.299253940582275
I,8,4,2023-11-10,2023-12-08,1.0,0.36624348163604736,0.0,5.2860894203186035
I,8,4,2023-11-17,2023-12-15,1.0,0.30866292119026184,0.0,5.228508949279785
I,8,4,2023-11-24,2023-12-22,0.0,0.20496606826782227,0.0,5.124812126159668
I,8,4,2023-12-01,2023-12-29,0.0,0.15875178575515747,0.0,5.0785980224609375
I,8,4,2023-12-08,2024-01-05,1.0,0.24263346195220947,0.0,5.162479400634766
I,8,4,2023-12-15,2024-01-12,0.0,0.23784810304641724,0.0,5.157694339752197
I,8,4,2023-12-22,2024-01-19,0.0,0.2706165611743927,0.0,5.190462589263916
I,8,4,2023-12-29,2024-01-26,0.0,0.1583009511232376,0.0,5.078146934509277
I,8,4,2024-01-05,2024-02-02,1.0,0.14738625288009644,0.0,5.067232131958008
I,8,4,2024-01-12,2024-02-09,0.0,0.19802570343017578,0.0,5.1178717613220215
I,8,4,2024-01-19,2024-02-16,0.0,0.12515175342559814,0.0,5.044997692108154
I,8,4,2024-01-26,2024-02-23,0.0,0.10485831648111343,0.0,5.024704456329346
I,8,4,2024-02-02,2024-03-01,0.0,0.10919797420501709,0.0,5.029044151306152
I,8,4,2024-02-09,2024-03-08,0.0,0.11691367626190186,0.0,5.036759853363037
I,8,4,2024-02-16,2024-03-15,0.0,0.10805635154247284,0.0,5.027902603149414
I,8,4,2024-02-23,2024-03-22,0.0,0.10456766188144684,0.0,5.024413585662842
I,8,4,2024-03-01,2024-03-29,1.0,0.10654327273368835,0.0,5.026389122009277
I,8,4,2024-03-08,2024-04-05,0.0,0.11207334697246552,0.0,5.031919479370117
I,8,4,2024-03-15,2024-04-12,0.0,0.10740681737661362,0.0,5.027252674102783
I,8,4,2024-03-22,2024-04-19,0.0,0.12399432063102722,0.0,5.043840408325195
I,8,4,2024-03-29,2024-04-26,0.0,0.14235499501228333,0.0,5.062201023101807
I,8,4,2024-04-05,2024-05-03,0.0,0.1874186098575592,0.0,5.107264518737793
I,8,4,2024-04-12,2024-05-10,0.0,0.2087884247303009,0.0,5.128634452819824
I,8,4,2024-04-19,2024-05-17,0.0,0.21802780032157898,0.0,5.137873649597168
I,8,4,2024-04-26,2024-05-24,0.0,0.456165075302124,0.0,5.376010894775391
I,8,4,2024-05-03,2024-05-31,0.0,1.003422737121582,0.0,5.923268795013428
I,8,4,2024-05-10,2024-06-07,2.0,2.4543004035949707,0.0,7.374146461486816
I,8,4,2024-05-17,2024-06-14,0.0,1.4790705442428589,0.0,6.398916721343994
I,8,4,2024-05-24,2024-06-21,0.0,1.4978193044662476,0.0,6.417665481567383
I,8,4,2024-05-31,2024-06-28,3.0,1.7750790119171143,0.0,6.694925308227539
I,8,4,2024-06-07,2024-07-05,1.0,3.0002503395080566,0.0,7.920096397399902
I,8,4,2024-06-14,2024-07-12,3.0,5.705970764160156,0.0,10.625816345214844
I,8,4,2024-06-21,2024-07-19,2.0,7.43391227722168,0.08350944519042969,12.353757858276367
I,8,4,2024-06-28,2024-07-26,2.0,6.533237457275391,0.0,11.453083038330078
I,8,4,2024-07-05,2024-08-02,9.0,6.347285270690918,0.0,11.267131805419922
I,8,4,2024-07-12,2024-08-09,8.0,6.8740668296813965,0.0,11.793912887573242
I,8,4,2024-07-19,2024-08-16,5.0,2.799330472946167,0.0,7.719176292419434
I,8,4,2024-07-26,2024-08-23,2.0,3.416065216064453,0.0,8.33591079711914
I,8,4,2024-08-02,2024-08-30,0.0,5.924075603485107,0.0,10.843921661376953
I,8,4,2024-08-09,2024-09-06,2.0,7.761841297149658,0.4114384651184082,12.681687355041504
I,8,4,2024-08-16,2024-09-13,4.0,7.439582824707031,0.08917999267578125,12.359428405761719
I,8,4,2024-08-23,2024-09-20,2.0,4.172659397125244,0.0,6.825374126434326
I,8,4,2024-08-30,2024-09-27,0.0,5.174796104431152,0.0,7.827510833740234
I,8,4,2024-09-06,2024-10-04,1.0,6.106170177459717,0.0,8.75888442993164
I,8,4,2024-09-13,2024-10-11,0.0,2.9762160778045654,0.0,5.628931045532227
I,8,4,2024-09-20,2024-10-18,1.0,1.4932904243469238,0.0,4.146005153656006
I,8,4,2024-09-27,2024-10-25,4.0,1.2988529205322266,0.0,3.9515676498413086
I,8,4,2024-10-04,2024-11-01,2.0,0.7300815582275391,0.0,3.382796287536621
I,8,4,2024-10-11,2024-11-08,1.0,0.6339837312698364,0.0,3.286698341369629
I,8,4,2024-10-18,2024-11-15,0.0,0.6316655278205872,0.0,3.2843801975250244
I,8,4,2024-10-25,2024-11-22,0.0,0.2883308231830597,0.0,2.9410455226898193
I,8,4,2024-11-01,2024-11-29,0.0,0.3716801404953003,0.0,3.024394989013672
I,8,4,2024-11-08,2024-12-06,0.0,0.5408312082290649,0.0,3.241978168487549
I,8,4,2024-11-15,2024-12-13,0.0,0.5076615214347839,0.0,3.208808660507202
I,8,4,2024-11-22,2024-12-20,1.0,0.2829451262950897,0.0,2.9840922355651855
I,8,4,2024-11-29,2024-12-27,0.0,0.245670884847641,0.0,2.9468178749084473
I,8,4,2024-12-06,2025-01-03,0.0,0.31903988122940063,0.0,3.0201869010925293
I,8,4,2024-12-13,2025-01-10,0.0,0.30027851462364197,0.0,3.0014255046844482
I,8,4,2024-12-20,2025-01-17,0.0,0.25833389163017273,0.0,2.9594810009002686
I,8,4,2024-12-27,2025-01-24,0.0,0.22063374519348145,0.0,2.921780824661255
I,8,4,2025-01-03,2025-01-31,0.0,0.21243539452552795,0.0,2.9135825634002686
I,8,4,2025-01-10,2025-02-07,0.0,0.17655499279499054,0.0,2.877701997756958
I,8,4,2025-01-17,2025-02-14,0.0,0.13303357362747192,0.0,2.8341805934906006
I,8,4,2025-01-24,2025-02-21,0.0,0.13723379373550415,0.0,2.838380813598633
I,8,4,2025-01-31,2025-02-28,1.0,0.11067957431077957,0.0,2.811826705932617
I,8,4,2025-02-07,2025-03-07,0.0,0.11104059219360352,0.0,2.812187671661377
I,8,4,2025-02-14,2025-03-14,0.0,0.10051480680704117,0.0,2.801661968231201
I,8,4,2025-02-21,2025-03-21,1.0,0.10641518235206604,0.0,2.8075623512268066
I,8,4,2025-02-28,2025-03-28,1.0,0.10152161121368408,0.0,2.802668571472168
I,8,4,2025-03-07,2025-04-04,0.0,0.10698149353265762,0.0,2.808128595352173
I,8,4,2025-03-14,2025-04-11,0.0,0.10567138344049454,0.0,2.8068184852600098
I,8,4,2025-03-21,2025-04-18,1.0,0.1193871945142746,0.0,2.8205342292785645
I,8,4,2025-03-28,2025-04-25,1.0,0.16840440034866333,0.0,2.869551420211792
I,8,4,2025-04-04,2025-05-02,0.0,0.3319225311279297,0.0,3.033069610595703
I,8,4,2025-04-11,2025-05-09,1.0,0.63434237241745,0.0,3.335489511489868
I,8,4,2025-04-18,2025-05-16,1.0,0.9140138626098633,0.0,3.6151609420776367
I,8,4,2025-04-25,2025-05-23,1.0,1.5243349075317383,0.0,4.225481986999512
I,8,4,2025-05-02,2025-05-30,0.0,0.9957497715950012,0.0,3.69689679145813
I,8,4,2025-05-09,2025-06-06,0.0,1.004360556602478,0.0,3.705507755279541
I,8,4,2025-05-16,2025-06-13,0.0,1.2313892841339111,0.0,3.9325363636016846
I,8,4,2025-05-23,2025-06-20,2.0,1.6286100149154663,0.0,4.329757213592529
I,8,4,2025-05-30,2025-06-27,2.0,1.298472285270691,0.0,3.999619483947754
I,8,4,2025-06-06,2025-07-04,2.0,1.1601622104644775,0.0,3.861309289932251
I,8,4,2025-06-13,2025-07-11,2.0,2.6489384174346924,0.0,5.350085258483887
I,8,4,2025-06-20,2025-07-18,2.0,5.381147861480713,0.0,8.082294464111328
I,8,4,2025-06-27,2025-07-25,4.0,6.248759746551514,0.32468414306640625,8.949907302856445
I,8,4,2025-07-04,2025-08-01,16.0,5.5496439933776855,0.0,8.250791549682617
I,8,4,2025-07-11,2025-08-08,10.0,2.8088221549987793,0.0,5.509969234466553
I,8,4,2025-07-18,2025-08-15,0.0,2.237002372741699,0.0,4.938149452209473
I,8,4,2025-07-25,2025-08-22,2.0,1.4129148721694946,0.0,4.1140618324279785
I,8,4,2025-08-01,2025-08-29,0.0,1.6493762731552124,0.0,4.350523471832275
I,8,4,2025-08-08,2025-09-05,,2.0959997177124023,0.0,4.797146797180176
I,8,4,2025-08-15,2025-09-12,,3.0117385387420654,0.0,13.4620943069458
I,8,4,2025-08-22,2025-09-19,,3.0933122634887695,0.0,13.543667793273926
I,8,8,2023-02-17,2023-04-14,0.0,0.06537804007530212,0.0,3.3665931224823
I,8,8,2023-02-24,2023-04-21,0.0,0.04876426234841347,0.0,3.3499794006347656
I,8,8,2023-03-03,2023-04-28,0.0,0.06588521599769592,0.0,3.367100477218628
I,8,8,2023-03-10,2023-05-05,1.0,0.05551818385720253,0.0,3.3567333221435547
I,8,8,2023-03-17,2023-05-12,0.0,0.05424140393733978,0.0,3.355456590652466
I,8,8,2023-03-24,2023-05-19,0.0,0.04118574410676956,0.0,3.3424010276794434
I,8,8,2023-03-31,2023-05-26,0.0,0.030816983431577682,0.0,3.3320322036743164
I,8,8,2023-04-07,2023-06-02,0.0,0.07920274138450623,0.0,3.380417823791504
I,8,8,2023-04-14,2023-06-09,1.0,0.32272055745124817,0.0,3.6239356994628906
I,8,8,2023-04-21,2023-06-16,0.0,0.22765374183654785,0.0,3.5288689136505127
I,8,8,2023-04-28,2023-06-23,1.0,0.3272491991519928,0.0,3.628464460372925
I,8,8,2023-05-05,2023-06-30,0.0,0.7860909700393677,0.0,4.087306022644043
I,8,8,2023-05-12,2023-07-07,0.0,1.960066318511963,0.0,5.261281490325928
I,8,8,2023-05-19,2023-07-14,0.0,1.4993009567260742,0.0,4.800516128540039
I,8,8,2023-05-26,2023-07-21,0.0,1.639863133430481,0.0,4.941078186035156
I,8,8,2023-06-02,2023-07-28,5.0,3.221216917037964,0.0,6.522432327270508
I,8,8,2023-06-09,2023-08-04,2.0,5.4148993492126465,1.9211671352386475,8.716114044189453
I,8,8,2023-06-16,2023-08-11,10.0,5.758256435394287,2.264524221420288,9.059471130371094
I,8,8,2023-06-23,2023-08-18,4.0,2.3403611183166504,0.0,5.641576290130615
I,8,8,2023-06-30,2023-08-25,3.0,3.036400556564331,0.0,6.337615966796875
I,8,8,2023-07-07,2023-09-01,1.0,1.9876058101654053,0.0,5.288821220397949
I,8,8,2023-07-14,2023-09-08,1.0,1.9054450988769531,0.0,5.206660270690918
I,8,8,2023-07-21,2023-09-15,5.0,2.0137665271759033,0.05370020866394043,5.314981460571289
I,8,8,2023-07-28,2023-09-22,4.0,5.400394439697266,3.4403281211853027,8.70160961151123
I,8,8,2023-08-04,2023-09-29,2.0,8.51700210571289,6.556935787200928,11.818217277526855
I,8,8,2023-08-11,2023-10-06,1.0,4.95521354675293,2.995147228240967,8.256428718566895
I,8,8,2023-08-18,2023-10-13,0.0,3.2083420753479004,0.0,6.509557247161865
I,8,8,2023-08-25,2023-10-20,1.0,1.1950620412826538,0.0,5.436805725097656
I,8,8,2023-09-01,2023-10-27,0.0,1.3426648378372192,0.0,5.584408283233643
I,8,8,2023-09-08,2023-11-03,2.0,1.696099877357483,0.0,5.937843322753906
I,8,8,2023-09-15,2023-11-10,0.0,2.1166954040527344,0.0,6.358438968658447
I,8,8,2023-09-22,2023-11-17,0.0,1.5241965055465698,0.0,5.765940189361572
I,8,8,2023-09-29,2023-11-24,0.0,0.6508634686470032,0.0,4.89260721206665
I,8,8,2023-10-06,2023-12-01,0.0,0.45683160424232483,0.0,4.698575019836426
I,8,8,2023-10-13,2023-12-08,1.0,0.45540037751197815,0.0,4.697144031524658
I,8,8,2023-10-20,2023-12-15,1.0,1.3291797637939453,0.0,5.570923328399658
I,8,8,2023-10-27,2023-12-22,0.0,0.5469662547111511,0.0,4.78870964050293
I,8,8,2023-11-03,2023-12-29,0.0,0.36276769638061523,0.0,4.604511260986328
I,8,8,2023-11-10,2024-01-05,1.0,0.33754968643188477,0.0,4.579293251037598
I,8,8,2023-11-17,2024-01-12,0.0,0.33666008710861206,0.0,4.578403472900391
I,8,8,2023-11-24,2024-01-19,0.0,0.3911157548427582,0.0,4.632859230041504
I,8,8,2023-12-01,2024-01-26,0.0,0.3391011953353882,0.0,4.580844879150391
I,8,8,2023-12-08,2024-02-02,1.0,0.4104050397872925,0.0,4.652148723602295
I,8,8,2023-12-15,2024-02-09,0.0,1.3541160821914673,0.0,5.595859527587891
I,8,8,2023-12-22,2024-02-16,0.0,0.3875298500061035,0.0,4.629273414611816
I,8,8,2023-12-29,2024-02-23,0.0,0.14414525032043457,0.0,4.385889053344727
I,8,8,2024-01-05,2024-03-01,0.0,0.08958110958337784,0.0,4.331324577331543
I,8,8,2024-01-12,2024-03-08,0.0,0.2010970413684845,0.0,4.442840576171875
I,8,8,2024-01-19,2024-03-15,0.0,0.062267981469631195,0.0,4.304011344909668
I,8,8,2024-01-26,2024-03-22,0.0,0.0645233765244484,0.0,4.306266784667969
I,8,8,2024-02-02,2024-03-29,1.0,0.03972587734460831,0.0,4.281469345092773
I,8,8,2024-02-09,2024-04-05,0.0,0.030085377395153046,0.0,4.271829128265381
I,8,8,2024-02-16,2024-04-12,0.0,0.020868681371212006,0.0,4.262612342834473
I,8,8,2024-02-23,2024-04-19,0.0,0.04483797401189804,0.0,4.286581516265869
I,8,8,2024-03-01,2024-04-26,0.0,0.11546885967254639,0.0,4.357212543487549
I,8,8,2024-03-08,2024-05-03,0.0,0.20785307884216309,0.0,4.449596405029297
I,8,8,2024-03-15,2024-05-10,0.0,0.5901764035224915,0.0,4.831920146942139
I,8,8,2024-03-22,2024-05-17,0.0,0.7723468542098999,0.0,5.014090538024902
I,8,8,2024-03-29,2024-05-24,0.0,2.530562400817871,0.0,6.772305965423584
I,8,8,2024-04-05,2024-05-31,0.0,3.196566581726074,0.0,7.438310146331787
I,8,8,2024-04-12,2024-06-07,2.0,2.772519111633301,0.0,7.014262676239014
I,8,8,2024-04-19,2024-06-14,0.0,1.2719258069992065,0.0,5.513669490814209
I,8,8,2024-04-26,2024-06-21,0.0,2.348344326019287,0.0,6.590087890625
I,8,8,2024-05-03,2024-06-28,3.0,2.073348045349121,0.0,6.315091609954834
I,8,8,2024-05-10,2024-07-05,1.0,2.0954103469848633,0.0,6.337153911590576
I,8,8,2024-05-17,2024-07-12,3.0,2.594837188720703,0.0,6.836580753326416
I,8,8,2024-05-24,2024-07-19,2.0,3.413846731185913,0.0,7.655590057373047
I,8,8,2024-05-31,2024-07-26,2.0,2.710745096206665,0.0,6.952488899230957
I,8,8,2024-06-07,2024-08-02,9.0,4.1236138343811035,0.0,8.365357398986816
I,8,8,2024-06-14,2024-08-09,8.0,4.614198684692383,0.0,8.855941772460938
I,8,8,2024-06-21,2024-08-16,5.0,3.4924371242523193,0.0,7.734180450439453
I,8,8,2024-06-28,2024-08-23,2.0,3.410400390625,0.0,7.652143955230713
I,8,8,2024-07-05,2024-08-30,0.0,3.853477716445923,0.0,8.095221519470215
I,8,8,2024-07-12,2024-09-06,2.0,5.768282890319824,0.0,10.010026931762695
I,8,8,2024-07-19,2024-09-13,4.0,7.030003547668457,0.5130014419555664,11.271747589111328
I,8,8,2024-07-26,2024-09-20,2.0,6.170475959777832,0.0,10.412220001220703
I,8,8,2024-08-02,2024-09-27,0.0,8.310972213745117,1.7939701080322266,12.552715301513672
I,8,8,2024-08-09,2024-10-04,1.0,11.550294876098633,5.033292770385742,15.792037963867188
I,8,8,2024-08-16,2024-10-11,0.0,3.7656655311584473,0.0,8.642051696777344
I,8,8,2024-08-23,2024-10-18,1.0,2.2814059257507324,0.0,7.157792091369629
I,8,8,2024-08-30,2024-10-25,4.0,2.6478376388549805,0.0,7.524223804473877
I,8,8,2024-09-06,2024-11-01,2.0,2.1108977794647217,0.0,6.987283706665039
I,8,8,2024-09-13,2024-11-08,1.0,2.138950824737549,0.0,7.015336990356445
I,8,8,2024-09-20,2024-11-15,0.0,1.032148838043213,0.0,5.908535003662109
I,8,8,2024-09-27,2024-11-22,0.0,0.28709059953689575,0.0,5.163476943969727
I,8,8,2024-10-04,2024-11-29,0.0,0.16171309351921082,0.0,5.03809928894043
I,8,8,2024-10-11,2024-12-06,0.0,0.14174211025238037,0.0,5.018128395080566
I,8,8,2024-10-18,2024-12-13,0.0,0.36805224418640137,0.0,5.244438171386719
I,8,8,2024-10-25,2024-12-20,1.0,0.415416955947876,0.0,5.291803359985352
I,8,8,2024-11-01,2024-12-27,0.0,0.5920138955116272,0.0,5.468400001525879
I,8,8,2024-11-08,2025-01-03,0.0,0.698012113571167,0.0,5.574398040771484
I,8,8,2024-11-15,2025-01-10,0.0,0.4215894639492035,0.0,5.297975540161133
I,8,8,2024-11-22,2025-01-17,0.0,0.137545645236969,0.0,5.013931751251221
I,8,8,2024-11-29,2025-01-24,0.0,0.16610077023506165,0.0,5.042487144470215
I,8,8,2024-12-06,2025-01-31,0.0,0.2871462106704712,0.0,5.163532257080078
I,8,8,2024-12-13,2025-02-07,0.0,0.3022617697715759,0.0,5.178647994995117
I,8,8,2024-12-20,2025-02-14,0.0,0.10742343962192535,0.0,4.983809471130371
I,8,8,2024-12-27,2025-02-21,0.0,0.09358849376440048,0.0,4.969974517822266
I,8,8,2025-01-03,2025-02-28,1.0,0.11279506236314774,0.0,4.989181041717529
I,8,8,2025-01-10,2025-03-07,0.0,0.08078642189502716,0.0,4.957172393798828
I,8,8,2025-01-17,2025-03-14,0.0,0.058331750333309174,0.0,4.934718132019043
I,8,8,2025-01-24,2025-03-21,1.0,0.059247054159641266,0.0,4.935633182525635
I,8,8,2025-01-31,2025-03-28,1.0,0.058783601969480515,0.0,4.935169696807861
I,8,8,2025-02-07,2025-04-04,0.0,0.04912382364273071,0.0,4.925509929656982
I,8,8,2025-02-14,2025-04-11,0.0,0.027004525065422058,0.0,4.903390884399414
I,8,8,2025-02-21,2025-04-18,1.0,0.051385655999183655,0.0,4.927772045135498
I,8,8,2025-02-28,2025-04-25,1.0,0.06042591482400894,0.0,4.936811923980713
I,8,8,2025-03-07,2025-05-02,0.0,0.05281830579042435,0.0,4.92920446395874
I,8,8,2025-03-14,2025-05-09,1.0,0.06671157479286194,0.0,4.9430975914001465
I,8,8,2025-03-21,2025-05-16,1.0,0.05580458790063858,0.0,4.932190895080566
I,8,8,2025-03-28,2025-05-23,1.0,0.19983512163162231,0.0,5.076221466064453
I,8,8,2025-04-04,2025-05-30,0.0,0.29688239097595215,0.0,5.1732683181762695
I,8,8,2025-04-11,2025-06-06,0.0,0.7535087466239929,0.0,5.629894733428955
I,8,8,2025-04-18,2025-06-13,0.0,0.9119833111763,0.0,5.788369655609131
I,8,8,2025-04-25,2025-06-20,2.0,2.1823570728302,0.0,7.058743476867676
I,8,8,2025-05-02,2025-06-27,2.0,2.0853207111358643,0.0,6.96170711517334
I,8,8,2025-05-09,2025-07-04,2.0,2.183983564376831,0.0,7.060369491577148
I,8,8,2025-05-16,2025-07-11,2.0,3.3649635314941406,0.0,8.241350173950195
I,8,8,2025-05-23,2025-07-18,2.0,4.456084728240967,0.0,9.332470893859863
I,8,8,2025-05-30,2025-07-25,4.0,5.160823822021484,0.0,10.037210464477539
I,8,8,2025-06-06,2025-08-01,16.0,5.173176288604736,0.0,10.049562454223633
I,8,8,2025-06-13,2025-08-08,10.0,2.7491564750671387,0.0,7.625542640686035
I,8,8,2025-06-20,2025-08-15,0.0,2.9430365562438965,0.0,7.819422721862793
I,8,8,2025-06-27,2025-08-22,2.0,2.978038787841797,0.0,7.854424953460693
I,8,8,2025-07-04,2025-08-29,0.0,1.5636242628097534,0.0,6.4400105476379395
I,8,8,2025-07-11,2025-09-05,,1.5399903059005737,0.0,6.41637659072876
I,8,8,2025-07-18,2025-09-12,,2.0929410457611084,0.0,6.969326972961426
I,8,8,2025-07-25,2025-09-19,,1.7935665845870972,0.0,6.669952869415283
I,8,8,2025-08-01,2025-09-26,,1.9422258138656616,0.0,6.818612098693848
I,8,8,2025-08-08,2025-10-03,,0.782061755657196,0.0,5.658447742462158
I,8,8,2025-08-15,2025-10-10,,0.517241895198822,0.0,11.34406566619873
I,8,8,2025-08-22,2025-10-17,,0.8137351274490356,0.0,11.640559196472168
I,8,12,2023-02-17,2023-05-12,0.0,0.09767108410596848,0.0,1.7895801067352295
I,8,12,2023-02-24,2023-05-19,0.0,0.13816294074058533,0.0,1.830072045326233
I,8,12,2023-03-03,2023-05-26,0.0,0.10812710970640182,0.0,1.8000361919403076
I,8,12,2023-03-10,2023-06-02,0.0,0.14132019877433777,0.0,1.8332293033599854
I,8,12,2023-03-17,2023-06-09,1.0,0.1727476269006729,0.0,1.864656686782837
I,8,12,2023-03-24,2023-06-16,0.0,0.27747848629951477,0.0,1.9693875312805176
I,8,12,2023-03-31,2023-06-23,1.0,0.41786912083625793,0.0,2.1097781658172607
I,8,12,2023-04-07,2023-06-30,0.0,0.38555386662483215,0.0,2.077462911605835
I,8,12,2023-04-14,2023-07-07,0.0,0.8690350651741028,0.0,2.560944080352783
I,8,12,2023-04-21,2023-07-14,0.0,0.9311354756355286,0.0,2.623044490814209
I,8,12,2023-04-28,2023-07-21,0.0,1.4208204746246338,0.0,3.112729549407959
I,8,12,2023-05-05,2023-07-28,5.0,1.7683199644088745,0.0,3.46022891998291
I,8,12,2023-05-12,2023-08-04,2.0,3.7110490798950195,0.0,5.402957916259766
I,8,12,2023-05-19,2023-08-11,10.0,3.8030543327331543,0.0,5.494963645935059
I,8,12,2023-05-26,2023-08-18,4.0,2.035099983215332,0.0,3.7270090579986572
I,8,12,2023-06-02,2023-08-25,3.0,4.702757358551025,0.6121039390563965,6.39466667175293
I,8,12,2023-06-09,2023-09-01,1.0,3.375478982925415,0.0,5.06738805770874
I,8,12,2023-06-16,2023-09-08,1.0,2.197206735610962,0.0,3.889115810394287
I,8,12,2023-06-23,2023-09-15,5.0,1.5326852798461914,0.0,3.2245943546295166
I,8,12,2023-06-30,2023-09-22,4.0,2.5502848625183105,0.0,4.242194175720215
I,8,12,2023-07-07,2023-09-29,2.0,2.311716079711914,0.0,4.00362491607666
I,8,12,2023-07-14,2023-10-06,1.0,1.3558086156845093,0.0,3.047717571258545
I,8,12,2023-07-21,2023-10-13,0.0,0.41305890679359436,0.0,2.1049680709838867
I,8,12,2023-07-28,2023-10-20,1.0,0.8419973850250244,0.0,2.5339064598083496
I,8,12,2023-08-04,2023-10-27,0.0,1.5741058588027954,0.0,3.26601505279541
I,8,12,2023-08-11,2023-11-03,2.0,1.6800634860992432,0.0,4.9117431640625
I,8,12,2023-08-18,2023-11-10,0.0,1.926236629486084,0.0,5.15791654586792
I,8,12,2023-08-25,2023-11-17,0.0,0.8594908118247986,0.0,7.056436538696289
I,8,12,2023-09-01,2023-11-24,0.0,0.5663398504257202,0.0,6.7632856369018555
I,8,12,2023-09-08,2023-12-01,0.0,0.6012641191482544,0.0,6.7982096672058105
I,8,12,2023-09-15,2023-12-08,1.0,0.6962124109268188,0.0,6.893157958984375
I,8,12,2023-09-22,2023-12-15,1.0,1.3829923868179321,0.0,7.579937934875488
I,8,12,2023-09-29,2023-12-22,0.0,0.6363272070884705,0.0,6.833272933959961
I,8,12,2023-10-06,2023-12-29,0.0,0.3429684042930603,0.0,6.539914131164551
I,8,12,2023-10-13,2024-01-05,1.0,0.18490764498710632,0.0,6.381853103637695
I,8,12,2023-10-20,2024-01-12,0.0,0.3491770327091217,0.0,6.5461225509643555
I,8,12,2023-10-27,2024-01-19,0.0,0.23592790961265564,0.0,6.432873725891113
I,8,12,2023-11-03,2024-01-26,0.0,0.2484251856803894,0.0,6.445370674133301
I,8,12,2023-11-10,2024-02-02,1.0,0.17939576506614685,0.0,6.376341342926025
I,8,12,2023-11-17,2024-02-09,0.0,0.18823382258415222,0.0,6.38517951965332
I,8,12,2023-11-24,2024-02-16,0.0,0.1662832498550415,0.0,6.363228797912598
I,8,12,2023-12-01,2024-02-23,0.0,0.176361083984375,0.0,6.373306751251221
I,8,12,2023-12-08,2024-03-01,0.0,0.2426004409790039,0.0,6.43954610824585
I,8,12,2023-12-15,2024-03-08,0.0,0.4670947194099426,0.0,6.664040565490723
I,8,12,2023-12-22,2024-03-15,0.0,0.2564482092857361,0.0,6.453393936157227
I,8,12,2023-12-29,2024-03-22,0.0,0.3213936686515808,0.0,6.518339157104492
I,8,12,2024-01-05,2024-03-29,1.0,0.15946705639362335,0.0,6.356412887573242
I,8,12,2024-01-12,2024-04-05,0.0,0.10968519002199173,0.0,6.306631088256836
I,8,12,2024-01-19,2024-04-12,0.0,0.12040740251541138,0.0,6.317353248596191
I,8,12,2024-01-26,2024-04-19,0.0,0.10912889242172241,0.0,6.306074619293213
I,8,12,2024-02-02,2024-04-26,0.0,0.14092223346233368,0.0,6.337867736816406
I,8,12,2024-02-09,2024-05-03,0.0,0.14229092001914978,0.0,6.339236736297607
I,8,12,2024-02-16,2024-05-10,0.0,0.11196984350681305,0.0,6.308915615081787
I,8,12,2024-02-23,2024-05-17,0.0,0.14372234046459198,0.0,6.340668201446533
I,8,12,2024-03-01,2024-05-24,0.0,0.23143428564071655,0.0,6.428380012512207
I,8,12,2024-03-08,2024-05-31,0.0,0.4955877959728241,0.0,6.692533493041992
I,8,12,2024-03-15,2024-06-07,2.0,1.3227490186691284,0.0,7.519694805145264
I,8,12,2024-03-22,2024-06-14,0.0,1.9980870485305786,0.0,8.195033073425293
I,8,12,2024-03-29,2024-06-21,0.0,3.4926583766937256,1.1171793937683105,9.689603805541992
I,8,12,2024-04-05,2024-06-28,3.0,3.3677611351013184,0.9922821521759033,9.564706802368164
I,8,12,2024-04-12,2024-07-05,1.0,3.699080467224121,1.323601484298706,9.896026611328125
I,8,12,2024-04-19,2024-07-12,3.0,2.0650408267974854,0.0,8.26198673248291
I,8,12,2024-04-26,2024-07-19,2.0,3.0746467113494873,0.6991677284240723,9.271592140197754
I,8,12,2024-05-03,2024-07-26,2.0,2.387974500656128,0.01249551773071289,8.584919929504395
I,8,12,2024-05-10,2024-08-02,9.0,2.611173391342163,0.23569440841674805,8.80811882019043
I,8,12,2024-05-17,2024-08-09,8.0,3.329601764678955,0.95412278175354,9.5265474319458
I,8,12,2024-05-24,2024-08-16,5.0,4.3375444412231445,1.9620654582977295,10.534490585327148
I,8,12,2024-05-31,2024-08-23,2.0,3.46791410446167,1.0924351215362549,9.664859771728516
I,8,12,2024-06-07,2024-08-30,0.0,4.702175140380859,2.3266961574554443,10.899120330810547
I,8,12,2024-06-14,2024-09-06,2.0,6.662428379058838,4.286949157714844,12.859374046325684
I,8,12,2024-06-21,2024-09-13,4.0,6.272404670715332,3.896925687789917,12.469350814819336
I,8,12,2024-06-28,2024-09-20,2.0,4.318142890930176,1.9426639080047607,10.51508903503418
I,8,12,2024-07-05,2024-09-27,0.0,3.659952163696289,0.16729378700256348,9.856897354125977
I,8,12,2024-07-12,2024-10-04,1.0,3.4507622718811035,0.0,9.64770793914795
I,8,12,2024-07-19,2024-10-11,0.0,2.1714277267456055,0.0,8.36837387084961
I,8,12,2024-07-26,2024-10-18,1.0,1.8927699327468872,0.0,8.089715957641602
I,8,12,2024-08-02,2024-10-25,4.0,2.2926888465881348,0.0,8.48963451385498
I,8,12,2024-08-09,2024-11-01,2.0,3.0840611457824707,0.0,9.281006813049316
I,8,12,2024-08-16,2024-11-08,1.0,3.8065097332000732,0.31385135650634766,10.19533634185791
I,8,12,2024-08-23,2024-11-15,0.0,2.093088150024414,0.0,8.481914520263672
I,8,12,2024-08-30,2024-11-22,0.0,0.9340018033981323,0.0,7.32282829284668
I,8,12,2024-09-06,2024-11-29,0.0,1.0365185737609863,0.0,7.425344944000244
I,8,12,2024-09-13,2024-12-06,0.0,0.741599977016449,0.0,7.130426406860352
I,8,12,2024-09-20,2024-12-13,0.0,0.6739671230316162,0.0,7.062793731689453
I,8,12,2024-09-27,2024-12-20,1.0,0.6488338708877563,0.0,7.037660121917725
I,8,12,2024-10-04,2024-12-27,0.0,0.3192201554775238,0.0,6.7080464363098145
I,8,12,2024-10-11,2025-01-03,0.0,0.1179850623011589,0.0,6.506811618804932
I,8,12,2024-10-18,2025-01-10,0.0,0.12563171982765198,0.0,6.514458179473877
I,8,12,2024-10-25,2025-01-17,0.0,0.11283846944570541,0.0,6.501664638519287
I,8,12,2024-11-01,2025-01-24,0.0,0.18602816760540009,0.0,6.574854373931885
I,8,12,2024-11-08,2025-01-31,0.0,0.24167832732200623,0.0,6.630504608154297
I,8,12,2024-11-15,2025-02-07,0.0,0.18696792423725128,0.0,6.575794219970703
I,8,12,2024-11-22,2025-02-14,0.0,0.06816231459379196,0.0,6.45698881149292
I,8,12,2024-11-29,2025-02-21,0.0,0.10002970695495605,0.0,6.488856315612793
I,8,12,2024-12-06,2025-02-28,1.0,0.0967959314584732,0.0,6.485622406005859
I,8,12,2024-12-13,2025-03-07,0.0,0.13121354579925537,0.0,6.520040035247803
I,8,12,2024-12-20,2025-03-14,0.0,0.14157606661319733,0.0,6.530402660369873
I,8,12,2024-12-27,2025-03-21,1.0,0.09007558226585388,0.0,6.4789018630981445
I,8,12,2025-01-03,2025-03-28,1.0,0.08059677481651306,0.0,6.469423294067383
I,8,12,2025-01-10,2025-04-04,0.0,0.08672527968883514,0.0,6.475551605224609
I,8,12,2025-01-17,2025-04-11,0.0,0.08761905133724213,0.0,6.476445198059082
I,8,12,2025-01-24,2025-04-18,1.0,0.1057906225323677,0.0,6.494616985321045
I,8,12,2025-01-31,2025-04-25,1.0,0.09274905920028687,0.0,6.4815754890441895
I,8,12,2025-02-07,2025-05-02,0.0,0.06917618960142136,0.0,6.45800256729126
I,8,12,2025-02-14,2025-05-09,1.0,0.09663654863834381,0.0,6.4854631423950195
I,8,12,2025-02-21,2025-05-16,1.0,0.07800347357988358,0.0,6.466829776763916
I,8,12,2025-02-28,2025-05-23,1.0,0.10387031733989716,0.0,6.492696762084961
I,8,12,2025-03-07,2025-05-30,0.0,0.14939385652542114,0.0,6.538220405578613
I,8,12,2025-03-14,2025-06-06,0.0,0.16498173773288727,0.0,6.553808212280273
I,8,12,2025-03-21,2025-06-13,0.0,0.21630948781967163,0.0,6.605135917663574
I,8,12,2025-03-28,2025-06-20,2.0,0.5516690611839294,0.0,6.940495491027832
I,8,12,2025-04-04,2025-06-27,2.0,1.325682282447815,0.0,7.714508533477783
I,8,12,2025-04-11,2025-07-04,2.0,2.050022840499878,0.0,8.438849449157715
I,8,12,2025-04-18,2025-07-11,2.0,1.6869293451309204,0.0,8.075756072998047
I,8,12,2025-04-25,2025-07-18,2.0,2.919224977493286,0.0,9.308051109313965
I,8,12,2025-05-02,2025-07-25,4.0,3.0225555896759033,0.0,9.411381721496582
I,8,12,2025-05-09,2025-08-01,16.0,2.854646921157837,0.0,9.243473052978516
I,8,12,2025-05-16,2025-08-08,10.0,3.4682133197784424,0.0,9.857039451599121
I,8,12,2025-05-23,2025-08-15,0.0,4.695211410522461,0.0,11.084037780761719
I,8,12,2025-05-30,2025-08-22,2.0,4.343875885009766,0.0,10.732702255249023
I,8,12,2025-06-06,2025-08-29,0.0,3.2064194679260254,0.0,9.595245361328125
I,8,12,2025-06-13,2025-09-05,,3.3822531700134277,0.0,9.771080017089844
I,8,12,2025-06-20,2025-09-12,,6.2243146896362305,1.522139549255371,12.613141059875488
I,8,12,2025-06-27,2025-09-19,,5.6144633293151855,0.9122881889343262,12.003290176391602
I,8,12,2025-07-04,2025-09-26,,1.21672785282135,0.0,7.605554103851318
I,8,12,2025-07-11,2025-10-03,,0.8832729458808899,0.0,7.272099494934082
I,8,12,2025-07-18,2025-10-10,,0.592792809009552,0.0,6.981619358062744
I,8,12,2025-07-25,2025-10-17,,0.510994553565979,0.0,6.899820804595947
I,8,12,2025-08-01,2025-10-24,,1.0619803667068481,0.0,7.450806617736816
I,8,12,2025-08-08,2025-10-31,,0.539871335029602,0.0,6.92869758605957
I,8,12,2025-08-15,2025-11-07,,0.9360105395317078,0.0,14.081363677978516
I,8,12,2025-08-22,2025-11-14,,1.166189432144165,0.0,14.311542510986328
J,9,1,2023-02-17,2023-02-24,0.0,0.0,0.0,2.0
J,9,1,2023-02-24,2023-03-03,0.0,0.0,0.0,2.0
J,9,1,2023-03-03,2023-03-10,1.0,0.0,0.0,2.0
J,9,1,2023-03-10,2023-03-17,0.0,0.0,0.0,2.0
J,9,1,2023-03-17,2023-03-24,0.0,0.0,0.0,2.0
J,9,1,2023-03-24,2023-03-31,0.0,0.0,0.0,2.0
J,9,1,2023-03-31,2023-04-07,0.0,0.0,0.0,2.0
J,9,1,2023-04-07,2023-04-14,0.0,0.0,0.0,2.0
J,9,1,2023-04-14,2023-04-21,1.0,0.0,0.0,2.0
J,9,1,2023-04-21,2023-04-28,0.0,0.0,0.0,2.0
J,9,1,2023-04-28,2023-05-05,0.0,0.0,0.0,2.0
J,9,1,2023-05-05,2023-05-12,0.0,0.0,0.0,2.0
J,9,1,2023-05-12,2023-05-19,0.0,0.0,0.0,2.0
J,9,1,2023-05-19,2023-05-26,1.0,0.0,0.0,2.0
J,9,1,2023-05-26,2023-06-02,0.0,0.0,0.0,2.0
J,9,1,2023-06-02,2023-06-09,0.0,0.0,0.0,2.0
J,9,1,2023-06-09,2023-06-16,0.0,0.0,0.0,2.0
J,9,1,2023-06-16,2023-06-23,0.0,0.0,0.0,2.0
J,9,1,2023-06-23,2023-06-30,0.0,0.0,0.0,2.0
J,9,1,2023-06-30,2023-07-07,0.0,0.0,0.0,2.0
J,9,1,2023-07-07,2023-07-14,0.0,0.0,0.0,2.0
J,9,1,2023-07-14,2023-07-21,0.0,0.0,0.0,2.0
J,9,1,2023-07-21,2023-07-28,2.0,0.0,0.0,2.0
J,9,1,2023-07-28,2023-08-04,3.0,0.0,0.0,2.0
J,9,1,2023-08-04,2023-08-11,9.0,0.0,0.0,2.0
J,9,1,2023-08-11,2023-08-18,6.0,0.0,0.0,2.0
J,9,1,2023-08-18,2023-08-25,1.0,0.0,0.0,3.0
J,9,1,2023-08-25,2023-09-01,1.0,0.0,0.0,9.0
J,9,1,2023-09-01,2023-09-08,3.0,0.0,0.0,9.0
J,9,1,2023-09-08,2023-09-15,5.0,0.0,0.0,9.0
J,9,1,2023-09-15,2023-09-22,0.0,0.0,0.0,9.0
J,9,1,2023-09-22,2023-09-29,3.0,0.0,0.0,9.0
J,9,1,2023-09-29,2023-10-06,3.0,0.0,0.0,9.0
J,9,1,2023-10-06,2023-10-13,4.0,0.0,0.0,9.0
J,9,1,2023-10-13,2023-10-20,0.0,0.0,0.0,9.0
J,9,1,2023-10-20,2023-10-27,0.0,0.0,0.0,9.0
J,9,1,2023-10-27,2023-11-03,1.0,0.0,0.0,9.0
J,9,1,2023-11-03,2023-11-10,0.0,0.0,0.0,9.0
J,9,1,2023-11-10,2023-11-17,1.0,0.0,0.0,9.0
J,9,1,2023-11-17,2023-11-24,0.0,0.0,0.0,9.0
J,9,1,2023-11-24,2023-12-01,0.0,0.0,0.0,9.0
J,9,1,2023-12-01,2023-12-08,0.0,0.0,0.0,9.0
J,9,1,2023-12-08,2023-12-15,0.0,0.0,0.0,9.0
J,9,1,2023-12-15,2023-12-22,0.0,0.0,0.0,9.0
J,9,1,2023-12-22,2023-12-29,0.0,0.0,0.0,9.0
J,9,1,2023-12-29,2024-01-05,0.0,0.0,0.0,9.0
J,9,1,2024-01-05,2024-01-12,0.0,0.0,0.0,9.0
J,9,1,2024-01-12,2024-01-19,0.0,0.0,0.0,9.0
J,9,1,2024-01-19,2024-01-26,1.0,0.0,0.0,9.0
J,9,1,2024-01-26,2024-02-02,0.0,0.0,0.0,9.0
J,9,1,2024-02-02,2024-02-09,0.0,0.0,0.0,9.0
J,9,1,2024-02-09,2024-02-16,0.0,0.0,0.0,9.0
J,9,1,2024-02-16,2024-02-23,0.0,0.0,0.0,9.0
J,9,1,2024-02-23,2024-03-01,0.0,0.0,0.0,9.0
J,9,1,2024-03-01,2024-03-08,0.0,0.0,0.0,9.0
J,9,1,2024-03-08,2024-03-15,0.0,0.0,0.0,9.0
J,9,1,2024-03-15,2024-03-22,0.0,0.0,0.0,9.0
J,9,1,2024-03-22,2024-03-29,2.0,0.0,0.0,9.0
J,9,1,2024-03-29,2024-04-05,0.0,0.0,0.0,9.0
J,9,1,2024-04-05,2024-04-12,0.0,0.0,0.0,9.0
J,9,1,2024-04-12,2024-04-19,0.0,0.0,0.0,9.0
J,9,1,2024-04-19,2024-04-26,0.0,0.0,0.0,9.0
J,9,1,2024-04-26,2024-05-03,0.0,0.0,0.0,9.0
J,9,1,2024-05-03,2024-05-10,1.0,0.0,0.0,9.0
J,9,1,2024-05-10,2024-05-17,0.0,0.0,0.0,9.0
J,9,1,2024-05-17,2024-05-24,1.0,0.0,0.0,9.0
J,9,1,2024-05-24,2024-05-31,2.0,0.0,0.0,9.0
J,9,1,2024-05-31,2024-06-07,0.0,0.0,0.0,9.0
J,9,1,2024-06-07,2024-06-14,0.0,0.0,0.0,9.0
J,9,1,2024-06-14,2024-06-21,1.0,0.0,0.0,9.0
J,9,1,2024-06-21,2024-06-28,0.0,0.0,0.0,9.0
J,9,1,2024-06-28,2024-07-05,1.0,0.0,0.0,9.0
J,9,1,2024-07-05,2024-07-12,0.0,0.0,0.0,9.0
J,9,1,2024-07-12,2024-07-19,1.0,0.0,0.0,9.0
J,9,1,2024-07-19,2024-07-26,8.0,0.0,0.0,9.0
J,9,1,2024-07-26,2024-08-02,5.0,0.0,0.0,9.0
J,9,1,2024-08-02,2024-08-09,13.0,0.0,0.0,9.0
J,9,1,2024-08-09,2024-08-16,3.0,0.0,0.0,9.0
J,9,1,2024-08-16,2024-08-23,4.0,0.0,0.0,9.0
J,9,1,2024-08-23,2024-08-30,5.0,0.0,0.0,13.0
J,9,1,2024-08-30,2024-09-06,5.0,0.0,0.0,13.0
J,9,1,2024-09-06,2024-09-13,6.0,0.0,0.0,13.0
J,9,1,2024-09-13,2024-09-20,11.0,0.0,0.0,13.0
J,9,1,2024-09-20,2024-09-27,4.0,0.0,0.0,13.0
J,9,1,2024-09-27,2024-10-04,0.0,0.0,0.0,13.0
J,9,1,2024-10-04,2024-10-11,1.0,0.0,0.0,13.0
J,9,1,2024-10-11,2024-10-18,2.0,0.0,0.0,13.0
J,9,1,2024-10-18,2024-10-25,1.0,0.0,0.0,13.0
J,9,1,2024-10-25,2024-11-01,1.0,0.0,0.0,13.0
J,9,1,2024-11-01,2024-11-08,8.0,0.0,0.0,13.0
J,9,1,2024-11-08,2024-11-15,0.0,0.0,0.0,13.0
J,9,1,2024-11-15,2024-11-22,0.0,0.0,0.0,13.0
J,9,1,2024-11-22,2024-11-29,1.0,0.0,0.0,13.0
J,9,1,2024-11-29,2024-12-06,0.0,0.0,0.0,13.0
J,9,1,2024-12-06,2024-12-13,1.0,0.0,0.0,13.0
J,9,1,2024-12-13,2024-12-20,0.0,0.0,0.0,13.0
J,9,1,2024-12-20,2024-12-27,0.0,0.0,0.0,13.0
J,9,1,2024-12-27,2025-01-03,0.0,0.0,0.0,13.0
J,9,1,2025-01-03,2025-01-10,0.0,0.0,0.0,13.0
J,9,1,2025-01-10,2025-01-17,1.0,0.0,0.0,13.0
J,9,1,2025-01-17,2025-01-24,0.0,0.0,0.0,13.0
J,9,1,2025-01-24,2025-01-31,1.0,0.0,0.0,13.0
J,9,1,2025-01-31,2025-02-07,0.0,0.0,0.0,13.0
J,9,1,2025-02-07,2025-02-14,2.0,0.0,0.0,13.0
J,9,1,2025-02-14,2025-02-21,0.0,0.0,0.0,13.0
J,9,1,2025-02-21,2025-02-28,0.0,0.0,0.0,13.0
J,9,1,2025-02-28,2025-03-07,1.0,0.0,0.0,13.0
J,9,1,2025-03-07,2025-03-14,0.0,0.0,0.0,13.0
J,9,1,2025-03-14,2025-03-21,0.0,0.0,0.0,13.0
J,9,1,2025-03-21,2025-03-28,0.0,0.0,0.0,13.0
J,9,1,2025-03-28,2025-04-04,0.0,0.0,0.0,13.0
J,9,1,2025-04-04,2025-04-11,0.0,0.0,0.0,13.0
J,9,1,2025-04-11,2025-04-18,0.0,0.0,0.0,13.0
J,9,1,2025-04-18,2025-04-25,0.0,0.0,0.0,13.0
J,9,1,2025-04-25,2025-05-02,0.0,0.0,0.0,13.0
J,9,1,2025-05-02,2025-05-09,0.0,0.0,0.0,13.0
J,9,1,2025-05-09,2025-05-16,1.0,0.0,0.0,13.0
J,9,1,2025-05-16,2025-05-23,0.0,0.0,0.0,13.0
J,9,1,2025-05-23,2025-05-30,0.0,0.0,0.0,13.0
J,9,1,2025-05-30,2025-06-06,1.0,0.0,0.0,13.0
J,9,1,2025-06-06,2025-06-13,1.0,0.0,0.0,13.0
J,9,1,2025-06-13,2025-06-20,0.0,0.0,0.0,13.0
J,9,1,2025-06-20,2025-06-27,0.0,0.0,0.0,13.0
J,9,1,2025-06-27,2025-07-04,2.0,0.0,0.0,13.0
J,9,1,2025-07-04,2025-07-11,3.0,0.0,0.0,13.0
J,9,1,2025-07-11,2025-07-18,9.0,0.0,0.0,13.0
J,9,1,2025-07-18,2025-07-25,7.0,0.0,0.0,13.0
J,9,1,2025-07-25,2025-08-01,25.0,0.0,0.0,13.0
J,9,1,2025-08-01,2025-08-08,24.0,0.0,0.0,13.0
J,9,1,2025-08-08,2025-08-15,1.0,0.0,0.0,13.0
J,9,1,2025-08-15,2025-08-22,0.0,0.0,0.0,25.0
J,9,1,2025-08-22,2025-08-29,1.0,0.0,0.0,25.0
J,9,2,2023-02-17,2023-03-03,0.0,0.03619365394115448,0.0,1.645393967628479
J,9,2,2023-02-24,2023-03-10,1.0,0.033810168504714966,0.0,1.6430104970932007
J,9,2,2023-03-03,2023-03-17,0.0,0.03538386523723602,0.0,1.6445841789245605
J,9,2,2023-03-10,2023-03-24,0.0,0.03514738008379936,0.0,1.6443477869033813
J,9,2,2023-03-17,2023-03-31,0.0,0.04781161993741989,0.0,1.6570119857788086
J,9,2,2023-03-24,2023-04-07,0.0,0.06874966621398926,0.0,1.6779500246047974
J,9,2,2023-03-31,2023-04-14,0.0,0.055176205933094025,0.0,1.6643766164779663
J,9,2,2023-04-07,2023-04-21,1.0,0.053253933787345886,0.0,1.6624542474746704
J,9,2,2023-04-14,2023-04-28,0.0,0.052925340831279755,0.0,1.6621257066726685
J,9,2,2023-04-21,2023-05-05,0.0,0.11994821578264236,0.0,1.7291486263275146
J,9,2,2023-04-28,2023-05-12,0.0,0.21401596069335938,0.0,1.8232163190841675
J,9,2,2023-05-05,2023-05-19,0.0,0.28179267048835754,0.0,1.8909929990768433
J,9,2,2023-05-12,2023-05-26,1.0,0.6122370958328247,0.0,2.221437454223633
J,9,2,2023-05-19,2023-06-02,0.0,0.7422860860824585,0.0,2.3514864444732666
J,9,2,2023-05-26,2023-06-09,0.0,1.585655927658081,0.0984417200088501,3.1948561668395996
J,9,2,2023-06-02,2023-06-16,0.0,0.5915764570236206,0.0,2.2007768154144287
J,9,2,2023-06-09,2023-06-23,0.0,1.879077434539795,0.39186322689056396,3.4882779121398926
J,9,2,2023-06-16,2023-06-30,0.0,1.5957428216934204,0.4820365905761719,3.2049431800842285
J,9,2,2023-06-23,2023-07-07,0.0,0.8132279515266418,0.0,2.4224283695220947
J,9,2,2023-06-30,2023-07-14,0.0,0.4513173997402191,0.0,2.0605177879333496
J,9,2,2023-07-07,2023-07-21,0.0,0.9185746312141418,0.0,2.5277750492095947
J,9,2,2023-07-14,2023-07-28,2.0,1.753961205482483,0.0,3.363161563873291
J,9,2,2023-07-21,2023-08-04,3.0,2.173687696456909,0.29461026191711426,3.7828879356384277
J,9,2,2023-07-28,2023-08-11,9.0,5.111506462097168,3.232429027557373,6.720706939697266
J,9,2,2023-08-04,2023-08-18,6.0,3.5105173587799072,1.6314399242401123,5.119717597961426
J,9,2,2023-08-11,2023-08-25,1.0,2.5816519260406494,0.7025744915008545,4.190852165222168
J,9,2,2023-08-18,2023-09-01,1.0,2.5555567741394043,0.6764793395996094,4.164757251739502
J,9,2,2023-08-25,2023-09-08,3.0,3.6212637424468994,1.7421863079071045,7.509757041931152
J,9,2,2023-09-01,2023-09-15,5.0,3.2387194633483887,1.3596420288085938,7.127213001251221
J,9,2,2023-09-08,2023-09-22,0.0,2.437861442565918,0.558784008026123,6.32635498046875
J,9,2,2023-09-15,2023-09-29,3.0,1.8359583616256714,0.0,5.724452018737793
J,9,2,2023-09-22,2023-10-06,3.0,2.3256654739379883,0.44658803939819336,6.21415901184082
J,9,2,2023-09-29,2023-10-13,4.0,2.837979316711426,0.9589018821716309,6.726472854614258
J,9,2,2023-10-06,2023-10-20,0.0,1.5884734392166138,0.0,5.476966857910156
J,9,2,2023-10-13,2023-10-27,0.0,0.8269280791282654,0.0,4.715421676635742
J,9,2,2023-10-20,2023-11-03,1.0,0.9959478378295898,0.0,4.884441375732422
J,9,2,2023-10-27,2023-11-10,0.0,1.103154182434082,0.0,4.991647720336914
J,9,2,2023-11-03,2023-11-17,1.0,0.8906328678131104,0.0,4.779126167297363
J,9,2,2023-11-10,2023-11-24,0.0,0.5169722437858582,0.0,4.405465602874756
J,9,2,2023-11-17,2023-12-01,0.0,0.6014810800552368,0.0,4.489974498748779
J,9,2,2023-11-24,2023-12-08,0.0,1.2726082801818848,0.0,5.161101818084717
J,9,2,2023-12-01,2023-12-15,0.0,0.8615106344223022,0.0,4.750004291534424
J,9,2,2023-12-08,2023-12-22,0.0,0.2396950125694275,0.0,4.128188610076904
J,9,2,2023-12-15,2023-12-29,0.0,0.2909604012966156,0.0,4.1794538497924805
J,9,2,2023-12-22,2024-01-05,0.0,0.40808117389678955,0.0,4.296574592590332
J,9,2,2023-12-29,2024-01-12,0.0,0.0928485170006752,0.0,3.981342077255249
J,9,2,2024-01-05,2024-01-19,0.0,0.15526315569877625,0.0,4.043756484985352
J,9,2,2024-01-12,2024-01-26,1.0,0.3573992848396301,0.0,4.2458930015563965
J,9,2,2024-01-19,2024-02-02,0.0,0.21865874528884888,0.0,4.107152462005615
J,9,2,2024-01-26,2024-02-09,0.0,0.1140158399939537,0.0,4.002509593963623
J,9,2,2024-02-02,2024-02-16,0.0,0.06118118017911911,0.0,3.949674606323242
J,9,2,2024-02-09,2024-02-23,0.0,0.08043013513088226,0.0,3.968923568725586
J,9,2,2024-02-16,2024-03-01,0.0,0.06453338265419006,0.0,3.9530270099639893
J,9,2,2024-02-23,2024-03-08,0.0,0.04581644386053085,0.0,3.934309959411621
J,9,2,2024-03-01,2024-03-15,0.0,0.05158420652151108,0.0,3.940077781677246
J,9,2,2024-03-08,2024-03-22,0.0,0.061285898089408875,0.0,3.949779510498047
J,9,2,2024-03-15,2024-03-29,2.0,0.06605229526758194,0.0,3.954545736312866
J,9,2,2024-03-22,2024-04-05,0.0,0.07082322984933853,0.0,3.9593167304992676
J,9,2,2024-03-29,2024-04-12,0.0,0.07535716146230698,0.0,3.963850736618042
J,9,2,2024-04-05,2024-04-19,0.0,0.09305087476968765,0.0,3.9815444946289062
J,9,2,2024-04-12,2024-04-26,0.0,0.14006319642066956,0.0,4.028556823730469
J,9,2,2024-04-19,2024-05-03,0.0,0.23681533336639404,0.0,4.125308990478516
J,9,2,2024-04-26,2024-05-10,1.0,0.39011210203170776,0.0,4.2786054611206055
J,9,2,2024-05-03,2024-05-17,0.0,0.6388274431228638,0.0,4.527320861816406
J,9,2,2024-05-10,2024-05-24,1.0,0.7320100665092468,0.0,4.6205034255981445
J,9,2,2024-05-17,2024-05-31,2.0,1.090644121170044,0.0,4.979137420654297
J,9,2,2024-05-24,2024-06-07,0.0,2.696251630783081,0.2583901882171631,6.584745407104492
J,9,2,2024-05-31,2024-06-14,0.0,1.5302793979644775,0.0,5.4187726974487305
J,9,2,2024-06-07,2024-06-21,1.0,1.3664829730987549,0.0,5.254976272583008
J,9,2,2024-06-14,2024-06-28,0.0,1.7064014673233032,0.0,5.594894886016846
J,9,2,2024-06-21,2024-07-05,1.0,2.233440399169922,0.0,6.121933937072754
J,9,2,2024-06-28,2024-07-12,0.0,2.4810988903045654,0.0,6.369592666625977
J,9,2,2024-07-05,2024-07-19,1.0,1.4581962823867798,0.0,5.346689701080322
J,9,2,2024-07-12,2024-07-26,8.0,1.7667537927627563,0.0,5.655247211456299
J,9,2,2024-07-19,2024-08-02,5.0,5.229467391967773,2.5332157611846924,9.117960929870605
J,9,2,2024-07-26,2024-08-09,13.0,3.5322132110595703,0.8359615802764893,7.420706748962402
J,9,2,2024-08-02,2024-08-16,3.0,4.17380428314209,1.4775526523590088,8.062297821044922
J,9,2,2024-08-09,2024-08-23,4.0,6.093628883361816,3.3973772525787354,12.326875686645508
J,9,2,2024-08-16,2024-08-30,5.0,3.86372709274292,1.1674754619598389,10.096973419189453
J,9,2,2024-08-23,2024-09-06,5.0,4.329941749572754,1.6336901187896729,13.797728538513184
J,9,2,2024-08-30,2024-09-13,6.0,5.739024639129639,3.0427730083465576,15.206811904907227
J,9,2,2024-09-06,2024-09-20,11.0,6.498300552368164,3.802048921585083,15.966087341308594
J,9,2,2024-09-13,2024-09-27,4.0,7.198019027709961,4.501767158508301,16.66580581665039
J,9,2,2024-09-20,2024-10-04,0.0,4.124633312225342,1.4283816814422607,13.59242057800293
J,9,2,2024-09-27,2024-10-11,1.0,9.75149154663086,7.055239677429199,19.21927833557129
J,9,2,2024-10-04,2024-10-18,2.0,1.8646693229675293,0.0,11.332456588745117
J,9,2,2024-10-11,2024-10-25,1.0,1.6234028339385986,0.0,11.09118938446045
J,9,2,2024-10-18,2024-11-01,1.0,2.4037675857543945,0.0,11.871554374694824
J,9,2,2024-10-25,2024-11-08,8.0,1.8946115970611572,0.0,11.362398147583008
J,9,2,2024-11-01,2024-11-15,0.0,0.9863168001174927,0.0,10.454103469848633
J,9,2,2024-11-08,2024-11-22,0.0,1.4589829444885254,0.0,10.926769256591797
J,9,2,2024-11-15,2024-11-29,1.0,0.8023198843002319,0.0,10.270106315612793
J,9,2,2024-11-22,2024-12-06,0.0,0.325151652097702,0.0,9.792938232421875
J,9,2,2024-11-29,2024-12-13,1.0,0.5280674695968628,0.0,9.995854377746582
J,9,2,2024-12-06,2024-12-20,0.0,0.6418890953063965,0.0,10.109676361083984
J,9,2,2024-12-13,2024-12-27,0.0,0.3765318989753723,0.0,9.844318389892578
J,9,2,2024-12-20,2025-01-03,0.0,0.5204984545707703,0.0,9.988285064697266
J,9,2,2024-12-27,2025-01-10,0.0,0.7611860632896423,0.0,10.228972434997559
J,9,2,2025-01-03,2025-01-17,1.0,0.2072552740573883,0.0,9.675042152404785
J,9,2,2025-01-10,2025-01-24,0.0,0.27351656556129456,0.0,9.741303443908691
J,9,2,2025-01-17,2025-01-31,1.0,0.1264188289642334,0.0,9.594205856323242
J,9,2,2025-01-24,2025-02-07,0.0,0.15071043372154236,0.0,9.618496894836426
J,9,2,2025-01-31,2025-02-14,2.0,0.09110081195831299,0.0,9.558887481689453
J,9,2,2025-02-07,2025-02-21,0.0,0.05456767976284027,0.0,9.522354125976562
J,9,2,2025-02-14,2025-02-28,0.0,0.06939859688282013,0.0,9.537185668945312
J,9,2,2025-02-21,2025-03-07,1.0,0.0825052335858345,0.0,9.550292015075684
J,9,2,2025-02-28,2025-03-14,0.0,0.07895185798406601,0.0,9.546738624572754
J,9,2,2025-03-07,2025-03-21,0.0,0.10588990896940231,0.0,9.573677062988281
J,9,2,2025-03-14,2025-03-28,0.0,0.06985466182231903,0.0,9.537641525268555
J,9,2,2025-03-21,2025-04-04,0.0,0.06623866409063339,0.0,9.534025192260742
J,9,2,2025-03-28,2025-04-11,0.0,0.09098153561353683,0.0,9.558768272399902
J,9,2,2025-04-04,2025-04-18,0.0,0.09498801827430725,0.0,9.562774658203125
J,9,2,2025-04-11,2025-04-25,0.0,0.12486521154642105,0.0,9.592652320861816
J,9,2,2025-04-18,2025-05-02,0.0,0.18521720170974731,0.0,9.653003692626953
J,9,2,2025-04-25,2025-05-09,0.0,0.6523821353912354,0.0,10.120168685913086
J,9,2,2025-05-02,2025-05-16,1.0,0.4925769567489624,0.0,9.960363388061523
J,9,2,2025-05-09,2025-05-23,0.0,0.6229454278945923,0.0,10.09073257446289
J,9,2,2025-05-16,2025-05-30,0.0,0.8339628577232361,0.0,10.301749229431152
J,9,2,2025-05-23,2025-06-06,1.0,1.1052972078323364,0.0,10.573083877563477
J,9,2,2025-05-30,2025-06-13,1.0,1.88664972782135,0.0,11.354436874389648
J,9,2,2025-06-06,2025-06-20,0.0,3.02756929397583,0.0,12.495355606079102
J,9,2,2025-06-13,2025-06-27,0.0,1.8980144262313843,0.0,11.365800857543945
J,9,2,2025-06-20,2025-07-04,2.0,0.7139427661895752,0.0,10.181729316711426
J,9,2,2025-06-27,2025-07-11,3.0,1.1029763221740723,0.0,10.570762634277344
J,9,2,2025-07-04,2025-07-18,9.0,4.755245208740234,0.0,14.223031997680664
J,9,2,2025-07-11,2025-07-25,7.0,4.556489944458008,0.0,14.024276733398438
J,9,2,2025-07-18,2025-08-01,25.0,8.923789024353027,0.17229747772216797,18.39157485961914
J,9,2,2025-07-25,2025-08-08,24.0,10.865257263183594,2.1137657165527344,20.333044052124023
J,9,2,2025-08-01,2025-08-15,1.0,8.953017234802246,0.20152568817138672,18.42080307006836
J,9,2,2025-08-08,2025-08-22,0.0,6.511320114135742,0.0,15.979106903076172
J,9,2,2025-08-15,2025-08-29,1.0,3.125786781311035,0.0,19.201995849609375
J,9,2,2025-08-22,2025-09-05,,5.073256492614746,0.0,21.14946746826172
J,9,4,2023-02-17,2023-03-17,0.0,0.11575913429260254,0.0,1.5654467344284058
J,9,4,2023-02-24,2023-03-24,0.0,0.1077050268650055,0.0,1.5573925971984863
J,9,4,2023-03-03,2023-03-31,0.0,0.09974052011966705,0.0,1.549428105354309
J,9,4,2023-03-10,2023-04-07,0.0,0.10404137521982193,0.0,1.5537289381027222
J,9,4,2023-03-17,2023-04-14,0.0,0.10138803720474243,0.0,1.5510756969451904
J,9,4,2023-03-24,2023-04-21,1.0,0.11980429291725159,0.0,1.5694918632507324
J,9,4,2023-03-31,2023-04-28,0.0,0.11605511605739594,0.0,1.5657427310943604
J,9,4,2023-04-07,2023-05-05,0.0,0.12144091725349426,0.0,1.571128487586975
J,9,4,2023-04-14,2023-05-12,0.0,0.13291586935520172,0.0,1.5826034545898438
J,9,4,2023-04-21,2023-05-19,0.0,0.1422387957572937,0.0,1.5919263362884521
J,9,4,2023-04-28,2023-05-26,1.0,0.2765824496746063,0.0,1.726270079612732
J,9,4,2023-05-05,2023-06-02,0.0,0.7999816536903381,0.0,2.249669313430786
J,9,4,2023-05-12,2023-06-09,0.0,1.4492615461349487,0.0,2.898949146270752
J,9,4,2023-05-19,2023-06-16,0.0,0.7047918438911438,0.0,2.154479503631592
J,9,4,2023-05-26,2023-06-23,0.0,1.2864880561828613,0.0,2.736175537109375
J,9,4,2023-06-02,2023-06-30,0.0,1.9999905824661255,0.0,3.4496781826019287
J,9,4,2023-06-09,2023-07-07,0.0,2.973785161972046,0.0,4.423472881317139
J,9,4,2023-06-16,2023-07-14,0.0,3.418872356414795,0.0,4.868559837341309
J,9,4,2023-06-23,2023-07-21,0.0,4.2278523445129395,0.0,5.677539825439453
J,9,4,2023-06-30,2023-07-28,2.0,2.4079930782318115,0.0,3.8576807975769043
J,9,4,2023-07-07,2023-08-04,3.0,2.8080742359161377,0.0,4.2577619552612305
J,9,4,2023-07-14,2023-08-11,9.0,4.123239040374756,0.0,5.5729265213012695
J,9,4,2023-07-21,2023-08-18,6.0,1.2716217041015625,0.0,2.721309185028076
J,9,4,2023-07-28,2023-08-25,1.0,2.42867112159729,0.0,3.878358840942383
J,9,4,2023-08-04,2023-09-01,1.0,1.8880057334899902,0.0,3.337693214416504
J,9,4,2023-08-11,2023-09-08,3.0,2.2689335346221924,0.0,3.718621253967285
J,9,4,2023-08-18,2023-09-15,5.0,3.4968695640563965,0.0,4.94655704498291
J,9,4,2023-08-25,2023-09-22,0.0,3.0712692737579346,0.0,7.948030471801758
J,9,4,2023-09-01,2023-09-29,3.0,4.235996723175049,0.008144378662109375,9.112757682800293
J,9,4,2023-09-08,2023-10-06,3.0,6.885396957397461,2.6575446128845215,11.762157440185547
J,9,4,2023-09-15,2023-10-13,4.0,8.542595863342285,4.314743518829346,13.419357299804688
J,9,4,2023-09-22,2023-10-20,0.0,4.815677642822266,0.5878252983093262,9.692438125610352
J,9,4,2023-09-29,2023-10-27,0.0,1.9205361604690552,0.0,6.79729700088501
J,9,4,2023-10-06,2023-11-03,1.0,1.9480777978897095,0.0,6.824838638305664
J,9,4,2023-10-13,2023-11-10,0.0,3.418583631515503,0.0,8.295344352722168
J,9,4,2023-10-20,2023-11-17,1.0,1.52126944065094,0.0,6.3980302810668945
J,9,4,2023-10-27,2023-11-24,0.0,0.6213430166244507,0.0,5.498104095458984
J,9,4,2023-11-03,2023-12-01,0.0,0.861751914024353,0.0,5.738512992858887
J,9,4,2023-11-10,2023-12-08,0.0,0.9492514729499817,0.0,5.82601261138916
J,9,4,2023-11-17,2023-12-15,0.0,0.7670450806617737,0.0,5.643805980682373
J,9,4,2023-11-24,2023-12-22,0.0,0.36119359731674194,0.0,5.237954616546631
J,9,4,2023-12-01,2023-12-29,0.0,0.4492301642894745,0.0,5.325991153717041
J,9,4,2023-12-08,2024-01-05,0.0,0.540073812007904,0.0,5.416834831237793
J,9,4,2023-12-15,2024-01-12,0.0,0.453151136636734,0.0,5.329912185668945
J,9,4,2023-12-22,2024-01-19,0.0,0.4283131957054138,0.0,5.305074214935303
J,9,4,2023-12-29,2024-01-26,1.0,0.24470451474189758,0.0,5.121465682983398
J,9,4,2024-01-05,2024-02-02,0.0,0.3216046094894409,0.0,5.198365688323975
J,9,4,2024-01-12,2024-02-09,0.0,0.3983931541442871,0.0,5.275154113769531
J,9,4,2024-01-19,2024-02-16,0.0,0.2132631242275238,0.0,5.090023994445801
J,9,4,2024-01-26,2024-02-23,0.0,0.13582158088684082,0.0,5.012582778930664
J,9,4,2024-02-02,2024-03-01,0.0,0.12327682226896286,0.0,5.000037670135498
J,9,4,2024-02-09,2024-03-08,0.0,0.15554359555244446,0.0,5.032304763793945
J,9,4,2024-02-16,2024-03-15,0.0,0.11334674805402756,0.0,4.990107536315918
J,9,4,2024-02-23,2024-03-22,0.0,0.10888565331697464,0.0,4.985646724700928
J,9,4,2024-03-01,2024-03-29,2.0,0.10166853666305542,0.0,4.978429317474365
J,9,4,2024-03-08,2024-04-05,0.0,0.1013493537902832,0.0,4.978110313415527
J,9,4,2024-03-15,2024-04-12,0.0,0.10128212720155716,0.0,4.978043079376221
J,9,4,2024-03-22,2024-04-19,0.0,0.1358313262462616,0.0,5.012592315673828
J,9,4,2024-03-29,2024-04-26,0.0,0.19923347234725952,0.0,5.075994491577148
J,9,4,2024-04-05,2024-05-03,0.0,0.2516407072544098,0.0,5.128401756286621
J,9,4,2024-04-12,2024-05-10,1.0,0.26999160647392273,0.0,5.14675235748291
J,9,4,2024-04-19,2024-05-17,0.0,0.4298555254936218,0.0,5.306616306304932
J,9,4,2024-04-26,2024-05-24,1.0,0.8363852500915527,0.0,5.713146209716797
J,9,4,2024-05-03,2024-05-31,2.0,1.8070210218429565,0.0,6.68378210067749
J,9,4,2024-05-10,2024-06-07,0.0,4.0863189697265625,0.0,8.963079452514648
J,9,4,2024-05-17,2024-06-14,0.0,2.346863031387329,0.0,7.223624229431152
J,9,4,2024-05-24,2024-06-21,1.0,3.0355937480926514,0.0,7.912354469299316
J,9,4,2024-05-31,2024-06-28,0.0,3.9703304767608643,0.0,8.847091674804688
J,9,4,2024-06-07,2024-07-05,1.0,5.392512321472168,0.5768346786499023,10.26927375793457
J,9,4,2024-06-14,2024-07-12,0.0,8.423469543457031,3.6077919006347656,13.300230026245117
J,9,4,2024-06-21,2024-07-19,1.0,7.831412315368652,3.0157346725463867,12.708173751831055
J,9,4,2024-06-28,2024-07-26,8.0,6.899445056915283,2.0837674140930176,11.776206016540527
J,9,4,2024-07-05,2024-08-02,5.0,5.26744270324707,0.4517650604248047,10.144203186035156
J,9,4,2024-07-12,2024-08-09,13.0,3.9856605529785156,0.0,8.862421035766602
J,9,4,2024-07-19,2024-08-16,3.0,2.217449426651001,0.0,7.094210624694824
J,9,4,2024-07-26,2024-08-23,4.0,2.5063064098358154,0.0,7.3830671310424805
J,9,4,2024-08-02,2024-08-30,5.0,3.9452109336853027,0.0,8.821971893310547
J,9,4,2024-08-09,2024-09-06,5.0,7.526610851287842,0.0,12.403371810913086
J,9,4,2024-08-16,2024-09-13,6.0,5.948533058166504,0.0,10.825294494628906
J,9,4,2024-08-23,2024-09-20,11.0,6.444579601287842,0.0,15.458919525146484
J,9,4,2024-08-30,2024-09-27,4.0,7.621881484985352,0.0,16.636220932006836
J,9,4,2024-09-06,2024-10-04,0.0,8.389741897583008,0.0,17.404081344604492
J,9,4,2024-09-13,2024-10-11,1.0,7.686161994934082,0.0,16.70050048828125
J,9,4,2024-09-20,2024-10-18,2.0,2.9295332431793213,0.0,11.943872451782227
J,9,4,2024-09-27,2024-10-25,1.0,3.9300854206085205,0.0,12.944424629211426
J,9,4,2024-10-04,2024-11-01,1.0,2.695985794067383,0.0,11.710325241088867
J,9,4,2024-10-11,2024-11-08,8.0,1.9835951328277588,0.0,10.997934341430664
J,9,4,2024-10-18,2024-11-15,0.0,3.4954817295074463,0.0,12.509820938110352
J,9,4,2024-10-25,2024-11-22,0.0,2.4364421367645264,0.0,11.45078182220459
J,9,4,2024-11-01,2024-11-29,1.0,0.7626069784164429,0.0,9.776946067810059
J,9,4,2024-11-08,2024-12-06,0.0,0.9514113664627075,0.0,9.965750694274902
J,9,4,2024-11-15,2024-12-13,1.0,1.2499845027923584,0.0,10.264324188232422
J,9,4,2024-11-22,2024-12-20,0.0,0.7076656222343445,0.0,9.722004890441895
J,9,4,2024-11-29,2024-12-27,0.0,0.4657171070575714,0.0,9.480056762695312
J,9,4,2024-12-06,2025-01-03,0.0,0.6700960397720337,0.0,9.684435844421387
J,9,4,2024-12-13,2025-01-10,0.0,0.9954481720924377,0.0,10.009787559509277
J,9,4,2024-12-20,2025-01-17,1.0,0.36115747690200806,0.0,9.375496864318848
J,9,4,2024-12-27,2025-01-24,0.0,0.6440821886062622,0.0,9.658421516418457
J,9,4,2025-01-03,2025-01-31,1.0,0.43953120708465576,0.0,9.45387077331543
J,9,4,2025-01-10,2025-02-07,0.0,0.32153651118278503,0.0,9.335875511169434
J,9,4,2025-01-17,2025-02-14,2.0,0.33163148164749146,0.0,9.34597110748291
J,9,4,2025-01-24,2025-02-21,0.0,0.17613311111927032,0.0,9.190472602844238
J,9,4,2025-01-31,2025-02-28,0.0,0.14841869473457336,0.0,9.162757873535156
J,9,4,2025-02-07,2025-03-07,1.0,0.20505961775779724,0.0,9.219399452209473
J,9,4,2025-02-14,2025-03-14,0.0,0.14460161328315735,0.0,9.158941268920898
J,9,4,2025-02-21,2025-03-21,0.0,0.15471628308296204,0.0,9.169055938720703
J,9,4,2025-02-28,2025-03-28,0.0,0.16432014107704163,0.0,9.178659439086914
J,9,4,2025-03-07,2025-04-04,0.0,0.14137208461761475,0.0,9.15571117401123
J,9,4,2025-03-14,2025-04-11,0.0,0.1216602623462677,0.0,9.13599967956543
J,9,4,2025-03-21,2025-04-18,0.0,0.20292744040489197,0.0,9.217267036437988
J,9,4,2025-03-28,2025-04-25,0.0,0.17147725820541382,0.0,9.185816764831543
J,9,4,2025-04-04,2025-05-02,0.0,0.3067907691001892,0.0,9.32112979888916
J,9,4,2025-04-11,2025-05-09,0.0,0.9108361005783081,0.0,9.925175666809082
J,9,4,2025-04-18,2025-05-16,1.0,0.6096543073654175,0.0,9.623993873596191
J,9,4,2025-04-25,2025-05-23,0.0,1.6638154983520508,0.0,10.678154945373535
J,9,4,2025-05-02,2025-05-30,0.0,0.8355852961540222,0.0,9.84992504119873
J,9,4,2025-05-09,2025-06-06,1.0,1.2632731199264526,0.0,10.277612686157227
J,9,4,2025-05-16,2025-06-13,1.0,2.0249106884002686,0.0,11.039250373840332
J,9,4,2025-05-23,2025-06-20,0.0,2.731093168258667,0.0,11.74543285369873
J,9,4,2025-05-30,2025-06-27,0.0,2.3533098697662354,0.0,11.36764907836914
J,9,4,2025-06-06,2025-07-04,2.0,1.7599519491195679,0.0,10.774291038513184
J,9,4,2025-06-13,2025-07-11,3.0,4.301733493804932,0.0,13.316072463989258
J,9,4,2025-06-20,2025-07-18,9.0,5.913254261016846,0.0,14.927593231201172
J,9,4,2025-06-27,2025-07-25,7.0,5.252890110015869,0.0,14.267229080200195
J,9,4,2025-07-04,2025-08-01,25.0,4.230823993682861,0.0,13.245162963867188
J,9,4,2025-07-11,2025-08-08,24.0,2.041860580444336,0.0,11.05620002746582
J,9,4,2025-07-18,2025-08-15,1.0,1.8853943347930908,0.0,10.899733543395996
J,9,4,2025-07-25,2025-08-22,0.0,1.8445407152175903,0.0,10.858880043029785
J,9,4,2025-08-01,2025-08-29,1.0,2.2472128868103027,0.0,11.261552810668945
J,9,4,2025-08-08,2025-09-05,,4.909560680389404,0.0,13.923900604248047
J,9,4,2025-08-15,2025-09-12,,9.144659042358398,0.7549171447753906,29.913835525512695
J,9,4,2025-08-22,2025-09-19,,9.844788551330566,1.4550466537475586,31.802928924560547
J,9,8,2023-02-17,2023-04-14,0.0,0.07921887934207916,0.0,1.1986993551254272
J,9,8,2023-02-24,2023-04-21,1.0,0.04245232045650482,0.0,1.1619328260421753
J,9,8,2023-03-03,2023-04-28,0.0,0.06982383131980896,0.0,1.1893043518066406
J,9,8,2023-03-10,2023-05-05,0.0,0.06438089907169342,0.0,1.1838613748550415
J,9,8,2023-03-17,2023-05-12,0.0,0.07335683703422546,0.0,1.1928373575210571
J,9,8,2023-03-24,2023-05-19,0.0,0.045403510332107544,0.0,1.1648839712142944
J,9,8,2023-03-31,2023-05-26,1.0,0.045176658779382706,0.0,1.1646571159362793
J,9,8,2023-04-07,2023-06-02,0.0,0.16432666778564453,0.0,1.2838071584701538
J,9,8,2023-04-14,2023-06-09,0.0,0.39918288588523865,0.0,1.5186634063720703
J,9,8,2023-04-21,2023-06-16,0.0,0.3686464726924896,0.0,1.4881269931793213
J,9,8,2023-04-28,2023-06-23,0.0,0.47989150881767273,0.0,1.5993720293045044
J,9,8,2023-05-05,2023-06-30,0.0,0.6773088574409485,0.0,1.7967894077301025
J,9,8,2023-05-12,2023-07-07,0.0,1.5658204555511475,0.0,2.685300827026367
J,9,8,2023-05-19,2023-07-14,0.0,1.4256393909454346,0.0,2.5451197624206543
J,9,8,2023-05-26,2023-07-21,0.0,1.1065621376037598,0.0,2.2260427474975586
J,9,8,2023-06-02,2023-07-28,2.0,1.7443732023239136,0.0,2.863853693008423
J,9,8,2023-06-09,2023-08-04,3.0,3.5923469066619873,0.0,4.711827278137207
J,9,8,2023-06-16,2023-08-11,9.0,5.313327312469482,0.12516355514526367,6.432807922363281
J,9,8,2023-06-23,2023-08-18,6.0,2.4518320560455322,0.0,3.571312427520752
J,9,8,2023-06-30,2023-08-25,1.0,3.117387533187866,0.0,4.236867904663086
J,9,8,2023-07-07,2023-09-01,1.0,2.1505351066589355,0.0,3.2700157165527344
J,9,8,2023-07-14,2023-09-08,3.0,1.4837052822113037,0.0,2.6031856536865234
J,9,8,2023-07-21,2023-09-15,5.0,1.3651496171951294,0.0,2.4846301078796387
J,9,8,2023-07-28,2023-09-22,0.0,2.879119396209717,1.3132989406585693,3.9986000061035156
J,9,8,2023-08-04,2023-09-29,3.0,5.51303768157959,3.9472172260284424,6.632518291473389
J,9,8,2023-08-11,2023-10-06,3.0,6.250869274139404,4.685049057006836,7.370349884033203
J,9,8,2023-08-18,2023-10-13,4.0,5.643415927886963,4.0775957107543945,6.762896537780762
J,9,8,2023-08-25,2023-10-20,0.0,2.0221240520477295,0.45630359649658203,5.708796501159668
J,9,8,2023-09-01,2023-10-27,0.0,1.5459586381912231,0.0,5.232631206512451
J,9,8,2023-09-08,2023-11-03,1.0,2.48813533782959,0.37074780464172363,6.174808025360107
J,9,8,2023-09-15,2023-11-10,0.0,3.0708398818969727,0.9534523487091064,6.75751256942749
J,9,8,2023-09-22,2023-11-17,1.0,1.7279702425003052,0.0,5.414642810821533
J,9,8,2023-09-29,2023-11-24,0.0,0.8746854662895203,0.0,4.5613579750061035
J,9,8,2023-10-06,2023-12-01,0.0,0.5912909507751465,0.0,4.277963638305664
J,9,8,2023-10-13,2023-12-08,0.0,0.8942418694496155,0.0,4.580914497375488
J,9,8,2023-10-20,2023-12-15,0.0,1.4521270990371704,0.0,5.138799667358398
J,9,8,2023-10-27,2023-12-22,0.0,0.7016363143920898,0.0,4.388309001922607
J,9,8,2023-11-03,2023-12-29,0.0,0.746947169303894,0.0,4.433619976043701
J,9,8,2023-11-10,2024-01-05,0.0,1.3576263189315796,0.0,5.044299125671387
J,9,8,2023-11-17,2024-01-12,0.0,1.013938069343567,0.0,4.700610637664795
J,9,8,2023-11-24,2024-01-19,0.0,0.7499252557754517,0.0,4.43659782409668
J,9,8,2023-12-01,2024-01-26,1.0,0.6224878430366516,0.0,4.3091607093811035
J,9,8,2023-12-08,2024-02-02,0.0,0.9746273756027222,0.0,4.661300182342529
J,9,8,2023-12-15,2024-02-09,0.0,1.0454398393630981,0.0,4.732112407684326
J,9,8,2023-12-22,2024-02-16,0.0,0.7107930779457092,0.0,4.397465705871582
J,9,8,2023-12-29,2024-02-23,0.0,0.32993704080581665,0.0,4.0166096687316895
J,9,8,2024-01-05,2024-03-01,0.0,0.3394806981086731,0.0,4.026153564453125
J,9,8,2024-01-12,2024-03-08,0.0,0.5268586874008179,0.0,4.213531494140625
J,9,8,2024-01-19,2024-03-15,0.0,0.25110945105552673,0.0,3.937782049179077
J,9,8,2024-01-26,2024-03-22,0.0,0.19474604725837708,0.0,3.8814187049865723
J,9,8,2024-02-02,2024-03-29,2.0,0.10722608119249344,0.0,3.793898820877075
J,9,8,2024-02-09,2024-04-05,0.0,0.054665230214595795,0.0,3.741338014602661
J,9,8,2024-02-16,2024-04-12,0.0,0.050524186342954636,0.0,3.737196922302246
J,9,8,2024-02-23,2024-04-19,0.0,0.02921176515519619,0.0,3.7158844470977783
J,9,8,2024-03-01,2024-04-26,0.0,0.32287850975990295,0.0,4.009551048278809
J,9,8,2024-03-08,2024-05-03,0.0,0.4103502929210663,0.0,4.097023010253906
J,9,8,2024-03-15,2024-05-10,1.0,0.689888060092926,0.0,4.376560688018799
J,9,8,2024-03-22,2024-05-17,0.0,1.0083885192871094,0.0,4.695061206817627
J,9,8,2024-03-29,2024-05-24,1.0,2.5168426036834717,0.0,6.20351505279541
J,9,8,2024-04-05,2024-05-31,2.0,2.740081310272217,0.0,6.426753997802734
J,9,8,2024-04-12,2024-06-07,0.0,1.8272647857666016,0.0,5.513937473297119
J,9,8,2024-04-19,2024-06-14,0.0,1.6662899255752563,0.0,5.352962493896484
J,9,8,2024-04-26,2024-06-21,1.0,3.4460549354553223,0.19518566131591797,7.13272762298584
J,9,8,2024-05-03,2024-06-28,0.0,2.498704433441162,0.0,6.18537712097168
J,9,8,2024-05-10,2024-07-05,1.0,3.1607463359832764,0.0,6.847418785095215
J,9,8,2024-05-17,2024-07-12,0.0,4.163715362548828,0.9128460884094238,7.850388050079346
J,9,8,2024-05-24,2024-07-19,1.0,5.035707473754883,1.7848381996154785,8.722379684448242
J,9,8,2024-05-31,2024-07-26,8.0,3.1643755435943604,0.0,6.851048469543457
J,9,8,2024-06-07,2024-08-02,5.0,4.655478477478027,1.404609203338623,8.342151641845703
J,9,8,2024-06-14,2024-08-09,13.0,4.3990068435668945,1.1481375694274902,8.08568000793457
J,9,8,2024-06-21,2024-08-16,3.0,3.2970030307769775,0.04613375663757324,6.983675956726074
J,9,8,2024-06-28,2024-08-23,4.0,3.0988619327545166,0.0,6.785534858703613
J,9,8,2024-07-05,2024-08-30,5.0,3.640462875366211,0.38959360122680664,7.3271355628967285
J,9,8,2024-07-12,2024-09-06,5.0,4.807151794433594,1.5562825202941895,8.493824005126953
J,9,8,2024-07-19,2024-09-13,6.0,3.9051833152770996,0.6543140411376953,7.591856002807617
J,9,8,2024-07-26,2024-09-20,11.0,3.8187501430511475,0.0,7.505422592163086
J,9,8,2024-08-02,2024-09-27,4.0,5.717851638793945,1.5541362762451172,9.404523849487305
J,9,8,2024-08-09,2024-10-04,0.0,8.656167030334473,4.4924516677856445,13.491791725158691
J,9,8,2024-08-16,2024-10-11,1.0,4.227331161499023,0.06361579895019531,9.062955856323242
J,9,8,2024-08-23,2024-10-18,2.0,3.4425313472747803,0.0,12.043524742126465
J,9,8,2024-08-30,2024-10-25,1.0,3.942636489868164,0.0,12.54362964630127
J,9,8,2024-09-06,2024-11-01,1.0,3.3305649757385254,0.0,11.931558609008789
J,9,8,2024-09-13,2024-11-08,8.0,3.538374185562134,0.0,12.13936710357666
J,9,8,2024-09-20,2024-11-15,0.0,2.8183019161224365,0.0,11.419295310974121
J,9,8,2024-09-27,2024-11-22,0.0,0.984243631362915,0.0,9.585236549377441
J,9,8,2024-10-04,2024-11-29,1.0,1.2828432321548462,0.0,9.88383674621582
J,9,8,2024-10-11,2024-12-06,0.0,0.8582069277763367,0.0,9.459199905395508
J,9,8,2024-10-18,2024-12-13,1.0,1.949578881263733,0.0,10.550572395324707
J,9,8,2024-10-25,2024-12-20,0.0,1.254035472869873,0.0,9.85502815246582
J,9,8,2024-11-01,2024-12-27,0.0,0.9851764440536499,0.0,9.586169242858887
J,9,8,2024-11-08,2025-01-03,0.0,0.5452567934989929,0.0,9.146249771118164
J,9,8,2024-11-15,2025-01-10,0.0,0.5532634854316711,0.0,9.154256820678711
J,9,8,2024-11-22,2025-01-17,1.0,0.32944440841674805,0.0,8.930437088012695
J,9,8,2024-11-29,2025-01-24,0.0,0.4669530391693115,0.0,9.067946434020996
J,9,8,2024-12-06,2025-01-31,1.0,0.6363407373428345,0.0,9.237334251403809
J,9,8,2024-12-13,2025-02-07,0.0,1.6058714389801025,0.0,10.206864356994629
J,9,8,2024-12-20,2025-02-14,2.0,1.1912105083465576,0.0,9.792203903198242
J,9,8,2024-12-27,2025-02-21,0.0,0.3714306950569153,0.0,8.972423553466797
J,9,8,2025-01-03,2025-02-28,0.0,0.3979804217815399,0.0,8.998973846435547
J,9,8,2025-01-10,2025-03-07,1.0,0.3147447407245636,0.0,8.915738105773926
J,9,8,2025-01-17,2025-03-14,0.0,0.12204840034246445,0.0,8.723041534423828
J,9,8,2025-01-24,2025-03-21,0.0,0.07817508280277252,0.0,8.679168701171875
J,9,8,2025-01-31,2025-03-28,0.0,0.2058832347393036,0.0,8.806876182556152
J,9,8,2025-02-07,2025-04-04,0.0,0.06916990876197815,0.0,8.67016315460205
J,9,8,2025-02-14,2025-04-11,0.0,0.08011779189109802,0.0,8.681111335754395
J,9,8,2025-02-21,2025-04-18,0.0,0.0807020366191864,0.0,8.681694984436035
J,9,8,2025-02-28,2025-04-25,0.0,0.12444818019866943,0.0,8.725440979003906
J,9,8,2025-03-07,2025-05-02,0.0,0.11342670023441315,0.0,8.714420318603516
J,9,8,2025-03-14,2025-05-09,0.0,0.21880030632019043,0.0,8.819793701171875
J,9,8,2025-03-21,2025-05-16,1.0,0.12099520862102509,0.0,8.721988677978516
J,9,8,2025-03-28,2025-05-23,0.0,0.4214732050895691,0.0,9.022466659545898
J,9,8,2025-04-04,2025-05-30,0.0,0.19874289631843567,0.0,8.799736022949219
J,9,8,2025-04-11,2025-06-06,1.0,0.8632330298423767,0.0,9.464225769042969
J,9,8,2025-04-18,2025-06-13,1.0,0.9996324181556702,0.0,9.600625991821289
J,9,8,2025-04-25,2025-06-20,0.0,2.412813901901245,0.0,11.01380729675293
J,9,8,2025-05-02,2025-06-27,0.0,2.258500576019287,0.0,10.859493255615234
J,9,8,2025-05-09,2025-07-04,2.0,3.083407402038574,0.0,11.68440055847168
J,9,8,2025-05-16,2025-07-11,3.0,4.18157958984375,0.0,12.782572746276855
J,9,8,2025-05-23,2025-07-18,9.0,3.945502519607544,0.0,12.54649543762207
J,9,8,2025-05-30,2025-07-25,7.0,4.423783302307129,0.0,13.024776458740234
J,9,8,2025-06-06,2025-08-01,25.0,4.706707000732422,0.0,13.307700157165527
J,9,8,2025-06-13,2025-08-08,24.0,3.3103299140930176,0.0,11.911323547363281
J,9,8,2025-06-20,2025-08-15,1.0,2.867056369781494,0.0,11.468050003051758
J,9,8,2025-06-27,2025-08-22,0.0,2.2494258880615234,0.0,10.850419044494629
J,9,8,2025-07-04,2025-08-29,1.0,1.655005693435669,0.0,10.255998611450195
J,9,8,2025-07-11,2025-09-05,,1.3902957439422607,0.0,9.991289138793945
J,9,8,2025-07-18,2025-09-12,,2.3371481895446777,0.0,10.938140869140625
J,9,8,2025-07-25,2025-09-19,,3.253042697906494,0.0,11.854036331176758
J,9,8,2025-08-01,2025-09-26,,2.783534049987793,0.0,11.384527206420898
J,9,8,2025-08-08,2025-10-03,,4.08643913269043,0.0,12.687432289123535
J,9,8,2025-08-15,2025-10-10,,2.261361837387085,0.0,22.554655075073242
J,9,8,2025-08-22,2025-10-17,,2.954761266708374,0.0,23.644432067871094
J,9,12,2023-02-17,2023-05-12,0.0,0.185275137424469,0.0,1.6932787895202637
J,9,12,2023-02-24,2023-05-19,0.0,0.17101158201694489,0.0,1.6790152788162231
J,9,12,2023-03-03,2023-05-26,1.0,0.1618916392326355,0.0,1.6698954105377197
J,9,12,2023-03-10,2023-06-02,0.0,0.25376981496810913,0.0,1.7617735862731934
J,9,12,2023-03-17,2023-06-09,0.0,0.3263416588306427,0.0,1.8343453407287598
J,9,12,2023-03-24,2023-06-16,0.0,0.526288628578186,0.0,2.034292221069336
J,9,12,2023-03-31,2023-06-23,0.0,0.5116963386535645,0.0,2.019700050354004
J,9,12,2023-04-07,2023-06-30,0.0,0.4416256248950958,0.0,1.949629306793213
J,9,12,2023-04-14,2023-07-07,0.0,0.9285434484481812,0.0,2.43654727935791
J,9,12,2023-04-21,2023-07-14,0.0,0.8514353036880493,0.0,2.359438896179199
J,9,12,2023-04-28,2023-07-21,0.0,1.0565828084945679,0.0,2.564586639404297
J,9,12,2023-05-05,2023-07-28,2.0,1.954232096672058,0.0,3.462235927581787
J,9,12,2023-05-12,2023-08-04,3.0,4.031955242156982,0.0,5.539958953857422
J,9,12,2023-05-19,2023-08-11,9.0,4.168277740478516,0.0,5.676281452178955
J,9,12,2023-05-26,2023-08-18,6.0,2.221555471420288,0.0,3.7295591831207275
J,9,12,2023-06-02,2023-08-25,1.0,4.79067850112915,0.0,6.29868221282959
J,9,12,2023-06-09,2023-09-01,1.0,3.697655200958252,0.0,5.205658912658691
J,9,12,2023-06-16,2023-09-08,3.0,3.2645158767700195,0.0,4.772519588470459
J,9,12,2023-06-23,2023-09-15,5.0,2.2905759811401367,0.0,3.798579692840576
J,9,12,2023-06-30,2023-09-22,0.0,3.5831542015075684,0.0,5.091157913208008
J,9,12,2023-07-07,2023-09-29,3.0,2.8865411281585693,0.0,4.39454460144043
J,9,12,2023-07-14,2023-10-06,3.0,2.7473883628845215,0.0,4.255392074584961
J,9,12,2023-07-21,2023-10-13,4.0,0.7593254446983337,0.0,2.267329216003418
J,9,12,2023-07-28,2023-10-20,0.0,0.7264769077301025,0.0,2.234480619430542
J,9,12,2023-08-04,2023-10-27,0.0,1.6057747602462769,0.0,3.113778591156006
J,9,12,2023-08-11,2023-11-03,1.0,1.9231841564178467,0.0,3.431187868118286
J,9,12,2023-08-18,2023-11-10,0.0,2.3871002197265625,0.0,3.895103931427002
J,9,12,2023-08-25,2023-11-17,1.0,1.3405036926269531,0.0,6.1722259521484375
J,9,12,2023-09-01,2023-11-24,0.0,0.8540064096450806,0.0,5.685728549957275
J,9,12,2023-09-08,2023-12-01,0.0,1.256859540939331,0.0,6.0885820388793945
J,9,12,2023-09-15,2023-12-08,0.0,1.1007148027420044,0.0,5.932436943054199
J,9,12,2023-09-22,2023-12-15,0.0,1.648455023765564,0.0,6.480177402496338
J,9,12,2023-09-29,2023-12-22,0.0,0.9838560223579407,0.0,5.815578460693359
J,9,12,2023-10-06,2023-12-29,0.0,0.4808811843395233,0.0,5.31260347366333
J,9,12,2023-10-13,2024-01-05,0.0,0.4771287441253662,0.0,5.30885124206543
J,9,12,2023-10-20,2024-01-12,0.0,0.6869764924049377,0.0,5.518698692321777
J,9,12,2023-10-27,2024-01-19,0.0,0.5151185393333435,0.0,5.346840858459473
J,9,12,2023-11-03,2024-01-26,1.0,0.45176181197166443,0.0,5.283483982086182
J,9,12,2023-11-10,2024-02-02,0.0,0.6596308350563049,0.0,5.4913530349731445
J,9,12,2023-11-17,2024-02-09,0.0,0.48837608098983765,0.0,5.320098400115967
J,9,12,2023-11-24,2024-02-16,0.0,0.6280452013015747,0.0,5.4597673416137695
J,9,12,2023-12-01,2024-02-23,0.0,0.842380166053772,0.0,5.674102306365967
J,9,12,2023-12-08,2024-03-01,0.0,1.9292277097702026,0.0,6.760950088500977
J,9,12,2023-12-15,2024-03-08,0.0,1.2374067306518555,0.0,6.06912899017334
J,9,12,2023-12-22,2024-03-15,0.0,0.5705083012580872,0.0,5.402230739593506
J,9,12,2023-12-29,2024-03-22,0.0,0.7497349381446838,0.0,5.581457138061523
J,9,12,2024-01-05,2024-03-29,2.0,0.44088348746299744,0.0,5.272605895996094
J,9,12,2024-01-12,2024-04-05,0.0,0.3241715729236603,0.0,5.155893802642822
J,9,12,2024-01-19,2024-04-12,0.0,0.24094685912132263,0.0,5.07266902923584
J,9,12,2024-01-26,2024-04-19,0.0,0.18587911128997803,0.0,5.017601490020752
J,9,12,2024-02-02,2024-04-26,0.0,0.22553163766860962,0.0,5.057253837585449
J,9,12,2024-02-09,2024-05-03,0.0,0.2269114851951599,0.0,5.058633804321289
J,9,12,2024-02-16,2024-05-10,1.0,0.16960424184799194,0.0,5.001326560974121
J,9,12,2024-02-23,2024-05-17,0.0,0.17268460988998413,0.0,5.004406929016113
J,9,12,2024-03-01,2024-05-24,1.0,0.393153578042984,0.0,5.2248759269714355
J,9,12,2024-03-08,2024-05-31,2.0,1.038996696472168,0.0,5.870718955993652
J,9,12,2024-03-15,2024-06-07,0.0,1.857556700706482,0.0,6.689279079437256
J,9,12,2024-03-22,2024-06-14,0.0,2.4186437129974365,0.0,7.2503662109375
J,9,12,2024-03-29,2024-06-21,1.0,3.1381654739379883,0.0,7.969887733459473
J,9,12,2024-04-05,2024-06-28,0.0,2.192310333251953,0.0,7.0240325927734375
J,9,12,2024-04-12,2024-07-05,1.0,2.3962600231170654,0.0,7.227982521057129
J,9,12,2024-04-19,2024-07-12,0.0,1.6397007703781128,0.0,6.471423149108887
J,9,12,2024-04-26,2024-07-19,1.0,3.181340217590332,0.0,8.013062477111816
J,9,12,2024-05-03,2024-07-26,8.0,2.45375394821167,0.0,7.285476207733154
J,9,12,2024-05-10,2024-08-02,5.0,3.1799347400665283,0.0,8.011656761169434
J,9,12,2024-05-17,2024-08-09,13.0,4.891111373901367,1.1004328727722168,9.722833633422852
J,9,12,2024-05-24,2024-08-16,3.0,6.1716766357421875,2.380998134613037,11.003398895263672
J,9,12,2024-05-31,2024-08-23,4.0,5.049792766571045,1.2591142654418945,9.881515502929688
J,9,12,2024-06-07,2024-08-30,5.0,7.213566303253174,3.4228878021240234,12.0452880859375
J,9,12,2024-06-14,2024-09-06,5.0,10.84224796295166,7.05156946182251,15.673970222473145
J,9,12,2024-06-21,2024-09-13,6.0,7.74854850769043,3.9578700065612793,12.580270767211914
J,9,12,2024-06-28,2024-09-20,11.0,4.123491287231445,0.3328127861022949,8.95521354675293
J,9,12,2024-07-05,2024-09-27,4.0,2.987375497817993,0.0,7.819097518920898
J,9,12,2024-07-12,2024-10-04,0.0,2.505704164505005,0.0,7.33742618560791
J,9,12,2024-07-19,2024-10-11,1.0,1.7982378005981445,0.0,6.629960060119629
J,9,12,2024-07-26,2024-10-18,2.0,1.967577338218689,0.0,6.799299716949463
J,9,12,2024-08-02,2024-10-25,1.0,1.6513476371765137,0.0,6.483069896697998
J,9,12,2024-08-09,2024-11-01,1.0,3.1926348209381104,0.0,8.73888111114502
J,9,12,2024-08-16,2024-11-08,8.0,4.374283313751221,0.5836048126220703,9.92052936553955
J,9,12,2024-08-23,2024-11-15,0.0,3.430637836456299,0.0,11.539525985717773
J,9,12,2024-08-30,2024-11-22,0.0,1.2530958652496338,0.0,9.361984252929688
J,9,12,2024-09-06,2024-11-29,1.0,2.272709846496582,0.0,10.381598472595215
J,9,12,2024-09-13,2024-12-06,0.0,1.6773405075073242,0.0,9.786229133605957
J,9,12,2024-09-20,2024-12-13,1.0,2.991424560546875,0.0,11.100313186645508
J,9,12,2024-09-27,2024-12-20,0.0,1.3472199440002441,0.0,9.456108093261719
J,9,12,2024-10-04,2024-12-27,0.0,1.6467949151992798,0.0,9.755683898925781
J,9,12,2024-10-11,2025-01-03,0.0,0.2921121120452881,0.0,8.4010009765625
J,9,12,2024-10-18,2025-01-10,0.0,0.5601710677146912,0.0,8.669059753417969
J,9,12,2024-10-25,2025-01-17,1.0,0.46491608023643494,0.0,8.57380485534668
J,9,12,2024-11-01,2025-01-24,0.0,0.3995646834373474,0.0,8.508453369140625
J,9,12,2024-11-08,2025-01-31,1.0,0.31294652819633484,0.0,8.421834945678711
J,9,12,2024-11-15,2025-02-07,0.0,0.529243528842926,0.0,8.638132095336914
J,9,12,2024-11-22,2025-02-14,2.0,0.28975754976272583,0.0,8.398646354675293
J,9,12,2024-11-29,2025-02-21,0.0,0.11694778501987457,0.0,8.225836753845215
J,9,12,2024-12-06,2025-02-28,0.0,0.22632232308387756,0.0,8.335210800170898
J,9,12,2024-12-13,2025-03-07,1.0,0.4352295398712158,0.0,8.54411792755127
J,9,12,2024-12-20,2025-03-14,0.0,0.3784043788909912,0.0,8.487293243408203
J,9,12,2024-12-27,2025-03-21,0.0,0.2437291443347931,0.0,8.352618217468262
J,9,12,2025-01-03,2025-03-28,0.0,0.41284996271133423,0.0,8.52173900604248
J,9,12,2025-01-10,2025-04-04,0.0,0.19530169665813446,0.0,8.304190635681152
J,9,12,2025-01-17,2025-04-11,0.0,0.1032019779086113,0.0,8.212090492248535
J,9,12,2025-01-24,2025-04-18,0.0,0.14543840289115906,0.0,8.254326820373535
J,9,12,2025-01-31,2025-04-25,0.0,0.11530397087335587,0.0,8.22419261932373
J,9,12,2025-02-07,2025-05-02,0.0,0.13821913301944733,0.0,8.24710750579834
J,9,12,2025-02-14,2025-05-09,0.0,0.161255344748497,0.0,8.270143508911133
J,9,12,2025-02-21,2025-05-16,1.0,0.09238796681165695,0.0,8.201276779174805
J,9,12,2025-02-28,2025-05-23,0.0,0.21974840760231018,0.0,8.32863712310791
J,9,12,2025-03-07,2025-05-30,0.0,0.20049899816513062,0.0,8.30938720703125
J,9,12,2025-03-14,2025-06-06,1.0,0.25925466418266296,0.0,8.368143081665039
J,9,12,2025-03-21,2025-06-13,1.0,0.2064245641231537,0.0,8.315313339233398
J,9,12,2025-03-28,2025-06-20,0.0,1.159936547279358,0.0,9.26882553100586
J,9,12,2025-04-04,2025-06-27,0.0,1.682719349861145,0.0,9.791607856750488
J,9,12,2025-04-11,2025-07-04,2.0,3.2871322631835938,0.0,11.396020889282227
J,9,12,2025-04-18,2025-07-11,3.0,1.6001979112625122,0.0,9.709086418151855
J,9,12,2025-04-25,2025-07-18,9.0,2.885955333709717,0.0,10.994844436645508
J,9,12,2025-05-02,2025-07-25,7.0,4.505501747131348,0.0,12.61439037322998
J,9,12,2025-05-09,2025-08-01,25.0,4.871796607971191,0.0,12.980685234069824
J,9,12,2025-05-16,2025-08-08,24.0,5.8313493728637695,0.0,13.940237998962402
J,9,12,2025-05-23,2025-08-15,1.0,6.5320000648498535,0.6897521018981934,14.640888214111328
J,9,12,2025-05-30,2025-08-22,0.0,6.496804237365723,0.6545562744140625,14.605692863464355
J,9,12,2025-06-06,2025-08-29,1.0,5.247781753540039,0.0,13.356670379638672
J,9,12,2025-06-13,2025-09-05,,5.369762897491455,0.0,13.47865104675293
J,9,12,2025-06-20,2025-09-12,,8.068639755249023,2.2263917922973633,16.177528381347656
J,9,12,2025-06-27,2025-09-19,,6.895052909851074,1.052804946899414,15.003941535949707
J,9,12,2025-07-04,2025-09-26,,1.3778934478759766,0.0,9.48678207397461
J,9,12,2025-07-11,2025-10-03,,0.7515020966529846,0.0,8.860390663146973
J,9,12,2025-07-18,2025-10-10,,0.5573318004608154,0.0,8.666220664978027
J,9,12,2025-07-25,2025-10-17,,0.8177125453948975,0.0,8.92660140991211
J,9,12,2025-08-01,2025-10-24,,1.5010113716125488,0.0,9.609899520874023
J,9,12,2025-08-08,2025-10-31,,1.9468345642089844,0.0,10.055723190307617
J,9,12,2025-08-15,2025-11-07,,3.9529104232788086,0.0,24.08111572265625
J,9,12,2025-08-22,2025-11-14,,3.8971972465515137,0.0,24.025402069091797
K,10,1,2023-02-17,2023-02-24,0.0,0.0,0.0,2.0
K,10,1,2023-02-24,2023-03-03,0.0,0.0,0.0,2.0
K,10,1,2023-03-03,2023-03-10,0.0,0.0,0.0,2.0
K,10,1,2023-03-10,2023-03-17,0.0,0.0,0.0,2.0
K,10,1,2023-03-17,2023-03-24,0.0,0.0,0.0,2.0
K,10,1,2023-03-24,2023-03-31,0.0,0.0,0.0,2.0
K,10,1,2023-03-31,2023-04-07,0.0,0.0,0.0,2.0
K,10,1,2023-04-07,2023-04-14,0.0,0.0,0.0,2.0
K,10,1,2023-04-14,2023-04-21,0.0,0.0,0.0,2.0
K,10,1,2023-04-21,2023-04-28,0.0,0.0,0.0,2.0
K,10,1,2023-04-28,2023-05-05,0.0,0.0,0.0,2.0
K,10,1,2023-05-05,2023-05-12,0.0,0.0,0.0,2.0
K,10,1,2023-05-12,2023-05-19,0.0,0.0,0.0,2.0
K,10,1,2023-05-19,2023-05-26,0.0,0.0,0.0,2.0
K,10,1,2023-05-26,2023-06-02,0.0,0.0,0.0,2.0
K,10,1,2023-06-02,2023-06-09,0.0,0.0,0.0,2.0
K,10,1,2023-06-09,2023-06-16,0.0,0.0,0.0,2.0
K,10,1,2023-06-16,2023-06-23,1.0,0.0,0.0,2.0
K,10,1,2023-06-23,2023-06-30,0.0,0.0,0.0,2.0
K,10,1,2023-06-30,2023-07-07,0.0,0.0,0.0,2.0
K,10,1,2023-07-07,2023-07-14,0.0,0.0,0.0,2.0
K,10,1,2023-07-14,2023-07-21,0.0,0.0,0.0,2.0
K,10,1,2023-07-21,2023-07-28,4.0,0.0,0.0,2.0
K,10,1,2023-07-28,2023-08-04,1.0,0.0,0.0,2.0
K,10,1,2023-08-04,2023-08-11,4.0,0.0,0.0,2.0
K,10,1,2023-08-11,2023-08-18,0.0,0.0,0.0,4.0
K,10,1,2023-08-18,2023-08-25,1.0,0.0,0.0,4.0
K,10,1,2023-08-25,2023-09-01,0.0,0.0,0.0,4.0
K,10,1,2023-09-01,2023-09-08,0.0,0.0,0.0,4.0
K,10,1,2023-09-08,2023-09-15,1.0,0.0,0.0,4.0
K,10,1,2023-09-15,2023-09-22,2.0,0.0,0.0,4.0
K,10,1,2023-09-22,2023-09-29,0.0,0.0,0.0,4.0
K,10,1,2023-09-29,2023-10-06,0.0,0.0,0.0,4.0
K,10,1,2023-10-06,2023-10-13,0.0,0.0,0.0,4.0
K,10,1,2023-10-13,2023-10-20,0.0,0.0,0.0,4.0
K,10,1,2023-10-20,2023-10-27,0.0,0.0,0.0,4.0
K,10,1,2023-10-27,2023-11-03,2.0,0.0,0.0,4.0
K,10,1,2023-11-03,2023-11-10,0.0,0.0,0.0,4.0
K,10,1,2023-11-10,2023-11-17,0.0,0.0,0.0,4.0
K,10,1,2023-11-17,2023-11-24,0.0,0.0,0.0,4.0
K,10,1,2023-11-24,2023-12-01,0.0,0.0,0.0,4.0
K,10,1,2023-12-01,2023-12-08,1.0,0.0,0.0,4.0
K,10,1,2023-12-08,2023-12-15,0.0,0.0,0.0,4.0
K,10,1,2023-12-15,2023-12-22,0.0,0.0,0.0,4.0
K,10,1,2023-12-22,2023-12-29,0.0,0.0,0.0,4.0
K,10,1,2023-12-29,2024-01-05,0.0,0.0,0.0,4.0
K,10,1,2024-01-05,2024-01-12,0.0,0.0,0.0,4.0
K,10,1,2024-01-12,2024-01-19,0.0,0.0,0.0,4.0
K,10,1,2024-01-19,2024-01-26,0.0,0.0,0.0,4.0
K,10,1,2024-01-26,2024-02-02,0.0,0.0,0.0,4.0
K,10,1,2024-02-02,2024-02-09,0.0,0.0,0.0,4.0
K,10,1,2024-02-09,2024-02-16,0.0,0.0,0.0,4.0
K,10,1,2024-02-16,2024-02-23,0.0,0.0,0.0,4.0
K,10,1,2024-02-23,2024-03-01,0.0,0.0,0.0,4.0
K,10,1,2024-03-01,2024-03-08,0.0,0.0,0.0,4.0
K,10,1,2024-03-08,2024-03-15,0.0,0.0,0.0,4.0
K,10,1,2024-03-15,2024-03-22,0.0,0.0,0.0,4.0
K,10,1,2024-03-22,2024-03-29,0.0,0.0,0.0,4.0
K,10,1,2024-03-29,2024-04-05,0.0,0.0,0.0,4.0
K,10,1,2024-04-05,2024-04-12,1.0,0.0,0.0,4.0
K,10,1,2024-04-12,2024-04-19,0.0,0.0,0.0,4.0
K,10,1,2024-04-19,2024-04-26,0.0,0.0,0.0,4.0
K,10,1,2024-04-26,2024-05-03,0.0,0.0,0.0,4.0
K,10,1,2024-05-03,2024-05-10,1.0,0.0,0.0,4.0
K,10,1,2024-05-10,2024-05-17,0.0,0.0,0.0,4.0
K,10,1,2024-05-17,2024-05-24,1.0,0.0,0.0,4.0
K,10,1,2024-05-24,2024-05-31,0.0,0.0,0.0,4.0
K,10,1,2024-05-31,2024-06-07,1.0,0.0,0.0,4.0
K,10,1,2024-06-07,2024-06-14,0.0,0.0,0.0,4.0
K,10,1,2024-06-14,2024-06-21,0.0,0.0,0.0,4.0
K,10,1,2024-06-21,2024-06-28,1.0,0.0,0.0,4.0
K,10,1,2024-06-28,2024-07-05,2.0,0.0,0.0,4.0
K,10,1,2024-07-05,2024-07-12,1.0,0.0,0.0,4.0
K,10,1,2024-07-12,2024-07-19,1.0,0.0,0.0,4.0
K,10,1,2024-07-19,2024-07-26,1.0,0.0,0.0,4.0
K,10,1,2024-07-26,2024-08-02,1.0,0.0,0.0,4.0
K,10,1,2024-08-02,2024-08-09,5.0,0.0,0.0,4.0
K,10,1,2024-08-09,2024-08-16,3.0,0.0,0.0,4.0
K,10,1,2024-08-16,2024-08-23,1.0,0.0,0.0,4.0
K,10,1,2024-08-23,2024-08-30,1.0,0.0,0.0,5.0
K,10,1,2024-08-30,2024-09-06,0.0,0.0,0.0,5.0
K,10,1,2024-09-06,2024-09-13,6.0,0.0,0.0,5.0
K,10,1,2024-09-13,2024-09-20,5.0,0.0,0.0,5.0
K,10,1,2024-09-20,2024-09-27,2.0,0.0,0.0,5.0
K,10,1,2024-09-27,2024-10-04,0.0,0.0,0.0,6.0
K,10,1,2024-10-04,2024-10-11,0.0,0.0,0.0,6.0
K,10,1,2024-10-11,2024-10-18,1.0,0.0,0.0,6.0
K,10,1,2024-10-18,2024-10-25,2.0,0.0,0.0,6.0
K,10,1,2024-10-25,2024-11-01,1.0,0.0,0.0,6.0
K,10,1,2024-11-01,2024-11-08,1.0,0.0,0.0,6.0
K,10,1,2024-11-08,2024-11-15,0.0,0.0,0.0,6.0
K,10,1,2024-11-15,2024-11-22,0.0,0.0,0.0,6.0
K,10,1,2024-11-22,2024-11-29,0.0,0.0,0.0,6.0
K,10,1,2024-11-29,2024-12-06,0.0,0.0,0.0,6.0
K,10,1,2024-12-06,2024-12-13,1.0,0.0,0.0,6.0
K,10,1,2024-12-13,2024-12-20,1.0,0.0,0.0,6.0
K,10,1,2024-12-20,2024-12-27,0.0,0.0,0.0,6.0
K,10,1,2024-12-27,2025-01-03,0.0,0.0,0.0,6.0
K,10,1,2025-01-03,2025-01-10,0.0,0.0,0.0,6.0
K,10,1,2025-01-10,2025-01-17,0.0,0.0,0.0,6.0
K,10,1,2025-01-17,2025-01-24,0.0,0.0,0.0,6.0
K,10,1,2025-01-24,2025-01-31,0.0,0.0,0.0,6.0
K,10,1,2025-01-31,2025-02-07,0.0,0.0,0.0,6.0
K,10,1,2025-02-07,2025-02-14,1.0,0.0,0.0,6.0
K,10,1,2025-02-14,2025-02-21,1.0,0.0,0.0,6.0
K,10,1,2025-02-21,2025-02-28,0.0,0.0,0.0,6.0
K,10,1,2025-02-28,2025-03-07,1.0,0.0,0.0,6.0
K,10,1,2025-03-07,2025-03-14,0.0,0.0,0.0,6.0
K,10,1,2025-03-14,2025-03-21,0.0,0.0,0.0,6.0
K,10,1,2025-03-21,2025-03-28,0.0,0.0,0.0,6.0
K,10,1,2025-03-28,2025-04-04,0.0,0.0,0.0,6.0
K,10,1,2025-04-04,2025-04-11,0.0,0.0,0.0,6.0
K,10,1,2025-04-11,2025-04-18,0.0,0.0,0.0,6.0
K,10,1,2025-04-18,2025-04-25,0.0,0.0,0.0,6.0
K,10,1,2025-04-25,2025-05-02,0.0,0.0,0.0,6.0
K,10,1,2025-05-02,2025-05-09,0.0,0.0,0.0,6.0
K,10,1,2025-05-09,2025-05-16,0.0,0.0,0.0,6.0
K,10,1,2025-05-16,2025-05-23,1.0,0.0,0.0,6.0
K,10,1,2025-05-23,2025-05-30,0.0,0.0,0.0,6.0
K,10,1,2025-05-30,2025-06-06,1.0,0.0,0.0,6.0
K,10,1,2025-06-06,2025-06-13,0.0,0.0,0.0,6.0
K,10,1,2025-06-13,2025-06-20,1.0,0.0,0.0,6.0
K,10,1,2025-06-20,2025-06-27,0.0,0.0,0.0,6.0
K,10,1,2025-06-27,2025-07-04,0.0,0.0,0.0,6.0
K,10,1,2025-07-04,2025-07-11,1.0,0.0,0.0,6.0
K,10,1,2025-07-11,2025-07-18,0.0,0.0,0.0,6.0
K,10,1,2025-07-18,2025-07-25,3.0,0.0,0.0,6.0
K,10,1,2025-07-25,2025-08-01,15.0,0.0,0.0,6.0
K,10,1,2025-08-01,2025-08-08,10.0,0.0,0.0,6.0
K,10,1,2025-08-08,2025-08-15,0.0,0.0,0.0,6.0
K,10,1,2025-08-15,2025-08-22,1.0,0.0,0.0,15.0
K,10,1,2025-08-22,2025-08-29,1.0,0.0,0.0,15.0
K,10,2,2023-02-17,2023-03-03,0.0,0.04417381435632706,0.0,2.0124645233154297
K,10,2,2023-02-24,2023-03-10,0.0,0.02190794050693512,0.0,1.9901987314224243
K,10,2,2023-03-03,2023-03-17,0.0,0.024249114096164703,0.0,1.992539882659912
K,10,2,2023-03-10,2023-03-24,0.0,0.029628343880176544,0.0,1.9979192018508911
K,10,2,2023-03-17,2023-03-31,0.0,0.04266975075006485,0.0,2.010960578918457
K,10,2,2023-03-24,2023-04-07,0.0,0.05754651129245758,0.0,2.0258374214172363
K,10,2,2023-03-31,2023-04-14,0.0,0.0435088574886322,0.0,2.0117995738983154
K,10,2,2023-04-07,2023-04-21,0.0,0.0361950509250164,0.0,1.9145663976669312
K,10,2,2023-04-14,2023-04-28,0.0,0.022010155022144318,0.0,1.9003815650939941
K,10,2,2023-04-21,2023-05-05,0.0,0.04011184722185135,0.0,1.9184832572937012
K,10,2,2023-04-28,2023-05-12,0.0,0.03993592411279678,0.0,1.9183073043823242
K,10,2,2023-05-05,2023-05-19,0.0,0.061665065586566925,0.0,1.940036416053772
K,10,2,2023-05-12,2023-05-26,0.0,0.10997804254293442,0.0,1.988349437713623
K,10,2,2023-05-19,2023-06-02,0.0,0.13649067282676697,0.0,2.014862060546875
K,10,2,2023-05-26,2023-06-09,0.0,0.18004119396209717,0.0,2.058412551879883
K,10,2,2023-06-02,2023-06-16,0.0,0.13584181666374207,0.0,2.0142130851745605
K,10,2,2023-06-09,2023-06-23,1.0,0.3245307207107544,0.0,2.20290207862854
K,10,2,2023-06-16,2023-06-30,0.0,0.27906984090805054,0.0,2.1574411392211914
K,10,2,2023-06-23,2023-07-07,0.0,0.15118592977523804,0.0,2.029557228088379
K,10,2,2023-06-30,2023-07-14,0.0,0.07974979281425476,0.0,1.9581211805343628
K,10,2,2023-07-07,2023-07-21,0.0,0.17184171080589294,0.0,2.050213098526001
K,10,2,2023-07-14,2023-07-28,4.0,0.5947457551956177,0.0,2.4731171131134033
K,10,2,2023-07-21,2023-08-04,1.0,1.198359489440918,0.42018401622772217,3.076730728149414
K,10,2,2023-07-28,2023-08-11,4.0,2.6407854557037354,1.8626099824905396,4.5191569328308105
K,10,2,2023-08-04,2023-08-18,0.0,1.86244535446167,1.0842698812484741,3.740816593170166
K,10,2,2023-08-11,2023-08-25,1.0,0.7713913917541504,0.0,4.176645755767822
K,10,2,2023-08-18,2023-09-01,0.0,0.6528096199035645,0.0,4.058063983917236
K,10,2,2023-08-25,2023-09-08,0.0,1.0449025630950928,0.266727089881897,4.450157165527344
K,10,2,2023-09-01,2023-09-15,1.0,1.2225406169891357,0.0,4.627795219421387
K,10,2,2023-09-08,2023-09-22,2.0,1.1867623329162598,0.0,4.592016696929932
K,10,2,2023-09-15,2023-09-29,0.0,0.5830017328262329,0.0,3.9882559776306152
K,10,2,2023-09-22,2023-10-06,0.0,0.279281347990036,0.0,3.6845357418060303
K,10,2,2023-09-29,2023-10-13,0.0,0.8102436661720276,0.0,4.215497970581055
K,10,2,2023-10-06,2023-10-20,0.0,0.469051331281662,0.0,3.8743057250976562
K,10,2,2023-10-13,2023-10-27,0.0,0.3128010034561157,0.0,3.718055248260498
K,10,2,2023-10-20,2023-11-03,2.0,0.16693928837776184,0.0,3.5721936225891113
K,10,2,2023-10-27,2023-11-10,0.0,0.10859540849924088,0.0,3.5138497352600098
K,10,2,2023-11-03,2023-11-17,0.0,0.08611978590488434,0.0,3.4913742542266846
K,10,2,2023-11-10,2023-11-24,0.0,0.10645010322332382,0.0,3.511704444885254
K,10,2,2023-11-17,2023-12-01,0.0,0.08656220883131027,0.0,3.491816520690918
K,10,2,2023-11-24,2023-12-08,1.0,0.07614141702651978,0.0,3.481395721435547
K,10,2,2023-12-01,2023-12-15,0.0,0.042072929441928864,0.0,3.4473273754119873
K,10,2,2023-12-08,2023-12-22,0.0,0.07156993448734283,0.0,3.4768242835998535
K,10,2,2023-12-15,2023-12-29,0.0,0.05680924654006958,0.0,3.4620635509490967
K,10,2,2023-12-22,2024-01-05,0.0,0.10957363992929459,0.0,3.5148279666900635
K,10,2,2023-12-29,2024-01-12,0.0,0.05387335270643234,0.0,3.45912766456604
K,10,2,2024-01-05,2024-01-19,0.0,0.04921027272939682,0.0,3.4544646739959717
K,10,2,2024-01-12,2024-01-26,0.0,0.05422621965408325,0.0,3.4594805240631104
K,10,2,2024-01-19,2024-02-02,0.0,0.02902410924434662,0.0,3.4342784881591797
K,10,2,2024-01-26,2024-02-09,0.0,0.06269648671150208,0.0,3.4679508209228516
K,10,2,2024-02-02,2024-02-16,0.0,0.039704255759716034,0.0,3.4449586868286133
K,10,2,2024-02-09,2024-02-23,0.0,0.055596739053726196,0.0,3.4608511924743652
K,10,2,2024-02-16,2024-03-01,0.0,0.042367443442344666,0.0,3.4476218223571777
K,10,2,2024-02-23,2024-03-08,0.0,0.041016124188899994,0.0,3.44627046585083
K,10,2,2024-03-01,2024-03-15,0.0,0.051471009850502014,0.0,3.4567253589630127
K,10,2,2024-03-08,2024-03-22,0.0,0.05729115754365921,0.0,3.46254563331604
K,10,2,2024-03-15,2024-03-29,0.0,0.061503633856773376,0.0,3.4667580127716064
K,10,2,2024-03-22,2024-04-05,0.0,0.04288754612207413,0.0,3.4481418132781982
K,10,2,2024-03-29,2024-04-12,1.0,0.04795578867197037,0.0,3.4532101154327393
K,10,2,2024-04-05,2024-04-19,0.0,0.025785528123378754,0.0,3.431039810180664
K,10,2,2024-04-12,2024-04-26,0.0,0.031265608966350555,0.0,3.4365198612213135
K,10,2,2024-04-19,2024-05-03,0.0,0.01979755610227585,0.0,3.4250519275665283
K,10,2,2024-04-26,2024-05-10,1.0,0.07187522202730179,0.0,3.4771296977996826
K,10,2,2024-05-03,2024-05-17,0.0,0.06577719002962112,0.0,3.471031665802002
K,10,2,2024-05-10,2024-05-24,1.0,0.11176792532205582,0.0,3.5170223712921143
K,10,2,2024-05-17,2024-05-31,0.0,0.13333213329315186,0.0,3.5385866165161133
K,10,2,2024-05-24,2024-06-07,1.0,0.6375995874404907,0.0,4.042853832244873
K,10,2,2024-05-31,2024-06-14,0.0,0.41423264145851135,0.0,3.8194870948791504
K,10,2,2024-06-07,2024-06-21,0.0,0.4509566128253937,0.0,3.856210947036743
K,10,2,2024-06-14,2024-06-28,1.0,0.5629531145095825,0.0,3.968207359313965
K,10,2,2024-06-21,2024-07-05,2.0,0.5939589738845825,0.0,3.999213218688965
K,10,2,2024-06-28,2024-07-12,1.0,0.5184630155563354,0.0,3.923717498779297
K,10,2,2024-07-05,2024-07-19,1.0,0.3638095557689667,0.0,3.769063949584961
K,10,2,2024-07-12,2024-07-26,1.0,0.44717007875442505,0.0,3.852424383163452
K,10,2,2024-07-19,2024-08-02,1.0,0.8836343288421631,0.0,4.288888931274414
K,10,2,2024-07-26,2024-08-09,5.0,2.081573009490967,0.21912765502929688,5.486827373504639
K,10,2,2024-08-02,2024-08-16,3.0,0.6992148160934448,0.0,4.104469299316406
K,10,2,2024-08-09,2024-08-23,1.0,1.052579641342163,0.0,2.8856403827667236
K,10,2,2024-08-16,2024-08-30,1.0,0.6718022227287292,0.0,2.5048630237579346
K,10,2,2024-08-23,2024-09-06,0.0,1.5592809915542603,0.0,4.477707862854004
K,10,2,2024-08-30,2024-09-13,6.0,2.381873846054077,1.3369712829589844,5.300300598144531
K,10,2,2024-09-06,2024-09-20,5.0,3.102552652359009,2.057650089263916,6.020979881286621
K,10,2,2024-09-13,2024-09-27,2.0,1.3079655170440674,0.2630629539489746,4.22639274597168
K,10,2,2024-09-20,2024-10-04,0.0,0.8000744581222534,0.0,3.718501567840576
K,10,2,2024-09-27,2024-10-11,0.0,2.1987147331237793,0.639433741569519,5.816841125488281
K,10,2,2024-10-04,2024-10-18,1.0,0.3209114670753479,0.0,3.939037561416626
K,10,2,2024-10-11,2024-10-25,2.0,0.2535531520843506,0.0,3.8716793060302734
K,10,2,2024-10-18,2024-11-01,1.0,0.5143817067146301,0.0,4.132507801055908
K,10,2,2024-10-25,2024-11-08,1.0,0.5208162069320679,0.0,4.138942241668701
K,10,2,2024-11-01,2024-11-15,0.0,0.5957542061805725,0.0,4.21388053894043
K,10,2,2024-11-08,2024-11-22,0.0,0.2316957712173462,0.0,3.8498220443725586
K,10,2,2024-11-15,2024-11-29,0.0,0.08974935114383698,0.0,3.7078754901885986
K,10,2,2024-11-22,2024-12-06,0.0,0.05663110315799713,0.0,3.674757242202759
K,10,2,2024-11-29,2024-12-13,1.0,0.1952798068523407,0.0,3.813405990600586
K,10,2,2024-12-06,2024-12-20,1.0,0.13862791657447815,0.0,3.756754159927368
K,10,2,2024-12-13,2024-12-27,0.0,0.1254846453666687,0.0,3.7436108589172363
K,10,2,2024-12-20,2025-01-03,0.0,0.09553541988134384,0.0,3.7136616706848145
K,10,2,2024-12-27,2025-01-10,0.0,0.046212419867515564,0.0,3.6643385887145996
K,10,2,2025-01-03,2025-01-17,0.0,0.04860825091600418,0.0,3.666734457015991
K,10,2,2025-01-10,2025-01-24,0.0,0.06503719836473465,0.0,3.6831634044647217
K,10,2,2025-01-17,2025-01-31,0.0,0.04165361076593399,0.0,3.6597797870635986
K,10,2,2025-01-24,2025-02-07,0.0,0.03881818801164627,0.0,3.6569442749023438
K,10,2,2025-01-31,2025-02-14,1.0,0.044011667370796204,0.0,3.662137746810913
K,10,2,2025-02-07,2025-02-21,1.0,0.039296478033065796,0.0,3.6574225425720215
K,10,2,2025-02-14,2025-02-28,0.0,0.04045046865940094,0.0,3.658576726913452
K,10,2,2025-02-21,2025-03-07,1.0,0.02486969158053398,0.0,3.642995834350586
K,10,2,2025-02-28,2025-03-14,0.0,0.05248050391674042,0.0,3.6706066131591797
K,10,2,2025-03-07,2025-03-21,0.0,0.023111753165721893,0.0,3.64123797416687
K,10,2,2025-03-14,2025-03-28,0.0,0.030790794640779495,0.0,3.6489169597625732
K,10,2,2025-03-21,2025-04-04,0.0,0.04153066873550415,0.0,3.6596567630767822
K,10,2,2025-03-28,2025-04-11,0.0,0.06437084078788757,0.0,3.682497024536133
K,10,2,2025-04-04,2025-04-18,0.0,0.053741104900836945,0.0,3.6718673706054688
K,10,2,2025-04-11,2025-04-25,0.0,0.0866474136710167,0.0,3.7047736644744873
K,10,2,2025-04-18,2025-05-02,0.0,0.04411735385656357,0.0,3.662243604660034
K,10,2,2025-04-25,2025-05-09,0.0,0.06931685656309128,0.0,3.6874430179595947
K,10,2,2025-05-02,2025-05-16,0.0,0.05020918697118759,0.0,3.668335437774658
K,10,2,2025-05-09,2025-05-23,1.0,0.06346170604228973,0.0,3.6815879344940186
K,10,2,2025-05-16,2025-05-30,0.0,0.1196816936135292,0.0,3.7378077507019043
K,10,2,2025-05-23,2025-06-06,1.0,0.2357579469680786,0.0,3.853884220123291
K,10,2,2025-05-30,2025-06-13,0.0,0.4799600839614868,0.0,4.098086357116699
K,10,2,2025-06-06,2025-06-20,1.0,0.8738962411880493,0.0,4.492022514343262
K,10,2,2025-06-13,2025-06-27,0.0,0.3050145208835602,0.0,3.92314076423645
K,10,2,2025-06-20,2025-07-04,0.0,0.15956979990005493,0.0,3.777695894241333
K,10,2,2025-06-27,2025-07-11,1.0,0.2886448800563812,0.0,3.906770944595337
K,10,2,2025-07-04,2025-07-18,0.0,1.655277967453003,0.0,5.273404121398926
K,10,2,2025-07-11,2025-07-25,3.0,2.137448310852051,0.0,5.7555742263793945
K,10,2,2025-07-18,2025-08-01,15.0,4.286648750305176,2.0879340171813965,7.9047746658325195
K,10,2,2025-07-25,2025-08-08,10.0,2.909024715423584,0.7103099822998047,6.527151107788086
K,10,2,2025-08-01,2025-08-15,0.0,1.451005220413208,0.0,5.069131374359131
K,10,2,2025-08-08,2025-08-22,1.0,0.9555019736289978,0.0,4.573627948760986
K,10,2,2025-08-15,2025-08-29,1.0,0.743574857711792,0.0,11.456926345825195
K,10,2,2025-08-22,2025-09-05,,1.3904539346694946,0.0,12.103805541992188
K,10,4,2023-02-17,2023-03-17,0.0,0.09550630301237106,0.0,2.002377986907959
K,10,4,2023-02-24,2023-03-24,0.0,0.09437583386898041,0.0,2.0012474060058594
K,10,4,2023-03-03,2023-03-31,0.0,0.09409774839878082,0.0,2.000969409942627
K,10,4,2023-03-10,2023-04-07,0.0,0.09399998188018799,0.0,2.0008716583251953
K,10,4,2023-03-17,2023-04-14,0.0,0.09731459617614746,0.0,2.0041861534118652
K,10,4,2023-03-24,2023-04-21,0.0,0.09883543848991394,0.0,2.005707025527954
K,10,4,2023-03-31,2023-04-28,0.0,0.10578636825084686,0.0,2.01265811920166
K,10,4,2023-04-07,2023-05-05,0.0,0.10179565846920013,0.0,1.550652027130127
K,10,4,2023-04-14,2023-05-12,0.0,0.11174158751964569,0.0,1.5605978965759277
K,10,4,2023-04-21,2023-05-19,0.0,0.10601379722356796,0.0,1.5548701286315918
K,10,4,2023-04-28,2023-05-26,0.0,0.12860190868377686,0.0,1.5774582624435425
K,10,4,2023-05-05,2023-06-02,0.0,0.291805237531662,0.0,1.74066162109375
K,10,4,2023-05-12,2023-06-09,0.0,0.22235411405563354,0.0,1.671210527420044
K,10,4,2023-05-19,2023-06-16,0.0,0.17715559899806976,0.0,1.6260119676589966
K,10,4,2023-05-26,2023-06-23,1.0,0.2959373891353607,0.0,1.7447937726974487
K,10,4,2023-06-02,2023-06-30,0.0,0.7598128914833069,0.0,2.2086691856384277
K,10,4,2023-06-09,2023-07-07,0.0,1.5384063720703125,0.0,2.987262725830078
K,10,4,2023-06-16,2023-07-14,0.0,1.813486933708191,0.0,3.262343406677246
K,10,4,2023-06-23,2023-07-21,0.0,2.442643880844116,0.19970965385437012,3.891500234603882
K,10,4,2023-06-30,2023-07-28,4.0,0.99952232837677,0.0,2.448378562927246
K,10,4,2023-07-07,2023-08-04,1.0,1.2775415182113647,0.0,2.72639799118042
K,10,4,2023-07-14,2023-08-11,4.0,1.4292519092559814,0.0,2.878108263015747
K,10,4,2023-07-21,2023-08-18,0.0,0.3962385654449463,0.0,1.845094919204712
K,10,4,2023-07-28,2023-08-25,1.0,0.9426451921463013,0.0,2.3915014266967773
K,10,4,2023-08-04,2023-09-01,0.0,0.9356744289398193,0.0,2.384530782699585
K,10,4,2023-08-11,2023-09-08,0.0,1.347180962562561,0.0,4.347658634185791
K,10,4,2023-08-18,2023-09-15,1.0,2.026453733444214,0.0,5.0269317626953125
K,10,4,2023-08-25,2023-09-22,2.0,1.8178588151931763,0.0,4.818336486816406
K,10,4,2023-09-01,2023-09-29,0.0,1.8957959413528442,0.0,4.896273612976074
K,10,4,2023-09-08,2023-10-06,0.0,1.1170827150344849,0.0,4.117560386657715
K,10,4,2023-09-15,2023-10-13,0.0,1.54525887966156,0.0,4.545736789703369
K,10,4,2023-09-22,2023-10-20,0.0,1.1618621349334717,0.0,4.16234016418457
K,10,4,2023-09-29,2023-10-27,0.0,0.9310937523841858,0.0,3.9315714836120605
K,10,4,2023-10-06,2023-11-03,2.0,0.5548446178436279,0.0,3.5553224086761475
K,10,4,2023-10-13,2023-11-10,0.0,0.5851137042045593,0.0,3.5855915546417236
K,10,4,2023-10-20,2023-11-17,0.0,0.4474037289619446,0.0,3.4478814601898193
K,10,4,2023-10-27,2023-11-24,0.0,0.2591696083545685,0.0,3.2596473693847656
K,10,4,2023-11-03,2023-12-01,0.0,0.20429936051368713,0.0,3.204777240753174
K,10,4,2023-11-10,2023-12-08,1.0,0.22107261419296265,0.0,3.221550464630127
K,10,4,2023-11-17,2023-12-15,0.0,0.19463807344436646,0.0,3.195115804672241
K,10,4,2023-11-24,2023-12-22,0.0,0.13437184691429138,0.0,3.1348495483398438
K,10,4,2023-12-01,2023-12-29,0.0,0.11596718430519104,0.0,3.1164450645446777
K,10,4,2023-12-08,2024-01-05,0.0,0.1776706576347351,0.0,3.1781485080718994
K,10,4,2023-12-15,2024-01-12,0.0,0.18169274926185608,0.0,3.1821706295013428
K,10,4,2023-12-22,2024-01-19,0.0,0.19288867712020874,0.0,3.193366527557373
K,10,4,2023-12-29,2024-01-26,0.0,0.11249265819787979,0.0,3.1129703521728516
K,10,4,2024-01-05,2024-02-02,0.0,0.1086416095495224,0.0,3.109119415283203
K,10,4,2024-01-12,2024-02-09,0.0,0.13692277669906616,0.0,3.1374006271362305
K,10,4,2024-01-19,2024-02-16,0.0,0.09658847004175186,0.0,3.0970661640167236
K,10,4,2024-01-26,2024-02-23,0.0,0.09698465466499329,0.0,3.0974624156951904
K,10,4,2024-02-02,2024-03-01,0.0,0.09607719630002975,0.0,3.09655499458313
K,10,4,2024-02-09,2024-03-08,0.0,0.10121305286884308,0.0,3.1016907691955566
K,10,4,2024-02-16,2024-03-15,0.0,0.0988909900188446,0.0,3.0993688106536865
K,10,4,2024-02-23,2024-03-22,0.0,0.10149379074573517,0.0,3.1019716262817383
K,10,4,2024-03-01,2024-03-29,0.0,0.09572569280862808,0.0,3.096203565597534
K,10,4,2024-03-08,2024-04-05,0.0,0.0991835966706276,0.0,3.099661350250244
K,10,4,2024-03-15,2024-04-12,1.0,0.09535838663578033,0.0,3.0958361625671387
K,10,4,2024-03-22,2024-04-19,0.0,0.09802844375371933,0.0,3.098506212234497
K,10,4,2024-03-29,2024-04-26,0.0,0.0987839326262474,0.0,3.09926176071167
K,10,4,2024-04-05,2024-05-03,0.0,0.10024723410606384,0.0,3.100724935531616
K,10,4,2024-04-12,2024-05-10,1.0,0.10974103212356567,0.0,3.1102187633514404
K,10,4,2024-04-19,2024-05-17,0.0,0.14745217561721802,0.0,3.1479299068450928
K,10,4,2024-04-26,2024-05-24,1.0,0.20739620923995972,0.0,3.207874059677124
K,10,4,2024-05-03,2024-05-31,0.0,0.29011979699134827,0.0,3.290597677230835
K,10,4,2024-05-10,2024-06-07,1.0,0.7179512977600098,0.0,3.7184290885925293
K,10,4,2024-05-17,2024-06-14,0.0,0.6099662780761719,0.0,3.6104440689086914
K,10,4,2024-05-24,2024-06-21,0.0,0.6027177572250366,0.0,3.6031956672668457
K,10,4,2024-05-31,2024-06-28,1.0,1.1065616607666016,0.0,4.107039451599121
K,10,4,2024-06-07,2024-07-05,2.0,1.5567747354507446,0.0,4.557252407073975
K,10,4,2024-06-14,2024-07-12,1.0,3.5106797218322754,1.0680358409881592,6.511157512664795
K,10,4,2024-06-21,2024-07-19,1.0,4.0516510009765625,1.6090071201324463,7.052128791809082
K,10,4,2024-06-28,2024-07-26,1.0,2.917219877243042,0.4745759963989258,5.917697906494141
K,10,4,2024-07-05,2024-08-02,1.0,1.8738089799880981,0.0,4.874286651611328
K,10,4,2024-07-12,2024-08-09,5.0,2.2221951484680176,0.0,5.222672939300537
K,10,4,2024-07-19,2024-08-16,3.0,1.0427430868148804,0.0,4.0432209968566895
K,10,4,2024-07-26,2024-08-23,1.0,1.0419503450393677,0.0,4.042428016662598
K,10,4,2024-08-02,2024-08-30,1.0,1.8072012662887573,0.0,4.807679176330566
K,10,4,2024-08-09,2024-09-06,0.0,3.7654449939727783,0.7137939929962158,6.336193084716797
K,10,4,2024-08-16,2024-09-13,6.0,2.028289794921875,0.0,4.599038124084473
K,10,4,2024-08-23,2024-09-20,5.0,0.9060047268867493,0.0,3.683809518814087
K,10,4,2024-08-30,2024-09-27,2.0,0.7088719606399536,0.0,3.4866766929626465
K,10,4,2024-09-06,2024-10-04,0.0,0.9658280611038208,0.0,3.7436327934265137
K,10,4,2024-09-13,2024-10-11,0.0,1.6797503232955933,0.0,4.457555294036865
K,10,4,2024-09-20,2024-10-18,1.0,0.850654125213623,0.0,3.6284589767456055
K,10,4,2024-09-27,2024-10-25,2.0,1.0300692319869995,0.0,5.001779556274414
K,10,4,2024-10-04,2024-11-01,1.0,0.4626260995864868,0.0,4.556621074676514
K,10,4,2024-10-11,2024-11-08,1.0,0.3882136046886444,0.0,4.482208728790283
K,10,4,2024-10-18,2024-11-15,0.0,1.2800980806350708,0.0,5.374093055725098
K,10,4,2024-10-25,2024-11-22,0.0,0.4549793303012848,0.0,4.548974514007568
K,10,4,2024-11-01,2024-11-29,0.0,0.29428088665008545,0.0,4.388276100158691
K,10,4,2024-11-08,2024-12-06,0.0,0.2595709264278412,0.0,4.3535661697387695
K,10,4,2024-11-15,2024-12-13,1.0,0.30046626925468445,0.0,4.394461154937744
K,10,4,2024-11-22,2024-12-20,1.0,0.14920923113822937,0.0,4.243204116821289
K,10,4,2024-11-29,2024-12-27,0.0,0.15663762390613556,0.0,4.2506327629089355
K,10,4,2024-12-06,2025-01-03,0.0,0.1926696002483368,0.0,4.2866644859313965
K,10,4,2024-12-13,2025-01-10,0.0,0.2147665023803711,0.0,4.3087615966796875
K,10,4,2024-12-20,2025-01-17,0.0,0.15756970643997192,0.0,4.251564979553223
K,10,4,2024-12-27,2025-01-24,0.0,0.13033492863178253,0.0,4.224329948425293
K,10,4,2025-01-03,2025-01-31,0.0,0.10746046900749207,0.0,4.201455593109131
K,10,4,2025-01-10,2025-02-07,0.0,0.12667855620384216,0.0,4.220673561096191
K,10,4,2025-01-17,2025-02-14,1.0,0.12369873374700546,0.0,4.21769380569458
K,10,4,2025-01-24,2025-02-21,1.0,0.1126268059015274,0.0,4.206622123718262
K,10,4,2025-01-31,2025-02-28,0.0,0.09785868972539902,0.0,4.191854000091553
K,10,4,2025-02-07,2025-03-07,1.0,0.09416204690933228,0.0,4.188157081604004
K,10,4,2025-02-14,2025-03-14,0.0,0.09704014658927917,0.0,4.191035270690918
K,10,4,2025-02-21,2025-03-21,0.0,0.10111159086227417,0.0,4.195106506347656
K,10,4,2025-02-28,2025-03-28,0.0,0.09644170105457306,0.0,4.190436840057373
K,10,4,2025-03-07,2025-04-04,0.0,0.09501945972442627,0.0,4.189014434814453
K,10,4,2025-03-14,2025-04-11,0.0,0.09895053505897522,0.0,4.19294548034668
K,10,4,2025-03-21,2025-04-18,0.0,0.1034955382347107,0.0,4.197490692138672
K,10,4,2025-03-28,2025-04-25,0.0,0.10642077028751373,0.0,4.200416088104248
K,10,4,2025-04-04,2025-05-02,0.0,0.11251665651798248,0.0,4.206511974334717
K,10,4,2025-04-11,2025-05-09,0.0,0.20331186056137085,0.0,4.297307014465332
K,10,4,2025-04-18,2025-05-16,0.0,0.1721792221069336,0.0,4.26617431640625
K,10,4,2025-04-25,2025-05-23,1.0,0.3524751663208008,0.0,4.446470260620117
K,10,4,2025-05-02,2025-05-30,0.0,0.23209595680236816,0.0,4.3260908126831055
K,10,4,2025-05-09,2025-06-06,1.0,0.2712809145450592,0.0,4.365275859832764
K,10,4,2025-05-16,2025-06-13,0.0,0.4469212591648102,0.0,4.540916442871094
K,10,4,2025-05-23,2025-06-20,1.0,0.5831143856048584,0.0,4.677109718322754
K,10,4,2025-05-30,2025-06-27,0.0,0.45870932936668396,0.0,4.552704334259033
K,10,4,2025-06-06,2025-07-04,0.0,0.3938424289226532,0.0,4.487837314605713
K,10,4,2025-06-13,2025-07-11,1.0,1.13179612159729,0.0,5.225790977478027
K,10,4,2025-06-20,2025-07-18,0.0,2.402907371520996,0.0,6.4969024658203125
K,10,4,2025-06-27,2025-07-25,3.0,2.5739498138427734,0.0,6.66794490814209
K,10,4,2025-07-04,2025-08-01,15.0,2.4280433654785156,0.0,6.522038459777832
K,10,4,2025-07-11,2025-08-08,10.0,0.6440415382385254,0.0,4.738036632537842
K,10,4,2025-07-18,2025-08-15,0.0,0.6678436398506165,0.0,4.761838912963867
K,10,4,2025-07-25,2025-08-22,1.0,0.6755486130714417,0.0,4.769543647766113
K,10,4,2025-08-01,2025-08-29,1.0,0.6859595775604248,0.0,4.77995491027832
K,10,4,2025-08-08,2025-09-05,,1.2056190967559814,0.0,5.299613952636719
K,10,4,2025-08-15,2025-09-12,,2.3375279903411865,0.0,14.90948486328125
K,10,4,2025-08-22,2025-09-19,,1.8816331624984741,0.0,14.45358943939209
K,10,8,2023-02-17,2023-04-14,0.0,0.0418379008769989,0.0,1.8406559228897095
K,10,8,2023-02-24,2023-04-21,0.0,0.01657601073384285,0.0,1.8153940439224243
K,10,8,2023-03-03,2023-04-28,0.0,0.022671855986118317,0.0,1.8214898109436035
K,10,8,2023-03-10,2023-05-05,0.0,0.007169749587774277,0.0,1.8059877157211304
K,10,8,2023-03-17,2023-05-12,0.0,0.009032320231199265,0.0,1.8078503608703613
K,10,8,2023-03-24,2023-05-19,0.0,0.0,0.0,1.7988179922103882
K,10,8,2023-03-31,2023-05-26,0.0,0.0028121136128902435,0.0,1.8016301393508911
K,10,8,2023-04-07,2023-06-02,0.0,0.03233577311038971,0.0,1.8311537504196167
K,10,8,2023-04-14,2023-06-09,0.0,0.12119094282388687,0.0,1.920008897781372
K,10,8,2023-04-21,2023-06-16,0.0,0.12752178311347961,0.0,1.9263397455215454
K,10,8,2023-04-28,2023-06-23,1.0,0.16591134667396545,0.0,1.9647293090820312
K,10,8,2023-05-05,2023-06-30,0.0,0.2514987587928772,0.0,2.05031681060791
K,10,8,2023-05-12,2023-07-07,0.0,0.546858549118042,0.0,2.3456764221191406
K,10,8,2023-05-19,2023-07-14,0.0,0.5148164629936218,0.0,2.3136343955993652
K,10,8,2023-05-26,2023-07-21,0.0,0.5320539474487305,0.0,2.330872058868408
K,10,8,2023-06-02,2023-07-28,4.0,0.9418358206748962,0.0,2.7406537532806396
K,10,8,2023-06-09,2023-08-04,1.0,1.2800538539886475,0.28220832347869873,3.078871726989746
K,10,8,2023-06-16,2023-08-11,4.0,2.110821485519409,1.1129759550094604,3.909639358520508
K,10,8,2023-06-23,2023-08-18,0.0,0.8032188415527344,0.0,2.602036952972412
K,10,8,2023-06-30,2023-08-25,1.0,1.0327845811843872,0.03493905067443848,2.8316025733947754
K,10,8,2023-07-07,2023-09-01,0.0,1.179757833480835,0.21114790439605713,2.9785757064819336
K,10,8,2023-07-14,2023-09-08,0.0,1.2719470262527466,0.30333709716796875,3.0707650184631348
K,10,8,2023-07-21,2023-09-15,1.0,1.2937978506088257,0.6119973063468933,3.092615842819214
K,10,8,2023-07-28,2023-09-22,2.0,3.7009222507476807,3.0191216468811035,5.499740123748779
K,10,8,2023-08-04,2023-09-29,0.0,4.408487796783447,3.72668719291687,6.207305908203125
K,10,8,2023-08-11,2023-10-06,0.0,2.3483614921569824,1.6665608882904053,5.406525611877441
K,10,8,2023-08-18,2023-10-13,0.0,1.1320363283157349,0.4502357840538025,4.190200328826904
K,10,8,2023-08-25,2023-10-20,0.0,0.5422043800354004,0.0,3.6003684997558594
K,10,8,2023-09-01,2023-10-27,0.0,0.4706515669822693,0.0,3.528815746307373
K,10,8,2023-09-08,2023-11-03,2.0,0.6430871486663818,0.0,3.701251268386841
K,10,8,2023-09-15,2023-11-10,0.0,0.662148654460907,0.0,3.7203128337860107
K,10,8,2023-09-22,2023-11-17,0.0,0.4365554749965668,0.0,3.4947195053100586
K,10,8,2023-09-29,2023-11-24,0.0,0.20320147275924683,0.0,3.2613656520843506
K,10,8,2023-10-06,2023-12-01,0.0,0.1478586196899414,0.0,3.2060227394104004
K,10,8,2023-10-13,2023-12-08,1.0,0.21459737420082092,0.0,3.272761583328247
K,10,8,2023-10-20,2023-12-15,0.0,0.754693865776062,0.0,3.8128581047058105
K,10,8,2023-10-27,2023-12-22,0.0,0.3064080774784088,0.0,3.364572286605835
K,10,8,2023-11-03,2023-12-29,0.0,0.03624800592660904,0.0,3.094412088394165
K,10,8,2023-11-10,2024-01-05,0.0,0.0020977742969989777,0.0,3.0602619647979736
K,10,8,2023-11-17,2024-01-12,0.0,0.21901345252990723,0.0,3.277177572250366
K,10,8,2023-11-24,2024-01-19,0.0,0.33107316493988037,0.0,3.389237403869629
K,10,8,2023-12-01,2024-01-26,0.0,0.2198239266872406,0.0,3.2779879570007324
K,10,8,2023-12-08,2024-02-02,0.0,0.2132262885570526,0.0,3.271390438079834
K,10,8,2023-12-15,2024-02-09,0.0,0.5470529794692993,0.0,3.6052169799804688
K,10,8,2023-12-22,2024-02-16,0.0,0.14974641799926758,0.0,3.2079105377197266
K,10,8,2023-12-29,2024-02-23,0.0,0.06800660490989685,0.0,3.1261706352233887
K,10,8,2024-01-05,2024-03-01,0.0,0.055948346853256226,0.0,3.114112377166748
K,10,8,2024-01-12,2024-03-08,0.0,0.0681561827659607,0.0,3.1263203620910645
K,10,8,2024-01-19,2024-03-15,0.0,0.0,0.0,3.058164119720459
K,10,8,2024-01-26,2024-03-22,0.0,0.03893587738275528,0.0,3.097100019454956
K,10,8,2024-02-02,2024-03-29,0.0,0.0,0.0,3.058164119720459
K,10,8,2024-02-09,2024-04-05,0.0,0.0,0.0,3.058164119720459
K,10,8,2024-02-16,2024-04-12,1.0,0.009261902421712875,0.0,3.0674259662628174
K,10,8,2024-02-23,2024-04-19,0.0,0.016266927123069763,0.0,3.0744309425354004
K,10,8,2024-03-01,2024-04-26,0.0,0.0941861942410469,0.0,3.152350425720215
K,10,8,2024-03-08,2024-05-03,0.0,0.046315450221300125,0.0,3.1044795513153076
K,10,8,2024-03-15,2024-05-10,1.0,0.2598884701728821,0.0,3.3180525302886963
K,10,8,2024-03-22,2024-05-17,0.0,0.3921430706977844,0.0,3.4503071308135986
K,10,8,2024-03-29,2024-05-24,1.0,0.862320065498352,0.0,3.9204840660095215
K,10,8,2024-04-05,2024-05-31,0.0,1.0147780179977417,0.0,4.07294225692749
K,10,8,2024-04-12,2024-06-07,1.0,0.5625389814376831,0.0,3.6207032203674316
K,10,8,2024-04-19,2024-06-14,0.0,0.2758028507232666,0.0,3.3339669704437256
K,10,8,2024-04-26,2024-06-21,0.0,0.5268917083740234,0.0,3.5850558280944824
K,10,8,2024-05-03,2024-06-28,1.0,0.5061901807785034,0.0,3.564354419708252
K,10,8,2024-05-10,2024-07-05,2.0,0.6675498485565186,0.0,3.7257139682769775
K,10,8,2024-05-17,2024-07-12,1.0,1.1006014347076416,0.0,4.15876579284668
K,10,8,2024-05-24,2024-07-19,1.0,1.6009985208511353,0.0,4.659162521362305
K,10,8,2024-05-31,2024-07-26,1.0,1.2395254373550415,0.0,4.297689437866211
K,10,8,2024-06-07,2024-08-02,1.0,1.9396246671676636,0.0,4.997788906097412
K,10,8,2024-06-14,2024-08-09,5.0,2.0245609283447266,0.0,5.0827250480651855
K,10,8,2024-06-21,2024-08-16,3.0,1.4385353326797485,0.0,4.496699333190918
K,10,8,2024-06-28,2024-08-23,1.0,1.1795337200164795,0.0,4.237697601318359
K,10,8,2024-07-05,2024-08-30,1.0,1.4437605142593384,0.0,4.501924514770508
K,10,8,2024-07-12,2024-09-06,0.0,2.796901226043701,0.0,5.85506534576416
K,10,8,2024-07-19,2024-09-13,6.0,2.709308624267578,0.0,5.767472743988037
K,10,8,2024-07-26,2024-09-20,5.0,2.3910460472106934,0.0,5.449210166931152
K,10,8,2024-08-02,2024-09-27,2.0,2.032336950302124,0.0,5.090500831604004
K,10,8,2024-08-09,2024-10-04,0.0,2.538907289505005,0.0,4.428085803985596
K,10,8,2024-08-16,2024-10-11,0.0,1.16482412815094,0.0,3.0540027618408203
K,10,8,2024-08-23,2024-10-18,1.0,0.5556426644325256,0.0,3.5310816764831543
K,10,8,2024-08-30,2024-10-25,2.0,0.5755826830863953,0.0,3.5510218143463135
K,10,8,2024-09-06,2024-11-01,1.0,0.4479527175426483,0.0,3.423391819000244
K,10,8,2024-09-13,2024-11-08,1.0,0.634912371635437,0.0,3.6103515625
K,10,8,2024-09-20,2024-11-15,0.0,0.6949604153633118,0.0,3.6703994274139404
K,10,8,2024-09-27,2024-11-22,0.0,0.4052610397338867,0.0,3.6959524154663086
K,10,8,2024-10-04,2024-11-29,0.0,0.14586389064788818,0.0,3.4365553855895996
K,10,8,2024-10-11,2024-12-06,0.0,0.13696785271167755,0.0,3.427659273147583
K,10,8,2024-10-18,2024-12-13,1.0,0.34974735975265503,0.0,3.6404387950897217
K,10,8,2024-10-25,2024-12-20,1.0,0.22609412670135498,0.0,3.5167856216430664
K,10,8,2024-11-01,2024-12-27,0.0,0.13225024938583374,0.0,3.4229416847229004
K,10,8,2024-11-08,2025-01-03,0.0,0.18422359228134155,0.0,3.474915027618408
K,10,8,2024-11-15,2025-01-10,0.0,0.10194443166255951,0.0,3.3926358222961426
K,10,8,2024-11-22,2025-01-17,0.0,0.03240324184298515,0.0,3.323094606399536
K,10,8,2024-11-29,2025-01-24,0.0,0.04180997610092163,0.0,3.3325014114379883
K,10,8,2024-12-06,2025-01-31,0.0,0.13624632358551025,0.0,3.4269375801086426
K,10,8,2024-12-13,2025-02-07,0.0,0.17052775621414185,0.0,3.461219072341919
K,10,8,2024-12-20,2025-02-14,1.0,0.15028563141822815,0.0,3.440977096557617
K,10,8,2024-12-27,2025-02-21,1.0,0.031529854983091354,0.0,3.322221279144287
K,10,8,2025-01-03,2025-02-28,0.0,0.014322604984045029,0.0,3.30501389503479
K,10,8,2025-01-10,2025-03-07,1.0,0.030151957646012306,0.0,3.32084321975708
K,10,8,2025-01-17,2025-03-14,0.0,0.029215287417173386,0.0,3.319906711578369
K,10,8,2025-01-24,2025-03-21,0.0,0.017294345423579216,0.0,3.307985782623291
K,10,8,2025-01-31,2025-03-28,0.0,0.025095680728554726,0.0,3.3157870769500732
K,10,8,2025-02-07,2025-04-04,0.0,0.005312995985150337,0.0,3.296004295349121
K,10,8,2025-02-14,2025-04-11,0.0,0.0,0.0,3.290691375732422
K,10,8,2025-02-21,2025-04-18,0.0,0.0,0.0,3.290691375732422
K,10,8,2025-02-28,2025-04-25,0.0,0.03602369874715805,0.0,3.3267149925231934
K,10,8,2025-03-07,2025-05-02,0.0,0.014750685542821884,0.0,3.3054420948028564
K,10,8,2025-03-14,2025-05-09,0.0,0.03277987241744995,0.0,3.3234713077545166
K,10,8,2025-03-21,2025-05-16,0.0,0.008720550686120987,0.0,3.2994120121002197
K,10,8,2025-03-28,2025-05-23,1.0,0.0763590931892395,0.0,3.3670504093170166
K,10,8,2025-04-04,2025-05-30,0.0,0.0234212726354599,0.0,3.314112663269043
K,10,8,2025-04-11,2025-06-06,1.0,0.2101803719997406,0.0,3.5008716583251953
K,10,8,2025-04-18,2025-06-13,0.0,0.2923555374145508,0.0,3.5830469131469727
K,10,8,2025-04-25,2025-06-20,1.0,1.022918462753296,0.0,4.313610076904297
K,10,8,2025-05-02,2025-06-27,0.0,0.639086902141571,0.0,3.9297783374786377
K,10,8,2025-05-09,2025-07-04,0.0,0.6647770404815674,0.0,3.9554684162139893
K,10,8,2025-05-16,2025-07-11,1.0,1.3483343124389648,0.0,4.639025688171387
K,10,8,2025-05-23,2025-07-18,0.0,1.1135600805282593,0.0,4.404251575469971
K,10,8,2025-05-30,2025-07-25,3.0,1.3133183717727661,0.0,4.604009628295898
K,10,8,2025-06-06,2025-08-01,15.0,1.8311423063278198,0.0,5.121833801269531
K,10,8,2025-06-13,2025-08-08,10.0,0.5915831327438354,0.0,3.882274627685547
K,10,8,2025-06-20,2025-08-15,0.0,0.7494720220565796,0.0,4.040163516998291
K,10,8,2025-06-27,2025-08-22,1.0,0.7372018098831177,0.0,4.02789306640625
K,10,8,2025-07-04,2025-08-29,1.0,0.4763815402984619,0.0,3.767072916030884
K,10,8,2025-07-11,2025-09-05,,0.5089975595474243,0.0,3.7996888160705566
K,10,8,2025-07-18,2025-09-12,,0.9016265273094177,0.0,4.192317962646484
K,10,8,2025-07-25,2025-09-19,,0.7965777516365051,0.0,4.087269306182861
K,10,8,2025-08-01,2025-09-26,,0.7853832244873047,0.0,4.076074600219727
K,10,8,2025-08-08,2025-10-03,,0.47282153367996216,0.0,3.7635128498077393
K,10,8,2025-08-15,2025-10-10,,0.35915547609329224,0.0,13.528013229370117
K,10,8,2025-08-22,2025-10-17,,0.6211682558059692,0.0,13.79002571105957
K,10,12,2023-02-17,2023-05-12,0.0,0.11838090419769287,0.0,1.0294955968856812
K,10,12,2023-02-24,2023-05-19,0.0,0.1320226490497589,0.0,1.0431373119354248
K,10,12,2023-03-03,2023-05-26,0.0,0.12056543678045273,0.0,1.0316801071166992
K,10,12,2023-03-10,2023-06-02,0.0,0.15114708244800568,0.0,1.0622618198394775
K,10,12,2023-03-17,2023-06-09,0.0,0.19474273920059204,0.0,1.1058573722839355
K,10,12,2023-03-24,2023-06-16,0.0,0.22137969732284546,0.0,1.1324944496154785
K,10,12,2023-03-31,2023-06-23,1.0,0.2471482753753662,0.0,1.1582629680633545
K,10,12,2023-04-07,2023-06-30,0.0,0.21147015690803528,0.0,1.1225848197937012
K,10,12,2023-04-14,2023-07-07,0.0,0.4193990230560303,0.0,1.3305137157440186
K,10,12,2023-04-21,2023-07-14,0.0,0.5538277626037598,0.0,1.464942455291748
K,10,12,2023-04-28,2023-07-21,0.0,0.9239515662193298,0.0,1.835066318511963
K,10,12,2023-05-05,2023-07-28,4.0,1.0391507148742676,0.0,1.9502654075622559
K,10,12,2023-05-12,2023-08-04,1.0,1.3936716318130493,0.0,2.304786205291748
K,10,12,2023-05-19,2023-08-11,4.0,1.412456750869751,0.0,2.3235714435577393
K,10,12,2023-05-26,2023-08-18,0.0,1.092282772064209,0.0,2.0033974647521973
K,10,12,2023-06-02,2023-08-25,1.0,3.9397776126861572,0.0,4.850892066955566
K,10,12,2023-06-09,2023-09-01,0.0,2.382586717605591,0.0,3.293701410293579
K,10,12,2023-06-16,2023-09-08,0.0,1.6328598260879517,0.0,2.5439743995666504
K,10,12,2023-06-23,2023-09-15,1.0,0.9913433194160461,0.0,1.9024579524993896
K,10,12,2023-06-30,2023-09-22,2.0,1.0208992958068848,0.0,1.932013988494873
K,10,12,2023-07-07,2023-09-29,0.0,0.8209541440010071,0.0,1.7320687770843506
K,10,12,2023-07-14,2023-10-06,0.0,0.7170940041542053,0.0,1.6282086372375488
K,10,12,2023-07-21,2023-10-13,0.0,0.26176613569259644,0.0,1.1728808879852295
K,10,12,2023-07-28,2023-10-20,0.0,0.48221173882484436,0.0,1.3933264017105103
K,10,12,2023-08-04,2023-10-27,0.0,0.7574087381362915,0.0,1.6685234308242798
K,10,12,2023-08-11,2023-11-03,2.0,0.7841715812683105,0.0,3.745020866394043
K,10,12,2023-08-18,2023-11-10,0.0,0.6804988384246826,0.0,3.641348123550415
K,10,12,2023-08-25,2023-11-17,0.0,0.3672543466091156,0.0,3.328103542327881
K,10,12,2023-09-01,2023-11-24,0.0,0.18675890564918518,0.0,3.1476082801818848
K,10,12,2023-09-08,2023-12-01,0.0,0.22576281428337097,0.0,3.186612129211426
K,10,12,2023-09-15,2023-12-08,1.0,0.26928815245628357,0.0,3.230137348175049
K,10,12,2023-09-22,2023-12-15,0.0,0.39240288734436035,0.0,3.3532521724700928
K,10,12,2023-09-29,2023-12-22,0.0,0.3583528995513916,0.0,3.319202184677124
K,10,12,2023-10-06,2023-12-29,0.0,0.1605677455663681,0.0,3.1214170455932617
K,10,12,2023-10-13,2024-01-05,0.0,0.10981226712465286,0.0,3.0706615447998047
K,10,12,2023-10-20,2024-01-12,0.0,0.21555349230766296,0.0,3.1764028072357178
K,10,12,2023-10-27,2024-01-19,0.0,0.3011620342731476,0.0,3.2620112895965576
K,10,12,2023-11-03,2024-01-26,0.0,0.17926833033561707,0.0,3.140117645263672
K,10,12,2023-11-10,2024-02-02,0.0,0.10892927646636963,0.0,3.0697784423828125
K,10,12,2023-11-17,2024-02-09,0.0,0.18578381836414337,0.0,3.1466331481933594
K,10,12,2023-11-24,2024-02-16,0.0,0.25792765617370605,0.0,3.2187769412994385
K,10,12,2023-12-01,2024-02-23,0.0,0.43969762325286865,0.0,3.4005470275878906
K,10,12,2023-12-08,2024-03-01,0.0,0.4938698410987854,0.0,3.454719066619873
K,10,12,2023-12-15,2024-03-08,0.0,0.6300608515739441,0.0,3.5909101963043213
K,10,12,2023-12-22,2024-03-15,0.0,0.24310606718063354,0.0,3.2039554119110107
K,10,12,2023-12-29,2024-03-22,0.0,0.32441699504852295,0.0,3.285266399383545
K,10,12,2024-01-05,2024-03-29,0.0,0.20484212040901184,0.0,3.165691375732422
K,10,12,2024-01-12,2024-04-05,0.0,0.16921156644821167,0.0,3.130060911178589
K,10,12,2024-01-19,2024-04-12,1.0,0.1558276116847992,0.0,3.1166768074035645
K,10,12,2024-01-26,2024-04-19,0.0,0.11816661804914474,0.0,3.0790159702301025
K,10,12,2024-02-02,2024-04-26,0.0,0.1474660336971283,0.0,3.1083152294158936
K,10,12,2024-02-09,2024-05-03,0.0,0.15979379415512085,0.0,3.120643138885498
K,10,12,2024-02-16,2024-05-10,1.0,0.13665539026260376,0.0,3.0975046157836914
K,10,12,2024-02-23,2024-05-17,0.0,0.1754758059978485,0.0,3.1363251209259033
K,10,12,2024-03-01,2024-05-24,1.0,0.3178214430809021,0.0,3.2786707878112793
K,10,12,2024-03-08,2024-05-31,0.0,0.8159778714179993,0.0,3.776827096939087
K,10,12,2024-03-15,2024-06-07,1.0,1.3322761058807373,0.0,4.293125152587891
K,10,12,2024-03-22,2024-06-14,0.0,1.3896293640136719,0.0,4.350478649139404
K,10,12,2024-03-29,2024-06-21,0.0,1.4583042860031128,0.0,4.419153690338135
K,10,12,2024-04-05,2024-06-28,1.0,0.6812400221824646,0.0,3.642089366912842
K,10,12,2024-04-12,2024-07-05,2.0,0.6802361011505127,0.0,3.641085386276245
K,10,12,2024-04-19,2024-07-12,1.0,0.3843878507614136,0.0,3.3452372550964355
K,10,12,2024-04-26,2024-07-19,1.0,0.7666133046150208,0.0,3.7274625301361084
K,10,12,2024-05-03,2024-07-26,1.0,0.8755034804344177,0.0,3.836352825164795
K,10,12,2024-05-10,2024-08-02,1.0,1.016579270362854,0.0,3.977428436279297
K,10,12,2024-05-17,2024-08-09,5.0,2.2111501693725586,0.0,5.171999454498291
K,10,12,2024-05-24,2024-08-16,3.0,2.891789436340332,0.0,5.8526387214660645
K,10,12,2024-05-31,2024-08-23,1.0,2.5084831714630127,0.0,5.469332695007324
K,10,12,2024-06-07,2024-08-30,1.0,4.2110185623168945,1.2712409496307373,7.171867847442627
K,10,12,2024-06-14,2024-09-06,0.0,5.055209636688232,2.115432024002075,8.016058921813965
K,10,12,2024-06-21,2024-09-13,6.0,3.5803351402282715,0.6405575275421143,6.541184425354004
K,10,12,2024-06-28,2024-09-20,5.0,1.4332938194274902,0.0,4.394143104553223
K,10,12,2024-07-05,2024-09-27,2.0,0.9607123732566833,0.0,3.9215617179870605
K,10,12,2024-07-12,2024-10-04,0.0,0.9096193313598633,0.0,3.8704686164855957
K,10,12,2024-07-19,2024-10-11,0.0,0.7773715257644653,0.0,3.738220691680908
K,10,12,2024-07-26,2024-10-18,1.0,0.5634046196937561,0.0,3.5242538452148438
K,10,12,2024-08-02,2024-10-25,2.0,0.5085134506225586,0.0,3.469362735748291
K,10,12,2024-08-09,2024-11-01,1.0,0.7611724138259888,0.0,3.3487157821655273
K,10,12,2024-08-16,2024-11-08,1.0,0.6045703291893005,0.0,3.1921136379241943
K,10,12,2024-08-23,2024-11-15,0.0,0.3551098108291626,0.0,3.1439595222473145
K,10,12,2024-08-30,2024-11-22,0.0,0.2591465413570404,0.0,3.0479962825775146
K,10,12,2024-09-06,2024-11-29,0.0,0.2813643217086792,0.0,3.07021427154541
K,10,12,2024-09-13,2024-12-06,0.0,0.33785775303840637,0.0,3.1267075538635254
K,10,12,2024-09-20,2024-12-13,1.0,0.2846054434776306,0.0,3.073455333709717
K,10,12,2024-09-27,2024-12-20,1.0,0.27571097016334534,0.0,3.064560890197754
K,10,12,2024-10-04,2024-12-27,0.0,0.3041476607322693,0.0,3.870853900909424
K,10,12,2024-10-11,2025-01-03,0.0,0.11505599319934845,0.0,3.681762218475342
K,10,12,2024-10-18,2025-01-10,0.0,0.15054388344287872,0.0,3.717250108718872
K,10,12,2024-10-25,2025-01-17,0.0,0.09186050295829773,0.0,3.65856671333313
K,10,12,2024-11-01,2025-01-24,0.0,0.10383879393339157,0.0,3.6705448627471924
K,10,12,2024-11-08,2025-01-31,0.0,0.1903967261314392,0.0,3.7571029663085938
K,10,12,2024-11-15,2025-02-07,0.0,0.18771620094776154,0.0,3.754422426223755
K,10,12,2024-11-22,2025-02-14,1.0,0.051939599215984344,0.0,3.618645668029785
K,10,12,2024-11-29,2025-02-21,1.0,0.0454765260219574,0.0,3.6121826171875
K,10,12,2024-12-06,2025-02-28,0.0,0.09431660175323486,0.0,3.661022663116455
K,10,12,2024-12-13,2025-03-07,1.0,0.15286584198474884,0.0,3.719572067260742
K,10,12,2024-12-20,2025-03-14,0.0,0.13963580131530762,0.0,3.7063419818878174
K,10,12,2024-12-27,2025-03-21,0.0,0.09913675487041473,0.0,3.6658430099487305
K,10,12,2025-01-03,2025-03-28,0.0,0.09347356110811234,0.0,3.660179853439331
K,10,12,2025-01-10,2025-04-04,0.0,0.09123560041189194,0.0,3.6579418182373047
K,10,12,2025-01-17,2025-04-11,0.0,0.0674920305609703,0.0,3.6341981887817383
K,10,12,2025-01-24,2025-04-18,0.0,0.07183431088924408,0.0,3.638540506362915
K,10,12,2025-01-31,2025-04-25,0.0,0.0845465287566185,0.0,3.6512527465820312
K,10,12,2025-02-07,2025-05-02,0.0,0.07442083954811096,0.0,3.641127109527588
K,10,12,2025-02-14,2025-05-09,0.0,0.10051897168159485,0.0,3.6672251224517822
K,10,12,2025-02-21,2025-05-16,0.0,0.06326620280742645,0.0,3.629972457885742
K,10,12,2025-02-28,2025-05-23,1.0,0.10974085330963135,0.0,3.6764469146728516
K,10,12,2025-03-07,2025-05-30,0.0,0.13874126970767975,0.0,3.7054474353790283
K,10,12,2025-03-14,2025-06-06,1.0,0.12607508897781372,0.0,3.6927812099456787
K,10,12,2025-03-21,2025-06-13,0.0,0.13831622898578644,0.0,3.7050223350524902
K,10,12,2025-03-28,2025-06-20,1.0,0.22767242789268494,0.0,3.7943785190582275
K,10,12,2025-04-04,2025-06-27,0.0,0.38406121730804443,0.0,3.9507675170898438
K,10,12,2025-04-11,2025-07-04,0.0,1.1445138454437256,0.0,4.711219787597656
K,10,12,2025-04-18,2025-07-11,1.0,0.7495442032814026,0.0,4.316250324249268
K,10,12,2025-04-25,2025-07-18,0.0,1.4918955564498901,0.0,5.0586018562316895
K,10,12,2025-05-02,2025-07-25,3.0,2.2401747703552246,0.0,5.806880950927734
K,10,12,2025-05-09,2025-08-01,15.0,2.36144757270813,0.0,5.928153991699219
K,10,12,2025-05-16,2025-08-08,10.0,3.05631422996521,0.0,6.623020172119141
K,10,12,2025-05-23,2025-08-15,0.0,3.588611125946045,0.0,7.155317306518555
K,10,12,2025-05-30,2025-08-22,1.0,2.4053778648376465,0.0,5.972084045410156
K,10,12,2025-06-06,2025-08-29,1.0,1.6841009855270386,0.0,5.250807285308838
K,10,12,2025-06-13,2025-09-05,,2.210754871368408,0.0,5.777461051940918
K,10,12,2025-06-20,2025-09-12,,6.143310546875,1.0881009101867676,9.710016250610352
K,10,12,2025-06-27,2025-09-19,,4.7537336349487305,0.0,8.320440292358398
K,10,12,2025-07-04,2025-09-26,,0.4655194580554962,0.0,4.032225608825684
K,10,12,2025-07-11,2025-10-03,,0.278829962015152,0.0,3.845536231994629
K,10,12,2025-07-18,2025-10-10,,0.3202975392341614,0.0,3.8870036602020264
K,10,12,2025-07-25,2025-10-17,,0.33131927251815796,0.0,3.8980255126953125
K,10,12,2025-08-01,2025-10-24,,0.6112659573554993,0.0,4.177972316741943
K,10,12,2025-08-08,2025-10-31,,0.3940850794315338,0.0,3.9607913494110107
K,10,12,2025-08-15,2025-11-07,,0.5410159230232239,0.0,13.17956829071045
K,10,12,2025-08-22,2025-11-14,,0.5790015459060669,0.0,13.217554092407227
L,11,1,2023-02-17,2023-02-24,0.0,0.0,0.0,1.0
L,11,1,2023-02-24,2023-03-03,0.0,0.0,0.0,1.0
L,11,1,2023-03-03,2023-03-10,0.0,0.0,0.0,1.0
L,11,1,2023-03-10,2023-03-17,0.0,0.0,0.0,1.0
L,11,1,2023-03-17,2023-03-24,0.0,0.0,0.0,1.0
L,11,1,2023-03-24,2023-03-31,0.0,0.0,0.0,1.0
L,11,1,2023-03-31,2023-04-07,0.0,0.0,0.0,1.0
L,11,1,2023-04-07,2023-04-14,0.0,0.0,0.0,1.0
L,11,1,2023-04-14,2023-04-21,0.0,0.0,0.0,1.0
L,11,1,2023-04-21,2023-04-28,0.0,0.0,0.0,1.0
L,11,1,2023-04-28,2023-05-05,0.0,0.0,0.0,1.0
L,11,1,2023-05-05,2023-05-12,0.0,0.0,0.0,1.0
L,11,1,2023-05-12,2023-05-19,0.0,0.0,0.0,1.0
L,11,1,2023-05-19,2023-05-26,0.0,0.0,0.0,1.0
L,11,1,2023-05-26,2023-06-02,0.0,0.0,0.0,1.0
L,11,1,2023-06-02,2023-06-09,0.0,0.0,0.0,1.0
L,11,1,2023-06-09,2023-06-16,0.0,0.0,0.0,1.0
L,11,1,2023-06-16,2023-06-23,0.0,0.0,0.0,1.0
L,11,1,2023-06-23,2023-06-30,0.0,0.0,0.0,1.0
L,11,1,2023-06-30,2023-07-07,1.0,0.0,0.0,1.0
L,11,1,2023-07-07,2023-07-14,0.0,0.0,0.0,1.0
L,11,1,2023-07-14,2023-07-21,1.0,0.0,0.0,1.0
L,11,1,2023-07-21,2023-07-28,1.0,0.0,0.0,1.0
L,11,1,2023-07-28,2023-08-04,0.0,0.0,0.0,1.0
L,11,1,2023-08-04,2023-08-11,1.0,0.0,0.0,1.0
L,11,1,2023-08-11,2023-08-18,1.0,0.0,0.0,1.0
L,11,1,2023-08-18,2023-08-25,0.0,0.0,0.0,1.0
L,11,1,2023-08-25,2023-09-01,0.0,0.0,0.0,1.0
L,11,1,2023-09-01,2023-09-08,0.0,0.0,0.0,1.0
L,11,1,2023-09-08,2023-09-15,3.0,0.0,0.0,1.0
L,11,1,2023-09-15,2023-09-22,0.0,0.0,0.0,1.0
L,11,1,2023-09-22,2023-09-29,0.0,0.0,0.0,1.0
L,11,1,2023-09-29,2023-10-06,0.0,0.0,0.0,3.0
L,11,1,2023-10-06,2023-10-13,1.0,0.0,0.0,3.0
L,11,1,2023-10-13,2023-10-20,1.0,0.0,0.0,3.0
L,11,1,2023-10-20,2023-10-27,0.0,0.0,0.0,3.0
L,11,1,2023-10-27,2023-11-03,1.0,0.0,0.0,3.0
L,11,1,2023-11-03,2023-11-10,0.0,0.0,0.0,3.0
L,11,1,2023-11-10,2023-11-17,0.0,0.0,0.0,3.0
L,11,1,2023-11-17,2023-11-24,0.0,0.0,0.0,3.0
L,11,1,2023-11-24,2023-12-01,0.0,0.0,0.0,3.0
L,11,1,2023-12-01,2023-12-08,0.0,0.0,0.0,3.0
L,11,1,2023-12-08,2023-12-15,0.0,0.0,0.0,3.0
L,11,1,2023-12-15,2023-12-22,0.0,0.0,0.0,3.0
L,11,1,2023-12-22,2023-12-29,0.0,0.0,0.0,3.0
L,11,1,2023-12-29,2024-01-05,0.0,0.0,0.0,3.0
L,11,1,2024-01-05,2024-01-12,0.0,0.0,0.0,3.0
L,11,1,2024-01-12,2024-01-19,0.0,0.0,0.0,3.0
L,11,1,2024-01-19,2024-01-26,0.0,0.0,0.0,3.0
L,11,1,2024-01-26,2024-02-02,0.0,0.0,0.0,3.0
L,11,1,2024-02-02,2024-02-09,0.0,0.0,0.0,3.0
L,11,1,2024-02-09,2024-02-16,0.0,0.0,0.0,3.0
L,11,1,2024-02-16,2024-02-23,0.0,0.0,0.0,3.0
L,11,1,2024-02-23,2024-03-01,0.0,0.0,0.0,3.0
L,11,1,2024-03-01,2024-03-08,0.0,0.0,0.0,3.0
L,11,1,2024-03-08,2024-03-15,0.0,0.0,0.0,3.0
L,11,1,2024-03-15,2024-03-22,0.0,0.0,0.0,3.0
L,11,1,2024-03-22,2024-03-29,0.0,0.0,0.0,3.0
L,11,1,2024-03-29,2024-04-05,0.0,0.0,0.0,3.0
L,11,1,2024-04-05,2024-04-12,0.0,0.0,0.0,3.0
L,11,1,2024-04-12,2024-04-19,0.0,0.0,0.0,3.0
L,11,1,2024-04-19,2024-04-26,0.0,0.0,0.0,3.0
L,11,1,2024-04-26,2024-05-03,0.0,0.0,0.0,3.0
L,11,1,2024-05-03,2024-05-10,0.0,0.0,0.0,3.0
L,11,1,2024-05-10,2024-05-17,0.0,0.0,0.0,3.0
L,11,1,2024-05-17,2024-05-24,0.0,0.0,0.0,3.0
L,11,1,2024-05-24,2024-05-31,0.0,0.0,0.0,3.0
L,11,1,2024-05-31,2024-06-07,0.0,0.0,0.0,3.0
L,11,1,2024-06-07,2024-06-14,0.0,0.0,0.0,3.0
L,11,1,2024-06-14,2024-06-21,1.0,0.0,0.0,3.0
L,11,1,2024-06-21,2024-06-28,1.0,0.0,0.0,3.0
L,11,1,2024-06-28,2024-07-05,0.0,0.0,0.0,3.0
L,11,1,2024-07-05,2024-07-12,0.0,0.0,0.0,3.0
L,11,1,2024-07-12,2024-07-19,0.0,0.0,0.0,3.0
L,11,1,2024-07-19,2024-07-26,1.0,0.0,0.0,3.0
L,11,1,2024-07-26,2024-08-02,8.0,0.0,0.0,3.0
L,11,1,2024-08-02,2024-08-09,4.0,0.0,0.0,3.0
L,11,1,2024-08-09,2024-08-16,0.0,0.0,0.0,3.0
L,11,1,2024-08-16,2024-08-23,1.0,0.0,0.0,8.0
L,11,1,2024-08-23,2024-08-30,0.0,0.0,0.0,8.0
L,11,1,2024-08-30,2024-09-06,0.0,0.0,0.0,8.0
L,11,1,2024-09-06,2024-09-13,0.0,0.0,0.0,8.0
L,11,1,2024-09-13,2024-09-20,1.0,0.0,0.0,8.0
L,11,1,2024-09-20,2024-09-27,0.0,0.0,0.0,8.0
L,11,1,2024-09-27,2024-10-04,0.0,0.0,0.0,8.0
L,11,1,2024-10-04,2024-10-11,0.0,0.0,0.0,8.0
L,11,1,2024-10-11,2024-10-18,0.0,0.0,0.0,8.0
L,11,1,2024-10-18,2024-10-25,0.0,0.0,0.0,8.0
L,11,1,2024-10-25,2024-11-01,1.0,0.0,0.0,8.0
L,11,1,2024-11-01,2024-11-08,0.0,0.0,0.0,8.0
L,11,1,2024-11-08,2024-11-15,0.0,0.0,0.0,8.0
L,11,1,2024-11-15,2024-11-22,0.0,0.0,0.0,8.0
L,11,1,2024-11-22,2024-11-29,0.0,0.0,0.0,8.0
L,11,1,2024-11-29,2024-12-06,0.0,0.0,0.0,8.0
L,11,1,2024-12-06,2024-12-13,0.0,0.0,0.0,8.0
L,11,1,2024-12-13,2024-12-20,0.0,0.0,0.0,8.0
L,11,1,2024-12-20,2024-12-27,0.0,0.0,0.0,8.0
L,11,1,2024-12-27,2025-01-03,0.0,0.0,0.0,8.0
L,11,1,2025-01-03,2025-01-10,0.0,0.0,0.0,8.0
L,11,1,2025-01-10,2025-01-17,0.0,0.0,0.0,8.0
L,11,1,2025-01-17,2025-01-24,0.0,0.0,0.0,8.0
L,11,1,2025-01-24,2025-01-31,0.0,0.0,0.0,8.0
L,11,1,2025-01-31,2025-02-07,0.0,0.0,0.0,8.0
L,11,1,2025-02-07,2025-02-14,0.0,0.0,0.0,8.0
L,11,1,2025-02-14,2025-02-21,0.0,0.0,0.0,8.0
L,11,1,2025-02-21,2025-02-28,0.0,0.0,0.0,8.0
L,11,1,2025-02-28,2025-03-07,0.0,0.0,0.0,8.0
L,11,1,2025-03-07,2025-03-14,0.0,0.0,0.0,8.0
L,11,1,2025-03-14,2025-03-21,0.0,0.0,0.0,8.0
L,11,1,2025-03-21,2025-03-28,0.0,0.0,0.0,8.0
L,11,1,2025-03-28,2025-04-04,0.0,0.0,0.0,8.0
L,11,1,2025-04-04,2025-04-11,0.0,0.0,0.0,8.0
L,11,1,2025-04-11,2025-04-18,0.0,0.0,0.0,8.0
L,11,1,2025-04-18,2025-04-25,0.0,0.0,0.0,8.0
L,11,1,2025-04-25,2025-05-02,0.0,0.0,0.0,8.0
L,11,1,2025-05-02,2025-05-09,0.0,0.0,0.0,8.0
L,11,1,2025-05-09,2025-05-16,0.0,0.0,0.0,8.0
L,11,1,2025-05-16,2025-05-23,0.0,0.0,0.0,8.0
L,11,1,2025-05-23,2025-05-30,0.0,0.0,0.0,8.0
L,11,1,2025-05-30,2025-06-06,0.0,0.0,0.0,8.0
L,11,1,2025-06-06,2025-06-13,0.0,0.0,0.0,8.0
L,11,1,2025-06-13,2025-06-20,0.0,0.0,0.0,8.0
L,11,1,2025-06-20,2025-06-27,1.0,0.0,0.0,8.0
L,11,1,2025-06-27,2025-07-04,0.0,0.0,0.0,8.0
L,11,1,2025-07-04,2025-07-11,0.0,0.0,0.0,8.0
L,11,1,2025-07-11,2025-07-18,2.0,0.0,0.0,8.0
L,11,1,2025-07-18,2025-07-25,2.0,0.0,0.0,8.0
L,11,1,2025-07-25,2025-08-01,8.0,0.0,0.0,8.0
L,11,1,2025-08-01,2025-08-08,7.0,0.0,0.0,8.0
L,11,1,2025-08-08,2025-08-15,0.0,0.0,0.0,8.0
L,11,1,2025-08-15,2025-08-22,1.0,0.0,0.0,8.0
L,11,1,2025-08-22,2025-08-29,0.0,0.0,0.0,8.0
L,11,2,2023-02-17,2023-03-03,0.0,0.0621396079659462,0.0,1.0068044662475586
L,11,2,2023-02-24,2023-03-10,0.0,0.050825610756874084,0.0,0.9954904913902283
L,11,2,2023-03-03,2023-03-17,0.0,0.057752951979637146,0.0,1.002417802810669
L,11,2,2023-03-10,2023-03-24,0.0,0.06566715985536575,0.0,1.0103321075439453
L,11,2,2023-03-17,2023-03-31,0.0,0.06686558574438095,0.0,1.0115305185317993
L,11,2,2023-03-24,2023-04-07,0.0,0.054848745465278625,0.0,0.9995136260986328
L,11,2,2023-03-31,2023-04-14,0.0,0.045082323253154755,0.0,0.9897472262382507
L,11,2,2023-04-07,2023-04-21,0.0,0.04197877645492554,0.0,0.9866436719894409
L,11,2,2023-04-14,2023-04-28,0.0,0.023115526884794235,0.0,0.9677804112434387
L,11,2,2023-04-21,2023-05-05,0.0,0.03732790797948837,0.0,0.981992781162262
L,11,2,2023-04-28,2023-05-12,0.0,0.07125046104192734,0.0,1.0138102769851685
L,11,2,2023-05-05,2023-05-19,0.0,0.1076008751988411,0.0,1.0501606464385986
L,11,2,2023-05-12,2023-05-26,0.0,0.15531769394874573,0.0,1.0978775024414062
L,11,2,2023-05-19,2023-06-02,0.0,0.14784038066864014,0.0,1.090400218963623
L,11,2,2023-05-26,2023-06-09,0.0,0.19763538241386414,0.0,1.1401951313018799
L,11,2,2023-06-02,2023-06-16,0.0,0.1419197916984558,0.0,1.084479570388794
L,11,2,2023-06-09,2023-06-23,0.0,0.3088987171649933,0.0,1.2514585256576538
L,11,2,2023-06-16,2023-06-30,0.0,0.20286118984222412,0.0,1.145421028137207
L,11,2,2023-06-23,2023-07-07,1.0,0.15780285000801086,0.0,1.1003626585006714
L,11,2,2023-06-30,2023-07-14,0.0,0.13882571458816528,0.0,1.0813854932785034
L,11,2,2023-07-07,2023-07-21,1.0,0.1992911994457245,0.0,1.1418509483337402
L,11,2,2023-07-14,2023-07-28,1.0,0.29749590158462524,0.0,1.2400556802749634
L,11,2,2023-07-21,2023-08-04,0.0,0.23098567128181458,0.0,1.173545479774475
L,11,2,2023-07-28,2023-08-11,1.0,1.5982674360275269,1.0363128185272217,2.5408272743225098
L,11,2,2023-08-04,2023-08-18,1.0,0.7214381694793701,0.15948361158370972,1.6639978885650635
L,11,2,2023-08-11,2023-08-25,0.0,0.3409164249897003,0.0,1.2834762334823608
L,11,2,2023-08-18,2023-09-01,0.0,0.25952428579330444,0.0,1.2020840644836426
L,11,2,2023-08-25,2023-09-08,0.0,0.3682018220424652,0.0,1.310761570930481
L,11,2,2023-09-01,2023-09-15,3.0,0.2876465618610382,0.0,1.2302063703536987
L,11,2,2023-09-08,2023-09-22,0.0,0.19079872965812683,0.0,1.1333584785461426
L,11,2,2023-09-15,2023-09-29,0.0,0.20316088199615479,0.0,1.1457207202911377
L,11,2,2023-09-22,2023-10-06,0.0,0.1837621033191681,0.0,1.1263219118118286
L,11,2,2023-09-29,2023-10-13,1.0,0.1671941578388214,0.0,2.879547595977783
L,11,2,2023-10-06,2023-10-20,1.0,0.14043530821800232,0.0,2.8527886867523193
L,11,2,2023-10-13,2023-10-27,0.0,0.1164955273270607,0.0,2.8288490772247314
L,11,2,2023-10-20,2023-11-03,1.0,0.12645664811134338,0.0,2.8388102054595947
L,11,2,2023-10-27,2023-11-10,0.0,0.06135480850934982,0.0,2.7737083435058594
L,11,2,2023-11-03,2023-11-17,0.0,0.08754020929336548,0.0,2.799893617630005
L,11,2,2023-11-10,2023-11-24,0.0,0.05552654713392258,0.0,2.7678799629211426
L,11,2,2023-11-17,2023-12-01,0.0,0.08034660667181015,0.0,2.7927000522613525
L,11,2,2023-11-24,2023-12-08,0.0,0.10336942225694656,0.0,2.815722942352295
L,11,2,2023-12-01,2023-12-15,0.0,0.04527544975280762,0.0,2.757628917694092
L,11,2,2023-12-08,2023-12-22,0.0,0.06973040103912354,0.0,2.7820839881896973
L,11,2,2023-12-15,2023-12-29,0.0,0.05866934359073639,0.0,2.7710227966308594
L,11,2,2023-12-22,2024-01-05,0.0,0.06430690735578537,0.0,2.776660442352295
L,11,2,2023-12-29,2024-01-12,0.0,0.058368586003780365,0.0,2.7707221508026123
L,11,2,2024-01-05,2024-01-19,0.0,0.05608917772769928,0.0,2.7684426307678223
L,11,2,2024-01-12,2024-01-26,0.0,0.05856315791606903,0.0,2.770916700363159
L,11,2,2024-01-19,2024-02-02,0.0,0.046813465654850006,0.0,2.759166955947876
L,11,2,2024-01-26,2024-02-09,0.0,0.047894954681396484,0.0,2.7602484226226807
L,11,2,2024-02-02,2024-02-16,0.0,0.05898917466402054,0.0,2.7713427543640137
L,11,2,2024-02-09,2024-02-23,0.0,0.0735100582242012,0.0,2.7858636379241943
L,11,2,2024-02-16,2024-03-01,0.0,0.060426294803619385,0.0,2.772779703140259
L,11,2,2024-02-23,2024-03-08,0.0,0.06237533688545227,0.0,2.774728775024414
L,11,2,2024-03-01,2024-03-15,0.0,0.05363777279853821,0.0,2.7659912109375
L,11,2,2024-03-08,2024-03-22,0.0,0.05902385711669922,0.0,2.7713773250579834
L,11,2,2024-03-15,2024-03-29,0.0,0.06380444765090942,0.0,2.776157855987549
L,11,2,2024-03-22,2024-04-05,0.0,0.05842878669500351,0.0,2.770782232284546
L,11,2,2024-03-29,2024-04-12,0.0,0.04872182756662369,0.0,2.761075258255005
L,11,2,2024-04-05,2024-04-19,0.0,0.05259761959314346,0.0,2.76495099067688
L,11,2,2024-04-12,2024-04-26,0.0,0.06643807888031006,0.0,2.7787914276123047
L,11,2,2024-04-19,2024-05-03,0.0,0.05635605752468109,0.0,2.768709421157837
L,11,2,2024-04-26,2024-05-10,0.0,0.0683734193444252,0.0,2.780726909637451
L,11,2,2024-05-03,2024-05-17,0.0,0.09485206007957458,0.0,2.8072054386138916
L,11,2,2024-05-10,2024-05-24,0.0,0.15282395482063293,0.0,2.8651773929595947
L,11,2,2024-05-17,2024-05-31,0.0,0.19151213765144348,0.0,2.9038655757904053
L,11,2,2024-05-24,2024-06-07,0.0,0.427273154258728,0.0,3.1396265029907227
L,11,2,2024-05-31,2024-06-14,0.0,0.2797170877456665,0.0,2.9920706748962402
L,11,2,2024-06-07,2024-06-21,1.0,0.2440183460712433,0.0,2.956371784210205
L,11,2,2024-06-14,2024-06-28,1.0,0.29941144585609436,0.0,3.0117650032043457
L,11,2,2024-06-21,2024-07-05,0.0,0.4286978244781494,0.0,3.1410512924194336
L,11,2,2024-06-28,2024-07-12,0.0,0.38195323944091797,0.0,3.094306707382202
L,11,2,2024-07-05,2024-07-19,0.0,0.314098984003067,0.0,3.0264525413513184
L,11,2,2024-07-12,2024-07-26,1.0,0.2758766710758209,0.0,2.9882302284240723
L,11,2,2024-07-19,2024-08-02,8.0,0.6954552531242371,0.0971878170967102,3.407808780670166
L,11,2,2024-07-26,2024-08-09,4.0,0.7288240194320679,0.13055658340454102,3.4411773681640625
L,11,2,2024-08-02,2024-08-16,0.0,0.7671988010406494,0.16893136501312256,3.4795522689819336
L,11,2,2024-08-09,2024-08-23,1.0,0.7885608673095703,0.19029343128204346,3.5009143352508545
L,11,2,2024-08-16,2024-08-30,0.0,0.3964864909648895,0.0,7.70103120803833
L,11,2,2024-08-23,2024-09-06,0.0,0.46557366847991943,0.03687584400177002,7.770118713378906
L,11,2,2024-08-30,2024-09-13,0.0,1.0801657438278198,0.3129669427871704,8.384710311889648
L,11,2,2024-09-06,2024-09-20,1.0,0.6603179574012756,0.0,7.964862823486328
L,11,2,2024-09-13,2024-09-27,0.0,0.5790424942970276,0.0,7.88358736038208
L,11,2,2024-09-20,2024-10-04,0.0,0.650443971157074,0.0,7.954988956451416
L,11,2,2024-09-27,2024-10-11,0.0,0.3597111999988556,0.0,7.6642560958862305
L,11,2,2024-10-04,2024-10-18,0.0,0.1436181366443634,0.0,7.448163032531738
L,11,2,2024-10-11,2024-10-25,0.0,0.10952722281217575,0.0,7.414072036743164
L,11,2,2024-10-18,2024-11-01,1.0,0.15980395674705505,0.0,7.464348793029785
L,11,2,2024-10-25,2024-11-08,0.0,0.19697540998458862,0.0,7.501520156860352
L,11,2,2024-11-01,2024-11-15,0.0,0.05723034590482712,0.0,7.3617753982543945
L,11,2,2024-11-08,2024-11-22,0.0,0.08164625614881516,0.0,7.386191368103027
L,11,2,2024-11-15,2024-11-29,0.0,0.08185503631830215,0.0,7.386399745941162
L,11,2,2024-11-22,2024-12-06,0.0,0.0687960535287857,0.0,7.373341083526611
L,11,2,2024-11-29,2024-12-13,0.0,0.04885563999414444,0.0,7.353400707244873
L,11,2,2024-12-06,2024-12-20,0.0,0.045248888432979584,0.0,7.349793910980225
L,11,2,2024-12-13,2024-12-27,0.0,0.05176020413637161,0.0,7.356305122375488
L,11,2,2024-12-20,2025-01-03,0.0,0.06112954020500183,0.0,7.3656744956970215
L,11,2,2024-12-27,2025-01-10,0.0,0.07811284065246582,0.0,7.382658004760742
L,11,2,2025-01-03,2025-01-17,0.0,0.07956032454967499,0.0,7.384105205535889
L,11,2,2025-01-10,2025-01-24,0.0,0.07069829106330872,0.0,7.375243186950684
L,11,2,2025-01-17,2025-01-31,0.0,0.07393895834684372,0.0,7.378483772277832
L,11,2,2025-01-24,2025-02-07,0.0,0.06627357006072998,0.0,7.370818614959717
L,11,2,2025-01-31,2025-02-14,0.0,0.06766171008348465,0.0,7.372206687927246
L,11,2,2025-02-07,2025-02-21,0.0,0.06946047395467758,0.0,7.374005317687988
L,11,2,2025-02-14,2025-02-28,0.0,0.08117914199829102,0.0,7.385724067687988
L,11,2,2025-02-21,2025-03-07,0.0,0.061039961874485016,0.0,7.365584850311279
L,11,2,2025-02-28,2025-03-14,0.0,0.06134699285030365,0.0,7.365891933441162
L,11,2,2025-03-07,2025-03-21,0.0,0.0346347950398922,0.0,7.339179515838623
L,11,2,2025-03-14,2025-03-28,0.0,0.03619610145688057,0.0,7.340741157531738
L,11,2,2025-03-21,2025-04-04,0.0,0.05114977806806564,0.0,7.355694770812988
L,11,2,2025-03-28,2025-04-11,0.0,0.06877372413873672,0.0,7.373318672180176
L,11,2,2025-04-04,2025-04-18,0.0,0.08107918500900269,0.0,7.385623931884766
L,11,2,2025-04-11,2025-04-25,0.0,0.08765359222888947,0.0,7.39219856262207
L,11,2,2025-04-18,2025-05-02,0.0,0.07830964773893356,0.0,7.382854461669922
L,11,2,2025-04-25,2025-05-09,0.0,0.0669378936290741,0.0,7.371482849121094
L,11,2,2025-05-02,2025-05-16,0.0,0.07980386912822723,0.0,7.3843488693237305
L,11,2,2025-05-09,2025-05-23,0.0,0.10348696261644363,0.0,7.408031940460205
L,11,2,2025-05-16,2025-05-30,0.0,0.16959261894226074,0.0,7.474137306213379
L,11,2,2025-05-23,2025-06-06,0.0,0.20847466588020325,0.0,7.513019561767578
L,11,2,2025-05-30,2025-06-13,0.0,0.28883096575737,0.0,7.5933756828308105
L,11,2,2025-06-06,2025-06-20,0.0,0.3497326970100403,0.0,7.654277801513672
L,11,2,2025-06-13,2025-06-27,1.0,0.23210737109184265,0.0,7.536652088165283
L,11,2,2025-06-20,2025-07-04,0.0,0.20801663398742676,0.0,7.512561798095703
L,11,2,2025-06-27,2025-07-11,0.0,0.2998715937137604,0.0,7.604416370391846
L,11,2,2025-07-04,2025-07-18,2.0,0.6461667418479919,0.0,7.950711727142334
L,11,2,2025-07-11,2025-07-25,2.0,1.6931135654449463,0.6129478216171265,8.997658729553223
L,11,2,2025-07-18,2025-08-01,8.0,4.917330265045166,3.8371644020080566,12.221875190734863
L,11,2,2025-07-25,2025-08-08,7.0,3.550250768661499,2.4700851440429688,10.854795455932617
L,11,2,2025-08-01,2025-08-15,0.0,0.9983415603637695,0.0,8.302886962890625
L,11,2,2025-08-08,2025-08-22,1.0,0.3791794180870056,0.0,7.683724403381348
L,11,2,2025-08-15,2025-08-29,0.0,0.266624391078949,0.0,3.5378003120422363
L,11,2,2025-08-22,2025-09-05,,0.4678451418876648,0.0,3.9175944328308105
L,11,4,2023-02-17,2023-03-17,0.0,0.10685671865940094,0.0,0.9540553092956543
L,11,4,2023-02-24,2023-03-24,0.0,0.10778951644897461,0.0,0.9549881219863892
L,11,4,2023-03-03,2023-03-31,0.0,0.10666384547948837,0.0,0.9538624286651611
L,11,4,2023-03-10,2023-04-07,0.0,0.10776270925998688,0.0,0.9549612998962402
L,11,4,2023-03-17,2023-04-14,0.0,0.1104699969291687,0.0,0.9576686024665833
L,11,4,2023-03-24,2023-04-21,0.0,0.11680024117231369,0.0,0.9639988541603088
L,11,4,2023-03-31,2023-04-28,0.0,0.11598153412342072,0.0,0.9631801247596741
L,11,4,2023-04-07,2023-05-05,0.0,0.1140868291258812,0.0,0.961285412311554
L,11,4,2023-04-14,2023-05-12,0.0,0.1347770094871521,0.0,0.9819756150245667
L,11,4,2023-04-21,2023-05-19,0.0,0.13651928305625916,0.0,0.9837179183959961
L,11,4,2023-04-28,2023-05-26,0.0,0.17719273269176483,0.0,1.001907467842102
L,11,4,2023-05-05,2023-06-02,0.0,0.2648543119430542,0.0,1.089569091796875
L,11,4,2023-05-12,2023-06-09,0.0,0.22735923528671265,0.0,1.0520739555358887
L,11,4,2023-05-19,2023-06-16,0.0,0.1792253851890564,0.0,1.0039401054382324
L,11,4,2023-05-26,2023-06-23,0.0,0.20776158571243286,0.0,1.0324764251708984
L,11,4,2023-06-02,2023-06-30,0.0,0.42687976360321045,0.0,1.2515945434570312
L,11,4,2023-06-09,2023-07-07,1.0,0.5464516878128052,0.0,1.371166467666626
L,11,4,2023-06-16,2023-07-14,0.0,0.5053188800811768,0.0,1.3300336599349976
L,11,4,2023-06-23,2023-07-21,1.0,0.7474536299705505,0.0,1.5721683502197266
L,11,4,2023-06-30,2023-07-28,1.0,0.7333701252937317,0.0,1.5580849647521973
L,11,4,2023-07-07,2023-08-04,0.0,0.8216385245323181,0.0,1.6463532447814941
L,11,4,2023-07-14,2023-08-11,1.0,0.6376828551292419,0.0,1.462397575378418
L,11,4,2023-07-21,2023-08-18,1.0,0.2837965488433838,0.0,1.1085113286972046
L,11,4,2023-07-28,2023-08-25,0.0,0.6097926497459412,0.1044737696647644,1.4345073699951172
L,11,4,2023-08-04,2023-09-01,0.0,0.4250730574131012,0.0,1.2497878074645996
L,11,4,2023-08-11,2023-09-08,0.0,0.5113364458084106,0.006017565727233887,1.3360512256622314
L,11,4,2023-08-18,2023-09-15,3.0,0.6261100769042969,0.0,1.4508248567581177
L,11,4,2023-08-25,2023-09-22,0.0,0.4242817759513855,0.0,1.2489964962005615
L,11,4,2023-09-01,2023-09-29,0.0,0.3060360252857208,0.0,1.1307507753372192
L,11,4,2023-09-08,2023-10-06,0.0,0.4290269613265991,0.0,1.25374174118042
L,11,4,2023-09-15,2023-10-13,1.0,0.6923091411590576,0.0,1.5170239210128784
L,11,4,2023-09-22,2023-10-20,1.0,0.7315666079521179,0.0,1.556281328201294
L,11,4,2023-09-29,2023-10-27,0.0,0.35244056582450867,0.0,2.726330518722534
L,11,4,2023-10-06,2023-11-03,1.0,0.24136292934417725,0.0,2.61525297164917
L,11,4,2023-10-13,2023-11-10,0.0,0.28366324305534363,0.0,2.657553195953369
L,11,4,2023-10-20,2023-11-17,0.0,0.26913344860076904,0.0,2.6430234909057617
L,11,4,2023-10-27,2023-11-24,0.0,0.1986495852470398,0.0,2.5725395679473877
L,11,4,2023-11-03,2023-12-01,0.0,0.18615785241127014,0.0,2.5600478649139404
L,11,4,2023-11-10,2023-12-08,0.0,0.17122015357017517,0.0,2.545109987258911
L,11,4,2023-11-17,2023-12-15,0.0,0.17811214923858643,0.0,2.552001953125
L,11,4,2023-11-24,2023-12-22,0.0,0.14695918560028076,0.0,2.5208492279052734
L,11,4,2023-12-01,2023-12-29,0.0,0.13650768995285034,0.0,2.5103976726531982
L,11,4,2023-12-08,2024-01-05,0.0,0.1261274814605713,0.0,2.5000174045562744
L,11,4,2023-12-15,2024-01-12,0.0,0.15262934565544128,0.0,2.526519298553467
L,11,4,2023-12-22,2024-01-19,0.0,0.13543665409088135,0.0,2.509326457977295
L,11,4,2023-12-29,2024-01-26,0.0,0.12983918190002441,0.0,2.5037291049957275
L,11,4,2024-01-05,2024-02-02,0.0,0.11330777406692505,0.0,2.4871976375579834
L,11,4,2024-01-12,2024-02-09,0.0,0.121747687458992,0.0,2.4956376552581787
L,11,4,2024-01-19,2024-02-16,0.0,0.1098131537437439,0.0,2.483703136444092
L,11,4,2024-01-26,2024-02-23,0.0,0.10443776100873947,0.0,2.478327751159668
L,11,4,2024-02-02,2024-03-01,0.0,0.10274635255336761,0.0,2.4766361713409424
L,11,4,2024-02-09,2024-03-08,0.0,0.11084579676389694,0.0,2.4847357273101807
L,11,4,2024-02-16,2024-03-15,0.0,0.11621290445327759,0.0,2.490102767944336
L,11,4,2024-02-23,2024-03-22,0.0,0.11485792696475983,0.0,2.4887478351593018
L,11,4,2024-03-01,2024-03-29,0.0,0.10773935168981552,0.0,2.4816293716430664
L,11,4,2024-03-08,2024-04-05,0.0,0.1128721833229065,0.0,2.486762046813965
L,11,4,2024-03-15,2024-04-12,0.0,0.11230345815420151,0.0,2.4861934185028076
L,11,4,2024-03-22,2024-04-19,0.0,0.13011670112609863,0.0,2.5040066242218018
L,11,4,2024-03-29,2024-04-26,0.0,0.1299685686826706,0.0,2.5038585662841797
L,11,4,2024-04-05,2024-05-03,0.0,0.1438993215560913,0.0,2.517789363861084
L,11,4,2024-04-12,2024-05-10,0.0,0.1658620834350586,0.0,2.5397520065307617
L,11,4,2024-04-19,2024-05-17,0.0,0.18844568729400635,0.0,2.56233549118042
L,11,4,2024-04-26,2024-05-24,0.0,0.21521466970443726,0.0,2.589104652404785
L,11,4,2024-05-03,2024-05-31,0.0,0.28395652770996094,0.0,2.657846450805664
L,11,4,2024-05-10,2024-06-07,0.0,0.5875300168991089,0.0,2.9614200592041016
L,11,4,2024-05-17,2024-06-14,0.0,0.5220316648483276,0.0,2.8959217071533203
L,11,4,2024-05-24,2024-06-21,1.0,0.3367624282836914,0.0,2.7106523513793945
L,11,4,2024-05-31,2024-06-28,1.0,0.35502931475639343,0.0,2.728919267654419
L,11,4,2024-06-07,2024-07-05,0.0,0.7028728127479553,0.0,3.0767626762390137
L,11,4,2024-06-14,2024-07-12,0.0,1.1534044742584229,0.33176594972610474,3.527294397354126
L,11,4,2024-06-21,2024-07-19,0.0,1.642072319984436,0.8204337954521179,4.01596212387085
L,11,4,2024-06-28,2024-07-26,1.0,1.4018476009368896,0.5802090764045715,3.7757375240325928
L,11,4,2024-07-05,2024-08-02,8.0,1.116950273513794,0.29531174898147583,3.490840196609497
L,11,4,2024-07-12,2024-08-09,4.0,0.9884459972381592,0.16680747270584106,3.3623359203338623
L,11,4,2024-07-19,2024-08-16,0.0,0.47958460450172424,0.0,2.8534746170043945
L,11,4,2024-07-26,2024-08-23,1.0,0.37356188893318176,0.0,2.7474517822265625
L,11,4,2024-08-02,2024-08-30,0.0,0.8217599391937256,0.0,3.1956498622894287
L,11,4,2024-08-09,2024-09-06,0.0,1.0759716033935547,0.0,3.449861526489258
L,11,4,2024-08-16,2024-09-13,0.0,1.1969083547592163,0.0,8.079957962036133
L,11,4,2024-08-23,2024-09-20,1.0,0.6383321285247803,0.0,7.5213823318481445
L,11,4,2024-08-30,2024-09-27,0.0,0.7303503155708313,0.0,7.613400459289551
L,11,4,2024-09-06,2024-10-04,0.0,1.0868229866027832,0.0,7.969872951507568
L,11,4,2024-09-13,2024-10-11,0.0,0.44850242137908936,0.0,7.331552505493164
L,11,4,2024-09-20,2024-10-18,0.0,0.34237733483314514,0.0,7.225427150726318
L,11,4,2024-09-27,2024-10-25,0.0,0.3612332344055176,0.0,7.244283199310303
L,11,4,2024-10-04,2024-11-01,1.0,0.28012797236442566,0.0,7.163177967071533
L,11,4,2024-10-11,2024-11-08,0.0,0.3239257335662842,0.0,7.206975936889648
L,11,4,2024-10-18,2024-11-15,0.0,0.19018787145614624,0.0,7.073237895965576
L,11,4,2024-10-25,2024-11-22,0.0,0.14779287576675415,0.0,7.0308427810668945
L,11,4,2024-11-01,2024-11-29,0.0,0.13709720969200134,0.0,7.020147323608398
L,11,4,2024-11-08,2024-12-06,0.0,0.20117250084877014,0.0,7.084222316741943
L,11,4,2024-11-15,2024-12-13,0.0,0.2072640359401703,0.0,7.090313911437988
L,11,4,2024-11-22,2024-12-20,0.0,0.164420485496521,0.0,7.047470569610596
L,11,4,2024-11-29,2024-12-27,0.0,0.13706330955028534,0.0,7.020113468170166
L,11,4,2024-12-06,2025-01-03,0.0,0.15189500153064728,0.0,7.034945011138916
L,11,4,2024-12-13,2025-01-10,0.0,0.13417987525463104,0.0,7.017230033874512
L,11,4,2024-12-20,2025-01-17,0.0,0.1316073089838028,0.0,7.014657497406006
L,11,4,2024-12-27,2025-01-24,0.0,0.11796285212039948,0.0,7.001012802124023
L,11,4,2025-01-03,2025-01-31,0.0,0.12778699398040771,0.0,7.010837078094482
L,11,4,2025-01-10,2025-02-07,0.0,0.1228259950876236,0.0,7.005876064300537
L,11,4,2025-01-17,2025-02-14,0.0,0.11373341083526611,0.0,6.996783256530762
L,11,4,2025-01-24,2025-02-21,0.0,0.10135757178068161,0.0,6.984407424926758
L,11,4,2025-01-31,2025-02-28,0.0,0.10264592617750168,0.0,6.985695838928223
L,11,4,2025-02-07,2025-03-07,0.0,0.10328548401594162,0.0,6.986335277557373
L,11,4,2025-02-14,2025-03-14,0.0,0.10955508798360825,0.0,6.992605209350586
L,11,4,2025-02-21,2025-03-21,0.0,0.10623802244663239,0.0,6.989287853240967
L,11,4,2025-02-28,2025-03-28,0.0,0.1116325631737709,0.0,6.994682312011719
L,11,4,2025-03-07,2025-04-04,0.0,0.1152309775352478,0.0,6.998281002044678
L,11,4,2025-03-14,2025-04-11,0.0,0.11204558610916138,0.0,6.995095729827881
L,11,4,2025-03-21,2025-04-18,0.0,0.12421199679374695,0.0,7.007261753082275
L,11,4,2025-03-28,2025-04-25,0.0,0.1511518955230713,0.0,7.034201622009277
L,11,4,2025-04-04,2025-05-02,0.0,0.17411887645721436,0.0,7.057168960571289
L,11,4,2025-04-11,2025-05-09,0.0,0.19678860902786255,0.0,7.079838752746582
L,11,4,2025-04-18,2025-05-16,0.0,0.26019537448883057,0.0,7.143245220184326
L,11,4,2025-04-25,2025-05-23,0.0,0.3509838283061981,0.0,7.234033584594727
L,11,4,2025-05-02,2025-05-30,0.0,0.27691781520843506,0.0,7.15996789932251
L,11,4,2025-05-09,2025-06-06,0.0,0.3027767837047577,0.0,7.185826778411865
L,11,4,2025-05-16,2025-06-13,0.0,0.3248959481716156,0.0,7.207945823669434
L,11,4,2025-05-23,2025-06-20,0.0,0.300977885723114,0.0,7.184027671813965
L,11,4,2025-05-30,2025-06-27,1.0,0.2528565227985382,0.0,7.13590669631958
L,11,4,2025-06-06,2025-07-04,0.0,0.22114288806915283,0.0,7.104192733764648
L,11,4,2025-06-13,2025-07-11,0.0,0.36739620566368103,0.0,7.250446319580078
L,11,4,2025-06-20,2025-07-18,2.0,0.8915196657180786,0.0,7.774569511413574
L,11,4,2025-06-27,2025-07-25,2.0,1.1220159530639648,0.0,8.00506591796875
L,11,4,2025-07-04,2025-08-01,8.0,1.5228902101516724,0.0,8.405940055847168
L,11,4,2025-07-11,2025-08-08,7.0,0.5275750756263733,0.0,7.410624980926514
L,11,4,2025-07-18,2025-08-15,0.0,0.6856226921081543,0.0,7.5686726570129395
L,11,4,2025-07-25,2025-08-22,1.0,0.4032779335975647,0.0,7.286327838897705
L,11,4,2025-08-01,2025-08-29,0.0,0.4421302080154419,0.0,7.3251800537109375
L,11,4,2025-08-08,2025-09-05,,0.5870271921157837,0.0,7.470077037811279
L,11,4,2025-08-15,2025-09-12,,0.6425756216049194,0.0,7.119685649871826
L,11,4,2025-08-22,2025-09-19,,0.6240447163581848,0.0,7.101154804229736
L,11,8,2023-02-17,2023-04-14,0.0,0.038007091730833054,0.0,0.9356909394264221
L,11,8,2023-02-24,2023-04-21,0.0,0.03053853288292885,0.0,0.9282224178314209
L,11,8,2023-03-03,2023-04-28,0.0,0.05022662878036499,0.0,0.947910487651825
L,11,8,2023-03-10,2023-05-05,0.0,0.06172415614128113,0.0,0.9594080448150635
L,11,8,2023-03-17,2023-05-12,0.0,0.06419431418180466,0.0,0.9618781805038452
L,11,8,2023-03-24,2023-05-19,0.0,0.03018869459629059,0.0,0.9278725385665894
L,11,8,2023-03-31,2023-05-26,0.0,0.028590109199285507,0.0,0.9262739419937134
L,11,8,2023-04-07,2023-06-02,0.0,0.0949687734246254,0.0,0.9926526546478271
L,11,8,2023-04-14,2023-06-09,0.0,0.3386952877044678,0.0,1.2363791465759277
L,11,8,2023-04-21,2023-06-16,0.0,0.17853692173957825,0.0,1.0762207508087158
L,11,8,2023-04-28,2023-06-23,0.0,0.11375894397497177,0.0,1.01144278049469
L,11,8,2023-05-05,2023-06-30,0.0,0.21729710698127747,0.0,1.114980936050415
L,11,8,2023-05-12,2023-07-07,1.0,0.4649956226348877,0.0,1.3626794815063477
L,11,8,2023-05-19,2023-07-14,0.0,0.47832098603248596,0.0,1.3760048151016235
L,11,8,2023-05-26,2023-07-21,1.0,0.4880286455154419,0.0,1.3857125043869019
L,11,8,2023-06-02,2023-07-28,1.0,0.8102666139602661,0.0,1.707950472831726
L,11,8,2023-06-09,2023-08-04,0.0,1.3458229303359985,0.0,2.243506908416748
L,11,8,2023-06-16,2023-08-11,1.0,2.084047555923462,0.7097514867782593,2.981731414794922
L,11,8,2023-06-23,2023-08-18,1.0,0.8003779649734497,0.0,1.6980618238449097
L,11,8,2023-06-30,2023-08-25,0.0,1.9890961647033691,0.6148000955581665,2.886780023574829
L,11,8,2023-07-07,2023-09-01,0.0,1.149958610534668,0.0,2.047642469406128
L,11,8,2023-07-14,2023-09-08,0.0,0.48362573981285095,0.0,1.3813096284866333
L,11,8,2023-07-21,2023-09-15,3.0,0.5232670903205872,0.05187264084815979,1.4209508895874023
L,11,8,2023-07-28,2023-09-22,0.0,1.5144320726394653,1.0361111164093018,2.412116050720215
L,11,8,2023-08-04,2023-09-29,0.0,3.359626531600952,2.881305456161499,4.257310390472412
L,11,8,2023-08-11,2023-10-06,0.0,2.111445188522339,1.6331242322921753,3.009129047393799
L,11,8,2023-08-18,2023-10-13,1.0,0.5456608533859253,0.0,1.4433447122573853
L,11,8,2023-08-25,2023-10-20,1.0,0.10166651755571365,0.0,0.999350368976593
L,11,8,2023-09-01,2023-10-27,0.0,0.1109166294336319,0.0,0.8727469444274902
L,11,8,2023-09-08,2023-11-03,1.0,0.13241752982139587,0.0,0.8942478895187378
L,11,8,2023-09-15,2023-11-10,0.0,0.18444734811782837,0.0,0.9462776780128479
L,11,8,2023-09-22,2023-11-17,0.0,0.14423051476478577,0.0,0.9060608148574829
L,11,8,2023-09-29,2023-11-24,0.0,0.08281634747982025,0.0,2.559549331665039
L,11,8,2023-10-06,2023-12-01,0.0,0.09258032590150833,0.0,2.5693132877349854
L,11,8,2023-10-13,2023-12-08,0.0,0.14022651314735413,0.0,2.616959571838379
L,11,8,2023-10-20,2023-12-15,0.0,0.510773241519928,0.0,2.987506151199341
L,11,8,2023-10-27,2023-12-22,0.0,0.13320429623126984,0.0,2.6099371910095215
L,11,8,2023-11-03,2023-12-29,0.0,0.042285267263650894,0.0,2.5190181732177734
L,11,8,2023-11-10,2024-01-05,0.0,0.09922490268945694,0.0,2.575957775115967
L,11,8,2023-11-17,2024-01-12,0.0,0.22653046250343323,0.0,2.703263521194458
L,11,8,2023-11-24,2024-01-19,0.0,0.19447121024131775,0.0,2.671204090118408
L,11,8,2023-12-01,2024-01-26,0.0,0.05513542890548706,0.0,2.5318684577941895
L,11,8,2023-12-08,2024-02-02,0.0,0.12693697214126587,0.0,2.6036698818206787
L,11,8,2023-12-15,2024-02-09,0.0,0.21522191166877747,0.0,2.6919548511505127
L,11,8,2023-12-22,2024-02-16,0.0,0.09139741957187653,0.0,2.5681304931640625
L,11,8,2023-12-29,2024-02-23,0.0,0.036139458417892456,0.0,2.5128724575042725
L,11,8,2024-01-05,2024-03-01,0.0,0.05404338985681534,0.0,2.530776262283325
L,11,8,2024-01-12,2024-03-08,0.0,0.09600415825843811,0.0,2.572737216949463
L,11,8,2024-01-19,2024-03-15,0.0,0.03219248354434967,0.0,2.508925437927246
L,11,8,2024-01-26,2024-03-22,0.0,0.0497928112745285,0.0,2.5265257358551025
L,11,8,2024-02-02,2024-03-29,0.0,0.039973944425582886,0.0,2.516706943511963
L,11,8,2024-02-09,2024-04-05,0.0,0.03894872963428497,0.0,2.515681743621826
L,11,8,2024-02-16,2024-04-12,0.0,0.03326529636979103,0.0,2.509998321533203
L,11,8,2024-02-23,2024-04-19,0.0,0.03516655042767525,0.0,2.511899471282959
L,11,8,2024-03-01,2024-04-26,0.0,0.07490892708301544,0.0,2.5516419410705566
L,11,8,2024-03-08,2024-05-03,0.0,0.15217113494873047,0.0,2.628904104232788
L,11,8,2024-03-15,2024-05-10,0.0,0.32191160321235657,0.0,2.798644542694092
L,11,8,2024-03-22,2024-05-17,0.0,0.5271117091178894,0.0,3.003844738006592
L,11,8,2024-03-29,2024-05-24,0.0,1.1420141458511353,0.0,3.6187472343444824
L,11,8,2024-04-05,2024-05-31,0.0,1.3676948547363281,0.0,3.8444278240203857
L,11,8,2024-04-12,2024-06-07,0.0,0.9713376760482788,0.0,3.448070526123047
L,11,8,2024-04-19,2024-06-14,0.0,0.6453320980072021,0.0,3.1220650672912598
L,11,8,2024-04-26,2024-06-21,1.0,0.6594871282577515,0.0,3.1362199783325195
L,11,8,2024-05-03,2024-06-28,1.0,0.46716079115867615,0.0,2.9438936710357666
L,11,8,2024-05-10,2024-07-05,0.0,0.5514513850212097,0.0,3.028184413909912
L,11,8,2024-05-17,2024-07-12,0.0,0.7230093479156494,0.0,3.199742317199707
L,11,8,2024-05-24,2024-07-19,0.0,1.0410774946212769,0.0,3.517810344696045
L,11,8,2024-05-31,2024-07-26,1.0,0.9554792046546936,0.0,3.4322121143341064
L,11,8,2024-06-07,2024-08-02,8.0,0.8521099090576172,0.0,3.328842878341675
L,11,8,2024-06-14,2024-08-09,4.0,1.2252850532531738,0.0,3.7020180225372314
L,11,8,2024-06-21,2024-08-16,0.0,0.8063206076622009,0.0,3.2830536365509033
L,11,8,2024-06-28,2024-08-23,1.0,0.7184281349182129,0.0,3.1951611042022705
L,11,8,2024-07-05,2024-08-30,0.0,0.8468326926231384,0.0,3.323565721511841
L,11,8,2024-07-12,2024-09-06,0.0,1.3798588514328003,0.0,3.8565917015075684
L,11,8,2024-07-19,2024-09-13,0.0,2.2422776222229004,0.0,4.719010353088379
L,11,8,2024-07-26,2024-09-20,1.0,2.1975908279418945,0.0,4.674324035644531
L,11,8,2024-08-02,2024-09-27,0.0,2.3472838401794434,0.0,4.824016571044922
L,11,8,2024-08-09,2024-10-04,0.0,2.6756670475006104,0.0,5.152400016784668
L,11,8,2024-08-16,2024-10-11,0.0,0.44976574182510376,0.0,7.597655773162842
L,11,8,2024-08-23,2024-10-18,0.0,0.27770885825157166,0.0,7.425599098205566
L,11,8,2024-08-30,2024-10-25,0.0,0.4576342701911926,0.0,7.60552453994751
L,11,8,2024-09-06,2024-11-01,1.0,0.3855910301208496,0.0,7.533481121063232
L,11,8,2024-09-13,2024-11-08,0.0,0.3466697931289673,0.0,7.4945597648620605
L,11,8,2024-09-20,2024-11-15,0.0,0.07564409077167511,0.0,7.223534107208252
L,11,8,2024-09-27,2024-11-22,0.0,0.0,0.0,7.147890090942383
L,11,8,2024-10-04,2024-11-29,0.0,0.003155875951051712,0.0,7.151045799255371
L,11,8,2024-10-11,2024-12-06,0.0,0.033773116767406464,0.0,7.1816630363464355
L,11,8,2024-10-18,2024-12-13,0.0,0.11460849642753601,0.0,7.262498378753662
L,11,8,2024-10-25,2024-12-20,0.0,0.15767323970794678,0.0,7.305563449859619
L,11,8,2024-11-01,2024-12-27,0.0,0.19060483574867249,0.0,7.338494777679443
L,11,8,2024-11-08,2025-01-03,0.0,0.2202044427394867,0.0,7.368094444274902
L,11,8,2024-11-15,2025-01-10,0.0,0.1267586052417755,0.0,7.274648666381836
L,11,8,2024-11-22,2025-01-17,0.0,0.018582459539175034,0.0,7.166472434997559
L,11,8,2024-11-29,2025-01-24,0.0,0.02414349466562271,0.0,7.172033786773682
L,11,8,2024-12-06,2025-01-31,0.0,0.08056214451789856,0.0,7.228452205657959
L,11,8,2024-12-13,2025-02-07,0.0,0.1442815363407135,0.0,7.292171478271484
L,11,8,2024-12-20,2025-02-14,0.0,0.07786914706230164,0.0,7.225759029388428
L,11,8,2024-12-27,2025-02-21,0.0,0.10474146157503128,0.0,7.252631664276123
L,11,8,2025-01-03,2025-02-28,0.0,0.06134677678346634,0.0,7.209237098693848
L,11,8,2025-01-10,2025-03-07,0.0,0.05532392859458923,0.0,7.203214168548584
L,11,8,2025-01-17,2025-03-14,0.0,0.02550370618700981,0.0,7.173393726348877
L,11,8,2025-01-24,2025-03-21,0.0,0.04743010550737381,0.0,7.195320129394531
L,11,8,2025-01-31,2025-03-28,0.0,0.06416501104831696,0.0,7.212055206298828
L,11,8,2025-02-07,2025-04-04,0.0,0.027817845344543457,0.0,7.175707817077637
L,11,8,2025-02-14,2025-04-11,0.0,0.029781676828861237,0.0,7.177671909332275
L,11,8,2025-02-21,2025-04-18,0.0,0.053620871156454086,0.0,7.201510906219482
L,11,8,2025-02-28,2025-04-25,0.0,0.06912493705749512,0.0,7.217015266418457
L,11,8,2025-03-07,2025-05-02,0.0,0.05373021215200424,0.0,7.201620101928711
L,11,8,2025-03-14,2025-05-09,0.0,0.06918979436159134,0.0,7.217080116271973
L,11,8,2025-03-21,2025-05-16,0.0,0.05560939759016037,0.0,7.2034993171691895
L,11,8,2025-03-28,2025-05-23,0.0,0.08870340883731842,0.0,7.236593723297119
L,11,8,2025-04-04,2025-05-30,0.0,0.12329211086034775,0.0,7.271182060241699
L,11,8,2025-04-11,2025-06-06,0.0,0.18170860409736633,0.0,7.329598903656006
L,11,8,2025-04-18,2025-06-13,0.0,0.33994776010513306,0.0,7.487837791442871
L,11,8,2025-04-25,2025-06-20,0.0,0.4790404736995697,0.0,7.6269307136535645
L,11,8,2025-05-02,2025-06-27,1.0,0.31757381558418274,0.0,7.465464115142822
L,11,8,2025-05-09,2025-07-04,0.0,0.3000914752483368,0.0,7.447981357574463
L,11,8,2025-05-16,2025-07-11,0.0,0.5909966230392456,0.0,7.738886833190918
L,11,8,2025-05-23,2025-07-18,2.0,0.7225737571716309,0.0,7.870463848114014
L,11,8,2025-05-30,2025-07-25,2.0,0.9000622630119324,0.0,8.047952651977539
L,11,8,2025-06-06,2025-08-01,8.0,1.0220624208450317,0.0,8.169952392578125
L,11,8,2025-06-13,2025-08-08,7.0,0.49516597390174866,0.0,7.6430559158325195
L,11,8,2025-06-20,2025-08-15,0.0,0.6241880655288696,0.0,7.772078037261963
L,11,8,2025-06-27,2025-08-22,1.0,0.6124723553657532,0.0,7.76036262512207
L,11,8,2025-07-04,2025-08-29,0.0,0.4259231984615326,0.0,7.573813438415527
L,11,8,2025-07-11,2025-09-05,,0.4415554702281952,0.0,7.5894455909729
L,11,8,2025-07-18,2025-09-12,,0.897379457950592,0.0,8.045269966125488
L,11,8,2025-07-25,2025-09-19,,0.8964518904685974,0.0,8.044342041015625
L,11,8,2025-08-01,2025-09-26,,0.3571532964706421,0.0,7.5050435066223145
L,11,8,2025-08-08,2025-10-03,,0.09727247059345245,0.0,7.245162487030029
L,11,8,2025-08-15,2025-10-10,,0.08661085367202759,0.0,7.064548492431641
L,11,8,2025-08-22,2025-10-17,,0.16183826327323914,0.0,7.13977575302124
L,11,12,2023-02-17,2023-05-12,0.0,0.11135541647672653,0.0,0.8787664175033569
L,11,12,2023-02-24,2023-05-19,0.0,0.12187814712524414,0.0,0.889289140701294
L,11,12,2023-03-03,2023-05-26,0.0,0.11571775376796722,0.0,0.8831287622451782
L,11,12,2023-03-10,2023-06-02,0.0,0.1466829776763916,0.0,0.9140939712524414
L,11,12,2023-03-17,2023-06-09,0.0,0.1564420759677887,0.0,0.9238530397415161
L,11,12,2023-03-24,2023-06-16,0.0,0.15257030725479126,0.0,0.9199813008308411
L,11,12,2023-03-31,2023-06-23,0.0,0.14275071024894714,0.0,0.9101617336273193
L,11,12,2023-04-07,2023-06-30,0.0,0.16227266192436218,0.0,0.9296836853027344
L,11,12,2023-04-14,2023-07-07,1.0,0.2670596241950989,0.0,1.034470558166504
L,11,12,2023-04-21,2023-07-14,0.0,0.29464372992515564,0.0,1.0620547533035278
L,11,12,2023-04-28,2023-07-21,1.0,0.4512816071510315,0.0,1.2186925411224365
L,11,12,2023-05-05,2023-07-28,1.0,0.4884895086288452,0.0,1.255900502204895
L,11,12,2023-05-12,2023-08-04,0.0,0.8116039633750916,0.0,1.5790150165557861
L,11,12,2023-05-19,2023-08-11,1.0,0.7960790395736694,0.0,1.5634900331497192
L,11,12,2023-05-26,2023-08-18,1.0,0.4830929636955261,0.0,1.2505040168762207
L,11,12,2023-06-02,2023-08-25,0.0,1.696328043937683,0.0,2.4637389183044434
L,11,12,2023-06-09,2023-09-01,0.0,0.6856507658958435,0.0,1.453061819076538
L,11,12,2023-06-16,2023-09-08,0.0,0.6386402249336243,0.0,1.4060511589050293
L,11,12,2023-06-23,2023-09-15,3.0,0.4552207291126251,0.0,1.2226316928863525
L,11,12,2023-06-30,2023-09-22,0.0,0.6868986487388611,0.0,1.4543097019195557
L,11,12,2023-07-07,2023-09-29,0.0,0.6612834930419922,0.0,1.428694486618042
L,11,12,2023-07-14,2023-10-06,0.0,0.4105568528175354,0.0,1.1779677867889404
L,11,12,2023-07-21,2023-10-13,1.0,0.1354677528142929,0.0,0.9028787612915039
L,11,12,2023-07-28,2023-10-20,1.0,0.2565906047821045,0.0,1.0240015983581543
L,11,12,2023-08-04,2023-10-27,0.0,0.5348668098449707,0.0,1.3022778034210205
L,11,12,2023-08-11,2023-11-03,1.0,0.5625993013381958,0.0,1.3300102949142456
L,11,12,2023-08-18,2023-11-10,0.0,0.459779292345047,0.0,1.2271902561187744
L,11,12,2023-08-25,2023-11-17,0.0,0.16831615567207336,0.0,0.9357271194458008
L,11,12,2023-09-01,2023-11-24,0.0,0.10079826414585114,0.0,0.8682092428207397
L,11,12,2023-09-08,2023-12-01,0.0,0.1053541824221611,0.0,0.8727651834487915
L,11,12,2023-09-15,2023-12-08,0.0,0.14421114325523376,0.0,0.911622166633606
L,11,12,2023-09-22,2023-12-15,0.0,0.2079683095216751,0.0,0.9753792881965637
L,11,12,2023-09-29,2023-12-22,0.0,0.15389053523540497,0.0,2.698669910430908
L,11,12,2023-10-06,2023-12-29,0.0,0.05575021356344223,0.0,2.600529432296753
L,11,12,2023-10-13,2024-01-05,0.0,0.07668795436620712,0.0,2.621467351913452
L,11,12,2023-10-20,2024-01-12,0.0,0.17920443415641785,0.0,2.7239837646484375
L,11,12,2023-10-27,2024-01-19,0.0,0.14957796037197113,0.0,2.69435715675354
L,11,12,2023-11-03,2024-01-26,0.0,0.09497641026973724,0.0,2.6397557258605957
L,11,12,2023-11-10,2024-02-02,0.0,0.07316059619188309,0.0,2.6179399490356445
L,11,12,2023-11-17,2024-02-09,0.0,0.08482541143894196,0.0,2.6296048164367676
L,11,12,2023-11-24,2024-02-16,0.0,0.11786018311977386,0.0,2.6626393795013428
L,11,12,2023-12-01,2024-02-23,0.0,0.14548414945602417,0.0,2.690263509750366
L,11,12,2023-12-08,2024-03-01,0.0,0.16419430077075958,0.0,2.7089736461639404
L,11,12,2023-12-15,2024-03-08,0.0,0.21177101135253906,0.0,2.7565503120422363
L,11,12,2023-12-22,2024-03-15,0.0,0.1004919707775116,0.0,2.6452713012695312
L,11,12,2023-12-29,2024-03-22,0.0,0.140267014503479,0.0,2.6850461959838867
L,11,12,2024-01-05,2024-03-29,0.0,0.13693122565746307,0.0,2.6817104816436768
L,11,12,2024-01-12,2024-04-05,0.0,0.10125528275966644,0.0,2.6460344791412354
L,11,12,2024-01-19,2024-04-12,0.0,0.09116742759943008,0.0,2.635946750640869
L,11,12,2024-01-26,2024-04-19,0.0,0.08451755344867706,0.0,2.6292967796325684
L,11,12,2024-02-02,2024-04-26,0.0,0.10982463508844376,0.0,2.654603958129883
L,11,12,2024-02-09,2024-05-03,0.0,0.14219032227993011,0.0,2.686969518661499
L,11,12,2024-02-16,2024-05-10,0.0,0.10297621041536331,0.0,2.6477556228637695
L,11,12,2024-02-23,2024-05-17,0.0,0.1335015445947647,0.0,2.678280830383301
L,11,12,2024-03-01,2024-05-24,0.0,0.16756173968315125,0.0,2.712341070175171
L,11,12,2024-03-08,2024-05-31,0.0,0.2559553384780884,0.0,2.800734519958496
L,11,12,2024-03-15,2024-06-07,0.0,0.4512477517127991,0.0,2.9960269927978516
L,11,12,2024-03-22,2024-06-14,0.0,0.7069289684295654,0.0,3.2517082691192627
L,11,12,2024-03-29,2024-06-21,1.0,0.711088240146637,0.0,3.2558674812316895
L,11,12,2024-04-05,2024-06-28,1.0,0.7641983032226562,0.0,3.3089776039123535
L,11,12,2024-04-12,2024-07-05,0.0,0.8585097789764404,0.0,3.4032890796661377
L,11,12,2024-04-19,2024-07-12,0.0,0.6879909038543701,0.0,3.2327702045440674
L,11,12,2024-04-26,2024-07-19,0.0,0.7679879665374756,0.0,3.312767267227173
L,11,12,2024-05-03,2024-07-26,1.0,0.6047810316085815,0.0,3.1495604515075684
L,11,12,2024-05-10,2024-08-02,8.0,0.6633483171463013,0.0,3.208127498626709
L,11,12,2024-05-17,2024-08-09,4.0,1.0925183296203613,0.0,3.6372976303100586
L,11,12,2024-05-24,2024-08-16,0.0,1.0552301406860352,0.0,3.6000094413757324
L,11,12,2024-05-31,2024-08-23,1.0,0.9892284274101257,0.0,3.5340077877044678
L,11,12,2024-06-07,2024-08-30,0.0,1.2782893180847168,0.0,3.823068618774414
L,11,12,2024-06-14,2024-09-06,0.0,2.385436534881592,0.6891084909439087,4.930215835571289
L,11,12,2024-06-21,2024-09-13,0.0,1.8372331857681274,0.14090514183044434,4.382012367248535
L,11,12,2024-06-28,2024-09-20,1.0,1.1064503192901611,0.0,3.6512296199798584
L,11,12,2024-07-05,2024-09-27,0.0,0.7238527536392212,0.0,3.268631935119629
L,11,12,2024-07-12,2024-10-04,0.0,0.7514501810073853,0.0,3.296229362487793
L,11,12,2024-07-19,2024-10-11,0.0,0.6214547157287598,0.0,3.166234016418457
L,11,12,2024-07-26,2024-10-18,0.0,0.4410702884197235,0.0,2.985849618911743
L,11,12,2024-08-02,2024-10-25,0.0,0.5319768190383911,0.0,3.076756000518799
L,11,12,2024-08-09,2024-11-01,1.0,0.6191123723983765,0.0,3.1638917922973633
L,11,12,2024-08-16,2024-11-08,0.0,0.727777361869812,0.0,8.06442928314209
L,11,12,2024-08-23,2024-11-15,0.0,0.3230307698249817,0.0,7.659682750701904
L,11,12,2024-08-30,2024-11-22,0.0,0.16406460106372833,0.0,7.500716209411621
L,11,12,2024-09-06,2024-11-29,0.0,0.1843428611755371,0.0,7.520994663238525
L,11,12,2024-09-13,2024-12-06,0.0,0.1838037371635437,0.0,7.520455360412598
L,11,12,2024-09-20,2024-12-13,0.0,0.16351619362831116,0.0,7.5001678466796875
L,11,12,2024-09-27,2024-12-20,0.0,0.23670148849487305,0.0,7.573353290557861
L,11,12,2024-10-04,2024-12-27,0.0,0.15665055811405182,0.0,7.493302345275879
L,11,12,2024-10-11,2025-01-03,0.0,0.06021265685558319,0.0,7.396864414215088
L,11,12,2024-10-18,2025-01-10,0.0,0.07596750557422638,0.0,7.412619113922119
L,11,12,2024-10-25,2025-01-17,0.0,0.06784504652023315,0.0,7.404496669769287
L,11,12,2024-11-01,2025-01-24,0.0,0.10443742573261261,0.0,7.441089153289795
L,11,12,2024-11-08,2025-01-31,0.0,0.10695656388998032,0.0,7.443608283996582
L,11,12,2024-11-15,2025-02-07,0.0,0.15891008079051971,0.0,7.4955620765686035
L,11,12,2024-11-22,2025-02-14,0.0,0.07940062880516052,0.0,7.416052341461182
L,11,12,2024-11-29,2025-02-21,0.0,0.05585012212395668,0.0,7.3925018310546875
L,11,12,2024-12-06,2025-02-28,0.0,0.057007137686014175,0.0,7.3936591148376465
L,11,12,2024-12-13,2025-03-07,0.0,0.10076704621315002,0.0,7.4374189376831055
L,11,12,2024-12-20,2025-03-14,0.0,0.08198250085115433,0.0,7.418634414672852
L,11,12,2024-12-27,2025-03-21,0.0,0.11079119145870209,0.0,7.447443008422852
L,11,12,2025-01-03,2025-03-28,0.0,0.09095408022403717,0.0,7.427606105804443
L,11,12,2025-01-10,2025-04-04,0.0,0.0785282552242279,0.0,7.415180206298828
L,11,12,2025-01-17,2025-04-11,0.0,0.06655151396989822,0.0,7.40320348739624
L,11,12,2025-01-24,2025-04-18,0.0,0.07254306226968765,0.0,7.4091949462890625
L,11,12,2025-01-31,2025-04-25,0.0,0.06902400404214859,0.0,7.405675888061523
L,11,12,2025-02-07,2025-05-02,0.0,0.07139164209365845,0.0,7.408043384552002
L,11,12,2025-02-14,2025-05-09,0.0,0.08412634581327438,0.0,7.420778274536133
L,11,12,2025-02-21,2025-05-16,0.0,0.0790707916021347,0.0,7.415722370147705
L,11,12,2025-02-28,2025-05-23,0.0,0.09215427190065384,0.0,7.428806304931641
L,11,12,2025-03-07,2025-05-30,0.0,0.11425738036632538,0.0,7.45090913772583
L,11,12,2025-03-14,2025-06-06,0.0,0.10834335535764694,0.0,7.444994926452637
L,11,12,2025-03-21,2025-06-13,0.0,0.14716333150863647,0.0,7.4838151931762695
L,11,12,2025-03-28,2025-06-20,0.0,0.19438552856445312,0.0,7.531037330627441
L,11,12,2025-04-04,2025-06-27,1.0,0.3000464141368866,0.0,7.636698246002197
L,11,12,2025-04-11,2025-07-04,0.0,0.33256226778030396,0.0,7.669214248657227
L,11,12,2025-04-18,2025-07-11,0.0,0.4411878287792206,0.0,7.777839660644531
L,11,12,2025-04-25,2025-07-18,2.0,0.4520646333694458,0.0,7.7887163162231445
L,11,12,2025-05-02,2025-07-25,2.0,0.5162692070007324,0.0,7.852921009063721
L,11,12,2025-05-09,2025-08-01,8.0,0.4835164248943329,0.0,7.8201680183410645
L,11,12,2025-05-16,2025-08-08,7.0,0.7383560538291931,0.0,8.075007438659668
L,11,12,2025-05-23,2025-08-15,0.0,0.9183927178382874,0.0,8.255044937133789
L,11,12,2025-05-30,2025-08-22,1.0,0.8215562701225281,0.0,8.158207893371582
L,11,12,2025-06-06,2025-08-29,0.0,0.5748900771141052,0.0,7.911541938781738
L,11,12,2025-06-13,2025-09-05,,0.7133983969688416,0.0,8.050049781799316
L,11,12,2025-06-20,2025-09-12,,1.5329437255859375,0.0,8.869595527648926
L,11,12,2025-06-27,2025-09-19,,1.2700812816619873,0.0,8.606733322143555
L,11,12,2025-07-04,2025-09-26,,0.33522626757621765,0.0,7.671877861022949
L,11,12,2025-07-11,2025-10-03,,0.25516730546951294,0.0,7.5918192863464355
L,11,12,2025-07-18,2025-10-10,,0.2904401123523712,0.0,7.627091884613037
L,11,12,2025-07-25,2025-10-17,,0.3033958077430725,0.0,7.640047550201416
L,11,12,2025-08-01,2025-10-24,,0.41984039545059204,0.0,7.7564921379089355
L,11,12,2025-08-08,2025-10-31,,0.25198057293891907,0.0,7.588632583618164
L,11,12,2025-08-15,2025-11-07,,0.2847338020801544,0.0,7.801217555999756
L,11,12,2025-08-22,2025-11-14,,0.2574335038661957,0.0,7.773917198181152
M,12,1,2023-02-17,2023-02-24,0.0,0.0,0.0,1.0
M,12,1,2023-02-24,2023-03-03,0.0,0.0,0.0,1.0
M,12,1,2023-03-03,2023-03-10,0.0,0.0,0.0,1.0
M,12,1,2023-03-10,2023-03-17,0.0,0.0,0.0,1.0
M,12,1,2023-03-17,2023-03-24,0.0,0.0,0.0,1.0
M,12,1,2023-03-24,2023-03-31,0.0,0.0,0.0,1.0
M,12,1,2023-03-31,2023-04-07,0.0,0.0,0.0,1.0
M,12,1,2023-04-07,2023-04-14,0.0,0.0,0.0,1.0
M,12,1,2023-04-14,2023-04-21,0.0,0.0,0.0,1.0
M,12,1,2023-04-21,2023-04-28,0.0,0.0,0.0,1.0
M,12,1,2023-04-28,2023-05-05,0.0,0.0,0.0,1.0
M,12,1,2023-05-05,2023-05-12,0.0,0.0,0.0,1.0
M,12,1,2023-05-12,2023-05-19,0.0,0.0,0.0,1.0
M,12,1,2023-05-19,2023-05-26,0.0,0.0,0.0,1.0
M,12,1,2023-05-26,2023-06-02,0.0,0.0,0.0,1.0
M,12,1,2023-06-02,2023-06-09,1.0,0.0,0.0,1.0
M,12,1,2023-06-09,2023-06-16,2.0,0.0,0.0,1.0
M,12,1,2023-06-16,2023-06-23,0.0,0.0,0.0,1.0
M,12,1,2023-06-23,2023-06-30,0.0,0.0,0.0,1.0
M,12,1,2023-06-30,2023-07-07,0.0,0.0,0.0,2.0
M,12,1,2023-07-07,2023-07-14,0.0,0.0,0.0,2.0
M,12,1,2023-07-14,2023-07-21,0.0,0.0,0.0,2.0
M,12,1,2023-07-21,2023-07-28,1.0,0.0,0.0,2.0
M,12,1,2023-07-28,2023-08-04,5.0,0.0,0.0,2.0
M,12,1,2023-08-04,2023-08-11,8.0,0.0,0.0,2.0
M,12,1,2023-08-11,2023-08-18,0.0,0.0,0.0,2.0
M,12,1,2023-08-18,2023-08-25,0.0,0.0,0.0,5.0
M,12,1,2023-08-25,2023-09-01,0.0,0.0,0.0,8.0
M,12,1,2023-09-01,2023-09-08,1.0,0.0,0.0,8.0
M,12,1,2023-09-08,2023-09-15,3.0,0.0,0.0,8.0
M,12,1,2023-09-15,2023-09-22,1.0,0.0,0.0,8.0
M,12,1,2023-09-22,2023-09-29,0.0,0.0,0.0,8.0
M,12,1,2023-09-29,2023-10-06,2.0,0.0,0.0,8.0
M,12,1,2023-10-06,2023-10-13,0.0,0.0,0.0,8.0
M,12,1,2023-10-13,2023-10-20,0.0,0.0,0.0,8.0
M,12,1,2023-10-20,2023-10-27,0.0,0.0,0.0,8.0
M,12,1,2023-10-27,2023-11-03,0.0,0.0,0.0,8.0
M,12,1,2023-11-03,2023-11-10,0.0,0.0,0.0,8.0
M,12,1,2023-11-10,2023-11-17,0.0,0.0,0.0,8.0
M,12,1,2023-11-17,2023-11-24,0.0,0.0,0.0,8.0
M,12,1,2023-11-24,2023-12-01,1.0,0.0,0.0,8.0
M,12,1,2023-12-01,2023-12-08,1.0,0.0,0.0,8.0
M,12,1,2023-12-08,2023-12-15,0.0,0.0,0.0,8.0
M,12,1,2023-12-15,2023-12-22,0.0,0.0,0.0,8.0
M,12,1,2023-12-22,2023-12-29,0.0,0.0,0.0,8.0
M,12,1,2023-12-29,2024-01-05,0.0,0.0,0.0,8.0
M,12,1,2024-01-05,2024-01-12,0.0,0.0,0.0,8.0
M,12,1,2024-01-12,2024-01-19,0.0,0.0,0.0,8.0
M,12,1,2024-01-19,2024-01-26,0.0,0.0,0.0,8.0
M,12,1,2024-01-26,2024-02-02,0.0,0.0,0.0,8.0
M,12,1,2024-02-02,2024-02-09,0.0,0.0,0.0,8.0
M,12,1,2024-02-09,2024-02-16,0.0,0.0,0.0,8.0
M,12,1,2024-02-16,2024-02-23,0.0,0.0,0.0,8.0
M,12,1,2024-02-23,2024-03-01,0.0,0.0,0.0,8.0
M,12,1,2024-03-01,2024-03-08,0.0,0.0,0.0,8.0
M,12,1,2024-03-08,2024-03-15,0.0,0.0,0.0,8.0
M,12,1,2024-03-15,2024-03-22,0.0,0.0,0.0,8.0
M,12,1,2024-03-22,2024-03-29,0.0,0.0,0.0,8.0
M,12,1,2024-03-29,2024-04-05,0.0,0.0,0.0,8.0
M,12,1,2024-04-05,2024-04-12,0.0,0.0,0.0,8.0
M,12,1,2024-04-12,2024-04-19,0.0,0.0,0.0,8.0
M,12,1,2024-04-19,2024-04-26,0.0,0.0,0.0,8.0
M,12,1,2024-04-26,2024-05-03,0.0,0.0,0.0,8.0
M,12,1,2024-05-03,2024-05-10,0.0,0.0,0.0,8.0
M,12,1,2024-05-10,2024-05-17,1.0,0.0,0.0,8.0
M,12,1,2024-05-17,2024-05-24,2.0,0.0,0.0,8.0
M,12,1,2024-05-24,2024-05-31,0.0,0.0,0.0,8.0
M,12,1,2024-05-31,2024-06-07,0.0,0.0,0.0,8.0
M,12,1,2024-06-07,2024-06-14,0.0,0.0,0.0,8.0
M,12,1,2024-06-14,2024-06-21,0.0,0.0,0.0,8.0
M,12,1,2024-06-21,2024-06-28,0.0,0.0,0.0,8.0
M,12,1,2024-06-28,2024-07-05,1.0,0.0,0.0,8.0
M,12,1,2024-07-05,2024-07-12,1.0,0.0,0.0,8.0
M,12,1,2024-07-12,2024-07-19,0.0,0.0,0.0,8.0
M,12,1,2024-07-19,2024-07-26,3.0,0.0,0.0,8.0
M,12,1,2024-07-26,2024-08-02,6.0,0.0,0.0,8.0
M,12,1,2024-08-02,2024-08-09,3.0,0.0,0.0,8.0
M,12,1,2024-08-09,2024-08-16,3.0,0.0,0.0,8.0
M,12,1,2024-08-16,2024-08-23,1.0,0.0,0.0,8.0
M,12,1,2024-08-23,2024-08-30,2.0,0.0,0.0,6.0
M,12,1,2024-08-30,2024-09-06,2.0,0.0,0.0,6.0
M,12,1,2024-09-06,2024-09-13,4.0,0.0,0.0,6.0
M,12,1,2024-09-13,2024-09-20,1.0,0.0,0.0,6.0
M,12,1,2024-09-20,2024-09-27,1.0,0.0,0.0,6.0
M,12,1,2024-09-27,2024-10-04,2.0,0.0,0.0,6.0
M,12,1,2024-10-04,2024-10-11,0.0,0.0,0.0,6.0
M,12,1,2024-10-11,2024-10-18,0.0,0.0,0.0,6.0
M,12,1,2024-10-18,2024-10-25,1.0,0.0,0.0,6.0
M,12,1,2024-10-25,2024-11-01,0.0,0.0,0.0,6.0
M,12,1,2024-11-01,2024-11-08,1.0,0.0,0.0,6.0
M,12,1,2024-11-08,2024-11-15,0.0,0.0,0.0,6.0
M,12,1,2024-11-15,2024-11-22,0.0,0.0,0.0,6.0
M,12,1,2024-11-22,2024-11-29,1.0,0.0,0.0,6.0
M,12,1,2024-11-29,2024-12-06,0.0,0.0,0.0,6.0
M,12,1,2024-12-06,2024-12-13,0.0,0.0,0.0,6.0
M,12,1,2024-12-13,2024-12-20,0.0,0.0,0.0,6.0
M,12,1,2024-12-20,2024-12-27,0.0,0.0,0.0,6.0
M,12,1,2024-12-27,2025-01-03,0.0,0.0,0.0,6.0
M,12,1,2025-01-03,2025-01-10,1.0,0.0,0.0,6.0
M,12,1,2025-01-10,2025-01-17,0.0,0.0,0.0,6.0
M,12,1,2025-01-17,2025-01-24,0.0,0.0,0.0,6.0
M,12,1,2025-01-24,2025-01-31,0.0,0.0,0.0,6.0
M,12,1,2025-01-31,2025-02-07,0.0,0.0,0.0,6.0
M,12,1,2025-02-07,2025-02-14,0.0,0.0,0.0,6.0
M,12,1,2025-02-14,2025-02-21,0.0,0.0,0.0,6.0
M,12,1,2025-02-21,2025-02-28,0.0,0.0,0.0,6.0
M,12,1,2025-02-28,2025-03-07,0.0,0.0,0.0,6.0
M,12,1,2025-03-07,2025-03-14,0.0,0.0,0.0,6.0
M,12,1,2025-03-14,2025-03-21,0.0,0.0,0.0,6.0
M,12,1,2025-03-21,2025-03-28,0.0,0.0,0.0,6.0
M,12,1,2025-03-28,2025-04-04,0.0,0.0,0.0,6.0
M,12,1,2025-04-04,2025-04-11,0.0,0.0,0.0,6.0
M,12,1,2025-04-11,2025-04-18,0.0,0.0,0.0,6.0
M,12,1,2025-04-18,2025-04-25,0.0,0.0,0.0,6.0
M,12,1,2025-04-25,2025-05-02,0.0,0.0,0.0,6.0
M,12,1,2025-05-02,2025-05-09,0.0,0.0,0.0,6.0
M,12,1,2025-05-09,2025-05-16,0.0,0.0,0.0,6.0
M,12,1,2025-05-16,2025-05-23,0.0,0.0,0.0,6.0
M,12,1,2025-05-23,2025-05-30,0.0,0.0,0.0,6.0
M,12,1,2025-05-30,2025-06-06,0.0,0.0,0.0,6.0
M,12,1,2025-06-06,2025-06-13,1.0,0.0,0.0,6.0
M,12,1,2025-06-13,2025-06-20,0.0,0.0,0.0,6.0
M,12,1,2025-06-20,2025-06-27,0.0,0.0,0.0,6.0
M,12,1,2025-06-27,2025-07-04,1.0,0.0,0.0,6.0
M,12,1,2025-07-04,2025-07-11,0.0,0.0,0.0,6.0
M,12,1,2025-07-11,2025-07-18,2.0,0.0,0.0,6.0
M,12,1,2025-07-18,2025-07-25,4.0,0.0,0.0,6.0
M,12,1,2025-07-25,2025-08-01,9.0,0.0,0.0,6.0
M,12,1,2025-08-01,2025-08-08,9.0,0.0,0.0,6.0
M,12,1,2025-08-08,2025-08-15,3.0,0.0,0.0,6.0
M,12,1,2025-08-15,2025-08-22,1.0,0.0,0.0,9.0
M,12,1,2025-08-22,2025-08-29,1.0,0.0,0.0,9.0
M,12,2,2023-02-17,2023-03-03,0.0,0.06413149833679199,0.0,1.0137181282043457
M,12,2,2023-02-24,2023-03-10,0.0,0.04303388297557831,0.0,0.9926204681396484
M,12,2,2023-03-03,2023-03-17,0.0,0.04428306967020035,0.0,0.9938696622848511
M,12,2,2023-03-10,2023-03-24,0.0,0.056293338537216187,0.0,1.0058798789978027
M,12,2,2023-03-17,2023-03-31,0.0,0.06628884375095367,0.0,1.0158754587173462
M,12,2,2023-03-24,2023-04-07,0.0,0.0574343204498291,0.0,1.0070209503173828
M,12,2,2023-03-31,2023-04-14,0.0,0.0538613423705101,0.0,1.0022165775299072
M,12,2,2023-04-07,2023-04-21,0.0,0.049939945340156555,0.0,0.9982951283454895
M,12,2,2023-04-14,2023-04-28,0.0,0.03294624388217926,0.0,0.9813014268875122
M,12,2,2023-04-21,2023-05-05,0.0,0.0456482470035553,0.0,0.994003415107727
M,12,2,2023-04-28,2023-05-12,0.0,0.060557618737220764,0.0,1.0089128017425537
M,12,2,2023-05-05,2023-05-19,0.0,0.09018730372190475,0.0,1.0385425090789795
M,12,2,2023-05-12,2023-05-26,0.0,0.10598023980855942,0.0,1.0543354749679565
M,12,2,2023-05-19,2023-06-02,0.0,0.09359755367040634,0.0,1.0419527292251587
M,12,2,2023-05-26,2023-06-09,1.0,0.26115015149116516,0.0,1.209505319595337
M,12,2,2023-06-02,2023-06-16,2.0,0.25833746790885925,0.0,1.2066926956176758
M,12,2,2023-06-09,2023-06-23,0.0,0.5035954117774963,0.16777145862579346,1.4519505500793457
M,12,2,2023-06-16,2023-06-30,0.0,0.3320017158985138,0.0,1.2803568840026855
M,12,2,2023-06-23,2023-07-07,0.0,0.23811125755310059,0.0,1.1864664554595947
M,12,2,2023-06-30,2023-07-14,0.0,0.15340876579284668,0.0,1.895071268081665
M,12,2,2023-07-07,2023-07-21,0.0,0.2490386962890625,0.0,1.9907011985778809
M,12,2,2023-07-14,2023-07-28,1.0,0.5912206768989563,0.08762526512145996,2.33288311958313
M,12,2,2023-07-21,2023-08-04,5.0,0.7274871468544006,0.2238917350769043,2.469149589538574
M,12,2,2023-07-28,2023-08-11,8.0,2.4281156063079834,1.9245202541351318,4.169777870178223
M,12,2,2023-08-04,2023-08-18,0.0,2.127138614654541,1.6235432624816895,3.8688011169433594
M,12,2,2023-08-11,2023-08-25,0.0,0.904348611831665,0.4007532000541687,2.6460111141204834
M,12,2,2023-08-18,2023-09-01,0.0,0.6161466836929321,0.11255127191543579,4.888659477233887
M,12,2,2023-08-25,2023-09-08,1.0,0.8853389620780945,0.38174355030059814,6.457222938537598
M,12,2,2023-09-01,2023-09-15,3.0,1.0120564699172974,0.0,6.583940505981445
M,12,2,2023-09-08,2023-09-22,1.0,0.7337707877159119,0.0,6.305655002593994
M,12,2,2023-09-15,2023-09-29,0.0,0.5118225812911987,0.0,6.083706855773926
M,12,2,2023-09-22,2023-10-06,2.0,0.7054938673973083,0.0,6.277378082275391
M,12,2,2023-09-29,2023-10-13,0.0,0.7020025849342346,0.0,6.273886680603027
M,12,2,2023-10-06,2023-10-20,0.0,0.2878634035587311,0.0,5.859747409820557
M,12,2,2023-10-13,2023-10-27,0.0,0.16844332218170166,0.0,5.74032735824585
M,12,2,2023-10-20,2023-11-03,0.0,0.1394890546798706,0.0,5.711373329162598
M,12,2,2023-10-27,2023-11-10,0.0,0.1613120138645172,0.0,5.733196258544922
M,12,2,2023-11-03,2023-11-17,0.0,0.11144953221082687,0.0,5.683333873748779
M,12,2,2023-11-10,2023-11-24,0.0,0.06779169291257858,0.0,5.639675617218018
M,12,2,2023-11-17,2023-12-01,1.0,0.08266924321651459,0.0,5.654553413391113
M,12,2,2023-11-24,2023-12-08,1.0,0.085346519947052,0.0,5.657230854034424
M,12,2,2023-12-01,2023-12-15,0.0,0.025868836790323257,0.0,5.597753047943115
M,12,2,2023-12-08,2023-12-22,0.0,0.060361817479133606,0.0,5.632246017456055
M,12,2,2023-12-15,2023-12-29,0.0,0.061643339693546295,0.0,5.6335272789001465
M,12,2,2023-12-22,2024-01-05,0.0,0.05543598532676697,0.0,5.627320289611816
M,12,2,2023-12-29,2024-01-12,0.0,0.06457183510065079,0.0,5.63645601272583
M,12,2,2024-01-05,2024-01-19,0.0,0.04908263683319092,0.0,5.620966911315918
M,12,2,2024-01-12,2024-01-26,0.0,0.053348563611507416,0.0,5.625232696533203
M,12,2,2024-01-19,2024-02-02,0.0,0.052879877388477325,0.0,5.6247639656066895
M,12,2,2024-01-26,2024-02-09,0.0,0.05471334606409073,0.0,5.6265974044799805
M,12,2,2024-02-02,2024-02-16,0.0,0.062138140201568604,0.0,5.634022235870361
M,12,2,2024-02-09,2024-02-23,0.0,0.07205553352832794,0.0,5.64393949508667
M,12,2,2024-02-16,2024-03-01,0.0,0.06082320213317871,0.0,5.632707595825195
M,12,2,2024-02-23,2024-03-08,0.0,0.05136183649301529,0.0,5.623246192932129
M,12,2,2024-03-01,2024-03-15,0.0,0.08101123571395874,0.0,5.652895450592041
M,12,2,2024-03-08,2024-03-22,0.0,0.05971040576696396,0.0,5.631594657897949
M,12,2,2024-03-15,2024-03-29,0.0,0.06368745118379593,0.0,5.635571479797363
M,12,2,2024-03-22,2024-04-05,0.0,0.057544730603694916,0.0,5.629428863525391
M,12,2,2024-03-29,2024-04-12,0.0,0.05598130822181702,0.0,5.627865314483643
M,12,2,2024-04-05,2024-04-19,0.0,0.06321384757757187,0.0,5.635097980499268
M,12,2,2024-04-12,2024-04-26,0.0,0.06865108013153076,0.0,5.640535354614258
M,12,2,2024-04-19,2024-05-03,0.0,0.06106343865394592,0.0,5.6329474449157715
M,12,2,2024-04-26,2024-05-10,0.0,0.10208318382501602,0.0,5.673967361450195
M,12,2,2024-05-03,2024-05-17,1.0,0.13806259632110596,0.0,5.709946632385254
M,12,2,2024-05-10,2024-05-24,2.0,0.1701224148273468,0.0,5.742006778717041
M,12,2,2024-05-17,2024-05-31,0.0,0.21988046169281006,0.0,5.791764736175537
M,12,2,2024-05-24,2024-06-07,0.0,1.0500247478485107,0.0,6.621909141540527
M,12,2,2024-05-31,2024-06-14,0.0,0.357446551322937,0.0,5.929330825805664
M,12,2,2024-06-07,2024-06-21,0.0,0.5028963088989258,0.0,6.074780464172363
M,12,2,2024-06-14,2024-06-28,0.0,0.6390761137008667,0.0,6.210960388183594
M,12,2,2024-06-21,2024-07-05,1.0,0.4815802574157715,0.0,6.053464412689209
M,12,2,2024-06-28,2024-07-12,1.0,0.513746976852417,0.0,6.085631370544434
M,12,2,2024-07-05,2024-07-19,0.0,0.5570197105407715,0.0,6.128903865814209
M,12,2,2024-07-12,2024-07-26,3.0,0.7686904072761536,0.0,6.340574741363525
M,12,2,2024-07-19,2024-08-02,6.0,1.5980069637298584,0.0,7.169891357421875
M,12,2,2024-07-26,2024-08-09,3.0,0.6346110701560974,0.0,6.20649528503418
M,12,2,2024-08-02,2024-08-16,3.0,1.1646555662155151,0.0,6.736539840698242
M,12,2,2024-08-09,2024-08-23,1.0,1.2769863605499268,0.0,6.848870277404785
M,12,2,2024-08-16,2024-08-30,2.0,0.6551746129989624,0.0,6.2270588874816895
M,12,2,2024-08-23,2024-09-06,2.0,0.6274551749229431,0.0,5.02944803237915
M,12,2,2024-08-30,2024-09-13,4.0,2.936479091644287,1.8864543437957764,7.33847188949585
M,12,2,2024-09-06,2024-09-20,1.0,2.7295124530792236,1.679487705230713,7.131505012512207
M,12,2,2024-09-13,2024-09-27,1.0,2.0918760299682617,1.041851282119751,6.493868827819824
M,12,2,2024-09-20,2024-10-04,2.0,1.1079849004745483,0.0579601526260376,5.5099778175354
M,12,2,2024-09-27,2024-10-11,0.0,0.6778453588485718,0.0,5.079838275909424
M,12,2,2024-10-04,2024-10-18,0.0,0.40776363015174866,0.0,4.809756278991699
M,12,2,2024-10-11,2024-10-25,1.0,0.22606191039085388,0.0,4.628054618835449
M,12,2,2024-10-18,2024-11-01,0.0,0.4617833197116852,0.0,4.863776206970215
M,12,2,2024-10-25,2024-11-08,1.0,0.5420109629631042,0.0,4.944003582000732
M,12,2,2024-11-01,2024-11-15,0.0,0.07015173882246017,0.0,4.472144603729248
M,12,2,2024-11-08,2024-11-22,0.0,0.07266083359718323,0.0,4.474653720855713
M,12,2,2024-11-15,2024-11-29,1.0,0.047093234956264496,0.0,4.4490861892700195
M,12,2,2024-11-22,2024-12-06,0.0,0.04896102845668793,0.0,4.450953960418701
M,12,2,2024-11-29,2024-12-13,0.0,0.04218216985464096,0.0,4.444174766540527
M,12,2,2024-12-06,2024-12-20,0.0,0.0470392182469368,0.0,4.449031829833984
M,12,2,2024-12-13,2024-12-27,0.0,0.04567263275384903,0.0,4.447665214538574
M,12,2,2024-12-20,2025-01-03,0.0,0.04552185535430908,0.0,4.447514533996582
M,12,2,2024-12-27,2025-01-10,1.0,0.0657428428530693,0.0,4.467735767364502
M,12,2,2025-01-03,2025-01-17,0.0,0.06825929880142212,0.0,4.47025203704834
M,12,2,2025-01-10,2025-01-24,0.0,0.07401935756206512,0.0,4.476012229919434
M,12,2,2025-01-17,2025-01-31,0.0,0.05584028363227844,0.0,4.457833290100098
M,12,2,2025-01-24,2025-02-07,0.0,0.07002285122871399,0.0,4.472015857696533
M,12,2,2025-01-31,2025-02-14,0.0,0.06754452735185623,0.0,4.469537258148193
M,12,2,2025-02-07,2025-02-21,0.0,0.05879553407430649,0.0,4.460788249969482
M,12,2,2025-02-14,2025-02-28,0.0,0.06764298677444458,0.0,4.469635963439941
M,12,2,2025-02-21,2025-03-07,0.0,0.047796063125133514,0.0,4.449789047241211
M,12,2,2025-02-28,2025-03-14,0.0,0.05899371951818466,0.0,4.460986614227295
M,12,2,2025-03-07,2025-03-21,0.0,0.04927430301904678,0.0,4.451267242431641
M,12,2,2025-03-14,2025-03-28,0.0,0.050164952874183655,0.0,4.452157974243164
M,12,2,2025-03-21,2025-04-04,0.0,0.056250981986522675,0.0,4.4582438468933105
M,12,2,2025-03-28,2025-04-11,0.0,0.0674821212887764,0.0,4.469474792480469
M,12,2,2025-04-04,2025-04-18,0.0,0.06676768511533737,0.0,4.4687604904174805
M,12,2,2025-04-11,2025-04-25,0.0,0.09221237897872925,0.0,4.494204998016357
M,12,2,2025-04-18,2025-05-02,0.0,0.07744018733501434,0.0,4.479433059692383
M,12,2,2025-04-25,2025-05-09,0.0,0.09872739762067795,0.0,4.500720024108887
M,12,2,2025-05-02,2025-05-16,0.0,0.08036667853593826,0.0,4.482359409332275
M,12,2,2025-05-09,2025-05-23,0.0,0.08795172721147537,0.0,4.4899444580078125
M,12,2,2025-05-16,2025-05-30,0.0,0.15273648500442505,0.0,4.554729461669922
M,12,2,2025-05-23,2025-06-06,0.0,0.2663518190383911,0.0,4.668344497680664
M,12,2,2025-05-30,2025-06-13,1.0,0.303932785987854,0.0,4.705925464630127
M,12,2,2025-06-06,2025-06-20,0.0,0.49032270908355713,0.0,4.89231538772583
M,12,2,2025-06-13,2025-06-27,0.0,0.3894253075122833,0.0,4.791418075561523
M,12,2,2025-06-20,2025-07-04,1.0,0.23394560813903809,0.0,4.63593864440918
M,12,2,2025-06-27,2025-07-11,0.0,0.3803665041923523,0.0,4.7823591232299805
M,12,2,2025-07-04,2025-07-18,2.0,1.5451626777648926,0.0,5.947155475616455
M,12,2,2025-07-11,2025-07-25,4.0,2.634883403778076,0.9053709506988525,7.036876201629639
M,12,2,2025-07-18,2025-08-01,9.0,5.600540637969971,3.871028184890747,10.002532958984375
M,12,2,2025-07-25,2025-08-08,9.0,3.903733730316162,2.1742212772369385,8.305727005004883
M,12,2,2025-08-01,2025-08-15,3.0,1.5365182161331177,0.0,5.938510894775391
M,12,2,2025-08-08,2025-08-22,1.0,0.3950972259044647,0.0,4.79709005355835
M,12,2,2025-08-15,2025-08-29,1.0,0.4021369516849518,0.0,3.8015964031219482
M,12,2,2025-08-22,2025-09-05,,1.0119696855545044,0.0,6.108235836029053
M,12,4,2023-02-17,2023-03-17,0.0,0.10052467882633209,0.0,0.9018434286117554
M,12,4,2023-02-24,2023-03-24,0.0,0.10056871175765991,0.0,0.9018874764442444
M,12,4,2023-03-03,2023-03-31,0.0,0.09955853223800659,0.0,0.9008772969245911
M,12,4,2023-03-10,2023-04-07,0.0,0.09942422807216644,0.0,0.9007430076599121
M,12,4,2023-03-17,2023-04-14,0.0,0.10229968279600143,0.0,0.9036184549331665
M,12,4,2023-03-24,2023-04-21,0.0,0.10913901031017303,0.0,0.9104577898979187
M,12,4,2023-03-31,2023-04-28,0.0,0.11157089471817017,0.0,0.9128896594047546
M,12,4,2023-04-07,2023-05-05,0.0,0.10850885510444641,0.0,0.9098275899887085
M,12,4,2023-04-14,2023-05-12,0.0,0.12384133785963058,0.0,0.9251601099967957
M,12,4,2023-04-21,2023-05-19,0.0,0.13208898901939392,0.0,0.9334077835083008
M,12,4,2023-04-28,2023-05-26,0.0,0.15789006650447845,0.0,0.9592088460922241
M,12,4,2023-05-05,2023-06-02,0.0,0.29048043489456177,0.0,1.091799259185791
M,12,4,2023-05-12,2023-06-09,1.0,0.23832395672798157,0.0,1.0396426916122437
M,12,4,2023-05-19,2023-06-16,2.0,0.18780416250228882,0.0,0.9891229271888733
M,12,4,2023-05-26,2023-06-23,0.0,0.2615058422088623,0.0,1.0628246068954468
M,12,4,2023-06-02,2023-06-30,0.0,0.5838837623596191,0.0,1.3852025270462036
M,12,4,2023-06-09,2023-07-07,0.0,0.9065297842025757,0.0,1.7078485488891602
M,12,4,2023-06-16,2023-07-14,0.0,1.1325839757919312,0.0,1.9339027404785156
M,12,4,2023-06-23,2023-07-21,0.0,1.960377812385559,0.6158080101013184,2.7616965770721436
M,12,4,2023-06-30,2023-07-28,1.0,1.3406798839569092,0.0,3.1528756618499756
M,12,4,2023-07-07,2023-08-04,5.0,1.5637620687484741,0.2191922664642334,3.37595796585083
M,12,4,2023-07-14,2023-08-11,8.0,2.2329046726226807,0.8883348703384399,4.045100212097168
M,12,4,2023-07-21,2023-08-18,0.0,0.7531259655952454,0.0,2.565321683883667
M,12,4,2023-07-28,2023-08-25,0.0,0.7977500557899475,0.0,2.609945774078369
M,12,4,2023-08-04,2023-09-01,0.0,0.8486332297325134,0.0,2.6608290672302246
M,12,4,2023-08-11,2023-09-08,1.0,1.235469937324524,0.0,3.047665596008301
M,12,4,2023-08-18,2023-09-15,3.0,1.6266125440597534,0.0,5.062850475311279
M,12,4,2023-08-25,2023-09-22,1.0,0.9629205465316772,0.0,6.730016231536865
M,12,4,2023-09-01,2023-09-29,0.0,0.8664990663528442,0.0,6.633594512939453
M,12,4,2023-09-08,2023-10-06,2.0,1.6387706995010376,0.0,7.4058661460876465
M,12,4,2023-09-15,2023-10-13,0.0,1.9984211921691895,0.03804337978363037,7.765516757965088
M,12,4,2023-09-22,2023-10-20,0.0,1.0629777908325195,0.0,6.830073356628418
M,12,4,2023-09-29,2023-10-27,0.0,0.7548618316650391,0.0,6.5219573974609375
M,12,4,2023-10-06,2023-11-03,0.0,0.47498753666877747,0.0,6.2420830726623535
M,12,4,2023-10-13,2023-11-10,0.0,0.678735077381134,0.0,6.445830821990967
M,12,4,2023-10-20,2023-11-17,0.0,0.3807729482650757,0.0,6.147868633270264
M,12,4,2023-10-27,2023-11-24,0.0,0.20482197403907776,0.0,5.971917629241943
M,12,4,2023-11-03,2023-12-01,1.0,0.22733256220817566,0.0,5.9944281578063965
M,12,4,2023-11-10,2023-12-08,1.0,0.23257505893707275,0.0,5.999670505523682
M,12,4,2023-11-17,2023-12-15,0.0,0.17361700534820557,0.0,5.9407124519348145
M,12,4,2023-11-24,2023-12-22,0.0,0.13971054553985596,0.0,5.906805992126465
M,12,4,2023-12-01,2023-12-29,0.0,0.11753156036138535,0.0,5.884627342224121
M,12,4,2023-12-08,2024-01-05,0.0,0.1387295424938202,0.0,5.905825138092041
M,12,4,2023-12-15,2024-01-12,0.0,0.14980897307395935,0.0,5.916904449462891
M,12,4,2023-12-22,2024-01-19,0.0,0.14505816996097565,0.0,5.912153720855713
M,12,4,2023-12-29,2024-01-26,0.0,0.11577419936656952,0.0,5.882869720458984
M,12,4,2024-01-05,2024-02-02,0.0,0.11711736023426056,0.0,5.884212970733643
M,12,4,2024-01-12,2024-02-09,0.0,0.11682648211717606,0.0,5.883922100067139
M,12,4,2024-01-19,2024-02-16,0.0,0.10395067930221558,0.0,5.87104606628418
M,12,4,2024-01-26,2024-02-23,0.0,0.10385745763778687,0.0,5.87095308303833
M,12,4,2024-02-02,2024-03-01,0.0,0.1059320941567421,0.0,5.873027801513672
M,12,4,2024-02-09,2024-03-08,0.0,0.1002248078584671,0.0,5.867320537567139
M,12,4,2024-02-16,2024-03-15,0.0,0.10766473412513733,0.0,5.874760150909424
M,12,4,2024-02-23,2024-03-22,0.0,0.10669274628162384,0.0,5.873788356781006
M,12,4,2024-03-01,2024-03-29,0.0,0.10603658109903336,0.0,5.873132228851318
M,12,4,2024-03-08,2024-04-05,0.0,0.10864393413066864,0.0,5.875739574432373
M,12,4,2024-03-15,2024-04-12,0.0,0.10911132395267487,0.0,5.876206874847412
M,12,4,2024-03-22,2024-04-19,0.0,0.1185401976108551,0.0,5.885635852813721
M,12,4,2024-03-29,2024-04-26,0.0,0.1250714361667633,0.0,5.892167091369629
M,12,4,2024-04-05,2024-05-03,0.0,0.14276525378227234,0.0,5.909860610961914
M,12,4,2024-04-12,2024-05-10,0.0,0.15851137042045593,0.0,5.925606727600098
M,12,4,2024-04-19,2024-05-17,1.0,0.18306273221969604,0.0,5.95015811920166
M,12,4,2024-04-26,2024-05-24,2.0,0.3022870719432831,0.0,6.069382667541504
M,12,4,2024-05-03,2024-05-31,0.0,0.5358203053474426,0.0,6.302916049957275
M,12,4,2024-05-10,2024-06-07,0.0,0.8357672095298767,0.0,6.60286283493042
M,12,4,2024-05-17,2024-06-14,0.0,0.5718332529067993,0.0,6.338928699493408
M,12,4,2024-05-24,2024-06-21,0.0,0.5467542409896851,0.0,6.313849925994873
M,12,4,2024-05-31,2024-06-28,0.0,0.821849524974823,0.0,6.588944911956787
M,12,4,2024-06-07,2024-07-05,1.0,1.6086077690124512,0.0,7.37570333480835
M,12,4,2024-06-14,2024-07-12,1.0,3.417522668838501,1.4191014766693115,9.18461799621582
M,12,4,2024-06-21,2024-07-19,0.0,4.389948844909668,2.3915276527404785,10.157044410705566
M,12,4,2024-06-28,2024-07-26,3.0,3.295616388320923,1.2971951961517334,9.062711715698242
M,12,4,2024-07-05,2024-08-02,6.0,1.817873239517212,0.0,7.584968566894531
M,12,4,2024-07-12,2024-08-09,3.0,1.401029109954834,0.0,7.168124675750732
M,12,4,2024-07-19,2024-08-16,3.0,0.5602643489837646,0.0,6.327360153198242
M,12,4,2024-07-26,2024-08-23,1.0,0.4893001616001129,0.0,6.2563958168029785
M,12,4,2024-08-02,2024-08-30,2.0,1.1877858638763428,0.0,6.95488166809082
M,12,4,2024-08-09,2024-09-06,2.0,2.4167227745056152,0.0,8.183818817138672
M,12,4,2024-08-16,2024-09-13,4.0,1.9631584882736206,0.0,7.730254173278809
M,12,4,2024-08-23,2024-09-20,1.0,0.9782533049583435,0.0,5.1603803634643555
M,12,4,2024-08-30,2024-09-27,1.0,1.882711410522461,0.0,6.064838409423828
M,12,4,2024-09-06,2024-10-04,2.0,1.5288691520690918,0.0,5.710996150970459
M,12,4,2024-09-13,2024-10-11,0.0,0.7799407839775085,0.0,4.962067604064941
M,12,4,2024-09-20,2024-10-18,0.0,0.7483913898468018,0.0,4.93051815032959
M,12,4,2024-09-27,2024-10-25,1.0,0.7336148023605347,0.0,4.915741920471191
M,12,4,2024-10-04,2024-11-01,0.0,0.48566552996635437,0.0,4.667792320251465
M,12,4,2024-10-11,2024-11-08,1.0,0.3172152638435364,0.0,4.499342441558838
M,12,4,2024-10-18,2024-11-15,0.0,0.3831118047237396,0.0,4.565238952636719
M,12,4,2024-10-25,2024-11-22,0.0,0.20614787936210632,0.0,4.388274669647217
M,12,4,2024-11-01,2024-11-29,1.0,0.18725177645683289,0.0,4.369378566741943
M,12,4,2024-11-08,2024-12-06,0.0,0.16829949617385864,0.0,4.35042667388916
M,12,4,2024-11-15,2024-12-13,0.0,0.18448245525360107,0.0,4.366609573364258
M,12,4,2024-11-22,2024-12-20,0.0,0.14892181754112244,0.0,4.331048965454102
M,12,4,2024-11-29,2024-12-27,0.0,0.12240467965602875,0.0,4.304531574249268
M,12,4,2024-12-06,2025-01-03,0.0,0.127972811460495,0.0,4.3100996017456055
M,12,4,2024-12-13,2025-01-10,1.0,0.1459570974111557,0.0,4.3280839920043945
M,12,4,2024-12-20,2025-01-17,0.0,0.12724417448043823,0.0,4.309370994567871
M,12,4,2024-12-27,2025-01-24,0.0,0.1283990740776062,0.0,4.310525894165039
M,12,4,2025-01-03,2025-01-31,0.0,0.11394146084785461,0.0,4.2960686683654785
M,12,4,2025-01-10,2025-02-07,0.0,0.12132401764392853,0.0,4.303451061248779
M,12,4,2025-01-17,2025-02-14,0.0,0.10959766060113907,0.0,4.291724681854248
M,12,4,2025-01-24,2025-02-21,0.0,0.1047455221414566,0.0,4.286872386932373
M,12,4,2025-01-31,2025-02-28,0.0,0.09749756008386612,0.0,4.2796244621276855
M,12,4,2025-02-07,2025-03-07,0.0,0.09896402060985565,0.0,4.281091213226318
M,12,4,2025-02-14,2025-03-14,0.0,0.09813909977674484,0.0,4.280266284942627
M,12,4,2025-02-21,2025-03-21,0.0,0.09872937202453613,0.0,4.280856132507324
M,12,4,2025-02-28,2025-03-28,0.0,0.10165884345769882,0.0,4.283785820007324
M,12,4,2025-03-07,2025-04-04,0.0,0.10410560667514801,0.0,4.2862324714660645
M,12,4,2025-03-14,2025-04-11,0.0,0.10332164913415909,0.0,4.2854485511779785
M,12,4,2025-03-21,2025-04-18,0.0,0.106715127825737,0.0,4.28884220123291
M,12,4,2025-03-28,2025-04-25,0.0,0.12318287789821625,0.0,4.305309772491455
M,12,4,2025-04-04,2025-05-02,0.0,0.16120979189872742,0.0,4.343336582183838
M,12,4,2025-04-11,2025-05-09,0.0,0.22893035411834717,0.0,4.411057472229004
M,12,4,2025-04-18,2025-05-16,0.0,0.2343137264251709,0.0,4.416440963745117
M,12,4,2025-04-25,2025-05-23,0.0,0.25539422035217285,0.0,4.437520980834961
M,12,4,2025-05-02,2025-05-30,0.0,0.2677665054798126,0.0,4.449893474578857
M,12,4,2025-05-09,2025-06-06,0.0,0.2877035140991211,0.0,4.469830513000488
M,12,4,2025-05-16,2025-06-13,1.0,0.32692039012908936,0.0,4.509047508239746
M,12,4,2025-05-23,2025-06-20,0.0,0.4209437072277069,0.0,4.6030707359313965
M,12,4,2025-05-30,2025-06-27,0.0,0.37419700622558594,0.0,4.556324005126953
M,12,4,2025-06-06,2025-07-04,1.0,0.322187602519989,0.0,4.504314422607422
M,12,4,2025-06-13,2025-07-11,0.0,0.6974167227745056,0.0,4.879543781280518
M,12,4,2025-06-20,2025-07-18,2.0,1.802006483078003,0.0,5.984133720397949
M,12,4,2025-06-27,2025-07-25,4.0,1.8241970539093018,0.0,6.00632381439209
M,12,4,2025-07-04,2025-08-01,9.0,1.445011019706726,0.0,5.627138137817383
M,12,4,2025-07-11,2025-08-08,9.0,0.6164457201957703,0.0,4.798572540283203
M,12,4,2025-07-18,2025-08-15,3.0,0.7208754420280457,0.0,4.9030022621154785
M,12,4,2025-07-25,2025-08-22,1.0,0.6716066002845764,0.0,4.853733539581299
M,12,4,2025-08-01,2025-08-29,1.0,0.9230117201805115,0.04030030965805054,5.105138778686523
M,12,4,2025-08-08,2025-09-05,,0.9467149972915649,0.064003586769104,5.128841876983643
M,12,4,2025-08-15,2025-09-12,,1.1872483491897583,0.30453693866729736,8.742237091064453
M,12,4,2025-08-22,2025-09-19,,1.537890076637268,0.6551786661148071,9.9214448928833
M,12,8,2023-02-17,2023-04-14,0.0,0.07172762602567673,0.0,0.9550158381462097
M,12,8,2023-02-24,2023-04-21,0.0,0.06370721012353897,0.0,0.9469954371452332
M,12,8,2023-03-03,2023-04-28,0.0,0.06796456128358841,0.0,0.9512527585029602
M,12,8,2023-03-10,2023-05-05,0.0,0.0706092119216919,0.0,0.9538974165916443
M,12,8,2023-03-17,2023-05-12,0.0,0.07767051458358765,0.0,0.96095871925354
M,12,8,2023-03-24,2023-05-19,0.0,0.04782877117395401,0.0,0.9311169981956482
M,12,8,2023-03-31,2023-05-26,0.0,0.038466304540634155,0.0,0.9217544794082642
M,12,8,2023-04-07,2023-06-02,0.0,0.04372811317443848,0.0,0.9270163178443909
M,12,8,2023-04-14,2023-06-09,1.0,0.08510708063840866,0.0,0.9683952927589417
M,12,8,2023-04-21,2023-06-16,2.0,0.0692448765039444,0.0,0.9525330662727356
M,12,8,2023-04-28,2023-06-23,0.0,0.06674463301897049,0.0,0.9500328302383423
M,12,8,2023-05-05,2023-06-30,0.0,0.19248604774475098,0.0,1.0757741928100586
M,12,8,2023-05-12,2023-07-07,0.0,0.43736928701400757,0.0,1.32065749168396
M,12,8,2023-05-19,2023-07-14,0.0,0.3255874514579773,0.0,1.2088756561279297
M,12,8,2023-05-26,2023-07-21,0.0,0.45764094591140747,0.0,1.3409291505813599
M,12,8,2023-06-02,2023-07-28,1.0,1.1244347095489502,0.025275707244873047,2.007722854614258
M,12,8,2023-06-09,2023-08-04,5.0,2.8710877895355225,1.7719287872314453,3.75437593460083
M,12,8,2023-06-16,2023-08-11,8.0,3.704359769821167,2.60520076751709,4.587647914886475
M,12,8,2023-06-23,2023-08-18,0.0,1.3413488864898682,0.24218988418579102,2.256241798400879
M,12,8,2023-06-30,2023-08-25,0.0,0.9037463665008545,0.0,2.8345015048980713
M,12,8,2023-07-07,2023-09-01,0.0,0.64504075050354,0.0,2.575795888900757
M,12,8,2023-07-14,2023-09-08,1.0,0.608559787273407,0.0,2.5393149852752686
M,12,8,2023-07-21,2023-09-15,3.0,0.5787867903709412,0.09221592545509338,2.5095419883728027
M,12,8,2023-07-28,2023-09-22,1.0,1.7384358644485474,1.251865029335022,3.6691908836364746
M,12,8,2023-08-04,2023-09-29,0.0,2.812842845916748,2.3262720108032227,4.743597984313965
M,12,8,2023-08-11,2023-10-06,2.0,1.8118025064468384,1.325231671333313,3.7425575256347656
M,12,8,2023-08-18,2023-10-13,0.0,0.8350507616996765,0.34847989678382874,2.963963031768799
M,12,8,2023-08-25,2023-10-20,0.0,0.33582961559295654,0.0,4.6314697265625
M,12,8,2023-09-01,2023-10-27,0.0,0.3377808630466461,0.0,4.633420944213867
M,12,8,2023-09-08,2023-11-03,0.0,0.6651561260223389,0.0,4.960796356201172
M,12,8,2023-09-15,2023-11-10,0.0,0.7797116637229919,0.0,5.075351715087891
M,12,8,2023-09-22,2023-11-17,0.0,0.2876010537147522,0.0,4.583240985870361
M,12,8,2023-09-29,2023-11-24,0.0,0.1672762632369995,0.0,4.462916374206543
M,12,8,2023-10-06,2023-12-01,1.0,0.14370030164718628,0.0,4.439340114593506
M,12,8,2023-10-13,2023-12-08,1.0,0.21249598264694214,0.0,4.508135795593262
M,12,8,2023-10-20,2023-12-15,0.0,0.34355464577674866,0.0,4.639194488525391
M,12,8,2023-10-27,2023-12-22,0.0,0.1635545790195465,0.0,4.459194660186768
M,12,8,2023-11-03,2023-12-29,0.0,0.08969241380691528,0.0,4.3853325843811035
M,12,8,2023-11-10,2024-01-05,0.0,0.07645310461521149,0.0,4.372093200683594
M,12,8,2023-11-17,2024-01-12,0.0,0.10483409464359283,0.0,4.4004740715026855
M,12,8,2023-11-24,2024-01-19,0.0,0.13744036853313446,0.0,4.433080196380615
M,12,8,2023-12-01,2024-01-26,0.0,0.14360591769218445,0.0,4.439245700836182
M,12,8,2023-12-08,2024-02-02,0.0,0.1363493800163269,0.0,4.4319891929626465
M,12,8,2023-12-15,2024-02-09,0.0,0.14974448084831238,0.0,4.445384502410889
M,12,8,2023-12-22,2024-02-16,0.0,0.07053839415311813,0.0,4.366178512573242
M,12,8,2023-12-29,2024-02-23,0.0,0.053032130002975464,0.0,4.348671913146973
M,12,8,2024-01-05,2024-03-01,0.0,0.05125633254647255,0.0,4.346896171569824
M,12,8,2024-01-12,2024-03-08,0.0,0.06604349613189697,0.0,4.361683368682861
M,12,8,2024-01-19,2024-03-15,0.0,0.031212761998176575,0.0,4.326852798461914
M,12,8,2024-01-26,2024-03-22,0.0,0.0426078662276268,0.0,4.338247776031494
M,12,8,2024-02-02,2024-03-29,0.0,0.03670889884233475,0.0,4.332348823547363
M,12,8,2024-02-09,2024-04-05,0.0,0.039905302226543427,0.0,4.335545063018799
M,12,8,2024-02-16,2024-04-12,0.0,0.030460402369499207,0.0,4.3261003494262695
M,12,8,2024-02-23,2024-04-19,0.0,0.06520736962556839,0.0,4.360847473144531
M,12,8,2024-03-01,2024-04-26,0.0,0.08663830161094666,0.0,4.3822784423828125
M,12,8,2024-03-08,2024-05-03,0.0,0.07735218852758408,0.0,4.372992038726807
M,12,8,2024-03-15,2024-05-10,0.0,0.09538671374320984,0.0,4.391026496887207
M,12,8,2024-03-22,2024-05-17,1.0,0.12580493092536926,0.0,4.421444892883301
M,12,8,2024-03-29,2024-05-24,2.0,0.5792623162269592,0.0,4.874902248382568
M,12,8,2024-04-05,2024-05-31,0.0,0.902070939540863,0.0,5.197710990905762
M,12,8,2024-04-12,2024-06-07,0.0,0.44790059328079224,0.0,4.7435407638549805
M,12,8,2024-04-19,2024-06-14,0.0,0.28006502985954285,0.0,4.575705051422119
M,12,8,2024-04-26,2024-06-21,0.0,0.5026538372039795,0.0,4.7982940673828125
M,12,8,2024-05-03,2024-06-28,0.0,0.5397548079490662,0.0,4.835394859313965
M,12,8,2024-05-10,2024-07-05,1.0,0.6520704627037048,0.0,4.9477105140686035
M,12,8,2024-05-17,2024-07-12,1.0,0.9573550224304199,0.0,5.252995014190674
M,12,8,2024-05-24,2024-07-19,0.0,1.3718897104263306,0.0,5.667529582977295
M,12,8,2024-05-31,2024-07-26,3.0,1.178658127784729,0.0,5.474298000335693
M,12,8,2024-06-07,2024-08-02,6.0,1.8576980829238892,0.0,6.1533379554748535
M,12,8,2024-06-14,2024-08-09,3.0,1.9625266790390015,0.0,6.258166790008545
M,12,8,2024-06-21,2024-08-16,3.0,1.010406255722046,0.0,5.306046485900879
M,12,8,2024-06-28,2024-08-23,1.0,0.9325523376464844,0.0,5.228192329406738
M,12,8,2024-07-05,2024-08-30,2.0,0.7286221385002136,0.0,5.024261951446533
M,12,8,2024-07-12,2024-09-06,2.0,0.9743229150772095,0.0,5.269962787628174
M,12,8,2024-07-19,2024-09-13,4.0,2.358370065689087,0.0,6.654009819030762
M,12,8,2024-07-26,2024-09-20,1.0,2.3245933055877686,0.0,6.620233535766602
M,12,8,2024-08-02,2024-09-27,1.0,2.7983412742614746,0.0,7.0939812660217285
M,12,8,2024-08-09,2024-10-04,2.0,2.8927552700042725,0.07991242408752441,7.1883955001831055
M,12,8,2024-08-16,2024-10-11,0.0,0.6156589388847351,0.0,4.911298751831055
M,12,8,2024-08-23,2024-10-18,0.0,0.44766169786453247,0.0,4.589963912963867
M,12,8,2024-08-30,2024-10-25,1.0,0.7436431646347046,0.0,4.8859453201293945
M,12,8,2024-09-06,2024-11-01,0.0,0.9115601181983948,0.0,5.05386209487915
M,12,8,2024-09-13,2024-11-08,1.0,0.7079141736030579,0.0,4.850216388702393
M,12,8,2024-09-20,2024-11-15,0.0,0.3665153682231903,0.0,4.508817195892334
M,12,8,2024-09-27,2024-11-22,0.0,0.17725509405136108,0.0,4.319557189941406
M,12,8,2024-10-04,2024-11-29,1.0,0.13180172443389893,0.0,4.27410364151001
M,12,8,2024-10-11,2024-12-06,0.0,0.0777198076248169,0.0,4.220021724700928
M,12,8,2024-10-18,2024-12-13,0.0,0.21385860443115234,0.0,4.356160640716553
M,12,8,2024-10-25,2024-12-20,0.0,0.19570481777191162,0.0,4.338006973266602
M,12,8,2024-11-01,2024-12-27,0.0,0.07860352098941803,0.0,4.220905780792236
M,12,8,2024-11-08,2025-01-03,0.0,0.15232938528060913,0.0,4.294631481170654
M,12,8,2024-11-15,2025-01-10,1.0,0.04583138972520828,0.0,4.188133239746094
M,12,8,2024-11-22,2025-01-17,0.0,0.015764662995934486,0.0,4.158066749572754
M,12,8,2024-11-29,2025-01-24,0.0,0.03274017572402954,0.0,4.175042152404785
M,12,8,2024-12-06,2025-01-31,0.0,0.08097340166568756,0.0,4.223275661468506
M,12,8,2024-12-13,2025-02-07,0.0,0.08923083543777466,0.0,4.231533050537109
M,12,8,2024-12-20,2025-02-14,0.0,0.07874415814876556,0.0,4.221045970916748
M,12,8,2024-12-27,2025-02-21,0.0,0.06880741566419601,0.0,4.211109638214111
M,12,8,2025-01-03,2025-02-28,0.0,0.034071095287799835,0.0,4.17637300491333
M,12,8,2025-01-10,2025-03-07,0.0,0.05285867303609848,0.0,4.195160865783691
M,12,8,2025-01-17,2025-03-14,0.0,0.025624088943004608,0.0,4.16792631149292
M,12,8,2025-01-24,2025-03-21,0.0,0.0411456823348999,0.0,4.18344783782959
M,12,8,2025-01-31,2025-03-28,0.0,0.06396543234586716,0.0,4.206267356872559
M,12,8,2025-02-07,2025-04-04,0.0,0.04464995861053467,0.0,4.186952114105225
M,12,8,2025-02-14,2025-04-11,0.0,0.034376297146081924,0.0,4.17667818069458
M,12,8,2025-02-21,2025-04-18,0.0,0.057693105190992355,0.0,4.199995040893555
M,12,8,2025-02-28,2025-04-25,0.0,0.061979990452528,0.0,4.204281806945801
M,12,8,2025-03-07,2025-05-02,0.0,0.05052648112177849,0.0,4.19282865524292
M,12,8,2025-03-14,2025-05-09,0.0,0.03654639050364494,0.0,4.1788482666015625
M,12,8,2025-03-21,2025-05-16,0.0,0.024326615035533905,0.0,4.166628837585449
M,12,8,2025-03-28,2025-05-23,0.0,0.043720029294490814,0.0,4.1860222816467285
M,12,8,2025-04-04,2025-05-30,0.0,0.02916616201400757,0.0,4.171468257904053
M,12,8,2025-04-11,2025-06-06,0.0,0.09929337352514267,0.0,4.241595268249512
M,12,8,2025-04-18,2025-06-13,1.0,0.20157119631767273,0.0,4.343873023986816
M,12,8,2025-04-25,2025-06-20,0.0,0.4169612526893616,0.0,4.559263229370117
M,12,8,2025-05-02,2025-06-27,0.0,0.3713322877883911,0.0,4.513634204864502
M,12,8,2025-05-09,2025-07-04,1.0,0.43516117334365845,0.0,4.577463150024414
M,12,8,2025-05-16,2025-07-11,0.0,1.0661747455596924,0.0,5.208477020263672
M,12,8,2025-05-23,2025-07-18,2.0,1.2162225246429443,0.0,5.358524322509766
M,12,8,2025-05-30,2025-07-25,4.0,1.285360336303711,0.0,5.427662372589111
M,12,8,2025-06-06,2025-08-01,9.0,1.582200288772583,0.0,5.7245025634765625
M,12,8,2025-06-13,2025-08-08,9.0,0.6196588277816772,0.0,4.761960983276367
M,12,8,2025-06-20,2025-08-15,3.0,0.7821264266967773,0.0,4.924428462982178
M,12,8,2025-06-27,2025-08-22,1.0,0.8173729181289673,0.0,4.959674835205078
M,12,8,2025-07-04,2025-08-29,1.0,0.6740590333938599,0.0,4.816360950469971
M,12,8,2025-07-11,2025-09-05,,0.587297797203064,0.0,4.729599952697754
M,12,8,2025-07-18,2025-09-12,,0.9991300106048584,0.0,5.14143180847168
M,12,8,2025-07-25,2025-09-19,,1.069434642791748,0.0,5.211736679077148
M,12,8,2025-08-01,2025-09-26,,0.5642842650413513,0.0,4.7065863609313965
M,12,8,2025-08-08,2025-10-03,,0.17912840843200684,0.0,4.321430206298828
M,12,8,2025-08-15,2025-10-10,,0.19529834389686584,0.0,7.61309814453125
M,12,8,2025-08-22,2025-10-17,,0.39722955226898193,0.0,8.777570724487305
M,12,12,2023-02-17,2023-05-12,0.0,0.09689309448003769,0.0,0.937694787979126
M,12,12,2023-02-24,2023-05-19,0.0,0.10689356178045273,0.0,0.947695255279541
M,12,12,2023-03-03,2023-05-26,0.0,0.11199614405632019,0.0,0.9527978897094727
M,12,12,2023-03-10,2023-06-02,0.0,0.14085747301578522,0.0,0.9816591739654541
M,12,12,2023-03-17,2023-06-09,1.0,0.1574024111032486,0.0,0.9982041120529175
M,12,12,2023-03-24,2023-06-16,2.0,0.15684059262275696,0.0,0.9976422786712646
M,12,12,2023-03-31,2023-06-23,0.0,0.16141650080680847,0.0,1.002218246459961
M,12,12,2023-04-07,2023-06-30,0.0,0.1597760021686554,0.0,1.000577688217163
M,12,12,2023-04-14,2023-07-07,0.0,0.22638261318206787,0.0,1.067184329032898
M,12,12,2023-04-21,2023-07-14,0.0,0.2826622724533081,0.0,1.1234639883041382
M,12,12,2023-04-28,2023-07-21,0.0,0.41006529331207275,0.0,1.2508670091629028
M,12,12,2023-05-05,2023-07-28,1.0,0.5076531171798706,0.0,1.3484548330307007
M,12,12,2023-05-12,2023-08-04,5.0,0.8912937045097351,0.0,1.73209547996521
M,12,12,2023-05-19,2023-08-11,8.0,0.9220240712165833,0.0,1.7628257274627686
M,12,12,2023-05-26,2023-08-18,0.0,0.5777026414871216,0.0,1.4185043573379517
M,12,12,2023-06-02,2023-08-25,0.0,1.4399597644805908,0.0,2.280761480331421
M,12,12,2023-06-09,2023-09-01,0.0,1.1153439283370972,0.0,1.9115463495254517
M,12,12,2023-06-16,2023-09-08,1.0,0.9469181895256042,0.0,1.7431206703186035
M,12,12,2023-06-23,2023-09-15,3.0,0.6452778577804565,0.0,1.4878754615783691
M,12,12,2023-06-30,2023-09-22,1.0,1.0730406045913696,0.0,2.9162001609802246
M,12,12,2023-07-07,2023-09-29,0.0,0.6801092028617859,0.0,2.523268699645996
M,12,12,2023-07-14,2023-10-06,2.0,0.378938227891922,0.0,2.222097635269165
M,12,12,2023-07-21,2023-10-13,0.0,0.14340901374816895,0.0,1.9865684509277344
M,12,12,2023-07-28,2023-10-20,0.0,0.3092971742153168,0.0,2.152456521987915
M,12,12,2023-08-04,2023-10-27,0.0,0.6995153427124023,0.0,2.5426747798919678
M,12,12,2023-08-11,2023-11-03,0.0,0.7844358086585999,0.0,2.6275951862335205
M,12,12,2023-08-18,2023-11-10,0.0,0.6767008900642395,0.0,4.785407543182373
M,12,12,2023-08-25,2023-11-17,0.0,0.30487358570098877,0.0,7.382849216461182
M,12,12,2023-09-01,2023-11-24,0.0,0.1881599724292755,0.0,7.2661356925964355
M,12,12,2023-09-08,2023-12-01,1.0,0.2424117624759674,0.0,7.320387363433838
M,12,12,2023-09-15,2023-12-08,1.0,0.26265662908554077,0.0,7.340632438659668
M,12,12,2023-09-22,2023-12-15,0.0,0.2533048093318939,0.0,7.331280708312988
M,12,12,2023-09-29,2023-12-22,0.0,0.33538734912872314,0.0,7.413362979888916
M,12,12,2023-10-06,2023-12-29,0.0,0.1561099886894226,0.0,7.234085559844971
M,12,12,2023-10-13,2024-01-05,0.0,0.04407086223363876,0.0,7.12204647064209
M,12,12,2023-10-20,2024-01-12,0.0,0.07581833750009537,0.0,7.153794288635254
M,12,12,2023-10-27,2024-01-19,0.0,0.1468050628900528,0.0,7.224781036376953
M,12,12,2023-11-03,2024-01-26,0.0,0.12604929506778717,0.0,7.2040252685546875
M,12,12,2023-11-10,2024-02-02,0.0,0.07078757882118225,0.0,7.148763179779053
M,12,12,2023-11-17,2024-02-09,0.0,0.04605763405561447,0.0,7.124033451080322
M,12,12,2023-11-24,2024-02-16,0.0,0.08991511911153793,0.0,7.167891025543213
M,12,12,2023-12-01,2024-02-23,0.0,0.18303602933883667,0.0,7.261011600494385
M,12,12,2023-12-08,2024-03-01,0.0,0.19597864151000977,0.0,7.273954391479492
M,12,12,2023-12-15,2024-03-08,0.0,0.19974645972251892,0.0,7.277722358703613
M,12,12,2023-12-22,2024-03-15,0.0,0.14806735515594482,0.0,7.226043224334717
M,12,12,2023-12-29,2024-03-22,0.0,0.1564239114522934,0.0,7.234399795532227
M,12,12,2024-01-05,2024-03-29,0.0,0.12136179953813553,0.0,7.199337482452393
M,12,12,2024-01-12,2024-04-05,0.0,0.08707273006439209,0.0,7.165048599243164
M,12,12,2024-01-19,2024-04-12,0.0,0.09691603481769562,0.0,7.174891948699951
M,12,12,2024-01-26,2024-04-19,0.0,0.11314933001995087,0.0,7.19112491607666
M,12,12,2024-02-02,2024-04-26,0.0,0.11643475294113159,0.0,7.19441032409668
M,12,12,2024-02-09,2024-05-03,0.0,0.11657389998435974,0.0,7.194549560546875
M,12,12,2024-02-16,2024-05-10,0.0,0.10376027226448059,0.0,7.181735992431641
M,12,12,2024-02-23,2024-05-17,1.0,0.14090660214424133,0.0,7.2188825607299805
M,12,12,2024-03-01,2024-05-24,2.0,0.20241333544254303,0.0,7.280389308929443
M,12,12,2024-03-08,2024-05-31,0.0,0.22873076796531677,0.0,7.306706428527832
M,12,12,2024-03-15,2024-06-07,0.0,0.3205166757106781,0.0,7.398492336273193
M,12,12,2024-03-22,2024-06-14,0.0,0.43180349469184875,0.0,7.509779453277588
M,12,12,2024-03-29,2024-06-21,0.0,0.7117334008216858,0.0,7.789709091186523
M,12,12,2024-04-05,2024-06-28,0.0,0.6620853543281555,0.0,7.740061283111572
M,12,12,2024-04-12,2024-07-05,1.0,0.7340264916419983,0.0,7.812002182006836
M,12,12,2024-04-19,2024-07-12,1.0,0.35845184326171875,0.0,7.436427593231201
M,12,12,2024-04-26,2024-07-19,0.0,0.7468721866607666,0.0,7.824848175048828
M,12,12,2024-05-03,2024-07-26,3.0,0.7673919200897217,0.0,7.845367431640625
M,12,12,2024-05-10,2024-08-02,6.0,0.9536274075508118,0.0,8.03160285949707
M,12,12,2024-05-17,2024-08-09,3.0,1.3865474462509155,0.0,8.464523315429688
M,12,12,2024-05-24,2024-08-16,3.0,1.512050747871399,0.0720909833908081,8.59002685546875
M,12,12,2024-05-31,2024-08-23,1.0,1.541101336479187,0.10114157199859619,8.6190767288208
M,12,12,2024-06-07,2024-08-30,2.0,2.288780927658081,0.8488211631774902,9.366756439208984
M,12,12,2024-06-14,2024-09-06,2.0,3.4626882076263428,2.022728443145752,10.540663719177246
M,12,12,2024-06-21,2024-09-13,4.0,2.985379695892334,1.5454199314117432,10.063355445861816
M,12,12,2024-06-28,2024-09-20,1.0,1.6093577146530151,0.16939795017242432,8.687333106994629
M,12,12,2024-07-05,2024-09-27,1.0,0.7431804537773132,0.0,7.821156024932861
M,12,12,2024-07-12,2024-10-04,2.0,0.6691309213638306,0.0,7.747106552124023
M,12,12,2024-07-19,2024-10-11,0.0,0.6402347087860107,0.0,7.718210220336914
M,12,12,2024-07-26,2024-10-18,0.0,0.620830774307251,0.0,7.6988067626953125
M,12,12,2024-08-02,2024-10-25,1.0,0.5941238403320312,0.0,7.672099590301514
M,12,12,2024-08-09,2024-11-01,0.0,0.7569143772125244,0.0,7.834890365600586
M,12,12,2024-08-16,2024-11-08,1.0,1.07655930519104,0.0,8.154535293579102
M,12,12,2024-08-23,2024-11-15,0.0,0.3716171085834503,0.0,5.417989730834961
M,12,12,2024-08-30,2024-11-22,0.0,0.2897695004940033,0.0,5.336142063140869
M,12,12,2024-09-06,2024-11-29,1.0,0.34267571568489075,0.0,5.389048099517822
M,12,12,2024-09-13,2024-12-06,0.0,0.2712644636631012,0.0,5.317636966705322
M,12,12,2024-09-20,2024-12-13,0.0,0.29262489080429077,0.0,5.3389973640441895
M,12,12,2024-09-27,2024-12-20,0.0,0.2859877645969391,0.0,5.33236026763916
M,12,12,2024-10-04,2024-12-27,0.0,0.1672128140926361,0.0,5.213585376739502
M,12,12,2024-10-11,2025-01-03,0.0,0.0811847373843193,0.0,5.127557277679443
M,12,12,2024-10-18,2025-01-10,1.0,0.10812906175851822,0.0,5.154501438140869
M,12,12,2024-10-25,2025-01-17,0.0,0.08275874704122543,0.0,5.129131317138672
M,12,12,2024-11-01,2025-01-24,0.0,0.08326427638530731,0.0,5.129636764526367
M,12,12,2024-11-08,2025-01-31,0.0,0.10492275655269623,0.0,5.151295185089111
M,12,12,2024-11-15,2025-02-07,0.0,0.04776281863451004,0.0,5.094135284423828
M,12,12,2024-11-22,2025-02-14,0.0,0.042249009013175964,0.0,5.088621616363525
M,12,12,2024-11-29,2025-02-21,0.0,0.06920701265335083,0.0,5.115579605102539
M,12,12,2024-12-06,2025-02-28,0.0,0.05943857505917549,0.0,5.10581111907959
M,12,12,2024-12-13,2025-03-07,0.0,0.08004093170166016,0.0,5.126413345336914
M,12,12,2024-12-20,2025-03-14,0.0,0.08748795092105865,0.0,5.1338605880737305
M,12,12,2024-12-27,2025-03-21,0.0,0.07955021411180496,0.0,5.125922679901123
M,12,12,2025-01-03,2025-03-28,0.0,0.0793975293636322,0.0,5.125770092010498
M,12,12,2025-01-10,2025-04-04,0.0,0.07447995245456696,0.0,5.120852470397949
M,12,12,2025-01-17,2025-04-11,0.0,0.04253841191530228,0.0,5.088911056518555
M,12,12,2025-01-24,2025-04-18,0.0,0.08548441529273987,0.0,5.131856918334961
M,12,12,2025-01-31,2025-04-25,0.0,0.07078592479228973,0.0,5.11715841293335
M,12,12,2025-02-07,2025-05-02,0.0,0.05922863632440567,0.0,5.105600833892822
M,12,12,2025-02-14,2025-05-09,0.0,0.08561885356903076,0.0,5.131991386413574
M,12,12,2025-02-21,2025-05-16,0.0,0.08061438053846359,0.0,5.126986980438232
M,12,12,2025-02-28,2025-05-23,0.0,0.09424284845590591,0.0,5.140615463256836
M,12,12,2025-03-07,2025-05-30,0.0,0.1491825431585312,0.0,5.195554733276367
M,12,12,2025-03-14,2025-06-06,0.0,0.11094099283218384,0.0,5.157313346862793
M,12,12,2025-03-21,2025-06-13,1.0,0.12504874169826508,0.0,5.171421051025391
M,12,12,2025-03-28,2025-06-20,0.0,0.1642637997865677,0.0,5.210636138916016
M,12,12,2025-04-04,2025-06-27,0.0,0.25603094696998596,0.0,5.302403450012207
M,12,12,2025-04-11,2025-07-04,1.0,0.36537566781044006,0.0,5.411747932434082
M,12,12,2025-04-18,2025-07-11,0.0,0.4887387156486511,0.0,5.535110950469971
M,12,12,2025-04-25,2025-07-18,2.0,0.5738603472709656,0.0,5.620232582092285
M,12,12,2025-05-02,2025-07-25,4.0,0.7942286133766174,0.0,5.840600967407227
M,12,12,2025-05-09,2025-08-01,9.0,0.8933891654014587,0.0,5.939761638641357
M,12,12,2025-05-16,2025-08-08,9.0,1.2167435884475708,0.0,6.263115882873535
M,12,12,2025-05-23,2025-08-15,3.0,1.6200952529907227,0.15740704536437988,6.666467666625977
M,12,12,2025-05-30,2025-08-22,1.0,1.5345945358276367,0.07190632820129395,6.580966949462891
M,12,12,2025-06-06,2025-08-29,1.0,1.1796900033950806,0.0,6.226062297821045
M,12,12,2025-06-13,2025-09-05,,1.0234172344207764,0.0,6.069789886474609
M,12,12,2025-06-20,2025-09-12,,2.445859909057617,0.9831717014312744,7.492232322692871
M,12,12,2025-06-27,2025-09-19,,2.3111276626586914,0.8484394550323486,7.357500076293945
M,12,12,2025-07-04,2025-09-26,,0.34140366315841675,0.0,5.387775897979736
M,12,12,2025-07-11,2025-10-03,,0.2956169545650482,0.0,5.341989517211914
M,12,12,2025-07-18,2025-10-10,,0.36887428164482117,0.0,5.415246486663818
M,12,12,2025-07-25,2025-10-17,,0.39054057002067566,0.0,5.436913013458252
M,12,12,2025-08-01,2025-10-24,,0.574496328830719,0.0,5.620868682861328
M,12,12,2025-08-08,2025-10-31,,0.3632158637046814,0.0,5.40958833694458
M,12,12,2025-08-15,2025-11-07,,0.3225148916244507,0.0,8.429125785827637
M,12,12,2025-08-22,2025-11-14,,0.3589830696582794,0.0,8.465594291687012
N,13,1,2023-02-17,2023-02-24,0.0,0.0,0.0,2.0
N,13,1,2023-02-24,2023-03-03,0.0,0.0,0.0,2.0
N,13,1,2023-03-03,2023-03-10,0.0,0.0,0.0,2.0
N,13,1,2023-03-10,2023-03-17,0.0,0.0,0.0,2.0
N,13,1,2023-03-17,2023-03-24,0.0,0.0,0.0,2.0
N,13,1,2023-03-24,2023-03-31,0.0,0.0,0.0,2.0
N,13,1,2023-03-31,2023-04-07,0.0,0.0,0.0,2.0
N,13,1,2023-04-07,2023-04-14,0.0,0.0,0.0,2.0
N,13,1,2023-04-14,2023-04-21,0.0,0.0,0.0,2.0
N,13,1,2023-04-21,2023-04-28,0.0,0.0,0.0,2.0
N,13,1,2023-04-28,2023-05-05,0.0,0.0,0.0,2.0
N,13,1,2023-05-05,2023-05-12,0.0,0.0,0.0,2.0
N,13,1,2023-05-12,2023-05-19,0.0,0.0,0.0,2.0
N,13,1,2023-05-19,2023-05-26,0.0,0.0,0.0,2.0
N,13,1,2023-05-26,2023-06-02,0.0,0.0,0.0,2.0
N,13,1,2023-06-02,2023-06-09,0.0,0.0,0.0,2.0
N,13,1,2023-06-09,2023-06-16,0.0,0.0,0.0,2.0
N,13,1,2023-06-16,2023-06-23,1.0,0.0,0.0,2.0
N,13,1,2023-06-23,2023-06-30,0.0,0.0,0.0,2.0
N,13,1,2023-06-30,2023-07-07,0.0,0.0,0.0,2.0
N,13,1,2023-07-07,2023-07-14,1.0,0.0,0.0,2.0
N,13,1,2023-07-14,2023-07-21,0.0,0.0,0.0,2.0
N,13,1,2023-07-21,2023-07-28,1.0,0.0,0.0,2.0
N,13,1,2023-07-28,2023-08-04,1.0,0.0,0.0,2.0
N,13,1,2023-08-04,2023-08-11,4.0,0.0,0.0,2.0
N,13,1,2023-08-11,2023-08-18,1.0,0.0,0.0,2.0
N,13,1,2023-08-18,2023-08-25,2.0,0.0,0.0,2.0
N,13,1,2023-08-25,2023-09-01,1.0,0.0,0.0,4.0
N,13,1,2023-09-01,2023-09-08,0.0,0.0,0.0,4.0
N,13,1,2023-09-08,2023-09-15,0.0,0.0,0.0,4.0
N,13,1,2023-09-15,2023-09-22,3.0,0.0,0.0,4.0
N,13,1,2023-09-22,2023-09-29,0.0,0.0,0.0,4.0
N,13,1,2023-09-29,2023-10-06,3.0,0.0,0.0,4.0
N,13,1,2023-10-06,2023-10-13,0.0,0.0,0.0,4.0
N,13,1,2023-10-13,2023-10-20,0.0,0.0,0.0,4.0
N,13,1,2023-10-20,2023-10-27,0.0,0.0,0.0,4.0
N,13,1,2023-10-27,2023-11-03,0.0,0.0,0.0,4.0
N,13,1,2023-11-03,2023-11-10,0.0,0.0,0.0,4.0
N,13,1,2023-11-10,2023-11-17,1.0,0.0,0.0,4.0
N,13,1,2023-11-17,2023-11-24,0.0,0.0,0.0,4.0
N,13,1,2023-11-24,2023-12-01,0.0,0.0,0.0,4.0
N,13,1,2023-12-01,2023-12-08,1.0,0.0,0.0,4.0
N,13,1,2023-12-08,2023-12-15,0.0,0.0,0.0,4.0
N,13,1,2023-12-15,2023-12-22,1.0,0.0,0.0,4.0
N,13,1,2023-12-22,2023-12-29,0.0,0.0,0.0,4.0
N,13,1,2023-12-29,2024-01-05,0.0,0.0,0.0,4.0
N,13,1,2024-01-05,2024-01-12,1.0,0.0,0.0,4.0
N,13,1,2024-01-12,2024-01-19,0.0,0.0,0.0,4.0
N,13,1,2024-01-19,2024-01-26,0.0,0.0,0.0,4.0
N,13,1,2024-01-26,2024-02-02,1.0,0.0,0.0,4.0
N,13,1,2024-02-02,2024-02-09,1.0,0.0,0.0,4.0
N,13,1,2024-02-09,2024-02-16,0.0,0.0,0.0,4.0
N,13,1,2024-02-16,2024-02-23,0.0,0.0,0.0,4.0
N,13,1,2024-02-23,2024-03-01,0.0,0.0,0.0,4.0
N,13,1,2024-03-01,2024-03-08,0.0,0.0,0.0,4.0
N,13,1,2024-03-08,2024-03-15,0.0,0.0,0.0,4.0
N,13,1,2024-03-15,2024-03-22,0.0,0.0,0.0,4.0
N,13,1,2024-03-22,2024-03-29,0.0,0.0,0.0,4.0
N,13,1,2024-03-29,2024-04-05,0.0,0.0,0.0,4.0
N,13,1,2024-04-05,2024-04-12,0.0,0.0,0.0,4.0
N,13,1,2024-04-12,2024-04-19,0.0,0.0,0.0,4.0
N,13,1,2024-04-19,2024-04-26,1.0,0.0,0.0,4.0
N,13,1,2024-04-26,2024-05-03,0.0,0.0,0.0,4.0
N,13,1,2024-05-03,2024-05-10,0.0,0.0,0.0,4.0
N,13,1,2024-05-10,2024-05-17,0.0,0.0,0.0,4.0
N,13,1,2024-05-17,2024-05-24,0.0,0.0,0.0,4.0
N,13,1,2024-05-24,2024-05-31,0.0,0.0,0.0,4.0
N,13,1,2024-05-31,2024-06-07,0.0,0.0,0.0,4.0
N,13,1,2024-06-07,2024-06-14,0.0,0.0,0.0,4.0
N,13,1,2024-06-14,2024-06-21,0.0,0.0,0.0,4.0
N,13,1,2024-06-21,2024-06-28,0.0,0.0,0.0,4.0
N,13,1,2024-06-28,2024-07-05,0.0,0.0,0.0,4.0
N,13,1,2024-07-05,2024-07-12,0.0,0.0,0.0,4.0
N,13,1,2024-07-12,2024-07-19,1.0,0.0,0.0,4.0
N,13,1,2024-07-19,2024-07-26,0.0,0.0,0.0,4.0
N,13,1,2024-07-26,2024-08-02,18.0,0.0,0.0,4.0
N,13,1,2024-08-02,2024-08-09,10.0,0.0,0.0,4.0
N,13,1,2024-08-09,2024-08-16,4.0,0.0,0.0,4.0
N,13,1,2024-08-16,2024-08-23,0.0,0.0,0.0,18.0
N,13,1,2024-08-23,2024-08-30,1.0,0.0,0.0,18.0
N,13,1,2024-08-30,2024-09-06,1.0,0.0,0.0,18.0
N,13,1,2024-09-06,2024-09-13,1.0,0.0,0.0,18.0
N,13,1,2024-09-13,2024-09-20,0.0,0.0,0.0,18.0
N,13,1,2024-09-20,2024-09-27,0.0,0.0,0.0,18.0
N,13,1,2024-09-27,2024-10-04,1.0,0.0,0.0,18.0
N,13,1,2024-10-04,2024-10-11,0.0,0.0,0.0,18.0
N,13,1,2024-10-11,2024-10-18,0.0,0.0,0.0,18.0
N,13,1,2024-10-18,2024-10-25,0.0,0.0,0.0,18.0
N,13,1,2024-10-25,2024-11-01,0.0,0.0,0.0,18.0
N,13,1,2024-11-01,2024-11-08,1.0,0.0,0.0,18.0
N,13,1,2024-11-08,2024-11-15,1.0,0.0,0.0,18.0
N,13,1,2024-11-15,2024-11-22,0.0,0.0,0.0,18.0
N,13,1,2024-11-22,2024-11-29,0.0,0.0,0.0,18.0
N,13,1,2024-11-29,2024-12-06,0.0,0.0,0.0,18.0
N,13,1,2024-12-06,2024-12-13,0.0,0.0,0.0,18.0
N,13,1,2024-12-13,2024-12-20,0.0,0.0,0.0,18.0
N,13,1,2024-12-20,2024-12-27,0.0,0.0,0.0,18.0
N,13,1,2024-12-27,2025-01-03,0.0,0.0,0.0,18.0
N,13,1,2025-01-03,2025-01-10,1.0,0.0,0.0,18.0
N,13,1,2025-01-10,2025-01-17,0.0,0.0,0.0,18.0
N,13,1,2025-01-17,2025-01-24,0.0,0.0,0.0,18.0
N,13,1,2025-01-24,2025-01-31,0.0,0.0,0.0,18.0
N,13,1,2025-01-31,2025-02-07,0.0,0.0,0.0,18.0
N,13,1,2025-02-07,2025-02-14,0.0,0.0,0.0,18.0
N,13,1,2025-02-14,2025-02-21,0.0,0.0,0.0,18.0
N,13,1,2025-02-21,2025-02-28,0.0,0.0,0.0,18.0
N,13,1,2025-02-28,2025-03-07,0.0,0.0,0.0,18.0
N,13,1,2025-03-07,2025-03-14,0.0,0.0,0.0,18.0
N,13,1,2025-03-14,2025-03-21,0.0,0.0,0.0,18.0
N,13,1,2025-03-21,2025-03-28,0.0,0.0,0.0,18.0
N,13,1,2025-03-28,2025-04-04,0.0,0.0,0.0,18.0
N,13,1,2025-04-04,2025-04-11,0.0,0.0,0.0,18.0
N,13,1,2025-04-11,2025-04-18,0.0,0.0,0.0,18.0
N,13,1,2025-04-18,2025-04-25,0.0,0.0,0.0,18.0
N,13,1,2025-04-25,2025-05-02,0.0,0.0,0.0,18.0
N,13,1,2025-05-02,2025-05-09,0.0,0.0,0.0,18.0
N,13,1,2025-05-09,2025-05-16,0.0,0.0,0.0,18.0
N,13,1,2025-05-16,2025-05-23,1.0,0.0,0.0,18.0
N,13,1,2025-05-23,2025-05-30,0.0,0.0,0.0,18.0
N,13,1,2025-05-30,2025-06-06,0.0,0.0,0.0,18.0
N,13,1,2025-06-06,2025-06-13,0.0,0.0,0.0,18.0
N,13,1,2025-06-13,2025-06-20,0.0,0.0,0.0,18.0
N,13,1,2025-06-20,2025-06-27,0.0,0.0,0.0,18.0
N,13,1,2025-06-27,2025-07-04,2.0,0.0,0.0,18.0
N,13,1,2025-07-04,2025-07-11,1.0,0.0,0.0,18.0
N,13,1,2025-07-11,2025-07-18,3.0,0.0,0.0,18.0
N,13,1,2025-07-18,2025-07-25,6.0,0.0,0.0,18.0
N,13,1,2025-07-25,2025-08-01,9.0,0.0,0.0,18.0
N,13,1,2025-08-01,2025-08-08,4.0,0.0,0.0,18.0
N,13,1,2025-08-08,2025-08-15,3.0,0.0,0.0,18.0
N,13,1,2025-08-15,2025-08-22,1.0,0.0,0.0,10.0
N,13,1,2025-08-22,2025-08-29,0.0,0.0,0.0,9.0
N,13,2,2023-02-17,2023-03-03,0.0,0.05491923540830612,0.0,1.9677603244781494
N,13,2,2023-02-24,2023-03-10,0.0,0.04640961438417435,0.0,1.9592506885528564
N,13,2,2023-03-03,2023-03-17,0.0,0.04451467841863632,0.0,1.9573557376861572
N,13,2,2023-03-10,2023-03-24,0.0,0.05528232455253601,0.0,1.968123435974121
N,13,2,2023-03-17,2023-03-31,0.0,0.0629025399684906,0.0,1.9757436513900757
N,13,2,2023-03-24,2023-04-07,0.0,0.05012592673301697,0.0,1.962967038154602
N,13,2,2023-03-31,2023-04-14,0.0,0.04906804859638214,0.0,1.9619091749191284
N,13,2,2023-04-07,2023-04-21,0.0,0.047559820115566254,0.0,1.960400938987732
N,13,2,2023-04-14,2023-04-28,0.0,0.031272295862436295,0.0,1.9441133737564087
N,13,2,2023-04-21,2023-05-05,0.0,0.0356929637491703,0.0,1.9485340118408203
N,13,2,2023-04-28,2023-05-12,0.0,0.08485129475593567,0.0,1.997692346572876
N,13,2,2023-05-05,2023-05-19,0.0,0.13222277164459229,0.0,2.0450639724731445
N,13,2,2023-05-12,2023-05-26,0.0,0.26263177394866943,0.0,2.1754727363586426
N,13,2,2023-05-19,2023-06-02,0.0,0.2660638689994812,0.0,2.1789050102233887
N,13,2,2023-05-26,2023-06-09,0.0,0.31890052556991577,0.0,2.2317416667938232
N,13,2,2023-06-02,2023-06-16,0.0,0.2736220359802246,0.0,2.1864631175994873
N,13,2,2023-06-09,2023-06-23,1.0,0.5241773724555969,0.0,2.437018394470215
N,13,2,2023-06-16,2023-06-30,0.0,0.2703917920589447,0.0,2.1832327842712402
N,13,2,2023-06-23,2023-07-07,0.0,0.2511402368545532,0.0,2.1639814376831055
N,13,2,2023-06-30,2023-07-14,1.0,0.18674594163894653,0.0,2.0995869636535645
N,13,2,2023-07-07,2023-07-21,0.0,0.2842976748943329,0.0,2.197138786315918
N,13,2,2023-07-14,2023-07-28,1.0,0.9112663269042969,0.1174095869064331,2.8241074085235596
N,13,2,2023-07-21,2023-08-04,1.0,1.5908911228179932,0.7970343828201294,3.503732204437256
N,13,2,2023-07-28,2023-08-11,4.0,4.3341803550720215,3.5403237342834473,6.247021675109863
N,13,2,2023-08-04,2023-08-18,1.0,1.0083752870559692,0.21451854705810547,2.9212164878845215
N,13,2,2023-08-11,2023-08-25,2.0,0.6713602542877197,0.0,2.5842013359069824
N,13,2,2023-08-18,2023-09-01,1.0,0.4078181982040405,0.0,2.3206591606140137
N,13,2,2023-08-25,2023-09-08,0.0,0.8029900193214417,0.00913327932357788,2.7158310413360596
N,13,2,2023-09-01,2023-09-15,0.0,1.08699369430542,0.29313695430755615,2.9998347759246826
N,13,2,2023-09-08,2023-09-22,3.0,0.999996542930603,0.20613980293273926,2.8889122009277344
N,13,2,2023-09-15,2023-09-29,0.0,0.5232447981834412,0.0,2.4121603965759277
N,13,2,2023-09-22,2023-10-06,3.0,0.4678483009338379,0.0,2.3567638397216797
N,13,2,2023-09-29,2023-10-13,0.0,0.667831301689148,0.0,2.492039203643799
N,13,2,2023-10-06,2023-10-20,0.0,0.39090731739997864,0.0,2.3909106254577637
N,13,2,2023-10-13,2023-10-27,0.0,0.32140052318573,0.0,2.321403980255127
N,13,2,2023-10-20,2023-11-03,0.0,0.2924763858318329,0.0,2.8246281147003174
N,13,2,2023-10-27,2023-11-10,0.0,0.1186811551451683,0.0,2.6508328914642334
N,13,2,2023-11-03,2023-11-17,1.0,0.13950559496879578,0.0,2.6716573238372803
N,13,2,2023-11-10,2023-11-24,0.0,0.1631411910057068,0.0,2.6952929496765137
N,13,2,2023-11-17,2023-12-01,0.0,0.112400583922863,0.0,2.644552230834961
N,13,2,2023-11-24,2023-12-08,1.0,0.1285225749015808,0.0,2.6606743335723877
N,13,2,2023-12-01,2023-12-15,0.0,0.05368272215127945,0.0,2.585834503173828
N,13,2,2023-12-08,2023-12-22,1.0,0.06673969328403473,0.0,2.598891496658325
N,13,2,2023-12-15,2023-12-29,0.0,0.07449708878993988,0.0,2.6066486835479736
N,13,2,2023-12-22,2024-01-05,0.0,0.07126664370298386,0.0,2.6034183502197266
N,13,2,2023-12-29,2024-01-12,1.0,0.05304794758558273,0.0,2.5851995944976807
N,13,2,2024-01-05,2024-01-19,0.0,0.055989138782024384,0.0,2.5881407260894775
N,13,2,2024-01-12,2024-01-26,0.0,0.05406855791807175,0.0,2.5862202644348145
N,13,2,2024-01-19,2024-02-02,1.0,0.04741664230823517,0.0,2.579568386077881
N,13,2,2024-01-26,2024-02-09,1.0,0.05328017473220825,0.0,2.5854318141937256
N,13,2,2024-02-02,2024-02-16,0.0,0.062005795538425446,0.0,2.5941574573516846
N,13,2,2024-02-09,2024-02-23,0.0,0.06914423406124115,0.0,2.6012959480285645
N,13,2,2024-02-16,2024-03-01,0.0,0.07569604367017746,0.0,2.6078476905822754
N,13,2,2024-02-23,2024-03-08,0.0,0.05380256474018097,0.0,2.585954189300537
N,13,2,2024-03-01,2024-03-15,0.0,0.0506342351436615,0.0,2.5827858448028564
N,13,2,2024-03-08,2024-03-22,0.0,0.048728011548519135,0.0,2.5808796882629395
N,13,2,2024-03-15,2024-03-29,0.0,0.053760774433612823,0.0,2.5859124660491943
N,13,2,2024-03-22,2024-04-05,0.0,0.057056523859500885,0.0,2.5892081260681152
N,13,2,2024-03-29,2024-04-12,0.0,0.057864315807819366,0.0,2.5900161266326904
N,13,2,2024-04-05,2024-04-19,0.0,0.08522368222475052,0.0,2.617375373840332
N,13,2,2024-04-12,2024-04-26,1.0,0.09768717736005783,0.0,2.6298389434814453
N,13,2,2024-04-19,2024-05-03,0.0,0.07875404506921768,0.0,2.610905647277832
N,13,2,2024-04-26,2024-05-10,0.0,0.12831366062164307,0.0,2.6604652404785156
N,13,2,2024-05-03,2024-05-17,0.0,0.1876717209815979,0.0,2.7198233604431152
N,13,2,2024-05-10,2024-05-24,0.0,0.2683543860912323,0.0,2.800506114959717
N,13,2,2024-05-17,2024-05-31,0.0,0.3136504888534546,0.0,2.8458023071289062
N,13,2,2024-05-24,2024-06-07,0.0,0.8776705861091614,0.0,3.4098222255706787
N,13,2,2024-05-31,2024-06-14,0.0,0.5647827386856079,0.0,3.0969343185424805
N,13,2,2024-06-07,2024-06-21,0.0,0.5038509368896484,0.0,3.0360026359558105
N,13,2,2024-06-14,2024-06-28,0.0,0.5867058634757996,0.0,3.1188576221466064
N,13,2,2024-06-21,2024-07-05,0.0,0.6055073738098145,0.0,3.1376590728759766
N,13,2,2024-06-28,2024-07-12,0.0,0.5420699119567871,0.0,3.074221611022949
N,13,2,2024-07-05,2024-07-19,1.0,0.5166485905647278,0.0,3.048800230026245
N,13,2,2024-07-12,2024-07-26,0.0,0.6880531311035156,0.0,3.2202048301696777
N,13,2,2024-07-19,2024-08-02,18.0,1.990900993347168,0.903907299041748,4.52305269241333
N,13,2,2024-07-26,2024-08-09,10.0,1.0133085250854492,0.0,3.5454602241516113
N,13,2,2024-08-02,2024-08-16,4.0,2.378232717514038,1.2912390232086182,4.910384178161621
N,13,2,2024-08-09,2024-08-23,0.0,4.065461158752441,2.9784674644470215,6.5976128578186035
N,13,2,2024-08-16,2024-08-30,1.0,2.414891004562378,1.327897310256958,18.423988342285156
N,13,2,2024-08-23,2024-09-06,1.0,2.211664915084839,1.124671220779419,18.220762252807617
N,13,2,2024-08-30,2024-09-13,1.0,5.188958644866943,4.101964950561523,21.198057174682617
N,13,2,2024-09-06,2024-09-20,0.0,2.5080554485321045,0.0,18.517152786254883
N,13,2,2024-09-13,2024-09-27,0.0,1.4147963523864746,0.0,17.42389488220215
N,13,2,2024-09-20,2024-10-04,1.0,3.243208646774292,0.0,19.25230598449707
N,13,2,2024-09-27,2024-10-11,0.0,1.1962467432022095,0.0,17.205345153808594
N,13,2,2024-10-04,2024-10-18,0.0,0.3380371034145355,0.0,16.347135543823242
N,13,2,2024-10-11,2024-10-25,0.0,0.16529428958892822,0.0,16.174392700195312
N,13,2,2024-10-18,2024-11-01,0.0,0.4054014980792999,0.0,16.414499282836914
N,13,2,2024-10-25,2024-11-08,1.0,0.455896258354187,0.0,16.464994430541992
N,13,2,2024-11-01,2024-11-15,1.0,0.07214012742042542,0.0,16.08123779296875
N,13,2,2024-11-08,2024-11-22,0.0,0.13323229551315308,0.0,16.142330169677734
N,13,2,2024-11-15,2024-11-29,0.0,0.1091756746172905,0.0,16.11827278137207
N,13,2,2024-11-22,2024-12-06,0.0,0.08777467161417007,0.0,16.096872329711914
N,13,2,2024-11-29,2024-12-13,0.0,0.06264142692089081,0.0,16.071739196777344
N,13,2,2024-12-06,2024-12-20,0.0,0.04001515358686447,0.0,16.04911231994629
N,13,2,2024-12-13,2024-12-27,0.0,0.04985249787569046,0.0,16.058950424194336
N,13,2,2024-12-20,2025-01-03,0.0,0.06386748701334,0.0,16.072965621948242
N,13,2,2024-12-27,2025-01-10,1.0,0.06791585683822632,0.0,16.07701301574707
N,13,2,2025-01-03,2025-01-17,0.0,0.06370469182729721,0.0,16.072803497314453
N,13,2,2025-01-10,2025-01-24,0.0,0.06499316543340683,0.0,16.0740909576416
N,13,2,2025-01-17,2025-01-31,0.0,0.06999639421701431,0.0,16.07909393310547
N,13,2,2025-01-24,2025-02-07,0.0,0.07345902919769287,0.0,16.082557678222656
N,13,2,2025-01-31,2025-02-14,0.0,0.05861397832632065,0.0,16.067712783813477
N,13,2,2025-02-07,2025-02-21,0.0,0.06267180293798447,0.0,16.07176971435547
N,13,2,2025-02-14,2025-02-28,0.0,0.06795795261859894,0.0,16.077056884765625
N,13,2,2025-02-21,2025-03-07,0.0,0.04754333198070526,0.0,16.056640625
N,13,2,2025-02-28,2025-03-14,0.0,0.05549318343400955,0.0,16.064590454101562
N,13,2,2025-03-07,2025-03-21,0.0,0.04257644712924957,0.0,16.051673889160156
N,13,2,2025-03-14,2025-03-28,0.0,0.04319986701011658,0.0,16.052297592163086
N,13,2,2025-03-21,2025-04-04,0.0,0.05390650033950806,0.0,16.063005447387695
N,13,2,2025-03-28,2025-04-11,0.0,0.06432114541530609,0.0,16.07341957092285
N,13,2,2025-04-04,2025-04-18,0.0,0.08952748030424118,0.0,16.09862518310547
N,13,2,2025-04-11,2025-04-25,0.0,0.12502199411392212,0.0,16.13412094116211
N,13,2,2025-04-18,2025-05-02,0.0,0.12380821257829666,0.0,16.132905960083008
N,13,2,2025-04-25,2025-05-09,0.0,0.13749215006828308,0.0,16.146589279174805
N,13,2,2025-05-02,2025-05-16,0.0,0.17356246709823608,0.0,16.182661056518555
N,13,2,2025-05-09,2025-05-23,1.0,0.2036241888999939,0.0,16.212722778320312
N,13,2,2025-05-16,2025-05-30,0.0,0.3454534113407135,0.0,16.354551315307617
N,13,2,2025-05-23,2025-06-06,0.0,0.3775520324707031,0.0,16.38665008544922
N,13,2,2025-05-30,2025-06-13,0.0,0.576117992401123,0.0,16.585216522216797
N,13,2,2025-06-06,2025-06-20,0.0,0.7736827731132507,0.0,16.78278160095215
N,13,2,2025-06-13,2025-06-27,0.0,0.44468358159065247,0.0,16.453781127929688
N,13,2,2025-06-20,2025-07-04,2.0,0.30029886960983276,0.0,16.309396743774414
N,13,2,2025-06-27,2025-07-11,1.0,0.43723222613334656,0.0,16.446331024169922
N,13,2,2025-07-04,2025-07-18,3.0,2.0359818935394287,0.0,18.045080184936523
N,13,2,2025-07-11,2025-07-25,6.0,6.6655473709106445,2.476588726043701,22.674644470214844
N,13,2,2025-07-18,2025-08-01,9.0,8.903764724731445,4.714806079864502,24.91286277770996
N,13,2,2025-07-25,2025-08-08,4.0,4.754842758178711,0.5658841133117676,20.763940811157227
N,13,2,2025-08-01,2025-08-15,3.0,3.2597503662109375,0.0,19.268848419189453
N,13,2,2025-08-08,2025-08-22,1.0,0.8192017674446106,0.0,16.82830047607422
N,13,2,2025-08-15,2025-08-29,0.0,0.6277245283126831,0.0,9.614416122436523
N,13,2,2025-08-22,2025-09-05,,1.20681631565094,0.0,2.906517505645752
N,13,4,2023-02-17,2023-03-17,0.0,0.1082661896944046,0.0,1.8021388053894043
N,13,4,2023-02-24,2023-03-24,0.0,0.10448925197124481,0.0,1.7983617782592773
N,13,4,2023-03-03,2023-03-31,0.0,0.10785965621471405,0.0,1.8017321825027466
N,13,4,2023-03-10,2023-04-07,0.0,0.10406596958637238,0.0,1.797938585281372
N,13,4,2023-03-17,2023-04-14,0.0,0.10694736987352371,0.0,1.800819993019104
N,13,4,2023-03-24,2023-04-21,0.0,0.11507795006036758,0.0,1.8089505434036255
N,13,4,2023-03-31,2023-04-28,0.0,0.11205525696277618,0.0,1.8059278726577759
N,13,4,2023-04-07,2023-05-05,0.0,0.11498552560806274,0.0,1.8088581562042236
N,13,4,2023-04-14,2023-05-12,0.0,0.12605389952659607,0.0,1.8199265003204346
N,13,4,2023-04-21,2023-05-19,0.0,0.1353902518749237,0.0,1.8292628526687622
N,13,4,2023-04-28,2023-05-26,0.0,0.18028602004051208,0.0,1.8741586208343506
N,13,4,2023-05-05,2023-06-02,0.0,0.3107127249240875,0.0,2.0045852661132812
N,13,4,2023-05-12,2023-06-09,0.0,0.31506839394569397,0.0,2.0089409351348877
N,13,4,2023-05-19,2023-06-16,0.0,0.19057852029800415,0.0,1.884451150894165
N,13,4,2023-05-26,2023-06-23,1.0,0.3072971701622009,0.0,2.0011696815490723
N,13,4,2023-06-02,2023-06-30,0.0,0.6697335243225098,0.0,2.3636059761047363
N,13,4,2023-06-09,2023-07-07,0.0,1.0585310459136963,0.0,2.752403736114502
N,13,4,2023-06-16,2023-07-14,1.0,1.2900720834732056,0.0,2.9839446544647217
N,13,4,2023-06-23,2023-07-21,0.0,2.44244647026062,0.1495070457458496,4.136319160461426
N,13,4,2023-06-30,2023-07-28,1.0,1.9268487691879272,0.0,3.6207213401794434
N,13,4,2023-07-07,2023-08-04,1.0,2.130147933959961,0.0,3.8240203857421875
N,13,4,2023-07-14,2023-08-11,4.0,2.3751869201660156,0.08224749565124512,4.069059371948242
N,13,4,2023-07-21,2023-08-18,1.0,0.7218016386032104,0.0,2.4156742095947266
N,13,4,2023-07-28,2023-08-25,2.0,1.5385123491287231,0.47998130321502686,3.2323849201202393
N,13,4,2023-08-04,2023-09-01,1.0,0.6845039129257202,0.0,2.3783764839172363
N,13,4,2023-08-11,2023-09-08,0.0,0.9369608163833618,0.0,2.630833387374878
N,13,4,2023-08-18,2023-09-15,0.0,1.5797274112701416,0.0,3.2736001014709473
N,13,4,2023-08-25,2023-09-22,3.0,1.0453333854675293,0.0,2.739205837249756
N,13,4,2023-09-01,2023-09-29,0.0,1.0128873586654663,0.0,2.7067599296569824
N,13,4,2023-09-08,2023-10-06,3.0,1.558861494064331,0.0,3.2527341842651367
N,13,4,2023-09-15,2023-10-13,0.0,2.5218634605407715,0.07941699028015137,4.215735912322998
N,13,4,2023-09-22,2023-10-20,0.0,1.7723606824874878,0.0,3.466233253479004
N,13,4,2023-09-29,2023-10-27,0.0,0.7953206896781921,0.0,2.4201338291168213
N,13,4,2023-10-06,2023-11-03,0.0,0.5322245359420776,0.0,2.486891269683838
N,13,4,2023-10-13,2023-11-10,0.0,0.5113440155982971,0.0,2.466010570526123
N,13,4,2023-10-20,2023-11-17,1.0,0.45142874121665955,0.0,2.406095266342163
N,13,4,2023-10-27,2023-11-24,0.0,0.2574586570262909,0.0,2.212125301361084
N,13,4,2023-11-03,2023-12-01,0.0,0.18821026384830475,0.0,2.1428768634796143
N,13,4,2023-11-10,2023-12-08,1.0,0.2117374837398529,0.0,2.1664040088653564
N,13,4,2023-11-17,2023-12-15,0.0,0.17127230763435364,0.0,2.125938892364502
N,13,4,2023-11-24,2023-12-22,1.0,0.1784440577030182,0.0,2.133110761642456
N,13,4,2023-12-01,2023-12-29,0.0,0.14661020040512085,0.0,2.1012768745422363
N,13,4,2023-12-08,2024-01-05,0.0,0.15065160393714905,0.0,2.105318307876587
N,13,4,2023-12-15,2024-01-12,1.0,0.1480395495891571,0.0,2.10270619392395
N,13,4,2023-12-22,2024-01-19,0.0,0.155203178524971,0.0,2.1098697185516357
N,13,4,2023-12-29,2024-01-26,0.0,0.12109773606061935,0.0,2.0757644176483154
N,13,4,2024-01-05,2024-02-02,1.0,0.13489466905593872,0.0,2.0895612239837646
N,13,4,2024-01-12,2024-02-09,1.0,0.13774758577346802,0.0,2.092414140701294
N,13,4,2024-01-19,2024-02-16,0.0,0.11427491158246994,0.0,2.068941593170166
N,13,4,2024-01-26,2024-02-23,0.0,0.1034233495593071,0.0,2.0580899715423584
N,13,4,2024-02-02,2024-03-01,0.0,0.10470540076494217,0.0,2.0593719482421875
N,13,4,2024-02-09,2024-03-08,0.0,0.10852240025997162,0.0,2.0631890296936035
N,13,4,2024-02-16,2024-03-15,0.0,0.10977131128311157,0.0,2.0644378662109375
N,13,4,2024-02-23,2024-03-22,0.0,0.10859414935112,0.0,2.063260793685913
N,13,4,2024-03-01,2024-03-29,0.0,0.10845780372619629,0.0,2.063124418258667
N,13,4,2024-03-08,2024-04-05,0.0,0.11227596551179886,0.0,2.0669426918029785
N,13,4,2024-03-15,2024-04-12,0.0,0.11096403002738953,0.0,2.0656306743621826
N,13,4,2024-03-22,2024-04-19,0.0,0.12691204249858856,0.0,2.0815787315368652
N,13,4,2024-03-29,2024-04-26,1.0,0.1388283371925354,0.0,2.0934948921203613
N,13,4,2024-04-05,2024-05-03,0.0,0.16915342211723328,0.0,2.1238200664520264
N,13,4,2024-04-12,2024-05-10,0.0,0.19572237133979797,0.0,2.1503889560699463
N,13,4,2024-04-19,2024-05-17,0.0,0.20943084359169006,0.0,2.164097547531128
N,13,4,2024-04-26,2024-05-24,0.0,0.2925253212451935,0.0,2.247191905975342
N,13,4,2024-05-03,2024-05-31,0.0,0.6112828254699707,0.0,2.5659494400024414
N,13,4,2024-05-10,2024-06-07,0.0,1.1681774854660034,0.0,3.1228442192077637
N,13,4,2024-05-17,2024-06-14,0.0,0.8298172354698181,0.0,2.7844839096069336
N,13,4,2024-05-24,2024-06-21,0.0,0.8069471120834351,0.0,2.7616138458251953
N,13,4,2024-05-31,2024-06-28,0.0,0.904945433139801,0.0,2.859611988067627
N,13,4,2024-06-07,2024-07-05,0.0,1.241005778312683,0.0,3.1956725120544434
N,13,4,2024-06-14,2024-07-12,0.0,2.869907855987549,0.34804439544677734,4.8245744705200195
N,13,4,2024-06-21,2024-07-19,1.0,3.8527426719665527,1.3308792114257812,5.807409286499023
N,13,4,2024-06-28,2024-07-26,0.0,3.679354429244995,1.1574909687042236,5.634020805358887
N,13,4,2024-07-05,2024-08-02,18.0,2.943699598312378,0.42183613777160645,4.8983659744262695
N,13,4,2024-07-12,2024-08-09,10.0,3.2767539024353027,0.7548904418945312,5.231420516967773
N,13,4,2024-07-19,2024-08-16,4.0,1.22475004196167,0.0,3.1794166564941406
N,13,4,2024-07-26,2024-08-23,0.0,0.9290232062339783,0.0,2.8836898803710938
N,13,4,2024-08-02,2024-08-30,1.0,2.96855092048645,0.09864306449890137,4.9232177734375
N,13,4,2024-08-09,2024-09-06,1.0,4.027530670166016,0.3481762409210205,5.982197284698486
N,13,4,2024-08-16,2024-09-13,1.0,4.3894500732421875,0.7100956439971924,19.445751190185547
N,13,4,2024-08-23,2024-09-20,0.0,2.0666613578796387,0.0,17.122961044311523
N,13,4,2024-08-30,2024-09-27,0.0,4.0623602867126465,0.38300585746765137,19.11865997314453
N,13,4,2024-09-06,2024-10-04,1.0,8.051900863647461,4.372546195983887,23.108200073242188
N,13,4,2024-09-13,2024-10-11,0.0,1.2908161878585815,0.0,16.347116470336914
N,13,4,2024-09-20,2024-10-18,0.0,0.9953258037567139,0.0,16.051626205444336
N,13,4,2024-09-27,2024-10-25,0.0,0.9385240077972412,0.0,15.994824409484863
N,13,4,2024-10-04,2024-11-01,0.0,0.6250256299972534,0.0,15.681325912475586
N,13,4,2024-10-11,2024-11-08,1.0,0.5801250338554382,0.0,15.636425018310547
N,13,4,2024-10-18,2024-11-15,1.0,0.2640994191169739,0.0,15.320399284362793
N,13,4,2024-10-25,2024-11-22,0.0,0.19262149930000305,0.0,15.248921394348145
N,13,4,2024-11-01,2024-11-29,0.0,0.18183442950248718,0.0,15.238134384155273
N,13,4,2024-11-08,2024-12-06,0.0,0.3147999346256256,0.0,15.371100425720215
N,13,4,2024-11-15,2024-12-13,0.0,0.28408241271972656,0.0,15.34038257598877
N,13,4,2024-11-22,2024-12-20,0.0,0.18703296780586243,0.0,15.243332862854004
N,13,4,2024-11-29,2024-12-27,0.0,0.13979527354240417,0.0,15.19609546661377
N,13,4,2024-12-06,2025-01-03,0.0,0.170942485332489,0.0,15.227242469787598
N,13,4,2024-12-13,2025-01-10,1.0,0.17228832840919495,0.0,15.228588104248047
N,13,4,2024-12-20,2025-01-17,0.0,0.15836785733699799,0.0,15.214668273925781
N,13,4,2024-12-27,2025-01-24,0.0,0.17364361882209778,0.0,15.229944229125977
N,13,4,2025-01-03,2025-01-31,0.0,0.1642242670059204,0.0,15.220524787902832
N,13,4,2025-01-10,2025-02-07,0.0,0.1552172154188156,0.0,15.211517333984375
N,13,4,2025-01-17,2025-02-14,0.0,0.12185713648796082,0.0,15.178156852722168
N,13,4,2025-01-24,2025-02-21,0.0,0.11071073263883591,0.0,15.167011260986328
N,13,4,2025-01-31,2025-02-28,0.0,0.10189250856637955,0.0,15.15819263458252
N,13,4,2025-02-07,2025-03-07,0.0,0.10516595840454102,0.0,15.161466598510742
N,13,4,2025-02-14,2025-03-14,0.0,0.10575021058320999,0.0,15.162050247192383
N,13,4,2025-02-21,2025-03-21,0.0,0.1051931157708168,0.0,15.161493301391602
N,13,4,2025-02-28,2025-03-28,0.0,0.10802536457777023,0.0,15.164325714111328
N,13,4,2025-03-07,2025-04-04,0.0,0.11505162715911865,0.0,15.171351432800293
N,13,4,2025-03-14,2025-04-11,0.0,0.1136728823184967,0.0,15.169973373413086
N,13,4,2025-03-21,2025-04-18,0.0,0.12508516013622284,0.0,15.181385040283203
N,13,4,2025-03-28,2025-04-25,0.0,0.15885263681411743,0.0,15.215152740478516
N,13,4,2025-04-04,2025-05-02,0.0,0.22169357538223267,0.0,15.277994155883789
N,13,4,2025-04-11,2025-05-09,0.0,0.4465124011039734,0.0,15.502812385559082
N,13,4,2025-04-18,2025-05-16,0.0,0.6098212003707886,0.0,15.666121482849121
N,13,4,2025-04-25,2025-05-23,1.0,0.705432116985321,0.0,15.76173210144043
N,13,4,2025-05-02,2025-05-30,0.0,0.5445063710212708,0.0,15.60080623626709
N,13,4,2025-05-09,2025-06-06,0.0,0.6425551772117615,0.0,15.69885540008545
N,13,4,2025-05-16,2025-06-13,0.0,0.4957084655761719,0.0,15.552008628845215
N,13,4,2025-05-23,2025-06-20,0.0,0.4344943165779114,0.0,15.49079418182373
N,13,4,2025-05-30,2025-06-27,0.0,0.4308708608150482,0.0,15.487171173095703
N,13,4,2025-06-06,2025-07-04,2.0,0.37465551495552063,0.0,15.43095588684082
N,13,4,2025-06-13,2025-07-11,1.0,0.7793340682983398,0.0,15.835634231567383
N,13,4,2025-06-20,2025-07-18,3.0,2.1832926273345947,0.0,17.239593505859375
N,13,4,2025-06-27,2025-07-25,6.0,3.0425360202789307,0.0,18.09883689880371
N,13,4,2025-07-04,2025-08-01,9.0,2.7739291191101074,0.0,17.830228805541992
N,13,4,2025-07-11,2025-08-08,4.0,1.2784795761108398,0.0,16.334779739379883
N,13,4,2025-07-18,2025-08-15,3.0,1.1944575309753418,0.0,16.250757217407227
N,13,4,2025-07-25,2025-08-22,1.0,0.7334578037261963,0.0,15.78975772857666
N,13,4,2025-08-01,2025-08-29,0.0,1.1480697393417358,0.0,16.204370498657227
N,13,4,2025-08-08,2025-09-05,,1.433303952217102,0.0,16.489604949951172
N,13,4,2025-08-15,2025-09-12,,1.933242917060852,0.0,8.656489372253418
N,13,4,2025-08-22,2025-09-19,,2.738826036453247,0.0,8.964897155761719
N,13,8,2023-02-17,2023-04-14,0.0,0.05283747613430023,0.0,1.9069970846176147
N,13,8,2023-02-24,2023-04-21,0.0,0.05423099920153618,0.0,1.9083906412124634
N,13,8,2023-03-03,2023-04-28,0.0,0.055184490978717804,0.0,1.9093440771102905
N,13,8,2023-03-10,2023-05-05,0.0,0.06042342633008957,0.0,1.9145829677581787
N,13,8,2023-03-17,2023-05-12,0.0,0.06437955796718597,0.0,1.9185391664505005
N,13,8,2023-03-24,2023-05-19,0.0,0.03091130033135414,0.0,1.8850709199905396
N,13,8,2023-03-31,2023-05-26,0.0,0.03911077231168747,0.0,1.8932703733444214
N,13,8,2023-04-07,2023-06-02,0.0,0.07644041627645493,0.0,1.9306000471115112
N,13,8,2023-04-14,2023-06-09,0.0,0.4536442160606384,0.0,2.3078038692474365
N,13,8,2023-04-21,2023-06-16,0.0,0.2972033619880676,0.0,2.151362895965576
N,13,8,2023-04-28,2023-06-23,1.0,0.2687931954860687,0.0,2.122952699661255
N,13,8,2023-05-05,2023-06-30,0.0,0.3556141257286072,0.0,2.2097737789154053
N,13,8,2023-05-12,2023-07-07,0.0,0.9414130449295044,0.0,2.7955727577209473
N,13,8,2023-05-19,2023-07-14,1.0,0.7009395956993103,0.0,2.5550992488861084
N,13,8,2023-05-26,2023-07-21,0.0,0.8234231472015381,0.0,2.6775827407836914
N,13,8,2023-06-02,2023-07-28,1.0,1.2644497156143188,0.0,3.1186094284057617
N,13,8,2023-06-09,2023-08-04,1.0,2.3172554969787598,0.0729520320892334,4.171415328979492
N,13,8,2023-06-16,2023-08-11,4.0,2.883775234222412,0.6394717693328857,4.7379350662231445
N,13,8,2023-06-23,2023-08-18,1.0,1.285384178161621,0.0,3.1395437717437744
N,13,8,2023-06-30,2023-08-25,2.0,1.7338595390319824,0.0,3.5880191326141357
N,13,8,2023-07-07,2023-09-01,1.0,1.0463685989379883,0.0,2.9005281925201416
N,13,8,2023-07-14,2023-09-08,0.0,0.8499788641929626,0.0,2.7041385173797607
N,13,8,2023-07-21,2023-09-15,0.0,1.0789653062820435,0.13755226135253906,2.9331250190734863
N,13,8,2023-07-28,2023-09-22,3.0,3.537461280822754,2.596048355102539,5.391620635986328
N,13,8,2023-08-04,2023-09-29,0.0,6.128090858459473,5.186677932739258,7.982250213623047
N,13,8,2023-08-11,2023-10-06,3.0,3.9843039512634277,3.042891025543213,5.83846378326416
N,13,8,2023-08-18,2023-10-13,0.0,1.1950801610946655,0.0,3.0492396354675293
N,13,8,2023-08-25,2023-10-20,0.0,0.38242125511169434,0.0,2.2365808486938477
N,13,8,2023-09-01,2023-10-27,0.0,0.3296794593334198,0.0,2.1838390827178955
N,13,8,2023-09-08,2023-11-03,0.0,0.4422324299812317,0.0,2.04191517829895
N,13,8,2023-09-15,2023-11-10,0.0,0.5597890615463257,0.0,2.1594719886779785
N,13,8,2023-09-22,2023-11-17,1.0,0.3520872890949249,0.0,1.9517700672149658
N,13,8,2023-09-29,2023-11-24,0.0,0.15963241457939148,0.0,1.5718975067138672
N,13,8,2023-10-06,2023-12-01,0.0,0.13780160248279572,0.0,1.2540264129638672
N,13,8,2023-10-13,2023-12-08,1.0,0.19423845410346985,0.0,1.3104631900787354
N,13,8,2023-10-20,2023-12-15,0.0,0.48865142464637756,0.0,1.604876160621643
N,13,8,2023-10-27,2023-12-22,1.0,0.24120250344276428,0.0,1.3574272394180298
N,13,8,2023-11-03,2023-12-29,0.0,0.11545083671808243,0.0,1.231675624847412
N,13,8,2023-11-10,2024-01-05,0.0,0.0476684495806694,0.0,1.163893222808838
N,13,8,2023-11-17,2024-01-12,1.0,0.21369659900665283,0.0,1.3299213647842407
N,13,8,2023-11-24,2024-01-19,0.0,0.1497904360294342,0.0,1.2660151720046997
N,13,8,2023-12-01,2024-01-26,0.0,0.24298980832099915,0.0,1.3592145442962646
N,13,8,2023-12-08,2024-02-02,1.0,0.1575879454612732,0.0,1.2738127708435059
N,13,8,2023-12-15,2024-02-09,1.0,0.44864946603775024,0.0,1.5648741722106934
N,13,8,2023-12-22,2024-02-16,0.0,0.17474669218063354,0.0,1.2909715175628662
N,13,8,2023-12-29,2024-02-23,0.0,0.10023439675569534,0.0,1.2164591550827026
N,13,8,2024-01-05,2024-03-01,0.0,0.06248364970088005,0.0,1.1787084341049194
N,13,8,2024-01-12,2024-03-08,0.0,0.08805336058139801,0.0,1.2042781114578247
N,13,8,2024-01-19,2024-03-15,0.0,0.04277040809392929,0.0,1.1589951515197754
N,13,8,2024-01-26,2024-03-22,0.0,0.05509275943040848,0.0,1.1713175773620605
N,13,8,2024-02-02,2024-03-29,0.0,0.03189491853117943,0.0,1.1481196880340576
N,13,8,2024-02-09,2024-04-05,0.0,0.05032121390104294,0.0,1.1665459871292114
N,13,8,2024-02-16,2024-04-12,0.0,0.012721322476863861,0.0,1.12894606590271
N,13,8,2024-02-23,2024-04-19,0.0,0.04412654787302017,0.0,1.160351276397705
N,13,8,2024-03-01,2024-04-26,1.0,0.0743788480758667,0.0,1.1906036138534546
N,13,8,2024-03-08,2024-05-03,0.0,0.0865040272474289,0.0,1.2027287483215332
N,13,8,2024-03-15,2024-05-10,0.0,0.34093940258026123,0.0,1.4571641683578491
N,13,8,2024-03-22,2024-05-17,0.0,0.5578714609146118,0.0,1.6740962266921997
N,13,8,2024-03-29,2024-05-24,0.0,1.2512965202331543,0.0,2.367521286010742
N,13,8,2024-04-05,2024-05-31,0.0,2.2242701053619385,0.0,3.3404948711395264
N,13,8,2024-04-12,2024-06-07,0.0,2.1788814067840576,0.0,3.2951061725616455
N,13,8,2024-04-19,2024-06-14,0.0,1.0840656757354736,0.0,2.2002904415130615
N,13,8,2024-04-26,2024-06-21,0.0,1.3121331930160522,0.0,2.4283580780029297
N,13,8,2024-05-03,2024-06-28,0.0,1.146551251411438,0.0,2.2627758979797363
N,13,8,2024-05-10,2024-07-05,0.0,1.0238436460494995,0.0,2.140068531036377
N,13,8,2024-05-17,2024-07-12,0.0,1.397152304649353,0.0,2.5133771896362305
N,13,8,2024-05-24,2024-07-19,1.0,1.9911106824874878,0.0,3.1073355674743652
N,13,8,2024-05-31,2024-07-26,0.0,1.490071177482605,0.0,2.6062960624694824
N,13,8,2024-06-07,2024-08-02,18.0,1.7082970142364502,0.0,2.824521780014038
N,13,8,2024-06-14,2024-08-09,10.0,1.9181331396102905,0.0,3.034358024597168
N,13,8,2024-06-21,2024-08-16,4.0,1.4017561674118042,0.0,2.5179810523986816
N,13,8,2024-06-28,2024-08-23,0.0,1.116751790046692,0.0,2.2329764366149902
N,13,8,2024-07-05,2024-08-30,1.0,1.3964344263076782,0.0,2.5126590728759766
N,13,8,2024-07-12,2024-09-06,1.0,2.4579482078552246,0.0,3.5741729736328125
N,13,8,2024-07-19,2024-09-13,1.0,3.299225091934204,0.0,4.415450096130371
N,13,8,2024-07-26,2024-09-20,0.0,2.6672418117523193,0.0,3.7834665775299072
N,13,8,2024-08-02,2024-09-27,0.0,4.300574779510498,0.0,5.416799545288086
N,13,8,2024-08-09,2024-10-04,1.0,8.478279113769531,2.3501882553100586,9.594503402709961
N,13,8,2024-08-16,2024-10-11,0.0,1.714398741722107,0.0,18.006101608276367
N,13,8,2024-08-23,2024-10-18,0.0,1.7692354917526245,0.0,18.060937881469727
N,13,8,2024-08-30,2024-10-25,0.0,2.5905251502990723,0.0,18.882226943969727
N,13,8,2024-09-06,2024-11-01,0.0,2.1849002838134766,0.0,18.47660255432129
N,13,8,2024-09-13,2024-11-08,1.0,1.7786167860031128,0.0,18.0703182220459
N,13,8,2024-09-20,2024-11-15,1.0,0.28699642419815063,0.0,16.578699111938477
N,13,8,2024-09-27,2024-11-22,0.0,0.10702098160982132,0.0,16.398723602294922
N,13,8,2024-10-04,2024-11-29,0.0,0.014037296175956726,0.0,16.305740356445312
N,13,8,2024-10-11,2024-12-06,0.0,0.08758052438497543,0.0,16.379281997680664
N,13,8,2024-10-18,2024-12-13,0.0,0.16153451800346375,0.0,16.453237533569336
N,13,8,2024-10-25,2024-12-20,0.0,0.3997175693511963,0.0,16.69141960144043
N,13,8,2024-11-01,2024-12-27,0.0,0.4293563961982727,0.0,16.721057891845703
N,13,8,2024-11-08,2025-01-03,0.0,0.47954097390174866,0.0,16.771244049072266
N,13,8,2024-11-15,2025-01-10,1.0,0.08652115613222122,0.0,16.378223419189453
N,13,8,2024-11-22,2025-01-17,0.0,0.027385573834180832,0.0,16.319087982177734
N,13,8,2024-11-29,2025-01-24,0.0,0.01902163401246071,0.0,16.31072425842285
N,13,8,2024-12-06,2025-01-31,0.0,0.07259625196456909,0.0,16.36429786682129
N,13,8,2024-12-13,2025-02-07,0.0,0.1650814414024353,0.0,16.456783294677734
N,13,8,2024-12-20,2025-02-14,0.0,0.15659087896347046,0.0,16.448293685913086
N,13,8,2024-12-27,2025-02-21,0.0,0.09406232088804245,0.0,16.385765075683594
N,13,8,2025-01-03,2025-02-28,0.0,0.08207283914089203,0.0,16.373775482177734
N,13,8,2025-01-10,2025-03-07,0.0,0.06557533890008926,0.0,16.357276916503906
N,13,8,2025-01-17,2025-03-14,0.0,0.03782186657190323,0.0,16.329524993896484
N,13,8,2025-01-24,2025-03-21,0.0,0.033083293586969376,0.0,16.324785232543945
N,13,8,2025-01-31,2025-03-28,0.0,0.049312904477119446,0.0,16.341014862060547
N,13,8,2025-02-07,2025-04-04,0.0,0.059919171035289764,0.0,16.351621627807617
N,13,8,2025-02-14,2025-04-11,0.0,0.033237650990486145,0.0,16.324939727783203
N,13,8,2025-02-21,2025-04-18,0.0,0.056019190698862076,0.0,16.347721099853516
N,13,8,2025-02-28,2025-04-25,0.0,0.066045843064785,0.0,16.35774803161621
N,13,8,2025-03-07,2025-05-02,0.0,0.05452866107225418,0.0,16.34623146057129
N,13,8,2025-03-14,2025-05-09,0.0,0.058880798518657684,0.0,16.350582122802734
N,13,8,2025-03-21,2025-05-16,0.0,0.0735330879688263,0.0,16.365236282348633
N,13,8,2025-03-28,2025-05-23,1.0,0.13664841651916504,0.0,16.4283504486084
N,13,8,2025-04-04,2025-05-30,0.0,0.25237444043159485,0.0,16.544076919555664
N,13,8,2025-04-11,2025-06-06,0.0,0.4930182695388794,0.0,16.78472137451172
N,13,8,2025-04-18,2025-06-13,0.0,0.5052695870399475,0.0,16.796972274780273
N,13,8,2025-04-25,2025-06-20,0.0,0.9510215520858765,0.0,17.24272346496582
N,13,8,2025-05-02,2025-06-27,0.0,0.8578150272369385,0.0,17.149517059326172
N,13,8,2025-05-09,2025-07-04,2.0,0.7624899744987488,0.0,17.05419158935547
N,13,8,2025-05-16,2025-07-11,1.0,1.2469691038131714,0.0,17.538671493530273
N,13,8,2025-05-23,2025-07-18,3.0,1.302079200744629,0.0,17.593780517578125
N,13,8,2025-05-30,2025-07-25,6.0,1.7877235412597656,0.0,18.079425811767578
N,13,8,2025-06-06,2025-08-01,9.0,2.135859966278076,0.0,18.427562713623047
N,13,8,2025-06-13,2025-08-08,4.0,0.8295235633850098,0.0,17.121225357055664
N,13,8,2025-06-20,2025-08-15,3.0,0.9259294271469116,0.0,17.217632293701172
N,13,8,2025-06-27,2025-08-22,1.0,0.9284060597419739,0.0,17.220108032226562
N,13,8,2025-07-04,2025-08-29,0.0,0.8091341257095337,0.0,17.1008358001709
N,13,8,2025-07-11,2025-09-05,,0.8970227837562561,0.0,17.188724517822266
N,13,8,2025-07-18,2025-09-12,,1.2542585134506226,0.0,17.545961380004883
N,13,8,2025-07-25,2025-09-19,,1.3359707593917847,0.0,17.62767219543457
N,13,8,2025-08-01,2025-09-26,,1.020748257637024,0.0,17.312450408935547
N,13,8,2025-08-08,2025-10-03,,0.3229309916496277,0.0,16.614633560180664
N,13,8,2025-08-15,2025-10-10,,0.24401995539665222,0.0,8.325886726379395
N,13,8,2025-08-22,2025-10-17,,0.4990098178386688,0.0,7.363149642944336
N,13,12,2023-02-17,2023-05-12,0.0,0.10103686153888702,0.0,1.0146484375
N,13,12,2023-02-24,2023-05-19,0.0,0.10818619281053543,0.0,1.021797776222229
N,13,12,2023-03-03,2023-05-26,0.0,0.10448034852743149,0.0,1.0180919170379639
N,13,12,2023-03-10,2023-06-02,0.0,0.14079724252223969,0.0,1.0544087886810303
N,13,12,2023-03-17,2023-06-09,0.0,0.17656977474689484,0.0,1.0901813507080078
N,13,12,2023-03-24,2023-06-16,0.0,0.19210249185562134,0.0,1.1057140827178955
N,13,12,2023-03-31,2023-06-23,1.0,0.23678216338157654,0.0,1.1503937244415283
N,13,12,2023-04-07,2023-06-30,0.0,0.2300530970096588,0.0,1.1436647176742554
N,13,12,2023-04-14,2023-07-07,0.0,0.6624420881271362,0.0,1.5760536193847656
N,13,12,2023-04-21,2023-07-14,1.0,0.6936045289039612,0.0,1.6072161197662354
N,13,12,2023-04-28,2023-07-21,0.0,1.127397894859314,0.0,2.0410094261169434
N,13,12,2023-05-05,2023-07-28,1.0,1.180567979812622,0.0,2.094179630279541
N,13,12,2023-05-12,2023-08-04,1.0,2.5401084423065186,0.0,3.4537200927734375
N,13,12,2023-05-19,2023-08-11,4.0,2.44264817237854,0.0,3.356259822845459
N,13,12,2023-05-26,2023-08-18,1.0,1.0909563302993774,0.0,2.004567861557007
N,13,12,2023-06-02,2023-08-25,2.0,2.656503677368164,0.0,3.570115327835083
N,13,12,2023-06-09,2023-09-01,1.0,1.2121480703353882,0.0,2.1257596015930176
N,13,12,2023-06-16,2023-09-08,0.0,0.9763623476028442,0.0,1.8899738788604736
N,13,12,2023-06-23,2023-09-15,0.0,0.7306578159332275,0.0,1.6442694664001465
N,13,12,2023-06-30,2023-09-22,3.0,1.157259464263916,0.0,2.070871114730835
N,13,12,2023-07-07,2023-09-29,0.0,1.1512835025787354,0.0,2.0648951530456543
N,13,12,2023-07-14,2023-10-06,3.0,0.6957597732543945,0.0,1.6093714237213135
N,13,12,2023-07-21,2023-10-13,0.0,0.2542254328727722,0.0,1.1678370237350464
N,13,12,2023-07-28,2023-10-20,0.0,0.5245602130889893,0.0,1.4381718635559082
N,13,12,2023-08-04,2023-10-27,0.0,0.9488560557365417,0.0,1.862467646598816
N,13,12,2023-08-11,2023-11-03,0.0,0.9040598273277283,0.0,1.8176714181900024
N,13,12,2023-08-18,2023-11-10,0.0,0.7643597722053528,0.0,1.677971363067627
N,13,12,2023-08-25,2023-11-17,1.0,0.29693999886512756,0.0,1.8542917966842651
N,13,12,2023-09-01,2023-11-24,0.0,0.17020799219608307,0.0,1.7275598049163818
N,13,12,2023-09-08,2023-12-01,0.0,0.23860424757003784,0.0,1.7959561347961426
N,13,12,2023-09-15,2023-12-08,1.0,0.2524087131023407,0.0,1.809760570526123
N,13,12,2023-09-22,2023-12-15,0.0,0.2915779650211334,0.0,1.848929762840271
N,13,12,2023-09-29,2023-12-22,1.0,0.17822739481925964,0.0,1.735579252243042
N,13,12,2023-10-06,2023-12-29,0.0,0.1221083328127861,0.0,1.9648488759994507
N,13,12,2023-10-13,2024-01-05,0.0,0.07275421917438507,0.0,1.9154947996139526
N,13,12,2023-10-20,2024-01-12,1.0,0.16395117342472076,0.0,2.468191385269165
N,13,12,2023-10-27,2024-01-19,0.0,0.15057210624217987,0.0,2.4548122882843018
N,13,12,2023-11-03,2024-01-26,0.0,0.11725187301635742,0.0,2.421492099761963
N,13,12,2023-11-10,2024-02-02,1.0,0.056740958243608475,0.0,2.3609812259674072
N,13,12,2023-11-17,2024-02-09,1.0,0.11768646538257599,0.0,2.421926736831665
N,13,12,2023-11-24,2024-02-16,0.0,0.10565250366926193,0.0,2.4098927974700928
N,13,12,2023-12-01,2024-02-23,0.0,0.20663008093833923,0.0,2.5108702182769775
N,13,12,2023-12-08,2024-03-01,0.0,0.14124411344528198,0.0,2.4454843997955322
N,13,12,2023-12-15,2024-03-08,0.0,0.16437441110610962,0.0,2.4686145782470703
N,13,12,2023-12-22,2024-03-15,0.0,0.1298258751630783,0.0,2.4340660572052
N,13,12,2023-12-29,2024-03-22,0.0,0.1423151046037674,0.0,2.4465553760528564
N,13,12,2024-01-05,2024-03-29,0.0,0.11593683809041977,0.0,2.4201769828796387
N,13,12,2024-01-12,2024-04-05,0.0,0.08656322956085205,0.0,2.390803337097168
N,13,12,2024-01-19,2024-04-12,0.0,0.07293307036161423,0.0,2.3771731853485107
N,13,12,2024-01-26,2024-04-19,0.0,0.0805663913488388,0.0,2.3848066329956055
N,13,12,2024-02-02,2024-04-26,1.0,0.12062220275402069,0.0,2.4248623847961426
N,13,12,2024-02-09,2024-05-03,0.0,0.11621347069740295,0.0,2.4204537868499756
N,13,12,2024-02-16,2024-05-10,0.0,0.10726360231637955,0.0,2.411503791809082
N,13,12,2024-02-23,2024-05-17,0.0,0.1287173479795456,0.0,2.432957649230957
N,13,12,2024-03-01,2024-05-24,0.0,0.15358474850654602,0.0,2.457824945449829
N,13,12,2024-03-08,2024-05-31,0.0,0.2491087019443512,0.0,2.553349018096924
N,13,12,2024-03-15,2024-06-07,0.0,0.5581664443016052,0.0,2.8624067306518555
N,13,12,2024-03-22,2024-06-14,0.0,1.060288906097412,0.0,3.3645291328430176
N,13,12,2024-03-29,2024-06-21,0.0,1.8099784851074219,0.2698700428009033,4.114218711853027
N,13,12,2024-04-05,2024-06-28,0.0,1.9354218244552612,0.3953133821487427,4.239662170410156
N,13,12,2024-04-12,2024-07-05,0.0,2.163583278656006,0.6234748363494873,4.467823505401611
N,13,12,2024-04-19,2024-07-12,0.0,1.4497027397155762,0.0,3.7539429664611816
N,13,12,2024-04-26,2024-07-19,1.0,1.7202435731887817,0.18013513088226318,4.024483680725098
N,13,12,2024-05-03,2024-07-26,0.0,1.435865044593811,0.0,3.740105152130127
N,13,12,2024-05-10,2024-08-02,18.0,1.5453104972839355,0.005202054977416992,3.849550724029541
N,13,12,2024-05-17,2024-08-09,10.0,1.8417987823486328,0.30169034004211426,4.146039009094238
N,13,12,2024-05-24,2024-08-16,4.0,2.18727445602417,0.6471660137176514,4.491514682769775
N,13,12,2024-05-31,2024-08-23,0.0,1.7848836183547974,0.2447751760482788,4.089123725891113
N,13,12,2024-06-07,2024-08-30,1.0,2.4277284145355225,0.8876199722290039,4.731968879699707
N,13,12,2024-06-14,2024-09-06,1.0,3.658262014389038,2.1181535720825195,5.962502479553223
N,13,12,2024-06-21,2024-09-13,1.0,3.546290636062622,2.0061821937561035,5.850530624389648
N,13,12,2024-06-28,2024-09-20,0.0,2.5451178550720215,1.005009412765503,4.849358081817627
N,13,12,2024-07-05,2024-09-27,0.0,1.8923444747924805,0.0823659896850586,4.196584701538086
N,13,12,2024-07-12,2024-10-04,1.0,1.424224615097046,0.0,3.7284648418426514
N,13,12,2024-07-19,2024-10-11,0.0,1.050297498703003,0.0,3.3545377254486084
N,13,12,2024-07-26,2024-10-18,0.0,0.8807840943336487,0.0,3.1850242614746094
N,13,12,2024-08-02,2024-10-25,0.0,1.091065764427185,0.0,3.39530611038208
N,13,12,2024-08-09,2024-11-01,0.0,2.0028672218322754,0.0,4.307107448577881
N,13,12,2024-08-16,2024-11-08,1.0,2.880774974822998,0.7171916961669922,19.335464477539062
N,13,12,2024-08-23,2024-11-15,1.0,1.164189338684082,0.0,17.618877410888672
N,13,12,2024-08-30,2024-11-22,0.0,0.8678383231163025,0.0,17.322526931762695
N,13,12,2024-09-06,2024-11-29,0.0,1.0069293975830078,0.0,17.461618423461914
N,13,12,2024-09-13,2024-12-06,0.0,0.804718554019928,0.0,17.25940704345703
N,13,12,2024-09-20,2024-12-13,0.0,0.39001452922821045,0.0,16.844703674316406
N,13,12,2024-09-27,2024-12-20,0.0,0.7511129975318909,0.0,17.20580291748047
N,13,12,2024-10-04,2024-12-27,0.0,0.2661425471305847,0.0,16.7208309173584
N,13,12,2024-10-11,2025-01-03,0.0,0.03697075694799423,0.0,16.49165916442871
N,13,12,2024-10-18,2025-01-10,1.0,0.06888828426599503,0.0,16.523576736450195
N,13,12,2024-10-25,2025-01-17,0.0,0.11232325434684753,0.0,16.567012786865234
N,13,12,2024-11-01,2025-01-24,0.0,0.11960095167160034,0.0,16.574289321899414
N,13,12,2024-11-08,2025-01-31,0.0,0.14173924922943115,0.0,16.59642791748047
N,13,12,2024-11-15,2025-02-07,0.0,0.07034040242433548,0.0,16.5250301361084
N,13,12,2024-11-22,2025-02-14,0.0,0.05080771446228027,0.0,16.505496978759766
N,13,12,2024-11-29,2025-02-21,0.0,0.06737485527992249,0.0,16.522064208984375
N,13,12,2024-12-06,2025-02-28,0.0,0.04918681085109711,0.0,16.503875732421875
N,13,12,2024-12-13,2025-03-07,0.0,0.08112041652202606,0.0,16.535808563232422
N,13,12,2024-12-20,2025-03-14,0.0,0.06934276223182678,0.0,16.524032592773438
N,13,12,2024-12-27,2025-03-21,0.0,0.0796596109867096,0.0,16.53434944152832
N,13,12,2025-01-03,2025-03-28,0.0,0.09537430852651596,0.0,16.550064086914062
N,13,12,2025-01-10,2025-04-04,0.0,0.06793862581253052,0.0,16.522626876831055
N,13,12,2025-01-17,2025-04-11,0.0,0.04365125298500061,0.0,16.498340606689453
N,13,12,2025-01-24,2025-04-18,0.0,0.06770455837249756,0.0,16.52239418029785
N,13,12,2025-01-31,2025-04-25,0.0,0.07051471620798111,0.0,16.525203704833984
N,13,12,2025-02-07,2025-05-02,0.0,0.0710204616189003,0.0,16.52570915222168
N,13,12,2025-02-14,2025-05-09,0.0,0.07698120176792145,0.0,16.53166961669922
N,13,12,2025-02-21,2025-05-16,0.0,0.07382452487945557,0.0,16.528512954711914
N,13,12,2025-02-28,2025-05-23,1.0,0.09935370087623596,0.0,16.55404281616211
N,13,12,2025-03-07,2025-05-30,0.0,0.15357108414173126,0.0,16.608259201049805
N,13,12,2025-03-14,2025-06-06,0.0,0.13998261094093323,0.0,16.59467124938965
N,13,12,2025-03-21,2025-06-13,0.0,0.1590854376554489,0.0,16.6137752532959
N,13,12,2025-03-28,2025-06-20,0.0,0.22509941458702087,0.0,16.67978858947754
N,13,12,2025-04-04,2025-06-27,0.0,0.4581238031387329,0.0,16.912813186645508
N,13,12,2025-04-11,2025-07-04,2.0,0.7481838464736938,0.0,17.20287322998047
N,13,12,2025-04-18,2025-07-11,1.0,0.8383496403694153,0.0,17.293039321899414
N,13,12,2025-04-25,2025-07-18,3.0,1.0452665090560913,0.0,17.499956130981445
N,13,12,2025-05-02,2025-07-25,6.0,1.219053864479065,0.0,17.673742294311523
N,13,12,2025-05-09,2025-08-01,9.0,1.3392475843429565,0.0,17.793935775756836
N,13,12,2025-05-16,2025-08-08,4.0,1.7723726034164429,0.0,18.227062225341797
N,13,12,2025-05-23,2025-08-15,3.0,2.149033784866333,0.0,18.603723526000977
N,13,12,2025-05-30,2025-08-22,1.0,1.830519676208496,0.0,18.28520965576172
N,13,12,2025-06-06,2025-08-29,0.0,1.4101558923721313,0.0,17.864845275878906
N,13,12,2025-06-13,2025-09-05,,1.4313201904296875,0.0,17.886009216308594
N,13,12,2025-06-20,2025-09-12,,3.9283573627471924,1.2700953483581543,20.383047103881836
N,13,12,2025-06-27,2025-09-19,,3.9482545852661133,1.2899925708770752,20.402942657470703
N,13,12,2025-07-04,2025-09-26,,0.5855662822723389,0.0,17.040254592895508
N,13,12,2025-07-11,2025-10-03,,0.46530577540397644,0.0,16.919994354248047
N,13,12,2025-07-18,2025-10-10,,0.4446564316749573,0.0,16.89934539794922
N,13,12,2025-07-25,2025-10-17,,0.43519532680511475,0.0,16.88988494873047
N,13,12,2025-08-01,2025-10-24,,0.7717223167419434,0.0,17.226411819458008
N,13,12,2025-08-08,2025-10-31,,0.4541783928871155,0.0,16.90886688232422
N,13,12,2025-08-15,2025-11-07,,0.4425274729728699,0.0,8.600728988647461
N,13,12,2025-08-22,2025-11-14,,0.4490712583065033,0.0,8.109823226928711
O,14,1,2023-02-17,2023-02-24,0.0,0.0,0.0,2.0
O,14,1,2023-02-24,2023-03-03,0.0,0.0,0.0,2.0
O,14,1,2023-03-03,2023-03-10,0.0,0.0,0.0,2.0
O,14,1,2023-03-10,2023-03-17,0.0,0.0,0.0,2.0
O,14,1,2023-03-17,2023-03-24,0.0,0.0,0.0,2.0
O,14,1,2023-03-24,2023-03-31,0.0,0.0,0.0,2.0
O,14,1,2023-03-31,2023-04-07,0.0,0.0,0.0,2.0
O,14,1,2023-04-07,2023-04-14,0.0,0.0,0.0,2.0
O,14,1,2023-04-14,2023-04-21,0.0,0.0,0.0,2.0
O,14,1,2023-04-21,2023-04-28,0.0,0.0,0.0,2.0
O,14,1,2023-04-28,2023-05-05,0.0,0.0,0.0,2.0
O,14,1,2023-05-05,2023-05-12,0.0,0.0,0.0,2.0
O,14,1,2023-05-12,2023-05-19,0.0,0.0,0.0,2.0
O,14,1,2023-05-19,2023-05-26,0.0,0.0,0.0,2.0
O,14,1,2023-05-26,2023-06-02,1.0,0.0,0.0,2.0
O,14,1,2023-06-02,2023-06-09,1.0,0.0,0.0,2.0
O,14,1,2023-06-09,2023-06-16,0.0,0.0,0.0,2.0
O,14,1,2023-06-16,2023-06-23,0.0,0.0,0.0,2.0
O,14,1,2023-06-23,2023-06-30,1.0,0.0,0.0,2.0
O,14,1,2023-06-30,2023-07-07,0.0,0.0,0.0,2.0
O,14,1,2023-07-07,2023-07-14,0.0,0.0,0.0,2.0
O,14,1,2023-07-14,2023-07-21,0.0,0.0,0.0,2.0
O,14,1,2023-07-21,2023-07-28,2.0,0.0,0.0,2.0
O,14,1,2023-07-28,2023-08-04,1.0,0.0,0.0,2.0
O,14,1,2023-08-04,2023-08-11,4.0,0.0,0.0,2.0
O,14,1,2023-08-11,2023-08-18,3.0,0.0,0.0,2.0
O,14,1,2023-08-18,2023-08-25,0.0,0.0,0.0,2.0
O,14,1,2023-08-25,2023-09-01,0.0,0.0,0.0,4.0
O,14,1,2023-09-01,2023-09-08,2.0,0.0,0.0,4.0
O,14,1,2023-09-08,2023-09-15,0.0,0.0,0.0,4.0
O,14,1,2023-09-15,2023-09-22,0.0,0.0,0.0,4.0
O,14,1,2023-09-22,2023-09-29,1.0,0.0,0.0,4.0
O,14,1,2023-09-29,2023-10-06,1.0,0.0,0.0,4.0
O,14,1,2023-10-06,2023-10-13,1.0,0.0,0.0,4.0
O,14,1,2023-10-13,2023-10-20,0.0,0.0,0.0,4.0
O,14,1,2023-10-20,2023-10-27,1.0,0.0,0.0,4.0
O,14,1,2023-10-27,2023-11-03,1.0,0.0,0.0,4.0
O,14,1,2023-11-03,2023-11-10,0.0,0.0,0.0,4.0
O,14,1,2023-11-10,2023-11-17,0.0,0.0,0.0,4.0
O,14,1,2023-11-17,2023-11-24,0.0,0.0,0.0,4.0
O,14,1,2023-11-24,2023-12-01,0.0,0.0,0.0,4.0
O,14,1,2023-12-01,2023-12-08,0.0,0.0,0.0,4.0
O,14,1,2023-12-08,2023-12-15,0.0,0.0,0.0,4.0
O,14,1,2023-12-15,2023-12-22,0.0,0.0,0.0,4.0
O,14,1,2023-12-22,2023-12-29,1.0,0.0,0.0,4.0
O,14,1,2023-12-29,2024-01-05,0.0,0.0,0.0,4.0
O,14,1,2024-01-05,2024-01-12,0.0,0.0,0.0,4.0
O,14,1,2024-01-12,2024-01-19,0.0,0.0,0.0,4.0
O,14,1,2024-01-19,2024-01-26,0.0,0.0,0.0,4.0
O,14,1,2024-01-26,2024-02-02,0.0,0.0,0.0,4.0
O,14,1,2024-02-02,2024-02-09,0.0,0.0,0.0,4.0
O,14,1,2024-02-09,2024-02-16,1.0,0.0,0.0,4.0
O,14,1,2024-02-16,2024-02-23,0.0,0.0,0.0,4.0
O,14,1,2024-02-23,2024-03-01,0.0,0.0,0.0,4.0
O,14,1,2024-03-01,2024-03-08,0.0,0.0,0.0,4.0
O,14,1,2024-03-08,2024-03-15,0.0,0.0,0.0,4.0
O,14,1,2024-03-15,2024-03-22,1.0,0.0,0.0,4.0
O,14,1,2024-03-22,2024-03-29,0.0,0.0,0.0,4.0
O,14,1,2024-03-29,2024-04-05,0.0,0.0,0.0,4.0
O,14,1,2024-04-05,2024-04-12,0.0,0.0,0.0,4.0
O,14,1,2024-04-12,2024-04-19,0.0,0.0,0.0,4.0
O,14,1,2024-04-19,2024-04-26,0.0,0.0,0.0,4.0
O,14,1,2024-04-26,2024-05-03,0.0,0.0,0.0,4.0
O,14,1,2024-05-03,2024-05-10,0.0,0.0,0.0,4.0
O,14,1,2024-05-10,2024-05-17,0.0,0.0,0.0,4.0
O,14,1,2024-05-17,2024-05-24,0.0,0.0,0.0,4.0
O,14,1,2024-05-24,2024-05-31,0.0,0.0,0.0,4.0
O,14,1,2024-05-31,2024-06-07,0.0,0.0,0.0,4.0
O,14,1,2024-06-07,2024-06-14,2.0,0.0,0.0,4.0
O,14,1,2024-06-14,2024-06-21,1.0,0.0,0.0,4.0
O,14,1,2024-06-21,2024-06-28,0.0,0.0,0.0,4.0
O,14,1,2024-06-28,2024-07-05,2.0,0.0,0.0,4.0
O,14,1,2024-07-05,2024-07-12,0.0,0.0,0.0,4.0
O,14,1,2024-07-12,2024-07-19,1.0,0.0,0.0,4.0
O,14,1,2024-07-19,2024-07-26,3.0,0.0,0.0,4.0
O,14,1,2024-07-26,2024-08-02,13.0,0.0,0.0,4.0
O,14,1,2024-08-02,2024-08-09,12.0,0.0,0.0,4.0
O,14,1,2024-08-09,2024-08-16,6.0,0.0,0.0,4.0
O,14,1,2024-08-16,2024-08-23,1.0,0.0,0.0,13.0
O,14,1,2024-08-23,2024-08-30,0.0,0.0,0.0,13.0
O,14,1,2024-08-30,2024-09-06,2.0,0.0,0.0,13.0
O,14,1,2024-09-06,2024-09-13,2.0,0.0,0.0,13.0
O,14,1,2024-09-13,2024-09-20,2.0,0.0,0.0,13.0
O,14,1,2024-09-20,2024-09-27,0.0,0.0,0.0,13.0
O,14,1,2024-09-27,2024-10-04,0.0,0.0,0.0,13.0
O,14,1,2024-10-04,2024-10-11,0.0,0.0,0.0,13.0
O,14,1,2024-10-11,2024-10-18,1.0,0.0,0.0,13.0
O,14,1,2024-10-18,2024-10-25,0.0,0.0,0.0,13.0
O,14,1,2024-10-25,2024-11-01,0.0,0.0,0.0,13.0
O,14,1,2024-11-01,2024-11-08,0.0,0.0,0.0,13.0
O,14,1,2024-11-08,2024-11-15,0.0,0.0,0.0,13.0
O,14,1,2024-11-15,2024-11-22,0.0,0.0,0.0,13.0
O,14,1,2024-11-22,2024-11-29,1.0,0.0,0.0,13.0
O,14,1,2024-11-29,2024-12-06,0.0,0.0,0.0,13.0
O,14,1,2024-12-06,2024-12-13,0.0,0.0,0.0,13.0
O,14,1,2024-12-13,2024-12-20,0.0,0.0,0.0,13.0
O,14,1,2024-12-20,2024-12-27,0.0,0.0,0.0,13.0
O,14,1,2024-12-27,2025-01-03,0.0,0.0,0.0,13.0
O,14,1,2025-01-03,2025-01-10,0.0,0.0,0.0,13.0
O,14,1,2025-01-10,2025-01-17,0.0,0.0,0.0,13.0
O,14,1,2025-01-17,2025-01-24,0.0,0.0,0.0,13.0
O,14,1,2025-01-24,2025-01-31,0.0,0.0,0.0,13.0
O,14,1,2025-01-31,2025-02-07,0.0,0.0,0.0,13.0
O,14,1,2025-02-07,2025-02-14,0.0,0.0,0.0,13.0
O,14,1,2025-02-14,2025-02-21,0.0,0.0,0.0,13.0
O,14,1,2025-02-21,2025-02-28,0.0,0.0,0.0,13.0
O,14,1,2025-02-28,2025-03-07,0.0,0.0,0.0,13.0
O,14,1,2025-03-07,2025-03-14,0.0,0.0,0.0,13.0
O,14,1,2025-03-14,2025-03-21,0.0,0.0,0.0,13.0
O,14,1,2025-03-21,2025-03-28,0.0,0.0,0.0,13.0
O,14,1,2025-03-28,2025-04-04,0.0,0.0,0.0,13.0
O,14,1,2025-04-04,2025-04-11,0.0,0.0,0.0,13.0
O,14,1,2025-04-11,2025-04-18,1.0,0.0,0.0,13.0
O,14,1,2025-04-18,2025-04-25,0.0,0.0,0.0,13.0
O,14,1,2025-04-25,2025-05-02,0.0,0.0,0.0,13.0
O,14,1,2025-05-02,2025-05-09,0.0,0.0,0.0,13.0
O,14,1,2025-05-09,2025-05-16,1.0,0.0,0.0,13.0
O,14,1,2025-05-16,2025-05-23,0.0,0.0,0.0,13.0
O,14,1,2025-05-23,2025-05-30,0.0,0.0,0.0,13.0
O,14,1,2025-05-30,2025-06-06,0.0,0.0,0.0,13.0
O,14,1,2025-06-06,2025-06-13,1.0,0.0,0.0,13.0
O,14,1,2025-06-13,2025-06-20,0.0,0.0,0.0,13.0
O,14,1,2025-06-20,2025-06-27,0.0,0.0,0.0,13.0
O,14,1,2025-06-27,2025-07-04,0.0,0.0,0.0,13.0
O,14,1,2025-07-04,2025-07-11,0.0,0.0,0.0,13.0
O,14,1,2025-07-11,2025-07-18,1.0,0.0,0.0,13.0
O,14,1,2025-07-18,2025-07-25,4.0,0.0,0.0,13.0
O,14,1,2025-07-25,2025-08-01,12.0,0.0,0.0,13.0
O,14,1,2025-08-01,2025-08-08,8.0,0.0,0.0,13.0
O,14,1,2025-08-08,2025-08-15,0.0,0.0,0.0,13.0
O,14,1,2025-08-15,2025-08-22,1.0,0.0,0.0,12.0
O,14,1,2025-08-22,2025-08-29,0.0,0.0,0.0,12.0
O,14,2,2023-02-17,2023-03-03,0.0,0.0527721643447876,0.0,1.8486136198043823
O,14,2,2023-02-24,2023-03-10,0.0,0.03615419939160347,0.0,1.8319956064224243
O,14,2,2023-03-03,2023-03-17,0.0,0.04592253267765045,0.0,1.841763973236084
O,14,2,2023-03-10,2023-03-24,0.0,0.04684312641620636,0.0,1.8426846265792847
O,14,2,2023-03-17,2023-03-31,0.0,0.0667545422911644,0.0,1.862596035003662
O,14,2,2023-03-24,2023-04-07,0.0,0.05962330847978592,0.0,1.8554648160934448
O,14,2,2023-03-31,2023-04-14,0.0,0.055701665580272675,0.0,1.8515430688858032
O,14,2,2023-04-07,2023-04-21,0.0,0.05321504920721054,0.0,1.8490564823150635
O,14,2,2023-04-14,2023-04-28,0.0,0.0416010320186615,0.0,1.8374425172805786
O,14,2,2023-04-21,2023-05-05,0.0,0.04830247163772583,0.0,1.8441438674926758
O,14,2,2023-04-28,2023-05-12,0.0,0.06406478583812714,0.0,1.8599061965942383
O,14,2,2023-05-05,2023-05-19,0.0,0.10829513520002365,0.0,1.9041365385055542
O,14,2,2023-05-12,2023-05-26,0.0,0.20349395275115967,0.0,1.9993354082107544
O,14,2,2023-05-19,2023-06-02,1.0,0.2505694627761841,0.0,2.0464110374450684
O,14,2,2023-05-26,2023-06-09,1.0,0.5333333015441895,0.0,2.329174757003784
O,14,2,2023-06-02,2023-06-16,0.0,0.40214407444000244,0.0,2.1979856491088867
O,14,2,2023-06-09,2023-06-23,0.0,1.1429022550582886,0.012899518013000488,2.9387435913085938
O,14,2,2023-06-16,2023-06-30,1.0,0.5105590224266052,0.0,2.3064005374908447
O,14,2,2023-06-23,2023-07-07,0.0,0.39922285079956055,0.0,2.1950643062591553
O,14,2,2023-06-30,2023-07-14,0.0,0.2757115364074707,0.0,2.0715529918670654
O,14,2,2023-07-07,2023-07-21,0.0,0.4097558856010437,0.0,2.205597400665283
O,14,2,2023-07-14,2023-07-28,2.0,0.7904409766197205,0.0,2.58628249168396
O,14,2,2023-07-21,2023-08-04,1.0,1.9378688335418701,0.7949665784835815,3.733710289001465
O,14,2,2023-07-28,2023-08-11,4.0,5.264763355255127,4.121860980987549,7.060605049133301
O,14,2,2023-08-04,2023-08-18,3.0,2.0638208389282227,0.9209185838699341,3.8596622943878174
O,14,2,2023-08-11,2023-08-25,0.0,1.3700186014175415,0.22711634635925293,3.165860176086426
O,14,2,2023-08-18,2023-09-01,0.0,1.7355173826217651,0.5926151275634766,3.5313587188720703
O,14,2,2023-08-25,2023-09-08,2.0,1.699295997619629,0.43453264236450195,3.4951374530792236
O,14,2,2023-09-01,2023-09-15,0.0,1.4694632291793823,0.20469987392425537,3.2653045654296875
O,14,2,2023-09-08,2023-09-22,0.0,1.1532566547393799,0.0,2.3628156185150146
O,14,2,2023-09-15,2023-09-29,1.0,0.7942453622817993,0.0,2.0038042068481445
O,14,2,2023-09-22,2023-10-06,1.0,0.43582355976104736,0.0,1.6453825235366821
O,14,2,2023-09-29,2023-10-13,1.0,0.6081677079200745,0.0,1.8177266120910645
O,14,2,2023-10-06,2023-10-20,0.0,0.52137291431427,0.0,1.7309318780899048
O,14,2,2023-10-13,2023-10-27,1.0,0.33559489250183105,0.0,1.5451538562774658
O,14,2,2023-10-20,2023-11-03,1.0,0.382151335477829,0.0,1.5917103290557861
O,14,2,2023-10-27,2023-11-10,0.0,0.22517269849777222,0.0,1.4347317218780518
O,14,2,2023-11-03,2023-11-17,0.0,0.22105860710144043,0.0,1.4306175708770752
O,14,2,2023-11-10,2023-11-24,0.0,0.27759116888046265,0.0,1.4871501922607422
O,14,2,2023-11-17,2023-12-01,0.0,0.28885090351104736,0.0,1.4984098672866821
O,14,2,2023-11-24,2023-12-08,0.0,0.6572145819664001,0.0,1.8667736053466797
O,14,2,2023-12-01,2023-12-15,0.0,0.20153489708900452,0.0,1.411093831062317
O,14,2,2023-12-08,2023-12-22,0.0,0.08145890384912491,0.0,1.2910178899765015
O,14,2,2023-12-15,2023-12-29,1.0,0.14487797021865845,0.0,1.3544368743896484
O,14,2,2023-12-22,2024-01-05,0.0,0.18559977412223816,0.0,1.3951587677001953
O,14,2,2023-12-29,2024-01-12,0.0,0.06251388788223267,0.0,1.2720727920532227
O,14,2,2024-01-05,2024-01-19,0.0,0.06409424543380737,0.0,1.273653268814087
O,14,2,2024-01-12,2024-01-26,0.0,0.08205200731754303,0.0,1.2916109561920166
O,14,2,2024-01-19,2024-02-02,0.0,0.07460904121398926,0.0,1.284168004989624
O,14,2,2024-01-26,2024-02-09,0.0,0.05200047791004181,0.0,1.2615594863891602
O,14,2,2024-02-02,2024-02-16,1.0,0.061373740434646606,0.0,1.270932674407959
O,14,2,2024-02-09,2024-02-23,0.0,0.06929866224527359,0.0,1.2788575887680054
O,14,2,2024-02-16,2024-03-01,0.0,0.06099270284175873,0.0,1.2705516815185547
O,14,2,2024-02-23,2024-03-08,0.0,0.04859248548746109,0.0,1.2581514120101929
O,14,2,2024-03-01,2024-03-15,0.0,0.06365309655666351,0.0,1.2732120752334595
O,14,2,2024-03-08,2024-03-22,1.0,0.050321243703365326,0.0,1.2598801851272583
O,14,2,2024-03-15,2024-03-29,0.0,0.05360665172338486,0.0,1.2631655931472778
O,14,2,2024-03-22,2024-04-05,0.0,0.05328220874071121,0.0,1.2628412246704102
O,14,2,2024-03-29,2024-04-12,0.0,0.05369534343481064,0.0,1.2632542848587036
O,14,2,2024-04-05,2024-04-19,0.0,0.06204519420862198,0.0,1.2716041803359985
O,14,2,2024-04-12,2024-04-26,0.0,0.0712771788239479,0.0,1.2808361053466797
O,14,2,2024-04-19,2024-05-03,0.0,0.07526662945747375,0.0,1.2848255634307861
O,14,2,2024-04-26,2024-05-10,0.0,0.126571387052536,0.0,1.3361303806304932
O,14,2,2024-05-03,2024-05-17,0.0,0.20726120471954346,0.0,1.4168201684951782
O,14,2,2024-05-10,2024-05-24,0.0,0.2905804216861725,0.0,1.5001393556594849
O,14,2,2024-05-17,2024-05-31,0.0,0.34011369943618774,0.0,1.5496726036071777
O,14,2,2024-05-24,2024-06-07,0.0,1.130251407623291,0.0,2.339810371398926
O,14,2,2024-05-31,2024-06-14,2.0,0.564903199672699,0.0,1.7744622230529785
O,14,2,2024-06-07,2024-06-21,1.0,0.7038198113441467,0.0,1.9133787155151367
O,14,2,2024-06-14,2024-06-28,0.0,0.8331557512283325,0.0,2.0427145957946777
O,14,2,2024-06-21,2024-07-05,2.0,0.896375298500061,0.0,2.1059341430664062
O,14,2,2024-06-28,2024-07-12,0.0,0.9044827222824097,0.0,2.3395795822143555
O,14,2,2024-07-05,2024-07-19,1.0,1.021526575088501,0.0,2.4566233158111572
O,14,2,2024-07-12,2024-07-26,3.0,1.1001496315002441,0.0,2.5352463722229004
O,14,2,2024-07-19,2024-08-02,13.0,2.952352523803711,1.2168351411819458,4.387449264526367
O,14,2,2024-07-26,2024-08-09,12.0,2.4086201190948486,0.6731027364730835,3.843716859817505
O,14,2,2024-08-02,2024-08-16,6.0,4.024441719055176,2.288924217224121,5.459538459777832
O,14,2,2024-08-09,2024-08-23,1.0,4.656426429748535,2.9209089279174805,6.556276798248291
O,14,2,2024-08-16,2024-08-30,0.0,2.6606972217559814,0.9251798391342163,12.708344459533691
O,14,2,2024-08-23,2024-09-06,2.0,3.247479200363159,1.511961817741394,13.295126914978027
O,14,2,2024-08-30,2024-09-13,2.0,6.493011474609375,4.75749397277832,16.540658950805664
O,14,2,2024-09-06,2024-09-20,2.0,6.066458702087402,2.410032272338867,16.114105224609375
O,14,2,2024-09-13,2024-09-27,0.0,2.4590604305267334,0.0,12.506708145141602
O,14,2,2024-09-20,2024-10-04,0.0,3.025085926055908,0.0,13.072732925415039
O,14,2,2024-09-27,2024-10-11,0.0,2.1675729751586914,0.0,12.21522045135498
O,14,2,2024-10-04,2024-10-18,1.0,0.45375964045524597,0.0,10.5014066696167
O,14,2,2024-10-11,2024-10-25,0.0,0.23745766282081604,0.0,10.285104751586914
O,14,2,2024-10-18,2024-11-01,0.0,0.5096192359924316,0.0,10.557266235351562
O,14,2,2024-10-25,2024-11-08,0.0,0.8060882091522217,0.0,10.85373592376709
O,14,2,2024-11-01,2024-11-15,0.0,0.09418830275535583,0.0,10.141836166381836
O,14,2,2024-11-08,2024-11-22,0.0,0.17711222171783447,0.0,10.224760055541992
O,14,2,2024-11-15,2024-11-29,1.0,0.1113416776061058,0.0,10.158988952636719
O,14,2,2024-11-22,2024-12-06,0.0,0.10333391278982162,0.0,10.150980949401855
O,14,2,2024-11-29,2024-12-13,0.0,0.11088933795690536,0.0,10.158536911010742
O,14,2,2024-12-06,2024-12-20,0.0,0.09730871766805649,0.0,10.144956588745117
O,14,2,2024-12-13,2024-12-27,0.0,0.1350749433040619,0.0,10.182722091674805
O,14,2,2024-12-20,2025-01-03,0.0,0.13542258739471436,0.0,10.183070182800293
O,14,2,2024-12-27,2025-01-10,0.0,0.08673906326293945,0.0,10.13438606262207
O,14,2,2025-01-03,2025-01-17,0.0,0.08016043901443481,0.0,10.1278076171875
O,14,2,2025-01-10,2025-01-24,0.0,0.08296481519937515,0.0,10.13061237335205
O,14,2,2025-01-17,2025-01-31,0.0,0.07307600229978561,0.0,10.120723724365234
O,14,2,2025-01-24,2025-02-07,0.0,0.060630254447460175,0.0,10.108277320861816
O,14,2,2025-01-31,2025-02-14,0.0,0.062293536961078644,0.0,10.109941482543945
O,14,2,2025-02-07,2025-02-21,0.0,0.058544762432575226,0.0,10.106192588806152
O,14,2,2025-02-14,2025-02-28,0.0,0.054398246109485626,0.0,10.102046012878418
O,14,2,2025-02-21,2025-03-07,0.0,0.037304699420928955,0.0,10.084952354431152
O,14,2,2025-02-28,2025-03-14,0.0,0.060590505599975586,0.0,10.108238220214844
O,14,2,2025-03-07,2025-03-21,0.0,0.03871695697307587,0.0,10.08636474609375
O,14,2,2025-03-14,2025-03-28,0.0,0.033811211585998535,0.0,10.081459045410156
O,14,2,2025-03-21,2025-04-04,0.0,0.04353918135166168,0.0,10.0911865234375
O,14,2,2025-03-28,2025-04-11,0.0,0.062426671385765076,0.0,10.110074043273926
O,14,2,2025-04-04,2025-04-18,1.0,0.08351938426494598,0.0,10.131166458129883
O,14,2,2025-04-11,2025-04-25,0.0,0.1015034094452858,0.0,10.149150848388672
O,14,2,2025-04-18,2025-05-02,0.0,0.11281675845384598,0.0,10.1604642868042
O,14,2,2025-04-25,2025-05-09,0.0,0.17860326170921326,0.0,10.226250648498535
O,14,2,2025-05-02,2025-05-16,1.0,0.23093008995056152,0.0,10.27857780456543
O,14,2,2025-05-09,2025-05-23,0.0,0.21777752041816711,0.0,10.265424728393555
O,14,2,2025-05-16,2025-05-30,0.0,0.39462292194366455,0.0,10.442270278930664
O,14,2,2025-05-23,2025-06-06,0.0,0.4781249165534973,0.0,10.525772094726562
O,14,2,2025-05-30,2025-06-13,1.0,0.825780987739563,0.0,10.873428344726562
O,14,2,2025-06-06,2025-06-20,0.0,1.4896399974822998,0.0,11.537287712097168
O,14,2,2025-06-13,2025-06-27,0.0,0.5844815969467163,0.0,10.632128715515137
O,14,2,2025-06-20,2025-07-04,0.0,0.308501660823822,0.0,10.356148719787598
O,14,2,2025-06-27,2025-07-11,0.0,0.48317962884902954,0.0,10.530827522277832
O,14,2,2025-07-04,2025-07-18,1.0,2.677711009979248,0.0,12.725358963012695
O,14,2,2025-07-11,2025-07-25,4.0,3.987881898880005,0.0,14.035529136657715
O,14,2,2025-07-18,2025-08-01,12.0,8.169675827026367,3.676664352416992,18.217323303222656
O,14,2,2025-07-25,2025-08-08,8.0,6.382155418395996,1.889143943786621,16.42980194091797
O,14,2,2025-08-01,2025-08-15,0.0,3.630317211151123,0.0,13.67796516418457
O,14,2,2025-08-08,2025-08-22,1.0,0.9071858525276184,0.0,10.954833030700684
O,14,2,2025-08-15,2025-08-29,0.0,0.6910825967788696,0.0,10.282463073730469
O,14,2,2025-08-22,2025-09-05,,1.275496244430542,0.0,5.105820655822754
O,14,4,2023-02-17,2023-03-17,0.0,0.09750301390886307,0.0,1.6756011247634888
O,14,4,2023-02-24,2023-03-24,0.0,0.10070482641458511,0.0,1.6788028478622437
O,14,4,2023-03-03,2023-03-31,0.0,0.09781522303819656,0.0,1.6759133338928223
O,14,4,2023-03-10,2023-04-07,0.0,0.09590747952461243,0.0,1.6740055084228516
O,14,4,2023-03-17,2023-04-14,0.0,0.10147621482610703,0.0,1.6795742511749268
O,14,4,2023-03-24,2023-04-21,0.0,0.10581932961940765,0.0,1.6839174032211304
O,14,4,2023-03-31,2023-04-28,0.0,0.10806742310523987,0.0,1.686165452003479
O,14,4,2023-04-07,2023-05-05,0.0,0.1118624210357666,0.0,1.6899604797363281
O,14,4,2023-04-14,2023-05-12,0.0,0.12650665640830994,0.0,1.7046047449111938
O,14,4,2023-04-21,2023-05-19,0.0,0.13198673725128174,0.0,1.7100847959518433
O,14,4,2023-04-28,2023-05-26,0.0,0.1840600073337555,0.0,1.7621580362319946
O,14,4,2023-05-05,2023-06-02,1.0,0.4091203808784485,0.0,1.9872183799743652
O,14,4,2023-05-12,2023-06-09,1.0,0.5985012650489807,0.0,2.1765992641448975
O,14,4,2023-05-19,2023-06-16,0.0,0.30450695753097534,0.0,1.8826050758361816
O,14,4,2023-05-26,2023-06-23,0.0,0.5590750575065613,0.0,2.1371731758117676
O,14,4,2023-06-02,2023-06-30,1.0,1.2407217025756836,0.0,2.818819761276245
O,14,4,2023-06-09,2023-07-07,0.0,1.8952043056488037,0.0,3.4733023643493652
O,14,4,2023-06-16,2023-07-14,0.0,2.3317525386810303,0.0,3.909850597381592
O,14,4,2023-06-23,2023-07-21,0.0,3.8993210792541504,0.0,5.477418899536133
O,14,4,2023-06-30,2023-07-28,2.0,2.505232095718384,0.0,4.083330154418945
O,14,4,2023-07-07,2023-08-04,1.0,3.530653476715088,0.0,5.10875129699707
O,14,4,2023-07-14,2023-08-11,4.0,4.337526798248291,0.42575597763061523,5.915624618530273
O,14,4,2023-07-21,2023-08-18,3.0,1.3653517961502075,0.0,2.9434499740600586
O,14,4,2023-07-28,2023-08-25,0.0,3.157175064086914,0.8254225254058838,4.735273361206055
O,14,4,2023-08-04,2023-09-01,0.0,1.8105530738830566,0.0,3.388651132583618
O,14,4,2023-08-11,2023-09-08,2.0,2.262301206588745,0.0,3.593658447265625
O,14,4,2023-08-18,2023-09-15,0.0,3.039391279220581,0.0,4.370748519897461
O,14,4,2023-08-25,2023-09-22,0.0,1.8070597648620605,0.0,3.1384170055389404
O,14,4,2023-09-01,2023-09-29,1.0,1.9688204526901245,0.0,3.603468656539917
O,14,4,2023-09-08,2023-10-06,1.0,3.0143704414367676,0.0,4.64901876449585
O,14,4,2023-09-15,2023-10-13,1.0,4.700212001800537,0.8008909225463867,6.334860324859619
O,14,4,2023-09-22,2023-10-20,0.0,2.8427836894989014,0.0,4.477431774139404
O,14,4,2023-09-29,2023-10-27,1.0,0.8161066174507141,0.0,2.4507548809051514
O,14,4,2023-10-06,2023-11-03,1.0,0.8377249240875244,0.0,2.4723730087280273
O,14,4,2023-10-13,2023-11-10,0.0,1.1148372888565063,0.0,2.749485492706299
O,14,4,2023-10-20,2023-11-17,0.0,0.5090159773826599,0.0,2.1436641216278076
O,14,4,2023-10-27,2023-11-24,0.0,0.34486135840415955,0.0,1.9795095920562744
O,14,4,2023-11-03,2023-12-01,0.0,0.317607581615448,0.0,1.9522557258605957
O,14,4,2023-11-10,2023-12-08,0.0,0.4005308747291565,0.0,2.0351791381835938
O,14,4,2023-11-17,2023-12-15,0.0,0.3332653045654297,0.0,1.9679135084152222
O,14,4,2023-11-24,2023-12-22,0.0,0.20982897281646729,0.0,1.8444771766662598
O,14,4,2023-12-01,2023-12-29,1.0,0.19287866353988647,0.0,1.8275268077850342
O,14,4,2023-12-08,2024-01-05,0.0,0.22010153532028198,0.0,1.8547496795654297
O,14,4,2023-12-15,2024-01-12,0.0,0.2111271619796753,0.0,1.8457753658294678
O,14,4,2023-12-22,2024-01-19,0.0,0.20834937691688538,0.0,1.8429975509643555
O,14,4,2023-12-29,2024-01-26,0.0,0.11505724489688873,0.0,1.74970543384552
O,14,4,2024-01-05,2024-02-02,0.0,0.13724267482757568,0.0,1.7718908786773682
O,14,4,2024-01-12,2024-02-09,0.0,0.17102640867233276,0.0,1.8056745529174805
O,14,4,2024-01-19,2024-02-16,1.0,0.11800134181976318,0.0,1.7526495456695557
O,14,4,2024-01-26,2024-02-23,0.0,0.10056303441524506,0.0,1.7352112531661987
O,14,4,2024-02-02,2024-03-01,0.0,0.1090262159705162,0.0,1.743674397468567
O,14,4,2024-02-09,2024-03-08,0.0,0.10618051141500473,0.0,1.7408287525177002
O,14,4,2024-02-16,2024-03-15,0.0,0.10307180881500244,0.0,1.737720012664795
O,14,4,2024-02-23,2024-03-22,1.0,0.10391335189342499,0.0,1.7385615110397339
O,14,4,2024-03-01,2024-03-29,0.0,0.10235130041837692,0.0,1.73699951171875
O,14,4,2024-03-08,2024-04-05,0.0,0.10647878795862198,0.0,1.7411270141601562
O,14,4,2024-03-15,2024-04-12,0.0,0.10650425404310226,0.0,1.7411524057388306
O,14,4,2024-03-22,2024-04-19,0.0,0.11213439702987671,0.0,1.7467825412750244
O,14,4,2024-03-29,2024-04-26,0.0,0.12216399610042572,0.0,1.7568122148513794
O,14,4,2024-04-05,2024-05-03,0.0,0.15161564946174622,0.0,1.7862638235092163
O,14,4,2024-04-12,2024-05-10,0.0,0.17168471217155457,0.0,1.8063329458236694
O,14,4,2024-04-19,2024-05-17,0.0,0.20539447665214539,0.0,1.8400427103042603
O,14,4,2024-04-26,2024-05-24,0.0,0.39850810170173645,0.0,2.033156394958496
O,14,4,2024-05-03,2024-05-31,0.0,0.6979279518127441,0.0,2.332576274871826
O,14,4,2024-05-10,2024-06-07,0.0,1.8413913249969482,0.0,3.476039409637451
O,14,4,2024-05-17,2024-06-14,2.0,1.0155534744262695,0.0,2.6502017974853516
O,14,4,2024-05-24,2024-06-21,1.0,1.0146135091781616,0.0,2.649261713027954
O,14,4,2024-05-31,2024-06-28,0.0,1.3794150352478027,0.0,3.0140633583068848
O,14,4,2024-06-07,2024-07-05,2.0,2.3838961124420166,0.0,4.0185441970825195
O,14,4,2024-06-14,2024-07-12,0.0,4.850331783294678,0.9510107040405273,6.48498010635376
O,14,4,2024-06-21,2024-07-19,1.0,5.960029602050781,2.060708522796631,7.594677925109863
O,14,4,2024-06-28,2024-07-26,3.0,5.75648307800293,1.8571619987487793,7.391131401062012
O,14,4,2024-07-05,2024-08-02,13.0,4.040040493011475,0.14071941375732422,5.674688816070557
O,14,4,2024-07-12,2024-08-09,12.0,4.150632381439209,0.2513113021850586,5.785280704498291
O,14,4,2024-07-19,2024-08-16,6.0,2.509410858154297,0.0,4.144059181213379
O,14,4,2024-07-26,2024-08-23,1.0,1.6109179258346558,0.0,3.2455661296844482
O,14,4,2024-08-02,2024-08-30,0.0,3.9078729152679443,0.0,5.542520999908447
O,14,4,2024-08-09,2024-09-06,2.0,6.5410919189453125,1.5810623168945312,8.175740242004395
O,14,4,2024-08-16,2024-09-13,2.0,5.523940086364746,0.5639104843139648,14.483899116516113
O,14,4,2024-08-23,2024-09-20,2.0,3.252885341644287,0.0,12.212844848632812
O,14,4,2024-08-30,2024-09-27,0.0,4.301991939544678,0.0,13.261951446533203
O,14,4,2024-09-06,2024-10-04,0.0,8.63547420501709,3.6754446029663086,17.59543228149414
O,14,4,2024-09-13,2024-10-11,0.0,3.719266414642334,0.0,12.67922592163086
O,14,4,2024-09-20,2024-10-18,1.0,1.3603066205978394,0.0,10.320265769958496
O,14,4,2024-09-27,2024-10-25,0.0,1.2057218551635742,0.0,10.165680885314941
O,14,4,2024-10-04,2024-11-01,0.0,0.6759955286979675,0.0,9.635954856872559
O,14,4,2024-10-11,2024-11-08,0.0,0.49206072092056274,0.0,9.452019691467285
O,14,4,2024-10-18,2024-11-15,0.0,0.3918347954750061,0.0,9.351794242858887
O,14,4,2024-10-25,2024-11-22,0.0,0.3034716248512268,0.0,9.26343059539795
O,14,4,2024-11-01,2024-11-29,1.0,0.2216247022151947,0.0,9.181583404541016
O,14,4,2024-11-08,2024-12-06,0.0,0.33449119329452515,0.0,9.294449806213379
O,14,4,2024-11-15,2024-12-13,0.0,0.3387893736362457,0.0,9.298748016357422
O,14,4,2024-11-22,2024-12-20,0.0,0.24230143427848816,0.0,9.20226001739502
O,14,4,2024-11-29,2024-12-27,0.0,0.1601799726486206,0.0,9.120139122009277
O,14,4,2024-12-06,2025-01-03,0.0,0.21506261825561523,0.0,9.17502212524414
O,14,4,2024-12-13,2025-01-10,0.0,0.24181333184242249,0.0,9.201772689819336
O,14,4,2024-12-20,2025-01-17,0.0,0.2189967930316925,0.0,9.178956031799316
O,14,4,2024-12-27,2025-01-24,0.0,0.17390179634094238,0.0,9.13386058807373
O,14,4,2025-01-03,2025-01-31,0.0,0.20363891124725342,0.0,9.16359806060791
O,14,4,2025-01-10,2025-02-07,0.0,0.21335482597351074,0.0,9.173314094543457
O,14,4,2025-01-17,2025-02-14,0.0,0.16501086950302124,0.0,9.124969482421875
O,14,4,2025-01-24,2025-02-21,0.0,0.11995753645896912,0.0,9.079916954040527
O,14,4,2025-01-31,2025-02-28,0.0,0.10364379733800888,0.0,9.063602447509766
O,14,4,2025-02-07,2025-03-07,0.0,0.10838402062654495,0.0,9.068343162536621
O,14,4,2025-02-14,2025-03-14,0.0,0.09807838499546051,0.0,9.058037757873535
O,14,4,2025-02-21,2025-03-21,0.0,0.10231070220470428,0.0,9.062270164489746
O,14,4,2025-02-28,2025-03-28,0.0,0.09865673631429672,0.0,9.058615684509277
O,14,4,2025-03-07,2025-04-04,0.0,0.10198410600423813,0.0,9.061943054199219
O,14,4,2025-03-14,2025-04-11,0.0,0.10297828167676926,0.0,9.06293773651123
O,14,4,2025-03-21,2025-04-18,1.0,0.11787451803684235,0.0,9.07783317565918
O,14,4,2025-03-28,2025-04-25,0.0,0.14551809430122375,0.0,9.105477333068848
O,14,4,2025-04-04,2025-05-02,0.0,0.2939051687717438,0.0,9.253864288330078
O,14,4,2025-04-11,2025-05-09,0.0,0.7197656035423279,0.0,9.67972469329834
O,14,4,2025-04-18,2025-05-16,1.0,0.710792601108551,0.0,9.670751571655273
O,14,4,2025-04-25,2025-05-23,0.0,1.2600833177566528,0.0,10.22004222869873
O,14,4,2025-05-02,2025-05-30,0.0,0.7154573202133179,0.0,9.675415992736816
O,14,4,2025-05-09,2025-06-06,0.0,0.5899419784545898,0.0,9.549901008605957
O,14,4,2025-05-16,2025-06-13,1.0,0.6726726293563843,0.0,9.632631301879883
O,14,4,2025-05-23,2025-06-20,0.0,0.8489093780517578,0.0,9.808868408203125
O,14,4,2025-05-30,2025-06-27,0.0,0.71783846616745,0.0,9.677797317504883
O,14,4,2025-06-06,2025-07-04,0.0,0.6752344965934753,0.0,9.635193824768066
O,14,4,2025-06-13,2025-07-11,0.0,1.8374937772750854,0.0,10.797452926635742
O,14,4,2025-06-20,2025-07-18,1.0,4.367994785308838,0.0,13.327953338623047
O,14,4,2025-06-27,2025-07-25,4.0,5.110568046569824,0.0,14.070527076721191
O,14,4,2025-07-04,2025-08-01,12.0,5.166691303253174,0.0,14.126649856567383
O,14,4,2025-07-11,2025-08-08,8.0,1.5136125087738037,0.0,10.47357177734375
O,14,4,2025-07-18,2025-08-15,0.0,1.238890290260315,0.0,10.19884967803955
O,14,4,2025-07-25,2025-08-22,1.0,0.7781821489334106,0.0,9.738141059875488
O,14,4,2025-08-01,2025-08-29,0.0,1.0998530387878418,0.0,10.059812545776367
O,14,4,2025-08-08,2025-09-05,,1.5125463008880615,0.0,10.472505569458008
O,14,4,2025-08-15,2025-09-12,,2.7381985187530518,0.0,10.587566375732422
O,14,4,2025-08-22,2025-09-19,,3.4930856227874756,0.0,10.326394081115723
O,14,8,2023-02-17,2023-04-14,0.0,0.05097511410713196,0.0,1.7027193307876587
O,14,8,2023-02-24,2023-04-21,0.0,0.051852233707904816,0.0,1.7035964727401733
O,14,8,2023-03-03,2023-04-28,0.0,0.04518361762166023,0.0,1.6969279050827026
O,14,8,2023-03-10,2023-05-05,0.0,0.05194176360964775,0.0,1.703685998916626
O,14,8,2023-03-17,2023-05-12,0.0,0.05223879590630531,0.0,1.7039830684661865
O,14,8,2023-03-24,2023-05-19,0.0,0.011696286499500275,0.0,1.6634405851364136
O,14,8,2023-03-31,2023-05-26,0.0,0.023678448051214218,0.0,1.6754226684570312
O,14,8,2023-04-07,2023-06-02,1.0,0.028751268982887268,0.0,1.6804955005645752
O,14,8,2023-04-14,2023-06-09,1.0,0.14361348748207092,0.0,1.7953577041625977
O,14,8,2023-04-21,2023-06-16,0.0,0.07599882781505585,0.0,1.7277430295944214
O,14,8,2023-04-28,2023-06-23,0.0,0.23206990957260132,0.0,1.8838140964508057
O,14,8,2023-05-05,2023-06-30,1.0,0.5019804835319519,0.0,2.1537246704101562
O,14,8,2023-05-12,2023-07-07,0.0,1.3614728450775146,0.0,3.013216972351074
O,14,8,2023-05-19,2023-07-14,0.0,1.0482696294784546,0.0,2.7000138759613037
O,14,8,2023-05-26,2023-07-21,0.0,0.8592522740364075,0.0,2.5109965801239014
O,14,8,2023-06-02,2023-07-28,2.0,1.7444816827774048,0.0,3.396225929260254
O,14,8,2023-06-09,2023-08-04,1.0,3.599388360977173,1.1748366355895996,5.251132488250732
O,14,8,2023-06-16,2023-08-11,4.0,4.496084213256836,2.0715324878692627,6.147828578948975
O,14,8,2023-06-23,2023-08-18,3.0,2.838728189468384,0.41417646408081055,4.490472316741943
O,14,8,2023-06-30,2023-08-25,0.0,3.138706684112549,0.7141549587249756,4.7904510498046875
O,14,8,2023-07-07,2023-09-01,0.0,1.9681801795959473,0.0,3.619924545288086
O,14,8,2023-07-14,2023-09-08,2.0,1.4992936849594116,0.0,3.1510379314422607
O,14,8,2023-07-21,2023-09-15,0.0,1.374083399772644,0.012610554695129395,3.025827646255493
O,14,8,2023-07-28,2023-09-22,0.0,4.3779449462890625,3.016472101211548,6.029689311981201
O,14,8,2023-08-04,2023-09-29,1.0,6.975503921508789,5.614030838012695,8.62724781036377
O,14,8,2023-08-11,2023-10-06,1.0,5.953087329864502,4.591614723205566,7.604831695556641
O,14,8,2023-08-18,2023-10-13,1.0,3.3888542652130127,0.7894659042358398,5.040598392486572
O,14,8,2023-08-25,2023-10-20,0.0,0.7260845303535461,0.0,2.37782883644104
O,14,8,2023-09-01,2023-10-27,1.0,0.5379828810691833,0.0,2.1897270679473877
O,14,8,2023-09-08,2023-11-03,1.0,0.9657984972000122,0.0,1.9370472431182861
O,14,8,2023-09-15,2023-11-10,0.0,1.0177394151687622,0.0,1.9889881610870361
O,14,8,2023-09-22,2023-11-17,0.0,0.6303738355636597,0.0,1.6016225814819336
O,14,8,2023-09-29,2023-11-24,0.0,0.21606209874153137,0.0,1.187310814857483
O,14,8,2023-10-06,2023-12-01,0.0,0.19765108823776245,0.0,1.1688997745513916
O,14,8,2023-10-13,2023-12-08,0.0,0.3082667589187622,0.0,1.2795155048370361
O,14,8,2023-10-20,2023-12-15,0.0,0.7051761746406555,0.0,1.6764249801635742
O,14,8,2023-10-27,2023-12-22,0.0,0.2635422348976135,0.0,1.2347910404205322
O,14,8,2023-11-03,2023-12-29,1.0,0.30810806155204773,0.0,1.279356837272644
O,14,8,2023-11-10,2024-01-05,0.0,0.44971704483032227,0.0,1.4209657907485962
O,14,8,2023-11-17,2024-01-12,0.0,0.530631959438324,0.0,1.5018806457519531
O,14,8,2023-11-24,2024-01-19,0.0,0.5641924738883972,0.0,1.5354411602020264
O,14,8,2023-12-01,2024-01-26,0.0,0.4492965340614319,0.0,1.4205453395843506
O,14,8,2023-12-08,2024-02-02,0.0,0.3451927602291107,0.0,1.316441535949707
O,14,8,2023-12-15,2024-02-09,0.0,0.44656673073768616,0.0,1.4178154468536377
O,14,8,2023-12-22,2024-02-16,1.0,0.21234366297721863,0.0,1.183592438697815
O,14,8,2023-12-29,2024-02-23,0.0,0.08105039596557617,0.0,1.05229914188385
O,14,8,2024-01-05,2024-03-01,0.0,0.09674203395843506,0.0,1.067990779876709
O,14,8,2024-01-12,2024-03-08,0.0,0.13554248213768005,0.0,1.1067912578582764
O,14,8,2024-01-19,2024-03-15,0.0,0.09022943675518036,0.0,1.0614781379699707
O,14,8,2024-01-26,2024-03-22,1.0,0.05656431242823601,0.0,1.0278130769729614
O,14,8,2024-02-02,2024-03-29,0.0,0.021480504423379898,0.0,0.9927292466163635
O,14,8,2024-02-09,2024-04-05,0.0,0.019181445240974426,0.0,0.9904301762580872
O,14,8,2024-02-16,2024-04-12,0.0,0.0019211284816265106,0.0,0.9731698632240295
O,14,8,2024-02-23,2024-04-19,0.0,0.03142082691192627,0.0,1.0026695728302002
O,14,8,2024-03-01,2024-04-26,0.0,0.07343143224716187,0.0,1.044680118560791
O,14,8,2024-03-08,2024-05-03,0.0,0.10803020000457764,0.0,1.0792789459228516
O,14,8,2024-03-15,2024-05-10,0.0,0.2729967534542084,0.0,1.2442455291748047
O,14,8,2024-03-22,2024-05-17,0.0,0.45284754037857056,0.0,1.4240963459014893
O,14,8,2024-03-29,2024-05-24,0.0,0.9430649280548096,0.0,1.9143136739730835
O,14,8,2024-04-05,2024-05-31,0.0,1.4663922786712646,0.0,2.437641143798828
O,14,8,2024-04-12,2024-06-07,0.0,1.2025327682495117,0.0,2.173781394958496
O,14,8,2024-04-19,2024-06-14,2.0,0.6896902322769165,0.0,1.6609389781951904
O,14,8,2024-04-26,2024-06-21,1.0,1.555882453918457,0.0,2.5271310806274414
O,14,8,2024-05-03,2024-06-28,0.0,1.1100958585739136,0.0,2.0813446044921875
O,14,8,2024-05-10,2024-07-05,2.0,1.5263497829437256,0.0,2.497598648071289
O,14,8,2024-05-17,2024-07-12,0.0,1.9806751012802124,0.0,2.9519238471984863
O,14,8,2024-05-24,2024-07-19,1.0,2.3603432178497314,0.0,3.331592082977295
O,14,8,2024-05-31,2024-07-26,3.0,2.130305767059326,0.0,3.1015543937683105
O,14,8,2024-06-07,2024-08-02,13.0,2.651808023452759,0.0,3.6230568885803223
O,14,8,2024-06-14,2024-08-09,12.0,3.003535270690918,0.0,3.9469709396362305
O,14,8,2024-06-21,2024-08-16,6.0,2.1313118934631348,0.0,3.0747475624084473
O,14,8,2024-06-28,2024-08-23,1.0,2.134946823120117,0.0,3.4452567100524902
O,14,8,2024-07-05,2024-08-30,0.0,2.69327712059021,0.0,4.003586769104004
O,14,8,2024-07-12,2024-09-06,2.0,4.541134834289551,0.0,5.851444721221924
O,14,8,2024-07-19,2024-09-13,2.0,5.485461235046387,0.0,6.79577112197876
O,14,8,2024-07-26,2024-09-20,2.0,5.840158462524414,0.0,7.150468349456787
O,14,8,2024-08-02,2024-09-27,0.0,5.945340156555176,0.0,7.255650043487549
O,14,8,2024-08-09,2024-10-04,0.0,10.195466995239258,4.219963073730469,11.505776405334473
O,14,8,2024-08-16,2024-10-11,0.0,2.7006947994232178,0.0,13.048887252807617
O,14,8,2024-08-23,2024-10-18,1.0,2.2428839206695557,0.0,12.591075897216797
O,14,8,2024-08-30,2024-10-25,0.0,2.896282911300659,0.0,13.244475364685059
O,14,8,2024-09-06,2024-11-01,0.0,3.1485469341278076,0.0,13.496739387512207
O,14,8,2024-09-13,2024-11-08,0.0,3.1622447967529297,0.0,13.51043701171875
O,14,8,2024-09-20,2024-11-15,0.0,0.7733162045478821,0.0,11.121508598327637
O,14,8,2024-09-27,2024-11-22,0.0,0.30964991450309753,0.0,10.657841682434082
O,14,8,2024-10-04,2024-11-29,1.0,0.07525934278964996,0.0,10.42345142364502
O,14,8,2024-10-11,2024-12-06,0.0,0.09693019837141037,0.0,10.445122718811035
O,14,8,2024-10-18,2024-12-13,0.0,0.20427033305168152,0.0,10.552462577819824
O,14,8,2024-10-25,2024-12-20,0.0,0.35713088512420654,0.0,10.705323219299316
O,14,8,2024-11-01,2024-12-27,0.0,0.6600033640861511,0.0,11.008195877075195
O,14,8,2024-11-08,2025-01-03,0.0,0.6404114365577698,0.0,10.988603591918945
O,14,8,2024-11-15,2025-01-10,0.0,0.2477675974369049,0.0,10.595959663391113
O,14,8,2024-11-22,2025-01-17,0.0,0.029819317162036896,0.0,10.378011703491211
O,14,8,2024-11-29,2025-01-24,0.0,0.09174314886331558,0.0,10.439935684204102
O,14,8,2024-12-06,2025-01-31,0.0,0.15296033024787903,0.0,10.501152992248535
O,14,8,2024-12-13,2025-02-07,0.0,0.3399215638637543,0.0,10.688114166259766
O,14,8,2024-12-20,2025-02-14,0.0,0.21109387278556824,0.0,10.559286117553711
O,14,8,2024-12-27,2025-02-21,0.0,0.16185864806175232,0.0,10.510050773620605
O,14,8,2025-01-03,2025-02-28,0.0,0.09731213003396988,0.0,10.445504188537598
O,14,8,2025-01-10,2025-03-07,0.0,0.06834646314382553,0.0,10.41653823852539
O,14,8,2025-01-17,2025-03-14,0.0,0.027893096208572388,0.0,10.37608528137207
O,14,8,2025-01-24,2025-03-21,0.0,0.028994351625442505,0.0,10.37718677520752
O,14,8,2025-01-31,2025-03-28,0.0,0.04193020984530449,0.0,10.390122413635254
O,14,8,2025-02-07,2025-04-04,0.0,0.0453573539853096,0.0,10.393549919128418
O,14,8,2025-02-14,2025-04-11,0.0,0.02102053165435791,0.0,10.369213104248047
O,14,8,2025-02-21,2025-04-18,1.0,0.04990571737289429,0.0,10.39809799194336
O,14,8,2025-02-28,2025-04-25,0.0,0.05437284708023071,0.0,10.402565002441406
O,14,8,2025-03-07,2025-05-02,0.0,0.04112236201763153,0.0,10.389314651489258
O,14,8,2025-03-14,2025-05-09,0.0,0.034850314259529114,0.0,10.383042335510254
O,14,8,2025-03-21,2025-05-16,1.0,0.024555418640375137,0.0,10.372747421264648
O,14,8,2025-03-28,2025-05-23,0.0,0.052685946226119995,0.0,10.400877952575684
O,14,8,2025-04-04,2025-05-30,0.0,0.10069042444229126,0.0,10.448883056640625
O,14,8,2025-04-11,2025-06-06,0.0,0.3201369047164917,0.0,10.668329238891602
O,14,8,2025-04-18,2025-06-13,1.0,0.40819597244262695,0.0,10.756387710571289
O,14,8,2025-04-25,2025-06-20,0.0,0.9781047105789185,0.0,11.32629680633545
O,14,8,2025-05-02,2025-06-27,0.0,0.7821323871612549,0.0,11.130324363708496
O,14,8,2025-05-09,2025-07-04,0.0,0.9702939987182617,0.0,11.318486213684082
O,14,8,2025-05-16,2025-07-11,0.0,2.156099796295166,0.0,12.504291534423828
O,14,8,2025-05-23,2025-07-18,1.0,2.3623011112213135,0.0,12.710493087768555
O,14,8,2025-05-30,2025-07-25,4.0,2.9547832012176514,0.0,13.30297565460205
O,14,8,2025-06-06,2025-08-01,12.0,3.2021586894989014,0.0,13.5503511428833
O,14,8,2025-06-13,2025-08-08,8.0,1.2937384843826294,0.0,11.64193058013916
O,14,8,2025-06-20,2025-08-15,0.0,1.435398817062378,0.0,11.783591270446777
O,14,8,2025-06-27,2025-08-22,1.0,1.1924513578414917,0.0,11.540643692016602
O,14,8,2025-07-04,2025-08-29,0.0,0.984576404094696,0.0,11.332768440246582
O,14,8,2025-07-11,2025-09-05,,0.8720207214355469,0.0,11.220212936401367
O,14,8,2025-07-18,2025-09-12,,1.43244206905365,0.0,11.780633926391602
O,14,8,2025-07-25,2025-09-19,,2.046698570251465,0.0,12.394890785217285
O,14,8,2025-08-01,2025-09-26,,1.2189338207244873,0.0,11.567126274108887
O,14,8,2025-08-08,2025-10-03,,0.5649398565292358,0.0,10.913131713867188
O,14,8,2025-08-15,2025-10-10,,0.3375013470649719,0.0,9.333966255187988
O,14,8,2025-08-22,2025-10-17,,0.6048562526702881,0.0,9.402697563171387
O,14,12,2023-02-17,2023-05-12,0.0,0.10542360693216324,0.0,0.9640278220176697
O,14,12,2023-02-24,2023-05-19,0.0,0.11925458908081055,0.0,0.9778587818145752
O,14,12,2023-03-03,2023-05-26,0.0,0.1312609165906906,0.0,0.9898651242256165
O,14,12,2023-03-10,2023-06-02,1.0,0.16622088849544525,0.0,1.024825096130371
O,14,12,2023-03-17,2023-06-09,1.0,0.20193493366241455,0.0,1.0605391263961792
O,14,12,2023-03-24,2023-06-16,0.0,0.2124132215976715,0.0,1.0710173845291138
O,14,12,2023-03-31,2023-06-23,0.0,0.2721734344959259,0.0,1.1307775974273682
O,14,12,2023-04-07,2023-06-30,1.0,0.23235228657722473,0.0,1.090956449508667
O,14,12,2023-04-14,2023-07-07,0.0,0.7538763880729675,0.0,1.612480640411377
O,14,12,2023-04-21,2023-07-14,0.0,0.7418911457061768,0.0,1.6004953384399414
O,14,12,2023-04-28,2023-07-21,0.0,0.9131821990013123,0.0,1.7717864513397217
O,14,12,2023-05-05,2023-07-28,2.0,1.1292798519134521,0.0,1.9878840446472168
O,14,12,2023-05-12,2023-08-04,1.0,2.733574628829956,0.0,3.5921788215637207
O,14,12,2023-05-19,2023-08-11,4.0,3.049381732940674,0.0,3.9079859256744385
O,14,12,2023-05-26,2023-08-18,3.0,1.895713448524475,0.0,2.6768622398376465
O,14,12,2023-06-02,2023-08-25,0.0,3.924060821533203,0.0,4.705209732055664
O,14,12,2023-06-09,2023-09-01,0.0,2.640078067779541,0.0,3.421226978302002
O,14,12,2023-06-16,2023-09-08,2.0,2.1052193641662598,0.0,2.9389984607696533
O,14,12,2023-06-23,2023-09-15,0.0,1.6936917304992676,0.0,2.527470827102661
O,14,12,2023-06-30,2023-09-22,0.0,2.6545839309692383,0.0,3.488363027572632
O,14,12,2023-07-07,2023-09-29,1.0,2.8611347675323486,0.0,3.694913864135742
O,14,12,2023-07-14,2023-10-06,1.0,2.1362059116363525,0.0,2.969985008239746
O,14,12,2023-07-21,2023-10-13,1.0,0.4117484390735626,0.0,1.2455275058746338
O,14,12,2023-07-28,2023-10-20,0.0,0.781170129776001,0.0,1.6149492263793945
O,14,12,2023-08-04,2023-10-27,1.0,1.418683648109436,0.0,2.252462863922119
O,14,12,2023-08-11,2023-11-03,1.0,1.4545478820800781,0.0,2.325268030166626
O,14,12,2023-08-18,2023-11-10,0.0,1.577315330505371,0.0,2.448035478591919
O,14,12,2023-08-25,2023-11-17,0.0,0.5518999695777893,0.0,1.5025181770324707
O,14,12,2023-09-01,2023-11-24,0.0,0.3375529646873474,0.0,1.4418394565582275
O,14,12,2023-09-08,2023-12-01,0.0,0.3719080090522766,0.0,1.4761946201324463
O,14,12,2023-09-15,2023-12-08,0.0,0.39012467861175537,0.0,1.4944112300872803
O,14,12,2023-09-22,2023-12-15,0.0,0.8092307448387146,0.0,1.9135172367095947
O,14,12,2023-09-29,2023-12-22,0.0,0.3145807087421417,0.0,1.4188672304153442
O,14,12,2023-10-06,2023-12-29,1.0,0.1899939477443695,0.0,1.2942805290222168
O,14,12,2023-10-13,2024-01-05,0.0,0.13112010061740875,0.0,1.2354066371917725
O,14,12,2023-10-20,2024-01-12,0.0,0.20705419778823853,0.0,1.3113408088684082
O,14,12,2023-10-27,2024-01-19,0.0,0.2006930559873581,0.0,1.3049795627593994
O,14,12,2023-11-03,2024-01-26,0.0,0.2496110200881958,0.0,1.3538975715637207
O,14,12,2023-11-10,2024-02-02,0.0,0.16202659904956818,0.0,1.2663131952285767
O,14,12,2023-11-17,2024-02-09,0.0,0.18330812454223633,0.0,1.2875946760177612
O,14,12,2023-11-24,2024-02-16,1.0,0.277789831161499,0.0,1.382076382637024
O,14,12,2023-12-01,2024-02-23,0.0,0.43668580055236816,0.0,1.540972352027893
O,14,12,2023-12-08,2024-03-01,0.0,0.5821178555488586,0.0,1.6864044666290283
O,14,12,2023-12-15,2024-03-08,0.0,0.4868808686733246,0.0,1.5911674499511719
O,14,12,2023-12-22,2024-03-15,0.0,0.39529576897621155,0.0,1.499582290649414
O,14,12,2023-12-29,2024-03-22,1.0,0.37821727991104126,0.0,1.482503890991211
O,14,12,2024-01-05,2024-03-29,0.0,0.17985108494758606,0.0,1.2841376066207886
O,14,12,2024-01-12,2024-04-05,0.0,0.1357407122850418,0.0,1.2400273084640503
O,14,12,2024-01-19,2024-04-12,0.0,0.11863315105438232,0.0,1.2229197025299072
O,14,12,2024-01-26,2024-04-19,0.0,0.13641251623630524,0.0,1.240699052810669
O,14,12,2024-02-02,2024-04-26,0.0,0.1367458701133728,0.0,1.241032361984253
O,14,12,2024-02-09,2024-05-03,0.0,0.14454063773155212,0.0,1.2488272190093994
O,14,12,2024-02-16,2024-05-10,0.0,0.11681947112083435,0.0,1.2211060523986816
O,14,12,2024-02-23,2024-05-17,0.0,0.16263499855995178,0.0,1.2669215202331543
O,14,12,2024-03-01,2024-05-24,0.0,0.21173569560050964,0.0,1.316022276878357
O,14,12,2024-03-08,2024-05-31,0.0,0.3750362694263458,0.0,1.4793227910995483
O,14,12,2024-03-15,2024-06-07,0.0,0.7315452098846436,0.0,1.8358317613601685
O,14,12,2024-03-22,2024-06-14,2.0,0.9070906043052673,0.0,2.0113770961761475
O,14,12,2024-03-29,2024-06-21,1.0,1.4725066423416138,0.0,2.5767931938171387
O,14,12,2024-04-05,2024-06-28,0.0,1.1228290796279907,0.0,2.2271156311035156
O,14,12,2024-04-12,2024-07-05,2.0,1.5869777202606201,0.0,2.6912641525268555
O,14,12,2024-04-19,2024-07-12,0.0,0.8993382453918457,0.0,2.00362491607666
O,14,12,2024-04-26,2024-07-19,1.0,1.5863051414489746,0.0,2.690591812133789
O,14,12,2024-05-03,2024-07-26,3.0,1.300591230392456,0.0,2.4048776626586914
O,14,12,2024-05-10,2024-08-02,13.0,1.889030933380127,0.0,2.9933176040649414
O,14,12,2024-05-17,2024-08-09,12.0,2.9782145023345947,0.0,4.08250093460083
O,14,12,2024-05-24,2024-08-16,6.0,3.3554651737213135,0.0,4.459751605987549
O,14,12,2024-05-31,2024-08-23,1.0,3.02182936668396,0.0,4.126115798950195
O,14,12,2024-06-07,2024-08-30,0.0,4.254190921783447,0.33013010025024414,5.358477592468262
O,14,12,2024-06-14,2024-09-06,2.0,6.6929850578308105,2.7689242362976074,7.797271728515625
O,14,12,2024-06-21,2024-09-13,2.0,6.336983680725098,2.4129228591918945,7.441270351409912
O,14,12,2024-06-28,2024-09-20,2.0,4.514209747314453,0.59014892578125,5.618496417999268
O,14,12,2024-07-05,2024-09-27,0.0,3.483696699142456,0.0,4.587983131408691
O,14,12,2024-07-12,2024-10-04,0.0,3.228680372238159,0.0,4.3329668045043945
O,14,12,2024-07-19,2024-10-11,0.0,2.0108890533447266,0.0,3.115175724029541
O,14,12,2024-07-26,2024-10-18,1.0,1.6303147077560425,0.0,2.7346012592315674
O,14,12,2024-08-02,2024-10-25,0.0,1.4830245971679688,0.0,2.587311267852783
O,14,12,2024-08-09,2024-11-01,0.0,3.132721185684204,0.0,4.832129955291748
O,14,12,2024-08-16,2024-11-08,0.0,4.173232078552246,0.24917125701904297,15.284201622009277
O,14,12,2024-08-23,2024-11-15,0.0,1.8422006368637085,0.0,12.953169822692871
O,14,12,2024-08-30,2024-11-22,0.0,0.9797784686088562,0.0,12.090747833251953
O,14,12,2024-09-06,2024-11-29,1.0,1.1105540990829468,0.0,12.22152328491211
O,14,12,2024-09-13,2024-12-06,0.0,0.9926682114601135,0.0,12.1036376953125
O,14,12,2024-09-20,2024-12-13,0.0,0.6623693108558655,0.0,11.77333927154541
O,14,12,2024-09-27,2024-12-20,0.0,0.7104410529136658,0.0,11.821410179138184
O,14,12,2024-10-04,2024-12-27,0.0,0.3861386477947235,0.0,11.497108459472656
O,14,12,2024-10-11,2025-01-03,0.0,0.0647241622209549,0.0,11.17569351196289
O,14,12,2024-10-18,2025-01-10,0.0,0.07870607823133469,0.0,11.189675331115723
O,14,12,2024-10-25,2025-01-17,0.0,0.10094710439443588,0.0,11.21191692352295
O,14,12,2024-11-01,2025-01-24,0.0,0.1979541778564453,0.0,11.308923721313477
O,14,12,2024-11-08,2025-01-31,0.0,0.21829214692115784,0.0,11.329261779785156
O,14,12,2024-11-15,2025-02-07,0.0,0.1909126341342926,0.0,11.301881790161133
O,14,12,2024-11-22,2025-02-14,0.0,0.06075264513492584,0.0,11.171722412109375
O,14,12,2024-11-29,2025-02-21,0.0,0.0829131156206131,0.0,11.193882942199707
O,14,12,2024-12-06,2025-02-28,0.0,0.09652688354253769,0.0,11.207496643066406
O,14,12,2024-12-13,2025-03-07,0.0,0.18197476863861084,0.0,11.292943954467773
O,14,12,2024-12-20,2025-03-14,0.0,0.12114943563938141,0.0,11.232118606567383
O,14,12,2024-12-27,2025-03-21,0.0,0.1261686086654663,0.0,11.237137794494629
O,14,12,2025-01-03,2025-03-28,0.0,0.1142490804195404,0.0,11.225218772888184
O,14,12,2025-01-10,2025-04-04,0.0,0.1146308183670044,0.0,11.225600242614746
O,14,12,2025-01-17,2025-04-11,0.0,0.07448303699493408,0.0,11.185452461242676
O,14,12,2025-01-24,2025-04-18,1.0,0.07714807987213135,0.0,11.188117980957031
O,14,12,2025-01-31,2025-04-25,0.0,0.0721719041466713,0.0,11.183141708374023
O,14,12,2025-02-07,2025-05-02,0.0,0.07437165081501007,0.0,11.185340881347656
O,14,12,2025-02-14,2025-05-09,0.0,0.08977928757667542,0.0,11.200748443603516
O,14,12,2025-02-21,2025-05-16,1.0,0.08368478715419769,0.0,11.19465446472168
O,14,12,2025-02-28,2025-05-23,0.0,0.11600176244974136,0.0,11.226971626281738
O,14,12,2025-03-07,2025-05-30,0.0,0.13542857766151428,0.0,11.246397972106934
O,14,12,2025-03-14,2025-06-06,0.0,0.14125660061836243,0.0,11.252225875854492
O,14,12,2025-03-21,2025-06-13,1.0,0.1792895495891571,0.0,11.29025936126709
O,14,12,2025-03-28,2025-06-20,0.0,0.3719936013221741,0.0,11.482963562011719
O,14,12,2025-04-04,2025-06-27,0.0,0.9511055946350098,0.0,12.062074661254883
O,14,12,2025-04-11,2025-07-04,0.0,0.9350061416625977,0.0,12.045975685119629
O,14,12,2025-04-18,2025-07-11,0.0,0.949181079864502,0.0,12.060150146484375
O,14,12,2025-04-25,2025-07-18,1.0,1.556158423423767,0.0,12.66712760925293
O,14,12,2025-05-02,2025-07-25,4.0,2.6030759811401367,0.0,13.714045524597168
O,14,12,2025-05-09,2025-08-01,12.0,2.328494071960449,0.0,13.43946361541748
O,14,12,2025-05-16,2025-08-08,8.0,3.218858480453491,0.0,14.329828262329102
O,14,12,2025-05-23,2025-08-15,0.0,3.807023286819458,0.0,14.91799259185791
O,14,12,2025-05-30,2025-08-22,1.0,3.567147731781006,0.0,14.678117752075195
O,14,12,2025-06-06,2025-08-29,0.0,3.0492608547210693,0.0,14.16023063659668
O,14,12,2025-06-13,2025-09-05,,4.053175449371338,0.0,15.164144515991211
O,14,12,2025-06-20,2025-09-12,,6.607990264892578,1.9150052070617676,17.71895980834961
O,14,12,2025-06-27,2025-09-19,,5.878205299377441,1.1852202415466309,16.989173889160156
O,14,12,2025-07-04,2025-09-26,,0.7685750126838684,0.0,11.879544258117676
O,14,12,2025-07-11,2025-10-03,,0.557436466217041,0.0,11.668405532836914
O,14,12,2025-07-18,2025-10-10,,0.4032909572124481,0.0,11.514260292053223
O,14,12,2025-07-25,2025-10-17,,0.4749683439731598,0.0,11.5859375
O,14,12,2025-08-01,2025-10-24,,0.8107889890670776,0.0,11.921758651733398
O,14,12,2025-08-08,2025-10-31,,0.5995815992355347,0.0,11.710551261901855
O,14,12,2025-08-15,2025-11-07,,0.9124925136566162,0.0,10.583998680114746
O,14,12,2025-08-22,2025-11-14,,0.7178571224212646,0.0,10.389363288879395
